0.500677
2000
3.04789e+06
      753571000
8.39596e-05 0.0331659 0.00262197 6 1.67857e-08
8.43283e-05 0 0 0 1.70079e-08
8.46986e-05 0 0 0 1.72329e-08
8.50706e-05 0 0 0 1.7461e-08
8.54442e-05 0 0 0 1.7692e-08
8.58194e-05 0 0 0 1.79261e-08
8.61963e-05 0 0 0 1.81633e-08
8.65749e-05 0 0 0 1.84037e-08
8.69551e-05 0 0 0 1.86472e-08
8.73369e-05 0 0 0 1.8894e-08
8.77205e-05 0 0 0 1.9144e-08
8.81057e-05 0 0 0 1.93973e-08
8.84927e-05 0 0 0 1.9654e-08
8.88813e-05 0 0 0 1.99141e-08
8.92716e-05 0 0 0 2.01776e-08
8.96637e-05 0 0 0 2.04446e-08
9.00574e-05 0 0 0 2.07152e-08
9.04529e-05 0 0 0 2.09893e-08
9.08502e-05 0 0 0 2.1267e-08
9.12492e-05 0 0 0 2.15485e-08
9.16499e-05 0 0 0 2.18336e-08
9.20524e-05 0 0 0 2.21225e-08
9.24566e-05 0 0 0 2.24153e-08
9.28627e-05 0 0 0 2.27119e-08
9.32705e-05 0 0 0 2.30124e-08
9.36801e-05 0 0 0 2.3317e-08
9.40915e-05 0 0 0 2.36255e-08
9.45047e-05 0 0 0 2.39382e-08
9.49198e-05 0 0 0 2.42549e-08
9.53366e-05 0 0 0 2.45759e-08
9.57553e-05 0 0 0 2.49011e-08
9.61758e-05 0 0 0 2.52306e-08
9.65982e-05 0 0 0 2.55645e-08
9.70224e-05 0 0 0 2.59028e-08
9.74485e-05 0 0 0 2.62455e-08
9.78765e-05 0 0 0 2.65928e-08
9.83063e-05 0 0 0 2.69447e-08
9.8738e-05 0 0 0 2.73013e-08
9.91717e-05 0 0 0 2.76626e-08
9.96072e-05 0 0 0 2.80286e-08
0.000100045 0 0 0 2.83995e-08
0.000100484 0 0 0 2.87753e-08
0.000100925 0 0 0 2.91561e-08
0.000101368 0 0 0 2.95419e-08
0.000101814 0 0 0 2.99329e-08
0.000102261 0 0 0 3.0329e-08
0.00010271 0 0 0 3.07303e-08
0.000103161 0 0 0 3.11369e-08
0.000103614 0 0 0 3.1549e-08
0.000104069 0 0 0 3.19665e-08
0.000104526 0 0 0 3.23895e-08
0.000104985 0 0 0 3.28181e-08
0.000105446 0 0 0 3.32524e-08
0.000105909 0 0 0 3.36924e-08
0.000106374 0 0 0 3.41382e-08
0.000106842 0 0 0 3.459e-08
0.000107311 0 0 0 3.50477e-08
0.000107782 0 0 0 3.55115e-08
0.000108255 0 0 0 3.59814e-08
0.000108731 0 0 0 3.64575e-08
0.000109208 0 0 0 3.694e-08
0.000109688 0 0 0 3.74288e-08
0.00011017 0 0 0 3.79241e-08
0.000110653 0 0 0 3.84259e-08
0.000111139 0 0 0 3.89344e-08
0.000111627 0 0 0 3.94496e-08
0.000112118 0 0 0 3.99717e-08
0.00011261 0 0 0 4.05006e-08
0.000113105 0 0 0 4.10365e-08
0.000113601 0 0 0 4.15796e-08
0.0001141 0 0 0 4.21298e-08
0.000114601 0 0 0 4.26873e-08
0.000115105 0 0 0 4.32522e-08
0.00011561 0 0 0 4.38245e-08
0.000116118 0 0 0 4.44044e-08
0.000116628 0 0 0 4.4992e-08
0.00011714 0 0 0 4.55874e-08
0.000117654 0 0 0 4.61907e-08
0.000118171 0 0 0 4.68019e-08
0.00011869 0.120421 0.00336982 12 4.74212e-08
0.000119211 0 0 0 4.80487e-08
0.000119735 0 0 0 4.86846e-08
0.000120261 0 0 0 4.93288e-08
0.000120789 0 0 0 4.99816e-08
0.000121319 0 0 0 5.0643e-08
0.000121852 0 0 0 5.13131e-08
0.000122387 0 0 0 5.19921e-08
0.000122925 0 0 0 5.26801e-08
0.000123464 0 0 0 5.33772e-08
0.000124007 0 0 0 5.40836e-08
0.000124551 0 0 0 5.47993e-08
0.000125098 0 0 0 5.55244e-08
0.000125648 0 0 0 5.62591e-08
0.000126199 0 0 0 5.70036e-08
0.000126754 0 0 0 5.77579e-08
0.00012731 0 0 0 5.85222e-08
0.000127869 0 0 0 5.92967e-08
0.000128431 0 0 0 6.00813e-08
0.000128995 0 0 0 6.08764e-08
0.000129562 0 0 0 6.16819e-08
0.000130131 0 0 0 6.24982e-08
0.000130702 0 0 0 6.33252e-08
0.000131276 0 0 0 6.41632e-08
0.000131853 0 0 0 6.50122e-08
0.000132432 0 0 0 6.58725e-08
0.000133013 0 0 0 6.67442e-08
0.000133597 0 0 0 6.76274e-08
0.000134184 0 0 0 6.85223e-08
0.000134773 0 0 0 6.94291e-08
0.000135365 0 0 0 7.03478e-08
0.00013596 0 0 0 7.12787e-08
0.000136557 0 0 0 7.2222e-08
0.000137156 0 0 0 7.31777e-08
0.000137759 0 0 0 7.4146e-08
0.000138364 0 0 0 7.51272e-08
0.000138971 0 0 0 7.61213e-08
0.000139582 0 0 0 7.71286e-08
0.000140195 0 0 0 7.81493e-08
0.00014081 0 0 0 7.91834e-08
0.000141429 0 0 0 8.02312e-08
0.00014205 0 0 0 8.12929e-08
0.000142674 0 0 0 8.23687e-08
0.0001433 0 0 0 8.34586e-08
0.00014393 0 0 0 8.4563e-08
0.000144562 0 0 0 8.5682e-08
0.000145197 0.468159 0.007156 8 8.68159e-08
0.000145834 0 0 0 8.79647e-08
0.000146475 0 0 0 8.91287e-08
0.000147118 0 0 0 9.03081e-08
0.000147764 0 0 0 9.15032e-08
0.000148413 0 0 0 9.2714e-08
0.000149065 0 0 0 9.39409e-08
0.000149719 0 0 0 9.5184e-08
0.000150377 0 0 0 9.64436e-08
0.000151037 0 0 0 9.77198e-08
0.000151701 0 0 0 9.90129e-08
0.000152367 0 0 0 1.00323e-07
0.000153036 0 0 0 1.01651e-07
0.000153708 0 0 0 1.02996e-07
0.000154383 0 0 0 1.04359e-07
0.000155061 0 0 0 1.0574e-07
0.000155742 0 0 0 1.07139e-07
0.000156426 0 0 0 1.08557e-07
0.000157113 0 0 0 1.09993e-07
0.000157803 0 0 0 1.11449e-07
0.000158496 0 0 0 1.12924e-07
0.000159192 0 0 0 1.14418e-07
0.000159891 0 0 0 1.15932e-07
0.000160593 0 0 0 1.17466e-07
0.000161299 0 0 0 1.1902e-07
0.000162007 0 0 0 1.20595e-07
0.000162718 0 0 0 1.22191e-07
0.000163433 0 0 0 1.23808e-07
0.000164151 0 0 0 1.25447e-07
0.000164872 0 0 0 1.27107e-07
0.000165596 0 0 0 1.28789e-07
0.000166323 0 0 0 1.30493e-07
0.000167053 0 0 0 1.3222e-07
0.000167787 0.0179649 0.000177949 6 1.33969e-07
0.000168524 0 0 0 1.35742e-07
0.000169264 0 0 0 1.37538e-07
0.000170007 0 0 0 1.39358e-07
0.000170754 0 0 0 1.41202e-07
0.000171504 0 0 0 1.43071e-07
0.000172257 0 0 0 1.44964e-07
0.000173014 0 0 0 1.46882e-07
0.000173773 0 0 0 1.48826e-07
0.000174536 0 0 0 1.50796e-07
0.000175303 0 0 0 1.52791e-07
0.000176073 0 0 0 1.54813e-07
0.000176846 0 0 0 1.56861e-07
0.000177623 0 0 0 1.58937e-07
0.000178403 0 0 0 1.6104e-07
0.000179186 0 0 0 1.63171e-07
0.000179973 0 0 0 1.65331e-07
0.000180764 0 0 0 1.67518e-07
0.000181557 0 0 0 1.69735e-07
0.000182355 0 0 0 1.71981e-07
0.000183156 0 0 0 1.74257e-07
0.00018396 0 0 0 1.76563e-07
0.000184768 0 0 0 1.78899e-07
0.000185579 0 0 0 1.81267e-07
0.000186394 0 0 0 1.83665e-07
0.000187213 0.287725 0.00205171 24 1.86096e-07
0.000188035 0 0 0 1.88558e-07
0.000188861 0 0 0 1.91054e-07
0.00018969 0 0 0 1.93582e-07
0.000190523 0 0 0 1.96143e-07
0.00019136 0 0 0 1.98739e-07
0.0001922 0 0 0 2.01369e-07
0.000193044 0 0 0 2.04034e-07
0.000193892 0 0 0 2.06734e-07
0.000194744 0 0 0 2.09469e-07
0.000195599 0 0 0 2.12241e-07
0.000196458 0 0 0 2.1505e-07
0.000197321 0 0 0 2.17895e-07
0.000198187 0 0 0 2.20779e-07
0.000199058 0 0 0 2.237e-07
0.000199932 0 0 0 2.2666e-07
0.00020081 0 0 0 2.2966e-07
0.000201692 0 0 0 2.32699e-07
0.000202578 0 0 0 2.35778e-07
0.000203467 0 0 0 2.38898e-07
0.000204361 0 0 0 2.42059e-07
0.000205258 0.372658 0.0020163 24 2.45263e-07
0.00020616 0 0 0 2.48508e-07
0.000207065 0 0 0 2.51797e-07
0.000207974 0 0 0 2.55129e-07
0.000208888 0 0 0 2.58505e-07
0.000209805 0 0 0 2.61925e-07
0.000210726 0 0 0 2.65392e-07
0.000211652 0 0 0 2.68903e-07
0.000212581 0 0 0 2.72462e-07
0.000213515 0 0 0 2.76067e-07
0.000214453 0 0 0 2.7972e-07
0.000215394 0 0 0 2.83422e-07
0.00021634 0 0 0 2.87172e-07
0.00021729 0 0 0 2.90972e-07
0.000218245 0 0 0 2.94823e-07
0.000219203 0 0 0 2.98724e-07
0.000220166 0 0 0 3.02677e-07
0.000221133 0 0 0 3.06682e-07
0.000222104 0 0 0 3.10741e-07
0.000223079 0 0 0 3.14853e-07
0.000224059 0 0 0 3.19019e-07
0.000225043 0 0 0 3.23241e-07
0.000226031 0 0 0 3.27518e-07
0.000227024 0 0 0 3.31852e-07
0.000228021 0 0 0 3.36243e-07
0.000229022 0 0 0 3.40693e-07
0.000230028 0 0 0 3.45201e-07
0.000231038 0 0 0 3.49769e-07
0.000232053 0 0 0 3.54398e-07
0.000233072 0 0 0 3.59087e-07
0.000234096 0 0 0 3.63839e-07
0.000235124 0 0 0 3.68654e-07
0.000236156 0 0 0 3.73532e-07
0.000237193 0.428896 0.0015038 12 3.78475e-07
0.000238235 0 0 0 3.83483e-07
0.000239281 0 0 0 3.88558e-07
0.000240332 0 0 0 3.937e-07
0.000241388 0 0 0 3.9891e-07
0.000242448 0 0 0 4.04188e-07
0.000243512 0 0 0 4.09537e-07
0.000244582 0 0 0 4.14956e-07
0.000245656 0 0 0 4.20447e-07
0.000246735 0 0 0 4.26011e-07
0.000247818 0 0 0 4.31648e-07
0.000248907 0 0 0 4.3736e-07
0.00025 0 0 0 4.43148e-07
0.000251098 0.49735 0.00146987 30 4.49012e-07
0.0002522 0 0 0 4.54954e-07
0.000253308 0 0 0 4.60974e-07
0.00025442 0 0 0 4.67074e-07
0.000255538 0 0 0 4.73255e-07
0.00025666 0 0 0 4.79517e-07
0.000257787 0 0 0 4.85863e-07
0.000258919 0 0 0 4.92292e-07
0.000260056 0 0 0 4.98806e-07
0.000261198 0 0 0 5.05407e-07
0.000262345 0 0 0 5.12095e-07
0.000263498 0 0 0 5.18871e-07
0.000264655 0.31071 0.000784262 24 5.25738e-07
0.000265817 0 0 0 5.32695e-07
0.000266984 0 0 0 5.39744e-07
0.000268157 0 0 0 5.46886e-07
0.000269335 0 0 0 5.54123e-07
0.000270517 0 0 0 5.61456e-07
0.000271705 0 0 0 5.68885e-07
0.000272899 0 0 0 5.76413e-07
0.000274097 0 0 0 5.84041e-07
0.000275301 0 0 0 5.91769e-07
0.00027651 0 0 0 5.996e-07
0.000277724 0.370101 0.000808397 24 6.07535e-07
0.000278944 0 0 0 6.15574e-07
0.000280169 0 0 0 6.2372e-07
0.000281399 0 0 0 6.31973e-07
0.000282635 0 0 0 6.40336e-07
0.000283876 0 0 0 6.4881e-07
0.000285123 0 0 0 6.57395e-07
0.000286375 0 0 0 6.66095e-07
0.000287633 0 0 0 6.74909e-07
0.000288896 0 0 0 6.8384e-07
0.000290165 0.456184 0.000873679 8 6.92889e-07
0.000291439 0 0 0 7.02058e-07
0.000292719 0 0 0 7.11348e-07
0.000294004 0 0 0 7.20761e-07
0.000295296 0 0 0 7.30299e-07
0.000296592 0 0 0 7.39963e-07
0.000297895 0 0 0 7.49755e-07
0.000299203 0 0 0 7.59676e-07
0.000300517 0 0 0 7.69729e-07
0.000301837 0.522142 0.000888417 24 7.79915e-07
0.000303163 0 0 0 7.90235e-07
0.000304494 0 0 0 8.00692e-07
0.000305831 0 0 0 8.11288e-07
0.000307174 0 0 0 8.22023e-07
0.000308523 0 0 0 8.32901e-07
0.000309878 0 0 0 8.43923e-07
0.000311239 0 0 0 8.5509e-07
0.000312606 0 0 0 8.66406e-07
0.000313979 0.682645 0.00103191 48 8.77871e-07
0.000315358 0 0 0 8.89488e-07
0.000316743 0 0 0 9.01258e-07
0.000318134 0 0 0 9.13184e-07
0.000319531 0 0 0 9.25268e-07
0.000320934 0 0 0 9.37512e-07
0.000322343 0 0 0 9.49918e-07
0.000323759 0 0 0 9.62488e-07
0.000325181 0 0 0 9.75225e-07
0.000326609 0 0 0 9.8813e-07
0.000328043 0 0 0 1.00121e-06
0.000329484 0 0 0 1.01445e-06
0.000330931 0 0 0 1.02788e-06
0.000332384 0 0 0 1.04148e-06
0.000333844 0 0 0 1.05526e-06
0.00033531 0.305326 0.00037894 6 1.06923e-06
0.000336783 0 0 0 1.08338e-06
0.000338262 0 0 0 1.09771e-06
0.000339747 0 0 0 1.11224e-06
0.000341239 0 0 0 1.12696e-06
0.000342738 0 0 0 1.14187e-06
0.000344243 0 0 0 1.15698e-06
0.000345755 0.530969 0.00060105 48 1.17229e-06
0.000347273 0 0 0 1.1878e-06
0.000348798 0 0 0 1.20352e-06
0.00035033 0 0 0 1.21945e-06
0.000351869 0 0 0 1.23558e-06
0.000353414 0 0 0 1.25193e-06
0.000354966 0.724129 0.000757533 36 1.2685e-06
0.000356525 0 0 0 1.28528e-06
0.000358091 0 0 0 1.30229e-06
0.000359663 0 0 0 1.31953e-06
0.000361243 0 0 0 1.33699e-06
0.000362829 0 0 0 1.35468e-06
0.000364423 0.588557 0.000569009 24 1.37261e-06
0.000366023 0 0 0 1.39077e-06
0.00036763 0 0 0 1.40917e-06
0.000369245 0 0 0 1.42782e-06
0.000370867 0 0 0 1.44671e-06
0.000372495 0 0 0 1.46586e-06
0.000374131 0.810154 0.00072384 24 1.48526e-06
0.000375774 0 0 0 1.50491e-06
0.000377424 0 0 0 1.52482e-06
0.000379082 0 0 0 1.545e-06
0.000380747 0 0 0 1.56545e-06
0.000382419 0 0 0 1.58616e-06
0.000384098 1.1948 0.000986537 48 1.60715e-06
0.000385785 0 0 0 1.62842e-06
0.000387479 0 0 0 1.64997e-06
0.000389181 0 0 0 1.6718e-06
0.00039089 0 0 0 1.69392e-06
0.000392607 1.05336 0.000814419 24 1.71634e-06
0.000394331 0 0 0 1.73905e-06
0.000396063 0 0 0 1.76206e-06
0.000397802 0 0 0 1.78538e-06
0.000399549 0 0 0 1.80901e-06
0.000401304 0 0 0 1.83295e-06
0.000403066 0 0 0 1.8572e-06
0.000404836 0 0 0 1.88178e-06
0.000406614 0 0 0 1.90668e-06
0.0004084 0 0 0 1.93191e-06
0.000410193 1.11125 0.000753341 24 1.95747e-06
0.000411995 0 0 0 1.98338e-06
0.000413804 0 0 0 2.00962e-06
0.000415621 0 0 0 2.03622e-06
0.000417447 0 0 0 2.06316e-06
0.00041928 1.01443 0.000643957 30 2.09046e-06
0.000421121 0 0 0 2.11813e-06
0.000422971 0 0 0 2.14615e-06
0.000424828 0 0 0 2.17455e-06
0.000426694 0.987879 0.000594977 72 2.20333e-06
0.000428568 0 0 0 2.23249e-06
0.00043045 0 0 0 2.26203e-06
0.00043234 0 0 0 2.29196e-06
0.000434239 0 0 0 2.32229e-06
0.000436146 1.11547 0.000629086 32 2.35302e-06
0.000438061 0 0 0 2.38416e-06
0.000439985 0 0 0 2.41571e-06
0.000441918 0 0 0 2.44767e-06
0.000443858 0 0 0 2.48006e-06
0.000445808 0 0 0 2.51288e-06
0.000447765 0 0 0 2.54614e-06
0.000449732 0 0 0 2.57983e-06
0.000451707 0.841113 0.000427002 72 2.61397e-06
0.000453691 0 0 0 2.64856e-06
0.000455683 0 0 0 2.6836e-06
0.000457684 0 0 0 2.71912e-06
0.000459694 0.957396 0.000461137 48 2.7551e-06
0.000461713 0 0 0 2.79156e-06
0.000463741 0 0 0 2.8285e-06
0.000465777 0 0 0 2.86593e-06
0.000467823 0 0 0 2.90385e-06
0.000469877 0 0 0 2.94228e-06
0.000471941 0 0 0 2.98121e-06
0.000474013 0.806563 0.000354333 12 3.02066e-06
0.000476095 0 0 0 3.06063e-06
0.000478186 0 0 0 3.10113e-06
0.000480286 0.926337 0.000391215 48 3.14217e-06
0.000482395 0 0 0 3.18375e-06
0.000484514 0 0 0 3.22588e-06
0.000486642 0 0 0 3.26857e-06
0.000488779 1.05028 0.000420838 48 3.31182e-06
0.000490925 0 0 0 3.35565e-06
0.000493081 0 0 0 3.40005e-06
0.000495247 0.742689 0.00028608 48 3.44504e-06
0.000497422 0 0 0 3.49063e-06
0.000499606 0 0 0 3.53682e-06
0.0005018 0.924545 0.000342359 30 3.58362e-06
0.000504004 0 0 0 3.63105e-06
0.000506217 0 0 0 3.6791e-06
0.00050844 0 0 0 3.72778e-06
0.000510673 0.638587 0.000224355 24 3.77711e-06
0.000512916 0 0 0 3.82709e-06
0.000515169 0 0 0 3.87773e-06
0.000517431 1.17781 0.000397799 72 3.92905e-06
0.000519703 0 0 0 3.98104e-06
0.000521986 0 0 0 4.03372e-06
0.000524278 0 0 0 4.0871e-06
0.000526581 0 0 0 4.14118e-06
0.000528893 1.2069 0.000381692 24 4.19598e-06
0.000531216 0 0 0 4.25151e-06
0.000533549 0 0 0 4.30777e-06
0.000535892 1.45514 0.000442403 96 4.36477e-06
0.000538245 0 0 0 4.42253e-06
0.000540609 0 0 0 4.48105e-06
0.000542983 1.29445 0.00037833 48 4.54035e-06
0.000545368 0 0 0 4.60043e-06
0.000547763 0 0 0 4.66131e-06
0.000550169 0.926753 0.000260389 24 4.72299e-06
0.000552585 0 0 0 4.78549e-06
0.000555011 1.37924 0.000377467 24 4.84882e-06
0.000557449 0 0 0 4.91298e-06
0.000559897 0 0 0 4.97799e-06
0.000562356 1.48358 0.000390322 72 5.04387e-06
0.000564825 0 0 0 5.11061e-06
0.000567306 1.05923 0.000271446 48 5.17824e-06
0.000569797 0 0 0 5.24676e-06
0.0005723 0 0 0 5.31619e-06
0.000574813 0 0 0 5.38654e-06
0.000577337 0 0 0 5.45782e-06
0.000579873 1.28048 0.000307269 8 5.53004e-06
0.00058242 0 0 0 5.60322e-06
0.000584977 0 0 0 5.67737e-06
0.000587546 1.8759 0.000432743 54 5.75249e-06
0.000590127 0 0 0 5.82862e-06
0.000592718 1.8233 0.000409693 84 5.90575e-06
0.000595321 0 0 0 5.9839e-06
0.000597936 1.52134 0.000332974 48 6.06308e-06
0.000600562 0 0 0 6.14331e-06
0.000603199 1.35604 0.000289093 24 6.22461e-06
0.000605848 0 0 0 6.30697e-06
0.000608509 0 0 0 6.39043e-06
0.000611181 1.58655 0.000325155 72 6.475e-06
0.000613865 0 0 0 6.56068e-06
0.000616561 1.62701 0.000324794 96 6.6475e-06
0.000619269 0 0 0 6.73546e-06
0.000621988 0 0 0 6.82459e-06
0.00062472 0 0 0 6.9149e-06
0.000627463 1.19818 0.000226936 48 7.0064e-06
0.000630219 0 0 0 7.09912e-06
0.000632987 1.486 0.000274145 48 7.19306e-06
0.000635767 0 0 0 7.28825e-06
0.000638559 2.42278 0.00043537 24 7.38469e-06
0.000641363 0 0 0 7.48241e-06
0.00064418 1.3839 0.00024223 72 7.58143e-06
0.000647009 0 0 0 7.68175e-06
0.00064985 0 0 0 7.7834e-06
0.000652704 0 0 0 7.8864e-06
0.00065557 1.38137 0.000229402 72 7.99076e-06
0.000658449 1.62278 0.000265973 96 8.0965e-06
0.000661341 0 0 0 8.20364e-06
0.000664246 0 0 0 8.3122e-06
0.000667163 0 0 0 8.42219e-06
0.000670093 2.1379 0.000332452 6 8.53364e-06
0.000673035 0 0 0 8.64656e-06
0.000675991 1.74828 0.00026481 96 8.76098e-06
0.00067896 0 0 0 8.87692e-06
0.000681942 2.36961 0.000349608 96 8.99438e-06
0.000684936 2.54103 0.000370002 24 9.1134e-06
0.000687944 0 0 0 9.234e-06
0.000690966 1.94613 0.000276025 48 9.35619e-06
0.000694 0 0 0 9.48e-06
0.000697048 1.85575 0.000256377 96 9.60545e-06
0.000700109 2.02602 0.000276244 48 9.73256e-06
0.000703184 0 0 0 9.86135e-06
0.000706272 0 0 0 9.99184e-06
0.000709374 2.47906 0.000324943 36 1.01241e-05
0.000712489 0 0 0 1.0258e-05
0.000715618 2.44411 0.000312049 48 1.03938e-05
0.000718761 0 0 0 1.05313e-05
0.000721917 1.62051 0.000201528 120 1.06707e-05
0.000725088 1.69849 0.000208467 56 1.08119e-05
0.000728272 0 0 0 1.0955e-05
0.00073147 3.0425 0.000363736 24 1.10999e-05
0.000734682 2.12008 0.000250149 96 1.12468e-05
0.000737909 0 0 0 1.13956e-05
0.00074115 2.03125 0.000233449 48 1.15464e-05
0.000744404 0 0 0 1.16992e-05
0.000747674 0 0 0 1.1854e-05
0.000750957 1.58943 0.000175608 24 1.20109e-05
0.000754255 2.22173 0.000242261 102 1.21698e-05
0.000757567 2.33828 0.000251639 48 1.23309e-05
0.000760894 0 0 0 1.2494e-05
0.000764236 2.28131 0.000239138 72 1.26594e-05
0.000767592 2.24824 0.000232594 48 1.28269e-05
0.000770963 2.5026 0.000255527 48 1.29966e-05
0.000774349 0 0 0 1.31686e-05
0.00077775 2.10264 0.000209118 120 1.33429e-05
0.000781165 0 0 0 1.35194e-05
0.000784596 1.30469 0.000126391 24 1.36983e-05
0.000788042 0 0 0 1.38796e-05
0.000791502 2.23486 0.000210882 144 1.40633e-05
0.000794978 2.35413 0.000219235 120 1.42494e-05
0.00079847 2.50743 0.000230462 48 1.44379e-05
0.000801976 0 0 0 1.4629e-05
0.000805498 0 0 0 1.48226e-05
0.000809036 2.37019 0.000209424 48 1.50187e-05
0.000812589 2.20226 0.000192045 96 1.52175e-05
0.000816157 0 0 0 1.54188e-05
0.000819742 2.84986 0.000242069 24 1.56229e-05
0.000823342 2.10811 0.000176725 48 1.58296e-05
0.000826957 0 0 0 1.60391e-05
0.000830589 2.50752 0.000204754 108 1.62513e-05
0.000834237 2.94333 0.000237201 72 1.64664e-05
0.0008379 2.17735 0.00017318 30 1.66843e-05
0.00084158 2.84599 0.000223405 168 1.6905e-05
0.000845276 3.34435 0.000259096 48 1.71287e-05
0.000848988 0 0 0 1.73554e-05
0.000852717 2.43187 0.000183515 72 1.75851e-05
0.000856461 0 0 0 1.78178e-05
0.000860223 2.08753 0.000153443 96 1.80536e-05
0.000864001 1.83869 0.000133387 72 1.82925e-05
0.000867795 2.55986 0.000183278 72 1.85345e-05
0.000871606 1.30887 9.24869e-05 32 1.87798e-05
0.000875434 3.14806 0.000219542 72 1.90283e-05
0.000879278 3.22394 0.000221898 144 1.92801e-05
0.00088314 0 0 0 1.95352e-05
0.000887018 0 0 0 1.97937e-05
0.000890914 2.98378 0.000197427 96 2.00557e-05
0.000894826 2.62131 0.000171178 96 2.0321e-05
0.000898756 2.72726 0.000175771 48 2.059e-05
0.000902703 2.50306 0.000159214 72 2.08624e-05
0.000906667 2.98613 0.000187461 120 2.11385e-05
0.000910649 3.11771 0.000193165 72 2.14182e-05
0.000914648 0 0 0 2.17016e-05
0.000918665 3.50282 0.000211394 48 2.19888e-05
0.0009227 2.80018 0.000166783 78 2.22798e-05
0.000926752 2.82439 0.000166028 120 2.25746e-05
0.000930822 3.47494 0.000201601 48 2.28733e-05
0.00093491 3.23967 0.000185497 144 2.3176e-05
0.000939015 2.98719 0.000168807 144 2.34827e-05
0.000943139 0 0 0 2.37934e-05
0.000947281 1.94948 0.000107307 12 2.41083e-05
0.000951441 3.44186 0.000186979 144 2.44273e-05
0.00095562 3.49296 0.000187277 48 2.47506e-05
0.000959816 3.59886 0.000190435 120 2.50781e-05
0.000964032 3.67499 0.000191924 48 2.54099e-05
0.000968265 3.19055 0.000164448 216 2.57462e-05
0.000972518 0 0 0 2.60869e-05
0.000976789 2.50767 0.000125897 48 2.64321e-05
0.000981078 3.76451 0.000186528 96 2.67819e-05
0.000985387 2.60407 0.000127344 96 2.71363e-05
0.000989714 3.36444 0.000162379 120 2.74954e-05
0.000994061 4.21058 0.000200562 96 2.78592e-05
0.000998426 3.88529 0.000182651 48 2.82279e-05
0.00100281 0 0 0 2.86014e-05
0.00100721 4.25659 0.000194913 126 2.89799e-05
0.00101164 3.82601 0.000172909 192 2.93634e-05
0.00101608 4.11015 0.000183324 56 2.97519e-05
0.00102054 4.37396 0.000192542 192 3.01456e-05
0.00102503 4.38412 0.000190469 120 3.05445e-05
0.00102953 0 0 0 3.09487e-05
0.00103405 3.78888 0.000160337 216 3.13583e-05
0.00103859 3.73812 0.000156123 96 3.17732e-05
0.00104315 3.96974 0.000163632 96 3.21937e-05
0.00104773 4.98468 0.000202784 72 3.26197e-05
0.00105233 3.04452 0.000122238 96 3.30513e-05
0.00105695 0 0 0 3.34887e-05
0.0010616 3.74508 0.000146463 216 3.39319e-05
0.00106626 4.05425 0.000156484 108 3.43809e-05
0.00107094 4.6369 0.000176635 120 3.48358e-05
0.00107564 3.69485 0.000138911 96 3.52968e-05
0.00108037 4.82969 0.000179205 120 3.57639e-05
0.00108511 5.07425 0.00018582 48 3.62371e-05
0.00108988 4.27309 0.000154438 78 3.67167e-05
0.00109466 3.82562 0.00013646 264 3.72025e-05
0.00109947 4.33519 0.000152617 24 3.76948e-05
0.0011043 4.08062 0.000141779 312 3.81936e-05
0.00110915 3.64966 0.000125149 24 3.86991e-05
0.00111402 5.38122 0.000182116 48 3.92112e-05
0.00111891 4.30769 0.00014388 216 3.973e-05
0.00112383 4.25109 0.000140136 72 4.02558e-05
0.00112876 4.45017 0.000144782 264 4.07885e-05
0.00113372 0 0 0 4.13282e-05
0.0011387 4.33587 0.000137403 240 4.18751e-05
0.0011437 4.36063 0.000136383 192 4.24292e-05
0.00114872 0 0 0 4.29907e-05
0.00115377 4.64414 0.000141481 240 4.35596e-05
0.00115883 4.51694 0.000135809 8 4.4136e-05
0.00116392 3.19069 9.46799e-05 48 4.47201e-05
0.00116903 5.16775 0.000151344 336 4.53118e-05
0.00117417 4.31203 0.000124634 174 4.59114e-05
0.00117932 4.04884 0.000115499 120 4.6519e-05
0.0011845 3.58504 0.000100932 84 4.71346e-05
0.00118971 5.68466 0.000157954 216 4.77583e-05
0.00119493 5.92526 0.00016249 144 4.83903e-05
0.00120018 5.67059 0.000153475 336 4.90306e-05
0.00120545 0 0 0 4.96794e-05
0.00121074 4.8401 0.000127598 264 5.03368e-05
0.00121606 5.81733 0.000151358 168 5.10029e-05
0.0012214 5.03352 0.000129254 168 5.16778e-05
0.00122676 7.90563 0.000200354 72 5.23617e-05
0.00123215 5.89757 0.000147512 192 5.30546e-05
0.00123756 6.61828 0.000163376 216 5.37566e-05
0.001243 6.39592 0.000155825 192 5.4468e-05
0.00124846 5.45629 0.000131197 144 5.51888e-05
0.00125394 4.89471 0.000116156 198 5.59191e-05
0.00125945 6.18865 0.000144945 96 5.6659e-05
0.00126498 7.01754 0.000162212 168 5.74088e-05
0.00127053 5.70972 0.000130258 360 5.81685e-05
0.00127611 7.41402 0.000166929 168 5.89382e-05
0.00128172 6.16927 0.000137089 264 5.97181e-05
0.00128735 6.04224 0.000132513 216 6.05084e-05
0.001293 6.3759 0.000138004 96 6.13091e-05
0.00129868 6.13106 0.000130972 144 6.21204e-05
0.00130438 5.90556 0.000124507 236 6.29424e-05
0.00131011 5.08964 0.000105904 240 6.37753e-05
0.00131586 5.32777 0.000109411 144 6.46192e-05
0.00132164 5.70098 0.000115546 240 6.54743e-05
0.00132745 6.31966 0.000126412 312 6.63408e-05
0.00133328 5.98049 0.000118066 240 6.72186e-05
0.00133913 10.6834 0.000208156 6 6.81081e-05
0.00134501 6.24601 0.000120107 288 6.90094e-05
0.00135092 7.47286 0.000141823 408 6.99226e-05
0.00135685 6.71247 0.000125728 72 7.08479e-05
0.00136281 7.33604 0.000135613 192 7.17854e-05
0.0013688 5.96431 0.000108816 312 7.27353e-05
0.00137481 6.3384 0.00011413 456 7.36978e-05
0.00138084 5.2807 9.38433e-05 48 7.4673e-05
0.00138691 7.71325 0.000135282 360 7.56612e-05
0.001393 6.05854 0.000104872 168 7.66624e-05
0.00139912 7.14152 0.000122004 216 7.76769e-05
0.00140526 6.79558 0.000114578 336 7.87047e-05
0.00141143 7.04002 0.000117149 264 7.97462e-05
0.00141763 5.47134 8.98566e-05 144 8.08015e-05
0.00142386 7.49872 0.000121544 378 8.18707e-05
0.00143011 7.21723 0.000115454 144 8.29541e-05
0.00143639 7.87283 0.000124297 384 8.40518e-05
0.0014427 7.44549 0.000116015 312 8.51641e-05
0.00144903 7.51868 0.000115625 320 8.62911e-05
0.0014554 7.57114 0.000114911 240 8.74329e-05
0.00146179 7.10986 0.000106501 216 8.85899e-05
0.00146821 6.97928 0.000103179 408 8.97622e-05
0.00147466 7.47755 0.000109102 240 9.095e-05
0.00148113 8.97206 0.000129198 144 9.21536e-05
0.00148764 8.52534 0.000121162 456 9.3373e-05
0.00149417 8.05245 0.000112947 264 9.46086e-05
0.00150073 8.00261 0.000110782 360 9.58606e-05
0.00150732 7.25954 9.91826e-05 366 9.71291e-05
0.00151394 8.36304 0.000112767 312 9.84144e-05
0.00152059 8.33008 0.000110855 384 9.97167e-05
0.00152727 9.15972 0.000120304 264 0.000101036
0.00153398 8.67081 0.000112396 192 0.000102373
0.00154071 7.85669 0.000100512 420 0.000103728
0.00154748 8.734 0.000110277 600 0.000105101
0.00155428 9.45045 0.000117764 216 0.000106491
0.0015611 8.1218 9.9886e-05 240 0.0001079
0.00156796 8.04398 9.7637e-05 408 0.000109328
0.00157484 8.11865 9.72563e-05 408 0.000110775
0.00158176 9.87602 0.000116763 408 0.000112241
0.00158871 9.90331 0.000115557 246 0.000113726
0.00159568 8.77178 0.000101017 368 0.000115231
0.00160269 8.76184 9.95845e-05 384 0.000116756
0.00160973 8.92557 0.000100121 432 0.000118301
0.0016168 9.94193 0.000110065 696 0.000119866
0.0016239 8.42465 9.20494e-05 288 0.000121453
0.00163103 9.10689 9.82041e-05 264 0.00012306
0.00163819 10.7189 0.000114077 360 0.000124688
0.00164539 9.11695 9.57615e-05 456 0.000126338
0.00165261 9.89281 0.000102554 504 0.00012801
0.00165987 9.56582 9.7869e-05 372 0.000129704
0.00166716 9.43345 9.52541e-05 336 0.00013142
0.00167448 9.57551 9.54258e-05 510 0.000133159
0.00168184 9.94752 9.78385e-05 408 0.000134921
0.00168922 10.6499 0.000103378 456 0.000136707
0.00169664 9.5994 9.19646e-05 528 0.000138516
0.00170409 9.52737 9.00824e-05 480 0.000140349
0.00171158 10.7737 0.000100536 528 0.000142206
0.00171909 11.1044 0.000102269 336 0.000144088
0.00172664 10.7242 9.74772e-05 696 0.000145995
0.00173422 10.8257 9.71147e-05 456 0.000147926
0.00174184 11.7504 0.000104034 464 0.000149884
0.00174949 11.1419 9.73578e-05 504 0.000151867
0.00175717 9.62849 8.30349e-05 414 0.000153877
0.00176489 10.2783 8.74812e-05 312 0.000155913
0.00177264 11.9068 0.000100018 624 0.000157976
0.00178043 11.8569 9.82981e-05 636 0.000160067
0.00178824 11.1524 9.12497e-05 360 0.000162185
0.0017961 12.1697 9.82731e-05 912 0.000164331
0.00180399 12.1714 9.70033e-05 360 0.000166506
0.00181191 12.8108 0.000100766 576 0.000168709
0.00181987 12.1622 9.4415e-05 456 0.000170942
0.00182786 12.9211 9.89958e-05 672 0.000173204
0.00183589 12.3818 9.36251e-05 480 0.000175496
0.00184395 11.9314 8.90412e-05 726 0.000177818
0.00185205 13.0378 9.60273e-05 528 0.000180171
0.00186018 13.7666 0.000100071 744 0.000182555
0.00186835 15.0577 0.000108027 456 0.000184971
0.00187655 12.3107 8.71656e-05 504 0.000187419
0.00188479 13.8303 9.66462e-05 680 0.000189899
0.00189307 14.8334 0.000102302 564 0.000192412
0.00190139 14.9456 0.00010173 816 0.000194958
0.00190974 13.9706 9.38512e-05 624 0.000197538
0.00191812 14.0081 9.28742e-05 744 0.000200152
0.00192655 14.3627 9.3982e-05 750 0.0002028
0.00193501 17.2109 0.000111148 432 0.000205484
0.00194351 16.0916 0.000102562 648 0.000208203
0.00195204 14.4584 9.09496e-05 840 0.000210958
0.00196061 15.3335 9.51946e-05 984 0.00021375
0.00196922 16.1124 9.87238e-05 456 0.000216578
0.00197787 16.8893 0.000102133 672 0.000219444
0.00198656 15.2149 9.08057e-05 648 0.000222348
0.00199528 15.849 9.33546e-05 936 0.00022529
0.00200404 16.2873 9.46833e-05 696 0.000228272
0.00201285 17.3306 9.94323e-05 522 0.000231292
0.00202168 17.2729 9.78069e-05 816 0.000234353
0.00203056 17.6191 9.84647e-05 1160 0.000237454
0.00203948 19.2549 0.000106201 792 0.000240596
0.00204844 16.2714 8.85731e-05 528 0.00024378
0.00205743 18.5003 9.93909e-05 960 0.000247006
0.00206647 17.3396 9.19384e-05 792 0.000250275
0.00207554 19.6869 0.000103022 768 0.000253586
0.00208466 18.0147 9.30393e-05 888 0.000256942
0.00209381 17.8558 9.10147e-05 795 0.000260342
0.00210301 19.4791 9.79918e-05 804 0.000263787
0.00211225 18.8924 9.37991e-05 984 0.000267278
0.00212152 21.8969 0.000107297 768 0.000270815
0.00213084 21.125 0.000102162 708 0.000274398
0.0021402 21.7165 0.000103652 996 0.000278029
0.0021496 20.8586 9.82566e-05 960 0.000281709
0.00215904 21.2654 9.88644e-05 1056 0.000285436
0.00216852 20.7007 9.49821e-05 312 0.000289214
0.00217804 22.4227 0.00010154 1184 0.000293041
0.00218761 20.0855 8.97681e-05 648 0.000296918
0.00219721 21.6824 9.56395e-05 1020 0.000300848
0.00220686 22.8755 9.95843e-05 672 0.000304829
0.00221655 21.3461 9.17128e-05 1068 0.000308862
0.00222629 23.8844 0.000101278 780 0.000312949
0.00223607 21.9953 9.20497e-05 936 0.000317091
0.00224589 24.221 0.000100041 576 0.000321287
0.00225575 22.5496 9.19206e-05 972 0.000325538
0.00226566 22.4233 9.02118e-05 1104 0.000329846
0.00227561 22.1361 8.78933e-05 816 0.000334211
0.0022856 27.4532 0.000107582 708 0.000338633
0.00229564 25.7584 9.96223e-05 804 0.000343115
0.00230572 24.4124 9.31834e-05 648 0.000347655
0.00231584 25.9729 9.78451e-05 864 0.000352255
0.00232601 25.2863 9.40143e-05 1148 0.000356917
0.00233623 26.3829 9.68104e-05 840 0.00036164
0.00234649 25.018 9.0603e-05 540 0.000366425
0.00235679 26.5379 9.48521e-05 876 0.000371274
0.00236714 27.9582 9.86238e-05 732 0.000376187
0.00237754 28.377 9.87935e-05 768 0.000381165
0.00238798 25.7617 8.85172e-05 840 0.000386209
0.00239847 29.7454 0.00010087 948 0.00039132
0.002409 26.966 9.02508e-05 804 0.000396498
0.00241958 30.4788 0.000100675 696 0.000401745
0.00243021 27.4837 8.95967e-05 840 0.000407061
0.00244088 28.4046 9.13895e-05 780 0.000412448
0.0024516 33.0326 0.000104891 744 0.000417906
0.00246237 29.9987 9.40136e-05 836 0.000423436
0.00247318 33.6173 0.000103978 816 0.000429039
0.00248404 32.1334 9.80903e-05 696 0.000434716
0.00249495 32.5486 9.80601e-05 720 0.000440469
0.00250591 33.8676 0.000100701 672 0.000446298
0.00251691 32.8846 9.65017e-05 936 0.000452203
0.00252797 35.5961 0.000103094 600 0.000458187
0.00253907 36.0874 0.000103152 744 0.00046425
0.00255022 33.9113 9.56663e-05 744 0.000470394
0.00256142 40.6922 0.000113297 624 0.000476618
0.00257267 37.4856 0.000103005 888 0.000482926
0.00258396 35.8003 9.70896e-05 756 0.000489316
0.00259531 34.2453 9.16596e-05 396 0.000495791
0.00260671 40.3453 0.000106576 740 0.000502352
0.00261816 39.8878 0.000103992 744 0.000508999
0.00262966 36.812 9.47194e-05 756 0.000515735
0.0026412 42.5517 0.000108058 648 0.00052256
0.0026528 46.8602 0.000117445 480 0.000529475
0.00266445 44.3222 0.000109633 624 0.000536481
0.00267615 47.1483 0.000115101 612 0.00054358
0.00268791 47.621 0.000114736 732 0.000550773
0.00269971 50.6304 0.000120394 600 0.000558062
0.00271157 45.7357 0.000107335 552 0.000565446
0.00272348 46.7415 0.000108262 612 0.000572929
0.00273544 50.8149 0.00011616 684 0.00058051
0.00274745 47.4918 0.000107146 468 0.000588192
0.00275952 51.0452 0.000113659 464 0.000595976
0.00277163 54.9198 0.000120689 648 0.000603862
0.00278381 54.843 0.000118946 540 0.000611853
0.00279603 64.5326 0.000138133 408 0.000619949
0.00280831 52.5073 0.000110925 504 0.000628153
0.00282064 54.5057 0.000113643 444 0.000636465
0.00283303 57.0081 0.000117308 480 0.000644888
0.00284547 59.2346 0.000120298 456 0.000653421
0.00285797 59.9059 0.000120072 408 0.000662068
0.00287052 47.7426 9.4443e-05 480 0.000670829
0.00288313 65.0191 0.000126939 408 0.000679706
0.00289579 60.807 0.000117165 200 0.000688701
0.00290851 67.227 0.000127844 576 0.000697814
0.00292128 65.0826 0.000122149 312 0.000707048
0.00293411 69.7222 0.000129148 360 0.000716404
0.00294699 80.9261 0.000147944 264 0.000725885
0.00295994 61.9523 0.000111778 345 0.00073549
0.00297293 69.8016 0.000124295 252 0.000745223
0.00298599 75.1441 0.000132061 312 0.000755084
0.0029991 56.4575 9.79249e-05 246 0.000765076
0.00301228 57.428 9.83072e-05 216 0.0007752
0.0030255 69.2254 0.000116955 246 0.000785458
0.00303879 87.5024 0.000145903 150 0.000795852
0.00305214 69.3364 0.000114103 278 0.000806384
0.00306554 73.9229 0.000120062 168 0.000817054
0.003079 84.8792 0.000136056 210 0.000827866
0.00309252 77.1955 0.000122123 120 0.000838821
0.00310611 70.7789 0.00011051 246 0.000849921
0.00311975 75.1588 0.000115816 120 0.000861168
0.00313345 92.1675 0.00014017 102 0.000872564
0.00314721 69.8455 0.000104835 192 0.000884111
0.00316103 75.4393 0.000111753 186 0.00089581
0.00317491 105.036 0.000153565 48 0.000907664
0.00318886 93.6338 0.000135106 86 0.000919675
0.00320286 74.7014 0.00010638 192 0.000931845
0.00321693 119.033 0.000167298 78 0.000944176
0.00323105 116.295 0.000161315 24 0.00095667
0.00324524 96.4802 0.000132082 162 0.00096933
0.00325949 89.8744 0.000121431 72 0.000982157
0.00327381 94.5632 0.000126098 24 0.000995153
0.00328819 103.47 0.000136173 102 0.00100832
0.00330263 116.184 0.000150909 72 0.00102167
0.00331713 122.94 0.000157598 30 0.00103518
0.0033317 83.8972 0.000106144 8 0.00104888
0.00334633 132.901 0.000165947 132 0.00106276
0.00336103 95.3063 0.00011745 6 0.00107683
0.00337579 0 0 0 0.00109108
0.00339061 138.876 0.000166702 96 0.00110551
0.0034055 217.076 0.000257167 6 0.00112014
0.00342046 0 0 0 0.00113497
0.00343548 155.942 0.000179948 60 0.00114998
0.00345057 62.402 7.10678e-05 6 0.0011652
0.00346572 0 0 0 0.00118062
0.00348094 111.134 0.000123283 38 0.00119624
0.00349623 0 0 0 0.00121207
0.00351158 0 0 0 0.00122811
0.003527 196.686 0.00020975 18 0.00124436
0.00354249 0 0 0 0.00126083
0.00355805 0 0 0 0.00127752
0.00357368 107.429 0.000110135 6 0.00129442
0.00358937 0 0 0 0.00131155
0.00360513 0 0 0 0.00132891
0.00362097 4.54334 4.47763e-06 1 0.00134649
0.00363687 0 0 0 0.00136431
0.00365284 0 0 0 0.00138236
0.00366888 0 0 0 0.00140065
0.00368499 0 0 0 0.00141919
0.00370118 0 0 0 0.00143797
0.00371743 0 0 0 0.001457
0.00373376 0 0 0 0.00147628
0.00375015 0 0 0 0.00149581
0.00376662 0 0 0 0.00151561
0.00378317 0 0 0 0.00153566
0.00379978 0 0 0 0.00155598
0.00381647 0 0 0 0.00157657
0.00383323 0 0 0 0.00159744
0.00385006 0 0 0 0.00161858
0.00386697 0 0 0 0.00163999
0.00388395 0 0 0 0.0016617
0.00390101 0 0 0 0.00168368
0.00391814 0 0 0 0.00170596
0.00393535 0 0 0 0.00172854
0.00395263 0 0 0 0.00175141
0.00396999 0 0 0 0.00177459
0.00398742 0 0 0 0.00179807
0.00400494 0 0 0 0.00182187
0.00402252 0 0 0 0.00184597
0.00404019 0 0 0 0.0018704
0.00405793 0 0 0 0.00189515
0.00407575 0 0 0 0.00192023
0.00409365 0 0 0 0.00194564
0.00411163 0 0 0 0.00197139
0.00412969 0 0 0 0.00199747
0.00414782 0 0 0 0.00202391
0.00416604 0 0 0 0.00205069
0.00418433 0 0 0 0.00207783
0.00420271 0 0 0 0.00210532
0.00422117 0 0 0 0.00213318
0.00423971 0 0 0 0.00216141
0.00425832 0 0 0 0.00219001
0.00427703 0 0 0 0.00221899
0.00429581 0 0 0 0.00224835
0.00431467 0 0 0 0.00227811
0.00433362 0 0 0 0.00230825
0.00435265 0 0 0 0.0023388
0.00437177 0 0 0 0.00236975
0.00439097 0 0 0 0.0024011
0.00441025 0 0 0 0.00243288
0.00442962 0 0 0 0.00246507
0.00444907 0 0 0 0.00249769
0.00446861 0 0 0 0.00253074
0.00448824 0 0 0 0.00256423
0.00450795 0 0 0 0.00259816
0.00452775 0 0 0 0.00263255
0.00454763 0 0 0 0.00266738
0.0045676 0 0 0 0.00270268
0.00458766 0 0 0 0.00273844
0.00460781 0 0 0 0.00277468
0.00462804 0 0 0 0.0028114
0.00464837 0 0 0 0.0028486
0.00466878 0 0 0 0.0028863
0.00468929 0 0 0 0.00292449
0.00470988 0 0 0 0.00296319
0.00473056 0 0 0 0.0030024
0.00475134 0 0 0 0.00304213
0.00477221 0 0 0 0.00308239
0.00479316 0 0 0 0.00312318
0.00481421 0 0 0 0.0031645
0.00483536 0 0 0 0.00320638
0.00485659 0 0 0 0.00324881
0.00487792 0 0 0 0.0032918
0.00489934 0 0 0 0.00333536
0.00492086 0 0 0 0.0033795
0.00494247 0 0 0 0.00342422
0.00496417 0 0 0 0.00346953
0.00498597 0 0 0 0.00351544
0.00500787 0 0 0 0.00356196
0.00502986 0 0 0 0.0036091
0.00505195 0 0 0 0.00365685
0.00507414 0 0 0 0.00370525
0.00509642 0 0 0 0.00375428
0.0051188 0 0 0 0.00380396
0.00514128 0 0 0 0.00385429
0.00516386 0 0 0 0.0039053
0.00518654 0 0 0 0.00395698
0.00520932 0 0 0 0.00400934
0.0052322 0 0 0 0.00406239
0.00525517 0 0 0 0.00411615
0.00527825 0 0 0 0.00417062
0.00530143 0 0 0 0.00422581
0.00532472 0 0 0 0.00428173
0.0053481 0 0 0 0.00433839
0.00537159 0 0 0 0.0043958
0.00539518 0 0 0 0.00445396
0.00541887 0 0 0 0.0045129
0.00544267 0 0 0 0.00457262
0.00546657 0 0 0 0.00463313
0.00549058 0 0 0 0.00469444
0.00551469 0 0 0 0.00475656
0.00553891 0 0 0 0.0048195
0.00556323 0 0 0 0.00488328
0.00558766 0 0 0 0.0049479
0.0056122 0 0 0 0.00501338
0.00563685 0 0 0 0.00507972
0.00566161 0 0 0 0.00514694
0.00568647 0 0 0 0.00521504
0.00571144 0 0 0 0.00528405
0.00573653 0 0 0 0.00535398
0.00576172 0 0 0 0.00542483
0.00578702 0 0 0 0.00549661
0.00581244 0 0 0 0.00556935
0.00583796 0 0 0 0.00564305
0.0058636 0 0 0 0.00571772
0.00588935 0 0 0 0.00579338
0.00591521 0 0 0 0.00587005
0.00594119 0 0 0 0.00594772
0.00596728 0 0 0 0.00602643
0.00599349 0 0 0 0.00610618
0.00601981 0 0 0 0.00618698
0.00604625 0 0 0 0.00626885
0.0060728 0 0 0 0.0063518
0.00609947 0 0 0 0.00643586
0.00612626 0 0 0 0.00652102
0.00615316 0 0 0 0.00660731
0.00618018 0 0 0 0.00669475
0.00620733 0 0 0 0.00678334
0.00623459 0 0 0 0.0068731
0.00626197 0 0 0 0.00696405
0.00628947 0 0 0 0.00705621
0.00631709 0 0 0 0.00714958
0.00634483 0 0 0 0.00724419
0.00637269 0 0 0 0.00734005
0.00640068 0 0 0 0.00743718
0.00642879 0 0 0 0.0075356
0.00645702 0 0 0 0.00763531
0.00648538 0 0 0 0.00773635
0.00651386 0 0 0 0.00783872
0.00654247 0 0 0 0.00794245
0.0065712 0 0 0 0.00804755
0.00660006 0 0 0 0.00815405
0.00662904 0 0 0 0.00826195
0.00665816 0 0 0 0.00837128
0.0066874 0 0 0 0.00848205
0.00671676 0 0 0 0.0085943
0.00674626 0 0 0 0.00870802
0.00677589 0 0 0 0.00882325
0.00680565 0 0 0 0.00894001
0.00683553 0 0 0 0.00905831
0.00686555 0 0 0 0.00917818
0.00689571 0 0 0 0.00929964
0.00692599 0 0 0 0.0094227
0.0069564 0 0 0 0.00954739
0.00698696 0 0 0 0.00967372
0.00701764 0 0 0 0.00980174
0.00704846 0 0 0 0.00993144
0.00707941 0 0 0 0.0100629
0.0071105 0 0 0 0.010196
0.00714173 0 0 0 0.0103309
0.00717309 0 0 0 0.0104677
0.0072046 0 0 0 0.0106062
0.00723624 0 0 0 0.0107465
0.00726801 0 0 0 0.0108887
0.00729993 0 0 0 0.0110328
0.00733199 0 0 0 0.0111788
0.00736419 0 0 0 0.0113267
0.00739653 0 0 0 0.0114766
0.00742901 0 0 0 0.0116285
0.00746164 0 0 0 0.0117824
0.00749441 0 0 0 0.0119383
0.00752732 0 0 0 0.0120963
0.00756038 0 0 0 0.0122563
0.00759358 0 0 0 0.0124185
0.00762693 0 0 0 0.0125829
0.00766042 0 0 0 0.0127494
0.00769407 0 0 0 0.0129181
0.00772786 0 0 0 0.013089
0.00776179 0 0 0 0.0132622
0.00779588 0 0 0 0.0134377
0.00783012 0 0 0 0.0136155
0.0078645 0 0 0 0.0137957
0.00789904 0 0 0 0.0139783
0.00793373 0 0 0 0.0141632
0.00796857 0 0 0 0.0143507
0.00800357 0 0 0 0.0145406
0.00803872 0 0 0 0.014733
0.00807402 0 0 0 0.0149279
0.00810948 0 0 0 0.0151255
0.00814509 0 0 0 0.0153256
0.00818086 0 0 0 0.0155284
0.00821679 0 0 0 0.0157339
0.00825288 0 0 0 0.0159421
0.00828912 0 0 0 0.0161531
0.00832552 0 0 0 0.0163668
0.00836209 0 0 0 0.0165834
0.00839881 0 0 0 0.0168029
0.00843569 0 0 0 0.0170252
0.00847274 0 0 0 0.0172505
0.00850995 0 0 0 0.0174788
0.00854732 0 0 0 0.0177101
0.00858486 0 0 0 0.0179444
0.00862256 0 0 0 0.0181819
0.00866043 0 0 0 0.0184225
0.00869846 0 0 0 0.0186663
0.00873666 0 0 0 0.0189133
0.00877503 0 0 0 0.0191635
0.00881357 0 0 0 0.0194171
0.00885227 0 0 0 0.0196741
0.00889115 0 0 0 0.0199344
0.0089302 0 0 0 0.0201982
0.00896941 0 0 0 0.0204655
0.0090088 0 0 0 0.0207363
0.00904837 0 0 0 0.0210107
0.00908811 0 0 0 0.0212887
0.00912802 0 0 0 0.0215704
0.0091681 0 0 0 0.0218559
0.00920837 0 0 0 0.0221451
0.00924881 0 0 0 0.0224381
0.00928942 0 0 0 0.0227351
0.00933022 0 0 0 0.0230359
0.0093712 0 0 0 0.0233407
0.00941235 0 0 0 0.0236496
0.00945369 0 0 0 0.0239626
0.0094952 0 0 0 0.0242797
0.0095369 0 0 0 0.024601
0.00957879 0 0 0 0.0249265
0.00962085 0 0 0 0.0252563
0.0096631 0 0 0 0.0255906
0.00970554 0 0 0 0.0259292
0.00974816 0 0 0 0.0262723
0.00979097 0 0 0 0.02662
0.00983397 0 0 0 0.0269722
0.00987716 0 0 0 0.0273291
0.00992054 0 0 0 0.0276908
0.0099641 0 0 0 0.0280572
0.0100079 0 0 0 0.0284285
0.0100518 0 0 0 0.0288047
0.010096 0 0 0 0.0291859
0.0101403 0 0 0 0.0295721
0.0101848 0 0 0 0.0299634
0.0102296 0 0 0 0.0303599
0.0102745 0 0 0 0.0307616
0.0103196 0 0 0 0.0311687
0.0103649 0 0 0 0.0315812
0.0104104 0 0 0 0.0319991
0.0104562 0 0 0 0.0324225
0.0105021 0 0 0 0.0328515
0.0105482 0 0 0 0.0332863
0.0105945 0 0 0 0.0337267
0.0106411 0 0 0 0.034173
0.0106878 0 0 0 0.0346252
0.0107347 0 0 0 0.0350834
0.0107819 0 0 0 0.0355477
0.0108292 0 0 0 0.0360181
0.0108768 0 0 0 0.0364947
0.0109245 0 0 0 0.0369776
0.0109725 0 0 0 0.037467
0.0110207 0 0 0 0.0379628
0.0110691 0 0 0 0.0384651
0.0111177 0 0 0 0.0389741
0.0111665 0 0 0 0.0394899
0.0112156 0 0 0 0.0400124
0.0112648 0 0 0 0.0405419
0.0113143 0 0 0 0.0410784
0.011364 0 0 0 0.041622
0.0114139 0 0 0 0.0421728
0.011464 0 0 0 0.0427308
0.0115144 0 0 0 0.0432963
0.0115649 0 0 0 0.0438692
0.0116157 0 0 0 0.0444497
0.0116667 0 0 0 0.0450379
0.011718 0 0 0 0.0456339
0.0117694 0 0 0 0.0462378
0.0118211 0 0 0 0.0468496
0.011873 0 0 0 0.0474696
0.0119252 0 0 0 0.0480977
0.0119776 0 0 0 0.0487342
0.0120302 0 0 0 0.0493791
0.012083 0 0 0 0.0500325
0.012136 0 0 0 0.0506946
0.0121893 0 0 0 0.0513654
0.0122429 0 0 0 0.0520452
0.0122966 0 0 0 0.0527339
0.0123506 0 0 0 0.0534317
0.0124049 0 0 0 0.0541387
0.0124594 0 0 0 0.0548551
0.0125141 0 0 0 0.055581
0.012569 0 0 0 0.0563165
0.0126242 0 0 0 0.0570618
0.0126797 0 0 0 0.0578169
0.0127354 0 0 0 0.0585819
0.0127913 0 0 0 0.0593571
0.0128475 0 0 0 0.0601426
0.0129039 0 0 0 0.0609385
0.0129606 0 0 0 0.0617449
0.0130175 0 0 0 0.0625619
0.0130746 0 0 0 0.0633898
0.0131321 0 0 0 0.0642286
0.0131897 0 0 0 0.0650785
0.0132477 0 0 0 0.0659397
0.0133058 0 0 0 0.0668123
0.0133643 0 0 0 0.0676964
0.013423 0 0 0 0.0685922
0.0134819 0 0 0 0.0694999
0.0135411 0 0 0 0.0704196
0.0136006 0 0 0 0.0713514
0.0136603 0 0 0 0.0722956
0.0137203 0 0 0 0.0732523
0.0137806 0 0 0 0.0742216
0.0138411 0 0 0 0.0752038
0.0139019 0 0 0 0.076199
0.0139629 0 0 0 0.0772073
0.0140242 0 0 0 0.078229
0.0140858 0 0 0 0.0792642
0.0141477 0 0 0 0.0803131
0.0142098 0 0 0 0.0813758
0.0142722 0 0 0 0.0824527
0.0143349 0 0 0 0.0835438
0.0143979 0 0 0 0.0846493
0.0144611 0 0 0 0.0857694
0.0145246 0 0 0 0.0869044
0.0145884 0 0 0 0.0880544
0.0146524 0 0 0 0.0892196
0.0147168 0 0 0 0.0904002
0.0147814 0 0 0 0.0915965
0.0148463 0 0 0 0.0928086
0.0149115 0 0 0 0.0940367
0.014977 0 0 0 0.0952811
0.0150428 0 0 0 0.0965419
0.0151089 0 0 0 0.0978195
0.0151752 0 0 0 0.0991139
0.0152419 0 0 0 0.100425
0.0153088 0 0 0 0.101754
0.015376 0 0 0 0.103101
0.0154436 0 0 0 0.104465
0.0155114 0 0 0 0.105848
0.0155795 0 0 0 0.107248
0.0156479 0 0 0 0.108667
0.0157166 0 0 0 0.110105
0.0157857 0 0 0 0.111562
0.015855 0 0 0 0.113039
0.0159246 0 0 0 0.114535
0.0159945 0 0 0 0.11605
0.0160648 0 0 0 0.117586
0.0161353 0 0 0 0.119142
0.0162062 0 0 0 0.120718
0.0162774 0 0 0 0.122316
0.0163489 0 0 0 0.123934
0.0164207 0 0 0 0.125574
0.0164928 0 0 0 0.127236
0.0165652 0 0 0 0.12892
0.0166379 0 0 0 0.130626
0.016711 0 0 0 0.132354
0.0167844 0 0 0 0.134106
0.0168581 0 0 0 0.13588
0.0169322 0 0 0 0.137679
0.0170065 0 0 0 0.1395
0.0170812 0 0 0 0.141346
0.0171562 0 0 0 0.143217
0.0172316 0 0 0 0.145112
0.0173072 0 0 0 0.147032
0.0173832 0 0 0 0.148978
0.0174596 0 0 0 0.150949
0.0175363 0 0 0 0.152947
0.0176133 0 0 0 0.154971
0.0176906 0 0 0 0.157021
0.0177683 0 0 0 0.159099
0.0178463 0 0 0 0.161205
0.0179247 0 0 0 0.163338
0.0180034 0 0 0 0.165499
0.0180825 0 0 0 0.167689
0.0181619 0 0 0 0.169908
0.0182417 0 0 0 0.172157
0.0183218 0 0 0 0.174435
0.0184022 0 0 0 0.176743
0.0184831 0 0 0 0.179082
0.0185642 0 0 0 0.181452
0.0186458 0 0 0 0.183853
0.0187276 0 0 0 0.186286
0.0188099 0 0 0 0.188751
0.0188925 0 0 0 0.191248
0.0189755 0 0 0 0.193779
0.0190588 0 0 0 0.196344
0.0191425 0 0 0 0.198942
0.0192266 0 0 0 0.201574
0.019311 0 0 0 0.204242
0.0193958 0 0 0 0.206944
0.019481 0 0 0 0.209683
0.0195665 0 0 0 0.212458
0.0196525 0 0 0 0.215269
0.0197388 0 0 0 0.218118
0.0198255 0 0 0 0.221004
0.0199125 0 0 0 0.223928
0.02 0 0 0 0.226892
0.0200878 0 0 0 0.229894
0.020176 0 0 0 0.232936
0.0202646 0 0 0 0.236019
0.0203536 0 0 0 0.239142
0.020443 0 0 0 0.242306
0.0205328 0 0 0 0.245513
0.020623 0 0 0 0.248762
0.0207135 0 0 0 0.252053
0.0208045 0 0 0 0.255389
0.0208959 0 0 0 0.258768
0.0209876 0 0 0 0.262193
0.0210798 0 0 0 0.265662
0.0211724 0 0 0 0.269178
0.0212654 0 0 0 0.27274
0.0213588 0 0 0 0.276349
0.0214526 0 0 0 0.280006
0.0215468 0 0 0 0.283711
0.0216414 0 0 0 0.287465
0.0217364 0 0 0 0.291269
0.0218319 0 0 0 0.295124
0.0219278 0 0 0 0.299029
0.0220241 0 0 0 0.302986
0.0221208 0 0 0 0.306995
0.0222179 0 0 0 0.311058
0.0223155 0 0 0 0.315174
0.0224135 0 0 0 0.319345
0.0225119 0 0 0 0.32357
0.0226108 0 0 0 0.327852
0.0227101 0 0 0 0.332191
0.0228098 0 0 0 0.336586
0.02291 0 0 0 0.34104
0.0230106 0 0 0 0.345553
0.0231117 0 0 0 0.350126
0.0232132 0 0 0 0.354759
0.0233151 0 0 0 0.359454
0.0234175 0 0 0 0.36421
0.0235204 0 0 0 0.36903
0.0236236 0 0 0 0.373913
0.0237274 0 0 0 0.378861
0.0238316 0 0 0 0.383875
0.0239363 0 0 0 0.388954
0.0240414 0 0 0 0.394101
0.024147 0 0 0 0.399316
0.024253 0 0 0 0.4046
0.0243595 0 0 0 0.409954
0.0244665 0 0 0 0.415379
0.0245739 0 0 0 0.420876
0.0246819 0 0 0 0.426445
0.0247903 0 0 0 0.432089
0.0248991 0 0 0 0.437806
0.0250085 0 0 0 0.4436
0.0251183 0 0 0 0.44947
0.0252286 0 0 0 0.455418
0.0253394 0 0 0 0.461444
0.0254507 0 0 0 0.46755
0.0255625 0 0 0 0.473737
0.0256747 0 0 0 0.480006
0.0257875 0 0 0 0.486358
0.0259007 0 0 0 0.492794
0.0260145 0 0 0 0.499315
0.0261287 0 0 0 0.505922
0.0262435 0 0 0 0.512617
0.0263587 0 0 0 0.519401
0.0264745 0 0 0 0.526274
0.0265907 0 0 0 0.533238
0.0267075 0 0 0 0.540294
0.0268248 0 0 0 0.547444
0.0269426 0 0 0 0.554688
0.0270609 0 0 0 0.562028
0.0271798 0 0 0 0.569465
0.0272991 0 0 0 0.577001
0.027419 0 0 0 0.584637
0.0275394 0 0 0 0.592373
0.0276604 0 0 0 0.600212
0.0277819 0 0 0 0.608154
0.0279039 0 0 0 0.616202
0.0280264 0 0 0 0.624356
0.0281495 0 0 0 0.632618
0.0282731 0 0 0 0.640989
0.0283973 0 0 0 0.649472
0.028522 0 0 0 0.658066
0.0286472 0 0 0 0.666774
0.0287731 0 0 0 0.675597
0.0288994 0 0 0 0.684537
0.0290263 0 0 0 0.693596
0.0291538 0 0 0 0.702774
0.0292818 0 0 0 0.712074
0.0294104 0 0 0 0.721497
0.0295396 0 0 0 0.731044
0.0296693 0 0 0 0.740718
0.0297996 0 0 0 0.75052
0.0299305 0 0 0 0.760451
0.0300619 0 0 0 0.770514
0.030194 0 0 0 0.78071
0.0303266 0 0 0 0.791041
0.0304597 0 0 0 0.801509
0.0305935 0 0 0 0.812115
0.0307279 0 0 0 0.822862
0.0308628 0 0 0 0.833751
0.0309983 0 0 0 0.844784
0.0311345 0 0 0 0.855963
0.0312712 0 0 0 0.867289
0.0314085 0 0 0 0.878766
0.0315465 0 0 0 0.890395
0.031685 0 0 0 0.902177
0.0318242 0 0 0 0.914116
0.0319639 0 0 0 0.926212
0.0321043 0 0 0 0.938468
0.0322453 0 0 0 0.950887
0.0323869 0 0 0 0.96347
0.0325291 0 0 0 0.976219
0.032672 0 0 0 0.989138
0.0328155 0 0 0 1.00223
0.0329596 0 0 0 1.01549
0.0331043 0 0 0 1.02893
0.0332497 0 0 0 1.04254
0.0333957 0 0 0 1.05634
0.0335424 0 0 0 1.07032
0.0336897 0 0 0 1.08448
0.0338377 0 0 0 1.09883
0.0339863 0 0 0 1.11337
0.0341355 0 0 0 1.1281
0.0342854 0 0 0 1.14303
0.034436 0 0 0 1.15816
0.0345872 0 0 0 1.17348
0.0347391 0 0 0 1.18901
0.0348917 0 0 0 1.20475
0.0350449 0 0 0 1.22069
0.0351988 0 0 0 1.23684
0.0353534 0 0 0 1.25321
0.0355087 0 0 0 1.26979
0.0356646 0 0 0 1.2866
0.0358212 0 0 0 1.30362
0.0359785 0 0 0 1.32087
0.0361366 0 0 0 1.33835
0.0362952 0 0 0 1.35606
0.0364546 0 0 0 1.37401
0.0366147 0 0 0 1.39219
0.0367755 0 0 0 1.41061
0.036937 0 0 0 1.42928
0.0370993 0 0 0 1.44819
0.0372622 0 0 0 1.46735
0.0374258 0 0 0 1.48677
0.0375902 0 0 0 1.50645
0.0377553 0 0 0 1.52638
0.0379211 0 0 0 1.54658
0.0380876 0 0 0 1.56704
0.0382549 0 0 0 1.58778
0.0384229 0 0 0 1.60879
0.0385916 0 0 0 1.63008
0.0387611 0 0 0 1.65165
0.0389313 0 0 0 1.67351
0.0391023 0 0 0 1.69565
0.039274 0 0 0 1.71809
0.0394465 0 0 0 1.74083
0.0396197 0 0 0 1.76386
0.0397937 0 0 0 1.7872
0.0399685 0 0 0 1.81085
0.040144 0 0 0 1.83482
0.0403203 0 0 0 1.8591
0.0404974 0 0 0 1.8837
0.0406752 0 0 0 1.90862
0.0408539 0 0 0 1.93388
0.0410333 0 0 0 1.95947
0.0412135 0 0 0 1.9854
0.0413945 0 0 0 2.01167
0.0415763 0 0 0 2.03829
0.0417589 0 0 0 2.06527
0.0419423 0 0 0 2.09259
0.0421264 0 0 0 2.12029
0.0423115 0 0 0 2.14834
0.0424973 0 0 0 2.17677
0.0426839 0 0 0 2.20558
0.0428714 0 0 0 2.23476
0.0430596 0 0 0 2.26434
0.0432487 0 0 0 2.2943
0.0434387 0 0 0 2.32466
0.0436294 0 0 0 2.35542
0.043821 0 0 0 2.38659
0.0440135 0 0 0 2.41817
0.0442068 0 0 0 2.45017
0.0444009 0 0 0 2.48259
0.0445959 0 0 0 2.51545
0.0447918 0 0 0 2.54873
0.0449885 0 0 0 2.58246
0.045186 0 0 0 2.61663
0.0453845 0 0 0 2.65126
0.0455838 0 0 0 2.68634
0.045784 0 0 0 2.72189
0.045985 0 0 0 2.75791
0.046187 0 0 0 2.7944
0.0463898 0 0 0 2.83138
0.0465936 0 0 0 2.86885
0.0467982 0 0 0 2.90681
0.0470037 0 0 0 2.94528
0.0472101 0 0 0 2.98425
0.0474175 0 0 0 3.02374
0.0476257 0 0 0 3.06375
0.0478349 0 0 0 3.1043
0.0480449 0 0 0 3.14538
0.0482559 0 0 0 3.187
0.0484678 0 0 0 3.22917
0.0486807 0 0 0 3.2719
0.0488945 0 0 0 3.3152
0.0491092 0 0 0 3.35907
0.0493249 0 0 0 3.40352
0.0495415 0 0 0 3.44856
0.0497591 0 0 0 3.49419
0.0499776 0 0 0 3.54043
0.0501971 0 0 0 3.58728
0.0504175 0 0 0 3.63475
0.0506389 0 0 0 3.68285
0.0508613 0 0 0 3.73158
0.0510847 0 0 0 3.78096
0.051309 0 0 0 3.83099
0.0515344 0 0 0 3.88169
0.0517607 0 0 0 3.93306
0.051988 0 0 0 3.9851
0.0522163 0 0 0 4.03784
0.0524456 0 0 0 4.09127
0.052676 0 0 0 4.14541
0.0529073 0 0 0 4.20026
0.0531396 0 0 0 4.25584
0.053373 0 0 0 4.31216
0.0536074 0 0 0 4.36922
0.0538428 0 0 0 4.42704
0.0540793 0 0 0 4.48562
0.0543168 0 0 0 4.54498
0.0545553 0 0 0 4.60512
0.0547949 0 0 0 4.66606
0.0550356 0 0 0 4.72781
0.0552772 0 0 0 4.79037
0.05552 0 0 0 4.85376
0.0557638 0 0 0 4.91799
0.0560087 0 0 0 4.98307
0.0562547 0 0 0 5.04901
0.0565017 0 0 0 5.11582
0.0567499 0 0 0 5.18352
0.0569991 0 0 0 5.25211
0.0572494 0 0 0 5.32161
0.0575008 0 0 0 5.39203
0.0577534 0 0 0 5.46339
0.058007 0 0 0 5.53568
0.0582617 0 0 0 5.60893
0.0585176 0 0 0 5.68316
0.0587746 0 0 0 5.75836
0.0590327 0 0 0 5.83456
0.059292 0 0 0 5.91177
0.0595524 0 0 0 5.99
0.0598139 0 0 0 6.06926
0.0600766 0 0 0 6.14958
0.0603404 0 0 0 6.23095
0.0606054 0 0 0 6.31341
0.0608716 0 0 0 6.39695
0.0611389 0 0 0 6.4816
0.0614074 0 0 0 6.56737
0.0616771 0 0 0 6.65428
0.0619479 0 0 0 6.74233
0.06222 0 0 0 6.83155
0.0624932 0 0 0 6.92195
0.0627677 0 0 0 7.01355
0.0630433 0 0 0 7.10636
0.0633202 0 0 0 7.2004
0.0635983 0 0 0 7.29568
0.0638776 0 0 0 7.39222
0.0641581 0 0 0 7.49004
0.0644399 0 0 0 7.58916
0.0647229 0 0 0 7.68958
0.0650071 0 0 0 7.79134
0.0652926 0 0 0 7.89444
0.0655793 0 0 0 7.99891
0.0658673 0 0 0 8.10476
0.0661566 0 0 0 8.212
0.0664471 0 0 0 8.32067
0.0667389 0 0 0 8.43078
0.067032 0 0 0 8.54234
0.0673264 0 0 0 8.65538
0.0676221 0 0 0 8.76992
0.0679191 0 0 0 8.88597
0.0682173 0 0 0 9.00356
0.0685169 0 0 0 9.1227
0.0688178 0 0 0 9.24342
0.06912 0 0 0 9.36574
0.0694236 0 0 0 9.48967
0.0697285 0 0 0 9.61525
0.0700347 0 0 0 9.74248
0.0703423 0 0 0 9.87141
0.0706512 0 0 0 10.002
0.0709615 0 0 0 10.1344
0.0712731 0 0 0 10.2685
0.0715861 0 0 0 10.4044
0.0719005 0 0 0 10.5421
0.0722162 0 0 0 10.6816
0.0725334 0 0 0 10.8229
0.0728519 0 0 0 10.9661
0.0731719 0 0 0 11.1112
0.0734932 0 0 0 11.2583
0.073816 0 0 0 11.4072
0.0741401 0 0 0 11.5582
0.0744657 0 0 0 11.7111
0.0747928 0 0 0 11.8661
0.0751212 0 0 0 12.0231
0.0754511 0 0 0 12.1822
0.0757825 0 0 0 12.3435
0.0761153 0 0 0 12.5068
0.0764496 0 0 0 12.6723
0.0767853 0 0 0 12.84
0.0771225 0 0 0 13.0099
0.0774612 0 0 0 13.182
0.0778014 0 0 0 13.3565
0.0781431 0 0 0 13.5332
0.0784863 0 0 0 13.7123
0.0788309 0 0 0 13.8938
0.0791771 0 0 0 14.0776
0.0795249 0 0 0 14.2639
0.0798741 0 0 0 14.4527
0.0802249 0 0 0 14.6439
0.0805772 0 0 0 14.8377
0.0809311 0 0 0 15.034
0.0812865 0 0 0 15.233
0.0816435 0 0 0 15.4346
0.082002 0 0 0 15.6388
0.0823621 0 0 0 15.8457
0.0827238 0 0 0 16.0554
0.0830871 0 0 0 16.2679
0.083452 0 0 0 16.4832
0.0838185 0 0 0 16.7013
0.0841866 0 0 0 16.9223
0.0845563 0 0 0 17.1462
0.0849277 0 0 0 17.3731
0.0853006 0 0 0 17.603
0.0856753 0 0 0 17.8359
0.0860515 0 0 0 18.072
0.0864294 0 0 0 18.3111
0.086809 0 0 0 18.5534
0.0871902 0 0 0 18.7989
0.0875731 0 0 0 19.0477
0.0879577 0 0 0 19.2998
0.088344 0 0 0 19.5551
0.088732 0 0 0 19.8139
0.0891217 0 0 0 20.0761
0.089513 0 0 0 20.3418
0.0899062 0 0 0 20.611
0.090301 0 0 0 20.8837
0.0906976 0 0 0 21.16
0.0910959 0 0 0 21.4401
0.0914959 0 0 0 21.7238
0.0918977 0 0 0 22.0112
0.0923013 0 0 0 22.3025
0.0927067 0 0 0 22.5976
0.0931138 0 0 0 22.8967
0.0935227 0 0 0 23.1997
0.0939335 0 0 0 23.5067
0.094346 0 0 0 23.8177
0.0947603 0 0 0 24.1329
0.0951765 0 0 0 24.4522
0.0955944 0 0 0 24.7758
0.0960143 0 0 0 25.1037
0.0964359 0 0 0 25.4359
0.0968594 0 0 0 25.7724
0.0972848 0 0 0 26.1135
0.097712 0 0 0 26.459
0.0981412 0 0 0 26.8092
0.0985722 0 0 0 27.1639
0.0990051 0 0 0 27.5234
0.0994399 0 0 0 27.8876
0.0998766 0 0 0 28.2566
0.100315 0 0 0 28.6306
0.100756 0 0 0 29.0094
0.101198 0 0 0 29.3933
0.101643 0 0 0 29.7823
0.102089 0 0 0 30.1764
0.102537 0 0 0 30.5757
0.102988 0 0 0 30.9803
0.10344 0 0 0 31.3902
0.103894 0 0 0 31.8056
0.10435 0 0 0 32.2265
0.104809 0 0 0 32.653
0.105269 0 0 0 33.0851
0.105731 0 0 0 33.5229
0.106196 0 0 0 33.9665
0.106662 0 0 0 34.4159
0.10713 0 0 0 34.8714
0.107601 0 0 0 35.3328
0.108073 0 0 0 35.8004
0.108548 0 0 0 36.2741
0.109025 0 0 0 36.7541
0.109504 0 0 0 37.2405
0.109985 0 0 0 37.7333
0.110468 0 0 0 38.2326
0.110953 0 0 0 38.7385
0.11144 0 0 0 39.2511
0.111929 0 0 0 39.7706
0.112421 0 0 0 40.2968
0.112915 0 0 0 40.8301
0.11341 0 0 0 41.3704
0.113909 0 0 0 41.9178
0.114409 0 0 0 42.4725
0.114911 0 0 0 43.0345
0.115416 0 0 0 43.604
0.115923 0 0 0 44.181
0.116432 0 0 0 44.7657
0.116943 0 0 0 45.358
0.117457 0 0 0 45.9583
0.117973 0 0 0 46.5664
0.118491 0 0 0 47.1826
0.119011 0 0 0 47.807
0.119534 0 0 0 48.4396
0.120059 0 0 0 49.0806
0.120586 0 0 0 49.7301
0.121115 0 0 0 50.3882
0.121647 0 0 0 51.0549
0.122182 0 0 0 51.7305
0.122718 0 0 0 52.4151
0.123257 0 0 0 53.1087
0.123798 0 0 0 53.8115
0.124342 0 0 0 54.5235
0.124888 0 0 0 55.245
0.125437 0 0 0 55.9761
0.125987 0 0 0 56.7168
0.126541 0 0 0 57.4673
0.127096 0 0 0 58.2278
0.127655 0 0 0 58.9983
0.128215 0 0 0 59.779
0.128778 0 0 0 60.5701
0.129344 0 0 0 61.3716
0.129912 0 0 0 62.1837
0.130482 0 0 0 63.0066
0.131055 0 0 0 63.8404
0.131631 0 0 0 64.6851
0.132209 0 0 0 65.5411
0.13279 0 0 0 66.4084
0.133373 0 0 0 67.2872
0.133959 0 0 0 68.1776
0.134547 0 0 0 69.0798
0.135138 0 0 0 69.9939
0.135731 0 0 0 70.9201
0.136327 0 0 0 71.8586
0.136926 0 0 0 72.8095
0.137527 0 0 0 73.773
0.138131 0 0 0 74.7492
0.138738 0 0 0 75.7383
0.139347 0 0 0 76.7406
0.139959 0 0 0 77.7561
0.140574 0 0 0 78.785
0.141191 0 0 0 79.8276
0.141811 0 0 0 80.8839
0.142434 0 0 0 81.9542
0.14306 0 0 0 83.0387
0.143688 0 0 0 84.1376
0.144319 0 0 0 85.251
0.144953 0 0 0 86.3791
0.145589 0 0 0 87.5221
0.146229 0 0 0 88.6803
0.146871 0 0 0 89.8538
0.147516 0 0 0 91.0428
0.148164 0 0 0 92.2476
0.148814 0 0 0 93.4683
0.149468 0 0 0 94.7051
0.150124 0 0 0 95.9583
0.150784 0 0 0 97.2281
0.151446 0 0 0 98.5147
0.152111 0 0 0 99.8184
0.152779 0 0 0 101.139
0.15345 0 0 0 102.478
0.154124 0 0 0 103.834
0.154801 0 0 0 105.208
0.15548 0 0 0 106.6
0.156163 0 0 0 108.011
0.156849 0 0 0 109.44
0.157538 0 0 0 110.888
0.15823 0 0 0 112.355
0.158925 0 0 0 113.842
0.159623 0 0 0 115.349
0.160324 0 0 0 116.875
0.161028 0 0 0 118.422
0.161735 0 0 0 119.989
0.162445 0 0 0 121.576
0.163158 0 0 0 123.185
0.163875 0 0 0 124.815
0.164595 0 0 0 126.467
0.165318 0 0 0 128.141
0.166044 0 0 0 129.836
0.166773 0 0 0 131.554
0.167505 0 0 0 133.295
0.168241 0 0 0 135.059
0.16898 0 0 0 136.846
0.169722 0 0 0 138.657
0.170467 0 0 0 140.492
0.171216 0 0 0 142.351
0.171968 0 0 0 144.235
0.172723 0 0 0 146.143
0.173481 0 0 0 148.077
0.174243 0 0 0 150.037
0.175008 0 0 0 152.022
0.175777 0 0 0 154.034
0.176549 0 0 0 156.072
0.177324 0 0 0 158.138
0.178103 0 0 0 160.23
0.178885 0 0 0 162.35
0.179671 0 0 0 164.499
0.18046 0 0 0 166.676
0.181252 0 0 0 168.881
0.182048 0 0 0 171.116
0.182848 0 0 0 173.38
0.183651 0 0 0 175.675
0.184457 0 0 0 177.999
0.185268 0 0 0 180.355
0.186081 0 0 0 182.741
0.186898 0 0 0 185.16
0.187719 0 0 0 187.61
0.188544 0 0 0 190.092
0.189372 0 0 0 192.608
0.190203 0 0 0 195.157
0.191038 0 0 0 197.739
0.191877 0 0 0 200.356
0.19272 0 0 0 203.007
0.193566 0 0 0 205.693
0.194417 0 0 0 208.415
0.19527 0 0 0 211.173
0.196128 0 0 0 213.968
0.196989 0 0 0 216.799
0.197854 0 0 0 219.668
0.198723 0 0 0 222.575
0.199596 0 0 0 225.52
0.200473 0 0 0 228.504
0.201353 0 0 0 231.528
0.202237 0 0 0 234.592
0.203125 0 0 0 237.696
0.204017 0 0 0 240.842
0.204913 0 0 0 244.029
0.205813 0 0 0 247.258
0.206717 0 0 0 250.53
0.207625 0 0 0 253.845
0.208537 0 0 0 257.204
0.209453 0 0 0 260.608
0.210372 0 0 0 264.056
0.211296 0 0 0 267.55
0.212224 0 0 0 271.091
0.213156 0 0 0 274.678
0.214092 0 0 0 278.313
0.215033 0 0 0 281.996
0.215977 0 0 0 285.728
0.216925 0 0 0 289.509
0.217878 0 0 0 293.34
0.218835 0 0 0 297.221
0.219796 0 0 0 301.154
0.220761 0 0 0 305.14
0.221731 0 0 0 309.177
0.222705 0 0 0 313.269
0.223683 0 0 0 317.414
0.224665 0 0 0 321.614
0.225652 0 0 0 325.87
0.226643 0 0 0 330.183
0.227638 0 0 0 334.552
0.228638 0 0 0 338.979
0.229642 0 0 0 343.465
0.23065 0 0 0 348.01
0.231663 0 0 0 352.615
0.23268 0 0 0 357.281
0.233702 0 0 0 362.009
0.234729 0 0 0 366.799
0.23576 0 0 0 371.653
0.236795 0 0 0 376.571
0.237835 0 0 0 381.554
0.238879 0 0 0 386.603
0.239928 0 0 0 391.719
0.240982 0 0 0 396.903
0.24204 0 0 0 402.155
0.243103 0 0 0 407.476
0.244171 0 0 0 412.868
0.245243 0 0 0 418.332
0.24632 0 0 0 423.868
0.247402 0 0 0 429.477
0.248488 0 0 0 435.16
0.24958 0 0 0 440.918
0.250676 0 0 0 446.753
0.251777 0 0 0 452.665
0.252882 0 0 0 458.655
0.253993 0 0 0 464.724
0.255108 0 0 0 470.874
0.256229 0 0 0 477.105
0.257354 0 0 0 483.418
0.258484 0 0 0 489.815
0.259619 0 0 0 496.297
0.26076 0 0 0 502.864
0.261905 0 0 0 509.519
0.263055 0 0 0 516.261
0.26421 0 0 0 523.093
0.26537 0 0 0 530.015
0.266536 0 0 0 537.028
0.267706 0 0 0 544.135
0.268882 0 0 0 551.335
0.270063 0 0 0 558.631
0.271249 0 0 0 566.023
0.27244 0 0 0 573.513
0.273637 0 0 0 581.102
0.274838 0 0 0 588.792
0.276045 0 0 0 596.583
0.277258 0 0 0 604.478
0.278475 0 0 0 612.477
0.279698 0 0 0 620.582
0.280927 0 0 0 628.794
0.28216 0 0 0 637.115
0.283399 0 0 0 645.545
0.284644 0 0 0 654.088
0.285894 0 0 0 662.743
0.28715 0 0 0 671.513
0.288411 0 0 0 680.399
0.289677 0 0 0 689.403
0.290949 0 0 0 698.526
0.292227 0 0 0 707.769
0.293511 0 0 0 717.135
0.2948 0 0 0 726.625
0.296094 0 0 0 736.24
0.297395 0 0 0 745.983
0.298701 0 0 0 755.854
0.300012 0 0 0 765.856
0.30133 0 0 0 775.991
0.302653 0 0 0 786.259
0.303982 0 0 0 796.664
0.305317 0 0 0 807.206
0.306658 0 0 0 817.888
0.308005 0 0 0 828.711
0.309358 0 0 0 839.677
0.310716 0 0 0 850.788
0.312081 0 0 0 862.047
0.313451 0 0 0 873.454
0.314828 0 0 0 885.012
0.31621 0 0 0 896.724
0.317599 0 0 0 908.59
0.318994 0 0 0 920.613
0.320395 0 0 0 932.795
0.321802 0 0 0 945.139
0.323215 0 0 0 957.646
0.324635 0 0 0 970.318
0.32606 0 0 0 983.158
0.327492 0 0 0 996.168
0.32893 0 0 0 1009.35
0.330375 0 0 0 1022.71
0.331826 0 0 0 1036.24
0.333283 0 0 0 1049.95
0.334747 0 0 0 1063.85
0.336217 0 0 0 1077.92
0.337693 0 0 0 1092.19
0.339176 0 0 0 1106.64
0.340666 0 0 0 1121.29
0.342162 0 0 0 1136.12
0.343665 0 0 0 1151.16
0.345174 0 0 0 1166.39
0.34669 0 0 0 1181.83
0.348212 0 0 0 1197.46
0.349742 0 0 0 1213.31
0.351278 0 0 0 1229.37
0.35282 0 0 0 1245.63
0.35437 0 0 0 1262.12
0.355926 0 0 0 1278.82
0.357489 0 0 0 1295.74
0.359059 0 0 0 1312.89
0.360636 0 0 0 1330.26
0.36222 0 0 0 1347.86
0.36381 0 0 0 1365.7
0.365408 0 0 0 1383.77
0.367013 0 0 0 1402.08
0.368625 0 0 0 1420.64
0.370244 0 0 0 1439.44
0.37187 0 0 0 1458.48
0.373503 0 0 0 1477.78
0.375143 0 0 0 1497.34
0.37679 0 0 0 1517.15
0.378445 0 0 0 1537.23
0.380107 0 0 0 1557.57
0.381776 0 0 0 1578.18
0.383453 0 0 0 1599.07
0.385137 0 0 0 1620.23
0.386828 0 0 0 1641.67
0.388527 0 0 0 1663.39
0.390234 0 0 0 1685.4
0.391947 0 0 0 1707.7
0.393669 0 0 0 1730.3
0.395397 0 0 0 1753.2
0.397134 0 0 0 1776.4
0.398878 0 0 0 1799.91
0.40063 0 0 0 1823.72
0.402389 0 0 0 1847.86
0.404156 0 0 0 1872.31
0.405931 0 0 0 1897.09
0.407714 0 0 0 1922.19
0.409504 0 0 0 1947.63
0.411303 0 0 0 1973.4
0.413109 0 0 0 1999.51
0.414923 0 0 0 2025.97
0.416745 0 0 0 2052.78
0.418576 0 0 0 2079.95
0.420414 0 0 0 2107.47
0.42226 0 0 0 2135.36
0.424115 0 0 0 2163.61
0.425977 0 0 0 2192.24
0.427848 0 0 0 2221.25
0.429727 0 0 0 2250.65
0.431614 0 0 0 2280.43
0.43351 0 0 0 2310.61
0.435413 0 0 0 2341.18
0.437326 0 0 0 2372.16
0.439246 0 0 0 2403.55
0.441175 0 0 0 2435.36
0.443113 0 0 0 2467.59
0.445059 0 0 0 2500.24
0.447013 0 0 0 2533.32
0.448976 0 0 0 2566.85
0.450948 0 0 0 2600.81
0.452928 0 0 0 2635.23
0.454918 0 0 0 2670.1
0.456915 0 0 0 2705.44
0.458922 0 0 0 2741.24
0.460937 0 0 0 2777.51
0.462962 0 0 0 2814.27
0.464995 0 0 0 2851.51
0.467037 0 0 0 2889.24
0.469088 0 0 0 2927.47
0.471148 0 0 0 2966.21
0.473217 0 0 0 3005.46
0.475295 0 0 0 3045.23
0.477383 0 0 0 3085.53
0.479479 0 0 0 3126.36
0.481585 0 0 0 3167.73
0.4837 0 0 0 3209.65
0.485824 0 0 0 3252.12
0.487958 0 0 0 3295.16
0.490101 0 0 0 3338.76
0.492253 0 0 0 3382.94
0.494415 0 0 0 3427.71
0.496586 0 0 0 3473.07
0.498767 0 0 0 3519.03
0.500957 0 0 0 3565.59
0.503157 0 0 0 3612.78
0.505367 0 0 0 3660.58
0.507586 0 0 0 3709.02
0.509816 0 0 0 3758.11
0.512054 0 0 0 3807.84
0.514303 0 0 0 3858.22
0.516562 0 0 0 3909.28
0.51883 0 0 0 3961.01
0.521109 0 0 0 4013.43
0.523397 0 0 0 4066.54
0.525696 0 0 0 4120.35
0.528005 0 0 0 4174.87
0.530323 0 0 0 4230.12
0.532652 0 0 0 4286.09
0.534992 0 0 0 4342.81
0.500677
2000
3.04789e+06
      753571000
8.39596e-05 0 0 0 1.67857e-08
8.43283e-05 0 0 0 1.70079e-08
8.46986e-05 0 0 0 1.72329e-08
8.50706e-05 0 0 0 1.7461e-08
8.54442e-05 0 0 0 1.7692e-08
8.58194e-05 0 0 0 1.79261e-08
8.61963e-05 0 0 0 1.81633e-08
8.65749e-05 0 0 0 1.84037e-08
8.69551e-05 0 0 0 1.86472e-08
8.73369e-05 0 0 0 1.8894e-08
8.77205e-05 0 0 0 1.9144e-08
8.81057e-05 0 0 0 1.93973e-08
8.84927e-05 0 0 0 1.9654e-08
8.88813e-05 0 0 0 1.99141e-08
8.92716e-05 0 0 0 2.01776e-08
8.96637e-05 0 0 0 2.04446e-08
9.00574e-05 0 0 0 2.07152e-08
9.04529e-05 0 0 0 2.09893e-08
9.08502e-05 0 0 0 2.1267e-08
9.12492e-05 0 0 0 2.15485e-08
9.16499e-05 0 0 0 2.18336e-08
9.20524e-05 0 0 0 2.21225e-08
9.24566e-05 0 0 0 2.24153e-08
9.28627e-05 0 0 0 2.27119e-08
9.32705e-05 0 0 0 2.30124e-08
9.36801e-05 0 0 0 2.3317e-08
9.40915e-05 0 0 0 2.36255e-08
9.45047e-05 0 0 0 2.39382e-08
9.49198e-05 0 0 0 2.42549e-08
9.53366e-05 0 0 0 2.45759e-08
9.57553e-05 0 0 0 2.49011e-08
9.61758e-05 0 0 0 2.52306e-08
9.65982e-05 0 0 0 2.55645e-08
9.70224e-05 0 0 0 2.59028e-08
9.74485e-05 0 0 0 2.62455e-08
9.78765e-05 0 0 0 2.65928e-08
9.83063e-05 0 0 0 2.69447e-08
9.8738e-05 0 0 0 2.73013e-08
9.91717e-05 0 0 0 2.76626e-08
9.96072e-05 0 0 0 2.80286e-08
0.000100045 0 0 0 2.83995e-08
0.000100484 0 0 0 2.87753e-08
0.000100925 0 0 0 2.91561e-08
0.000101368 0 0 0 2.95419e-08
0.000101814 0 0 0 2.99329e-08
0.000102261 0 0 0 3.0329e-08
0.00010271 0 0 0 3.07303e-08
0.000103161 0 0 0 3.11369e-08
0.000103614 0 0 0 3.1549e-08
0.000104069 0 0 0 3.19665e-08
0.000104526 0 0 0 3.23895e-08
0.000104985 0 0 0 3.28181e-08
0.000105446 0 0 0 3.32524e-08
0.000105909 0 0 0 3.36924e-08
0.000106374 0 0 0 3.41382e-08
0.000106842 0 0 0 3.459e-08
0.000107311 0 0 0 3.50477e-08
0.000107782 0 0 0 3.55115e-08
0.000108255 0 0 0 3.59814e-08
0.000108731 0 0 0 3.64575e-08
0.000109208 0 0 0 3.694e-08
0.000109688 0 0 0 3.74288e-08
0.00011017 0 0 0 3.79241e-08
0.000110653 0 0 0 3.84259e-08
0.000111139 0 0 0 3.89344e-08
0.000111627 0 0 0 3.94496e-08
0.000112118 0 0 0 3.99717e-08
0.00011261 0 0 0 4.05006e-08
0.000113105 0 0 0 4.10365e-08
0.000113601 0 0 0 4.15796e-08
0.0001141 0 0 0 4.21298e-08
0.000114601 0 0 0 4.26873e-08
0.000115105 0 0 0 4.32522e-08
0.00011561 0 0 0 4.38245e-08
0.000116118 0 0 0 4.44044e-08
0.000116628 0 0 0 4.4992e-08
0.00011714 0 0 0 4.55874e-08
0.000117654 0 0 0 4.61907e-08
0.000118171 0 0 0 4.68019e-08
0.00011869 0 0 0 4.74212e-08
0.000119211 0 0 0 4.80487e-08
0.000119735 0 0 0 4.86846e-08
0.000120261 0 0 0 4.93288e-08
0.000120789 0 0 0 4.99816e-08
0.000121319 0 0 0 5.0643e-08
0.000121852 0 0 0 5.13131e-08
0.000122387 0 0 0 5.19921e-08
0.000122925 0 0 0 5.26801e-08
0.000123464 0 0 0 5.33772e-08
0.000124007 0 0 0 5.40836e-08
0.000124551 0 0 0 5.47993e-08
0.000125098 0 0 0 5.55244e-08
0.000125648 0 0 0 5.62591e-08
0.000126199 0 0 0 5.70036e-08
0.000126754 0 0 0 5.77579e-08
0.00012731 0 0 0 5.85222e-08
0.000127869 0 0 0 5.92967e-08
0.000128431 0 0 0 6.00813e-08
0.000128995 0 0 0 6.08764e-08
0.000129562 0 0 0 6.16819e-08
0.000130131 0 0 0 6.24982e-08
0.000130702 0 0 0 6.33252e-08
0.000131276 0 0 0 6.41632e-08
0.000131853 0 0 0 6.50122e-08
0.000132432 0 0 0 6.58725e-08
0.000133013 0 0 0 6.67442e-08
0.000133597 0 0 0 6.76274e-08
0.000134184 0 0 0 6.85223e-08
0.000134773 0 0 0 6.94291e-08
0.000135365 0 0 0 7.03478e-08
0.00013596 0 0 0 7.12787e-08
0.000136557 0 0 0 7.2222e-08
0.000137156 0 0 0 7.31777e-08
0.000137759 0 0 0 7.4146e-08
0.000138364 0 0 0 7.51272e-08
0.000138971 0 0 0 7.61213e-08
0.000139582 0 0 0 7.71286e-08
0.000140195 0 0 0 7.81493e-08
0.00014081 0 0 0 7.91834e-08
0.000141429 0 0 0 8.02312e-08
0.00014205 0 0 0 8.12929e-08
0.000142674 0 0 0 8.23687e-08
0.0001433 0 0 0 8.34586e-08
0.00014393 0 0 0 8.4563e-08
0.000144562 0 0 0 8.5682e-08
0.000145197 0 0 0 8.68159e-08
0.000145834 0 0 0 8.79647e-08
0.000146475 0 0 0 8.91287e-08
0.000147118 0 0 0 9.03081e-08
0.000147764 0 0 0 9.15032e-08
0.000148413 0 0 0 9.2714e-08
0.000149065 0 0 0 9.39409e-08
0.000149719 0 0 0 9.5184e-08
0.000150377 0 0 0 9.64436e-08
0.000151037 0 0 0 9.77198e-08
0.000151701 0 0 0 9.90129e-08
0.000152367 0 0 0 1.00323e-07
0.000153036 0 0 0 1.01651e-07
0.000153708 0 0 0 1.02996e-07
0.000154383 0 0 0 1.04359e-07
0.000155061 0 0 0 1.0574e-07
0.000155742 0 0 0 1.07139e-07
0.000156426 0 0 0 1.08557e-07
0.000157113 0 0 0 1.09993e-07
0.000157803 0 0 0 1.11449e-07
0.000158496 0 0 0 1.12924e-07
0.000159192 0 0 0 1.14418e-07
0.000159891 0 0 0 1.15932e-07
0.000160593 0 0 0 1.17466e-07
0.000161299 0 0 0 1.1902e-07
0.000162007 0 0 0 1.20595e-07
0.000162718 0 0 0 1.22191e-07
0.000163433 0 0 0 1.23808e-07
0.000164151 0 0 0 1.25447e-07
0.000164872 0 0 0 1.27107e-07
0.000165596 0 0 0 1.28789e-07
0.000166323 0 0 0 1.30493e-07
0.000167053 0 0 0 1.3222e-07
0.000167787 0 0 0 1.33969e-07
0.000168524 0 0 0 1.35742e-07
0.000169264 0 0 0 1.37538e-07
0.000170007 0 0 0 1.39358e-07
0.000170754 0 0 0 1.41202e-07
0.000171504 0 0 0 1.43071e-07
0.000172257 0 0 0 1.44964e-07
0.000173014 0 0 0 1.46882e-07
0.000173773 0 0 0 1.48826e-07
0.000174536 0 0 0 1.50796e-07
0.000175303 0 0 0 1.52791e-07
0.000176073 0 0 0 1.54813e-07
0.000176846 0 0 0 1.56861e-07
0.000177623 0 0 0 1.58937e-07
0.000178403 0 0 0 1.6104e-07
0.000179186 0 0 0 1.63171e-07
0.000179973 0 0 0 1.65331e-07
0.000180764 0 0 0 1.67518e-07
0.000181557 0 0 0 1.69735e-07
0.000182355 0 0 0 1.71981e-07
0.000183156 0 0 0 1.74257e-07
0.00018396 0 0 0 1.76563e-07
0.000184768 0 0 0 1.78899e-07
0.000185579 0 0 0 1.81267e-07
0.000186394 0 0 0 1.83665e-07
0.000187213 0 0 0 1.86096e-07
0.000188035 0 0 0 1.88558e-07
0.000188861 0 0 0 1.91054e-07
0.00018969 0 0 0 1.93582e-07
0.000190523 0 0 0 1.96143e-07
0.00019136 0 0 0 1.98739e-07
0.0001922 0 0 0 2.01369e-07
0.000193044 0 0 0 2.04034e-07
0.000193892 0 0 0 2.06734e-07
0.000194744 0 0 0 2.09469e-07
0.000195599 0 0 0 2.12241e-07
0.000196458 0 0 0 2.1505e-07
0.000197321 0 0 0 2.17895e-07
0.000198187 0 0 0 2.20779e-07
0.000199058 0 0 0 2.237e-07
0.000199932 0 0 0 2.2666e-07
0.00020081 0 0 0 2.2966e-07
0.000201692 0 0 0 2.32699e-07
0.000202578 0 0 0 2.35778e-07
0.000203467 0 0 0 2.38898e-07
0.000204361 0 0 0 2.42059e-07
0.000205258 0 0 0 2.45263e-07
0.00020616 0 0 0 2.48508e-07
0.000207065 0 0 0 2.51797e-07
0.000207974 0 0 0 2.55129e-07
0.000208888 0 0 0 2.58505e-07
0.000209805 0 0 0 2.61925e-07
0.000210726 0 0 0 2.65392e-07
0.000211652 0 0 0 2.68903e-07
0.000212581 0 0 0 2.72462e-07
0.000213515 0 0 0 2.76067e-07
0.000214453 0 0 0 2.7972e-07
0.000215394 0 0 0 2.83422e-07
0.00021634 0 0 0 2.87172e-07
0.00021729 0 0 0 2.90972e-07
0.000218245 0 0 0 2.94823e-07
0.000219203 0 0 0 2.98724e-07
0.000220166 0 0 0 3.02677e-07
0.000221133 0 0 0 3.06682e-07
0.000222104 0 0 0 3.10741e-07
0.000223079 0 0 0 3.14853e-07
0.000224059 0 0 0 3.19019e-07
0.000225043 0 0 0 3.23241e-07
0.000226031 0 0 0 3.27518e-07
0.000227024 0 0 0 3.31852e-07
0.000228021 0 0 0 3.36243e-07
0.000229022 0 0 0 3.40693e-07
0.000230028 0 0 0 3.45201e-07
0.000231038 0 0 0 3.49769e-07
0.000232053 0 0 0 3.54398e-07
0.000233072 0 0 0 3.59087e-07
0.000234096 0 0 0 3.63839e-07
0.000235124 0 0 0 3.68654e-07
0.000236156 0 0 0 3.73532e-07
0.000237193 0 0 0 3.78475e-07
0.000238235 0 0 0 3.83483e-07
0.000239281 0 0 0 3.88558e-07
0.000240332 0 0 0 3.937e-07
0.000241388 0 0 0 3.9891e-07
0.000242448 0 0 0 4.04188e-07
0.000243512 0 0 0 4.09537e-07
0.000244582 0 0 0 4.14956e-07
0.000245656 0 0 0 4.20447e-07
0.000246735 0 0 0 4.26011e-07
0.000247818 0 0 0 4.31648e-07
0.000248907 0 0 0 4.3736e-07
0.00025 0 0 0 4.43148e-07
0.000251098 0 0 0 4.49012e-07
0.0002522 0 0 0 4.54954e-07
0.000253308 0 0 0 4.60974e-07
0.00025442 0 0 0 4.67074e-07
0.000255538 0 0 0 4.73255e-07
0.00025666 0 0 0 4.79517e-07
0.000257787 0 0 0 4.85863e-07
0.000258919 0 0 0 4.92292e-07
0.000260056 0 0 0 4.98806e-07
0.000261198 0 0 0 5.05407e-07
0.000262345 0 0 0 5.12095e-07
0.000263498 0 0 0 5.18871e-07
0.000264655 0 0 0 5.25738e-07
0.000265817 0 0 0 5.32695e-07
0.000266984 0 0 0 5.39744e-07
0.000268157 0 0 0 5.46886e-07
0.000269335 0 0 0 5.54123e-07
0.000270517 0 0 0 5.61456e-07
0.000271705 0 0 0 5.68885e-07
0.000272899 0 0 0 5.76413e-07
0.000274097 0 0 0 5.84041e-07
0.000275301 0 0 0 5.91769e-07
0.00027651 0 0 0 5.996e-07
0.000277724 0 0 0 6.07535e-07
0.000278944 0 0 0 6.15574e-07
0.000280169 0 0 0 6.2372e-07
0.000281399 0 0 0 6.31973e-07
0.000282635 0 0 0 6.40336e-07
0.000283876 0 0 0 6.4881e-07
0.000285123 0 0 0 6.57395e-07
0.000286375 0 0 0 6.66095e-07
0.000287633 0 0 0 6.74909e-07
0.000288896 0 0 0 6.8384e-07
0.000290165 0 0 0 6.92889e-07
0.000291439 0 0 0 7.02058e-07
0.000292719 0 0 0 7.11348e-07
0.000294004 0 0 0 7.20761e-07
0.000295296 0 0 0 7.30299e-07
0.000296592 0 0 0 7.39963e-07
0.000297895 0 0 0 7.49755e-07
0.000299203 0 0 0 7.59676e-07
0.000300517 0 0 0 7.69729e-07
0.000301837 0 0 0 7.79915e-07
0.000303163 0 0 0 7.90235e-07
0.000304494 0 0 0 8.00692e-07
0.000305831 0 0 0 8.11288e-07
0.000307174 0 0 0 8.22023e-07
0.000308523 0 0 0 8.32901e-07
0.000309878 0 0 0 8.43923e-07
0.000311239 0 0 0 8.5509e-07
0.000312606 0 0 0 8.66406e-07
0.000313979 0 0 0 8.77871e-07
0.000315358 0 0 0 8.89488e-07
0.000316743 0 0 0 9.01258e-07
0.000318134 0 0 0 9.13184e-07
0.000319531 0 0 0 9.25268e-07
0.000320934 0 0 0 9.37512e-07
0.000322343 0 0 0 9.49918e-07
0.000323759 0 0 0 9.62488e-07
0.000325181 0 0 0 9.75225e-07
0.000326609 0 0 0 9.8813e-07
0.000328043 0 0 0 1.00121e-06
0.000329484 0 0 0 1.01445e-06
0.000330931 0 0 0 1.02788e-06
0.000332384 0 0 0 1.04148e-06
0.000333844 0 0 0 1.05526e-06
0.00033531 0 0 0 1.06923e-06
0.000336783 0 0 0 1.08338e-06
0.000338262 0 0 0 1.09771e-06
0.000339747 0 0 0 1.11224e-06
0.000341239 0 0 0 1.12696e-06
0.000342738 0 0 0 1.14187e-06
0.000344243 0 0 0 1.15698e-06
0.000345755 0 0 0 1.17229e-06
0.000347273 0 0 0 1.1878e-06
0.000348798 0 0 0 1.20352e-06
0.00035033 0 0 0 1.21945e-06
0.000351869 0 0 0 1.23558e-06
0.000353414 0 0 0 1.25193e-06
0.000354966 0 0 0 1.2685e-06
0.000356525 0 0 0 1.28528e-06
0.000358091 0 0 0 1.30229e-06
0.000359663 0 0 0 1.31953e-06
0.000361243 0 0 0 1.33699e-06
0.000362829 0 0 0 1.35468e-06
0.000364423 0 0 0 1.37261e-06
0.000366023 0 0 0 1.39077e-06
0.00036763 0 0 0 1.40917e-06
0.000369245 0 0 0 1.42782e-06
0.000370867 0 0 0 1.44671e-06
0.000372495 0 0 0 1.46586e-06
0.000374131 0 0 0 1.48526e-06
0.000375774 0 0 0 1.50491e-06
0.000377424 0 0 0 1.52482e-06
0.000379082 0 0 0 1.545e-06
0.000380747 0 0 0 1.56545e-06
0.000382419 0 0 0 1.58616e-06
0.000384098 0 0 0 1.60715e-06
0.000385785 0 0 0 1.62842e-06
0.000387479 0 0 0 1.64997e-06
0.000389181 0 0 0 1.6718e-06
0.00039089 0 0 0 1.69392e-06
0.000392607 0 0 0 1.71634e-06
0.000394331 0 0 0 1.73905e-06
0.000396063 0 0 0 1.76206e-06
0.000397802 0 0 0 1.78538e-06
0.000399549 0 0 0 1.80901e-06
0.000401304 0 0 0 1.83295e-06
0.000403066 0 0 0 1.8572e-06
0.000404836 0 0 0 1.88178e-06
0.000406614 0 0 0 1.90668e-06
0.0004084 0 0 0 1.93191e-06
0.000410193 0 0 0 1.95747e-06
0.000411995 0 0 0 1.98338e-06
0.000413804 0 0 0 2.00962e-06
0.000415621 0 0 0 2.03622e-06
0.000417447 0 0 0 2.06316e-06
0.00041928 0 0 0 2.09046e-06
0.000421121 0 0 0 2.11813e-06
0.000422971 0 0 0 2.14615e-06
0.000424828 0 0 0 2.17455e-06
0.000426694 0 0 0 2.20333e-06
0.000428568 0 0 0 2.23249e-06
0.00043045 0 0 0 2.26203e-06
0.00043234 0 0 0 2.29196e-06
0.000434239 0 0 0 2.32229e-06
0.000436146 0 0 0 2.35302e-06
0.000438061 0 0 0 2.38416e-06
0.000439985 0 0 0 2.41571e-06
0.000441918 0 0 0 2.44767e-06
0.000443858 0 0 0 2.48006e-06
0.000445808 0 0 0 2.51288e-06
0.000447765 0 0 0 2.54614e-06
0.000449732 0 0 0 2.57983e-06
0.000451707 0 0 0 2.61397e-06
0.000453691 0 0 0 2.64856e-06
0.000455683 0 0 0 2.6836e-06
0.000457684 0 0 0 2.71912e-06
0.000459694 0 0 0 2.7551e-06
0.000461713 0 0 0 2.79156e-06
0.000463741 0 0 0 2.8285e-06
0.000465777 0 0 0 2.86593e-06
0.000467823 0 0 0 2.90385e-06
0.000469877 0 0 0 2.94228e-06
0.000471941 0 0 0 2.98121e-06
0.000474013 0 0 0 3.02066e-06
0.000476095 0 0 0 3.06063e-06
0.000478186 0 0 0 3.10113e-06
0.000480286 0 0 0 3.14217e-06
0.000482395 0 0 0 3.18375e-06
0.000484514 0 0 0 3.22588e-06
0.000486642 0 0 0 3.26857e-06
0.000488779 0 0 0 3.31182e-06
0.000490925 0 0 0 3.35565e-06
0.000493081 0 0 0 3.40005e-06
0.000495247 0 0 0 3.44504e-06
0.000497422 0 0 0 3.49063e-06
0.000499606 0 0 0 3.53682e-06
0.0005018 0 0 0 3.58362e-06
0.000504004 0 0 0 3.63105e-06
0.000506217 0 0 0 3.6791e-06
0.00050844 0 0 0 3.72778e-06
0.000510673 0 0 0 3.77711e-06
0.000512916 0 0 0 3.82709e-06
0.000515169 0 0 0 3.87773e-06
0.000517431 0 0 0 3.92905e-06
0.000519703 0 0 0 3.98104e-06
0.000521986 0 0 0 4.03372e-06
0.000524278 0 0 0 4.0871e-06
0.000526581 0 0 0 4.14118e-06
0.000528893 0 0 0 4.19598e-06
0.000531216 0 0 0 4.25151e-06
0.000533549 0 0 0 4.30777e-06
0.000535892 0 0 0 4.36477e-06
0.000538245 0 0 0 4.42253e-06
0.000540609 0 0 0 4.48105e-06
0.000542983 0 0 0 4.54035e-06
0.000545368 0 0 0 4.60043e-06
0.000547763 0 0 0 4.66131e-06
0.000550169 0 0 0 4.72299e-06
0.000552585 0 0 0 4.78549e-06
0.000555011 0 0 0 4.84882e-06
0.000557449 0 0 0 4.91298e-06
0.000559897 0 0 0 4.97799e-06
0.000562356 0 0 0 5.04387e-06
0.000564825 0 0 0 5.11061e-06
0.000567306 0 0 0 5.17824e-06
0.000569797 0 0 0 5.24676e-06
0.0005723 0 0 0 5.31619e-06
0.000574813 0 0 0 5.38654e-06
0.000577337 0 0 0 5.45782e-06
0.000579873 0 0 0 5.53004e-06
0.00058242 0 0 0 5.60322e-06
0.000584977 0 0 0 5.67737e-06
0.000587546 0 0 0 5.75249e-06
0.000590127 0 0 0 5.82862e-06
0.000592718 0 0 0 5.90575e-06
0.000595321 0 0 0 5.9839e-06
0.000597936 0 0 0 6.06308e-06
0.000600562 0 0 0 6.14331e-06
0.000603199 0 0 0 6.22461e-06
0.000605848 0 0 0 6.30697e-06
0.000608509 0 0 0 6.39043e-06
0.000611181 0 0 0 6.475e-06
0.000613865 0 0 0 6.56068e-06
0.000616561 0 0 0 6.6475e-06
0.000619269 0 0 0 6.73546e-06
0.000621988 0 0 0 6.82459e-06
0.00062472 0 0 0 6.9149e-06
0.000627463 0 0 0 7.0064e-06
0.000630219 0 0 0 7.09912e-06
0.000632987 0 0 0 7.19306e-06
0.000635767 0 0 0 7.28825e-06
0.000638559 0 0 0 7.38469e-06
0.000641363 0 0 0 7.48241e-06
0.00064418 0 0 0 7.58143e-06
0.000647009 0 0 0 7.68175e-06
0.00064985 0 0 0 7.7834e-06
0.000652704 0 0 0 7.8864e-06
0.00065557 0 0 0 7.99076e-06
0.000658449 0 0 0 8.0965e-06
0.000661341 0 0 0 8.20364e-06
0.000664246 0 0 0 8.3122e-06
0.000667163 0 0 0 8.42219e-06
0.000670093 0 0 0 8.53364e-06
0.000673035 0 0 0 8.64656e-06
0.000675991 0 0 0 8.76098e-06
0.00067896 0 0 0 8.87692e-06
0.000681942 0 0 0 8.99438e-06
0.000684936 0 0 0 9.1134e-06
0.000687944 0 0 0 9.234e-06
0.000690966 0 0 0 9.35619e-06
0.000694 0 0 0 9.48e-06
0.000697048 0 0 0 9.60545e-06
0.000700109 0 0 0 9.73256e-06
0.000703184 0 0 0 9.86135e-06
0.000706272 0 0 0 9.99184e-06
0.000709374 0 0 0 1.01241e-05
0.000712489 0 0 0 1.0258e-05
0.000715618 0 0 0 1.03938e-05
0.000718761 0 0 0 1.05313e-05
0.000721917 0 0 0 1.06707e-05
0.000725088 0 0 0 1.08119e-05
0.000728272 0 0 0 1.0955e-05
0.00073147 0 0 0 1.10999e-05
0.000734682 0 0 0 1.12468e-05
0.000737909 0 0 0 1.13956e-05
0.00074115 0 0 0 1.15464e-05
0.000744404 0 0 0 1.16992e-05
0.000747674 0 0 0 1.1854e-05
0.000750957 0 0 0 1.20109e-05
0.000754255 0 0 0 1.21698e-05
0.000757567 0 0 0 1.23309e-05
0.000760894 0 0 0 1.2494e-05
0.000764236 0 0 0 1.26594e-05
0.000767592 0 0 0 1.28269e-05
0.000770963 0 0 0 1.29966e-05
0.000774349 0 0 0 1.31686e-05
0.00077775 0 0 0 1.33429e-05
0.000781165 0 0 0 1.35194e-05
0.000784596 0 0 0 1.36983e-05
0.000788042 0 0 0 1.38796e-05
0.000791502 0 0 0 1.40633e-05
0.000794978 0 0 0 1.42494e-05
0.00079847 0 0 0 1.44379e-05
0.000801976 0 0 0 1.4629e-05
0.000805498 0 0 0 1.48226e-05
0.000809036 0 0 0 1.50187e-05
0.000812589 0 0 0 1.52175e-05
0.000816157 0 0 0 1.54188e-05
0.000819742 0 0 0 1.56229e-05
0.000823342 0 0 0 1.58296e-05
0.000826957 0 0 0 1.60391e-05
0.000830589 0 0 0 1.62513e-05
0.000834237 0 0 0 1.64664e-05
0.0008379 0 0 0 1.66843e-05
0.00084158 0 0 0 1.6905e-05
0.000845276 0 0 0 1.71287e-05
0.000848988 0 0 0 1.73554e-05
0.000852717 0 0 0 1.75851e-05
0.000856461 0 0 0 1.78178e-05
0.000860223 0 0 0 1.80536e-05
0.000864001 0 0 0 1.82925e-05
0.000867795 0 0 0 1.85345e-05
0.000871606 0 0 0 1.87798e-05
0.000875434 0 0 0 1.90283e-05
0.000879278 0 0 0 1.92801e-05
0.00088314 0 0 0 1.95352e-05
0.000887018 0 0 0 1.97937e-05
0.000890914 0 0 0 2.00557e-05
0.000894826 0 0 0 2.0321e-05
0.000898756 0 0 0 2.059e-05
0.000902703 0 0 0 2.08624e-05
0.000906667 0 0 0 2.11385e-05
0.000910649 0 0 0 2.14182e-05
0.000914648 0 0 0 2.17016e-05
0.000918665 0 0 0 2.19888e-05
0.0009227 0 0 0 2.22798e-05
0.000926752 0 0 0 2.25746e-05
0.000930822 0 0 0 2.28733e-05
0.00093491 0 0 0 2.3176e-05
0.000939015 0 0 0 2.34827e-05
0.000943139 0 0 0 2.37934e-05
0.000947281 0 0 0 2.41083e-05
0.000951441 0 0 0 2.44273e-05
0.00095562 0 0 0 2.47506e-05
0.000959816 0 0 0 2.50781e-05
0.000964032 0 0 0 2.54099e-05
0.000968265 0 0 0 2.57462e-05
0.000972518 0 0 0 2.60869e-05
0.000976789 0 0 0 2.64321e-05
0.000981078 0 0 0 2.67819e-05
0.000985387 0 0 0 2.71363e-05
0.000989714 0 0 0 2.74954e-05
0.000994061 0 0 0 2.78592e-05
0.000998426 0 0 0 2.82279e-05
0.00100281 0 0 0 2.86014e-05
0.00100721 0 0 0 2.89799e-05
0.00101164 0 0 0 2.93634e-05
0.00101608 0 0 0 2.97519e-05
0.00102054 0 0 0 3.01456e-05
0.00102503 0 0 0 3.05445e-05
0.00102953 0 0 0 3.09487e-05
0.00103405 0 0 0 3.13583e-05
0.00103859 0 0 0 3.17732e-05
0.00104315 0 0 0 3.21937e-05
0.00104773 0 0 0 3.26197e-05
0.00105233 0 0 0 3.30513e-05
0.00105695 0 0 0 3.34887e-05
0.0010616 0 0 0 3.39319e-05
0.00106626 0 0 0 3.43809e-05
0.00107094 0 0 0 3.48358e-05
0.00107564 0 0 0 3.52968e-05
0.00108037 0 0 0 3.57639e-05
0.00108511 0 0 0 3.62371e-05
0.00108988 0 0 0 3.67167e-05
0.00109466 0 0 0 3.72025e-05
0.00109947 0 0 0 3.76948e-05
0.0011043 0 0 0 3.81936e-05
0.00110915 0 0 0 3.86991e-05
0.00111402 0 0 0 3.92112e-05
0.00111891 0 0 0 3.973e-05
0.00112383 0 0 0 4.02558e-05
0.00112876 0 0 0 4.07885e-05
0.00113372 0 0 0 4.13282e-05
0.0011387 0 0 0 4.18751e-05
0.0011437 0 0 0 4.24292e-05
0.00114872 0 0 0 4.29907e-05
0.00115377 0 0 0 4.35596e-05
0.00115883 0 0 0 4.4136e-05
0.00116392 0 0 0 4.47201e-05
0.00116903 0 0 0 4.53118e-05
0.00117417 0 0 0 4.59114e-05
0.00117932 0 0 0 4.6519e-05
0.0011845 0 0 0 4.71346e-05
0.00118971 0 0 0 4.77583e-05
0.00119493 0 0 0 4.83903e-05
0.00120018 0 0 0 4.90306e-05
0.00120545 0 0 0 4.96794e-05
0.00121074 0 0 0 5.03368e-05
0.00121606 0 0 0 5.10029e-05
0.0012214 0 0 0 5.16778e-05
0.00122676 0 0 0 5.23617e-05
0.00123215 0 0 0 5.30546e-05
0.00123756 0 0 0 5.37566e-05
0.001243 0 0 0 5.4468e-05
0.00124846 0 0 0 5.51888e-05
0.00125394 0 0 0 5.59191e-05
0.00125945 0 0 0 5.6659e-05
0.00126498 0 0 0 5.74088e-05
0.00127053 0 0 0 5.81685e-05
0.00127611 0 0 0 5.89382e-05
0.00128172 0 0 0 5.97181e-05
0.00128735 0 0 0 6.05084e-05
0.001293 0 0 0 6.13091e-05
0.00129868 0 0 0 6.21204e-05
0.00130438 0 0 0 6.29424e-05
0.00131011 0 0 0 6.37753e-05
0.00131586 0 0 0 6.46192e-05
0.00132164 0 0 0 6.54743e-05
0.00132745 0 0 0 6.63408e-05
0.00133328 0 0 0 6.72186e-05
0.00133913 10.1881 0.000198505 6 6.81081e-05
0.00134501 0 0 0 6.90094e-05
0.00135092 0 0 0 6.99226e-05
0.00135685 0 0 0 7.08479e-05
0.00136281 0 0 0 7.17854e-05
0.0013688 0 0 0 7.27353e-05
0.00137481 0 0 0 7.36978e-05
0.00138084 0 0 0 7.4673e-05
0.00138691 0 0 0 7.56612e-05
0.001393 0 0 0 7.66624e-05
0.00139912 0 0 0 7.76769e-05
0.00140526 0 0 0 7.87047e-05
0.00141143 0 0 0 7.97462e-05
0.00141763 0 0 0 8.08015e-05
0.00142386 0 0 0 8.18707e-05
0.00143011 0 0 0 8.29541e-05
0.00143639 0 0 0 8.40518e-05
0.0014427 0 0 0 8.51641e-05
0.00144903 0 0 0 8.62911e-05
0.0014554 0 0 0 8.74329e-05
0.00146179 0 0 0 8.85899e-05
0.00146821 0 0 0 8.97622e-05
0.00147466 0 0 0 9.095e-05
0.00148113 0 0 0 9.21536e-05
0.00148764 0 0 0 9.3373e-05
0.00149417 0 0 0 9.46086e-05
0.00150073 0 0 0 9.58606e-05
0.00150732 0 0 0 9.71291e-05
0.00151394 0 0 0 9.84144e-05
0.00152059 0 0 0 9.97167e-05
0.00152727 0 0 0 0.000101036
0.00153398 0 0 0 0.000102373
0.00154071 0 0 0 0.000103728
0.00154748 0 0 0 0.000105101
0.00155428 0 0 0 0.000106491
0.0015611 0 0 0 0.0001079
0.00156796 0 0 0 0.000109328
0.00157484 0 0 0 0.000110775
0.00158176 0 0 0 0.000112241
0.00158871 0 0 0 0.000113726
0.00159568 0 0 0 0.000115231
0.00160269 0 0 0 0.000116756
0.00160973 0 0 0 0.000118301
0.0016168 0 0 0 0.000119866
0.0016239 0 0 0 0.000121453
0.00163103 0 0 0 0.00012306
0.00163819 0 0 0 0.000124688
0.00164539 0 0 0 0.000126338
0.00165261 0 0 0 0.00012801
0.00165987 0 0 0 0.000129704
0.00166716 0 0 0 0.00013142
0.00167448 0 0 0 0.000133159
0.00168184 0 0 0 0.000134921
0.00168922 0 0 0 0.000136707
0.00169664 0 0 0 0.000138516
0.00170409 0 0 0 0.000140349
0.00171158 0 0 0 0.000142206
0.00171909 0 0 0 0.000144088
0.00172664 0 0 0 0.000145995
0.00173422 0 0 0 0.000147926
0.00174184 0 0 0 0.000149884
0.00174949 0 0 0 0.000151867
0.00175717 0 0 0 0.000153877
0.00176489 0 0 0 0.000155913
0.00177264 0 0 0 0.000157976
0.00178043 0 0 0 0.000160067
0.00178824 0 0 0 0.000162185
0.0017961 0 0 0 0.000164331
0.00180399 0 0 0 0.000166506
0.00181191 0 0 0 0.000168709
0.00181987 0 0 0 0.000170942
0.00182786 0 0 0 0.000173204
0.00183589 0 0 0 0.000175496
0.00184395 0 0 0 0.000177818
0.00185205 0 0 0 0.000180171
0.00186018 0 0 0 0.000182555
0.00186835 0 0 0 0.000184971
0.00187655 0 0 0 0.000187419
0.00188479 0 0 0 0.000189899
0.00189307 20.1039 0.000138652 12 0.000192412
0.00190139 0 0 0 0.000194958
0.00190974 0 0 0 0.000197538
0.00191812 0 0 0 0.000200152
0.00192655 0 0 0 0.0002028
0.00193501 0 0 0 0.000205484
0.00194351 0 0 0 0.000208203
0.00195204 0 0 0 0.000210958
0.00196061 0 0 0 0.00021375
0.00196922 0 0 0 0.000216578
0.00197787 0 0 0 0.000219444
0.00198656 0 0 0 0.000222348
0.00199528 0 0 0 0.00022529
0.00200404 0 0 0 0.000228272
0.00201285 0 0 0 0.000231292
0.00202168 0 0 0 0.000234353
0.00203056 0 0 0 0.000237454
0.00203948 0 0 0 0.000240596
0.00204844 0 0 0 0.00024378
0.00205743 0 0 0 0.000247006
0.00206647 0 0 0 0.000250275
0.00207554 0 0 0 0.000253586
0.00208466 0 0 0 0.000256942
0.00209381 0 0 0 0.000260342
0.00210301 0 0 0 0.000263787
0.00211225 0 0 0 0.000267278
0.00212152 0 0 0 0.000270815
0.00213084 0 0 0 0.000274398
0.0021402 0 0 0 0.000278029
0.0021496 0 0 0 0.000281709
0.00215904 0 0 0 0.000285436
0.00216852 0 0 0 0.000289214
0.00217804 0 0 0 0.000293041
0.00218761 0 0 0 0.000296918
0.00219721 0 0 0 0.000300848
0.00220686 0 0 0 0.000304829
0.00221655 0 0 0 0.000308862
0.00222629 0 0 0 0.000312949
0.00223607 0 0 0 0.000317091
0.00224589 0 0 0 0.000321287
0.00225575 0 0 0 0.000325538
0.00226566 0 0 0 0.000329846
0.00227561 0 0 0 0.000334211
0.0022856 0 0 0 0.000338633
0.00229564 0 0 0 0.000343115
0.00230572 0 0 0 0.000347655
0.00231584 0 0 0 0.000352255
0.00232601 29.8029 0.000110807 8 0.000356917
0.00233623 0 0 0 0.00036164
0.00234649 0 0 0 0.000366425
0.00235679 0 0 0 0.000371274
0.00236714 0 0 0 0.000376187
0.00237754 0 0 0 0.000381165
0.00238798 0 0 0 0.000386209
0.00239847 0 0 0 0.00039132
0.002409 0 0 0 0.000396498
0.00241958 0 0 0 0.000401745
0.00243021 0 0 0 0.000407061
0.00244088 0 0 0 0.000412448
0.0024516 0 0 0 0.000417906
0.00246237 0 0 0 0.000423436
0.00247318 0 0 0 0.000429039
0.00248404 0 0 0 0.000434716
0.00249495 0 0 0 0.000440469
0.00250591 0 0 0 0.000446298
0.00251691 0 0 0 0.000452203
0.00252797 0 0 0 0.000458187
0.00253907 0 0 0 0.00046425
0.00255022 0 0 0 0.000470394
0.00256142 0 0 0 0.000476618
0.00257267 0 0 0 0.000482926
0.00258396 0 0 0 0.000489316
0.00259531 0 0 0 0.000495791
0.00260671 0 0 0 0.000502352
0.00261816 0 0 0 0.000508999
0.00262966 0 0 0 0.000515735
0.0026412 0 0 0 0.00052256
0.0026528 0 0 0 0.000529475
0.00266445 0 0 0 0.000536481
0.00267615 26.2174 6.40033e-05 6 0.00054358
0.00268791 0 0 0 0.000550773
0.00269971 0 0 0 0.000558062
0.00271157 0 0 0 0.000565446
0.00272348 0 0 0 0.000572929
0.00273544 0 0 0 0.00058051
0.00274745 0 0 0 0.000588192
0.00275952 0 0 0 0.000595976
0.00277163 0 0 0 0.000603862
0.00278381 0 0 0 0.000611853
0.00279603 0 0 0 0.000619949
0.00280831 0 0 0 0.000628153
0.00282064 0 0 0 0.000636465
0.00283303 0 0 0 0.000644888
0.00284547 0 0 0 0.000653421
0.00285797 0 0 0 0.000662068
0.00287052 0 0 0 0.000670829
0.00288313 0 0 0 0.000679706
0.00289579 0 0 0 0.000688701
0.00290851 0 0 0 0.000697814
0.00292128 0 0 0 0.000707048
0.00293411 0 0 0 0.000716404
0.00294699 0 0 0 0.000725885
0.00295994 0 0 0 0.00073549
0.00297293 0 0 0 0.000745223
0.00298599 0 0 0 0.000755084
0.0029991 30.2657 5.24955e-05 24 0.000765076
0.00301228 0 0 0 0.0007752
0.0030255 0 0 0 0.000785458
0.00303879 0 0 0 0.000795852
0.00305214 0 0 0 0.000806384
0.00306554 0 0 0 0.000817054
0.003079 0 0 0 0.000827866
0.00309252 0 0 0 0.000838821
0.00310611 0 0 0 0.000849921
0.00311975 0 0 0 0.000861168
0.00313345 0 0 0 0.000872564
0.00314721 0 0 0 0.000884111
0.00316103 0 0 0 0.00089581
0.00317491 0 0 0 0.000907664
0.00318886 0 0 0 0.000919675
0.00320286 0 0 0 0.000931845
0.00321693 0 0 0 0.000944176
0.00323105 0 0 0 0.00095667
0.00324524 0 0 0 0.00096933
0.00325949 0 0 0 0.000982157
0.00327381 0 0 0 0.000995153
0.00328819 27.8157 3.66072e-05 24 0.00100832
0.00330263 0 0 0 0.00102167
0.00331713 0 0 0 0.00103518
0.0033317 0 0 0 0.00104888
0.00334633 0 0 0 0.00106276
0.00336103 0 0 0 0.00107683
0.00337579 0 0 0 0.00109108
0.00339061 0 0 0 0.00110551
0.0034055 0 0 0 0.00112014
0.00342046 0 0 0 0.00113497
0.00343548 0 0 0 0.00114998
0.00345057 0 0 0 0.0011652
0.00346572 0 0 0 0.00118062
0.00348094 0 0 0 0.00119624
0.00349623 0 0 0 0.00121207
0.00351158 0 0 0 0.00122811
0.003527 0 0 0 0.00124436
0.00354249 0 0 0 0.00126083
0.00355805 0 0 0 0.00127752
0.00357368 0 0 0 0.00129442
0.00358937 0 0 0 0.00131155
0.00360513 0 0 0 0.00132891
0.00362097 0 0 0 0.00134649
0.00363687 0 0 0 0.00136431
0.00365284 0 0 0 0.00138236
0.00366888 0 0 0 0.00140065
0.00368499 0 0 0 0.00141919
0.00370118 0 0 0 0.00143797
0.00371743 0 0 0 0.001457
0.00373376 0 0 0 0.00147628
0.00375015 0 0 0 0.00149581
0.00376662 0 0 0 0.00151561
0.00378317 37.8099 3.26727e-05 12 0.00153566
0.00379978 0 0 0 0.00155598
0.00381647 0 0 0 0.00157657
0.00383323 0 0 0 0.00159744
0.00385006 0 0 0 0.00161858
0.00386697 0 0 0 0.00163999
0.00388395 0 0 0 0.0016617
0.00390101 0 0 0 0.00168368
0.00391814 0 0 0 0.00170596
0.00393535 0 0 0 0.00172854
0.00395263 0 0 0 0.00175141
0.00396999 0 0 0 0.00177459
0.00398742 0 0 0 0.00179807
0.00400494 0 0 0 0.00182187
0.00402252 55.2842 3.97421e-05 30 0.00184597
0.00404019 0 0 0 0.0018704
0.00405793 0 0 0 0.00189515
0.00407575 0 0 0 0.00192023
0.00409365 0 0 0 0.00194564
0.00411163 0 0 0 0.00197139
0.00412969 0 0 0 0.00199747
0.00414782 0 0 0 0.00202391
0.00416604 0 0 0 0.00205069
0.00418433 0 0 0 0.00207783
0.00420271 0 0 0 0.00210532
0.00422117 0 0 0 0.00213318
0.00423971 60.5838 3.71959e-05 24 0.00216141
0.00425832 0 0 0 0.00219001
0.00427703 0 0 0 0.00221899
0.00429581 0 0 0 0.00224835
0.00431467 0 0 0 0.00227811
0.00433362 0 0 0 0.00230825
0.00435265 0 0 0 0.0023388
0.00437177 0 0 0 0.00236975
0.00439097 0 0 0 0.0024011
0.00441025 0 0 0 0.00243288
0.00442962 0 0 0 0.00246507
0.00444907 64.818 3.44376e-05 24 0.00249769
0.00446861 0 0 0 0.00253074
0.00448824 0 0 0 0.00256423
0.00450795 0 0 0 0.00259816
0.00452775 0 0 0 0.00263255
0.00454763 0 0 0 0.00266738
0.0045676 0 0 0 0.00270268
0.00458766 0 0 0 0.00273844
0.00460781 0 0 0 0.00277468
0.00462804 0 0 0 0.0028114
0.00464837 72.0575 3.35679e-05 8 0.0028486
0.00466878 0 0 0 0.0028863
0.00468929 0 0 0 0.00292449
0.00470988 0 0 0 0.00296319
0.00473056 0 0 0 0.0030024
0.00475134 0 0 0 0.00304213
0.00477221 0 0 0 0.00308239
0.00479316 0 0 0 0.00312318
0.00481421 0 0 0 0.0031645
0.00483536 55.9446 2.31536e-05 24 0.00320638
0.00485659 0 0 0 0.00324881
0.00487792 0 0 0 0.0032918
0.00489934 0 0 0 0.00333536
0.00492086 0 0 0 0.0033795
0.00494247 0 0 0 0.00342422
0.00496417 0 0 0 0.00346953
0.00498597 0 0 0 0.00351544
0.00500787 55.6134 2.07189e-05 48 0.00356196
0.00502986 0 0 0 0.0036091
0.00505195 0 0 0 0.00365685
0.00507414 0 0 0 0.00370525
0.00509642 0 0 0 0.00375428
0.0051188 0 0 0 0.00380396
0.00514128 0 0 0 0.00385429
0.00516386 0 0 0 0.0039053
0.00518654 0 0 0 0.00395698
0.00520932 0 0 0 0.00400934
0.0052322 0 0 0 0.00406239
0.00525517 0 0 0 0.00411615
0.00527825 0 0 0 0.00417062
0.00530143 0 0 0 0.00422581
0.00532472 0 0 0 0.00428173
0.0053481 0 0 0 0.00433839
0.00537159 57.0673 1.72276e-05 6 0.0043958
0.00539518 0 0 0 0.00445396
0.00541887 0 0 0 0.0045129
0.00544267 0 0 0 0.00457262
0.00546657 0 0 0 0.00463313
0.00549058 0 0 0 0.00469444
0.00551469 75.7446 2.11317e-05 48 0.00475656
0.00553891 0 0 0 0.0048195
0.00556323 0 0 0 0.00488328
0.00558766 0 0 0 0.0049479
0.0056122 0 0 0 0.00501338
0.00563685 0 0 0 0.00507972
0.00566161 0 0 0 0.00514694
0.00568647 63.7293 1.62165e-05 36 0.00521504
0.00571144 0 0 0 0.00528405
0.00573653 0 0 0 0.00535398
0.00576172 0 0 0 0.00542483
0.00578702 0 0 0 0.00549661
0.00581244 0 0 0 0.00556935
0.00583796 91.6736 2.15579e-05 24 0.00564305
0.0058636 0 0 0 0.00571772
0.00588935 0 0 0 0.00579338
0.00591521 0 0 0 0.00587005
0.00594119 0 0 0 0.00594772
0.00596728 0 0 0 0.00602643
0.00599349 44.5479 9.6813e-06 24 0.00610618
0.00601981 0 0 0 0.00618698
0.00604625 0 0 0 0.00626885
0.0060728 0 0 0 0.0063518
0.00609947 0 0 0 0.00643586
0.00612626 0 0 0 0.00652102
0.00615316 106.993 2.14884e-05 48 0.00660731
0.00618018 0 0 0 0.00669475
0.00620733 0 0 0 0.00678334
0.00623459 0 0 0 0.0068731
0.00626197 0 0 0 0.00696405
0.00628947 46.1413 8.67749e-06 24 0.00705621
0.00631709 0 0 0 0.00714958
0.00634483 0 0 0 0.00724419
0.00637269 0 0 0 0.00734005
0.00640068 0 0 0 0.00743718
0.00642879 0 0 0 0.0075356
0.00645702 0 0 0 0.00763531
0.00648538 0 0 0 0.00773635
0.00651386 0 0 0 0.00783872
0.00654247 0 0 0 0.00794245
0.0065712 64.7789 1.06818e-05 24 0.00804755
0.00660006 0 0 0 0.00815405
0.00662904 0 0 0 0.00826195
0.00665816 0 0 0 0.00837128
0.0066874 116.054 1.81566e-05 30 0.00848205
0.00671676 0 0 0 0.0085943
0.00674626 0 0 0 0.00870802
0.00677589 0 0 0 0.00882325
0.00680565 0 0 0 0.00894001
0.00683553 90.9657 1.33262e-05 72 0.00905831
0.00686555 0 0 0 0.00917818
0.00689571 0 0 0 0.00929964
0.00692599 0 0 0 0.0094227
0.0069564 93.8928 1.30504e-05 32 0.00954739
0.00698696 0 0 0 0.00967372
0.00701764 0 0 0 0.00980174
0.00704846 0 0 0 0.00993144
0.00707941 0 0 0 0.0100629
0.0071105 0 0 0 0.010196
0.00714173 0 0 0 0.0103309
0.00717309 0 0 0 0.0104677
0.0072046 109.663 1.37208e-05 72 0.0106062
0.00723624 0 0 0 0.0107465
0.00726801 0 0 0 0.0108887
0.00729993 0 0 0 0.0110328
0.00733199 85.7722 1.01818e-05 48 0.0111788
0.00736419 0 0 0 0.0113267
0.00739653 0 0 0 0.0114766
0.00742901 0 0 0 0.0116285
0.00746164 0 0 0 0.0117824
0.00749441 0 0 0 0.0119383
0.00752732 0 0 0 0.0120963
0.00756038 0 0 0 0.0122563
0.00759358 114.885 1.22764e-05 12 0.0124185
0.00762693 0 0 0 0.0125829
0.00766042 0 0 0 0.0127494
0.00769407 126.559 1.30009e-05 48 0.0129181
0.00772786 0 0 0 0.013089
0.00776179 0 0 0 0.0132622
0.00779588 0 0 0 0.0134377
0.00783012 92.4746 9.01288e-06 48 0.0136155
0.0078645 0 0 0 0.0137957
0.00789904 0 0 0 0.0139783
0.00793373 118.846 1.11352e-05 48 0.0141632
0.00796857 0 0 0 0.0143507
0.00800357 0 0 0 0.0145406
0.00803872 95.3125 8.5849e-06 30 0.014733
0.00807402 0 0 0 0.0149279
0.00810948 0 0 0 0.0151255
0.00814509 56.1358 4.86069e-06 24 0.0153256
0.00818086 0 0 0 0.0155284
0.00821679 0 0 0 0.0157339
0.00825288 81.1335 6.75352e-06 72 0.0159421
0.00828912 0 0 0 0.0161531
0.00832552 0 0 0 0.0163668
0.00836209 0 0 0 0.0165834
0.00839881 0 0 0 0.0168029
0.00843569 0 0 0 0.0170252
0.00847274 60.7012 4.66952e-06 24 0.0172505
0.00850995 0 0 0 0.0174788
0.00854732 0 0 0 0.0177101
0.00858486 82.0385 6.06686e-06 96 0.0179444
0.00862256 0 0 0 0.0181819
0.00866043 0 0 0 0.0184225
0.00869846 106.802 7.5927e-06 48 0.0186663
0.00873666 0 0 0 0.0189133
0.00877503 105.813 7.32721e-06 24 0.0191635
0.00881357 0 0 0 0.0194171
0.00885227 0 0 0 0.0196741
0.00889115 109.925 7.31757e-06 24 0.0199344
0.0089302 0 0 0 0.0201982
0.00896941 0 0 0 0.0204655
0.0090088 123.163 7.88181e-06 72 0.0207363
0.00904837 0 0 0 0.0210107
0.00908811 77.1682 4.81021e-06 48 0.0212887
0.00912802 0 0 0 0.0215704
0.0091681 0 0 0 0.0218559
0.00920837 0 0 0 0.0221451
0.00924881 0 0 0 0.0224381
0.00928942 140.391 8.19443e-06 8 0.0227351
0.00933022 0 0 0 0.0230359
0.0093712 111.884 6.36105e-06 54 0.0233407
0.00941235 0 0 0 0.0236496
0.00945369 0 0 0 0.0239626
0.0094952 86.4492 4.72491e-06 84 0.0242797
0.0095369 0 0 0 0.024601
0.00957879 115.94 6.17233e-06 48 0.0249265
0.00962085 0 0 0 0.0252563
0.0096631 74.164 3.84582e-06 24 0.0255906
0.00970554 0 0 0 0.0259292
0.00974816 140.82 7.1128e-06 72 0.0262723
0.00979097 0 0 0 0.02662
0.00983397 114.183 5.61772e-06 96 0.0269722
0.00987716 0 0 0 0.0273291
0.00992054 0 0 0 0.0276908
0.0099641 0 0 0 0.0280572
0.0100079 0 0 0 0.0284285
0.0100518 114.363 5.26866e-06 48 0.0288047
0.010096 0 0 0 0.0291859
0.0101403 151.014 6.7766e-06 48 0.0295721
0.0101848 0 0 0 0.0299634
0.0102296 126.505 5.52947e-06 24 0.0303599
0.0102745 113.633 4.90197e-06 72 0.0307616
0.0103196 0 0 0 0.0311687
0.0103649 0 0 0 0.0315812
0.0104104 0 0 0 0.0319991
0.0104562 160.609 6.57352e-06 72 0.0324225
0.0105021 0 0 0 0.0328515
0.0105482 119.696 4.77189e-06 96 0.0332863
0.0105945 0 0 0 0.0337267
0.0106411 0 0 0 0.034173
0.0106878 0 0 0 0.0346252
0.0107347 328.343 1.24194e-05 6 0.0350834
0.0107819 0 0 0 0.0355477
0.0108292 152.609 5.62257e-06 96 0.0360181
0.0108768 124.905 4.54177e-06 96 0.0364947
0.0109245 0 0 0 0.0369776
0.0109725 97.1204 3.43984e-06 24 0.037467
0.0110207 0 0 0 0.0379628
0.0110691 140.614 4.85106e-06 48 0.0384651
0.0111177 118.44 4.03271e-06 96 0.0389741
0.0111665 0 0 0 0.0394899
0.0112156 103.434 3.4304e-06 48 0.0400124
0.0112648 0 0 0 0.0405419
0.0113143 0 0 0 0.0410784
0.011364 197.938 6.31076e-06 36 0.041622
0.0114139 0 0 0 0.0421728
0.011464 137.142 4.25899e-06 48 0.0427308
0.0115144 123.037 3.77104e-06 120 0.0432963
0.0115649 0 0 0 0.0438692
0.0116157 135.149 4.03477e-06 56 0.0444497
0.0116667 132.184 3.89472e-06 24 0.0450379
0.011718 0 0 0 0.0456339
0.0117694 129.759 3.72405e-06 96 0.0462378
0.0118211 135.779 3.84595e-06 48 0.0468496
0.011873 0 0 0 0.0474696
0.0119252 0 0 0 0.0480977
0.0119776 91.3731 2.48806e-06 24 0.0487342
0.0120302 0 0 0 0.0493791
0.012083 147.736 3.91841e-06 102 0.0500325
0.012136 87.9583 2.30245e-06 48 0.0506946
0.0121893 141.187 3.64752e-06 72 0.0513654
0.0122429 0 0 0 0.0520452
0.0122966 93.4622 2.35192e-06 48 0.0527339
0.0123506 117.447 2.91689e-06 48 0.0534317
0.0124049 146.367 3.58766e-06 120 0.0541387
0.0124594 0 0 0 0.0548551
0.0125141 0 0 0 0.055581
0.012569 167.2 3.93982e-06 24 0.0563165
0.0126242 163.234 3.79613e-06 144 0.0570618
0.0126797 0 0 0 0.0578169
0.0127354 141.497 3.20523e-06 120 0.0585819
0.0127913 169.234 3.78346e-06 48 0.0593571
0.0128475 0 0 0 0.0601426
0.0129039 166.547 3.62679e-06 48 0.0609385
0.0129606 0 0 0 0.0617449
0.0130175 169.942 3.60468e-06 96 0.0625619
0.0130746 0 0 0 0.0633898
0.0131321 161.634 3.33948e-06 24 0.0642286
0.0131897 153.957 3.13933e-06 48 0.0650785
0.0132477 135.955 2.73605e-06 108 0.0659397
0.0133058 0 0 0 0.0668123
0.0133643 190.82 3.74053e-06 72 0.0676964
0.013423 222.038 4.29564e-06 30 0.0685922
0.0134819 164.008 3.13153e-06 168 0.0694999
0.0135411 164.252 3.09523e-06 48 0.0704196
0.0136006 0 0 0 0.0713514
0.0136603 163.969 3.00971e-06 72 0.0722956
0.0137203 193.311 3.50195e-06 96 0.0732523
0.0137806 126.568 2.26291e-06 72 0.0742216
0.0138411 148.338 2.61751e-06 72 0.0752038
0.0139019 118.55 2.06456e-06 32 0.076199
0.0139629 0 0 0 0.0772073
0.0140242 202.647 3.43755e-06 72 0.078229
0.0140858 174.622 2.92346e-06 144 0.0792642
0.0141477 0 0 0 0.0803131
0.0142098 0 0 0 0.0813758
0.0142722 162.744 2.61924e-06 96 0.0824527
0.0143349 184.709 2.93393e-06 96 0.0835438
0.0143979 138.191 2.16636e-06 48 0.0846493
0.0144611 155.122 2.40003e-06 72 0.0857694
0.0145246 176.028 2.68791e-06 120 0.0869044
0.0145884 224.119 3.37756e-06 72 0.0880544
0.0146524 131.25 1.95216e-06 48 0.0892196
0.0147168 147.068 2.15886e-06 78 0.0904002
0.0147814 174.866 2.53339e-06 120 0.0915965
0.0148463 168.035 2.40264e-06 48 0.0928086
0.0149115 0 0 0 0.0940367
0.014977 218.746 3.04656e-06 144 0.0952811
0.0150428 180.345 2.47892e-06 144 0.0965419
0.0151089 0 0 0 0.0978195
0.0151752 215.733 2.88841e-06 12 0.0991139
0.0152419 174.065 2.30008e-06 144 0.100425
0.0153088 174.817 2.27985e-06 168 0.101754
0.015376 142.956 1.83999e-06 48 0.103101
0.0154436 252.776 3.211e-06 48 0.104465
0.0155114 176.125 2.20809e-06 168 0.105848
0.0155795 0 0 0 0.107248
0.0156479 157.336 1.92134e-06 48 0.108667
0.0157166 145.398 1.75237e-06 192 0.110105
0.0157857 143.257 1.70402e-06 72 0.111562
0.015855 110.404 1.29608e-06 48 0.113039
0.0159246 211.865 2.4547e-06 96 0.114535
0.0159945 219.348 2.50821e-06 48 0.11605
0.0160648 209.7 2.36656e-06 30 0.117586
0.0161353 182.719 2.03514e-06 96 0.119142
0.0162062 143.115 1.57321e-06 192 0.120718
0.0162774 238.983 2.59274e-06 80 0.122316
0.0163489 204.564 2.19035e-06 168 0.123934
0.0164207 195.111 2.06184e-06 120 0.125574
0.0164928 163.588 1.70615e-06 72 0.127236
0.0165652 190.795 1.96391e-06 144 0.12892
0.0166379 190.964 1.93998e-06 96 0.130626
0.016711 184.89 1.85375e-06 96 0.132354
0.0167844 189.36 1.87377e-06 72 0.134106
0.0168581 247.012 2.41233e-06 96 0.13588
0.0169322 159.538 1.5377e-06 24 0.137679
0.0170065 196.274 1.86708e-06 192 0.1395
0.0170812 221.375 2.07835e-06 132 0.141346
0.0171562 209.598 1.94209e-06 96 0.143217
0.0172316 243.02 2.22236e-06 96 0.145112
0.0173072 229.24 2.06897e-06 120 0.147032
0.0173832 187.937 1.67404e-06 48 0.148978
0.0174596 213.011 1.87261e-06 222 0.150949
0.0175363 229.354 1.98995e-06 120 0.152947
0.0176133 182.537 1.56306e-06 192 0.154971
0.0176906 203.559 1.72031e-06 144 0.157021
0.0177683 171.043 1.42664e-06 24 0.159099
0.0178463 216.972 1.78609e-06 144 0.161205
0.0179247 202.744 1.64717e-06 120 0.163338
0.0180034 183.162 1.46864e-06 192 0.165499
0.0180825 225.222 1.7823e-06 144 0.167689
0.0181619 268.589 2.09773e-06 48 0.169908
0.0182417 226.804 1.74825e-06 336 0.172157
0.0183218 190.997 1.45301e-06 48 0.174435
0.0184022 252.722 1.89748e-06 192 0.176743
0.0184831 172.394 1.27746e-06 48 0.179082
0.0185642 120.263 8.79525e-07 8 0.181452
0.0186458 213.654 1.54211e-06 288 0.183853
0.0187276 237.116 1.68911e-06 150 0.186286
0.0188099 196.767 1.38338e-06 120 0.188751
0.0188925 208.43 1.44623e-06 120 0.191248
0.0189755 235.133 1.61021e-06 228 0.193779
0.0190588 181.14 1.22426e-06 168 0.196344
0.0191425 202.874 1.35324e-06 48 0.198942
0.0192266 244.73 1.61112e-06 336 0.201574
0.019311 318.845 2.07163e-06 24 0.204242
0.0193958 232.191 1.48891e-06 336 0.206944
0.019481 206.718 1.30825e-06 144 0.209683
0.0195665 197.704 1.23487e-06 168 0.212458
0.0196525 0 0 0 0.215269
0.0197388 210.473 1.2805e-06 192 0.218118
0.0198255 248.496 1.49209e-06 216 0.221004
0.0199125 195.852 1.16063e-06 192 0.223928
0.02 266.846 1.5607e-06 144 0.226892
0.0200878 208.923 1.20596e-06 198 0.229894
0.020176 251.974 1.43547e-06 216 0.232936
0.0202646 205.64 1.15621e-06 168 0.236019
0.0203536 263.713 1.46336e-06 240 0.239142
0.020443 275.894 1.51096e-06 168 0.242306
0.0205328 242.724 1.31194e-06 264 0.245513
0.020623 238.209 1.27072e-06 216 0.248762
0.0207135 225.032 1.18475e-06 96 0.252053
0.0208045 218.3 1.1343e-06 144 0.255389
0.0208959 285.077 1.46193e-06 308 0.258768
0.0209876 220.822 1.11763e-06 312 0.262193
0.0210798 249.668 1.24712e-06 96 0.265662
0.0211724 242.736 1.19666e-06 288 0.269178
0.0212654 233.078 1.13404e-06 168 0.27274
0.0213588 247.551 1.18873e-06 240 0.276349
0.0214526 226.093 1.07151e-06 198 0.280006
0.0215468 267.319 1.25035e-06 192 0.283711
0.0216414 239.506 1.10562e-06 312 0.287465
0.0217364 229.033 1.04347e-06 168 0.291269
0.0218319 277.359 1.24714e-06 336 0.295124
0.0219278 208.889 9.26995e-07 72 0.299029
0.0220241 233.48 1.02259e-06 456 0.302986
0.0221208 203.274 8.78672e-07 144 0.306995
0.0222179 232.52 9.91962e-07 264 0.311058
0.0223155 204.675 8.61769e-07 336 0.315174
0.0224135 295.448 1.22771e-06 48 0.319345
0.0225119 232.013 9.51522e-07 408 0.32357
0.0226108 229.739 9.29891e-07 192 0.327852
0.0227101 247.364 9.88154e-07 180 0.332191
0.0228098 286.335 1.1289e-06 342 0.336586
0.02291 270.882 1.05402e-06 360 0.34104
0.0230106 274.297 1.05337e-06 168 0.345553
0.0231117 229.501 8.69835e-07 384 0.350126
0.0232132 278.355 1.04122e-06 344 0.354759
0.0233151 263.383 9.72345e-07 144 0.359454
0.0234175 256.922 9.36105e-07 456 0.36421
0.0235204 283.901 1.02089e-06 312 0.36903
0.0236236 261.669 9.28662e-07 96 0.373913
0.0237274 275.696 9.65663e-07 456 0.378861
0.0238316 291.275 1.00691e-06 264 0.383875
0.0239363 208.42 7.11076e-07 168 0.388954
0.0240414 262.455 8.83738e-07 432 0.394101
0.024147 286.212 9.51146e-07 270 0.399316
0.024253 260.862 8.55578e-07 312 0.4046
0.0243595 278.578 9.01752e-07 456 0.409954
0.0244665 309.375 9.88363e-07 336 0.415379
0.0245739 377.129 1.18908e-06 144 0.420876
0.0246819 289.582 9.01124e-07 372 0.426445
0.0247903 277.948 8.53624e-07 552 0.432089
0.0248991 262.755 7.96425e-07 336 0.437806
0.0250085 251.272 7.51672e-07 288 0.4436
0.0251183 254.155 7.50367e-07 264 0.44947
0.0252286 284.002 8.27537e-07 480 0.455418
0.0253394 292.193 8.40284e-07 312 0.461444
0.0254507 291.394 8.27042e-07 462 0.46755
0.0255625 272.108 7.62219e-07 392 0.473737
0.0256747 236.76 6.54541e-07 144 0.480006
0.0257875 281.945 7.69279e-07 624 0.486358
0.0259007 279.767 7.53369e-07 504 0.492794
0.0260145 302.55 8.04077e-07 480 0.499315
0.0261287 273.025 7.16135e-07 312 0.505922
0.0262435 292.959 7.58384e-07 216 0.512617
0.0263587 301.032 7.69106e-07 408 0.519401
0.0264745 288.17 7.2663e-07 456 0.526274
0.0265907 288.361 7.17616e-07 564 0.533238
0.0267075 285.824 7.0201e-07 384 0.540294
0.0268248 280.355 6.79586e-07 462 0.547444
0.0269426 322.204 7.7083e-07 432 0.554688
0.0270609 323.562 7.63968e-07 432 0.562028
0.0271798 284.454 6.62857e-07 336 0.569465
0.0272991 328.308 7.55058e-07 552 0.577001
0.027419 300.18 6.81352e-07 552 0.584637
0.0275394 353.47 7.91832e-07 240 0.592373
0.0276604 299.889 6.63029e-07 744 0.600212
0.0277819 314.614 6.86499e-07 408 0.608154
0.0279039 310.158 6.67938e-07 560 0.616202
0.0280264 312.132 6.6341e-07 408 0.624356
0.0281495 272.644 5.71913e-07 510 0.632618
0.0282731 349.058 7.2264e-07 600 0.640989
0.0283973 322.887 6.5973e-07 492 0.649472
0.028522 305.771 6.16599e-07 552 0.658066
0.0286472 297.919 5.92919e-07 504 0.666774
0.0287731 314.033 6.16828e-07 696 0.675597
0.0288994 330.671 6.41025e-07 360 0.684537
0.0290263 292.695 5.59996e-07 720 0.693596
0.0291538 320.198 6.04614e-07 576 0.702774
0.0292818 317.527 5.91741e-07 312 0.712074
0.0294104 372.249 6.8466e-07 576 0.721497
0.0295396 349.638 6.34674e-07 630 0.731044
0.0296693 370.504 6.63768e-07 792 0.740718
0.0297996 326.236 5.76827e-07 480 0.75052
0.0299305 356.082 6.21377e-07 600 0.760451
0.0300619 310.421 5.34622e-07 600 0.770514
0.030194 329.592 5.60224e-07 800 0.78071
0.0303266 349.724 5.86682e-07 588 0.791041
0.0304597 321.2 5.31793e-07 624 0.801509
0.0305935 363.685 5.9427e-07 672 0.812115
0.0307279 351.225 5.66415e-07 504 0.822862
0.0308628 356.781 5.6786e-07 798 0.833751
0.0309983 356.854 5.60559e-07 696 0.844784
0.0311345 383.124 5.93965e-07 456 0.855963
0.0312712 381.575 5.83836e-07 1008 0.867289
0.0314085 364.184 5.4995e-07 696 0.878766
0.0315465 386.335 5.75781e-07 624 0.890395
0.031685 380.749 5.60045e-07 744 0.902177
0.0318242 408.41 5.92886e-07 912 0.914116
0.0319639 413.545 5.925e-07 744 0.926212
0.0321043 371.05 5.24673e-07 414 0.938468
0.0322453 393.302 5.48875e-07 924 0.950887
0.0323869 399.988 5.50915e-07 888 0.96347
0.0325291 400.48 5.44389e-07 656 0.976219
0.032672 442.612 5.93803e-07 960 0.989138
0.0328155 424.415 5.61954e-07 600 1.00223
0.0329596 398.675 5.20978e-07 864 1.01549
0.0331043 430.42 5.55116e-07 792 1.02893
0.0332497 430.204 5.47591e-07 912 1.04254
0.0333957 393.6 4.94457e-07 744 1.05634
0.0335424 409.622 5.07863e-07 723 1.07032
0.0336897 461.761 5.6503e-07 1116 1.08448
0.0338377 433.906 5.24011e-07 624 1.09883
0.0339863 487.025 5.80479e-07 912 1.11337
0.0341355 439.987 5.17566e-07 1032 1.1281
0.0342854 411.475 4.77705e-07 828 1.14303
0.034436 446.804 5.11947e-07 876 1.15816
0.0345872 459.629 5.19763e-07 816 1.17348
0.0347391 457.757 5.10886e-07 732 1.18901
0.0348917 481.416 5.30275e-07 884 1.20475
0.0350449 464.408 5.04859e-07 960 1.22069
0.0351988 471.394 5.05761e-07 852 1.23684
0.0353534 501.961 5.31524e-07 780 1.25321
0.0355087 564.786 5.90238e-07 720 1.26979
0.0356646 451.938 4.66136e-07 1044 1.2866
0.0358212 475.485 4.84018e-07 864 1.30362
0.0359785 470.583 4.72771e-07 648 1.32087
0.0361366 494.685 4.90495e-07 924 1.33835
0.0362952 448.06 4.38463e-07 912 1.35606
0.0364546 481.528 4.6506e-07 792 1.37401
0.0366147 509.068 4.85237e-07 996 1.39219
0.0367755 526.538 4.95335e-07 828 1.41061
0.036937 469.693 4.36088e-07 768 1.42928
0.0370993 480.617 4.40402e-07 596 1.44819
0.0372622 504.195 4.55974e-07 1128 1.46735
0.0374258 470.856 4.20262e-07 840 1.48677
0.0375902 525.475 4.62886e-07 732 1.50645
0.0377553 586.216 5.09649e-07 564 1.52638
0.0379211 560.399 4.80841e-07 924 1.54658
0.0380876 518.11 4.3875e-07 1080 1.56704
0.0382549 457.169 3.82087e-07 648 1.58778
0.0384229 536.527 4.42556e-07 936 1.60879
0.0385916 583.997 4.7542e-07 480 1.63008
0.0387611 529.891 4.25739e-07 768 1.65165
0.0389313 511.525 4.05616e-07 984 1.67351
0.0391023 587.718 4.59947e-07 972 1.69565
0.039274 564.532 4.36032e-07 552 1.71809
0.0394465 587.235 4.47643e-07 908 1.74083
0.0396197 595.51 4.48023e-07 576 1.76386
0.0397937 578.831 4.29788e-07 888 1.7872
0.0399685 614.778 4.50517e-07 768 1.81085
0.040144 611.054 4.41939e-07 624 1.83482
0.0403203 625.491 4.46473e-07 744 1.8591
0.0404974 645.031 4.54407e-07 720 1.8837
0.0406752 552.525 3.84156e-07 672 1.90862
0.0408539 653.027 4.48102e-07 816 1.93388
0.0410333 623.926 4.22542e-07 816 1.95947
0.0412135 631.356 4.2199e-07 660 1.9854
0.0413945 640.662 4.22617e-07 648 2.01167
0.0415763 656.347 4.2731e-07 684 2.03829
0.0417589 655.137 4.20952e-07 668 2.06527
0.0419423 680.784 4.31718e-07 624 2.09259
0.0421264 660.607 4.13452e-07 804 2.12029
0.0423115 716.371 4.42497e-07 504 2.14834
0.0424973 796.749 4.85718e-07 504 2.17677
0.0426839 656.545 3.95019e-07 804 2.20558
0.0428714 804.348 4.77626e-07 684 2.23476
0.0430596 793.032 4.64757e-07 624 2.26434
0.0432487 705.769 4.08214e-07 432 2.2943
0.0434387 687.219 3.92294e-07 648 2.32466
0.0436294 712.476 4.014e-07 660 2.35542
0.043821 771.369 4.28904e-07 540 2.38659
0.0440135 833.243 4.57257e-07 540 2.41817
0.0442068 751.323 4.06917e-07 512 2.45017
0.0444009 704.875 3.76775e-07 552 2.48259
0.0445959 874.341 4.61256e-07 516 2.51545
0.0447918 848.071 4.41554e-07 552 2.54873
0.0449885 844.892 4.34154e-07 456 2.58246
0.045186 806.813 4.09172e-07 540 2.61663
0.0453845 886.246 4.43586e-07 288 2.65126
0.0455838 932.217 4.60502e-07 552 2.68634
0.045784 922.22 4.49614e-07 456 2.72189
0.045985 910.247 4.37981e-07 456 2.75791
0.046187 998.906 4.74364e-07 288 2.7944
0.0463898 941.525 4.41275e-07 368 2.83138
0.0465936 973.862 4.5047e-07 432 2.86885
0.0467982 950.536 4.33938e-07 288 2.90681
0.0470037 1021.01 4.60021e-07 384 2.94528
0.0472101 1000.33 4.44821e-07 264 2.98425
0.0474175 1168.76 5.12928e-07 375 3.02374
0.0476257 1016.52 4.4029e-07 228 3.06375
0.0478349 1325.9 5.66792e-07 258 3.1043
0.0480449 997.274 4.20744e-07 270 3.14538
0.0482559 996.833 4.15066e-07 294 3.187
0.0484678 1121.77 4.60986e-07 144 3.22917
0.0486807 1212.39 4.9172e-07 206 3.2719
0.0488945 1141.82 4.57052e-07 222 3.3152
0.0491092 1145.42 4.52504e-07 228 3.35907
0.0493249 1311.72 5.11433e-07 126 3.40352
0.0495415 1229.26 4.73021e-07 198 3.44856
0.0497591 1221.58 4.63929e-07 240 3.49419
0.0499776 1279.15 4.79448e-07 102 3.54043
0.0501971 1594.15 5.8971e-07 72 3.58728
0.0504175 1206.82 4.406e-07 198 3.63475
0.0506389 1217.02 4.3852e-07 180 3.68285
0.0508613 1549.59 5.51062e-07 54 3.73158
0.0510847 1086.67 3.81391e-07 128 3.78096
0.051309 1432.58 4.96232e-07 144 3.83099
0.0515344 1853.97 6.33808e-07 54 3.88169
0.0517607 1451.38 4.89697e-07 48 3.93306
0.051988 1602.71 5.33692e-07 162 3.9851
0.0522163 878.241 2.8863e-07 48 4.03784
0.0524456 1744.69 5.65895e-07 24 4.09127
0.052676 1482.8 4.74668e-07 126 4.14541
0.0529073 1996.95 6.3091e-07 72 4.20026
0.0531396 1413.91 4.4087e-07 6 4.25584
0.053373 2081.63 6.40596e-07 56 4.31216
0.0536074 2277.35 6.91674e-07 84 4.36922
0.0538428 4969.62 1.48965e-06 6 4.42704
0.0540793 2081.42 6.15762e-07 24 4.48562
0.0543168 1766.79 5.15858e-07 72 4.54498
0.0545553 2310.96 6.65928e-07 6 4.60512
0.0547949 0 0 0 4.66606
0.0550356 2046.48 5.74411e-07 66 4.72781
0.0552772 0 0 0 4.79037
0.05552 0 0 0 4.85376
0.0557638 2553.33 6.88963e-07 38 4.91799
0.0560087 0 0 0 4.98307
0.0562547 0 0 0 5.04901
0.0565017 4238.36 1.09941e-06 18 5.11582
0.0567499 0 0 0 5.18352
0.0569991 0 0 0 5.25211
0.0572494 7615.14 1.89894e-06 6 5.32161
0.0575008 0 0 0 5.39203
0.0577534 0 0 0 5.46339
0.058007 136.733 3.27777e-08 1 5.53568
0.0582617 0 0 0 5.60893
0.0585176 0 0 0 5.68316
0.0587746 0 0 0 5.75836
0.0590327 0 0 0 5.83456
0.059292 0 0 0 5.91177
0.0595524 0 0 0 5.99
0.0598139 0 0 0 6.06926
0.0600766 0 0 0 6.14958
0.0603404 0 0 0 6.23095
0.0606054 0 0 0 6.31341
0.0608716 0 0 0 6.39695
0.0611389 0 0 0 6.4816
0.0614074 0 0 0 6.56737
0.0616771 0 0 0 6.65428
0.0619479 0 0 0 6.74233
0.06222 0 0 0 6.83155
0.0624932 0 0 0 6.92195
0.0627677 0 0 0 7.01355
0.0630433 0 0 0 7.10636
0.0633202 0 0 0 7.2004
0.0635983 0 0 0 7.29568
0.0638776 0 0 0 7.39222
0.0641581 0 0 0 7.49004
0.0644399 0 0 0 7.58916
0.0647229 0 0 0 7.68958
0.0650071 0 0 0 7.79134
0.0652926 0 0 0 7.89444
0.0655793 0 0 0 7.99891
0.0658673 0 0 0 8.10476
0.0661566 0 0 0 8.212
0.0664471 0 0 0 8.32067
0.0667389 0 0 0 8.43078
0.067032 0 0 0 8.54234
0.0673264 0 0 0 8.65538
0.0676221 0 0 0 8.76992
0.0679191 0 0 0 8.88597
0.0682173 0 0 0 9.00356
0.0685169 0 0 0 9.1227
0.0688178 0 0 0 9.24342
0.06912 0 0 0 9.36574
0.0694236 0 0 0 9.48967
0.0697285 0 0 0 9.61525
0.0700347 0 0 0 9.74248
0.0703423 0 0 0 9.87141
0.0706512 0 0 0 10.002
0.0709615 0 0 0 10.1344
0.0712731 0 0 0 10.2685
0.0715861 0 0 0 10.4044
0.0719005 0 0 0 10.5421
0.0722162 0 0 0 10.6816
0.0725334 0 0 0 10.8229
0.0728519 0 0 0 10.9661
0.0731719 0 0 0 11.1112
0.0734932 0 0 0 11.2583
0.073816 0 0 0 11.4072
0.0741401 0 0 0 11.5582
0.0744657 0 0 0 11.7111
0.0747928 0 0 0 11.8661
0.0751212 0 0 0 12.0231
0.0754511 0 0 0 12.1822
0.0757825 0 0 0 12.3435
0.0761153 0 0 0 12.5068
0.0764496 0 0 0 12.6723
0.0767853 0 0 0 12.84
0.0771225 0 0 0 13.0099
0.0774612 0 0 0 13.182
0.0778014 0 0 0 13.3565
0.0781431 0 0 0 13.5332
0.0784863 0 0 0 13.7123
0.0788309 0 0 0 13.8938
0.0791771 0 0 0 14.0776
0.0795249 0 0 0 14.2639
0.0798741 0 0 0 14.4527
0.0802249 0 0 0 14.6439
0.0805772 0 0 0 14.8377
0.0809311 0 0 0 15.034
0.0812865 0 0 0 15.233
0.0816435 0 0 0 15.4346
0.082002 0 0 0 15.6388
0.0823621 0 0 0 15.8457
0.0827238 0 0 0 16.0554
0.0830871 0 0 0 16.2679
0.083452 0 0 0 16.4832
0.0838185 0 0 0 16.7013
0.0841866 0 0 0 16.9223
0.0845563 0 0 0 17.1462
0.0849277 0 0 0 17.3731
0.0853006 0 0 0 17.603
0.0856753 0 0 0 17.8359
0.0860515 0 0 0 18.072
0.0864294 0 0 0 18.3111
0.086809 0 0 0 18.5534
0.0871902 0 0 0 18.7989
0.0875731 0 0 0 19.0477
0.0879577 0 0 0 19.2998
0.088344 0 0 0 19.5551
0.088732 0 0 0 19.8139
0.0891217 0 0 0 20.0761
0.089513 0 0 0 20.3418
0.0899062 0 0 0 20.611
0.090301 0 0 0 20.8837
0.0906976 0 0 0 21.16
0.0910959 0 0 0 21.4401
0.0914959 0 0 0 21.7238
0.0918977 0 0 0 22.0112
0.0923013 0 0 0 22.3025
0.0927067 0 0 0 22.5976
0.0931138 0 0 0 22.8967
0.0935227 0 0 0 23.1997
0.0939335 0 0 0 23.5067
0.094346 0 0 0 23.8177
0.0947603 0 0 0 24.1329
0.0951765 0 0 0 24.4522
0.0955944 0 0 0 24.7758
0.0960143 0 0 0 25.1037
0.0964359 0 0 0 25.4359
0.0968594 0 0 0 25.7724
0.0972848 0 0 0 26.1135
0.097712 0 0 0 26.459
0.0981412 0 0 0 26.8092
0.0985722 0 0 0 27.1639
0.0990051 0 0 0 27.5234
0.0994399 0 0 0 27.8876
0.0998766 0 0 0 28.2566
0.100315 0 0 0 28.6306
0.100756 0 0 0 29.0094
0.101198 0 0 0 29.3933
0.101643 0 0 0 29.7823
0.102089 0 0 0 30.1764
0.102537 0 0 0 30.5757
0.102988 0 0 0 30.9803
0.10344 0 0 0 31.3902
0.103894 0 0 0 31.8056
0.10435 0 0 0 32.2265
0.104809 0 0 0 32.653
0.105269 0 0 0 33.0851
0.105731 0 0 0 33.5229
0.106196 0 0 0 33.9665
0.106662 0 0 0 34.4159
0.10713 0 0 0 34.8714
0.107601 0 0 0 35.3328
0.108073 0 0 0 35.8004
0.108548 0 0 0 36.2741
0.109025 0 0 0 36.7541
0.109504 0 0 0 37.2405
0.109985 0 0 0 37.7333
0.110468 0 0 0 38.2326
0.110953 0 0 0 38.7385
0.11144 0 0 0 39.2511
0.111929 0 0 0 39.7706
0.112421 0 0 0 40.2968
0.112915 0 0 0 40.8301
0.11341 0 0 0 41.3704
0.113909 0 0 0 41.9178
0.114409 0 0 0 42.4725
0.114911 0 0 0 43.0345
0.115416 0 0 0 43.604
0.115923 0 0 0 44.181
0.116432 0 0 0 44.7657
0.116943 0 0 0 45.358
0.117457 0 0 0 45.9583
0.117973 0 0 0 46.5664
0.118491 0 0 0 47.1826
0.119011 0 0 0 47.807
0.119534 0 0 0 48.4396
0.120059 0 0 0 49.0806
0.120586 0 0 0 49.7301
0.121115 0 0 0 50.3882
0.121647 0 0 0 51.0549
0.122182 0 0 0 51.7305
0.122718 0 0 0 52.4151
0.123257 0 0 0 53.1087
0.123798 0 0 0 53.8115
0.124342 0 0 0 54.5235
0.124888 0 0 0 55.245
0.125437 0 0 0 55.9761
0.125987 0 0 0 56.7168
0.126541 0 0 0 57.4673
0.127096 0 0 0 58.2278
0.127655 0 0 0 58.9983
0.128215 0 0 0 59.779
0.128778 0 0 0 60.5701
0.129344 0 0 0 61.3716
0.129912 0 0 0 62.1837
0.130482 0 0 0 63.0066
0.131055 0 0 0 63.8404
0.131631 0 0 0 64.6851
0.132209 0 0 0 65.5411
0.13279 0 0 0 66.4084
0.133373 0 0 0 67.2872
0.133959 0 0 0 68.1776
0.134547 0 0 0 69.0798
0.135138 0 0 0 69.9939
0.135731 0 0 0 70.9201
0.136327 0 0 0 71.8586
0.136926 0 0 0 72.8095
0.137527 0 0 0 73.773
0.138131 0 0 0 74.7492
0.138738 0 0 0 75.7383
0.139347 0 0 0 76.7406
0.139959 0 0 0 77.7561
0.140574 0 0 0 78.785
0.141191 0 0 0 79.8276
0.141811 0 0 0 80.8839
0.142434 0 0 0 81.9542
0.14306 0 0 0 83.0387
0.143688 0 0 0 84.1376
0.144319 0 0 0 85.251
0.144953 0 0 0 86.3791
0.145589 0 0 0 87.5221
0.146229 0 0 0 88.6803
0.146871 0 0 0 89.8538
0.147516 0 0 0 91.0428
0.148164 0 0 0 92.2476
0.148814 0 0 0 93.4683
0.149468 0 0 0 94.7051
0.150124 0 0 0 95.9583
0.150784 0 0 0 97.2281
0.151446 0 0 0 98.5147
0.152111 0 0 0 99.8184
0.152779 0 0 0 101.139
0.15345 0 0 0 102.478
0.154124 0 0 0 103.834
0.154801 0 0 0 105.208
0.15548 0 0 0 106.6
0.156163 0 0 0 108.011
0.156849 0 0 0 109.44
0.157538 0 0 0 110.888
0.15823 0 0 0 112.355
0.158925 0 0 0 113.842
0.159623 0 0 0 115.349
0.160324 0 0 0 116.875
0.161028 0 0 0 118.422
0.161735 0 0 0 119.989
0.162445 0 0 0 121.576
0.163158 0 0 0 123.185
0.163875 0 0 0 124.815
0.164595 0 0 0 126.467
0.165318 0 0 0 128.141
0.166044 0 0 0 129.836
0.166773 0 0 0 131.554
0.167505 0 0 0 133.295
0.168241 0 0 0 135.059
0.16898 0 0 0 136.846
0.169722 0 0 0 138.657
0.170467 0 0 0 140.492
0.171216 0 0 0 142.351
0.171968 0 0 0 144.235
0.172723 0 0 0 146.143
0.173481 0 0 0 148.077
0.174243 0 0 0 150.037
0.175008 0 0 0 152.022
0.175777 0 0 0 154.034
0.176549 0 0 0 156.072
0.177324 0 0 0 158.138
0.178103 0 0 0 160.23
0.178885 0 0 0 162.35
0.179671 0 0 0 164.499
0.18046 0 0 0 166.676
0.181252 0 0 0 168.881
0.182048 0 0 0 171.116
0.182848 0 0 0 173.38
0.183651 0 0 0 175.675
0.184457 0 0 0 177.999
0.185268 0 0 0 180.355
0.186081 0 0 0 182.741
0.186898 0 0 0 185.16
0.187719 0 0 0 187.61
0.188544 0 0 0 190.092
0.189372 0 0 0 192.608
0.190203 0 0 0 195.157
0.191038 0 0 0 197.739
0.191877 0 0 0 200.356
0.19272 0 0 0 203.007
0.193566 0 0 0 205.693
0.194417 0 0 0 208.415
0.19527 0 0 0 211.173
0.196128 0 0 0 213.968
0.196989 0 0 0 216.799
0.197854 0 0 0 219.668
0.198723 0 0 0 222.575
0.199596 0 0 0 225.52
0.200473 0 0 0 228.504
0.201353 0 0 0 231.528
0.202237 0 0 0 234.592
0.203125 0 0 0 237.696
0.204017 0 0 0 240.842
0.204913 0 0 0 244.029
0.205813 0 0 0 247.258
0.206717 0 0 0 250.53
0.207625 0 0 0 253.845
0.208537 0 0 0 257.204
0.209453 0 0 0 260.608
0.210372 0 0 0 264.056
0.211296 0 0 0 267.55
0.212224 0 0 0 271.091
0.213156 0 0 0 274.678
0.214092 0 0 0 278.313
0.215033 0 0 0 281.996
0.215977 0 0 0 285.728
0.216925 0 0 0 289.509
0.217878 0 0 0 293.34
0.218835 0 0 0 297.221
0.219796 0 0 0 301.154
0.220761 0 0 0 305.14
0.221731 0 0 0 309.177
0.222705 0 0 0 313.269
0.223683 0 0 0 317.414
0.224665 0 0 0 321.614
0.225652 0 0 0 325.87
0.226643 0 0 0 330.183
0.227638 0 0 0 334.552
0.228638 0 0 0 338.979
0.229642 0 0 0 343.465
0.23065 0 0 0 348.01
0.231663 0 0 0 352.615
0.23268 0 0 0 357.281
0.233702 0 0 0 362.009
0.234729 0 0 0 366.799
0.23576 0 0 0 371.653
0.236795 0 0 0 376.571
0.237835 0 0 0 381.554
0.238879 0 0 0 386.603
0.239928 0 0 0 391.719
0.240982 0 0 0 396.903
0.24204 0 0 0 402.155
0.243103 0 0 0 407.476
0.244171 0 0 0 412.868
0.245243 0 0 0 418.332
0.24632 0 0 0 423.868
0.247402 0 0 0 429.477
0.248488 0 0 0 435.16
0.24958 0 0 0 440.918
0.250676 0 0 0 446.753
0.251777 0 0 0 452.665
0.252882 0 0 0 458.655
0.253993 0 0 0 464.724
0.255108 0 0 0 470.874
0.256229 0 0 0 477.105
0.257354 0 0 0 483.418
0.258484 0 0 0 489.815
0.259619 0 0 0 496.297
0.26076 0 0 0 502.864
0.261905 0 0 0 509.519
0.263055 0 0 0 516.261
0.26421 0 0 0 523.093
0.26537 0 0 0 530.015
0.266536 0 0 0 537.028
0.267706 0 0 0 544.135
0.268882 0 0 0 551.335
0.270063 0 0 0 558.631
0.271249 0 0 0 566.023
0.27244 0 0 0 573.513
0.273637 0 0 0 581.102
0.274838 0 0 0 588.792
0.276045 0 0 0 596.583
0.277258 0 0 0 604.478
0.278475 0 0 0 612.477
0.279698 0 0 0 620.582
0.280927 0 0 0 628.794
0.28216 0 0 0 637.115
0.283399 0 0 0 645.545
0.284644 0 0 0 654.088
0.285894 0 0 0 662.743
0.28715 0 0 0 671.513
0.288411 0 0 0 680.399
0.289677 0 0 0 689.403
0.290949 0 0 0 698.526
0.292227 0 0 0 707.769
0.293511 0 0 0 717.135
0.2948 0 0 0 726.625
0.296094 0 0 0 736.24
0.297395 0 0 0 745.983
0.298701 0 0 0 755.854
0.300012 0 0 0 765.856
0.30133 0 0 0 775.991
0.302653 0 0 0 786.259
0.303982 0 0 0 796.664
0.305317 0 0 0 807.206
0.306658 0 0 0 817.888
0.308005 0 0 0 828.711
0.309358 0 0 0 839.677
0.310716 0 0 0 850.788
0.312081 0 0 0 862.047
0.313451 0 0 0 873.454
0.314828 0 0 0 885.012
0.31621 0 0 0 896.724
0.317599 0 0 0 908.59
0.318994 0 0 0 920.613
0.320395 0 0 0 932.795
0.321802 0 0 0 945.139
0.323215 0 0 0 957.646
0.324635 0 0 0 970.318
0.32606 0 0 0 983.158
0.327492 0 0 0 996.168
0.32893 0 0 0 1009.35
0.330375 0 0 0 1022.71
0.331826 0 0 0 1036.24
0.333283 0 0 0 1049.95
0.334747 0 0 0 1063.85
0.336217 0 0 0 1077.92
0.337693 0 0 0 1092.19
0.339176 0 0 0 1106.64
0.340666 0 0 0 1121.29
0.342162 0 0 0 1136.12
0.343665 0 0 0 1151.16
0.345174 0 0 0 1166.39
0.34669 0 0 0 1181.83
0.348212 0 0 0 1197.46
0.349742 0 0 0 1213.31
0.351278 0 0 0 1229.37
0.35282 0 0 0 1245.63
0.35437 0 0 0 1262.12
0.355926 0 0 0 1278.82
0.357489 0 0 0 1295.74
0.359059 0 0 0 1312.89
0.360636 0 0 0 1330.26
0.36222 0 0 0 1347.86
0.36381 0 0 0 1365.7
0.365408 0 0 0 1383.77
0.367013 0 0 0 1402.08
0.368625 0 0 0 1420.64
0.370244 0 0 0 1439.44
0.37187 0 0 0 1458.48
0.373503 0 0 0 1477.78
0.375143 0 0 0 1497.34
0.37679 0 0 0 1517.15
0.378445 0 0 0 1537.23
0.380107 0 0 0 1557.57
0.381776 0 0 0 1578.18
0.383453 0 0 0 1599.07
0.385137 0 0 0 1620.23
0.386828 0 0 0 1641.67
0.388527 0 0 0 1663.39
0.390234 0 0 0 1685.4
0.391947 0 0 0 1707.7
0.393669 0 0 0 1730.3
0.395397 0 0 0 1753.2
0.397134 0 0 0 1776.4
0.398878 0 0 0 1799.91
0.40063 0 0 0 1823.72
0.402389 0 0 0 1847.86
0.404156 0 0 0 1872.31
0.405931 0 0 0 1897.09
0.407714 0 0 0 1922.19
0.409504 0 0 0 1947.63
0.411303 0 0 0 1973.4
0.413109 0 0 0 1999.51
0.414923 0 0 0 2025.97
0.416745 0 0 0 2052.78
0.418576 0 0 0 2079.95
0.420414 0 0 0 2107.47
0.42226 0 0 0 2135.36
0.424115 0 0 0 2163.61
0.425977 0 0 0 2192.24
0.427848 0 0 0 2221.25
0.429727 0 0 0 2250.65
0.431614 0 0 0 2280.43
0.43351 0 0 0 2310.61
0.435413 0 0 0 2341.18
0.437326 0 0 0 2372.16
0.439246 0 0 0 2403.55
0.441175 0 0 0 2435.36
0.443113 0 0 0 2467.59
0.445059 0 0 0 2500.24
0.447013 0 0 0 2533.32
0.448976 0 0 0 2566.85
0.450948 0 0 0 2600.81
0.452928 0 0 0 2635.23
0.454918 0 0 0 2670.1
0.456915 0 0 0 2705.44
0.458922 0 0 0 2741.24
0.460937 0 0 0 2777.51
0.462962 0 0 0 2814.27
0.464995 0 0 0 2851.51
0.467037 0 0 0 2889.24
0.469088 0 0 0 2927.47
0.471148 0 0 0 2966.21
0.473217 0 0 0 3005.46
0.475295 0 0 0 3045.23
0.477383 0 0 0 3085.53
0.479479 0 0 0 3126.36
0.481585 0 0 0 3167.73
0.4837 0 0 0 3209.65
0.485824 0 0 0 3252.12
0.487958 0 0 0 3295.16
0.490101 0 0 0 3338.76
0.492253 0 0 0 3382.94
0.494415 0 0 0 3427.71
0.496586 0 0 0 3473.07
0.498767 0 0 0 3519.03
0.500957 0 0 0 3565.59
0.503157 0 0 0 3612.78
0.505367 0 0 0 3660.58
0.507586 0 0 0 3709.02
0.509816 0 0 0 3758.11
0.512054 0 0 0 3807.84
0.514303 0 0 0 3858.22
0.516562 0 0 0 3909.28
0.51883 0 0 0 3961.01
0.521109 0 0 0 4013.43
0.523397 0 0 0 4066.54
0.525696 0 0 0 4120.35
0.528005 0 0 0 4174.87
0.530323 0 0 0 4230.12
0.532652 0 0 0 4286.09
0.534992 0 0 0 4342.81
0.500677
2000
3.04789e+06
      753571000
8.39596e-05 0 0 0 1.67857e-08
8.43283e-05 0 0 0 1.70079e-08
8.46986e-05 0 0 0 1.72329e-08
8.50706e-05 0 0 0 1.7461e-08
8.54442e-05 0 0 0 1.7692e-08
8.58194e-05 0 0 0 1.79261e-08
8.61963e-05 0 0 0 1.81633e-08
8.65749e-05 0 0 0 1.84037e-08
8.69551e-05 0 0 0 1.86472e-08
8.73369e-05 0 0 0 1.8894e-08
8.77205e-05 0 0 0 1.9144e-08
8.81057e-05 0 0 0 1.93973e-08
8.84927e-05 0 0 0 1.9654e-08
8.88813e-05 0 0 0 1.99141e-08
8.92716e-05 0 0 0 2.01776e-08
8.96637e-05 0 0 0 2.04446e-08
9.00574e-05 0 0 0 2.07152e-08
9.04529e-05 0 0 0 2.09893e-08
9.08502e-05 0 0 0 2.1267e-08
9.12492e-05 0 0 0 2.15485e-08
9.16499e-05 0 0 0 2.18336e-08
9.20524e-05 0 0 0 2.21225e-08
9.24566e-05 0 0 0 2.24153e-08
9.28627e-05 0 0 0 2.27119e-08
9.32705e-05 0 0 0 2.30124e-08
9.36801e-05 0 0 0 2.3317e-08
9.40915e-05 0 0 0 2.36255e-08
9.45047e-05 0 0 0 2.39382e-08
9.49198e-05 0 0 0 2.42549e-08
9.53366e-05 0 0 0 2.45759e-08
9.57553e-05 0 0 0 2.49011e-08
9.61758e-05 0 0 0 2.52306e-08
9.65982e-05 0 0 0 2.55645e-08
9.70224e-05 0 0 0 2.59028e-08
9.74485e-05 0 0 0 2.62455e-08
9.78765e-05 0 0 0 2.65928e-08
9.83063e-05 0 0 0 2.69447e-08
9.8738e-05 0 0 0 2.73013e-08
9.91717e-05 0 0 0 2.76626e-08
9.96072e-05 0 0 0 2.80286e-08
0.000100045 0 0 0 2.83995e-08
0.000100484 0 0 0 2.87753e-08
0.000100925 0 0 0 2.91561e-08
0.000101368 0 0 0 2.95419e-08
0.000101814 0 0 0 2.99329e-08
0.000102261 0 0 0 3.0329e-08
0.00010271 0 0 0 3.07303e-08
0.000103161 0 0 0 3.11369e-08
0.000103614 0 0 0 3.1549e-08
0.000104069 0 0 0 3.19665e-08
0.000104526 0 0 0 3.23895e-08
0.000104985 0 0 0 3.28181e-08
0.000105446 0 0 0 3.32524e-08
0.000105909 0 0 0 3.36924e-08
0.000106374 0 0 0 3.41382e-08
0.000106842 0 0 0 3.459e-08
0.000107311 0 0 0 3.50477e-08
0.000107782 0 0 0 3.55115e-08
0.000108255 0 0 0 3.59814e-08
0.000108731 0 0 0 3.64575e-08
0.000109208 0 0 0 3.694e-08
0.000109688 0 0 0 3.74288e-08
0.00011017 0 0 0 3.79241e-08
0.000110653 0 0 0 3.84259e-08
0.000111139 0 0 0 3.89344e-08
0.000111627 0 0 0 3.94496e-08
0.000112118 0 0 0 3.99717e-08
0.00011261 0 0 0 4.05006e-08
0.000113105 0 0 0 4.10365e-08
0.000113601 0 0 0 4.15796e-08
0.0001141 0 0 0 4.21298e-08
0.000114601 0 0 0 4.26873e-08
0.000115105 0 0 0 4.32522e-08
0.00011561 0 0 0 4.38245e-08
0.000116118 0 0 0 4.44044e-08
0.000116628 0 0 0 4.4992e-08
0.00011714 0 0 0 4.55874e-08
0.000117654 0 0 0 4.61907e-08
0.000118171 0 0 0 4.68019e-08
0.00011869 0 0 0 4.74212e-08
0.000119211 0 0 0 4.80487e-08
0.000119735 0 0 0 4.86846e-08
0.000120261 0 0 0 4.93288e-08
0.000120789 0 0 0 4.99816e-08
0.000121319 0 0 0 5.0643e-08
0.000121852 0 0 0 5.13131e-08
0.000122387 0 0 0 5.19921e-08
0.000122925 0 0 0 5.26801e-08
0.000123464 0 0 0 5.33772e-08
0.000124007 0 0 0 5.40836e-08
0.000124551 0 0 0 5.47993e-08
0.000125098 0 0 0 5.55244e-08
0.000125648 0 0 0 5.62591e-08
0.000126199 0 0 0 5.70036e-08
0.000126754 0 0 0 5.77579e-08
0.00012731 0 0 0 5.85222e-08
0.000127869 0 0 0 5.92967e-08
0.000128431 0 0 0 6.00813e-08
0.000128995 0 0 0 6.08764e-08
0.000129562 0 0 0 6.16819e-08
0.000130131 0 0 0 6.24982e-08
0.000130702 0 0 0 6.33252e-08
0.000131276 0 0 0 6.41632e-08
0.000131853 0 0 0 6.50122e-08
0.000132432 0 0 0 6.58725e-08
0.000133013 0 0 0 6.67442e-08
0.000133597 0 0 0 6.76274e-08
0.000134184 0 0 0 6.85223e-08
0.000134773 0 0 0 6.94291e-08
0.000135365 0 0 0 7.03478e-08
0.00013596 0 0 0 7.12787e-08
0.000136557 0 0 0 7.2222e-08
0.000137156 0 0 0 7.31777e-08
0.000137759 0 0 0 7.4146e-08
0.000138364 0 0 0 7.51272e-08
0.000138971 0 0 0 7.61213e-08
0.000139582 0 0 0 7.71286e-08
0.000140195 0 0 0 7.81493e-08
0.00014081 0 0 0 7.91834e-08
0.000141429 0 0 0 8.02312e-08
0.00014205 0 0 0 8.12929e-08
0.000142674 0 0 0 8.23687e-08
0.0001433 0 0 0 8.34586e-08
0.00014393 0 0 0 8.4563e-08
0.000144562 0 0 0 8.5682e-08
0.000145197 0 0 0 8.68159e-08
0.000145834 0 0 0 8.79647e-08
0.000146475 0 0 0 8.91287e-08
0.000147118 0 0 0 9.03081e-08
0.000147764 0 0 0 9.15032e-08
0.000148413 0 0 0 9.2714e-08
0.000149065 0 0 0 9.39409e-08
0.000149719 0 0 0 9.5184e-08
0.000150377 0 0 0 9.64436e-08
0.000151037 0 0 0 9.77198e-08
0.000151701 0 0 0 9.90129e-08
0.000152367 0 0 0 1.00323e-07
0.000153036 0 0 0 1.01651e-07
0.000153708 0 0 0 1.02996e-07
0.000154383 0 0 0 1.04359e-07
0.000155061 0 0 0 1.0574e-07
0.000155742 0 0 0 1.07139e-07
0.000156426 0 0 0 1.08557e-07
0.000157113 0 0 0 1.09993e-07
0.000157803 0 0 0 1.11449e-07
0.000158496 0 0 0 1.12924e-07
0.000159192 0 0 0 1.14418e-07
0.000159891 0 0 0 1.15932e-07
0.000160593 0 0 0 1.17466e-07
0.000161299 0 0 0 1.1902e-07
0.000162007 0 0 0 1.20595e-07
0.000162718 0 0 0 1.22191e-07
0.000163433 0 0 0 1.23808e-07
0.000164151 0 0 0 1.25447e-07
0.000164872 0 0 0 1.27107e-07
0.000165596 0 0 0 1.28789e-07
0.000166323 0 0 0 1.30493e-07
0.000167053 0 0 0 1.3222e-07
0.000167787 0 0 0 1.33969e-07
0.000168524 0 0 0 1.35742e-07
0.000169264 0 0 0 1.37538e-07
0.000170007 0 0 0 1.39358e-07
0.000170754 0 0 0 1.41202e-07
0.000171504 0 0 0 1.43071e-07
0.000172257 0 0 0 1.44964e-07
0.000173014 0 0 0 1.46882e-07
0.000173773 0 0 0 1.48826e-07
0.000174536 0 0 0 1.50796e-07
0.000175303 0 0 0 1.52791e-07
0.000176073 0 0 0 1.54813e-07
0.000176846 0 0 0 1.56861e-07
0.000177623 0 0 0 1.58937e-07
0.000178403 0 0 0 1.6104e-07
0.000179186 0 0 0 1.63171e-07
0.000179973 0 0 0 1.65331e-07
0.000180764 0 0 0 1.67518e-07
0.000181557 0 0 0 1.69735e-07
0.000182355 0 0 0 1.71981e-07
0.000183156 0 0 0 1.74257e-07
0.00018396 0 0 0 1.76563e-07
0.000184768 0 0 0 1.78899e-07
0.000185579 0 0 0 1.81267e-07
0.000186394 0 0 0 1.83665e-07
0.000187213 0 0 0 1.86096e-07
0.000188035 0 0 0 1.88558e-07
0.000188861 0 0 0 1.91054e-07
0.00018969 0 0 0 1.93582e-07
0.000190523 0 0 0 1.96143e-07
0.00019136 0 0 0 1.98739e-07
0.0001922 0 0 0 2.01369e-07
0.000193044 0 0 0 2.04034e-07
0.000193892 0 0 0 2.06734e-07
0.000194744 0 0 0 2.09469e-07
0.000195599 0 0 0 2.12241e-07
0.000196458 0 0 0 2.1505e-07
0.000197321 0 0 0 2.17895e-07
0.000198187 0 0 0 2.20779e-07
0.000199058 0 0 0 2.237e-07
0.000199932 0 0 0 2.2666e-07
0.00020081 0 0 0 2.2966e-07
0.000201692 0 0 0 2.32699e-07
0.000202578 0 0 0 2.35778e-07
0.000203467 0 0 0 2.38898e-07
0.000204361 0 0 0 2.42059e-07
0.000205258 0 0 0 2.45263e-07
0.00020616 0 0 0 2.48508e-07
0.000207065 0 0 0 2.51797e-07
0.000207974 0 0 0 2.55129e-07
0.000208888 0 0 0 2.58505e-07
0.000209805 0 0 0 2.61925e-07
0.000210726 0 0 0 2.65392e-07
0.000211652 0 0 0 2.68903e-07
0.000212581 0 0 0 2.72462e-07
0.000213515 0 0 0 2.76067e-07
0.000214453 0 0 0 2.7972e-07
0.000215394 0 0 0 2.83422e-07
0.00021634 0 0 0 2.87172e-07
0.00021729 0 0 0 2.90972e-07
0.000218245 0 0 0 2.94823e-07
0.000219203 0 0 0 2.98724e-07
0.000220166 0 0 0 3.02677e-07
0.000221133 0 0 0 3.06682e-07
0.000222104 0 0 0 3.10741e-07
0.000223079 0 0 0 3.14853e-07
0.000224059 0 0 0 3.19019e-07
0.000225043 0 0 0 3.23241e-07
0.000226031 0 0 0 3.27518e-07
0.000227024 0 0 0 3.31852e-07
0.000228021 0 0 0 3.36243e-07
0.000229022 0 0 0 3.40693e-07
0.000230028 0 0 0 3.45201e-07
0.000231038 0 0 0 3.49769e-07
0.000232053 0 0 0 3.54398e-07
0.000233072 0 0 0 3.59087e-07
0.000234096 0 0 0 3.63839e-07
0.000235124 0 0 0 3.68654e-07
0.000236156 0 0 0 3.73532e-07
0.000237193 0 0 0 3.78475e-07
0.000238235 0 0 0 3.83483e-07
0.000239281 0 0 0 3.88558e-07
0.000240332 0 0 0 3.937e-07
0.000241388 0 0 0 3.9891e-07
0.000242448 0 0 0 4.04188e-07
0.000243512 0 0 0 4.09537e-07
0.000244582 0 0 0 4.14956e-07
0.000245656 0 0 0 4.20447e-07
0.000246735 0 0 0 4.26011e-07
0.000247818 0 0 0 4.31648e-07
0.000248907 0 0 0 4.3736e-07
0.00025 0 0 0 4.43148e-07
0.000251098 0 0 0 4.49012e-07
0.0002522 0 0 0 4.54954e-07
0.000253308 0 0 0 4.60974e-07
0.00025442 0 0 0 4.67074e-07
0.000255538 0 0 0 4.73255e-07
0.00025666 0 0 0 4.79517e-07
0.000257787 0 0 0 4.85863e-07
0.000258919 0 0 0 4.92292e-07
0.000260056 0 0 0 4.98806e-07
0.000261198 0 0 0 5.05407e-07
0.000262345 0 0 0 5.12095e-07
0.000263498 0 0 0 5.18871e-07
0.000264655 0 0 0 5.25738e-07
0.000265817 0 0 0 5.32695e-07
0.000266984 0 0 0 5.39744e-07
0.000268157 0 0 0 5.46886e-07
0.000269335 0 0 0 5.54123e-07
0.000270517 0 0 0 5.61456e-07
0.000271705 0 0 0 5.68885e-07
0.000272899 0 0 0 5.76413e-07
0.000274097 0 0 0 5.84041e-07
0.000275301 0 0 0 5.91769e-07
0.00027651 0 0 0 5.996e-07
0.000277724 0 0 0 6.07535e-07
0.000278944 0 0 0 6.15574e-07
0.000280169 0 0 0 6.2372e-07
0.000281399 0 0 0 6.31973e-07
0.000282635 0 0 0 6.40336e-07
0.000283876 0 0 0 6.4881e-07
0.000285123 0 0 0 6.57395e-07
0.000286375 0 0 0 6.66095e-07
0.000287633 0 0 0 6.74909e-07
0.000288896 0 0 0 6.8384e-07
0.000290165 0 0 0 6.92889e-07
0.000291439 0 0 0 7.02058e-07
0.000292719 0 0 0 7.11348e-07
0.000294004 0 0 0 7.20761e-07
0.000295296 0 0 0 7.30299e-07
0.000296592 0 0 0 7.39963e-07
0.000297895 0 0 0 7.49755e-07
0.000299203 0 0 0 7.59676e-07
0.000300517 0 0 0 7.69729e-07
0.000301837 0 0 0 7.79915e-07
0.000303163 0 0 0 7.90235e-07
0.000304494 0 0 0 8.00692e-07
0.000305831 0 0 0 8.11288e-07
0.000307174 0 0 0 8.22023e-07
0.000308523 0 0 0 8.32901e-07
0.000309878 0 0 0 8.43923e-07
0.000311239 0 0 0 8.5509e-07
0.000312606 0 0 0 8.66406e-07
0.000313979 0 0 0 8.77871e-07
0.000315358 0 0 0 8.89488e-07
0.000316743 0 0 0 9.01258e-07
0.000318134 0 0 0 9.13184e-07
0.000319531 0 0 0 9.25268e-07
0.000320934 0 0 0 9.37512e-07
0.000322343 0 0 0 9.49918e-07
0.000323759 0 0 0 9.62488e-07
0.000325181 0 0 0 9.75225e-07
0.000326609 0 0 0 9.8813e-07
0.000328043 0 0 0 1.00121e-06
0.000329484 0 0 0 1.01445e-06
0.000330931 0 0 0 1.02788e-06
0.000332384 0 0 0 1.04148e-06
0.000333844 0 0 0 1.05526e-06
0.00033531 0 0 0 1.06923e-06
0.000336783 0 0 0 1.08338e-06
0.000338262 0 0 0 1.09771e-06
0.000339747 0 0 0 1.11224e-06
0.000341239 0 0 0 1.12696e-06
0.000342738 0 0 0 1.14187e-06
0.000344243 0 0 0 1.15698e-06
0.000345755 0 0 0 1.17229e-06
0.000347273 0 0 0 1.1878e-06
0.000348798 0 0 0 1.20352e-06
0.00035033 0 0 0 1.21945e-06
0.000351869 0 0 0 1.23558e-06
0.000353414 0 0 0 1.25193e-06
0.000354966 0 0 0 1.2685e-06
0.000356525 0 0 0 1.28528e-06
0.000358091 0 0 0 1.30229e-06
0.000359663 0 0 0 1.31953e-06
0.000361243 0 0 0 1.33699e-06
0.000362829 0 0 0 1.35468e-06
0.000364423 0 0 0 1.37261e-06
0.000366023 0 0 0 1.39077e-06
0.00036763 0 0 0 1.40917e-06
0.000369245 0 0 0 1.42782e-06
0.000370867 0 0 0 1.44671e-06
0.000372495 0 0 0 1.46586e-06
0.000374131 0 0 0 1.48526e-06
0.000375774 0 0 0 1.50491e-06
0.000377424 0 0 0 1.52482e-06
0.000379082 0 0 0 1.545e-06
0.000380747 0 0 0 1.56545e-06
0.000382419 0 0 0 1.58616e-06
0.000384098 0 0 0 1.60715e-06
0.000385785 0 0 0 1.62842e-06
0.000387479 0 0 0 1.64997e-06
0.000389181 0 0 0 1.6718e-06
0.00039089 0 0 0 1.69392e-06
0.000392607 0 0 0 1.71634e-06
0.000394331 0 0 0 1.73905e-06
0.000396063 0 0 0 1.76206e-06
0.000397802 0 0 0 1.78538e-06
0.000399549 0 0 0 1.80901e-06
0.000401304 0 0 0 1.83295e-06
0.000403066 0 0 0 1.8572e-06
0.000404836 0 0 0 1.88178e-06
0.000406614 0 0 0 1.90668e-06
0.0004084 0 0 0 1.93191e-06
0.000410193 0 0 0 1.95747e-06
0.000411995 0 0 0 1.98338e-06
0.000413804 0 0 0 2.00962e-06
0.000415621 0 0 0 2.03622e-06
0.000417447 0 0 0 2.06316e-06
0.00041928 0 0 0 2.09046e-06
0.000421121 0 0 0 2.11813e-06
0.000422971 0 0 0 2.14615e-06
0.000424828 0 0 0 2.17455e-06
0.000426694 0 0 0 2.20333e-06
0.000428568 0 0 0 2.23249e-06
0.00043045 0 0 0 2.26203e-06
0.00043234 0 0 0 2.29196e-06
0.000434239 0 0 0 2.32229e-06
0.000436146 0 0 0 2.35302e-06
0.000438061 0 0 0 2.38416e-06
0.000439985 0 0 0 2.41571e-06
0.000441918 0 0 0 2.44767e-06
0.000443858 0 0 0 2.48006e-06
0.000445808 0 0 0 2.51288e-06
0.000447765 0 0 0 2.54614e-06
0.000449732 0 0 0 2.57983e-06
0.000451707 0 0 0 2.61397e-06
0.000453691 0 0 0 2.64856e-06
0.000455683 0 0 0 2.6836e-06
0.000457684 0 0 0 2.71912e-06
0.000459694 0 0 0 2.7551e-06
0.000461713 0 0 0 2.79156e-06
0.000463741 0 0 0 2.8285e-06
0.000465777 0 0 0 2.86593e-06
0.000467823 0 0 0 2.90385e-06
0.000469877 0 0 0 2.94228e-06
0.000471941 0 0 0 2.98121e-06
0.000474013 0 0 0 3.02066e-06
0.000476095 0 0 0 3.06063e-06
0.000478186 0 0 0 3.10113e-06
0.000480286 0 0 0 3.14217e-06
0.000482395 0 0 0 3.18375e-06
0.000484514 0 0 0 3.22588e-06
0.000486642 0 0 0 3.26857e-06
0.000488779 0 0 0 3.31182e-06
0.000490925 0 0 0 3.35565e-06
0.000493081 0 0 0 3.40005e-06
0.000495247 0 0 0 3.44504e-06
0.000497422 0 0 0 3.49063e-06
0.000499606 0 0 0 3.53682e-06
0.0005018 0 0 0 3.58362e-06
0.000504004 0 0 0 3.63105e-06
0.000506217 0 0 0 3.6791e-06
0.00050844 0 0 0 3.72778e-06
0.000510673 0 0 0 3.77711e-06
0.000512916 0 0 0 3.82709e-06
0.000515169 0 0 0 3.87773e-06
0.000517431 0 0 0 3.92905e-06
0.000519703 0 0 0 3.98104e-06
0.000521986 0 0 0 4.03372e-06
0.000524278 0 0 0 4.0871e-06
0.000526581 0 0 0 4.14118e-06
0.000528893 0 0 0 4.19598e-06
0.000531216 0 0 0 4.25151e-06
0.000533549 0 0 0 4.30777e-06
0.000535892 0 0 0 4.36477e-06
0.000538245 0 0 0 4.42253e-06
0.000540609 0 0 0 4.48105e-06
0.000542983 0 0 0 4.54035e-06
0.000545368 0 0 0 4.60043e-06
0.000547763 0 0 0 4.66131e-06
0.000550169 0 0 0 4.72299e-06
0.000552585 0 0 0 4.78549e-06
0.000555011 0 0 0 4.84882e-06
0.000557449 0 0 0 4.91298e-06
0.000559897 0 0 0 4.97799e-06
0.000562356 0 0 0 5.04387e-06
0.000564825 0 0 0 5.11061e-06
0.000567306 0 0 0 5.17824e-06
0.000569797 0 0 0 5.24676e-06
0.0005723 0 0 0 5.31619e-06
0.000574813 0 0 0 5.38654e-06
0.000577337 0 0 0 5.45782e-06
0.000579873 0 0 0 5.53004e-06
0.00058242 0 0 0 5.60322e-06
0.000584977 0 0 0 5.67737e-06
0.000587546 0 0 0 5.75249e-06
0.000590127 0 0 0 5.82862e-06
0.000592718 0 0 0 5.90575e-06
0.000595321 0 0 0 5.9839e-06
0.000597936 0 0 0 6.06308e-06
0.000600562 0 0 0 6.14331e-06
0.000603199 0 0 0 6.22461e-06
0.000605848 0 0 0 6.30697e-06
0.000608509 0 0 0 6.39043e-06
0.000611181 0 0 0 6.475e-06
0.000613865 0 0 0 6.56068e-06
0.000616561 0 0 0 6.6475e-06
0.000619269 0 0 0 6.73546e-06
0.000621988 0 0 0 6.82459e-06
0.00062472 0 0 0 6.9149e-06
0.000627463 0 0 0 7.0064e-06
0.000630219 0 0 0 7.09912e-06
0.000632987 0 0 0 7.19306e-06
0.000635767 0 0 0 7.28825e-06
0.000638559 0 0 0 7.38469e-06
0.000641363 0 0 0 7.48241e-06
0.00064418 0 0 0 7.58143e-06
0.000647009 0 0 0 7.68175e-06
0.00064985 0 0 0 7.7834e-06
0.000652704 0 0 0 7.8864e-06
0.00065557 0 0 0 7.99076e-06
0.000658449 0 0 0 8.0965e-06
0.000661341 0 0 0 8.20364e-06
0.000664246 0 0 0 8.3122e-06
0.000667163 0 0 0 8.42219e-06
0.000670093 0 0 0 8.53364e-06
0.000673035 0 0 0 8.64656e-06
0.000675991 0 0 0 8.76098e-06
0.00067896 0 0 0 8.87692e-06
0.000681942 0 0 0 8.99438e-06
0.000684936 0 0 0 9.1134e-06
0.000687944 0 0 0 9.234e-06
0.000690966 0 0 0 9.35619e-06
0.000694 0 0 0 9.48e-06
0.000697048 0 0 0 9.60545e-06
0.000700109 0 0 0 9.73256e-06
0.000703184 0 0 0 9.86135e-06
0.000706272 0 0 0 9.99184e-06
0.000709374 0 0 0 1.01241e-05
0.000712489 0 0 0 1.0258e-05
0.000715618 0 0 0 1.03938e-05
0.000718761 0 0 0 1.05313e-05
0.000721917 0 0 0 1.06707e-05
0.000725088 0 0 0 1.08119e-05
0.000728272 0 0 0 1.0955e-05
0.00073147 0 0 0 1.10999e-05
0.000734682 0 0 0 1.12468e-05
0.000737909 0 0 0 1.13956e-05
0.00074115 0 0 0 1.15464e-05
0.000744404 0 0 0 1.16992e-05
0.000747674 0 0 0 1.1854e-05
0.000750957 0 0 0 1.20109e-05
0.000754255 0 0 0 1.21698e-05
0.000757567 0 0 0 1.23309e-05
0.000760894 0 0 0 1.2494e-05
0.000764236 0 0 0 1.26594e-05
0.000767592 0 0 0 1.28269e-05
0.000770963 0 0 0 1.29966e-05
0.000774349 0 0 0 1.31686e-05
0.00077775 0 0 0 1.33429e-05
0.000781165 0 0 0 1.35194e-05
0.000784596 0 0 0 1.36983e-05
0.000788042 0 0 0 1.38796e-05
0.000791502 0 0 0 1.40633e-05
0.000794978 0 0 0 1.42494e-05
0.00079847 0 0 0 1.44379e-05
0.000801976 0 0 0 1.4629e-05
0.000805498 0 0 0 1.48226e-05
0.000809036 0 0 0 1.50187e-05
0.000812589 0 0 0 1.52175e-05
0.000816157 0 0 0 1.54188e-05
0.000819742 0 0 0 1.56229e-05
0.000823342 0 0 0 1.58296e-05
0.000826957 0 0 0 1.60391e-05
0.000830589 0 0 0 1.62513e-05
0.000834237 0 0 0 1.64664e-05
0.0008379 0 0 0 1.66843e-05
0.00084158 0 0 0 1.6905e-05
0.000845276 0 0 0 1.71287e-05
0.000848988 0 0 0 1.73554e-05
0.000852717 0 0 0 1.75851e-05
0.000856461 0 0 0 1.78178e-05
0.000860223 0 0 0 1.80536e-05
0.000864001 0 0 0 1.82925e-05
0.000867795 0 0 0 1.85345e-05
0.000871606 0 0 0 1.87798e-05
0.000875434 0 0 0 1.90283e-05
0.000879278 0 0 0 1.92801e-05
0.00088314 0 0 0 1.95352e-05
0.000887018 0 0 0 1.97937e-05
0.000890914 0 0 0 2.00557e-05
0.000894826 0 0 0 2.0321e-05
0.000898756 0 0 0 2.059e-05
0.000902703 0 0 0 2.08624e-05
0.000906667 0 0 0 2.11385e-05
0.000910649 0 0 0 2.14182e-05
0.000914648 0 0 0 2.17016e-05
0.000918665 0 0 0 2.19888e-05
0.0009227 0 0 0 2.22798e-05
0.000926752 0 0 0 2.25746e-05
0.000930822 0 0 0 2.28733e-05
0.00093491 0 0 0 2.3176e-05
0.000939015 0 0 0 2.34827e-05
0.000943139 0 0 0 2.37934e-05
0.000947281 0 0 0 2.41083e-05
0.000951441 0 0 0 2.44273e-05
0.00095562 0 0 0 2.47506e-05
0.000959816 0 0 0 2.50781e-05
0.000964032 0 0 0 2.54099e-05
0.000968265 0 0 0 2.57462e-05
0.000972518 0 0 0 2.60869e-05
0.000976789 0 0 0 2.64321e-05
0.000981078 0 0 0 2.67819e-05
0.000985387 0 0 0 2.71363e-05
0.000989714 0 0 0 2.74954e-05
0.000994061 0 0 0 2.78592e-05
0.000998426 0 0 0 2.82279e-05
0.00100281 0 0 0 2.86014e-05
0.00100721 0 0 0 2.89799e-05
0.00101164 0 0 0 2.93634e-05
0.00101608 0 0 0 2.97519e-05
0.00102054 0 0 0 3.01456e-05
0.00102503 0 0 0 3.05445e-05
0.00102953 0 0 0 3.09487e-05
0.00103405 0 0 0 3.13583e-05
0.00103859 0 0 0 3.17732e-05
0.00104315 0 0 0 3.21937e-05
0.00104773 0 0 0 3.26197e-05
0.00105233 0 0 0 3.30513e-05
0.00105695 0 0 0 3.34887e-05
0.0010616 0 0 0 3.39319e-05
0.00106626 0 0 0 3.43809e-05
0.00107094 0 0 0 3.48358e-05
0.00107564 0 0 0 3.52968e-05
0.00108037 0 0 0 3.57639e-05
0.00108511 0 0 0 3.62371e-05
0.00108988 0 0 0 3.67167e-05
0.00109466 0 0 0 3.72025e-05
0.00109947 0 0 0 3.76948e-05
0.0011043 0 0 0 3.81936e-05
0.00110915 0 0 0 3.86991e-05
0.00111402 0 0 0 3.92112e-05
0.00111891 0 0 0 3.973e-05
0.00112383 0 0 0 4.02558e-05
0.00112876 0 0 0 4.07885e-05
0.00113372 0 0 0 4.13282e-05
0.0011387 0 0 0 4.18751e-05
0.0011437 0 0 0 4.24292e-05
0.00114872 0 0 0 4.29907e-05
0.00115377 0 0 0 4.35596e-05
0.00115883 0 0 0 4.4136e-05
0.00116392 0 0 0 4.47201e-05
0.00116903 0 0 0 4.53118e-05
0.00117417 0 0 0 4.59114e-05
0.00117932 0 0 0 4.6519e-05
0.0011845 0 0 0 4.71346e-05
0.00118971 0 0 0 4.77583e-05
0.00119493 0 0 0 4.83903e-05
0.00120018 0 0 0 4.90306e-05
0.00120545 0 0 0 4.96794e-05
0.00121074 0 0 0 5.03368e-05
0.00121606 0 0 0 5.10029e-05
0.0012214 0 0 0 5.16778e-05
0.00122676 0 0 0 5.23617e-05
0.00123215 0 0 0 5.30546e-05
0.00123756 0 0 0 5.37566e-05
0.001243 0 0 0 5.4468e-05
0.00124846 0 0 0 5.51888e-05
0.00125394 0 0 0 5.59191e-05
0.00125945 0 0 0 5.6659e-05
0.00126498 0 0 0 5.74088e-05
0.00127053 0 0 0 5.81685e-05
0.00127611 0 0 0 5.89382e-05
0.00128172 0 0 0 5.97181e-05
0.00128735 0 0 0 6.05084e-05
0.001293 0 0 0 6.13091e-05
0.00129868 0 0 0 6.21204e-05
0.00130438 0 0 0 6.29424e-05
0.00131011 0 0 0 6.37753e-05
0.00131586 0 0 0 6.46192e-05
0.00132164 0 0 0 6.54743e-05
0.00132745 0 0 0 6.63408e-05
0.00133328 0 0 0 6.72186e-05
0.00133913 0 0 0 6.81081e-05
0.00134501 0 0 0 6.90094e-05
0.00135092 0 0 0 6.99226e-05
0.00135685 0 0 0 7.08479e-05
0.00136281 0 0 0 7.17854e-05
0.0013688 0 0 0 7.27353e-05
0.00137481 0 0 0 7.36978e-05
0.00138084 0 0 0 7.4673e-05
0.00138691 0 0 0 7.56612e-05
0.001393 0 0 0 7.66624e-05
0.00139912 0 0 0 7.76769e-05
0.00140526 0 0 0 7.87047e-05
0.00141143 0 0 0 7.97462e-05
0.00141763 0 0 0 8.08015e-05
0.00142386 0 0 0 8.18707e-05
0.00143011 0 0 0 8.29541e-05
0.00143639 0 0 0 8.40518e-05
0.0014427 0 0 0 8.51641e-05
0.00144903 0 0 0 8.62911e-05
0.0014554 0 0 0 8.74329e-05
0.00146179 0 0 0 8.85899e-05
0.00146821 0 0 0 8.97622e-05
0.00147466 0 0 0 9.095e-05
0.00148113 0 0 0 9.21536e-05
0.00148764 0 0 0 9.3373e-05
0.00149417 0 0 0 9.46086e-05
0.00150073 0 0 0 9.58606e-05
0.00150732 0 0 0 9.71291e-05
0.00151394 0 0 0 9.84144e-05
0.00152059 0 0 0 9.97167e-05
0.00152727 0 0 0 0.000101036
0.00153398 0 0 0 0.000102373
0.00154071 0 0 0 0.000103728
0.00154748 0 0 0 0.000105101
0.00155428 0 0 0 0.000106491
0.0015611 0 0 0 0.0001079
0.00156796 0 0 0 0.000109328
0.00157484 0 0 0 0.000110775
0.00158176 0 0 0 0.000112241
0.00158871 0 0 0 0.000113726
0.00159568 0 0 0 0.000115231
0.00160269 0 0 0 0.000116756
0.00160973 0 0 0 0.000118301
0.0016168 0 0 0 0.000119866
0.0016239 0 0 0 0.000121453
0.00163103 0 0 0 0.00012306
0.00163819 0 0 0 0.000124688
0.00164539 0 0 0 0.000126338
0.00165261 0 0 0 0.00012801
0.00165987 0 0 0 0.000129704
0.00166716 0 0 0 0.00013142
0.00167448 0 0 0 0.000133159
0.00168184 0 0 0 0.000134921
0.00168922 0 0 0 0.000136707
0.00169664 0 0 0 0.000138516
0.00170409 0 0 0 0.000140349
0.00171158 0 0 0 0.000142206
0.00171909 0 0 0 0.000144088
0.00172664 0 0 0 0.000145995
0.00173422 0 0 0 0.000147926
0.00174184 0 0 0 0.000149884
0.00174949 0 0 0 0.000151867
0.00175717 0 0 0 0.000153877
0.00176489 0 0 0 0.000155913
0.00177264 0 0 0 0.000157976
0.00178043 0 0 0 0.000160067
0.00178824 0 0 0 0.000162185
0.0017961 0 0 0 0.000164331
0.00180399 0 0 0 0.000166506
0.00181191 0 0 0 0.000168709
0.00181987 0 0 0 0.000170942
0.00182786 0 0 0 0.000173204
0.00183589 0 0 0 0.000175496
0.00184395 0 0 0 0.000177818
0.00185205 0 0 0 0.000180171
0.00186018 0 0 0 0.000182555
0.00186835 0 0 0 0.000184971
0.00187655 0 0 0 0.000187419
0.00188479 0 0 0 0.000189899
0.00189307 0 0 0 0.000192412
0.00190139 0 0 0 0.000194958
0.00190974 0 0 0 0.000197538
0.00191812 0 0 0 0.000200152
0.00192655 0 0 0 0.0002028
0.00193501 0 0 0 0.000205484
0.00194351 0 0 0 0.000208203
0.00195204 0 0 0 0.000210958
0.00196061 0 0 0 0.00021375
0.00196922 0 0 0 0.000216578
0.00197787 0 0 0 0.000219444
0.00198656 0 0 0 0.000222348
0.00199528 0 0 0 0.00022529
0.00200404 0 0 0 0.000228272
0.00201285 0 0 0 0.000231292
0.00202168 0 0 0 0.000234353
0.00203056 0 0 0 0.000237454
0.00203948 0 0 0 0.000240596
0.00204844 0 0 0 0.00024378
0.00205743 0 0 0 0.000247006
0.00206647 0 0 0 0.000250275
0.00207554 0 0 0 0.000253586
0.00208466 0 0 0 0.000256942
0.00209381 0 0 0 0.000260342
0.00210301 0 0 0 0.000263787
0.00211225 0 0 0 0.000267278
0.00212152 0 0 0 0.000270815
0.00213084 0 0 0 0.000274398
0.0021402 0 0 0 0.000278029
0.0021496 0 0 0 0.000281709
0.00215904 0 0 0 0.000285436
0.00216852 0 0 0 0.000289214
0.00217804 0 0 0 0.000293041
0.00218761 0 0 0 0.000296918
0.00219721 0 0 0 0.000300848
0.00220686 0 0 0 0.000304829
0.00221655 0 0 0 0.000308862
0.00222629 0 0 0 0.000312949
0.00223607 0 0 0 0.000317091
0.00224589 0 0 0 0.000321287
0.00225575 0 0 0 0.000325538
0.00226566 0 0 0 0.000329846
0.00227561 0 0 0 0.000334211
0.0022856 0 0 0 0.000338633
0.00229564 0 0 0 0.000343115
0.00230572 0 0 0 0.000347655
0.00231584 0 0 0 0.000352255
0.00232601 0 0 0 0.000356917
0.00233623 0 0 0 0.00036164
0.00234649 0 0 0 0.000366425
0.00235679 0 0 0 0.000371274
0.00236714 0 0 0 0.000376187
0.00237754 0 0 0 0.000381165
0.00238798 0 0 0 0.000386209
0.00239847 0 0 0 0.00039132
0.002409 0 0 0 0.000396498
0.00241958 0 0 0 0.000401745
0.00243021 0 0 0 0.000407061
0.00244088 0 0 0 0.000412448
0.0024516 0 0 0 0.000417906
0.00246237 0 0 0 0.000423436
0.00247318 0 0 0 0.000429039
0.00248404 0 0 0 0.000434716
0.00249495 0 0 0 0.000440469
0.00250591 0 0 0 0.000446298
0.00251691 0 0 0 0.000452203
0.00252797 0 0 0 0.000458187
0.00253907 0 0 0 0.00046425
0.00255022 0 0 0 0.000470394
0.00256142 0 0 0 0.000476618
0.00257267 0 0 0 0.000482926
0.00258396 0 0 0 0.000489316
0.00259531 0 0 0 0.000495791
0.00260671 0 0 0 0.000502352
0.00261816 0 0 0 0.000508999
0.00262966 0 0 0 0.000515735
0.0026412 0 0 0 0.00052256
0.0026528 0 0 0 0.000529475
0.00266445 0 0 0 0.000536481
0.00267615 0 0 0 0.00054358
0.00268791 0 0 0 0.000550773
0.00269971 0 0 0 0.000558062
0.00271157 0 0 0 0.000565446
0.00272348 0 0 0 0.000572929
0.00273544 0 0 0 0.00058051
0.00274745 0 0 0 0.000588192
0.00275952 0 0 0 0.000595976
0.00277163 0 0 0 0.000603862
0.00278381 0 0 0 0.000611853
0.00279603 0 0 0 0.000619949
0.00280831 0 0 0 0.000628153
0.00282064 0 0 0 0.000636465
0.00283303 0 0 0 0.000644888
0.00284547 0 0 0 0.000653421
0.00285797 0 0 0 0.000662068
0.00287052 0 0 0 0.000670829
0.00288313 0 0 0 0.000679706
0.00289579 0 0 0 0.000688701
0.00290851 0 0 0 0.000697814
0.00292128 0 0 0 0.000707048
0.00293411 0 0 0 0.000716404
0.00294699 0 0 0 0.000725885
0.00295994 0 0 0 0.00073549
0.00297293 0 0 0 0.000745223
0.00298599 0 0 0 0.000755084
0.0029991 0 0 0 0.000765076
0.00301228 0 0 0 0.0007752
0.0030255 0 0 0 0.000785458
0.00303879 0 0 0 0.000795852
0.00305214 0 0 0 0.000806384
0.00306554 0 0 0 0.000817054
0.003079 0 0 0 0.000827866
0.00309252 0 0 0 0.000838821
0.00310611 0 0 0 0.000849921
0.00311975 0 0 0 0.000861168
0.00313345 0 0 0 0.000872564
0.00314721 0 0 0 0.000884111
0.00316103 0 0 0 0.00089581
0.00317491 0 0 0 0.000907664
0.00318886 0 0 0 0.000919675
0.00320286 0 0 0 0.000931845
0.00321693 0 0 0 0.000944176
0.00323105 0 0 0 0.00095667
0.00324524 0 0 0 0.00096933
0.00325949 0 0 0 0.000982157
0.00327381 0 0 0 0.000995153
0.00328819 0 0 0 0.00100832
0.00330263 0 0 0 0.00102167
0.00331713 0 0 0 0.00103518
0.0033317 0 0 0 0.00104888
0.00334633 0 0 0 0.00106276
0.00336103 0 0 0 0.00107683
0.00337579 0 0 0 0.00109108
0.00339061 0 0 0 0.00110551
0.0034055 0 0 0 0.00112014
0.00342046 0 0 0 0.00113497
0.00343548 0 0 0 0.00114998
0.00345057 0 0 0 0.0011652
0.00346572 0 0 0 0.00118062
0.00348094 0 0 0 0.00119624
0.00349623 0 0 0 0.00121207
0.00351158 0 0 0 0.00122811
0.003527 0 0 0 0.00124436
0.00354249 0 0 0 0.00126083
0.00355805 0 0 0 0.00127752
0.00357368 0 0 0 0.00129442
0.00358937 0 0 0 0.00131155
0.00360513 0 0 0 0.00132891
0.00362097 0 0 0 0.00134649
0.00363687 0 0 0 0.00136431
0.00365284 0 0 0 0.00138236
0.00366888 0 0 0 0.00140065
0.00368499 0 0 0 0.00141919
0.00370118 0 0 0 0.00143797
0.00371743 0 0 0 0.001457
0.00373376 0 0 0 0.00147628
0.00375015 0 0 0 0.00149581
0.00376662 0 0 0 0.00151561
0.00378317 0 0 0 0.00153566
0.00379978 0 0 0 0.00155598
0.00381647 0 0 0 0.00157657
0.00383323 0 0 0 0.00159744
0.00385006 0 0 0 0.00161858
0.00386697 0 0 0 0.00163999
0.00388395 0 0 0 0.0016617
0.00390101 0 0 0 0.00168368
0.00391814 0 0 0 0.00170596
0.00393535 0 0 0 0.00172854
0.00395263 0 0 0 0.00175141
0.00396999 0 0 0 0.00177459
0.00398742 0 0 0 0.00179807
0.00400494 0 0 0 0.00182187
0.00402252 0 0 0 0.00184597
0.00404019 0 0 0 0.0018704
0.00405793 0 0 0 0.00189515
0.00407575 0 0 0 0.00192023
0.00409365 0 0 0 0.00194564
0.00411163 0 0 0 0.00197139
0.00412969 0 0 0 0.00199747
0.00414782 0 0 0 0.00202391
0.00416604 0 0 0 0.00205069
0.00418433 0 0 0 0.00207783
0.00420271 0 0 0 0.00210532
0.00422117 0 0 0 0.00213318
0.00423971 0 0 0 0.00216141
0.00425832 0 0 0 0.00219001
0.00427703 0 0 0 0.00221899
0.00429581 0 0 0 0.00224835
0.00431467 0 0 0 0.00227811
0.00433362 0 0 0 0.00230825
0.00435265 0 0 0 0.0023388
0.00437177 0 0 0 0.00236975
0.00439097 0 0 0 0.0024011
0.00441025 0 0 0 0.00243288
0.00442962 0 0 0 0.00246507
0.00444907 0 0 0 0.00249769
0.00446861 0 0 0 0.00253074
0.00448824 0 0 0 0.00256423
0.00450795 0 0 0 0.00259816
0.00452775 0 0 0 0.00263255
0.00454763 0 0 0 0.00266738
0.0045676 0 0 0 0.00270268
0.00458766 0 0 0 0.00273844
0.00460781 0 0 0 0.00277468
0.00462804 0 0 0 0.0028114
0.00464837 0 0 0 0.0028486
0.00466878 0 0 0 0.0028863
0.00468929 0 0 0 0.00292449
0.00470988 0 0 0 0.00296319
0.00473056 0 0 0 0.0030024
0.00475134 0 0 0 0.00304213
0.00477221 0 0 0 0.00308239
0.00479316 0 0 0 0.00312318
0.00481421 0 0 0 0.0031645
0.00483536 0 0 0 0.00320638
0.00485659 0 0 0 0.00324881
0.00487792 0 0 0 0.0032918
0.00489934 0 0 0 0.00333536
0.00492086 0 0 0 0.0033795
0.00494247 0 0 0 0.00342422
0.00496417 0 0 0 0.00346953
0.00498597 0 0 0 0.00351544
0.00500787 0 0 0 0.00356196
0.00502986 0 0 0 0.0036091
0.00505195 0 0 0 0.00365685
0.00507414 0 0 0 0.00370525
0.00509642 0 0 0 0.00375428
0.0051188 0 0 0 0.00380396
0.00514128 0 0 0 0.00385429
0.00516386 0 0 0 0.0039053
0.00518654 0 0 0 0.00395698
0.00520932 0 0 0 0.00400934
0.0052322 0 0 0 0.00406239
0.00525517 0 0 0 0.00411615
0.00527825 0 0 0 0.00417062
0.00530143 0 0 0 0.00422581
0.00532472 0 0 0 0.00428173
0.0053481 0 0 0 0.00433839
0.00537159 0 0 0 0.0043958
0.00539518 0 0 0 0.00445396
0.00541887 0 0 0 0.0045129
0.00544267 0 0 0 0.00457262
0.00546657 0 0 0 0.00463313
0.00549058 0 0 0 0.00469444
0.00551469 0 0 0 0.00475656
0.00553891 0 0 0 0.0048195
0.00556323 0 0 0 0.00488328
0.00558766 0 0 0 0.0049479
0.0056122 0 0 0 0.00501338
0.00563685 0 0 0 0.00507972
0.00566161 0 0 0 0.00514694
0.00568647 0 0 0 0.00521504
0.00571144 0 0 0 0.00528405
0.00573653 0 0 0 0.00535398
0.00576172 0 0 0 0.00542483
0.00578702 0 0 0 0.00549661
0.00581244 0 0 0 0.00556935
0.00583796 0 0 0 0.00564305
0.0058636 0 0 0 0.00571772
0.00588935 0 0 0 0.00579338
0.00591521 0 0 0 0.00587005
0.00594119 0 0 0 0.00594772
0.00596728 0 0 0 0.00602643
0.00599349 0 0 0 0.00610618
0.00601981 0 0 0 0.00618698
0.00604625 0 0 0 0.00626885
0.0060728 0 0 0 0.0063518
0.00609947 0 0 0 0.00643586
0.00612626 0 0 0 0.00652102
0.00615316 0 0 0 0.00660731
0.00618018 0 0 0 0.00669475
0.00620733 0 0 0 0.00678334
0.00623459 0 0 0 0.0068731
0.00626197 0 0 0 0.00696405
0.00628947 0 0 0 0.00705621
0.00631709 0 0 0 0.00714958
0.00634483 0 0 0 0.00724419
0.00637269 0 0 0 0.00734005
0.00640068 0 0 0 0.00743718
0.00642879 0 0 0 0.0075356
0.00645702 0 0 0 0.00763531
0.00648538 0 0 0 0.00773635
0.00651386 0 0 0 0.00783872
0.00654247 0 0 0 0.00794245
0.0065712 0 0 0 0.00804755
0.00660006 0 0 0 0.00815405
0.00662904 0 0 0 0.00826195
0.00665816 0 0 0 0.00837128
0.0066874 0 0 0 0.00848205
0.00671676 0 0 0 0.0085943
0.00674626 0 0 0 0.00870802
0.00677589 0 0 0 0.00882325
0.00680565 0 0 0 0.00894001
0.00683553 0 0 0 0.00905831
0.00686555 0 0 0 0.00917818
0.00689571 0 0 0 0.00929964
0.00692599 0 0 0 0.0094227
0.0069564 0 0 0 0.00954739
0.00698696 0 0 0 0.00967372
0.00701764 0 0 0 0.00980174
0.00704846 0 0 0 0.00993144
0.00707941 0 0 0 0.0100629
0.0071105 0 0 0 0.010196
0.00714173 0 0 0 0.0103309
0.00717309 0 0 0 0.0104677
0.0072046 0 0 0 0.0106062
0.00723624 0 0 0 0.0107465
0.00726801 0 0 0 0.0108887
0.00729993 0 0 0 0.0110328
0.00733199 0 0 0 0.0111788
0.00736419 0 0 0 0.0113267
0.00739653 0 0 0 0.0114766
0.00742901 0 0 0 0.0116285
0.00746164 0 0 0 0.0117824
0.00749441 0 0 0 0.0119383
0.00752732 0 0 0 0.0120963
0.00756038 0 0 0 0.0122563
0.00759358 0 0 0 0.0124185
0.00762693 0 0 0 0.0125829
0.00766042 0 0 0 0.0127494
0.00769407 0 0 0 0.0129181
0.00772786 0 0 0 0.013089
0.00776179 0 0 0 0.0132622
0.00779588 0 0 0 0.0134377
0.00783012 0 0 0 0.0136155
0.0078645 0 0 0 0.0137957
0.00789904 0 0 0 0.0139783
0.00793373 0 0 0 0.0141632
0.00796857 0 0 0 0.0143507
0.00800357 0 0 0 0.0145406
0.00803872 0 0 0 0.014733
0.00807402 0 0 0 0.0149279
0.00810948 0 0 0 0.0151255
0.00814509 0 0 0 0.0153256
0.00818086 0 0 0 0.0155284
0.00821679 0 0 0 0.0157339
0.00825288 0 0 0 0.0159421
0.00828912 0 0 0 0.0161531
0.00832552 0 0 0 0.0163668
0.00836209 0 0 0 0.0165834
0.00839881 0 0 0 0.0168029
0.00843569 0 0 0 0.0170252
0.00847274 0 0 0 0.0172505
0.00850995 0 0 0 0.0174788
0.00854732 0 0 0 0.0177101
0.00858486 0 0 0 0.0179444
0.00862256 0 0 0 0.0181819
0.00866043 0 0 0 0.0184225
0.00869846 0 0 0 0.0186663
0.00873666 0 0 0 0.0189133
0.00877503 0 0 0 0.0191635
0.00881357 0 0 0 0.0194171
0.00885227 0 0 0 0.0196741
0.00889115 0 0 0 0.0199344
0.0089302 0 0 0 0.0201982
0.00896941 0 0 0 0.0204655
0.0090088 0 0 0 0.0207363
0.00904837 0 0 0 0.0210107
0.00908811 0 0 0 0.0212887
0.00912802 0 0 0 0.0215704
0.0091681 0 0 0 0.0218559
0.00920837 0 0 0 0.0221451
0.00924881 0 0 0 0.0224381
0.00928942 0 0 0 0.0227351
0.00933022 0 0 0 0.0230359
0.0093712 0 0 0 0.0233407
0.00941235 0 0 0 0.0236496
0.00945369 0 0 0 0.0239626
0.0094952 0 0 0 0.0242797
0.0095369 0 0 0 0.024601
0.00957879 0 0 0 0.0249265
0.00962085 0 0 0 0.0252563
0.0096631 0 0 0 0.0255906
0.00970554 0 0 0 0.0259292
0.00974816 0 0 0 0.0262723
0.00979097 0 0 0 0.02662
0.00983397 0 0 0 0.0269722
0.00987716 0 0 0 0.0273291
0.00992054 0 0 0 0.0276908
0.0099641 0 0 0 0.0280572
0.0100079 0 0 0 0.0284285
0.0100518 0 0 0 0.0288047
0.010096 0 0 0 0.0291859
0.0101403 0 0 0 0.0295721
0.0101848 0 0 0 0.0299634
0.0102296 0 0 0 0.0303599
0.0102745 0 0 0 0.0307616
0.0103196 0 0 0 0.0311687
0.0103649 0 0 0 0.0315812
0.0104104 0 0 0 0.0319991
0.0104562 0 0 0 0.0324225
0.0105021 0 0 0 0.0328515
0.0105482 0 0 0 0.0332863
0.0105945 0 0 0 0.0337267
0.0106411 0 0 0 0.034173
0.0106878 0 0 0 0.0346252
0.0107347 0 0 0 0.0350834
0.0107819 0 0 0 0.0355477
0.0108292 0 0 0 0.0360181
0.0108768 0 0 0 0.0364947
0.0109245 0 0 0 0.0369776
0.0109725 0 0 0 0.037467
0.0110207 0 0 0 0.0379628
0.0110691 0 0 0 0.0384651
0.0111177 0 0 0 0.0389741
0.0111665 0 0 0 0.0394899
0.0112156 0 0 0 0.0400124
0.0112648 0 0 0 0.0405419
0.0113143 0 0 0 0.0410784
0.011364 0 0 0 0.041622
0.0114139 0 0 0 0.0421728
0.011464 0 0 0 0.0427308
0.0115144 0 0 0 0.0432963
0.0115649 0 0 0 0.0438692
0.0116157 0 0 0 0.0444497
0.0116667 0 0 0 0.0450379
0.011718 0 0 0 0.0456339
0.0117694 0 0 0 0.0462378
0.0118211 0 0 0 0.0468496
0.011873 0 0 0 0.0474696
0.0119252 0 0 0 0.0480977
0.0119776 0 0 0 0.0487342
0.0120302 0 0 0 0.0493791
0.012083 0 0 0 0.0500325
0.012136 0 0 0 0.0506946
0.0121893 0 0 0 0.0513654
0.0122429 0 0 0 0.0520452
0.0122966 0 0 0 0.0527339
0.0123506 0 0 0 0.0534317
0.0124049 0 0 0 0.0541387
0.0124594 0 0 0 0.0548551
0.0125141 0 0 0 0.055581
0.012569 0 0 0 0.0563165
0.0126242 0 0 0 0.0570618
0.0126797 0 0 0 0.0578169
0.0127354 0 0 0 0.0585819
0.0127913 0 0 0 0.0593571
0.0128475 0 0 0 0.0601426
0.0129039 0 0 0 0.0609385
0.0129606 0 0 0 0.0617449
0.0130175 0 0 0 0.0625619
0.0130746 0 0 0 0.0633898
0.0131321 0 0 0 0.0642286
0.0131897 0 0 0 0.0650785
0.0132477 0 0 0 0.0659397
0.0133058 0 0 0 0.0668123
0.0133643 0 0 0 0.0676964
0.013423 0 0 0 0.0685922
0.0134819 0 0 0 0.0694999
0.0135411 0 0 0 0.0704196
0.0136006 0 0 0 0.0713514
0.0136603 0 0 0 0.0722956
0.0137203 0 0 0 0.0732523
0.0137806 0 0 0 0.0742216
0.0138411 0 0 0 0.0752038
0.0139019 0 0 0 0.076199
0.0139629 0 0 0 0.0772073
0.0140242 0 0 0 0.078229
0.0140858 0 0 0 0.0792642
0.0141477 0 0 0 0.0803131
0.0142098 0 0 0 0.0813758
0.0142722 0 0 0 0.0824527
0.0143349 0 0 0 0.0835438
0.0143979 0 0 0 0.0846493
0.0144611 0 0 0 0.0857694
0.0145246 0 0 0 0.0869044
0.0145884 0 0 0 0.0880544
0.0146524 0 0 0 0.0892196
0.0147168 0 0 0 0.0904002
0.0147814 0 0 0 0.0915965
0.0148463 0 0 0 0.0928086
0.0149115 0 0 0 0.0940367
0.014977 0 0 0 0.0952811
0.0150428 0 0 0 0.0965419
0.0151089 0 0 0 0.0978195
0.0151752 0 0 0 0.0991139
0.0152419 0 0 0 0.100425
0.0153088 0 0 0 0.101754
0.015376 0 0 0 0.103101
0.0154436 0 0 0 0.104465
0.0155114 0 0 0 0.105848
0.0155795 0 0 0 0.107248
0.0156479 0 0 0 0.108667
0.0157166 0 0 0 0.110105
0.0157857 0 0 0 0.111562
0.015855 0 0 0 0.113039
0.0159246 0 0 0 0.114535
0.0159945 0 0 0 0.11605
0.0160648 0 0 0 0.117586
0.0161353 0 0 0 0.119142
0.0162062 0 0 0 0.120718
0.0162774 0 0 0 0.122316
0.0163489 0 0 0 0.123934
0.0164207 0 0 0 0.125574
0.0164928 0 0 0 0.127236
0.0165652 0 0 0 0.12892
0.0166379 0 0 0 0.130626
0.016711 0 0 0 0.132354
0.0167844 0 0 0 0.134106
0.0168581 0 0 0 0.13588
0.0169322 0 0 0 0.137679
0.0170065 0 0 0 0.1395
0.0170812 0 0 0 0.141346
0.0171562 0 0 0 0.143217
0.0172316 0 0 0 0.145112
0.0173072 0 0 0 0.147032
0.0173832 0 0 0 0.148978
0.0174596 0 0 0 0.150949
0.0175363 0 0 0 0.152947
0.0176133 0 0 0 0.154971
0.0176906 0 0 0 0.157021
0.0177683 0 0 0 0.159099
0.0178463 0 0 0 0.161205
0.0179247 0 0 0 0.163338
0.0180034 0 0 0 0.165499
0.0180825 0 0 0 0.167689
0.0181619 0 0 0 0.169908
0.0182417 0 0 0 0.172157
0.0183218 0 0 0 0.174435
0.0184022 0 0 0 0.176743
0.0184831 0 0 0 0.179082
0.0185642 0 0 0 0.181452
0.0186458 0 0 0 0.183853
0.0187276 0 0 0 0.186286
0.0188099 0 0 0 0.188751
0.0188925 0 0 0 0.191248
0.0189755 0 0 0 0.193779
0.0190588 0 0 0 0.196344
0.0191425 0 0 0 0.198942
0.0192266 0 0 0 0.201574
0.019311 0 0 0 0.204242
0.0193958 0 0 0 0.206944
0.019481 0 0 0 0.209683
0.0195665 0 0 0 0.212458
0.0196525 0 0 0 0.215269
0.0197388 0 0 0 0.218118
0.0198255 0 0 0 0.221004
0.0199125 0 0 0 0.223928
0.02 0 0 0 0.226892
0.0200878 0 0 0 0.229894
0.020176 0 0 0 0.232936
0.0202646 0 0 0 0.236019
0.0203536 0 0 0 0.239142
0.020443 0 0 0 0.242306
0.0205328 0 0 0 0.245513
0.020623 0 0 0 0.248762
0.0207135 0 0 0 0.252053
0.0208045 0 0 0 0.255389
0.0208959 0 0 0 0.258768
0.0209876 0 0 0 0.262193
0.0210798 0 0 0 0.265662
0.0211724 0 0 0 0.269178
0.0212654 0 0 0 0.27274
0.0213588 0 0 0 0.276349
0.0214526 416.334 1.97311e-06 6 0.280006
0.0215468 0 0 0 0.283711
0.0216414 0 0 0 0.287465
0.0217364 0 0 0 0.291269
0.0218319 0 0 0 0.295124
0.0219278 0 0 0 0.299029
0.0220241 0 0 0 0.302986
0.0221208 0 0 0 0.306995
0.0222179 0 0 0 0.311058
0.0223155 0 0 0 0.315174
0.0224135 0 0 0 0.319345
0.0225119 0 0 0 0.32357
0.0226108 0 0 0 0.327852
0.0227101 0 0 0 0.332191
0.0228098 0 0 0 0.336586
0.02291 0 0 0 0.34104
0.0230106 0 0 0 0.345553
0.0231117 0 0 0 0.350126
0.0232132 0 0 0 0.354759
0.0233151 0 0 0 0.359454
0.0234175 0 0 0 0.36421
0.0235204 0 0 0 0.36903
0.0236236 0 0 0 0.373913
0.0237274 0 0 0 0.378861
0.0238316 0 0 0 0.383875
0.0239363 0 0 0 0.388954
0.0240414 0 0 0 0.394101
0.024147 0 0 0 0.399316
0.024253 0 0 0 0.4046
0.0243595 0 0 0 0.409954
0.0244665 0 0 0 0.415379
0.0245739 0 0 0 0.420876
0.0246819 0 0 0 0.426445
0.0247903 0 0 0 0.432089
0.0248991 0 0 0 0.437806
0.0250085 0 0 0 0.4436
0.0251183 0 0 0 0.44947
0.0252286 0 0 0 0.455418
0.0253394 0 0 0 0.461444
0.0254507 0 0 0 0.46755
0.0255625 0 0 0 0.473737
0.0256747 0 0 0 0.480006
0.0257875 0 0 0 0.486358
0.0259007 0 0 0 0.492794
0.0260145 0 0 0 0.499315
0.0261287 0 0 0 0.505922
0.0262435 0 0 0 0.512617
0.0263587 0 0 0 0.519401
0.0264745 0 0 0 0.526274
0.0265907 0 0 0 0.533238
0.0267075 0 0 0 0.540294
0.0268248 0 0 0 0.547444
0.0269426 0 0 0 0.554688
0.0270609 0 0 0 0.562028
0.0271798 0 0 0 0.569465
0.0272991 0 0 0 0.577001
0.027419 0 0 0 0.584637
0.0275394 0 0 0 0.592373
0.0276604 0 0 0 0.600212
0.0277819 0 0 0 0.608154
0.0279039 0 0 0 0.616202
0.0280264 0 0 0 0.624356
0.0281495 0 0 0 0.632618
0.0282731 0 0 0 0.640989
0.0283973 0 0 0 0.649472
0.028522 0 0 0 0.658066
0.0286472 0 0 0 0.666774
0.0287731 0 0 0 0.675597
0.0288994 0 0 0 0.684537
0.0290263 0 0 0 0.693596
0.0291538 0 0 0 0.702774
0.0292818 0 0 0 0.712074
0.0294104 0 0 0 0.721497
0.0295396 0 0 0 0.731044
0.0296693 0 0 0 0.740718
0.0297996 0 0 0 0.75052
0.0299305 0 0 0 0.760451
0.0300619 0 0 0 0.770514
0.030194 0 0 0 0.78071
0.0303266 253.47 4.25209e-07 12 0.791041
0.0304597 0 0 0 0.801509
0.0305935 0 0 0 0.812115
0.0307279 0 0 0 0.822862
0.0308628 0 0 0 0.833751
0.0309983 0 0 0 0.844784
0.0311345 0 0 0 0.855963
0.0312712 0 0 0 0.867289
0.0314085 0 0 0 0.878766
0.0315465 0 0 0 0.890395
0.031685 0 0 0 0.902177
0.0318242 0 0 0 0.914116
0.0319639 0 0 0 0.926212
0.0321043 0 0 0 0.938468
0.0322453 0 0 0 0.950887
0.0323869 0 0 0 0.96347
0.0325291 0 0 0 0.976219
0.032672 0 0 0 0.989138
0.0328155 0 0 0 1.00223
0.0329596 0 0 0 1.01549
0.0331043 0 0 0 1.02893
0.0332497 0 0 0 1.04254
0.0333957 0 0 0 1.05634
0.0335424 0 0 0 1.07032
0.0336897 0 0 0 1.08448
0.0338377 0 0 0 1.09883
0.0339863 0 0 0 1.11337
0.0341355 0 0 0 1.1281
0.0342854 0 0 0 1.14303
0.034436 0 0 0 1.15816
0.0345872 0 0 0 1.17348
0.0347391 0 0 0 1.18901
0.0348917 0 0 0 1.20475
0.0350449 0 0 0 1.22069
0.0351988 0 0 0 1.23684
0.0353534 0 0 0 1.25321
0.0355087 0 0 0 1.26979
0.0356646 0 0 0 1.2866
0.0358212 0 0 0 1.30362
0.0359785 0 0 0 1.32087
0.0361366 0 0 0 1.33835
0.0362952 0 0 0 1.35606
0.0364546 0 0 0 1.37401
0.0366147 0 0 0 1.39219
0.0367755 0 0 0 1.41061
0.036937 0 0 0 1.42928
0.0370993 375.425 3.44012e-07 8 1.44819
0.0372622 0 0 0 1.46735
0.0374258 0 0 0 1.48677
0.0375902 0 0 0 1.50645
0.0377553 0 0 0 1.52638
0.0379211 0 0 0 1.54658
0.0380876 0 0 0 1.56704
0.0382549 0 0 0 1.58778
0.0384229 0 0 0 1.60879
0.0385916 0 0 0 1.63008
0.0387611 0 0 0 1.65165
0.0389313 0 0 0 1.67351
0.0391023 0 0 0 1.69565
0.039274 0 0 0 1.71809
0.0394465 0 0 0 1.74083
0.0396197 0 0 0 1.76386
0.0397937 0 0 0 1.7872
0.0399685 0 0 0 1.81085
0.040144 0 0 0 1.83482
0.0403203 0 0 0 1.8591
0.0404974 0 0 0 1.8837
0.0406752 0 0 0 1.90862
0.0408539 0 0 0 1.93388
0.0410333 0 0 0 1.95947
0.0412135 0 0 0 1.9854
0.0413945 0 0 0 2.01167
0.0415763 0 0 0 2.03829
0.0417589 0 0 0 2.06527
0.0419423 0 0 0 2.09259
0.0421264 0 0 0 2.12029
0.0423115 0 0 0 2.14834
0.0424973 0 0 0 2.17677
0.0426839 0 0 0 2.20558
0.0428714 243.187 1.44406e-07 6 2.23476
0.0430596 0 0 0 2.26434
0.0432487 0 0 0 2.2943
0.0434387 0 0 0 2.32466
0.0436294 0 0 0 2.35542
0.043821 0 0 0 2.38659
0.0440135 0 0 0 2.41817
0.0442068 0 0 0 2.45017
0.0444009 0 0 0 2.48259
0.0445959 0 0 0 2.51545
0.0447918 0 0 0 2.54873
0.0449885 0 0 0 2.58246
0.045186 0 0 0 2.61663
0.0453845 0 0 0 2.65126
0.0455838 0 0 0 2.68634
0.045784 0 0 0 2.72189
0.045985 0 0 0 2.75791
0.046187 0 0 0 2.7944
0.0463898 0 0 0 2.83138
0.0465936 0 0 0 2.86885
0.0467982 0 0 0 2.90681
0.0470037 0 0 0 2.94528
0.0472101 0 0 0 2.98425
0.0474175 0 0 0 3.02374
0.0476257 0 0 0 3.06375
0.0478349 0 0 0 3.1043
0.0480449 436.052 1.83968e-07 24 3.14538
0.0482559 0 0 0 3.187
0.0484678 0 0 0 3.22917
0.0486807 0 0 0 3.2719
0.0488945 0 0 0 3.3152
0.0491092 0 0 0 3.35907
0.0493249 0 0 0 3.40352
0.0495415 0 0 0 3.44856
0.0497591 0 0 0 3.49419
0.0499776 0 0 0 3.54043
0.0501971 0 0 0 3.58728
0.0504175 0 0 0 3.63475
0.0506389 0 0 0 3.68285
0.0508613 0 0 0 3.73158
0.0510847 0 0 0 3.78096
0.051309 0 0 0 3.83099
0.0515344 0 0 0 3.88169
0.0517607 0 0 0 3.93306
0.051988 0 0 0 3.9851
0.0522163 0 0 0 4.03784
0.0524456 605.738 1.96473e-07 24 4.09127
0.052676 0 0 0 4.14541
0.0529073 0 0 0 4.20026
0.0531396 0 0 0 4.25584
0.053373 0 0 0 4.31216
0.0536074 0 0 0 4.36922
0.0538428 0 0 0 4.42704
0.0540793 0 0 0 4.48562
0.0543168 0 0 0 4.54498
0.0545553 0 0 0 4.60512
0.0547949 0 0 0 4.66606
0.0550356 0 0 0 4.72781
0.0552772 0 0 0 4.79037
0.05552 0 0 0 4.85376
0.0557638 0 0 0 4.91799
0.0560087 0 0 0 4.98307
0.0562547 0 0 0 5.04901
0.0565017 0 0 0 5.11582
0.0567499 0 0 0 5.18352
0.0569991 0 0 0 5.25211
0.0572494 0 0 0 5.32161
0.0575008 0 0 0 5.39203
0.0577534 0 0 0 5.46339
0.058007 0 0 0 5.53568
0.0582617 0 0 0 5.60893
0.0585176 0 0 0 5.68316
0.0587746 0 0 0 5.75836
0.0590327 0 0 0 5.83456
0.059292 0 0 0 5.91177
0.0595524 0 0 0 5.99
0.0598139 0 0 0 6.06926
0.0600766 0 0 0 6.14958
0.0603404 0 0 0 6.23095
0.0606054 470.945 9.89879e-08 12 6.31341
0.0608716 0 0 0 6.39695
0.0611389 0 0 0 6.4816
0.0614074 0 0 0 6.56737
0.0616771 0 0 0 6.65428
0.0619479 0 0 0 6.74233
0.06222 0 0 0 6.83155
0.0624932 0 0 0 6.92195
0.0627677 0 0 0 7.01355
0.0630433 0 0 0 7.10636
0.0633202 0 0 0 7.2004
0.0635983 0 0 0 7.29568
0.0638776 0 0 0 7.39222
0.0641581 0 0 0 7.49004
0.0644399 456.352 7.97962e-08 30 7.58916
0.0647229 0 0 0 7.68958
0.0650071 0 0 0 7.79134
0.0652926 0 0 0 7.89444
0.0655793 0 0 0 7.99891
0.0658673 0 0 0 8.10476
0.0661566 0 0 0 8.212
0.0664471 0 0 0 8.32067
0.0667389 0 0 0 8.43078
0.067032 0 0 0 8.54234
0.0673264 0 0 0 8.65538
0.0676221 0 0 0 8.76992
0.0679191 704.327 1.05183e-07 24 8.88597
0.0682173 0 0 0 9.00356
0.0685169 0 0 0 9.1227
0.0688178 0 0 0 9.24342
0.06912 0 0 0 9.36574
0.0694236 0 0 0 9.48967
0.0697285 0 0 0 9.61525
0.0700347 0 0 0 9.74248
0.0703423 0 0 0 9.87141
0.0706512 0 0 0 10.002
0.0709615 0 0 0 10.1344
0.0712731 576.321 7.4479e-08 24 10.2685
0.0715861 0 0 0 10.4044
0.0719005 0 0 0 10.5421
0.0722162 0 0 0 10.6816
0.0725334 0 0 0 10.8229
0.0728519 0 0 0 10.9661
0.0731719 0 0 0 11.1112
0.0734932 0 0 0 11.2583
0.073816 0 0 0 11.4072
0.0741401 474.663 5.44968e-08 8 11.5582
0.0744657 0 0 0 11.7111
0.0747928 0 0 0 11.8661
0.0751212 0 0 0 12.0231
0.0754511 0 0 0 12.1822
0.0757825 0 0 0 12.3435
0.0761153 0 0 0 12.5068
0.0764496 0 0 0 12.6723
0.0767853 0 0 0 12.84
0.0771225 0 0 0 13.0099
0.0774612 444.468 4.47439e-08 24 13.182
0.0778014 0 0 0 13.3565
0.0781431 0 0 0 13.5332
0.0784863 0 0 0 13.7123
0.0788309 0 0 0 13.8938
0.0791771 0 0 0 14.0776
0.0795249 0 0 0 14.2639
0.0798741 0 0 0 14.4527
0.0802249 769.709 6.97502e-08 48 14.6439
0.0805772 0 0 0 14.8377
0.0809311 0 0 0 15.034
0.0812865 0 0 0 15.233
0.0816435 0 0 0 15.4346
0.082002 0 0 0 15.6388
0.0823621 0 0 0 15.8457
0.0827238 0 0 0 16.0554
0.0830871 0 0 0 16.2679
0.083452 0 0 0 16.4832
0.0838185 0 0 0 16.7013
0.0841866 0 0 0 16.9223
0.0845563 0 0 0 17.1462
0.0849277 0 0 0 17.3731
0.0853006 0 0 0 17.603
0.0856753 305.65 2.27407e-08 6 17.8359
0.0860515 0 0 0 18.072
0.0864294 0 0 0 18.3111
0.086809 0 0 0 18.5534
0.0871902 0 0 0 18.7989
0.0875731 0 0 0 19.0477
0.0879577 0 0 0 19.2998
0.088344 669.689 4.54452e-08 48 19.5551
0.088732 0 0 0 19.8139
0.0891217 0 0 0 20.0761
0.089513 0 0 0 20.3418
0.0899062 0 0 0 20.611
0.090301 0 0 0 20.8837
0.0906976 0 0 0 21.16
0.0910959 670.853 4.15219e-08 36 21.4401
0.0914959 0 0 0 21.7238
0.0918977 0 0 0 22.0112
0.0923013 0 0 0 22.3025
0.0927067 0 0 0 22.5976
0.0931138 0 0 0 22.8967
0.0935227 452.958 2.59091e-08 24 23.1997
0.0939335 0 0 0 23.5067
0.094346 0 0 0 23.8177
0.0947603 0 0 0 24.1329
0.0951765 0 0 0 24.4522
0.0955944 0 0 0 24.7758
0.0960143 708.054 3.74287e-08 24 25.1037
0.0964359 0 0 0 25.4359
0.0968594 0 0 0 25.7724
0.0972848 0 0 0 26.1135
0.097712 0 0 0 26.459
0.0981412 548.802 2.71649e-08 48 26.8092
0.0985722 0 0 0 27.1639
0.0990051 0 0 0 27.5234
0.0994399 0 0 0 27.8876
0.0998766 0 0 0 28.2566
0.100315 0 0 0 28.6306
0.100756 1154.06 5.27919e-08 24 29.0094
0.101198 0 0 0 29.3933
0.101643 0 0 0 29.7823
0.102089 0 0 0 30.1764
0.102537 0 0 0 30.5757
0.102988 0 0 0 30.9803
0.10344 0 0 0 31.3902
0.103894 0 0 0 31.8056
0.10435 0 0 0 32.2265
0.104809 0 0 0 32.653
0.105269 592.633 2.377e-08 24 33.0851
0.105731 0 0 0 33.5229
0.106196 0 0 0 33.9665
0.106662 0 0 0 34.4159
0.10713 739.572 2.81441e-08 30 34.8714
0.107601 0 0 0 35.3328
0.108073 0 0 0 35.8004
0.108548 0 0 0 36.2741
0.109025 0 0 0 36.7541
0.109504 819.938 2.92174e-08 72 37.2405
0.109985 0 0 0 37.7333
0.110468 0 0 0 38.2326
0.110953 0 0 0 38.7385
0.11144 772.222 2.61075e-08 32 39.2511
0.111929 0 0 0 39.7706
0.112421 0 0 0 40.2968
0.112915 0 0 0 40.8301
0.11341 0 0 0 41.3704
0.113909 0 0 0 41.9178
0.114409 0 0 0 42.4725
0.114911 0 0 0 43.0345
0.115416 977.871 2.97599e-08 72 43.604
0.115923 0 0 0 44.181
0.116432 0 0 0 44.7657
0.116943 0 0 0 45.358
0.117457 777.413 2.24473e-08 48 45.9583
0.117973 0 0 0 46.5664
0.118491 0 0 0 47.1826
0.119011 0 0 0 47.807
0.119534 0 0 0 48.4396
0.120059 0 0 0 49.0806
0.120586 0 0 0 49.7301
0.121115 986.929 2.59916e-08 12 50.3882
0.121647 0 0 0 51.0549
0.122182 0 0 0 51.7305
0.122718 0 0 0 52.4151
0.123257 834.319 2.08469e-08 48 53.1087
0.123798 0 0 0 53.8115
0.124342 0 0 0 54.5235
0.124888 837.674 2.01214e-08 48 55.245
0.125437 0 0 0 55.9761
0.125987 0 0 0 56.7168
0.126541 0 0 0 57.4673
0.127096 875.462 1.99518e-08 48 58.2278
0.127655 0 0 0 58.9983
0.128215 0 0 0 59.779
0.128778 1558.83 3.4152e-08 30 60.5701
0.129344 0 0 0 61.3716
0.129912 0 0 0 62.1837
0.130482 515.658 1.08605e-08 24 63.0066
0.131055 0 0 0 63.8404
0.131631 0 0 0 64.6851
0.132209 1023.06 2.07139e-08 72 65.5411
0.13279 0 0 0 66.4084
0.133373 0 0 0 67.2872
0.133959 0 0 0 68.1776
0.134547 0 0 0 69.0798
0.135138 0 0 0 69.9939
0.135731 726.276 1.35896e-08 24 70.9201
0.136327 0 0 0 71.8586
0.136926 0 0 0 72.8095
0.137527 1142.97 2.05596e-08 96 73.773
0.138131 0 0 0 74.7492
0.138738 1084.76 1.90062e-08 48 75.7383
0.139347 0 0 0 76.7406
0.139959 0 0 0 77.7561
0.140574 863.382 1.45424e-08 24 78.785
0.141191 0 0 0 79.8276
0.141811 0 0 0 80.8839
0.142434 977.152 1.58222e-08 24 81.9542
0.14306 0 0 0 83.0387
0.143688 782.087 1.23351e-08 72 84.1376
0.144319 0 0 0 85.251
0.144953 0 0 0 86.3791
0.145589 1083.27 1.64246e-08 48 87.5221
0.146229 0 0 0 88.6803
0.146871 0 0 0 89.8538
0.147516 0 0 0 91.0428
0.148164 0 0 0 92.2476
0.148814 1168.16 1.6585e-08 8 93.4683
0.149468 0 0 0 94.7051
0.150124 1014.03 1.40231e-08 54 95.9583
0.150784 0 0 0 97.2281
0.151446 890.351 1.19932e-08 84 98.5147
0.152111 0 0 0 99.8184
0.152779 0 0 0 101.139
0.15345 899.807 1.16519e-08 48 102.478
0.154124 0 0 0 103.834
0.154801 1411.79 1.78073e-08 24 105.208
0.15548 0 0 0 106.6
0.156163 1530.83 1.88077e-08 72 108.011
0.156849 0 0 0 109.44
0.157538 1028.04 1.23027e-08 96 110.888
0.15823 0 0 0 112.355
0.158925 0 0 0 113.842
0.159623 0 0 0 115.349
0.160324 726.972 8.25414e-09 48 116.875
0.161028 0 0 0 118.422
0.161735 1068.13 1.1813e-08 48 119.989
0.162445 0 0 0 121.576
0.163158 669.162 7.20855e-09 24 123.185
0.163875 0 0 0 124.815
0.164595 887.973 9.31748e-09 72 126.467
0.165318 0 0 0 128.141
0.166044 0 0 0 129.836
0.166773 0 0 0 131.554
0.167505 812.589 8.0897e-09 72 133.295
0.168241 0 0 0 135.059
0.16898 1211.26 1.17457e-08 96 136.846
0.169722 0 0 0 138.657
0.170467 0 0 0 140.492
0.171216 232.566 2.16801e-09 6 142.351
0.171968 0 0 0 144.235
0.172723 1251.6 1.13648e-08 96 146.143
0.173481 0 0 0 148.077
0.174243 1291.04 1.14188e-08 96 150.037
0.175008 0 0 0 152.022
0.175777 1219.07 1.05024e-08 24 154.034
0.176549 894.218 7.60315e-09 48 156.072
0.177324 0 0 0 158.138
0.178103 789.492 6.53851e-09 96 160.23
0.178885 0 0 0 162.35
0.179671 811.967 6.55015e-09 48 164.499
0.18046 0 0 0 166.676
0.181252 0 0 0 168.881
0.182048 1196.84 9.28156e-09 36 171.116
0.182848 1434.94 1.09827e-08 48 173.38
0.183651 0 0 0 175.675
0.184457 1124.83 8.38579e-09 120 177.999
0.185268 0 0 0 180.355
0.186081 1137.86 8.26284e-09 56 182.741
0.186898 901.173 6.45859e-09 24 185.16
0.187719 0 0 0 187.61
0.188544 1136.43 7.9333e-09 96 190.092
0.189372 1049.57 7.23128e-09 48 192.608
0.190203 0 0 0 195.157
0.191038 0 0 0 197.739
0.191877 771.955 5.11289e-09 24 200.356
0.19272 1040.94 6.80439e-09 102 203.007
0.193566 0 0 0 205.693
0.194417 1112.55 7.08377e-09 48 208.415
0.19527 1168.43 7.34243e-09 72 211.173
0.196128 0 0 0 213.968
0.196989 1329.51 8.13788e-09 48 216.799
0.197854 1204.83 7.2784e-09 48 219.668
0.198723 1432.57 8.54116e-09 120 222.575
0.199596 0 0 0 225.52
0.200473 0 0 0 228.504
0.201353 950.76 5.44933e-09 24 231.528
0.202237 1428.94 8.08308e-09 144 234.592
0.203125 1220.34 6.81291e-09 120 237.696
0.204017 0 0 0 240.842
0.204913 1646.25 8.95223e-09 48 244.029
0.205813 0 0 0 247.258
0.206717 1432.56 7.58801e-09 48 250.53
0.207625 1391.65 7.27507e-09 96 253.845
0.208537 0 0 0 257.204
0.209453 0 0 0 260.608
0.210372 884.294 4.44402e-09 24 264.056
0.211296 1245.81 6.17908e-09 48 267.55
0.212224 1476.59 7.22803e-09 108 271.091
0.213156 1397.59 6.75196e-09 72 274.678
0.214092 1266.48 6.03865e-09 30 278.313
0.215033 0 0 0 281.996
0.215977 1295.94 6.01876e-09 168 285.728
0.216925 1149.69 5.26983e-09 48 289.509
0.217878 0 0 0 293.34
0.218835 1219.45 5.44451e-09 72 297.221
0.219796 986.861 4.34853e-09 96 301.154
0.220761 1120.74 4.87396e-09 72 305.14
0.221731 1176.81 5.05097e-09 72 309.177
0.222705 697.404 2.95422e-09 32 313.269
0.223683 1269.25 5.30635e-09 72 317.414
0.224665 1089.85 4.49682e-09 144 321.614
0.225652 0 0 0 325.87
0.226643 0 0 0 330.183
0.227638 1343.77 5.33012e-09 96 334.552
0.228638 1450.8 5.67952e-09 96 338.979
0.229642 1393.83 5.38523e-09 48 343.465
0.23065 1183.89 4.51437e-09 72 348.01
0.231663 1438.28 5.41275e-09 120 352.615
0.23268 972.111 3.61062e-09 72 357.281
0.233702 0 0 0 362.009
0.234729 1672.76 6.05177e-09 48 366.799
0.23576 1448.96 5.17361e-09 78 371.653
0.236795 1601.85 5.64481e-09 120 376.571
0.237835 994.766 3.45972e-09 48 381.554
0.238879 0 0 0 386.603
0.239928 1513.08 5.12583e-09 144 391.719
0.240982 1230.1 4.11273e-09 144 396.903
0.24204 0 0 0 402.155
0.243103 1324.33 4.31289e-09 156 407.476
0.244171 1480.97 4.76004e-09 48 412.868
0.245243 1428.67 4.53196e-09 120 418.332
0.24632 1192.97 3.73487e-09 48 423.868
0.247402 1154.94 3.56859e-09 48 429.477
0.248488 1615.79 4.92733e-09 168 435.16
0.24958 1426.34 4.29279e-09 48 440.918
0.250676 1558.29 4.62868e-09 96 446.753
0.251777 1691.49 4.9587e-09 96 452.665
0.252882 1325.42 3.83481e-09 72 458.655
0.253993 1593.61 4.55053e-09 48 464.724
0.255108 1591.28 4.48454e-09 144 470.874
0.256229 0 0 0 477.105
0.257354 1519.52 4.17118e-09 30 483.418
0.258484 1536.98 4.16402e-09 96 489.815
0.259619 1455.98 3.89305e-09 248 496.297
0.26076 1572.95 4.15088e-09 24 502.864
0.261905 1397.59 3.63995e-09 168 509.519
0.263055 1653.03 4.249e-09 120 516.261
0.26421 1305.51 3.31191e-09 72 523.093
0.26537 1620.84 4.05814e-09 144 530.015
0.266536 1471.79 3.63683e-09 192 537.028
0.267706 0 0 0 544.135
0.268882 1904.39 4.5837e-09 72 551.335
0.270063 1600.98 3.80309e-09 96 558.631
0.271249 1991.17 4.6682e-09 24 566.023
0.27244 1489.89 3.44736e-09 300 573.513
0.273637 1408.18 3.21575e-09 24 581.102
0.274838 1698.98 3.82915e-09 96 588.792
0.276045 1526.01 3.3944e-09 216 596.583
0.277258 0 0 0 604.478
0.278475 1631.25 3.53432e-09 126 612.477
0.279698 1792.75 3.83352e-09 144 620.582
0.280927 1772 3.73964e-09 144 628.794
0.28216 1742.05 3.62844e-09 168 637.115
0.283399 1495.79 3.07481e-09 144 645.545
0.284644 1814.29 3.68084e-09 24 654.088
0.285894 1276.76 2.55647e-09 144 662.743
0.28715 1579.62 3.12157e-09 192 671.513
0.288411 1672.26 3.26148e-09 120 680.399
0.289677 2093.23 4.0292e-09 144 689.403
0.290949 2555.46 4.85471e-09 48 698.526
0.292227 1653.65 3.10047e-09 336 707.769
0.293511 1805.72 3.34137e-09 48 717.135
0.2948 1485.97 2.71379e-09 192 726.625
0.296094 1006.77 1.81462e-09 48 736.24
0.297395 1630.3 2.90011e-09 56 745.983
0.298701 1639.58 2.87853e-09 240 755.854
0.300012 1425.9 2.47068e-09 150 765.856
0.30133 1588.46 2.71641e-09 240 775.991
0.302653 1300.88 2.19557e-09 84 786.259
0.303982 1861.7 3.10106e-09 144 796.664
0.305317 1394.65 2.29276e-09 168 807.206
0.306658 1962.97 3.1849e-09 144 817.888
0.308005 1917.86 3.07107e-09 240 828.711
0.309358 1928.17 3.04726e-09 24 839.677
0.310716 1712.89 2.67168e-09 336 850.788
0.312081 1649.93 2.53987e-09 144 862.047
0.313451 1769.63 2.68855e-09 168 873.454
0.314828 2108.48 3.16152e-09 96 885.012
0.31621 1886.95 2.7924e-09 216 896.724
0.317599 1411.93 2.06215e-09 96 908.59
0.318994 1841.77 2.65481e-09 336 920.613
0.320395 2086.5 2.9683e-09 48 932.795
0.321802 1780.13 2.49937e-09 246 945.139
0.323215 1727.94 2.39442e-09 168 957.646
0.324635 1791.9 2.45061e-09 360 970.318
0.32606 1858.24 2.50815e-09 24 983.158
0.327492 2009.14 2.67642e-09 360 996.168
0.32893 1907.45 2.50777e-09 120 1009.35
0.330375 1940.64 2.51809e-09 240 1022.71
0.331826 0 0 0 1036.24
0.333283 1902.59 2.40465e-09 276 1049.95
0.334747 1810.06 2.25782e-09 176 1063.85
0.336217 1931.9 2.37833e-09 312 1077.92
0.337693 2237.94 2.7191e-09 240 1092.19
0.339176 2011.28 2.4118e-09 312 1106.64
0.340666 1883.68 2.22929e-09 48 1121.29
0.342162 2404.65 2.80868e-09 192 1136.12
0.343665 2174.49 2.50668e-09 198 1151.16
0.345174 1918.78 2.18301e-09 288 1166.39
0.34669 2211.25 2.4829e-09 288 1181.83
0.348212 1847.66 2.04756e-09 96 1197.46
0.349742 1904.18 2.08263e-09 384 1213.31
0.351278 1825.47 1.97047e-09 288 1229.37
0.35282 2590.54 2.75979e-09 192 1245.63
0.35437 2180.75 2.29288e-09 288 1262.12
0.355926 2631.63 2.73082e-09 216 1278.82
0.357489 2492.86 2.55303e-09 240 1295.74
0.359059 2106.08 2.12874e-09 288 1312.89
0.360636 2287.58 2.282e-09 168 1330.26
0.36222 2233.01 2.19847e-09 336 1347.86
0.36381 1995.67 1.93914e-09 138 1365.7
0.365408 2452.29 2.35171e-09 336 1383.77
0.367013 2073.17 1.96217e-09 432 1402.08
0.368625 2436.29 2.27574e-09 120 1420.64
0.370244 2405.13 2.21729e-09 456 1439.44
0.37187 1997.71 1.81763e-09 152 1458.48
0.373503 1909.13 1.71435e-09 168 1477.78
0.375143 2079.16 1.84266e-09 504 1497.34
0.37679 2413.08 2.11066e-09 336 1517.15
0.378445 2424.8 2.09321e-09 48 1537.23
0.380107 2413.96 2.05664e-09 552 1557.57
0.381776 2714.8 2.28274e-09 264 1578.18
0.383453 2907.1 2.41251e-09 264 1599.07
0.385137 1918.39 1.57122e-09 192 1620.23
0.386828 2474.08 1.99988e-09 534 1641.67
0.388527 2975.67 2.37392e-09 336 1663.39
0.390234 2693.82 2.121e-09 240 1685.4
0.391947 2969.15 2.30726e-09 264 1707.7
0.393669 2819.41 2.16228e-09 324 1730.3
0.395397 2338.53 1.77006e-09 528 1753.2
0.397134 2825.41 2.11065e-09 336 1776.4
0.398878 2692.46 1.98507e-09 336 1799.91
0.40063 2492.33 1.81352e-09 408 1823.72
0.402389 2746.87 1.97263e-09 216 1847.86
0.404156 2634.25 1.86705e-09 432 1872.31
0.405931 2566.08 1.79498e-09 168 1897.09
0.407714 3053.11 2.10776e-09 462 1922.19
0.409504 2824.87 1.92472e-09 536 1947.63
0.411303 2784.45 1.87241e-09 288 1973.4
0.413109 2798.92 1.85756e-09 384 1999.51
0.414923 3226.48 2.11335e-09 456 2025.97
0.416745 3106.56 2.00823e-09 552 2052.78
0.418576 3062.64 1.95398e-09 336 2079.95
0.420414 2346.16 1.47731e-09 120 2107.47
0.42226 3295.01 2.04768e-09 672 2135.36
0.424115 2992.22 1.83523e-09 300 2163.61
0.425977 3373.61 2.04212e-09 528 2192.24
0.427848 3173.76 1.89606e-09 312 2221.25
0.429727 3080.1 1.81607e-09 510 2250.65
0.431614 3101.36 1.80473e-09 576 2280.43
0.43351 3762.03 2.16059e-09 432 2310.61
0.435413 3562.46 2.01925e-09 384 2341.18
0.437326 3473.89 1.94333e-09 456 2372.16
0.439246 3288.4 1.81554e-09 528 2403.55
0.441175 3506.3 1.91056e-09 528 2435.36
0.443113 3233.35 1.73883e-09 408 2467.59
0.445059 3677.61 1.95191e-09 368 2500.24
0.447013 3630.37 1.90167e-09 600 2533.32
0.448976 3460.23 1.78888e-09 480 2566.85
0.450948 3480.23 1.77572e-09 486 2600.81
0.452928 3343.36 1.6836e-09 480 2635.23
0.454918 3787.18 1.88219e-09 636 2670.1
0.456915 3656.92 1.79372e-09 408 2705.44
0.458922 3812.75 1.84573e-09 696 2741.24
0.460937 3902.92 1.8647e-09 504 2777.51
0.462962 4136.24 1.95037e-09 648 2814.27
0.464995 4091.22 1.90394e-09 504 2851.51
0.467037 4248.48 1.95131e-09 504 2889.24
0.469088 4783.01 2.16812e-09 360 2927.47
0.471148 4133.58 1.84927e-09 606 2966.21
0.473217 3963.59 1.75006e-09 672 3005.46
0.475295 4437.82 1.93386e-09 816 3045.23
0.477383 4080.61 1.75497e-09 624 3085.53
0.479479 4066.61 1.72611e-09 672 3126.36
0.481585 4528.71 1.89715e-09 576 3167.73
0.4837 4234.75 1.75084e-09 656 3209.65
0.485824 4621.93 1.88596e-09 540 3252.12
0.487958 4899.27 1.97302e-09 480 3295.16
0.490101 4533.96 1.80206e-09 792 3338.76
0.492253 4811.71 1.88747e-09 582 3382.94
0.494415 4613.22 1.78598e-09 744 3427.71
0.496586 4938.28 1.88685e-09 672 3473.07
0.498767 5223.74 1.96986e-09 624 3519.03
0.500957 5327.46 1.98273e-09 888 3565.59
0.503157 5281.62 1.94e-09 624 3612.78
0.505367 4992.27 1.80977e-09 744 3660.58
0.507586 5096.03 1.82326e-09 624 3709.02
0.509816 5089.56 1.79716e-09 816 3758.11
0.512054 5554.6 1.93576e-09 744 3807.84
0.514303 5868.7 2.01851e-09 510 3858.22
0.516562 6125.07 2.07917e-09 1020 3909.28
0.51883 5639.17 1.88923e-09 864 3961.01
0.521109 5245.7 1.73446e-09 512 4013.43
0.523397 5752.04 1.87704e-09 1176 4066.54
0.525696 6566.03 2.11468e-09 768 4120.35
0.528005 5820.23 1.85e-09 528 4174.87
0.530323 6275.06 1.96853e-09 1248 4230.12
0.532652 6423.92 1.98891e-09 504 4286.09
0.534992 6024.6 1.84091e-09 624 4342.81
