0.500085
2000
309756
     1259712000
0.000179913 0.00924208 0.000730643 6 1.00414e-08
0.000180703 0 0 0 1.01743e-08
0.000181497 0 0 0 1.03089e-08
0.000182294 0 0 0 1.04453e-08
0.000183095 0 0 0 1.05835e-08
0.000183899 0 0 0 1.07236e-08
0.000184706 0 0 0 1.08655e-08
0.000185518 0 0 0 1.10093e-08
0.000186332 0 0 0 1.11549e-08
0.000187151 0 0 0 1.13026e-08
0.000187972 0 0 0 1.14521e-08
0.000188798 0 0 0 1.16037e-08
0.000189627 0 0 0 1.17572e-08
0.00019046 0 0 0 1.19128e-08
0.000191296 0 0 0 1.20704e-08
0.000192136 0 0 0 1.22302e-08
0.00019298 0 0 0 1.2392e-08
0.000193828 0 0 0 1.2556e-08
0.000194679 0 0 0 1.27221e-08
0.000195534 0 0 0 1.28905e-08
0.000196393 0 0 0 1.30611e-08
0.000197255 0 0 0 1.32339e-08
0.000198121 0 0 0 1.3409e-08
0.000198991 0 0 0 1.35865e-08
0.000199865 0 0 0 1.37663e-08
0.000200743 0 0 0 1.39484e-08
0.000201625 0 0 0 1.4133e-08
0.00020251 0 0 0 1.432e-08
0.0002034 0 0 0 1.45095e-08
0.000204293 0 0 0 1.47015e-08
0.00020519 0 0 0 1.48961e-08
0.000206091 0 0 0 1.50932e-08
0.000206996 0 0 0 1.52929e-08
0.000207905 0 0 0 1.54953e-08
0.000208818 0 0 0 1.57003e-08
0.000209735 0 0 0 1.59081e-08
0.000210656 0 0 0 1.61186e-08
0.000211582 0 0 0 1.63319e-08
0.000212511 0 0 0 1.6548e-08
0.000213444 0 0 0 1.6767e-08
0.000214381 0 0 0 1.69889e-08
0.000215323 0 0 0 1.72137e-08
0.000216268 0 0 0 1.74414e-08
0.000217218 0 0 0 1.76722e-08
0.000218172 0 0 0 1.79061e-08
0.00021913 0 0 0 1.81431e-08
0.000220093 0 0 0 1.83831e-08
0.000221059 0 0 0 1.86264e-08
0.00022203 0 0 0 1.88729e-08
0.000223005 0 0 0 1.91226e-08
0.000223984 0 0 0 1.93757e-08
0.000224968 0 0 0 1.96321e-08
0.000225956 0 0 0 1.98919e-08
0.000226948 0 0 0 2.01551e-08
0.000227945 0 0 0 2.04218e-08
0.000228946 0 0 0 2.0692e-08
0.000229952 0 0 0 2.09658e-08
0.000230961 0 0 0 2.12433e-08
0.000231976 0 0 0 2.15244e-08
0.000232995 0 0 0 2.18092e-08
0.000234018 0 0 0 2.20978e-08
0.000235045 0 0 0 2.23902e-08
0.000236078 0 0 0 2.26865e-08
0.000237114 0 0 0 2.29867e-08
0.000238156 0 0 0 2.32909e-08
0.000239202 0 0 0 2.35991e-08
0.000240252 0 0 0 2.39114e-08
0.000241307 0 0 0 2.42278e-08
0.000242367 0 0 0 2.45484e-08
0.000243431 0 0 0 2.48733e-08
0.0002445 0 0 0 2.52024e-08
0.000245574 0 0 0 2.55359e-08
0.000246653 0 0 0 2.58738e-08
0.000247736 0 0 0 2.62162e-08
0.000248824 0 0 0 2.65631e-08
0.000249917 0 0 0 2.69146e-08
0.000251014 0 0 0 2.72708e-08
0.000252117 0 0 0 2.76317e-08
0.000253224 0 0 0 2.79973e-08
0.000254336 0.504503 0.0141178 12 2.83678e-08
0.000255453 0 0 0 2.87432e-08
0.000256575 0 0 0 2.91235e-08
0.000257701 0 0 0 2.95089e-08
0.000258833 0 0 0 2.98994e-08
0.00025997 0 0 0 3.02951e-08
0.000261112 0 0 0 3.0696e-08
0.000262258 0 0 0 3.11022e-08
0.00026341 0 0 0 3.15137e-08
0.000264567 0 0 0 3.19307e-08
0.000265729 0 0 0 3.23533e-08
0.000266896 0 0 0 3.27814e-08
0.000268068 0 0 0 3.32152e-08
0.000269245 0 0 0 3.36547e-08
0.000270427 0 0 0 3.41001e-08
0.000271615 0 0 0 3.45513e-08
0.000272808 0 0 0 3.50085e-08
0.000274006 0 0 0 3.54718e-08
0.000275209 0 0 0 3.59412e-08
0.000276418 0 0 0 3.64168e-08
0.000277632 0 0 0 3.68987e-08
0.000278851 0 0 0 3.7387e-08
0.000280076 0 0 0 3.78817e-08
0.000281306 0 0 0 3.8383e-08
0.000282541 0 0 0 3.88909e-08
0.000283782 0 0 0 3.94055e-08
0.000285028 0 0 0 3.9927e-08
0.00028628 0 0 0 4.04553e-08
0.000287537 0 0 0 4.09907e-08
0.0002888 0 0 0 4.15331e-08
0.000290068 0 0 0 4.20827e-08
0.000291342 0 0 0 4.26396e-08
0.000292622 0 0 0 4.32038e-08
0.000293907 0 0 0 4.37755e-08
0.000295197 0 0 0 4.43548e-08
0.000296494 0 0 0 4.49418e-08
0.000297796 0 0 0 4.55365e-08
0.000299104 0 0 0 4.6139e-08
0.000300417 0 0 0 4.67496e-08
0.000301737 0 0 0 4.73682e-08
0.000303062 0 0 0 4.7995e-08
0.000304393 0 0 0 4.86302e-08
0.000305729 0 0 0 4.92737e-08
0.000307072 0 0 0 4.99257e-08
0.000308421 0 0 0 5.05864e-08
0.000309775 0 0 0 5.12558e-08
0.000311136 0.219067 0.00334852 8 5.1934e-08
0.000312502 0 0 0 5.26213e-08
0.000313874 0 0 0 5.33176e-08
0.000315253 0 0 0 5.40231e-08
0.000316637 0 0 0 5.4738e-08
0.000318028 0 0 0 5.54624e-08
0.000319424 0 0 0 5.61963e-08
0.000320827 0 0 0 5.69399e-08
0.000322236 0 0 0 5.76934e-08
0.000323651 0 0 0 5.84568e-08
0.000325073 0 0 0 5.92304e-08
0.0003265 0 0 0 6.00142e-08
0.000327934 0 0 0 6.08083e-08
0.000329374 0 0 0 6.1613e-08
0.000330821 0 0 0 6.24283e-08
0.000332274 0 0 0 6.32544e-08
0.000333733 0 0 0 6.40915e-08
0.000335199 0 0 0 6.49396e-08
0.000336671 0 0 0 6.57989e-08
0.000338149 0 0 0 6.66696e-08
0.000339634 0 0 0 6.75519e-08
0.000341126 0 0 0 6.84458e-08
0.000342624 0 0 0 6.93515e-08
0.000344129 0 0 0 7.02692e-08
0.00034564 0 0 0 7.11991e-08
0.000347158 0 0 0 7.21413e-08
0.000348682 0 0 0 7.30959e-08
0.000350214 0 0 0 7.40632e-08
0.000351752 0 0 0 7.50432e-08
0.000353296 0 0 0 7.60363e-08
0.000354848 0 0 0 7.70424e-08
0.000356406 0 0 0 7.80619e-08
0.000357972 0 0 0 7.90949e-08
0.000359544 0.708124 0.00701423 6 8.01416e-08
0.000361123 0 0 0 8.12021e-08
0.000362709 0 0 0 8.22766e-08
0.000364301 0 0 0 8.33654e-08
0.000365901 0 0 0 8.44685e-08
0.000367508 0 0 0 8.55863e-08
0.000369122 0 0 0 8.67188e-08
0.000370743 0 0 0 8.78664e-08
0.000372371 0 0 0 8.90291e-08
0.000374007 0 0 0 9.02072e-08
0.000375649 0 0 0 9.14009e-08
0.000377299 0 0 0 9.26104e-08
0.000378956 0 0 0 9.38359e-08
0.00038062 0 0 0 9.50776e-08
0.000382292 0 0 0 9.63358e-08
0.000383971 0 0 0 9.76106e-08
0.000385657 0 0 0 9.89023e-08
0.00038735 0 0 0 1.00211e-07
0.000389052 0 0 0 1.01537e-07
0.00039076 0 0 0 1.02881e-07
0.000392476 0 0 0 1.04242e-07
0.0003942 0 0 0 1.05622e-07
0.000395931 0 0 0 1.07019e-07
0.00039767 0 0 0 1.08435e-07
0.000399416 0 0 0 1.0987e-07
0.00040117 0.512465 0.00365429 24 1.11324e-07
0.000402932 0 0 0 1.12797e-07
0.000404702 0 0 0 1.1429e-07
0.000406479 0 0 0 1.15802e-07
0.000408264 0 0 0 1.17335e-07
0.000410057 0 0 0 1.18887e-07
0.000411858 0 0 0 1.20461e-07
0.000413667 0 0 0 1.22055e-07
0.000415483 0 0 0 1.2367e-07
0.000417308 0 0 0 1.25306e-07
0.000419141 0 0 0 1.26965e-07
0.000420981 0 0 0 1.28645e-07
0.00042283 0 0 0 1.30347e-07
0.000424687 0 0 0 1.32072e-07
0.000426552 0 0 0 1.3382e-07
0.000428425 0 0 0 1.3559e-07
0.000430307 0 0 0 1.37385e-07
0.000432197 0 0 0 1.39203e-07
0.000434095 0 0 0 1.41045e-07
0.000436001 0 0 0 1.42911e-07
0.000437916 0 0 0 1.44802e-07
0.000439839 0.767471 0.00415247 24 1.46718e-07
0.000441771 0 0 0 1.4866e-07
0.000443711 0 0 0 1.50627e-07
0.000445659 0 0 0 1.5262e-07
0.000447616 0 0 0 1.5464e-07
0.000449582 0 0 0 1.56686e-07
0.000451557 0 0 0 1.5876e-07
0.00045354 0 0 0 1.6086e-07
0.000455532 0 0 0 1.62989e-07
0.000457532 0 0 0 1.65146e-07
0.000459541 0 0 0 1.67331e-07
0.00046156 0 0 0 1.69546e-07
0.000463587 0 0 0 1.71789e-07
0.000465622 0 0 0 1.74062e-07
0.000467667 0 0 0 1.76366e-07
0.000469721 0 0 0 1.787e-07
0.000471784 0 0 0 1.81064e-07
0.000473856 0 0 0 1.8346e-07
0.000475937 0 0 0 1.85888e-07
0.000478027 0 0 0 1.88348e-07
0.000480126 0 0 0 1.9084e-07
0.000482235 0 0 0 1.93365e-07
0.000484353 0 0 0 1.95924e-07
0.00048648 0 0 0 1.98517e-07
0.000488616 0 0 0 2.01144e-07
0.000490762 0 0 0 2.03806e-07
0.000492917 0 0 0 2.06503e-07
0.000495082 0 0 0 2.09235e-07
0.000497256 0 0 0 2.12004e-07
0.00049944 0 0 0 2.14809e-07
0.000501633 0 0 0 2.17652e-07
0.000503836 0 0 0 2.20532e-07
0.000506049 0 0 0 2.2345e-07
0.000508271 1.73196 0.00607262 12 2.26407e-07
0.000510504 0 0 0 2.29403e-07
0.000512746 0 0 0 2.32439e-07
0.000514997 0 0 0 2.35515e-07
0.000517259 0 0 0 2.38631e-07
0.000519531 0 0 0 2.41789e-07
0.000521812 0 0 0 2.44989e-07
0.000524104 0 0 0 2.4823e-07
0.000526405 0 0 0 2.51515e-07
0.000528717 0 0 0 2.54844e-07
0.000531039 0 0 0 2.58216e-07
0.000533371 0 0 0 2.61633e-07
0.000535714 0 0 0 2.65095e-07
0.000538066 0.614705 0.00181671 30 2.68603e-07
0.000540429 0 0 0 2.72157e-07
0.000542803 0 0 0 2.75759e-07
0.000545187 0 0 0 2.79408e-07
0.000547581 0 0 0 2.83105e-07
0.000549986 0 0 0 2.86851e-07
0.000552401 0 0 0 2.90647e-07
0.000554827 0 0 0 2.94493e-07
0.000557263 0 0 0 2.9839e-07
0.000559711 0 0 0 3.02339e-07
0.000562169 0 0 0 3.0634e-07
0.000564638 0 0 0 3.10394e-07
0.000567117 1.22357 0.00308842 24 3.14501e-07
0.000569608 0 0 0 3.18663e-07
0.000572109 0 0 0 3.2288e-07
0.000574622 0 0 0 3.27152e-07
0.000577145 0 0 0 3.31481e-07
0.00057968 0 0 0 3.35868e-07
0.000582226 0 0 0 3.40312e-07
0.000584783 0 0 0 3.44816e-07
0.000587351 0 0 0 3.49378e-07
0.00058993 0 0 0 3.54002e-07
0.000592521 0 0 0 3.58686e-07
0.000595123 1.28631 0.00280963 24 3.63433e-07
0.000597737 0 0 0 3.68242e-07
0.000600362 0 0 0 3.73115e-07
0.000602998 0 0 0 3.78052e-07
0.000605647 0 0 0 3.83055e-07
0.000608306 0 0 0 3.88124e-07
0.000610978 0 0 0 3.9326e-07
0.000613661 0 0 0 3.98464e-07
0.000616356 0 0 0 4.03737e-07
0.000619063 0 0 0 4.09079e-07
0.000621782 1.03038 0.00197337 8 4.14492e-07
0.000624512 0 0 0 4.19977e-07
0.000627255 0 0 0 4.25535e-07
0.00063001 0 0 0 4.31166e-07
0.000632776 0 0 0 4.36871e-07
0.000635555 0 0 0 4.42653e-07
0.000638346 0 0 0 4.4851e-07
0.00064115 0 0 0 4.54445e-07
0.000643965 0 0 0 4.60459e-07
0.000646793 1.32094 0.00224756 24 4.66552e-07
0.000649634 0 0 0 4.72726e-07
0.000652487 0 0 0 4.78981e-07
0.000655352 0 0 0 4.8532e-07
0.000658231 0 0 0 4.91742e-07
0.000661121 0 0 0 4.98249e-07
0.000664025 0 0 0 5.04842e-07
0.000666941 0 0 0 5.11523e-07
0.00066987 0 0 0 5.18292e-07
0.000672812 1.82657 0.0027611 48 5.2515e-07
0.000675766 0 0 0 5.32099e-07
0.000678734 0 0 0 5.39141e-07
0.000681715 0 0 0 5.46275e-07
0.000684709 0 0 0 5.53504e-07
0.000687716 0 0 0 5.60828e-07
0.000690736 0 0 0 5.6825e-07
0.000693769 0 0 0 5.75769e-07
0.000696816 0 0 0 5.83388e-07
0.000699876 0 0 0 5.91108e-07
0.00070295 0 0 0 5.9893e-07
0.000706037 0 0 0 6.06856e-07
0.000709138 0 0 0 6.14886e-07
0.000712252 0 0 0 6.23023e-07
0.00071538 0 0 0 6.31267e-07
0.000718522 2.82366 0.00350444 6 6.39621e-07
0.000721677 0 0 0 6.48085e-07
0.000724846 0 0 0 6.56661e-07
0.00072803 0 0 0 6.6535e-07
0.000731227 0 0 0 6.74155e-07
0.000734438 0 0 0 6.83076e-07
0.000737664 0 0 0 6.92115e-07
0.000740903 2.26291 0.00256159 48 7.01274e-07
0.000744157 0 0 0 7.10553e-07
0.000747425 0 0 0 7.19956e-07
0.000750707 0 0 0 7.29483e-07
0.000754004 0 0 0 7.39136e-07
0.000757316 0 0 0 7.48917e-07
0.000760641 2.31344 0.00242016 36 7.58827e-07
0.000763982 0 0 0 7.68869e-07
0.000767337 0 0 0 7.79043e-07
0.000770707 0 0 0 7.89352e-07
0.000774092 0 0 0 7.99798e-07
0.000777491 0 0 0 8.10381e-07
0.000780906 2.12 0.00204959 24 8.21105e-07
0.000784335 0 0 0 8.31971e-07
0.00078778 0 0 0 8.4298e-07
0.000791239 0 0 0 8.54135e-07
0.000794714 0 0 0 8.65438e-07
0.000798204 0 0 0 8.7689e-07
0.00080171 2.93452 0.00262188 24 8.88494e-07
0.00080523 0 0 0 9.00251e-07
0.000808767 0 0 0 9.12164e-07
0.000812318 0 0 0 9.24234e-07
0.000815886 0 0 0 9.36465e-07
0.000819469 0 0 0 9.48857e-07
0.000823068 1.61188 0.00133092 48 9.61413e-07
0.000826682 0 0 0 9.74135e-07
0.000830313 0 0 0 9.87026e-07
0.000833959 0 0 0 1.00009e-06
0.000837622 0 0 0 1.01332e-06
0.0008413 1.25327 0.000968984 24 1.02673e-06
0.000844995 0 0 0 1.04032e-06
0.000848706 0 0 0 1.05408e-06
0.000852433 0 0 0 1.06803e-06
0.000856177 0 0 0 1.08216e-06
0.000859937 0 0 0 1.09648e-06
0.000863713 0 0 0 1.11099e-06
0.000867506 0 0 0 1.1257e-06
0.000871316 0 0 0 1.14059e-06
0.000875143 0 0 0 1.15569e-06
0.000878986 2.73614 0.00185489 24 1.17098e-06
0.000882846 0 0 0 1.18647e-06
0.000886723 0 0 0 1.20217e-06
0.000890617 0 0 0 1.21808e-06
0.000894529 0 0 0 1.2342e-06
0.000898457 2.57551 0.00163492 30 1.25053e-06
0.000902403 0 0 0 1.26708e-06
0.000906366 0 0 0 1.28385e-06
0.000910346 0 0 0 1.30084e-06
0.000914344 2.26487 0.00136408 72 1.31805e-06
0.00091836 0 0 0 1.33549e-06
0.000922393 0 0 0 1.35317e-06
0.000926444 0 0 0 1.37107e-06
0.000930512 0 0 0 1.38922e-06
0.000934599 3.08344 0.00173894 32 1.4076e-06
0.000938703 0 0 0 1.42622e-06
0.000942826 0 0 0 1.4451e-06
0.000946966 0 0 0 1.46422e-06
0.000951125 0 0 0 1.4836e-06
0.000955302 0 0 0 1.50323e-06
0.000959497 0 0 0 1.52312e-06
0.000963711 0 0 0 1.54328e-06
0.000967943 4.15156 0.00210759 72 1.5637e-06
0.000972194 0 0 0 1.58439e-06
0.000976464 0 0 0 1.60536e-06
0.000980752 0 0 0 1.6266e-06
0.000985059 3.1568 0.0015205 48 1.64812e-06
0.000989385 0 0 0 1.66993e-06
0.00099373 0 0 0 1.69203e-06
0.000998094 0 0 0 1.71442e-06
0.00100248 0 0 0 1.73711e-06
0.00100688 0 0 0 1.7601e-06
0.0010113 0 0 0 1.78339e-06
0.00101574 4.08462 0.00179443 12 1.80699e-06
0.0010202 0 0 0 1.8309e-06
0.00102468 0 0 0 1.85513e-06
0.00102918 2.95244 0.00124689 48 1.87967e-06
0.0010337 0 0 0 1.90455e-06
0.00103824 0 0 0 1.92975e-06
0.0010428 0 0 0 1.95529e-06
0.00104738 3.25385 0.00130379 48 1.98116e-06
0.00105198 0 0 0 2.00738e-06
0.0010566 0 0 0 2.03394e-06
0.00106124 2.78585 0.0010731 48 2.06086e-06
0.0010659 0 0 0 2.08813e-06
0.00107058 0 0 0 2.11576e-06
0.00107529 2.90564 0.00107596 30 2.14376e-06
0.00108001 0 0 0 2.17212e-06
0.00108475 0 0 0 2.20087e-06
0.00108952 0 0 0 2.22999e-06
0.0010943 4.49056 0.00157767 24 2.2595e-06
0.00109911 0 0 0 2.2894e-06
0.00110393 0 0 0 2.3197e-06
0.00110878 2.97898 0.00100613 72 2.35039e-06
0.00111365 0 0 0 2.38149e-06
0.00111854 0 0 0 2.41301e-06
0.00112345 0 0 0 2.44494e-06
0.00112839 0 0 0 2.47729e-06
0.00113334 3.59467 0.00113684 24 2.51007e-06
0.00113832 0 0 0 2.54329e-06
0.00114332 0 0 0 2.57695e-06
0.00114834 4.98633 0.00151599 96 2.61105e-06
0.00115338 0 0 0 2.6456e-06
0.00115845 0 0 0 2.68061e-06
0.00116354 3.2144 0.000939478 48 2.71608e-06
0.00116865 0 0 0 2.75202e-06
0.00117378 0 0 0 2.78844e-06
0.00117893 6.66888 0.00187375 24 2.82534e-06
0.00118411 0 0 0 2.86272e-06
0.00118931 2.91272 0.000797149 24 2.9006e-06
0.00119453 0 0 0 2.93899e-06
0.00119978 0 0 0 2.97788e-06
0.00120505 4.64277 0.00122149 72 3.01729e-06
0.00121034 0 0 0 3.05721e-06
0.00121566 3.50386 0.000897925 48 3.09767e-06
0.00122099 0 0 0 3.13866e-06
0.00122636 0 0 0 3.18019e-06
0.00123174 0 0 0 3.22228e-06
0.00123715 0 0 0 3.26492e-06
0.00124258 1.45142 0.000348288 8 3.30812e-06
0.00124804 0 0 0 3.3519e-06
0.00125352 0 0 0 3.39625e-06
0.00125903 5.43533 0.00125385 54 3.44119e-06
0.00126456 0 0 0 3.48673e-06
0.00127011 4.17926 0.000939076 84 3.53287e-06
0.00127569 0 0 0 3.57962e-06
0.00128129 4.55183 0.000996251 48 3.62699e-06
0.00128692 0 0 0 3.67498e-06
0.00129257 5.39201 0.00114951 24 3.72361e-06
0.00129825 0 0 0 3.77289e-06
0.00130395 0 0 0 3.82281e-06
0.00130967 6.09919 0.00124999 72 3.8734e-06
0.00131543 0 0 0 3.92466e-06
0.0013212 5.87594 0.00117299 96 3.97659e-06
0.001327 0 0 0 4.02921e-06
0.00133283 0 0 0 4.08253e-06
0.00133869 0 0 0 4.13656e-06
0.00134456 5.79672 0.0010979 48 4.19129e-06
0.00135047 0 0 0 4.24676e-06
0.0013564 7.57416 0.00139732 48 4.30295e-06
0.00136236 0 0 0 4.35989e-06
0.00136834 4.85706 0.000872805 24 4.41759e-06
0.00137435 0 0 0 4.47605e-06
0.00138038 6.01482 0.0010528 72 4.53528e-06
0.00138645 0 0 0 4.59529e-06
0.00139254 0 0 0 4.6561e-06
0.00139865 0 0 0 4.71771e-06
0.00140479 7.10846 0.00118049 72 4.78014e-06
0.00141096 5.85975 0.000960412 96 4.8434e-06
0.00141716 0 0 0 4.90749e-06
0.00142338 0 0 0 4.97243e-06
0.00142963 0 0 0 5.03823e-06
0.00143591 3.7635 0.000585239 6 5.1049e-06
0.00144222 0 0 0 5.17245e-06
0.00144855 7.6117 0.00115293 96 5.2409e-06
0.00145491 0 0 0 5.31025e-06
0.0014613 6.15345 0.000907869 96 5.38052e-06
0.00146772 5.39386 0.000785407 24 5.45172e-06
0.00147417 0 0 0 5.52386e-06
0.00148064 4.95075 0.000702179 48 5.59696e-06
0.00148714 0 0 0 5.67102e-06
0.00149367 6.1116 0.000844331 96 5.74607e-06
0.00150023 5.5079 0.000750991 48 5.8221e-06
0.00150682 0 0 0 5.89915e-06
0.00151344 0 0 0 5.97721e-06
0.00152009 4.08863 0.000535918 36 6.0563e-06
0.00152676 0 0 0 6.13645e-06
0.00153347 6.4373 0.000821876 48 6.21765e-06
0.0015402 0 0 0 6.29993e-06
0.00154697 7.32582 0.000911046 120 6.38329e-06
0.00155376 9.0723 0.0011135 56 6.46776e-06
0.00156058 0 0 0 6.55335e-06
0.00156744 7.34247 0.000877806 24 6.64007e-06
0.00157432 7.47658 0.000882165 96 6.72794e-06
0.00158123 0 0 0 6.81697e-06
0.00158818 7.2571 0.000834049 48 6.90717e-06
0.00159515 0 0 0 6.99858e-06
0.00160216 0 0 0 7.09119e-06
0.00160919 4.2198 0.000466221 24 7.18502e-06
0.00161626 6.63619 0.00072362 102 7.2801e-06
0.00162336 9.01282 0.000969936 48 7.37644e-06
0.00163049 0 0 0 7.47405e-06
0.00163765 8.05223 0.000844072 72 7.57295e-06
0.00164484 9.85495 0.00101955 48 7.67317e-06
0.00165206 7.08776 0.000723692 48 7.7747e-06
0.00165932 0 0 0 7.87759e-06
0.00166661 7.8189 0.000777629 120 7.98183e-06
0.00167393 0 0 0 8.08745e-06
0.00168128 7.03923 0.000681919 24 8.19447e-06
0.00168866 0 0 0 8.30291e-06
0.00169608 7.59269 0.000716449 144 8.41278e-06
0.00170353 7.88872 0.00073466 120 8.5241e-06
0.00171101 7.33362 0.000674045 48 8.6369e-06
0.00171852 0 0 0 8.75119e-06
0.00172607 0 0 0 8.867e-06
0.00173365 6.58043 0.00058143 48 8.98433e-06
0.00174126 8.33154 0.000726539 96 9.10322e-06
0.00174891 0 0 0 9.22368e-06
0.00175659 6.34504 0.000538952 24 9.34574e-06
0.0017643 9.59886 0.000804684 48 9.46941e-06
0.00177205 0 0 0 9.59472e-06
0.00177983 9.57919 0.000782197 108 9.72168e-06
0.00178765 8.79248 0.000708581 72 9.85033e-06
0.0017955 12.8101 0.00101888 30 9.98068e-06
0.00180339 9.50568 0.000746179 168 1.01127e-05
0.00181131 8.42085 0.000652389 48 1.02466e-05
0.00181926 0 0 0 1.03822e-05
0.00182725 11.1568 0.00084192 72 1.05195e-05
0.00183527 0 0 0 1.06588e-05
0.00184333 11.1263 0.000817834 96 1.07998e-05
0.00185143 10.7661 0.00078102 72 1.09427e-05
0.00185956 9.01995 0.000645801 72 1.10875e-05
0.00186773 9.82232 0.000694064 32 1.12342e-05
0.00187593 8.67423 0.000604932 72 1.13829e-05
0.00188417 10.0163 0.000689401 144 1.15335e-05
0.00189244 0 0 0 1.16861e-05
0.00190075 0 0 0 1.18408e-05
0.0019091 11.8095 0.000781392 96 1.19975e-05
0.00191748 9.73272 0.000635571 96 1.21562e-05
0.00192591 8.66663 0.000558561 48 1.23171e-05
0.00193436 12.285 0.000781422 72 1.24801e-05
0.00194286 11.1046 0.000697116 120 1.26452e-05
0.00195139 12.785 0.000792127 72 1.28126e-05
0.00195996 0 0 0 1.29821e-05
0.00196857 10.1375 0.000611796 48 1.31539e-05
0.00197721 9.51887 0.000566957 78 1.3328e-05
0.0019859 12.9339 0.000760298 120 1.35043e-05
0.00199462 16.0145 0.000929092 48 1.3683e-05
0.00200338 10.7461 0.000615304 144 1.38641e-05
0.00201218 13.4715 0.000761278 144 1.40476e-05
0.00202101 0 0 0 1.42335e-05
0.00202989 13.8432 0.000761983 12 1.44218e-05
0.0020388 12.1015 0.000657412 144 1.46126e-05
0.00204776 12.4368 0.000666804 48 1.4806e-05
0.00205675 13.6732 0.000723523 120 1.50019e-05
0.00206578 15.357 0.000802009 48 1.52005e-05
0.00207485 13.7191 0.000707113 216 1.54016e-05
0.00208397 0 0 0 1.56054e-05
0.00209312 13.9207 0.000698883 48 1.58119e-05
0.00210231 11.3659 0.000563168 96 1.60211e-05
0.00211154 14.7039 0.00071905 96 1.62332e-05
0.00212082 14.8013 0.000714357 120 1.6448e-05
0.00213013 15.5299 0.000739736 96 1.66656e-05
0.00213948 12.1401 0.000570719 48 1.68862e-05
0.00214888 0 0 0 1.71096e-05
0.00215832 15.6129 0.000714928 126 1.7336e-05
0.0021678 13.4027 0.000605709 192 1.75654e-05
0.00217732 11.9972 0.000535106 56 1.77979e-05
0.00218688 14.5469 0.000640356 192 1.80334e-05
0.00219648 13.5655 0.000589358 120 1.8272e-05
0.00220613 0 0 0 1.85138e-05
0.00221582 14.8264 0.000627424 216 1.87588e-05
0.00222555 17.7676 0.000742066 96 1.9007e-05
0.00223532 16.2174 0.000668477 96 1.92585e-05
0.00224514 14.0563 0.00057183 72 1.95134e-05
0.002255 19.5507 0.000784962 96 1.97716e-05
0.0022649 0 0 0 2.00332e-05
0.00227485 15.0423 0.000588277 216 2.02983e-05
0.00228484 15.2294 0.000587817 108 2.05669e-05
0.00229487 16.6891 0.000635745 120 2.08391e-05
0.00230495 13.4148 0.000504343 96 2.11149e-05
0.00231507 15.6421 0.000580397 120 2.13943e-05
0.00232524 22.3126 0.000817096 48 2.16774e-05
0.00233545 12.6571 0.000457453 78 2.19642e-05
0.00234571 19.1959 0.000684717 264 2.22549e-05
0.00235601 16.6575 0.000586414 24 2.25494e-05
0.00236636 15.9836 0.000555341 312 2.28478e-05
0.00237675 14.7287 0.000505057 24 2.31501e-05
0.00238719 21.7888 0.000737393 48 2.34565e-05
0.00239767 17.4304 0.000582189 216 2.37669e-05
0.0024082 13.6167 0.000448868 72 2.40814e-05
0.00241878 16.6354 0.000541216 264 2.44e-05
0.0024294 0 0 0 2.47229e-05
0.00244007 17.8853 0.000566782 240 2.50501e-05
0.00245078 18.0888 0.000565745 192 2.53815e-05
0.00246155 0 0 0 2.57174e-05
0.00247236 19.6379 0.000598256 240 2.60577e-05
0.00248321 18.6995 0.000562228 8 2.64026e-05
0.00249412 22.8835 0.000679041 48 2.67519e-05
0.00250507 18.0781 0.000529441 336 2.71059e-05
0.00251607 19.5224 0.000564272 174 2.74646e-05
0.00252712 20.2454 0.000577526 120 2.78281e-05
0.00253822 19.2336 0.000541499 84 2.81963e-05
0.00254937 20.7875 0.000577602 216 2.85694e-05
0.00256057 19.4087 0.000532248 144 2.89475e-05
0.00257181 19.6649 0.000532231 336 2.93305e-05
0.00258311 0 0 0 2.97187e-05
0.00259445 20.46 0.000539382 264 3.01119e-05
0.00260584 20.2538 0.000526971 168 3.05104e-05
0.00261729 19.1255 0.000491116 168 3.09141e-05
0.00262878 23.8512 0.000604466 72 3.13232e-05
0.00264033 18.1517 0.000454015 192 3.17377e-05
0.00265192 17.8596 0.000440875 216 3.21577e-05
0.00266357 19.7586 0.000481382 192 3.25832e-05
0.00267526 26.4193 0.000635252 144 3.30144e-05
0.00268701 20.3929 0.000483943 198 3.34513e-05
0.00269881 17.3931 0.000407365 96 3.38939e-05
0.00271067 19.8127 0.000457973 168 3.43425e-05
0.00272257 21.5913 0.00049257 360 3.47969e-05
0.00273453 24.0641 0.000541811 168 3.52574e-05
0.00274654 22.3131 0.000495826 264 3.57239e-05
0.0027586 22.5181 0.000493846 216 3.61967e-05
0.00277071 19.8119 0.000428823 96 3.66756e-05
0.00278288 21.6193 0.000461832 144 3.7161e-05
0.0027951 18.9144 0.000398773 236 3.76527e-05
0.00280738 22.3458 0.000464964 240 3.8151e-05
0.00281971 20.8713 0.000428611 144 3.86558e-05
0.00283209 24.4739 0.00049603 240 3.91673e-05
0.00284453 22.1849 0.000443765 312 3.96856e-05
0.00285702 24.4483 0.000482653 240 4.02108e-05
0.00286957 29.5725 0.000576189 6 4.07429e-05
0.00288217 22.4372 0.000431455 288 4.1282e-05
0.00289483 21.9601 0.000416767 408 4.18283e-05
0.00290754 27.7152 0.000519119 72 4.23818e-05
0.00292031 23.0551 0.000426193 192 4.29427e-05
0.00293313 23.302 0.000425131 312 4.35109e-05
0.00294601 25.2098 0.000453931 456 4.40867e-05
0.00295895 22.4021 0.000398107 48 4.46701e-05
0.00297195 22.2558 0.000390343 360 4.52612e-05
0.002985 25.4825 0.000441098 168 4.58601e-05
0.00299811 23.5706 0.000402674 216 4.6467e-05
0.00301127 27.3657 0.000461404 336 4.70819e-05
0.0030245 27.6355 0.000459868 264 4.77049e-05
0.00303778 30.415 0.000499511 144 4.83362e-05
0.00305112 25.7583 0.000417508 378 4.89758e-05
0.00306452 24.9533 0.000399177 144 4.96239e-05
0.00307798 24.7124 0.000390161 384 5.02806e-05
0.0030915 25.9354 0.000404122 312 5.09459e-05
0.00310507 27.8682 0.000428568 320 5.16201e-05
0.00311871 27.8338 0.000422448 240 5.23032e-05
0.00313241 28.7121 0.000430087 216 5.29953e-05
0.00314616 25.4777 0.000376655 408 5.36966e-05
0.00315998 23.2557 0.000339314 240 5.44071e-05
0.00317386 22.8075 0.000328429 144 5.51271e-05
0.0031878 26.2019 0.000372381 456 5.58566e-05
0.00320179 26.5429 0.0003723 264 5.65957e-05
0.00321586 25.5715 0.00035399 360 5.73446e-05
0.00322998 28.3543 0.000387388 366 5.81035e-05
0.00324416 31.7727 0.000428422 312 5.88724e-05
0.00325841 30.3241 0.000403549 384 5.96514e-05
0.00327272 29.1114 0.000382351 264 6.04408e-05
0.00328709 26.7651 0.000346943 192 6.12406e-05
0.00330153 28.4831 0.000364391 420 6.2051e-05
0.00331603 28.308 0.000357421 600 6.28721e-05
0.00333059 27.431 0.000341825 216 6.3704e-05
0.00334522 32.2969 0.000397204 240 6.4547e-05
0.00335991 30.6965 0.00037259 408 6.54012e-05
0.00337466 28.4189 0.000340441 408 6.62666e-05
0.00338948 36.5423 0.000432036 408 6.71435e-05
0.00340437 33.99 0.000396612 246 6.8032e-05
0.00341932 26.3645 0.000303616 368 6.89323e-05
0.00343434 30.0265 0.000341272 384 6.98445e-05
0.00344942 32.3762 0.000363173 432 7.07687e-05
0.00346457 30.1126 0.00033337 696 7.17052e-05
0.00347978 32.6411 0.000356643 288 7.2654e-05
0.00349507 29.2846 0.00031579 264 7.36155e-05
0.00351041 34.2996 0.000365039 360 7.45896e-05
0.00352583 29.131 0.000305983 456 7.55766e-05
0.00354132 32.2912 0.000334746 504 7.65767e-05
0.00355687 34.607 0.000354068 372 7.75901e-05
0.00357249 32.5308 0.00032848 336 7.86168e-05
0.00358818 35.409 0.000352872 510 7.96571e-05
0.00360393 32.8665 0.000323257 408 8.07112e-05
0.00361976 32.7621 0.000318022 456 8.17793e-05
0.00363566 33.4992 0.00032093 528 8.28614e-05
0.00365163 31.6592 0.000299342 480 8.39579e-05
0.00366766 33.008 0.000308018 528 8.50689e-05
0.00368377 33.0259 0.000304161 336 8.61946e-05
0.00369995 35.5239 0.000322894 696 8.73352e-05
0.0037162 38.8813 0.000348795 456 8.84909e-05
0.00373252 39.7376 0.000351821 464 8.96619e-05
0.00374891 39.3638 0.00034396 504 9.08484e-05
0.00376537 33.697 0.000290598 414 9.20506e-05
0.00378191 41.5565 0.000353697 312 9.32687e-05
0.00379852 39.625 0.000332853 624 9.45029e-05
0.0038152 41.3631 0.000342916 636 9.57534e-05
0.00383195 39.8007 0.000325654 360 9.70205e-05
0.00384878 38.0179 0.000307004 912 9.83044e-05
0.00386568 39.5436 0.000315154 360 9.96052e-05
0.00388266 37.4908 0.000294891 576 0.000100923
0.00389971 38.8705 0.00030175 456 0.000102259
0.00391684 39.3273 0.000301309 672 0.000103612
0.00393404 43.8077 0.000331253 480 0.000104983
0.00395132 43.0083 0.000320961 726 0.000106372
0.00396867 42.108 0.000310138 528 0.00010778
0.0039861 43.0002 0.000312573 744 0.000109206
0.0040036 40.0842 0.000287571 456 0.000110651
0.00402119 46.0279 0.0003259 504 0.000112115
0.00403885 44.451 0.000310624 680 0.000113599
0.00405658 40.4268 0.000278813 564 0.000115102
0.0040744 41.0086 0.000279132 816 0.000116625
0.00409229 42.2872 0.000284076 624 0.000118169
0.00411026 40.9679 0.000271619 744 0.000119732
0.00412831 45.9839 0.000300894 750 0.000121317
0.00414644 50.3959 0.000325457 432 0.000122922
0.00416465 46.364 0.000295509 648 0.000124549
0.00418294 50.3174 0.000316518 840 0.000126197
0.00420131 50.1757 0.000311504 984 0.000127867
0.00421976 47.2174 0.00028931 456 0.000129559
0.0042383 52.3664 0.000316668 672 0.000131273
0.00425691 49.7785 0.000297087 648 0.000133011
0.0042756 54.9781 0.000323834 936 0.000134771
0.00429438 53.3555 0.000310173 696 0.000136554
0.00431324 53.0876 0.000304585 522 0.000138361
0.00433218 54.8619 0.000310653 816 0.000140192
0.00435121 55.2266 0.000308634 1160 0.000142047
0.00437032 57.6679 0.000318069 792 0.000143927
0.00438951 57.4872 0.000312931 528 0.000145831
0.00440879 56.6466 0.000304328 960 0.000147761
0.00442815 55.9155 0.000296477 792 0.000149716
0.0044476 59.29 0.000310264 768 0.000151698
0.00446713 54.5889 0.000281933 888 0.000153705
0.00448675 59.7064 0.000304335 795 0.000155739
0.00450645 59.1412 0.000297517 804 0.0001578
0.00452624 60.4489 0.000300124 984 0.000159888
0.00454612 57.3041 0.000280795 768 0.000162004
0.00456608 63.2512 0.000305888 708 0.000164148
0.00458614 60.1527 0.000287105 996 0.00016632
0.00460628 65.47 0.000308403 960 0.000168521
0.00462651 64.621 0.000300428 1056 0.000170751
0.00464682 69.6102 0.000319396 312 0.00017301
0.00466723 68.0152 0.000308002 1184 0.0001753
0.00468773 58.7672 0.000262648 648 0.000177619
0.00470831 66.0516 0.000291348 1020 0.00017997
0.00472899 64.0779 0.000278951 672 0.000182351
0.00474976 67.2898 0.000289108 1068 0.000184764
0.00477062 63.3626 0.000268679 780 0.000187209
0.00479157 71.0243 0.000297234 936 0.000189687
0.00481261 66.9457 0.000276507 576 0.000192197
0.00483375 69.4701 0.000283186 972 0.00019474
0.00485498 66.2816 0.00026666 1104 0.000197317
0.0048763 68.2569 0.00027102 816 0.000199928
0.00489771 75.5102 0.000295904 708 0.000202574
0.00491922 70.1421 0.000271278 804 0.000205254
0.00494082 68.9325 0.000263118 648 0.00020797
0.00496252 71.1251 0.000267942 864 0.000210722
0.00498432 72.4195 0.000269255 1148 0.000213511
0.00500621 71.3698 0.000261887 840 0.000216336
0.00502819 72.9073 0.000264035 540 0.000219199
0.00505027 75.1109 0.000268463 876 0.0002221
0.00507245 81.3435 0.000286942 732 0.000225039
0.00509473 73.9233 0.000257362 768 0.000228016
0.0051171 78.2164 0.000268751 840 0.000231034
0.00513958 82.3839 0.000279374 948 0.000234091
0.00516215 88.0162 0.000294576 804 0.000237189
0.00518482 91.2337 0.000301357 696 0.000240327
0.00520759 76.0283 0.000247851 840 0.000243508
0.00523046 82.3413 0.000264926 780 0.00024673
0.00525343 82.1498 0.000260858 744 0.000249995
0.0052765 82.4133 0.000258277 836 0.000253303
0.00529967 79.2026 0.000244973 816 0.000256655
0.00532294 86.443 0.000263876 696 0.000260051
0.00534632 94.8263 0.000285686 720 0.000263492
0.0053698 98.3785 0.000292517 672 0.000266979
0.00539338 82.4524 0.000241961 936 0.000270512
0.00541707 93.1929 0.000269908 600 0.000274092
0.00544086 89.9533 0.000257123 744 0.000277719
0.00546475 84.8128 0.000239263 744 0.000281394
0.00548875 103.512 0.000288202 624 0.000285117
0.00551286 95.7821 0.000263197 888 0.00028889
0.00553707 95.4054 0.000258737 756 0.000292713
0.00556138 97.2053 0.000260176 396 0.000296587
0.00558581 101.226 0.000267399 740 0.000300511
0.00561034 97.5392 0.000254295 744 0.000304488
0.00563498 104.832 0.000269738 756 0.000308517
0.00565972 105.475 0.000267848 648 0.0003126
0.00568458 107.131 0.000268501 480 0.000316736
0.00570954 107.227 0.000265232 624 0.000320928
0.00573462 100.93 0.000246395 612 0.000325175
0.0057598 115.871 0.000279177 732 0.000329478
0.0057851 107.107 0.00025469 600 0.000333837
0.0058105 97.9864 0.000229959 552 0.000338255
0.00583602 108.559 0.000251443 612 0.000342731
0.00586165 118.682 0.0002713 684 0.000347266
0.00588739 127.248 0.000287082 468 0.000351862
0.00591325 124.891 0.000278085 464 0.000356518
0.00593922 114.14 0.000250829 648 0.000361236
0.0059653 130.012 0.000281976 540 0.000366016
0.0059915 122.142 0.000261448 408 0.000370859
0.00601781 126.704 0.000267671 504 0.000375767
0.00604424 127.328 0.000265475 444 0.000380739
0.00607078 118.112 0.000243045 480 0.000385778
0.00609744 137.123 0.00027848 456 0.000390883
0.00612422 139.693 0.000279994 408 0.000396055
0.00615112 150.377 0.000297472 480 0.000401296
0.00617813 125.863 0.000245727 408 0.000406606
0.00620526 130.802 0.000252034 200 0.000411987
0.00623251 146.186 0.000277999 576 0.000417439
0.00625988 143.393 0.000269126 312 0.000422963
0.00628737 134.758 0.000249615 360 0.00042856
0.00631499 174.722 0.000319415 264 0.000434231
0.00634272 146.024 0.000263465 345 0.000439977
0.00637057 169.896 0.000302534 252 0.000445799
0.00639855 150.7 0.000264847 312 0.000451698
0.00642665 161.399 0.000279945 246 0.000457675
0.00645488 138.223 0.000236615 216 0.000463732
0.00648322 159.139 0.000268862 246 0.000469868
0.0065117 155.052 0.000258536 150 0.000476086
0.00654029 141.685 0.000233162 278 0.000482386
0.00656901 114.77 0.000186403 168 0.000488769
0.00659786 165.246 0.000264879 210 0.000495237
0.00662684 143.729 0.000227379 120 0.00050179
0.00665594 157.483 0.000245884 246 0.000508431
0.00668517 143.876 0.000221706 120 0.000515159
0.00671453 167.918 0.000255374 102 0.000521976
0.00674402 145.712 0.000218708 192 0.000528883
0.00677364 171.235 0.00025366 186 0.000535881
0.00680338 161.043 0.000235447 48 0.000542973
0.00683326 128.179 0.000184952 86 0.000550158
0.00686327 170.424 0.000242696 192 0.000557438
0.00689341 207.937 0.00029225 78 0.000564815
0.00692369 166.822 0.000231402 24 0.000572289
0.00695409 191.068 0.000261572 162 0.000579862
0.00698463 162.768 0.000219919 72 0.000587535
0.00701531 105.963 0.000141299 24 0.00059531
0.00704611 202.843 0.000266954 102 0.000603187
0.00707706 205.264 0.000266612 72 0.000611169
0.00710814 191.56 0.000245563 30 0.000619257
0.00713935 232.433 0.000294067 8 0.000627451
0.00717071 215.944 0.000269638 132 0.000635754
0.0072022 290.413 0.000357887 6 0.000644167
0.00723383 0 0 0 0.000652691
0.0072656 200.738 0.000240958 96 0.000661328
0.00729751 451.676 0.000535094 6 0.00067008
0.00732955 0 0 0 0.000678947
0.00736174 236.577 0.000272996 60 0.000687931
0.00739407 344.49 0.000392329 6 0.000697034
0.00742654 0 0 0 0.000706258
0.00745916 289.705 0.000321374 38 0.000715604
0.00749192 0 0 0 0.000725073
0.00752482 0 0 0 0.000734668
0.00755786 355.556 0.000379172 18 0.00074439
0.00759106 0 0 0 0.00075424
0.00762439 0 0 0 0.000764221
0.00765788 50.2206 5.14852e-05 6 0.000774334
0.00769151 0 0 0 0.000784581
0.00772529 0 0 0 0.000794963
0.00775921 285.015 0.000280893 1 0.000805483
0.00779329 0 0 0 0.000816141
0.00782751 0 0 0 0.000826941
0.00786189 0 0 0 0.000837884
0.00789642 0 0 0 0.000848972
0.00793109 0 0 0 0.000860206
0.00796592 0 0 0 0.000871589
0.00800091 0 0 0 0.000883123
0.00803605 0 0 0 0.000894809
0.00807134 0 0 0 0.00090665
0.00810678 0 0 0 0.000918647
0.00814239 0 0 0 0.000930804
0.00817814 0 0 0 0.000943121
0.00821406 0 0 0 0.000955601
0.00825013 0 0 0 0.000968246
0.00828636 0 0 0 0.000981059
0.00832275 0 0 0 0.000994041
0.00835931 0 0 0 0.0010072
0.00839602 0 0 0 0.00102052
0.00843289 0 0 0 0.00103403
0.00846992 0 0 0 0.00104771
0.00850712 0 0 0 0.00106158
0.00854448 0 0 0 0.00107562
0.008582 0 0 0 0.00108986
0.00861969 0 0 0 0.00110428
0.00865755 0 0 0 0.00111889
0.00869557 0 0 0 0.0011337
0.00873376 0 0 0 0.0011487
0.00877211 0 0 0 0.0011639
0.00881064 0 0 0 0.0011793
0.00884933 0 0 0 0.00119491
0.00888819 0 0 0 0.00121072
0.00892723 0 0 0 0.00122674
0.00896643 0 0 0 0.00124297
0.00900581 0 0 0 0.00125942
0.00904536 0 0 0 0.00127609
0.00908508 0 0 0 0.00129297
0.00912498 0 0 0 0.00131008
0.00916506 0 0 0 0.00132742
0.0092053 0 0 0 0.00134499
0.00924573 0 0 0 0.00136278
0.00928634 0 0 0 0.00138082
0.00932712 0 0 0 0.00139909
0.00936808 0 0 0 0.0014176
0.00940922 0 0 0 0.00143636
0.00945054 0 0 0 0.00145537
0.00949205 0 0 0 0.00147463
0.00953373 0 0 0 0.00149414
0.0095756 0 0 0 0.00151391
0.00961765 0 0 0 0.00153395
0.00965989 0 0 0 0.00155425
0.00970231 0 0 0 0.00157481
0.00974492 0 0 0 0.00159565
0.00978772 0 0 0 0.00161677
0.0098307 0 0 0 0.00163816
0.00987387 0 0 0 0.00165984
0.00991724 0 0 0 0.0016818
0.00996079 0 0 0 0.00170406
0.0100045 0 0 0 0.00172661
0.0100485 0 0 0 0.00174946
0.0100926 0 0 0 0.00177261
0.0101369 0 0 0 0.00179606
0.0101814 0 0 0 0.00181983
0.0102262 0 0 0 0.00184391
0.0102711 0 0 0 0.00186831
0.0103162 0 0 0 0.00189304
0.0103615 0 0 0 0.00191809
0.010407 0 0 0 0.00194347
0.0104527 0 0 0 0.00196918
0.0104986 0 0 0 0.00199524
0.0105447 0 0 0 0.00202165
0.010591 0 0 0 0.0020484
0.0106375 0 0 0 0.0020755
0.0106842 0 0 0 0.00210297
0.0107312 0 0 0 0.0021308
0.0107783 0 0 0 0.00215899
0.0108256 0 0 0 0.00218756
0.0108732 0 0 0 0.00221651
0.0109209 0 0 0 0.00224584
0.0109689 0 0 0 0.00227556
0.011017 0 0 0 0.00230567
0.0110654 0 0 0 0.00233618
0.011114 0 0 0 0.0023671
0.0111628 0 0 0 0.00239842
0.0112118 0 0 0 0.00243016
0.0112611 0 0 0 0.00246232
0.0113105 0 0 0 0.0024949
0.0113602 0 0 0 0.00252792
0.0114101 0 0 0 0.00256137
0.0114602 0 0 0 0.00259526
0.0115105 0 0 0 0.0026296
0.0115611 0 0 0 0.0026644
0.0116119 0 0 0 0.00269966
0.0116629 0 0 0 0.00273538
0.0117141 0 0 0 0.00277158
0.0117655 0 0 0 0.00280826
0.0118172 0 0 0 0.00284542
0.0118691 0 0 0 0.00288307
0.0119212 0 0 0 0.00292122
0.0119736 0 0 0 0.00295988
0.0120262 0 0 0 0.00299905
0.012079 0 0 0 0.00303873
0.012132 0 0 0 0.00307894
0.0121853 0 0 0 0.00311969
0.0122388 0 0 0 0.00316097
0.0122926 0 0 0 0.0032028
0.0123465 0 0 0 0.00324518
0.0124008 0 0 0 0.00328812
0.0124552 0 0 0 0.00333163
0.0125099 0 0 0 0.00337572
0.0125649 0 0 0 0.00342039
0.01262 0 0 0 0.00346565
0.0126755 0 0 0 0.00351151
0.0127311 0 0 0 0.00355798
0.012787 0 0 0 0.00360506
0.0128432 0 0 0 0.00365277
0.0128996 0 0 0 0.00370111
0.0129562 0 0 0 0.00375008
0.0130131 0 0 0 0.00379971
0.0130703 0 0 0 0.00384999
0.0131277 0 0 0 0.00390093
0.0131853 0 0 0 0.00395255
0.0132433 0 0 0 0.00400486
0.0133014 0 0 0 0.00405785
0.0133598 0 0 0 0.00411155
0.0134185 0 0 0 0.00416596
0.0134774 0 0 0 0.00422109
0.0135366 0 0 0 0.00427694
0.0135961 0 0 0 0.00433354
0.0136558 0 0 0 0.00439088
0.0137157 0 0 0 0.00444899
0.013776 0 0 0 0.00450786
0.0138365 0 0 0 0.00456751
0.0138972 0 0 0 0.00462795
0.0139583 0 0 0 0.0046892
0.0140196 0 0 0 0.00475125
0.0140811 0 0 0 0.00481412
0.014143 0 0 0 0.00487782
0.0142051 0 0 0 0.00494237
0.0142675 0 0 0 0.00500777
0.0143301 0 0 0 0.00507404
0.0143931 0 0 0 0.00514118
0.0144563 0 0 0 0.00520922
0.0145198 0 0 0 0.00527815
0.0145835 0 0 0 0.005348
0.0146476 0 0 0 0.00541876
0.0147119 0 0 0 0.00549047
0.0147765 0 0 0 0.00556312
0.0148414 0 0 0 0.00563674
0.0149066 0 0 0 0.00571133
0.014972 0 0 0 0.00578691
0.0150378 0 0 0 0.00586349
0.0151038 0 0 0 0.00594108
0.0151702 0 0 0 0.00601969
0.0152368 0 0 0 0.00609935
0.0153037 0 0 0 0.00618006
0.0153709 0 0 0 0.00626184
0.0154384 0 0 0 0.00634471
0.0155062 0 0 0 0.00642866
0.0155743 0 0 0 0.00651373
0.0156427 0 0 0 0.00659993
0.0157114 0 0 0 0.00668727
0.0157804 0 0 0 0.00677576
0.0158497 0 0 0 0.00686542
0.0159193 0 0 0 0.00695627
0.0159892 0 0 0 0.00704832
0.0160594 0 0 0 0.00714159
0.01613 0 0 0 0.00723609
0.0162008 0 0 0 0.00733185
0.016272 0 0 0 0.00742887
0.0163434 0 0 0 0.00752718
0.0164152 0 0 0 0.00762678
0.0164873 0 0 0 0.00772771
0.0165597 0 0 0 0.00782997
0.0166324 0 0 0 0.00793358
0.0167055 0 0 0 0.00803856
0.0167788 0 0 0 0.00814494
0.0168525 0 0 0 0.00825272
0.0169265 0 0 0 0.00836192
0.0170009 0 0 0 0.00847258
0.0170755 0 0 0 0.00858469
0.0171505 0 0 0 0.00869829
0.0172258 0 0 0 0.0088134
0.0173015 0 0 0 0.00893002
0.0173775 0 0 0 0.00904819
0.0174538 0 0 0 0.00916793
0.0175304 0 0 0 0.00928924
0.0176074 0 0 0 0.00941217
0.0176847 0 0 0 0.00953672
0.0177624 0 0 0 0.00966291
0.0178404 0 0 0 0.00979078
0.0179188 0 0 0 0.00992034
0.0179974 0 0 0 0.0100516
0.0180765 0 0 0 0.0101846
0.0181559 0 0 0 0.0103194
0.0182356 0 0 0 0.010456
0.0183157 0 0 0 0.0105943
0.0183961 0 0 0 0.0107345
0.0184769 0 0 0 0.0108766
0.0185581 0 0 0 0.0110205
0.0186396 0 0 0 0.0111663
0.0187214 0 0 0 0.0113141
0.0188036 0 0 0 0.0114638
0.0188862 0 0 0 0.0116155
0.0189692 0 0 0 0.0117692
0.0190525 0 0 0 0.0119249
0.0191361 0 0 0 0.0120827
0.0192202 0 0 0 0.0122426
0.0193046 0 0 0 0.0124046
0.0193894 0 0 0 0.0125688
0.0194745 0 0 0 0.0127351
0.01956 0 0 0 0.0129036
0.0196459 0 0 0 0.0130744
0.0197322 0 0 0 0.0132474
0.0198189 0 0 0 0.0134227
0.0199059 0 0 0 0.0136003
0.0199933 0 0 0 0.0137803
0.0200811 0 0 0 0.0139626
0.0201693 0 0 0 0.0141474
0.0202579 0 0 0 0.0143346
0.0203469 0 0 0 0.0145243
0.0204362 0 0 0 0.0147165
0.020526 0 0 0 0.0149113
0.0206161 0 0 0 0.0151086
0.0207066 0 0 0 0.0153085
0.0207976 0 0 0 0.0155111
0.0208889 0 0 0 0.0157163
0.0209807 0 0 0 0.0159243
0.0210728 0 0 0 0.016135
0.0211653 0 0 0 0.0163485
0.0212583 0 0 0 0.0165649
0.0213517 0 0 0 0.0167841
0.0214454 0 0 0 0.0170062
0.0215396 0 0 0 0.0172312
0.0216342 0 0 0 0.0174592
0.0217292 0 0 0 0.0176903
0.0218246 0 0 0 0.0179244
0.0219205 0 0 0 0.0181616
0.0220167 0 0 0 0.0184019
0.0221134 0 0 0 0.0186454
0.0222105 0 0 0 0.0188921
0.0223081 0 0 0 0.0191421
0.0224061 0 0 0 0.0193954
0.0225045 0 0 0 0.0196521
0.0226033 0 0 0 0.0199121
0.0227026 0 0 0 0.0201756
0.0228023 0 0 0 0.0204426
0.0229024 0 0 0 0.0207131
0.023003 0 0 0 0.0209872
0.023104 0 0 0 0.0212649
0.0232055 0 0 0 0.0215463
0.0233074 0 0 0 0.0218315
0.0234097 0 0 0 0.0221204
0.0235125 0 0 0 0.0224131
0.0236158 0 0 0 0.0227097
0.0237195 0 0 0 0.0230102
0.0238237 0 0 0 0.0233147
0.0239283 0 0 0 0.0236232
0.0240334 0 0 0 0.0239358
0.0241389 0 0 0 0.0242525
0.0242449 0 0 0 0.0245735
0.0243514 0 0 0 0.0248986
0.0244584 0 0 0 0.0252281
0.0245658 0 0 0 0.025562
0.0246737 0 0 0 0.0259002
0.024782 0 0 0 0.026243
0.0248908 0 0 0 0.0265902
0.0250002 0 0 0 0.0269421
0.0251099 0 0 0 0.0272986
0.0252202 0 0 0 0.0276598
0.025331 0 0 0 0.0280259
0.0254422 0 0 0 0.0283967
0.025554 0 0 0 0.0287725
0.0256662 0 0 0 0.0291532
0.0257789 0 0 0 0.029539
0.0258921 0 0 0 0.0299299
0.0260058 0 0 0 0.030326
0.02612 0 0 0 0.0307273
0.0262347 0 0 0 0.0311339
0.0263499 0 0 0 0.0315459
0.0264657 0 0 0 0.0319633
0.0265819 0 0 0 0.0323863
0.0266986 0 0 0 0.0328148
0.0268159 0 0 0 0.0332491
0.0269337 0 0 0 0.0336891
0.0270519 0 0 0 0.0341349
0.0271707 0 0 0 0.0345866
0.0272901 0 0 0 0.0350442
0.0274099 0 0 0 0.035508
0.0275303 0 0 0 0.0359778
0.0276512 0 0 0 0.0364539
0.0277726 0 0 0 0.0369363
0.0278946 0 0 0 0.0374251
0.0280171 0 0 0 0.0379203
0.0281401 0 0 0 0.0384221
0.0282637 0 0 0 0.0389306
0.0283878 0 0 0 0.0394457
0.0285125 0 0 0 0.0399677
0.0286377 0 0 0 0.0404966
0.0287635 0 0 0 0.0410325
0.0288898 0 0 0 0.0415755
0.0290167 0 0 0 0.0421256
0.0291441 0 0 0 0.0426831
0.0292721 0 0 0 0.0432479
0.0294007 0 0 0 0.0438202
0.0295298 0 0 0 0.0444001
0.0296595 0 0 0 0.0449876
0.0297897 0 0 0 0.0455829
0.0299205 0 0 0 0.0461861
0.0300519 0 0 0 0.0467973
0.0301839 0 0 0 0.0474165
0.0303165 0 0 0 0.048044
0.0304496 0 0 0 0.0486798
0.0305833 0 0 0 0.0493239
0.0307176 0 0 0 0.0499766
0.0308525 0 0 0 0.050638
0.030988 0 0 0 0.051308
0.0311241 0 0 0 0.051987
0.0312608 0 0 0 0.0526749
0.0313981 0 0 0 0.053372
0.031536 0 0 0 0.0540782
0.0316745 0 0 0 0.0547938
0.0318136 0 0 0 0.0555189
0.0319533 0 0 0 0.0562536
0.0320936 0 0 0 0.056998
0.0322346 0 0 0 0.0577522
0.0323761 0 0 0 0.0585165
0.0325183 0 0 0 0.0592908
0.0326611 0 0 0 0.0600754
0.0328046 0 0 0 0.0608704
0.0329486 0 0 0 0.0616759
0.0330933 0 0 0 0.062492
0.0332387 0 0 0 0.063319
0.0333846 0 0 0 0.0641568
0.0335312 0 0 0 0.0650058
0.0336785 0 0 0 0.065866
0.0338264 0 0 0 0.0667376
0.033975 0 0 0 0.0676208
0.0341242 0 0 0 0.0685156
0.034274 0 0 0 0.0694222
0.0344245 0 0 0 0.0703409
0.0345757 0 0 0 0.0712717
0.0347276 0 0 0 0.0722148
0.0348801 0 0 0 0.0731704
0.0350333 0 0 0 0.0741387
0.0351871 0 0 0 0.0751198
0.0353416 0 0 0 0.0761138
0.0354969 0 0 0 0.077121
0.0356527 0 0 0 0.0781416
0.0358093 0 0 0 0.0791756
0.0359666 0 0 0 0.0802233
0.0361245 0 0 0 0.0812849
0.0362832 0 0 0 0.0823605
0.0364425 0 0 0 0.0834504
0.0366026 0 0 0 0.0845547
0.0367633 0 0 0 0.0856736
0.0369248 0 0 0 0.0868073
0.0370869 0 0 0 0.087956
0.0372498 0 0 0 0.0891199
0.0374134 0 0 0 0.0902992
0.0375777 0 0 0 0.0914941
0.0377427 0 0 0 0.0927049
0.0379085 0 0 0 0.0939316
0.0380749 0 0 0 0.0951746
0.0382422 0 0 0 0.096434
0.0384101 0 0 0 0.0977101
0.0385788 0 0 0 0.0990031
0.0387482 0 0 0 0.100313
0.0389184 0 0 0 0.101641
0.0390893 0 0 0 0.102986
0.039261 0 0 0 0.104348
0.0394334 0 0 0 0.105729
0.0396066 0 0 0 0.107128
0.0397805 0 0 0 0.108546
0.0399552 0 0 0 0.109982
0.0401307 0 0 0 0.111438
0.0403069 0 0 0 0.112912
0.0404839 0 0 0 0.114407
0.0406617 0 0 0 0.11592
0.0408403 0 0 0 0.117454
0.0410196 0 0 0 0.119009
0.0411998 0 0 0 0.120584
0.0413807 0 0 0 0.122179
0.0415624 0 0 0 0.123796
0.041745 0 0 0 0.125434
0.0419283 0 0 0 0.127094
0.0421124 0 0 0 0.128776
0.0422974 0 0 0 0.13048
0.0424831 0 0 0 0.132207
0.0426697 0 0 0 0.133956
0.0428571 0 0 0 0.135729
0.0430453 0 0 0 0.137525
0.0432344 0 0 0 0.139345
0.0434242 0 0 0 0.141188
0.0436149 0 0 0 0.143057
0.0438065 0 0 0 0.14495
0.0439988 0 0 0 0.146868
0.0441921 0 0 0 0.148811
0.0443862 0 0 0 0.150781
0.0445811 0 0 0 0.152776
0.0447769 0 0 0 0.154798
0.0449735 0 0 0 0.156846
0.045171 0 0 0 0.158921
0.0453694 0 0 0 0.161024
0.0455686 0 0 0 0.163155
0.0457688 0 0 0 0.165314
0.0459698 0 0 0 0.167502
0.0461716 0 0 0 0.169718
0.0463744 0 0 0 0.171964
0.0465781 0 0 0 0.17424
0.0467826 0 0 0 0.176546
0.0469881 0 0 0 0.178882
0.0471944 0 0 0 0.181249
0.0474017 0 0 0 0.183647
0.0476099 0 0 0 0.186078
0.0478189 0 0 0 0.18854
0.048029 0 0 0 0.191035
0.0482399 0 0 0 0.193563
0.0484517 0 0 0 0.196124
0.0486645 0 0 0 0.198719
0.0488782 0 0 0 0.201349
0.0490929 0 0 0 0.204013
0.0493085 0 0 0 0.206713
0.049525 0 0 0 0.209449
0.0497425 0 0 0 0.21222
0.049961 0 0 0 0.215028
0.0501804 0 0 0 0.217874
0.0504008 0 0 0 0.220757
0.0506221 0 0 0 0.223678
0.0508444 0 0 0 0.226638
0.0510677 0 0 0 0.229637
0.051292 0 0 0 0.232676
0.0515172 0 0 0 0.235755
0.0517435 0 0 0 0.238875
0.0519707 0 0 0 0.242036
0.052199 0 0 0 0.245238
0.0524282 0 0 0 0.248484
0.0526584 0 0 0 0.251772
0.0528897 0 0 0 0.255103
0.053122 0 0 0 0.258479
0.0533553 0 0 0 0.2619
0.0535896 0 0 0 0.265365
0.0538249 0 0 0 0.268877
0.0540613 0 0 0 0.272435
0.0542987 0 0 0 0.27604
0.0545372 0 0 0 0.279693
0.0547767 0 0 0 0.283394
0.0550173 0 0 0 0.287144
0.0552589 0 0 0 0.290944
0.0555015 0 0 0 0.294794
0.0557453 0 0 0 0.298695
0.0559901 0 0 0 0.302647
0.056236 0 0 0 0.306652
0.056483 0 0 0 0.31071
0.056731 0 0 0 0.314822
0.0569802 0 0 0 0.318988
0.0572304 0 0 0 0.323209
0.0574817 0 0 0 0.327486
0.0577342 0 0 0 0.331819
0.0579877 0 0 0 0.33621
0.0582424 0 0 0 0.340659
0.0584982 0 0 0 0.345167
0.0587551 0 0 0 0.349735
0.0590131 0 0 0 0.354363
0.0592723 0 0 0 0.359052
0.0595326 0 0 0 0.363803
0.059794 0 0 0 0.368617
0.0600566 0 0 0 0.373495
0.0603203 0 0 0 0.378438
0.0605852 0 0 0 0.383446
0.0608513 0 0 0 0.38852
0.0611186 0 0 0 0.393661
0.061387 0 0 0 0.39887
0.0616566 0 0 0 0.404148
0.0619273 0 0 0 0.409496
0.0621993 0 0 0 0.414915
0.0624724 0 0 0 0.420406
0.0627468 0 0 0 0.425969
0.0630224 0 0 0 0.431606
0.0632991 0 0 0 0.437317
0.0635771 0 0 0 0.443104
0.0638563 0 0 0 0.448968
0.0641368 0 0 0 0.454909
0.0644184 0 0 0 0.460928
0.0647013 0 0 0 0.467028
0.0649855 0 0 0 0.473208
0.0652709 0 0 0 0.47947
0.0655575 0 0 0 0.485815
0.0658454 0 0 0 0.492243
0.0661346 0 0 0 0.498757
0.066425 0 0 0 0.505357
0.0667167 0 0 0 0.512044
0.0670097 0 0 0 0.51882
0.067304 0 0 0 0.525686
0.0675996 0 0 0 0.532642
0.0678965 0 0 0 0.53969
0.0681946 0 0 0 0.546832
0.0684941 0 0 0 0.554068
0.0687949 0 0 0 0.5614
0.0690971 0 0 0 0.568829
0.0694005 0 0 0 0.576356
0.0697053 0 0 0 0.583983
0.0700114 0 0 0 0.591711
0.0703189 0 0 0 0.599541
0.0706277 0 0 0 0.607475
0.0709379 0 0 0 0.615513
0.0712494 0 0 0 0.623658
0.0715623 0 0 0 0.631911
0.0718766 0 0 0 0.640273
0.0721922 0 0 0 0.648746
0.0725093 0 0 0 0.657331
0.0728277 0 0 0 0.666029
0.0731475 0 0 0 0.674842
0.0734688 0 0 0 0.683772
0.0737914 0 0 0 0.692821
0.0741155 0 0 0 0.701989
0.074441 0 0 0 0.711278
0.0747679 0 0 0 0.72069
0.0750963 0 0 0 0.730227
0.0754261 0 0 0 0.73989
0.0757573 0 0 0 0.749681
0.07609 0 0 0 0.759601
0.0764242 0 0 0 0.769653
0.0767598 0 0 0 0.779838
0.0770969 0 0 0 0.790157
0.0774355 0 0 0 0.800613
0.0777755 0 0 0 0.811208
0.0781171 0 0 0 0.821942
0.0784602 0 0 0 0.832819
0.0788047 0 0 0 0.84384
0.0791508 0 0 0 0.855006
0.0794984 0 0 0 0.86632
0.0798475 0 0 0 0.877784
0.0801982 0 0 0 0.8894
0.0805504 0 0 0 0.901169
0.0809042 0 0 0 0.913094
0.0812595 0 0 0 0.925177
0.0816163 0 0 0 0.93742
0.0819747 0 0 0 0.949825
0.0823347 0 0 0 0.962393
0.0826963 0 0 0 0.975129
0.0830595 0 0 0 0.988032
0.0834243 0 0 0 1.00111
0.0837906 0 0 0 1.01435
0.0841586 0 0 0 1.02778
0.0845282 0 0 0 1.04138
0.0848994 0 0 0 1.05516
0.0852723 0 0 0 1.06912
0.0856468 0 0 0 1.08327
0.0860229 0 0 0 1.0976
0.0864007 0 0 0 1.11213
0.0867801 0 0 0 1.12684
0.0871612 0 0 0 1.14176
0.087544 0 0 0 1.15686
0.0879285 0 0 0 1.17217
0.0883146 0 0 0 1.18768
0.0887025 0 0 0 1.2034
0.089092 0 0 0 1.21933
0.0894833 0 0 0 1.23546
0.0898763 0 0 0 1.25181
0.090271 0 0 0 1.26837
0.0906674 0 0 0 1.28516
0.0910656 0 0 0 1.30216
0.0914655 0 0 0 1.3194
0.0918672 0 0 0 1.33686
0.0922706 0 0 0 1.35455
0.0926759 0 0 0 1.37247
0.0930829 0 0 0 1.39063
0.0934916 0 0 0 1.40903
0.0939022 0 0 0 1.42768
0.0943146 0 0 0 1.44657
0.0947288 0 0 0 1.46571
0.0951448 0 0 0 1.48511
0.0955627 0 0 0 1.50476
0.0959823 0 0 0 1.52467
0.0964039 0 0 0 1.54485
0.0968272 0 0 0 1.56529
0.0972525 0 0 0 1.58601
0.0976796 0 0 0 1.60699
0.0981085 0 0 0 1.62826
0.0985394 0 0 0 1.64981
0.0989721 0 0 0 1.67164
0.0994068 0 0 0 1.69376
0.0998433 0 0 0 1.71617
0.100282 0 0 0 1.73888
0.100722 0 0 0 1.76189
0.101165 0 0 0 1.78521
0.101609 0 0 0 1.80883
0.102055 0 0 0 1.83277
0.102503 0 0 0 1.85702
0.102953 0 0 0 1.88159
0.103406 0 0 0 1.90649
0.10386 0 0 0 1.93172
0.104316 0 0 0 1.95728
0.104774 0 0 0 1.98318
0.105234 0 0 0 2.00942
0.105696 0 0 0 2.03602
0.10616 0 0 0 2.06296
0.106627 0 0 0 2.09026
0.107095 0 0 0 2.11792
0.107565 0 0 0 2.14594
0.108038 0 0 0 2.17434
0.108512 0 0 0 2.20311
0.108989 0 0 0 2.23227
0.109467 0 0 0 2.26181
0.109948 0 0 0 2.29174
0.110431 0 0 0 2.32206
0.110916 0 0 0 2.35279
0.111403 0 0 0 2.38392
0.111892 0 0 0 2.41547
0.112384 0 0 0 2.44743
0.112877 0 0 0 2.47982
0.113373 0 0 0 2.51263
0.113871 0 0 0 2.54588
0.114371 0 0 0 2.57957
0.114873 0 0 0 2.61371
0.115377 0 0 0 2.6483
0.115884 0 0 0 2.68334
0.116393 0 0 0 2.71885
0.116904 0 0 0 2.75483
0.117418 0 0 0 2.79128
0.117933 0 0 0 2.82822
0.118451 0 0 0 2.86564
0.118971 0 0 0 2.90356
0.119494 0 0 0 2.94199
0.120019 0 0 0 2.98092
0.120546 0 0 0 3.02036
0.121075 0 0 0 3.06033
0.121607 0 0 0 3.10083
0.122141 0 0 0 3.14186
0.122677 0 0 0 3.18344
0.123216 0 0 0 3.22556
0.123757 0 0 0 3.26825
0.124301 0 0 0 3.31149
0.124847 0 0 0 3.35531
0.125395 0 0 0 3.39972
0.125946 0 0 0 3.4447
0.126499 0 0 0 3.49029
0.127054 0 0 0 3.53647
0.127612 0 0 0 3.58327
0.128173 0 0 0 3.63069
0.128736 0 0 0 3.67873
0.129301 0 0 0 3.72741
0.129869 0 0 0 3.77674
0.130439 0 0 0 3.82671
0.131012 0 0 0 3.87735
0.131587 0 0 0 3.92866
0.132165 0 0 0 3.98065
0.132746 0 0 0 4.03332
0.133329 0 0 0 4.0867
0.133914 0 0 0 4.14077
0.134502 0 0 0 4.19557
0.135093 0 0 0 4.25109
0.135686 0 0 0 4.30734
0.136282 0 0 0 4.36434
0.136881 0 0 0 4.42209
0.137482 0 0 0 4.48061
0.138085 0 0 0 4.5399
0.138692 0 0 0 4.59998
0.139301 0 0 0 4.66085
0.139913 0 0 0 4.72253
0.140527 0 0 0 4.78502
0.141144 0 0 0 4.84834
0.141764 0 0 0 4.91249
0.142387 0 0 0 4.9775
0.143012 0 0 0 5.04337
0.14364 0 0 0 5.11011
0.144271 0 0 0 5.17773
0.144904 0 0 0 5.24624
0.145541 0 0 0 5.31567
0.14618 0 0 0 5.38601
0.146822 0 0 0 5.45728
0.147467 0 0 0 5.5295
0.148114 0 0 0 5.60267
0.148765 0 0 0 5.67681
0.149418 0 0 0 5.75193
0.150074 0 0 0 5.82804
0.150733 0 0 0 5.90516
0.151395 0 0 0 5.98331
0.15206 0 0 0 6.06248
0.152728 0 0 0 6.14271
0.153399 0 0 0 6.22399
0.154072 0 0 0 6.30635
0.154749 0 0 0 6.3898
0.155429 0 0 0 6.47436
0.156111 0 0 0 6.56003
0.156797 0 0 0 6.64684
0.157485 0 0 0 6.7348
0.158177 0 0 0 6.82392
0.158872 0 0 0 6.91422
0.159569 0 0 0 7.00571
0.16027 0 0 0 7.09842
0.160974 0 0 0 7.19235
0.161681 0 0 0 7.28753
0.162391 0 0 0 7.38396
0.163104 0 0 0 7.48167
0.163821 0 0 0 7.58068
0.16454 0 0 0 7.68099
0.165263 0 0 0 7.78263
0.165988 0 0 0 7.88562
0.166717 0 0 0 7.98997
0.167449 0 0 0 8.0957
0.168185 0 0 0 8.20283
0.168923 0 0 0 8.31138
0.169665 0 0 0 8.42136
0.17041 0 0 0 8.5328
0.171159 0 0 0 8.64571
0.17191 0 0 0 8.76012
0.172665 0 0 0 8.87604
0.173424 0 0 0 8.9935
0.174185 0 0 0 9.11251
0.17495 0 0 0 9.23309
0.175719 0 0 0 9.35527
0.17649 0 0 0 9.47907
0.177265 0 0 0 9.6045
0.178044 0 0 0 9.7316
0.178826 0 0 0 9.86037
0.179611 0 0 0 9.99086
0.1804 0 0 0 10.1231
0.181192 0 0 0 10.257
0.181988 0 0 0 10.3928
0.182787 0 0 0 10.5303
0.18359 0 0 0 10.6696
0.184396 0 0 0 10.8108
0.185206 0 0 0 10.9539
0.186019 0 0 0 11.0988
0.186836 0 0 0 11.2457
0.187657 0 0 0 11.3945
0.188481 0 0 0 11.5453
0.189309 0 0 0 11.6981
0.19014 0 0 0 11.8529
0.190975 0 0 0 12.0097
0.191814 0 0 0 12.1686
0.192656 0 0 0 12.3297
0.193502 0 0 0 12.4928
0.194352 0 0 0 12.6581
0.195205 0 0 0 12.8256
0.196063 0 0 0 12.9954
0.196924 0 0 0 13.1673
0.197789 0 0 0 13.3416
0.198657 0 0 0 13.5181
0.19953 0 0 0 13.697
0.200406 0 0 0 13.8782
0.201286 0 0 0 14.0619
0.20217 0 0 0 14.248
0.203058 0 0 0 14.4365
0.20395 0 0 0 14.6275
0.204845 0 0 0 14.8211
0.205745 0 0 0 15.0172
0.206648 0 0 0 15.216
0.207556 0 0 0 15.4173
0.208467 0 0 0 15.6213
0.209383 0 0 0 15.828
0.210302 0 0 0 16.0375
0.211226 0 0 0 16.2497
0.212154 0 0 0 16.4647
0.213085 0 0 0 16.6826
0.214021 0 0 0 16.9034
0.214961 0 0 0 17.1271
0.215905 0 0 0 17.3537
0.216853 0 0 0 17.5833
0.217806 0 0 0 17.816
0.218762 0 0 0 18.0518
0.219723 0 0 0 18.2906
0.220688 0 0 0 18.5327
0.221657 0 0 0 18.7779
0.22263 0 0 0 19.0264
0.223608 0 0 0 19.2782
0.22459 0 0 0 19.5333
0.225577 0 0 0 19.7918
0.226567 0 0 0 20.0537
0.227562 0 0 0 20.319
0.228562 0 0 0 20.5879
0.229565 0 0 0 20.8604
0.230573 0 0 0 21.1364
0.231586 0 0 0 21.4161
0.232603 0 0 0 21.6995
0.233625 0 0 0 21.9866
0.234651 0 0 0 22.2776
0.235681 0 0 0 22.5724
0.236716 0 0 0 22.8711
0.237756 0 0 0 23.1737
0.2388 0 0 0 23.4804
0.239849 0 0 0 23.7911
0.240902 0 0 0 24.1059
0.24196 0 0 0 24.4249
0.243022 0 0 0 24.7481
0.24409 0 0 0 25.0756
0.245162 0 0 0 25.4074
0.246238 0 0 0 25.7437
0.24732 0 0 0 26.0843
0.248406 0 0 0 26.4295
0.249497 0 0 0 26.7792
0.250592 0 0 0 27.1336
0.251693 0 0 0 27.4926
0.252798 0 0 0 27.8564
0.253909 0 0 0 28.2251
0.255024 0 0 0 28.5986
0.256144 0 0 0 28.977
0.257268 0 0 0 29.3605
0.258398 0 0 0 29.749
0.259533 0 0 0 30.1426
0.260673 0 0 0 30.5415
0.261818 0 0 0 30.9457
0.262967 0 0 0 31.3552
0.264122 0 0 0 31.7701
0.265282 0 0 0 32.1905
0.266447 0 0 0 32.6165
0.267617 0 0 0 33.0481
0.268793 0 0 0 33.4854
0.269973 0 0 0 33.9285
0.271159 0 0 0 34.3775
0.27235 0 0 0 34.8324
0.273546 0 0 0 35.2933
0.274747 0 0 0 35.7604
0.275954 0 0 0 36.2336
0.277165 0 0 0 36.713
0.278383 0 0 0 37.1989
0.279605 0 0 0 37.6911
0.280833 0 0 0 38.1899
0.282066 0 0 0 38.6952
0.283305 0 0 0 39.2073
0.284549 0 0 0 39.7261
0.285799 0 0 0 40.2518
0.287054 0 0 0 40.7844
0.288315 0 0 0 41.3241
0.289581 0 0 0 41.871
0.290853 0 0 0 42.4251
0.29213 0 0 0 42.9865
0.293413 0 0 0 43.5553
0.294702 0 0 0 44.1317
0.295996 0 0 0 44.7156
0.297296 0 0 0 45.3074
0.298601 0 0 0 45.9069
0.299913 0 0 0 46.5144
0.30123 0 0 0 47.1299
0.302553 0 0 0 47.7536
0.303881 0 0 0 48.3855
0.305216 0 0 0 49.0258
0.306556 0 0 0 49.6745
0.307903 0 0 0 50.3319
0.309255 0 0 0 50.9979
0.310613 0 0 0 51.6727
0.311977 0 0 0 52.3565
0.313347 0 0 0 53.0493
0.314723 0 0 0 53.7513
0.316105 0 0 0 54.4626
0.317494 0 0 0 55.1833
0.318888 0 0 0 55.9135
0.320288 0 0 0 56.6534
0.321695 0 0 0 57.4031
0.323108 0 0 0 58.1627
0.324527 0 0 0 58.9324
0.325952 0 0 0 59.7122
0.327383 0 0 0 60.5024
0.328821 0 0 0 61.303
0.330265 0 0 0 62.1142
0.331716 0 0 0 62.9362
0.333172 0 0 0 63.769
0.334635 0 0 0 64.6129
0.336105 0 0 0 65.4679
0.337581 0 0 0 66.3342
0.339064 0 0 0 67.212
0.340553 0 0 0 68.1014
0.342048 0 0 0 69.0026
0.34355 0 0 0 69.9157
0.345059 0 0 0 70.8409
0.346575 0 0 0 71.7783
0.348097 0 0 0 72.7281
0.349625 0 0 0 73.6905
0.351161 0 0 0 74.6657
0.352703 0 0 0 75.6537
0.354252 0 0 0 76.6548
0.355808 0 0 0 77.6692
0.35737 0 0 0 78.697
0.35894 0 0 0 79.7384
0.360516 0 0 0 80.7935
0.362099 0 0 0 81.8627
0.363689 0 0 0 82.9459
0.365287 0 0 0 84.0436
0.366891 0 0 0 85.1557
0.368502 0 0 0 86.2825
0.37012 0 0 0 87.4243
0.371746 0 0 0 88.5812
0.373378 0 0 0 89.7534
0.375018 0 0 0 90.9411
0.376665 0 0 0 92.1445
0.378319 0 0 0 93.3638
0.379981 0 0 0 94.5993
0.381649 0 0 0 95.8511
0.383326 0 0 0 97.1195
0.385009 0 0 0 98.4047
0.3867 0 0 0 99.7068
0.388398 0 0 0 101.026
0.390104 0 0 0 102.363
0.391817 0 0 0 103.718
0.393538 0 0 0 105.09
0.395266 0 0 0 106.481
0.397002 0 0 0 107.89
0.398745 0 0 0 109.318
0.400496 0 0 0 110.764
0.402255 0 0 0 112.23
0.404022 0 0 0 113.715
0.405796 0 0 0 115.22
0.407578 0 0 0 116.744
0.409368 0 0 0 118.289
0.411166 0 0 0 119.855
0.412972 0 0 0 121.441
0.414785 0 0 0 123.048
0.416607 0 0 0 124.676
0.418436 0 0 0 126.326
0.420274 0 0 0 127.997
0.42212 0 0 0 129.691
0.423974 0 0 0 131.407
0.425836 0 0 0 133.146
0.427706 0 0 0 134.908
0.429584 0 0 0 136.693
0.431471 0 0 0 138.502
0.433365 0 0 0 140.335
0.435269 0 0 0 142.192
0.43718 0 0 0 144.074
0.4391 0 0 0 145.98
0.441028 0 0 0 147.912
0.442965 0 0 0 149.869
0.444911 0 0 0 151.852
0.446865 0 0 0 153.862
0.448827 0 0 0 155.898
0.450798 0 0 0 157.961
0.452778 0 0 0 160.051
0.454766 0 0 0 162.169
0.456763 0 0 0 164.315
0.458769 0 0 0 166.489
0.460784 0 0 0 168.692
0.462808 0 0 0 170.925
0.46484 0 0 0 173.187
0.466882 0 0 0 175.478
0.468932 0 0 0 177.8
0.470991 0 0 0 180.153
0.47306 0 0 0 182.537
0.475137 0 0 0 184.953
0.477224 0 0 0 187.4
0.47932 0 0 0 189.88
0.481425 0 0 0 192.393
0.483539 0 0 0 194.939
0.485663 0 0 0 197.518
0.487795 0 0 0 200.132
0.489938 0 0 0 202.78
0.492089 0 0 0 205.464
0.49425 0 0 0 208.182
0.496421 0 0 0 210.937
0.498601 0 0 0 213.729
0.500791 0 0 0 216.557
0.50299 0 0 0 219.422
0.505199 0 0 0 222.326
0.507418 0 0 0 225.268
0.509646 0 0 0 228.249
0.511884 0 0 0 231.269
0.514132 0 0 0 234.33
0.51639 0 0 0 237.431
0.518658 0 0 0 240.573
0.520936 0 0 0 243.756
0.523223 0 0 0 246.982
0.525521 0 0 0 250.25
0.527829 0 0 0 253.561
0.530147 0 0 0 256.917
0.532475 0 0 0 260.316
0.534814 0 0 0 263.761
0.537162 0 0 0 267.252
0.539522 0 0 0 270.788
0.541891 0 0 0 274.371
0.544271 0 0 0 278.002
0.546661 0 0 0 281.681
0.549062 0 0 0 285.408
0.551473 0 0 0 289.185
0.553895 0 0 0 293.012
0.556327 0 0 0 296.889
0.558771 0 0 0 300.818
0.561224 0 0 0 304.799
0.563689 0 0 0 308.832
0.566165 0 0 0 312.919
0.568651 0 0 0 317.059
0.571148 0 0 0 321.255
0.573657 0 0 0 325.506
0.576176 0 0 0 329.814
0.578706 0 0 0 334.178
0.581248 0 0 0 338.6
0.5838 0 0 0 343.081
0.586364 0 0 0 347.621
0.588939 0 0 0 352.221
0.591526 0 0 0 356.882
0.594124 0 0 0 361.604
0.596733 0 0 0 366.389
0.599353 0 0 0 371.238
0.601985 0 0 0 376.15
0.604629 0 0 0 381.128
0.607285 0 0 0 386.171
0.609951 0 0 0 391.281
0.61263 0 0 0 396.459
0.615321 0 0 0 401.705
0.618023 0 0 0 407.021
0.620737 0 0 0 412.407
0.623463 0 0 0 417.864
0.626201 0 0 0 423.394
0.628951 0 0 0 428.997
0.631713 0 0 0 434.674
0.634488 0 0 0 440.425
0.637274 0 0 0 446.254
0.640073 0 0 0 452.159
0.642884 0 0 0 458.142
0.645707 0 0 0 464.205
0.648543 0 0 0 470.347
0.651391 0 0 0 476.571
0.654252 0 0 0 482.878
0.657125 0 0 0 489.268
0.660011 0 0 0 495.742
0.662909 0 0 0 502.302
0.66582 0 0 0 508.949
0.668744 0 0 0 515.684
0.671681 0 0 0 522.508
0.674631 0 0 0 529.422
0.677594 0 0 0 536.428
0.68057 0 0 0 543.527
0.683558 0 0 0 550.719
0.68656 0 0 0 558.007
0.689575 0 0 0 565.391
0.692604 0 0 0 572.872
0.695646 0 0 0 580.453
0.698701 0 0 0 588.134
0.701769 0 0 0 595.917
0.704851 0 0 0 603.803
0.707946 0 0 0 611.793
0.711055 0 0 0 619.888
0.714178 0 0 0 628.091
0.717315 0 0 0 636.403
0.720465 0 0 0 644.824
0.723629 0 0 0 653.357
0.726807 0 0 0 662.003
0.729999 0 0 0 670.763
0.733204 0 0 0 679.639
0.736424 0 0 0 688.633
0.739659 0 0 0 697.745
0.742907 0 0 0 706.978
0.746169 0 0 0 716.334
0.749446 0 0 0 725.813
0.752738 0 0 0 735.418
0.756043 0 0 0 745.149
0.759364 0 0 0 755.01
0.762698 0 0 0 765.001
0.766048 0 0 0 775.124
0.769412 0 0 0 785.381
0.772791 0 0 0 795.774
0.776185 0 0 0 806.304
0.779594 0 0 0 816.974
0.783017 0 0 0 827.785
0.786456 0 0 0 838.739
0.78991 0 0 0 849.838
0.793379 0 0 0 861.083
0.796863 0 0 0 872.478
0.800363 0 0 0 884.023
0.803878 0 0 0 895.722
0.807408 0 0 0 907.575
0.810954 0 0 0 919.584
0.814515 0 0 0 931.753
0.818092 0 0 0 944.083
0.821685 0 0 0 956.576
0.825294 0 0 0 969.234
0.828918 0 0 0 982.06
0.832558 0 0 0 995.055
0.836215 0 0 0 1008.22
0.839887 0 0 0 1021.56
0.843575 0 0 0 1035.08
0.84728 0 0 0 1048.78
0.851001 0 0 0 1062.66
0.854738 0 0 0 1076.72
0.858492 0 0 0 1090.97
0.862262 0 0 0 1105.4
0.866049 0 0 0 1120.03
0.869852 0 0 0 1134.85
0.873673 0 0 0 1149.87
0.877509 0 0 0 1165.09
0.881363 0 0 0 1180.5
0.885234 0 0 0 1196.13
0.889121 0 0 0 1211.95
0.893026 0 0 0 1227.99
0.896948 0 0 0 1244.24
0.900887 0 0 0 1260.71
0.904843 0 0 0 1277.39
0.908817 0 0 0 1294.29
0.912808 0 0 0 1311.42
0.916817 0 0 0 1328.77
0.920843 0 0 0 1346.36
0.924887 0 0 0 1364.17
0.928949 0 0 0 1382.23
0.933029 0 0 0 1400.52
0.937126 0 0 0 1419.05
0.941242 0 0 0 1437.83
0.945375 0 0 0 1456.85
0.949527 0 0 0 1476.13
0.953697 0 0 0 1495.67
0.957885 0 0 0 1515.46
0.962092 0 0 0 1535.51
0.966317 0 0 0 1555.83
0.970561 0 0 0 1576.42
0.974823 0 0 0 1597.28
0.979104 0 0 0 1618.42
0.983404 0 0 0 1639.83
0.987723 0 0 0 1661.53
0.992061 0 0 0 1683.52
0.996418 0 0 0 1705.8
1.00079 0 0 0 1728.37
1.00519 0 0 0 1751.24
1.0096 0 0 0 1774.41
1.01404 0 0 0 1797.9
1.01849 0 0 0 1821.69
1.02296 0 0 0 1845.79
1.02746 0 0 0 1870.22
1.03197 0 0 0 1894.97
1.0365 0 0 0 1920.04
1.04105 0 0 0 1945.45
1.04562 0 0 0 1971.19
1.05022 0 0 0 1997.28
1.05483 0 0 0 2023.71
1.05946 0 0 0 2050.49
1.06411 0 0 0 2077.62
1.06879 0 0 0 2105.11
1.07348 0 0 0 2132.97
1.07819 0 0 0 2161.2
1.08293 0 0 0 2189.79
1.08769 0 0 0 2218.77
1.09246 0 0 0 2248.13
1.09726 0 0 0 2277.88
1.10208 0 0 0 2308.02
1.10692 0 0 0 2338.57
1.11178 0 0 0 2369.51
1.11666 0 0 0 2400.87
1.12157 0 0 0 2432.64
1.12649 0 0 0 2464.83
1.13144 0 0 0 2497.45
1.13641 0 0 0 2530.49
1.1414 0 0 0 2563.98
1.14641 0 0 0 2597.91
0.500085
2000
309756
     1259712000
0.000179913 0 0 0 1.00414e-08
0.000180703 0 0 0 1.01743e-08
0.000181497 0 0 0 1.03089e-08
0.000182294 0 0 0 1.04453e-08
0.000183095 0 0 0 1.05835e-08
0.000183899 0 0 0 1.07236e-08
0.000184706 0 0 0 1.08655e-08
0.000185518 0 0 0 1.10093e-08
0.000186332 0 0 0 1.11549e-08
0.000187151 0 0 0 1.13026e-08
0.000187972 0 0 0 1.14521e-08
0.000188798 0 0 0 1.16037e-08
0.000189627 0 0 0 1.17572e-08
0.00019046 0 0 0 1.19128e-08
0.000191296 0 0 0 1.20704e-08
0.000192136 0 0 0 1.22302e-08
0.00019298 0 0 0 1.2392e-08
0.000193828 0 0 0 1.2556e-08
0.000194679 0 0 0 1.27221e-08
0.000195534 0 0 0 1.28905e-08
0.000196393 0 0 0 1.30611e-08
0.000197255 0 0 0 1.32339e-08
0.000198121 0 0 0 1.3409e-08
0.000198991 0 0 0 1.35865e-08
0.000199865 0 0 0 1.37663e-08
0.000200743 0 0 0 1.39484e-08
0.000201625 0 0 0 1.4133e-08
0.00020251 0 0 0 1.432e-08
0.0002034 0 0 0 1.45095e-08
0.000204293 0 0 0 1.47015e-08
0.00020519 0 0 0 1.48961e-08
0.000206091 0 0 0 1.50932e-08
0.000206996 0 0 0 1.52929e-08
0.000207905 0 0 0 1.54953e-08
0.000208818 0 0 0 1.57003e-08
0.000209735 0 0 0 1.59081e-08
0.000210656 0 0 0 1.61186e-08
0.000211582 0 0 0 1.63319e-08
0.000212511 0 0 0 1.6548e-08
0.000213444 0 0 0 1.6767e-08
0.000214381 0 0 0 1.69889e-08
0.000215323 0 0 0 1.72137e-08
0.000216268 0 0 0 1.74414e-08
0.000217218 0 0 0 1.76722e-08
0.000218172 0 0 0 1.79061e-08
0.00021913 0 0 0 1.81431e-08
0.000220093 0 0 0 1.83831e-08
0.000221059 0 0 0 1.86264e-08
0.00022203 0 0 0 1.88729e-08
0.000223005 0 0 0 1.91226e-08
0.000223984 0 0 0 1.93757e-08
0.000224968 0 0 0 1.96321e-08
0.000225956 0 0 0 1.98919e-08
0.000226948 0 0 0 2.01551e-08
0.000227945 0 0 0 2.04218e-08
0.000228946 0 0 0 2.0692e-08
0.000229952 0 0 0 2.09658e-08
0.000230961 0 0 0 2.12433e-08
0.000231976 0 0 0 2.15244e-08
0.000232995 0 0 0 2.18092e-08
0.000234018 0 0 0 2.20978e-08
0.000235045 0 0 0 2.23902e-08
0.000236078 0 0 0 2.26865e-08
0.000237114 0 0 0 2.29867e-08
0.000238156 0 0 0 2.32909e-08
0.000239202 0 0 0 2.35991e-08
0.000240252 0 0 0 2.39114e-08
0.000241307 0 0 0 2.42278e-08
0.000242367 0 0 0 2.45484e-08
0.000243431 0 0 0 2.48733e-08
0.0002445 0 0 0 2.52024e-08
0.000245574 0 0 0 2.55359e-08
0.000246653 0 0 0 2.58738e-08
0.000247736 0 0 0 2.62162e-08
0.000248824 0 0 0 2.65631e-08
0.000249917 0 0 0 2.69146e-08
0.000251014 0 0 0 2.72708e-08
0.000252117 0 0 0 2.76317e-08
0.000253224 0 0 0 2.79973e-08
0.000254336 0 0 0 2.83678e-08
0.000255453 0 0 0 2.87432e-08
0.000256575 0 0 0 2.91235e-08
0.000257701 0 0 0 2.95089e-08
0.000258833 0 0 0 2.98994e-08
0.00025997 0 0 0 3.02951e-08
0.000261112 0 0 0 3.0696e-08
0.000262258 0 0 0 3.11022e-08
0.00026341 0 0 0 3.15137e-08
0.000264567 0 0 0 3.19307e-08
0.000265729 0 0 0 3.23533e-08
0.000266896 0 0 0 3.27814e-08
0.000268068 0 0 0 3.32152e-08
0.000269245 0 0 0 3.36547e-08
0.000270427 0 0 0 3.41001e-08
0.000271615 0 0 0 3.45513e-08
0.000272808 0 0 0 3.50085e-08
0.000274006 0 0 0 3.54718e-08
0.000275209 0 0 0 3.59412e-08
0.000276418 0 0 0 3.64168e-08
0.000277632 0 0 0 3.68987e-08
0.000278851 0 0 0 3.7387e-08
0.000280076 0 0 0 3.78817e-08
0.000281306 0 0 0 3.8383e-08
0.000282541 0 0 0 3.88909e-08
0.000283782 0 0 0 3.94055e-08
0.000285028 0 0 0 3.9927e-08
0.00028628 0 0 0 4.04553e-08
0.000287537 0 0 0 4.09907e-08
0.0002888 0 0 0 4.15331e-08
0.000290068 0 0 0 4.20827e-08
0.000291342 0 0 0 4.26396e-08
0.000292622 0 0 0 4.32038e-08
0.000293907 0 0 0 4.37755e-08
0.000295197 0 0 0 4.43548e-08
0.000296494 0 0 0 4.49418e-08
0.000297796 0 0 0 4.55365e-08
0.000299104 0 0 0 4.6139e-08
0.000300417 0 0 0 4.67496e-08
0.000301737 0 0 0 4.73682e-08
0.000303062 0 0 0 4.7995e-08
0.000304393 0 0 0 4.86302e-08
0.000305729 0 0 0 4.92737e-08
0.000307072 0 0 0 4.99257e-08
0.000308421 0 0 0 5.05864e-08
0.000309775 0 0 0 5.12558e-08
0.000311136 0 0 0 5.1934e-08
0.000312502 0 0 0 5.26213e-08
0.000313874 0 0 0 5.33176e-08
0.000315253 0 0 0 5.40231e-08
0.000316637 0 0 0 5.4738e-08
0.000318028 0 0 0 5.54624e-08
0.000319424 0 0 0 5.61963e-08
0.000320827 0 0 0 5.69399e-08
0.000322236 0 0 0 5.76934e-08
0.000323651 0 0 0 5.84568e-08
0.000325073 0 0 0 5.92304e-08
0.0003265 0 0 0 6.00142e-08
0.000327934 0 0 0 6.08083e-08
0.000329374 0 0 0 6.1613e-08
0.000330821 0 0 0 6.24283e-08
0.000332274 0 0 0 6.32544e-08
0.000333733 0 0 0 6.40915e-08
0.000335199 0 0 0 6.49396e-08
0.000336671 0 0 0 6.57989e-08
0.000338149 0 0 0 6.66696e-08
0.000339634 0 0 0 6.75519e-08
0.000341126 0 0 0 6.84458e-08
0.000342624 0 0 0 6.93515e-08
0.000344129 0 0 0 7.02692e-08
0.00034564 0 0 0 7.11991e-08
0.000347158 0 0 0 7.21413e-08
0.000348682 0 0 0 7.30959e-08
0.000350214 0 0 0 7.40632e-08
0.000351752 0 0 0 7.50432e-08
0.000353296 0 0 0 7.60363e-08
0.000354848 0 0 0 7.70424e-08
0.000356406 0 0 0 7.80619e-08
0.000357972 0 0 0 7.90949e-08
0.000359544 0 0 0 8.01416e-08
0.000361123 0 0 0 8.12021e-08
0.000362709 0 0 0 8.22766e-08
0.000364301 0 0 0 8.33654e-08
0.000365901 0 0 0 8.44685e-08
0.000367508 0 0 0 8.55863e-08
0.000369122 0 0 0 8.67188e-08
0.000370743 0 0 0 8.78664e-08
0.000372371 0 0 0 8.90291e-08
0.000374007 0 0 0 9.02072e-08
0.000375649 0 0 0 9.14009e-08
0.000377299 0 0 0 9.26104e-08
0.000378956 0 0 0 9.38359e-08
0.00038062 0 0 0 9.50776e-08
0.000382292 0 0 0 9.63358e-08
0.000383971 0 0 0 9.76106e-08
0.000385657 0 0 0 9.89023e-08
0.00038735 0 0 0 1.00211e-07
0.000389052 0 0 0 1.01537e-07
0.00039076 0 0 0 1.02881e-07
0.000392476 0 0 0 1.04242e-07
0.0003942 0 0 0 1.05622e-07
0.000395931 0 0 0 1.07019e-07
0.00039767 0 0 0 1.08435e-07
0.000399416 0 0 0 1.0987e-07
0.00040117 0 0 0 1.11324e-07
0.000402932 0 0 0 1.12797e-07
0.000404702 0 0 0 1.1429e-07
0.000406479 0 0 0 1.15802e-07
0.000408264 0 0 0 1.17335e-07
0.000410057 0 0 0 1.18887e-07
0.000411858 0 0 0 1.20461e-07
0.000413667 0 0 0 1.22055e-07
0.000415483 0 0 0 1.2367e-07
0.000417308 0 0 0 1.25306e-07
0.000419141 0 0 0 1.26965e-07
0.000420981 0 0 0 1.28645e-07
0.00042283 0 0 0 1.30347e-07
0.000424687 0 0 0 1.32072e-07
0.000426552 0 0 0 1.3382e-07
0.000428425 0 0 0 1.3559e-07
0.000430307 0 0 0 1.37385e-07
0.000432197 0 0 0 1.39203e-07
0.000434095 0 0 0 1.41045e-07
0.000436001 0 0 0 1.42911e-07
0.000437916 0 0 0 1.44802e-07
0.000439839 0 0 0 1.46718e-07
0.000441771 0 0 0 1.4866e-07
0.000443711 0 0 0 1.50627e-07
0.000445659 0 0 0 1.5262e-07
0.000447616 0 0 0 1.5464e-07
0.000449582 0 0 0 1.56686e-07
0.000451557 0 0 0 1.5876e-07
0.00045354 0 0 0 1.6086e-07
0.000455532 0 0 0 1.62989e-07
0.000457532 0 0 0 1.65146e-07
0.000459541 0 0 0 1.67331e-07
0.00046156 0 0 0 1.69546e-07
0.000463587 0 0 0 1.71789e-07
0.000465622 0 0 0 1.74062e-07
0.000467667 0 0 0 1.76366e-07
0.000469721 0 0 0 1.787e-07
0.000471784 0 0 0 1.81064e-07
0.000473856 0 0 0 1.8346e-07
0.000475937 0 0 0 1.85888e-07
0.000478027 0 0 0 1.88348e-07
0.000480126 0 0 0 1.9084e-07
0.000482235 0 0 0 1.93365e-07
0.000484353 0 0 0 1.95924e-07
0.00048648 0 0 0 1.98517e-07
0.000488616 0 0 0 2.01144e-07
0.000490762 0 0 0 2.03806e-07
0.000492917 0 0 0 2.06503e-07
0.000495082 0 0 0 2.09235e-07
0.000497256 0 0 0 2.12004e-07
0.00049944 0 0 0 2.14809e-07
0.000501633 0 0 0 2.17652e-07
0.000503836 0 0 0 2.20532e-07
0.000506049 0 0 0 2.2345e-07
0.000508271 0 0 0 2.26407e-07
0.000510504 0 0 0 2.29403e-07
0.000512746 0 0 0 2.32439e-07
0.000514997 0 0 0 2.35515e-07
0.000517259 0 0 0 2.38631e-07
0.000519531 0 0 0 2.41789e-07
0.000521812 0 0 0 2.44989e-07
0.000524104 0 0 0 2.4823e-07
0.000526405 0 0 0 2.51515e-07
0.000528717 0 0 0 2.54844e-07
0.000531039 0 0 0 2.58216e-07
0.000533371 0 0 0 2.61633e-07
0.000535714 0 0 0 2.65095e-07
0.000538066 0 0 0 2.68603e-07
0.000540429 0 0 0 2.72157e-07
0.000542803 0 0 0 2.75759e-07
0.000545187 0 0 0 2.79408e-07
0.000547581 0 0 0 2.83105e-07
0.000549986 0 0 0 2.86851e-07
0.000552401 0 0 0 2.90647e-07
0.000554827 0 0 0 2.94493e-07
0.000557263 0 0 0 2.9839e-07
0.000559711 0 0 0 3.02339e-07
0.000562169 0 0 0 3.0634e-07
0.000564638 0 0 0 3.10394e-07
0.000567117 0 0 0 3.14501e-07
0.000569608 0 0 0 3.18663e-07
0.000572109 0 0 0 3.2288e-07
0.000574622 0 0 0 3.27152e-07
0.000577145 0 0 0 3.31481e-07
0.00057968 0 0 0 3.35868e-07
0.000582226 0 0 0 3.40312e-07
0.000584783 0 0 0 3.44816e-07
0.000587351 0 0 0 3.49378e-07
0.00058993 0 0 0 3.54002e-07
0.000592521 0 0 0 3.58686e-07
0.000595123 0 0 0 3.63433e-07
0.000597737 0 0 0 3.68242e-07
0.000600362 0 0 0 3.73115e-07
0.000602998 0 0 0 3.78052e-07
0.000605647 0 0 0 3.83055e-07
0.000608306 0 0 0 3.88124e-07
0.000610978 0 0 0 3.9326e-07
0.000613661 0 0 0 3.98464e-07
0.000616356 0 0 0 4.03737e-07
0.000619063 0 0 0 4.09079e-07
0.000621782 0 0 0 4.14492e-07
0.000624512 0 0 0 4.19977e-07
0.000627255 0 0 0 4.25535e-07
0.00063001 0 0 0 4.31166e-07
0.000632776 0 0 0 4.36871e-07
0.000635555 0 0 0 4.42653e-07
0.000638346 0 0 0 4.4851e-07
0.00064115 0 0 0 4.54445e-07
0.000643965 0 0 0 4.60459e-07
0.000646793 0 0 0 4.66552e-07
0.000649634 0 0 0 4.72726e-07
0.000652487 0 0 0 4.78981e-07
0.000655352 0 0 0 4.8532e-07
0.000658231 0 0 0 4.91742e-07
0.000661121 0 0 0 4.98249e-07
0.000664025 0 0 0 5.04842e-07
0.000666941 0 0 0 5.11523e-07
0.00066987 0 0 0 5.18292e-07
0.000672812 0 0 0 5.2515e-07
0.000675766 0 0 0 5.32099e-07
0.000678734 0 0 0 5.39141e-07
0.000681715 0 0 0 5.46275e-07
0.000684709 0 0 0 5.53504e-07
0.000687716 0 0 0 5.60828e-07
0.000690736 0 0 0 5.6825e-07
0.000693769 0 0 0 5.75769e-07
0.000696816 0 0 0 5.83388e-07
0.000699876 0 0 0 5.91108e-07
0.00070295 0 0 0 5.9893e-07
0.000706037 0 0 0 6.06856e-07
0.000709138 0 0 0 6.14886e-07
0.000712252 0 0 0 6.23023e-07
0.00071538 0 0 0 6.31267e-07
0.000718522 0 0 0 6.39621e-07
0.000721677 0 0 0 6.48085e-07
0.000724846 0 0 0 6.56661e-07
0.00072803 0 0 0 6.6535e-07
0.000731227 0 0 0 6.74155e-07
0.000734438 0 0 0 6.83076e-07
0.000737664 0 0 0 6.92115e-07
0.000740903 0 0 0 7.01274e-07
0.000744157 0 0 0 7.10553e-07
0.000747425 0 0 0 7.19956e-07
0.000750707 0 0 0 7.29483e-07
0.000754004 0 0 0 7.39136e-07
0.000757316 0 0 0 7.48917e-07
0.000760641 0 0 0 7.58827e-07
0.000763982 0 0 0 7.68869e-07
0.000767337 0 0 0 7.79043e-07
0.000770707 0 0 0 7.89352e-07
0.000774092 0 0 0 7.99798e-07
0.000777491 0 0 0 8.10381e-07
0.000780906 0 0 0 8.21105e-07
0.000784335 0 0 0 8.31971e-07
0.00078778 0 0 0 8.4298e-07
0.000791239 0 0 0 8.54135e-07
0.000794714 0 0 0 8.65438e-07
0.000798204 0 0 0 8.7689e-07
0.00080171 0 0 0 8.88494e-07
0.00080523 0 0 0 9.00251e-07
0.000808767 0 0 0 9.12164e-07
0.000812318 0 0 0 9.24234e-07
0.000815886 0 0 0 9.36465e-07
0.000819469 0 0 0 9.48857e-07
0.000823068 0 0 0 9.61413e-07
0.000826682 0 0 0 9.74135e-07
0.000830313 0 0 0 9.87026e-07
0.000833959 0 0 0 1.00009e-06
0.000837622 0 0 0 1.01332e-06
0.0008413 0 0 0 1.02673e-06
0.000844995 0 0 0 1.04032e-06
0.000848706 0 0 0 1.05408e-06
0.000852433 0 0 0 1.06803e-06
0.000856177 0 0 0 1.08216e-06
0.000859937 0 0 0 1.09648e-06
0.000863713 0 0 0 1.11099e-06
0.000867506 0 0 0 1.1257e-06
0.000871316 0 0 0 1.14059e-06
0.000875143 0 0 0 1.15569e-06
0.000878986 0 0 0 1.17098e-06
0.000882846 0 0 0 1.18647e-06
0.000886723 0 0 0 1.20217e-06
0.000890617 0 0 0 1.21808e-06
0.000894529 0 0 0 1.2342e-06
0.000898457 0 0 0 1.25053e-06
0.000902403 0 0 0 1.26708e-06
0.000906366 0 0 0 1.28385e-06
0.000910346 0 0 0 1.30084e-06
0.000914344 0 0 0 1.31805e-06
0.00091836 0 0 0 1.33549e-06
0.000922393 0 0 0 1.35317e-06
0.000926444 0 0 0 1.37107e-06
0.000930512 0 0 0 1.38922e-06
0.000934599 0 0 0 1.4076e-06
0.000938703 0 0 0 1.42622e-06
0.000942826 0 0 0 1.4451e-06
0.000946966 0 0 0 1.46422e-06
0.000951125 0 0 0 1.4836e-06
0.000955302 0 0 0 1.50323e-06
0.000959497 0 0 0 1.52312e-06
0.000963711 0 0 0 1.54328e-06
0.000967943 0 0 0 1.5637e-06
0.000972194 0 0 0 1.58439e-06
0.000976464 0 0 0 1.60536e-06
0.000980752 0 0 0 1.6266e-06
0.000985059 0 0 0 1.64812e-06
0.000989385 0 0 0 1.66993e-06
0.00099373 0 0 0 1.69203e-06
0.000998094 0 0 0 1.71442e-06
0.00100248 0 0 0 1.73711e-06
0.00100688 0 0 0 1.7601e-06
0.0010113 0 0 0 1.78339e-06
0.00101574 0 0 0 1.80699e-06
0.0010202 0 0 0 1.8309e-06
0.00102468 0 0 0 1.85513e-06
0.00102918 0 0 0 1.87967e-06
0.0010337 0 0 0 1.90455e-06
0.00103824 0 0 0 1.92975e-06
0.0010428 0 0 0 1.95529e-06
0.00104738 0 0 0 1.98116e-06
0.00105198 0 0 0 2.00738e-06
0.0010566 0 0 0 2.03394e-06
0.00106124 0 0 0 2.06086e-06
0.0010659 0 0 0 2.08813e-06
0.00107058 0 0 0 2.11576e-06
0.00107529 0 0 0 2.14376e-06
0.00108001 0 0 0 2.17212e-06
0.00108475 0 0 0 2.20087e-06
0.00108952 0 0 0 2.22999e-06
0.0010943 0 0 0 2.2595e-06
0.00109911 0 0 0 2.2894e-06
0.00110393 0 0 0 2.3197e-06
0.00110878 0 0 0 2.35039e-06
0.00111365 0 0 0 2.38149e-06
0.00111854 0 0 0 2.41301e-06
0.00112345 0 0 0 2.44494e-06
0.00112839 0 0 0 2.47729e-06
0.00113334 0 0 0 2.51007e-06
0.00113832 0 0 0 2.54329e-06
0.00114332 0 0 0 2.57695e-06
0.00114834 0 0 0 2.61105e-06
0.00115338 0 0 0 2.6456e-06
0.00115845 0 0 0 2.68061e-06
0.00116354 0 0 0 2.71608e-06
0.00116865 0 0 0 2.75202e-06
0.00117378 0 0 0 2.78844e-06
0.00117893 0 0 0 2.82534e-06
0.00118411 0 0 0 2.86272e-06
0.00118931 0 0 0 2.9006e-06
0.00119453 0 0 0 2.93899e-06
0.00119978 0 0 0 2.97788e-06
0.00120505 0 0 0 3.01729e-06
0.00121034 0 0 0 3.05721e-06
0.00121566 0 0 0 3.09767e-06
0.00122099 0 0 0 3.13866e-06
0.00122636 0 0 0 3.18019e-06
0.00123174 0 0 0 3.22228e-06
0.00123715 0 0 0 3.26492e-06
0.00124258 0 0 0 3.30812e-06
0.00124804 0 0 0 3.3519e-06
0.00125352 0 0 0 3.39625e-06
0.00125903 0 0 0 3.44119e-06
0.00126456 0 0 0 3.48673e-06
0.00127011 0 0 0 3.53287e-06
0.00127569 0 0 0 3.57962e-06
0.00128129 0 0 0 3.62699e-06
0.00128692 0 0 0 3.67498e-06
0.00129257 0 0 0 3.72361e-06
0.00129825 0 0 0 3.77289e-06
0.00130395 0 0 0 3.82281e-06
0.00130967 0 0 0 3.8734e-06
0.00131543 0 0 0 3.92466e-06
0.0013212 0 0 0 3.97659e-06
0.001327 0 0 0 4.02921e-06
0.00133283 0 0 0 4.08253e-06
0.00133869 0 0 0 4.13656e-06
0.00134456 0 0 0 4.19129e-06
0.00135047 0 0 0 4.24676e-06
0.0013564 0 0 0 4.30295e-06
0.00136236 0 0 0 4.35989e-06
0.00136834 0 0 0 4.41759e-06
0.00137435 0 0 0 4.47605e-06
0.00138038 0 0 0 4.53528e-06
0.00138645 0 0 0 4.59529e-06
0.00139254 0 0 0 4.6561e-06
0.00139865 0 0 0 4.71771e-06
0.00140479 0 0 0 4.78014e-06
0.00141096 0 0 0 4.8434e-06
0.00141716 0 0 0 4.90749e-06
0.00142338 0 0 0 4.97243e-06
0.00142963 0 0 0 5.03823e-06
0.00143591 0 0 0 5.1049e-06
0.00144222 0 0 0 5.17245e-06
0.00144855 0 0 0 5.2409e-06
0.00145491 0 0 0 5.31025e-06
0.0014613 0 0 0 5.38052e-06
0.00146772 0 0 0 5.45172e-06
0.00147417 0 0 0 5.52386e-06
0.00148064 0 0 0 5.59696e-06
0.00148714 0 0 0 5.67102e-06
0.00149367 0 0 0 5.74607e-06
0.00150023 0 0 0 5.8221e-06
0.00150682 0 0 0 5.89915e-06
0.00151344 0 0 0 5.97721e-06
0.00152009 0 0 0 6.0563e-06
0.00152676 0 0 0 6.13645e-06
0.00153347 0 0 0 6.21765e-06
0.0015402 0 0 0 6.29993e-06
0.00154697 0 0 0 6.38329e-06
0.00155376 0 0 0 6.46776e-06
0.00156058 0 0 0 6.55335e-06
0.00156744 0 0 0 6.64007e-06
0.00157432 0 0 0 6.72794e-06
0.00158123 0 0 0 6.81697e-06
0.00158818 0 0 0 6.90717e-06
0.00159515 0 0 0 6.99858e-06
0.00160216 0 0 0 7.09119e-06
0.00160919 0 0 0 7.18502e-06
0.00161626 0 0 0 7.2801e-06
0.00162336 0 0 0 7.37644e-06
0.00163049 0 0 0 7.47405e-06
0.00163765 0 0 0 7.57295e-06
0.00164484 0 0 0 7.67317e-06
0.00165206 0 0 0 7.7747e-06
0.00165932 0 0 0 7.87759e-06
0.00166661 0 0 0 7.98183e-06
0.00167393 0 0 0 8.08745e-06
0.00168128 0 0 0 8.19447e-06
0.00168866 0 0 0 8.30291e-06
0.00169608 0 0 0 8.41278e-06
0.00170353 0 0 0 8.5241e-06
0.00171101 0 0 0 8.6369e-06
0.00171852 0 0 0 8.75119e-06
0.00172607 0 0 0 8.867e-06
0.00173365 0 0 0 8.98433e-06
0.00174126 0 0 0 9.10322e-06
0.00174891 0 0 0 9.22368e-06
0.00175659 0 0 0 9.34574e-06
0.0017643 0 0 0 9.46941e-06
0.00177205 0 0 0 9.59472e-06
0.00177983 0 0 0 9.72168e-06
0.00178765 0 0 0 9.85033e-06
0.0017955 0 0 0 9.98068e-06
0.00180339 0 0 0 1.01127e-05
0.00181131 0 0 0 1.02466e-05
0.00181926 0 0 0 1.03822e-05
0.00182725 0 0 0 1.05195e-05
0.00183527 0 0 0 1.06588e-05
0.00184333 0 0 0 1.07998e-05
0.00185143 0 0 0 1.09427e-05
0.00185956 0 0 0 1.10875e-05
0.00186773 0 0 0 1.12342e-05
0.00187593 0 0 0 1.13829e-05
0.00188417 0 0 0 1.15335e-05
0.00189244 0 0 0 1.16861e-05
0.00190075 0 0 0 1.18408e-05
0.0019091 0 0 0 1.19975e-05
0.00191748 0 0 0 1.21562e-05
0.00192591 0 0 0 1.23171e-05
0.00193436 0 0 0 1.24801e-05
0.00194286 0 0 0 1.26452e-05
0.00195139 0 0 0 1.28126e-05
0.00195996 0 0 0 1.29821e-05
0.00196857 0 0 0 1.31539e-05
0.00197721 0 0 0 1.3328e-05
0.0019859 0 0 0 1.35043e-05
0.00199462 0 0 0 1.3683e-05
0.00200338 0 0 0 1.38641e-05
0.00201218 0 0 0 1.40476e-05
0.00202101 0 0 0 1.42335e-05
0.00202989 0 0 0 1.44218e-05
0.0020388 0 0 0 1.46126e-05
0.00204776 0 0 0 1.4806e-05
0.00205675 0 0 0 1.50019e-05
0.00206578 0 0 0 1.52005e-05
0.00207485 0 0 0 1.54016e-05
0.00208397 0 0 0 1.56054e-05
0.00209312 0 0 0 1.58119e-05
0.00210231 0 0 0 1.60211e-05
0.00211154 0 0 0 1.62332e-05
0.00212082 0 0 0 1.6448e-05
0.00213013 0 0 0 1.66656e-05
0.00213948 0 0 0 1.68862e-05
0.00214888 0 0 0 1.71096e-05
0.00215832 0 0 0 1.7336e-05
0.0021678 0 0 0 1.75654e-05
0.00217732 0 0 0 1.77979e-05
0.00218688 0 0 0 1.80334e-05
0.00219648 0 0 0 1.8272e-05
0.00220613 0 0 0 1.85138e-05
0.00221582 0 0 0 1.87588e-05
0.00222555 0 0 0 1.9007e-05
0.00223532 0 0 0 1.92585e-05
0.00224514 0 0 0 1.95134e-05
0.002255 0 0 0 1.97716e-05
0.0022649 0 0 0 2.00332e-05
0.00227485 0 0 0 2.02983e-05
0.00228484 0 0 0 2.05669e-05
0.00229487 0 0 0 2.08391e-05
0.00230495 0 0 0 2.11149e-05
0.00231507 0 0 0 2.13943e-05
0.00232524 0 0 0 2.16774e-05
0.00233545 0 0 0 2.19642e-05
0.00234571 0 0 0 2.22549e-05
0.00235601 0 0 0 2.25494e-05
0.00236636 0 0 0 2.28478e-05
0.00237675 0 0 0 2.31501e-05
0.00238719 0 0 0 2.34565e-05
0.00239767 0 0 0 2.37669e-05
0.0024082 0 0 0 2.40814e-05
0.00241878 0 0 0 2.44e-05
0.0024294 0 0 0 2.47229e-05
0.00244007 0 0 0 2.50501e-05
0.00245078 0 0 0 2.53815e-05
0.00246155 0 0 0 2.57174e-05
0.00247236 0 0 0 2.60577e-05
0.00248321 0 0 0 2.64026e-05
0.00249412 0 0 0 2.67519e-05
0.00250507 0 0 0 2.71059e-05
0.00251607 0 0 0 2.74646e-05
0.00252712 0 0 0 2.78281e-05
0.00253822 0 0 0 2.81963e-05
0.00254937 0 0 0 2.85694e-05
0.00256057 0 0 0 2.89475e-05
0.00257181 0 0 0 2.93305e-05
0.00258311 0 0 0 2.97187e-05
0.00259445 0 0 0 3.01119e-05
0.00260584 0 0 0 3.05104e-05
0.00261729 0 0 0 3.09141e-05
0.00262878 0 0 0 3.13232e-05
0.00264033 0 0 0 3.17377e-05
0.00265192 0 0 0 3.21577e-05
0.00266357 0 0 0 3.25832e-05
0.00267526 0 0 0 3.30144e-05
0.00268701 0 0 0 3.34513e-05
0.00269881 0 0 0 3.38939e-05
0.00271067 0 0 0 3.43425e-05
0.00272257 0 0 0 3.47969e-05
0.00273453 0 0 0 3.52574e-05
0.00274654 0 0 0 3.57239e-05
0.0027586 0 0 0 3.61967e-05
0.00277071 0 0 0 3.66756e-05
0.00278288 0 0 0 3.7161e-05
0.0027951 0 0 0 3.76527e-05
0.00280738 0 0 0 3.8151e-05
0.00281971 0 0 0 3.86558e-05
0.00283209 0 0 0 3.91673e-05
0.00284453 0 0 0 3.96856e-05
0.00285702 0 0 0 4.02108e-05
0.00286957 28.8075 0.000561284 6 4.07429e-05
0.00288217 0 0 0 4.1282e-05
0.00289483 0 0 0 4.18283e-05
0.00290754 0 0 0 4.23818e-05
0.00292031 0 0 0 4.29427e-05
0.00293313 0 0 0 4.35109e-05
0.00294601 0 0 0 4.40867e-05
0.00295895 0 0 0 4.46701e-05
0.00297195 0 0 0 4.52612e-05
0.002985 0 0 0 4.58601e-05
0.00299811 0 0 0 4.6467e-05
0.00301127 0 0 0 4.70819e-05
0.0030245 0 0 0 4.77049e-05
0.00303778 0 0 0 4.83362e-05
0.00305112 0 0 0 4.89758e-05
0.00306452 0 0 0 4.96239e-05
0.00307798 0 0 0 5.02806e-05
0.0030915 0 0 0 5.09459e-05
0.00310507 0 0 0 5.16201e-05
0.00311871 0 0 0 5.23032e-05
0.00313241 0 0 0 5.29953e-05
0.00314616 0 0 0 5.36966e-05
0.00315998 0 0 0 5.44071e-05
0.00317386 0 0 0 5.51271e-05
0.0031878 0 0 0 5.58566e-05
0.00320179 0 0 0 5.65957e-05
0.00321586 0 0 0 5.73446e-05
0.00322998 0 0 0 5.81035e-05
0.00324416 0 0 0 5.88724e-05
0.00325841 0 0 0 5.96514e-05
0.00327272 0 0 0 6.04408e-05
0.00328709 0 0 0 6.12406e-05
0.00330153 0 0 0 6.2051e-05
0.00331603 0 0 0 6.28721e-05
0.00333059 0 0 0 6.3704e-05
0.00334522 0 0 0 6.4547e-05
0.00335991 0 0 0 6.54012e-05
0.00337466 0 0 0 6.62666e-05
0.00338948 0 0 0 6.71435e-05
0.00340437 0 0 0 6.8032e-05
0.00341932 0 0 0 6.89323e-05
0.00343434 0 0 0 6.98445e-05
0.00344942 0 0 0 7.07687e-05
0.00346457 0 0 0 7.17052e-05
0.00347978 0 0 0 7.2654e-05
0.00349507 0 0 0 7.36155e-05
0.00351041 0 0 0 7.45896e-05
0.00352583 0 0 0 7.55766e-05
0.00354132 0 0 0 7.65767e-05
0.00355687 0 0 0 7.75901e-05
0.00357249 0 0 0 7.86168e-05
0.00358818 0 0 0 7.96571e-05
0.00360393 0 0 0 8.07112e-05
0.00361976 0 0 0 8.17793e-05
0.00363566 0 0 0 8.28614e-05
0.00365163 0 0 0 8.39579e-05
0.00366766 0 0 0 8.50689e-05
0.00368377 0 0 0 8.61946e-05
0.00369995 0 0 0 8.73352e-05
0.0037162 0 0 0 8.84909e-05
0.00373252 0 0 0 8.96619e-05
0.00374891 0 0 0 9.08484e-05
0.00376537 0 0 0 9.20506e-05
0.00378191 0 0 0 9.32687e-05
0.00379852 0 0 0 9.45029e-05
0.0038152 0 0 0 9.57534e-05
0.00383195 0 0 0 9.70205e-05
0.00384878 0 0 0 9.83044e-05
0.00386568 0 0 0 9.96052e-05
0.00388266 0 0 0 0.000100923
0.00389971 0 0 0 0.000102259
0.00391684 0 0 0 0.000103612
0.00393404 0 0 0 0.000104983
0.00395132 0 0 0 0.000106372
0.00396867 0 0 0 0.00010778
0.0039861 0 0 0 0.000109206
0.0040036 0 0 0 0.000110651
0.00402119 0 0 0 0.000112115
0.00403885 0 0 0 0.000113599
0.00405658 50.2093 0.000346281 12 0.000115102
0.0040744 0 0 0 0.000116625
0.00409229 0 0 0 0.000118169
0.00411026 0 0 0 0.000119732
0.00412831 0 0 0 0.000121317
0.00414644 0 0 0 0.000122922
0.00416465 0 0 0 0.000124549
0.00418294 0 0 0 0.000126197
0.00420131 0 0 0 0.000127867
0.00421976 0 0 0 0.000129559
0.0042383 0 0 0 0.000131273
0.00425691 0 0 0 0.000133011
0.0042756 0 0 0 0.000134771
0.00429438 0 0 0 0.000136554
0.00431324 0 0 0 0.000138361
0.00433218 0 0 0 0.000140192
0.00435121 0 0 0 0.000142047
0.00437032 0 0 0 0.000143927
0.00438951 0 0 0 0.000145831
0.00440879 0 0 0 0.000147761
0.00442815 0 0 0 0.000149716
0.0044476 0 0 0 0.000151698
0.00446713 0 0 0 0.000153705
0.00448675 0 0 0 0.000155739
0.00450645 0 0 0 0.0001578
0.00452624 0 0 0 0.000159888
0.00454612 0 0 0 0.000162004
0.00456608 0 0 0 0.000164148
0.00458614 0 0 0 0.00016632
0.00460628 0 0 0 0.000168521
0.00462651 0 0 0 0.000170751
0.00464682 0 0 0 0.00017301
0.00466723 0 0 0 0.0001753
0.00468773 0 0 0 0.000177619
0.00470831 0 0 0 0.00017997
0.00472899 0 0 0 0.000182351
0.00474976 0 0 0 0.000184764
0.00477062 0 0 0 0.000187209
0.00479157 0 0 0 0.000189687
0.00481261 0 0 0 0.000192197
0.00483375 0 0 0 0.00019474
0.00485498 0 0 0 0.000197317
0.0048763 0 0 0 0.000199928
0.00489771 0 0 0 0.000202574
0.00491922 0 0 0 0.000205254
0.00494082 0 0 0 0.00020797
0.00496252 0 0 0 0.000210722
0.00498432 46.5895 0.000173219 8 0.000213511
0.00500621 0 0 0 0.000216336
0.00502819 0 0 0 0.000219199
0.00505027 0 0 0 0.0002221
0.00507245 0 0 0 0.000225039
0.00509473 0 0 0 0.000228016
0.0051171 0 0 0 0.000231034
0.00513958 0 0 0 0.000234091
0.00516215 0 0 0 0.000237189
0.00518482 0 0 0 0.000240327
0.00520759 0 0 0 0.000243508
0.00523046 0 0 0 0.00024673
0.00525343 0 0 0 0.000249995
0.0052765 0 0 0 0.000253303
0.00529967 0 0 0 0.000256655
0.00532294 0 0 0 0.000260051
0.00534632 0 0 0 0.000263492
0.0053698 0 0 0 0.000266979
0.00539338 0 0 0 0.000270512
0.00541707 0 0 0 0.000274092
0.00544086 0 0 0 0.000277719
0.00546475 0 0 0 0.000281394
0.00548875 0 0 0 0.000285117
0.00551286 0 0 0 0.00028889
0.00553707 0 0 0 0.000292713
0.00556138 0 0 0 0.000296587
0.00558581 0 0 0 0.000300511
0.00561034 0 0 0 0.000304488
0.00563498 0 0 0 0.000308517
0.00565972 0 0 0 0.0003126
0.00568458 0 0 0 0.000316736
0.00570954 0 0 0 0.000320928
0.00573462 33.0703 8.07328e-05 6 0.000325175
0.0057598 0 0 0 0.000329478
0.0057851 0 0 0 0.000333837
0.0058105 0 0 0 0.000338255
0.00583602 0 0 0 0.000342731
0.00586165 0 0 0 0.000347266
0.00588739 0 0 0 0.000351862
0.00591325 0 0 0 0.000356518
0.00593922 0 0 0 0.000361236
0.0059653 0 0 0 0.000366016
0.0059915 0 0 0 0.000370859
0.00601781 0 0 0 0.000375767
0.00604424 0 0 0 0.000380739
0.00607078 0 0 0 0.000385778
0.00609744 0 0 0 0.000390883
0.00612422 0 0 0 0.000396055
0.00615112 0 0 0 0.000401296
0.00617813 0 0 0 0.000406606
0.00620526 0 0 0 0.000411987
0.00623251 0 0 0 0.000417439
0.00625988 0 0 0 0.000422963
0.00628737 0 0 0 0.00042856
0.00631499 0 0 0 0.000434231
0.00634272 0 0 0 0.000439977
0.00637057 0 0 0 0.000445799
0.00639855 0 0 0 0.000451698
0.00642665 91.7026 0.000159057 24 0.000457675
0.00645488 0 0 0 0.000463732
0.00648322 0 0 0 0.000469868
0.0065117 0 0 0 0.000476086
0.00654029 0 0 0 0.000482386
0.00656901 0 0 0 0.000488769
0.00659786 0 0 0 0.000495237
0.00662684 0 0 0 0.00050179
0.00665594 0 0 0 0.000508431
0.00668517 0 0 0 0.000515159
0.00671453 0 0 0 0.000521976
0.00674402 0 0 0 0.000528883
0.00677364 0 0 0 0.000535881
0.00680338 0 0 0 0.000542973
0.00683326 0 0 0 0.000550158
0.00686327 0 0 0 0.000557438
0.00689341 0 0 0 0.000564815
0.00692369 0 0 0 0.000572289
0.00695409 0 0 0 0.000579862
0.00698463 0 0 0 0.000587535
0.00701531 0 0 0 0.00059531
0.00704611 88.4954 0.000116465 24 0.000603187
0.00707706 0 0 0 0.000611169
0.00710814 0 0 0 0.000619257
0.00713935 0 0 0 0.000627451
0.00717071 0 0 0 0.000635754
0.0072022 0 0 0 0.000644167
0.00723383 0 0 0 0.000652691
0.0072656 0 0 0 0.000661328
0.00729751 0 0 0 0.00067008
0.00732955 0 0 0 0.000678947
0.00736174 0 0 0 0.000687931
0.00739407 0 0 0 0.000697034
0.00742654 0 0 0 0.000706258
0.00745916 0 0 0 0.000715604
0.00749192 0 0 0 0.000725073
0.00752482 0 0 0 0.000734668
0.00755786 0 0 0 0.00074439
0.00759106 0 0 0 0.00075424
0.00762439 0 0 0 0.000764221
0.00765788 0 0 0 0.000774334
0.00769151 0 0 0 0.000784581
0.00772529 0 0 0 0.000794963
0.00775921 0 0 0 0.000805483
0.00779329 0 0 0 0.000816141
0.00782751 0 0 0 0.000826941
0.00786189 0 0 0 0.000837884
0.00789642 0 0 0 0.000848972
0.00793109 0 0 0 0.000860206
0.00796592 0 0 0 0.000871589
0.00800091 0 0 0 0.000883123
0.00803605 0 0 0 0.000894809
0.00807134 0 0 0 0.00090665
0.00810678 139.739 0.000120753 12 0.000918647
0.00814239 0 0 0 0.000930804
0.00817814 0 0 0 0.000943121
0.00821406 0 0 0 0.000955601
0.00825013 0 0 0 0.000968246
0.00828636 0 0 0 0.000981059
0.00832275 0 0 0 0.000994041
0.00835931 0 0 0 0.0010072
0.00839602 0 0 0 0.00102052
0.00843289 0 0 0 0.00103403
0.00846992 0 0 0 0.00104771
0.00850712 0 0 0 0.00106158
0.00854448 0 0 0 0.00107562
0.008582 0 0 0 0.00108986
0.00861969 104.257 7.49468e-05 30 0.00110428
0.00865755 0 0 0 0.00111889
0.00869557 0 0 0 0.0011337
0.00873376 0 0 0 0.0011487
0.00877211 0 0 0 0.0011639
0.00881064 0 0 0 0.0011793
0.00884933 0 0 0 0.00119491
0.00888819 0 0 0 0.00121072
0.00892723 0 0 0 0.00122674
0.00896643 0 0 0 0.00124297
0.00900581 0 0 0 0.00125942
0.00904536 0 0 0 0.00127609
0.00908508 116.078 7.12672e-05 24 0.00129297
0.00912498 0 0 0 0.00131008
0.00916506 0 0 0 0.00132742
0.0092053 0 0 0 0.00134499
0.00924573 0 0 0 0.00136278
0.00928634 0 0 0 0.00138082
0.00932712 0 0 0 0.00139909
0.00936808 0 0 0 0.0014176
0.00940922 0 0 0 0.00143636
0.00945054 0 0 0 0.00145537
0.00949205 0 0 0 0.00147463
0.00953373 150.856 8.01492e-05 24 0.00149414
0.0095756 0 0 0 0.00151391
0.00961765 0 0 0 0.00153395
0.00965989 0 0 0 0.00155425
0.00970231 0 0 0 0.00157481
0.00974492 0 0 0 0.00159565
0.00978772 0 0 0 0.00161677
0.0098307 0 0 0 0.00163816
0.00987387 0 0 0 0.00165984
0.00991724 0 0 0 0.0016818
0.00996079 126.737 5.90403e-05 8 0.00170406
0.0100045 0 0 0 0.00172661
0.0100485 0 0 0 0.00174946
0.0100926 0 0 0 0.00177261
0.0101369 0 0 0 0.00179606
0.0101814 0 0 0 0.00181983
0.0102262 0 0 0 0.00184391
0.0102711 0 0 0 0.00186831
0.0103162 0 0 0 0.00189304
0.0103615 142.788 5.90951e-05 24 0.00191809
0.010407 0 0 0 0.00194347
0.0104527 0 0 0 0.00196918
0.0104986 0 0 0 0.00199524
0.0105447 0 0 0 0.00202165
0.010591 0 0 0 0.0020484
0.0106375 0 0 0 0.0020755
0.0106842 0 0 0 0.00210297
0.0107312 162.836 6.0665e-05 48 0.0021308
0.0107783 0 0 0 0.00215899
0.0108256 0 0 0 0.00218756
0.0108732 0 0 0 0.00221651
0.0109209 0 0 0 0.00224584
0.0109689 0 0 0 0.00227556
0.011017 0 0 0 0.00230567
0.0110654 0 0 0 0.00233618
0.011114 0 0 0 0.0023671
0.0111628 0 0 0 0.00239842
0.0112118 0 0 0 0.00243016
0.0112611 0 0 0 0.00246232
0.0113105 0 0 0 0.0024949
0.0113602 0 0 0 0.00252792
0.0114101 0 0 0 0.00256137
0.0114602 0 0 0 0.00259526
0.0115105 17.5243 5.29029e-06 6 0.0026296
0.0115611 0 0 0 0.0026644
0.0116119 0 0 0 0.00269966
0.0116629 0 0 0 0.00273538
0.0117141 0 0 0 0.00277158
0.0117655 0 0 0 0.00280826
0.0118172 160.064 4.46557e-05 48 0.00284542
0.0118691 0 0 0 0.00288307
0.0119212 0 0 0 0.00292122
0.0119736 0 0 0 0.00295988
0.0120262 0 0 0 0.00299905
0.012079 0 0 0 0.00303873
0.012132 0 0 0 0.00307894
0.0121853 198.145 5.04198e-05 36 0.00311969
0.0122388 0 0 0 0.00316097
0.0122926 0 0 0 0.0032028
0.0123465 0 0 0 0.00324518
0.0124008 0 0 0 0.00328812
0.0124552 0 0 0 0.00333163
0.0125099 276.561 6.50358e-05 24 0.00337572
0.0125649 0 0 0 0.00342039
0.01262 0 0 0 0.00346565
0.0126755 0 0 0 0.00351151
0.0127311 0 0 0 0.00355798
0.012787 0 0 0 0.00360506
0.0128432 135.126 2.9366e-05 24 0.00365277
0.0128996 0 0 0 0.00370111
0.0129562 0 0 0 0.00375008
0.0130131 0 0 0 0.00379971
0.0130703 0 0 0 0.00384999
0.0131277 0 0 0 0.00390093
0.0131853 177.301 3.56092e-05 48 0.00395255
0.0132433 0 0 0 0.00400486
0.0133014 0 0 0 0.00405785
0.0133598 0 0 0 0.00411155
0.0134185 0 0 0 0.00416596
0.0134774 164.768 3.09869e-05 24 0.00422109
0.0135366 0 0 0 0.00427694
0.0135961 0 0 0 0.00433354
0.0136558 0 0 0 0.00439088
0.0137157 0 0 0 0.00444899
0.013776 0 0 0 0.00450786
0.0138365 0 0 0 0.00456751
0.0138972 0 0 0 0.00462795
0.0139583 0 0 0 0.0046892
0.0140196 0 0 0 0.00475125
0.0140811 188.522 3.10866e-05 24 0.00481412
0.014143 0 0 0 0.00487782
0.0142051 0 0 0 0.00494237
0.0142675 0 0 0 0.00500777
0.0143301 0 0 0 0.00507404
0.0143931 192.607 2.97397e-05 30 0.00514118
0.0144563 0 0 0 0.00520922
0.0145198 0 0 0 0.00527815
0.0145835 0 0 0 0.005348
0.0146476 164.482 2.40961e-05 72 0.00541876
0.0147119 0 0 0 0.00549047
0.0147765 0 0 0 0.00556312
0.0148414 0 0 0 0.00563674
0.0149066 135.192 1.87907e-05 32 0.00571133
0.014972 0 0 0 0.00578691
0.0150378 0 0 0 0.00586349
0.0151038 0 0 0 0.00594108
0.0151702 0 0 0 0.00601969
0.0152368 0 0 0 0.00609935
0.0153037 0 0 0 0.00618006
0.0153709 0 0 0 0.00626184
0.0154384 227.35 2.84454e-05 72 0.00634471
0.0155062 0 0 0 0.00642866
0.0155743 0 0 0 0.00651373
0.0156427 0 0 0 0.00659993
0.0157114 137.839 1.63626e-05 48 0.00668727
0.0157804 0 0 0 0.00677576
0.0158497 0 0 0 0.00686542
0.0159193 0 0 0 0.00695627
0.0159892 0 0 0 0.00704832
0.0160594 0 0 0 0.00714159
0.01613 0 0 0 0.00723609
0.0162008 0 0 0 0.00733185
0.016272 333.609 3.56487e-05 12 0.00742887
0.0163434 0 0 0 0.00752718
0.0164152 0 0 0 0.00762678
0.0164873 233.803 2.40175e-05 48 0.00772771
0.0165597 0 0 0 0.00782997
0.0166324 0 0 0 0.00793358
0.0167055 0 0 0 0.00803856
0.0167788 168.446 1.64173e-05 48 0.00814494
0.0168525 0 0 0 0.00825272
0.0169265 0 0 0 0.00836192
0.0170009 329.055 3.08305e-05 48 0.00847258
0.0170755 0 0 0 0.00858469
0.0171505 0 0 0 0.00869829
0.0172258 136.872 1.23282e-05 30 0.0088134
0.0173015 0 0 0 0.00893002
0.0173775 0 0 0 0.00904819
0.0174538 273.249 2.36601e-05 24 0.00916793
0.0175304 0 0 0 0.00928924
0.0176074 0 0 0 0.00941217
0.0176847 230.98 1.92267e-05 72 0.00953672
0.0177624 0 0 0 0.00966291
0.0178404 0 0 0 0.00979078
0.0179188 0 0 0 0.00992034
0.0179974 0 0 0 0.0100516
0.0180765 0 0 0 0.0101846
0.0181559 208.688 1.60536e-05 24 0.0103194
0.0182356 0 0 0 0.010456
0.0183157 0 0 0 0.0105943
0.0183961 218.213 1.61371e-05 96 0.0107345
0.0184769 0 0 0 0.0108766
0.0185581 0 0 0 0.0110205
0.0186396 284.655 2.02366e-05 48 0.0111663
0.0187214 0 0 0 0.0113141
0.0188036 302.366 2.09379e-05 24 0.0114638
0.0188862 0 0 0 0.0116155
0.0189692 0 0 0 0.0117692
0.0190525 159.388 1.06103e-05 24 0.0119249
0.0191361 0 0 0 0.0120827
0.0192202 0 0 0 0.0122426
0.0193046 205.441 1.31471e-05 72 0.0124046
0.0193894 0 0 0 0.0125688
0.0194745 243.237 1.5162e-05 48 0.0127351
0.01956 0 0 0 0.0129036
0.0196459 0 0 0 0.0130744
0.0197322 0 0 0 0.0132474
0.0198189 0 0 0 0.0134227
0.0199059 426.751 2.49089e-05 8 0.0136003
0.0199933 0 0 0 0.0137803
0.0200811 214.135 1.21745e-05 54 0.0139626
0.0201693 0 0 0 0.0141474
0.0202579 0 0 0 0.0143346
0.0203469 242.176 1.32362e-05 84 0.0145243
0.0204362 0 0 0 0.0147165
0.020526 268.384 1.4288e-05 48 0.0149113
0.0206161 0 0 0 0.0151086
0.0207066 319.743 1.65805e-05 24 0.0153085
0.0207976 0 0 0 0.0155111
0.0208889 281.432 1.42151e-05 72 0.0157163
0.0209807 0 0 0 0.0159243
0.0210728 225.465 1.10927e-05 96 0.016135
0.0211653 0 0 0 0.0163485
0.0212583 0 0 0 0.0165649
0.0213517 0 0 0 0.0167841
0.0214454 0 0 0 0.0170062
0.0215396 267.38 1.2318e-05 48 0.0172312
0.0216342 0 0 0 0.0174592
0.0217292 249.353 1.11895e-05 48 0.0176903
0.0218246 0 0 0 0.0179244
0.0219205 453.17 1.98078e-05 24 0.0181616
0.0220167 265.216 1.14411e-05 72 0.0184019
0.0221134 0 0 0 0.0186454
0.0222105 0 0 0 0.0188921
0.0223081 0 0 0 0.0191421
0.0224061 222.175 9.09337e-06 72 0.0193954
0.0225045 0 0 0 0.0196521
0.0226033 207.836 8.28574e-06 96 0.0199121
0.0227026 0 0 0 0.0201756
0.0228023 0 0 0 0.0204426
0.0229024 0 0 0 0.0207131
0.023003 338.991 1.28222e-05 6 0.0209872
0.023104 0 0 0 0.0212649
0.0232055 226.203 8.33399e-06 96 0.0215463
0.0233074 285.536 1.03826e-05 96 0.0218315
0.0234097 0 0 0 0.0221204
0.0235125 436.426 1.54574e-05 24 0.0224131
0.0236158 0 0 0 0.0227097
0.0237195 286.972 9.9003e-06 48 0.0230102
0.0238237 317.201 1.08003e-05 96 0.0233147
0.0239283 0 0 0 0.0236232
0.0240334 268.189 8.8945e-06 48 0.0239358
0.0241389 0 0 0 0.0242525
0.0242449 0 0 0 0.0245735
0.0243514 238.049 7.5896e-06 36 0.0248986
0.0244584 0 0 0 0.0252281
0.0245658 341.839 1.06159e-05 48 0.025562
0.0246737 268.931 8.24263e-06 120 0.0259002
0.024782 0 0 0 0.026243
0.0248908 303.502 9.06083e-06 56 0.0265902
0.0250002 207.473 6.11306e-06 24 0.0269421
0.0251099 0 0 0 0.0272986
0.0252202 325.791 9.35013e-06 96 0.0276598
0.025331 335.414 9.50059e-06 48 0.0280259
0.0254422 0 0 0 0.0283967
0.025554 0 0 0 0.0287725
0.0256662 271.253 7.38613e-06 24 0.0291532
0.0257789 0 0 0 0.029539
0.0258921 276.633 7.33716e-06 102 0.0299299
0.0260058 311.641 8.15771e-06 48 0.030326
0.02612 294.411 7.60605e-06 72 0.0307273
0.0262347 0 0 0 0.0311339
0.0263499 322.665 8.11967e-06 48 0.0315459
0.0264657 320.372 7.95668e-06 48 0.0319633
0.0265819 281.276 6.89447e-06 120 0.0323863
0.0266986 0 0 0 0.0328148
0.0268159 0 0 0 0.0332491
0.0269337 178.009 4.19452e-06 24 0.0336891
0.0270519 273.656 6.36408e-06 144 0.0341349
0.0271707 0 0 0 0.0345866
0.0272901 238.267 5.39729e-06 120 0.0350442
0.0274099 244.852 5.47402e-06 48 0.035508
0.0275303 0 0 0 0.0359778
0.0276512 312.597 6.80722e-06 48 0.0364539
0.0277726 0 0 0 0.0369363
0.0278946 279.579 5.93021e-06 96 0.0374251
0.0280171 0 0 0 0.0379203
0.0281401 402.274 8.31131e-06 24 0.0384221
0.0282637 339.202 6.91667e-06 48 0.0389306
0.0283878 296.295 5.96284e-06 108 0.0394457
0.0285125 0 0 0 0.0399677
0.0286377 345.072 6.76425e-06 72 0.0404966
0.0287635 257.058 4.97316e-06 30 0.0410325
0.0288898 320.109 6.11208e-06 168 0.0415755
0.0290167 314.884 5.9338e-06 48 0.0421256
0.0291441 0 0 0 0.0426831
0.0292721 320.955 5.89126e-06 72 0.0432479
0.0294007 263.093 4.7661e-06 96 0.0438202
0.0295298 407.151 7.27949e-06 72 0.0444001
0.0296595 358.8 6.33124e-06 72 0.0449876
0.0297897 291.874 5.08303e-06 32 0.0455829
0.0299205 0 0 0 0.0461861
0.0300519 361.26 6.12814e-06 72 0.0467973
0.0301839 392.605 6.57287e-06 144 0.0474165
0.0303165 0 0 0 0.048044
0.0304496 0 0 0 0.0486798
0.0305833 277.966 4.47366e-06 96 0.0493239
0.0307176 355.198 5.64198e-06 96 0.0499766
0.0308525 370.347 5.80579e-06 48 0.050638
0.030988 387.239 5.99132e-06 72 0.051308
0.0311241 404.093 6.17043e-06 120 0.051987
0.0312608 338.812 5.10603e-06 72 0.0526749
0.0313981 385.259 5.73018e-06 48 0.053372
0.031536 262.312 3.85057e-06 78 0.0540782
0.0316745 365.55 5.29595e-06 120 0.0547938
0.0318136 441.204 6.30851e-06 48 0.0555189
0.0319533 0 0 0 0.0562536
0.0320936 321.86 4.48267e-06 144 0.056998
0.0322346 369.691 5.08158e-06 144 0.0577522
0.0323761 0 0 0 0.0585165
0.0325183 426.102 5.70499e-06 12 0.0592908
0.0326611 395.896 5.23134e-06 144 0.0600754
0.0328046 370.515 4.83202e-06 168 0.0608704
0.0329486 471.346 6.06671e-06 48 0.0616759
0.0330933 315.915 4.01305e-06 48 0.062492
0.0332387 347.24 4.35336e-06 168 0.063319
0.0333846 0 0 0 0.0641568
0.0335312 225.162 2.74962e-06 48 0.0650058
0.0336785 369.883 4.45791e-06 192 0.065866
0.0338264 408.936 4.86422e-06 72 0.0667376
0.033975 445.409 5.22887e-06 48 0.0676208
0.0341242 316.948 3.67221e-06 96 0.0685156
0.034274 390.923 4.47014e-06 48 0.0694222
0.0344245 206.842 2.33432e-06 30 0.0703409
0.0345757 444.535 4.95128e-06 96 0.0712717
0.0347276 323.778 3.55918e-06 192 0.0722148
0.0348801 436.061 4.73086e-06 80 0.0731704
0.0350333 320.59 3.43269e-06 168 0.0741387
0.0351871 408.902 4.3211e-06 120 0.0751198
0.0353416 358.121 3.73504e-06 72 0.0761138
0.0354969 309.757 3.18843e-06 144 0.077121
0.0356527 411.195 4.17729e-06 96 0.0781416
0.0358093 377.226 3.78215e-06 96 0.0791756
0.0359666 363.684 3.59875e-06 72 0.0802233
0.0361245 433.295 4.23158e-06 96 0.0812849
0.0362832 623.568 6.01026e-06 24 0.0823605
0.0364425 414.321 3.94128e-06 192 0.0834504
0.0366026 417.24 3.91721e-06 132 0.0845547
0.0367633 468.118 4.33748e-06 96 0.0856736
0.0369248 425.387 3.89007e-06 96 0.0868073
0.0370869 413.954 3.73608e-06 120 0.087956
0.0372498 330.499 2.94391e-06 48 0.0891199
0.0374134 393.184 3.45653e-06 222 0.0902992
0.0375777 374.44 3.24876e-06 120 0.0914941
0.0377427 433.714 3.7139e-06 192 0.0927049
0.0379085 420.133 3.55061e-06 144 0.0939316
0.0380749 414.351 3.45602e-06 24 0.0951746
0.0382422 449.404 3.69944e-06 144 0.096434
0.0384101 430.115 3.49441e-06 120 0.0977101
0.0385788 461.479 3.70026e-06 192 0.0990031
0.0387482 413.107 3.26914e-06 144 0.100313
0.0389184 316.517 2.47205e-06 48 0.101641
0.0390893 398.59 3.0724e-06 336 0.102986
0.039261 414.519 3.15346e-06 48 0.104348
0.0394334 402.322 3.0207e-06 192 0.105729
0.0396066 544.174 4.03239e-06 48 0.107128
0.0397805 171.584 1.25485e-06 8 0.108546
0.0399552 475.815 3.43434e-06 288 0.109982
0.0401307 480.284 3.42132e-06 150 0.111438
0.0403069 327.636 2.30345e-06 120 0.112912
0.0404839 429.221 2.97823e-06 120 0.114407
0.0406617 391.711 2.68247e-06 228 0.11592
0.0408403 449.17 3.03578e-06 168 0.117454
0.0410196 384.005 2.56146e-06 48 0.119009
0.0411998 444.529 2.92645e-06 336 0.120584
0.0413807 541.044 3.51531e-06 24 0.122179
0.0415624 433.555 2.78014e-06 336 0.123796
0.041745 388.493 2.45865e-06 144 0.125434
0.0419283 394.808 2.46598e-06 168 0.127094
0.0421124 0 0 0 0.128776
0.0422974 450.184 2.7389e-06 192 0.13048
0.0424831 373.747 2.24416e-06 216 0.132207
0.0426697 418.472 2.47989e-06 192 0.133956
0.0428571 443.521 2.59401e-06 144 0.135729
0.0430453 489.47 2.82536e-06 198 0.137525
0.0432344 504.437 2.87373e-06 216 0.139345
0.0434242 472.893 2.65884e-06 168 0.141188
0.0436149 438.187 2.43153e-06 240 0.143057
0.0438065 365.834 2.00353e-06 168 0.14495
0.0439988 525.318 2.83938e-06 264 0.146868
0.0441921 475.794 2.53811e-06 216 0.148811
0.0443862 576.101 3.03306e-06 96 0.150781
0.0445811 454.775 2.36304e-06 144 0.152776
0.0447769 528.324 2.70935e-06 308 0.154798
0.0449735 486.728 2.46344e-06 312 0.156846
0.045171 432.285 2.15931e-06 96 0.158921
0.0453694 520.674 2.56686e-06 288 0.161024
0.0455686 410.386 1.99673e-06 168 0.163155
0.0457688 474.702 2.2795e-06 240 0.165314
0.0459698 449.994 2.13263e-06 198 0.167502
0.0461716 357.218 1.67083e-06 192 0.169718
0.0463744 516.597 2.38475e-06 312 0.171964
0.0465781 434.502 1.97958e-06 168 0.17424
0.0467826 399.892 1.7981e-06 336 0.176546
0.0469881 359.542 1.59556e-06 72 0.178882
0.0471944 486.94 2.13269e-06 456 0.181249
0.0474017 497.154 2.149e-06 144 0.183647
0.0476099 435.402 1.85748e-06 264 0.186078
0.0478189 426.781 1.79693e-06 336 0.18854
0.048029 537.975 2.23552e-06 48 0.191035
0.0482399 532.2 2.18264e-06 408 0.193563
0.0484517 544.596 2.20431e-06 192 0.196124
0.0486645 417.282 1.66693e-06 180 0.198719
0.0488782 480.246 1.8934e-06 342 0.201349
0.0490929 492.492 1.91633e-06 360 0.204013
0.0493085 479.48 1.84133e-06 168 0.206713
0.049525 495.433 1.87775e-06 384 0.209449
0.0497425 554.773 2.07519e-06 344 0.21222
0.049961 547.676 2.02189e-06 144 0.215028
0.0501804 549.578 2.00241e-06 456 0.217874
0.0504008 579.824 2.08502e-06 312 0.220757
0.0506221 506.586 1.79787e-06 96 0.223678
0.0508444 481.889 1.68788e-06 456 0.226638
0.0510677 463.688 1.60292e-06 264 0.229637
0.051292 554.595 1.89214e-06 168 0.232676
0.0515172 539.096 1.81524e-06 432 0.235755
0.0517435 498.596 1.65694e-06 270 0.238875
0.0519707 529.71 1.73735e-06 312 0.242036
0.052199 494.038 1.59919e-06 456 0.245238
0.0524282 501.724 1.60286e-06 336 0.248484
0.0526584 425.807 1.34256e-06 144 0.251772
0.0528897 533.376 1.65976e-06 372 0.255103
0.053122 541.873 1.66418e-06 552 0.258479
0.0533553 471.533 1.42924e-06 336 0.2619
0.0535896 539.706 1.61451e-06 288 0.265365
0.0538249 505.767 1.49323e-06 264 0.268877
0.0540613 533.999 1.55599e-06 480 0.272435
0.0542987 513.603 1.47701e-06 312 0.27604
0.0545372 525.718 1.49211e-06 462 0.279693
0.0547767 590.324 1.65359e-06 392 0.283394
0.0550173 623.333 1.72325e-06 144 0.287144
0.0552589 568.2 1.55032e-06 624 0.290944
0.0555015 594.672 1.60136e-06 504 0.294794
0.0557453 640.428 1.70205e-06 480 0.298695
0.0559901 541.682 1.42081e-06 312 0.302647
0.056236 498.643 1.29084e-06 216 0.306652
0.056483 509.1 1.3007e-06 408 0.31071
0.056731 569.542 1.43612e-06 456 0.314822
0.0569802 537.244 1.33698e-06 564 0.318988
0.0572304 534.855 1.31366e-06 384 0.323209
0.0574817 602.412 1.46026e-06 462 0.327486
0.0577342 550.325 1.31658e-06 432 0.331819
0.0579877 641.973 1.51577e-06 432 0.33621
0.0582424 558.004 1.30031e-06 336 0.340659
0.0584982 529.241 1.21717e-06 552 0.345167
0.0587551 541.404 1.22888e-06 552 0.349735
0.0590131 569.49 1.27575e-06 240 0.354363
0.0592723 485.935 1.07436e-06 744 0.359052
0.0595326 580.751 1.26722e-06 408 0.363803
0.059794 613.974 1.32222e-06 560 0.368617
0.0600566 671.06 1.42628e-06 408 0.373495
0.0603203 536.804 1.12603e-06 510 0.378438
0.0605852 621.126 1.28589e-06 600 0.383446
0.0608513 573.551 1.17189e-06 492 0.38852
0.0611186 655.507 1.32185e-06 552 0.393661
0.061387 672.393 1.3382e-06 504 0.39887
0.0616566 591.404 1.16164e-06 696 0.404148
0.0619273 577.917 1.12032e-06 360 0.409496
0.0621993 569.338 1.08928e-06 720 0.414915
0.0624724 610.908 1.15355e-06 576 0.420406
0.0627468 591.495 1.10231e-06 312 0.425969
0.0630224 599.157 1.102e-06 576 0.431606
0.0632991 667.47 1.21161e-06 630 0.437317
0.0635771 625.853 1.12123e-06 792 0.443104
0.0638563 674.648 1.19286e-06 480 0.448968
0.0641368 644.928 1.12542e-06 600 0.454909
0.0644184 656.246 1.13022e-06 600 0.460928
0.0647013 673.12 1.14414e-06 800 0.467028
0.0649855 694.737 1.16546e-06 588 0.473208
0.0652709 600.288 9.93865e-07 624 0.47947
0.0655575 617.657 1.00926e-06 672 0.485815
0.0658454 672.122 1.08392e-06 504 0.492243
0.0661346 684.849 1.09002e-06 798 0.498757
0.066425 601.328 9.44587e-07 696 0.505357
0.0667167 714.73 1.10806e-06 456 0.512044
0.0670097 671.329 1.02718e-06 1008 0.51882
0.067304 693.402 1.0471e-06 696 0.525686
0.0675996 747.261 1.11369e-06 624 0.532642
0.0678965 766.44 1.12736e-06 744 0.53969
0.0681946 698.6 1.01415e-06 912 0.546832
0.0684941 740.555 1.06102e-06 744 0.554068
0.0687949 708.587 1.00196e-06 414 0.5614
0.0690971 733.146 1.02315e-06 924 0.568829
0.0694005 752.472 1.0364e-06 888 0.576356
0.0697053 702.117 9.54416e-07 656 0.583983
0.0700114 714.066 9.57982e-07 960 0.591711
0.0703189 762.277 1.00931e-06 600 0.599541
0.0706277 713.545 9.32442e-07 864 0.607475
0.0709379 824.916 1.0639e-06 792 0.615513
0.0712494 800.846 1.01937e-06 912 0.623658
0.0715623 794.22 9.97732e-07 744 0.631911
0.0718766 839.901 1.04134e-06 723 0.640273
0.0721922 829.134 1.01456e-06 1116 0.648746
0.0725093 923.257 1.11498e-06 624 0.657331
0.0728277 841.849 1.00339e-06 912 0.666029
0.0731475 822.773 9.67846e-07 1032 0.674842
0.0734688 817.035 9.48545e-07 828 0.683772
0.0737914 808.122 9.25944e-07 876 0.692821
0.0741155 806.741 9.1229e-07 816 0.701989
0.074441 839.373 9.36795e-07 732 0.711278
0.0747679 896.67 9.87672e-07 884 0.72069
0.0750963 806.607 8.76865e-07 960 0.730227
0.0754261 813.636 8.72955e-07 852 0.73989
0.0757573 884.564 9.36659e-07 780 0.749681
0.07609 991.336 1.03601e-06 720 0.759601
0.0764242 956.628 9.86681e-07 1044 0.769653
0.0767598 808.543 8.23052e-07 864 0.779838
0.0770969 974.246 9.78777e-07 648 0.790157
0.0774355 882.4 8.74926e-07 924 0.800613
0.0777755 904.027 8.84664e-07 912 0.811208
0.0781171 774.405 7.4792e-07 792 0.821942
0.0784602 883.361 8.42008e-07 996 0.832819
0.0788047 954.252 8.97701e-07 828 0.84384
0.0791508 922.003 8.56036e-07 768 0.855006
0.0794984 837.546 7.67465e-07 596 0.86632
0.0798475 951.095 8.60132e-07 1128 0.877784
0.0801982 852.004 7.60455e-07 840 0.8894
0.0805504 858.164 7.55949e-07 732 0.901169
0.0809042 940.649 8.17788e-07 564 0.913094
0.0812595 868.021 7.4479e-07 924 0.925177
0.0816163 933.899 7.90851e-07 1080 0.93742
0.0819747 825.756 6.9014e-07 648 0.949825
0.0823347 968.243 7.98657e-07 936 0.962393
0.0826963 1072.78 8.73329e-07 480 0.975129
0.0830595 986.142 7.92314e-07 768 0.988032
0.0834243 980.206 7.77259e-07 984 1.00111
0.0837906 1048.25 8.20358e-07 972 1.01435
0.0841586 959.145 7.40822e-07 552 1.02778
0.0845282 1002.42 7.64135e-07 908 1.04138
0.0848994 1046.61 7.87402e-07 576 1.05516
0.0852723 1026.86 7.62455e-07 888 1.06912
0.0856468 1008.06 7.38718e-07 768 1.08327
0.0860229 1130.8 8.17839e-07 624 1.0976
0.0864007 1042.48 7.4412e-07 744 1.11213
0.0867801 1170.27 8.24426e-07 720 1.12684
0.0871612 1001.68 6.96445e-07 672 1.14176
0.087544 1054.96 7.23904e-07 816 1.15686
0.0879285 1100.7 7.45427e-07 816 1.17217
0.0883146 1146.21 7.66108e-07 660 1.18768
0.0887025 1132.96 7.47363e-07 648 1.2034
0.089092 1165.13 7.58548e-07 684 1.21933
0.0894833 1071.08 6.88211e-07 668 1.23546
0.0898763 1169.93 7.4191e-07 624 1.25181
0.090271 1203.28 7.5309e-07 804 1.26837
0.0906674 1243.49 7.68092e-07 504 1.28516
0.0910656 1146.63 6.99016e-07 504 1.30216
0.0914655 1204.62 7.24777e-07 804 1.3194
0.0918672 1267.25 7.525e-07 684 1.33686
0.0922706 1345.65 7.88618e-07 624 1.35455
0.0926759 1426.07 8.24837e-07 432 1.37247
0.0930829 1228.01 7.01e-07 648 1.39063
0.0934916 1215.99 6.85074e-07 660 1.40903
0.0939022 1314.02 7.30636e-07 540 1.42768
0.0943146 1361.51 7.47153e-07 540 1.44657
0.0947288 1322.81 7.16438e-07 512 1.46571
0.0951448 1356.16 7.24905e-07 552 1.48511
0.0955627 1455.01 7.67587e-07 516 1.50476
0.0959823 1486.96 7.74198e-07 552 1.52467
0.0964039 1469.51 7.55117e-07 456 1.54485
0.0968272 1344.7 6.81962e-07 540 1.56529
0.0972525 1523.87 7.6273e-07 288 1.58601
0.0976796 1559.82 7.7053e-07 552 1.60699
0.0981085 1470.94 7.17134e-07 456 1.62826
0.0985394 1495.38 7.19527e-07 456 1.64981
0.0989721 1786.06 8.4817e-07 288 1.67164
0.0994068 1693.25 7.93593e-07 368 1.69376
0.0998433 1719.45 7.95348e-07 432 1.71617
0.100282 1735.3 7.92197e-07 288 1.73888
0.100722 1603.02 7.22251e-07 384 1.76189
0.101165 1505.93 6.69647e-07 264 1.78521
0.101609 1692.44 7.42753e-07 375 1.80883
0.102055 1683.91 7.29357e-07 228 1.83277
0.102503 2009.27 8.58917e-07 258 1.85702
0.102953 1773.66 7.48297e-07 270 1.88159
0.103406 1656.71 6.89828e-07 294 1.90649
0.10386 1598.04 6.56709e-07 144 1.93172
0.104316 1646.15 6.67646e-07 206 1.95728
0.104774 1810.13 7.24561e-07 222 1.98318
0.105234 1484.66 5.86521e-07 228 2.00942
0.105696 2323.25 9.05823e-07 126 2.03602
0.10616 2001.95 7.70356e-07 198 2.06296
0.106627 1534.67 5.82833e-07 240 2.09026
0.107095 2053.88 7.69831e-07 102 2.11792
0.107565 1859.97 6.88043e-07 72 2.14594
0.108038 1999.42 7.29971e-07 198 2.17434
0.108512 2576.58 9.28402e-07 180 2.20311
0.108989 2175.58 7.73674e-07 54 2.23227
0.109467 2616.62 9.18363e-07 128 2.26181
0.109948 2032.48 7.0403e-07 144 2.29174
0.110431 2259.13 7.72318e-07 54 2.32206
0.110916 3636.92 1.2271e-06 48 2.35279
0.111403 3105.97 1.03427e-06 162 2.38392
0.111892 3175.79 1.04371e-06 48 2.41547
0.112384 3025.43 9.81308e-07 24 2.44743
0.112877 2776.16 8.88695e-07 126 2.47982
0.113373 1893 5.98067e-07 72 2.51263
0.113871 5472.54 1.70639e-06 6 2.54588
0.114371 2539.33 7.81447e-07 56 2.57957
0.114873 3093.75 9.39631e-07 84 2.61371
0.115377 2858.48 8.56835e-07 6 2.6483
0.115884 3377.31 9.99134e-07 24 2.68334
0.116393 3306.61 9.65443e-07 72 2.71885
0.116904 3453.13 9.95055e-07 6 2.75483
0.117418 0 0 0 2.79128
0.117933 4054.94 1.13815e-06 66 2.82822
0.118451 0 0 0 2.86564
0.118971 0 0 0 2.90356
0.119494 4561.58 1.23085e-06 38 2.94199
0.120019 0 0 0 2.98092
0.120546 0 0 0 3.02036
0.121075 3729.67 9.67455e-07 18 3.06033
0.121607 0 0 0 3.10083
0.122141 0 0 0 3.14186
0.122677 3126.8 7.7971e-07 6 3.18344
0.123216 0 0 0 3.22556
0.123757 0 0 0 3.26825
0.124301 173.599 4.16152e-08 1 3.31149
0.124847 0 0 0 3.35531
0.125395 0 0 0 3.39972
0.125946 0 0 0 3.4447
0.126499 0 0 0 3.49029
0.127054 0 0 0 3.53647
0.127612 0 0 0 3.58327
0.128173 0 0 0 3.63069
0.128736 0 0 0 3.67873
0.129301 0 0 0 3.72741
0.129869 0 0 0 3.77674
0.130439 0 0 0 3.82671
0.131012 0 0 0 3.87735
0.131587 0 0 0 3.92866
0.132165 0 0 0 3.98065
0.132746 0 0 0 4.03332
0.133329 0 0 0 4.0867
0.133914 0 0 0 4.14077
0.134502 0 0 0 4.19557
0.135093 0 0 0 4.25109
0.135686 0 0 0 4.30734
0.136282 0 0 0 4.36434
0.136881 0 0 0 4.42209
0.137482 0 0 0 4.48061
0.138085 0 0 0 4.5399
0.138692 0 0 0 4.59998
0.139301 0 0 0 4.66085
0.139913 0 0 0 4.72253
0.140527 0 0 0 4.78502
0.141144 0 0 0 4.84834
0.141764 0 0 0 4.91249
0.142387 0 0 0 4.9775
0.143012 0 0 0 5.04337
0.14364 0 0 0 5.11011
0.144271 0 0 0 5.17773
0.144904 0 0 0 5.24624
0.145541 0 0 0 5.31567
0.14618 0 0 0 5.38601
0.146822 0 0 0 5.45728
0.147467 0 0 0 5.5295
0.148114 0 0 0 5.60267
0.148765 0 0 0 5.67681
0.149418 0 0 0 5.75193
0.150074 0 0 0 5.82804
0.150733 0 0 0 5.90516
0.151395 0 0 0 5.98331
0.15206 0 0 0 6.06248
0.152728 0 0 0 6.14271
0.153399 0 0 0 6.22399
0.154072 0 0 0 6.30635
0.154749 0 0 0 6.3898
0.155429 0 0 0 6.47436
0.156111 0 0 0 6.56003
0.156797 0 0 0 6.64684
0.157485 0 0 0 6.7348
0.158177 0 0 0 6.82392
0.158872 0 0 0 6.91422
0.159569 0 0 0 7.00571
0.16027 0 0 0 7.09842
0.160974 0 0 0 7.19235
0.161681 0 0 0 7.28753
0.162391 0 0 0 7.38396
0.163104 0 0 0 7.48167
0.163821 0 0 0 7.58068
0.16454 0 0 0 7.68099
0.165263 0 0 0 7.78263
0.165988 0 0 0 7.88562
0.166717 0 0 0 7.98997
0.167449 0 0 0 8.0957
0.168185 0 0 0 8.20283
0.168923 0 0 0 8.31138
0.169665 0 0 0 8.42136
0.17041 0 0 0 8.5328
0.171159 0 0 0 8.64571
0.17191 0 0 0 8.76012
0.172665 0 0 0 8.87604
0.173424 0 0 0 8.9935
0.174185 0 0 0 9.11251
0.17495 0 0 0 9.23309
0.175719 0 0 0 9.35527
0.17649 0 0 0 9.47907
0.177265 0 0 0 9.6045
0.178044 0 0 0 9.7316
0.178826 0 0 0 9.86037
0.179611 0 0 0 9.99086
0.1804 0 0 0 10.1231
0.181192 0 0 0 10.257
0.181988 0 0 0 10.3928
0.182787 0 0 0 10.5303
0.18359 0 0 0 10.6696
0.184396 0 0 0 10.8108
0.185206 0 0 0 10.9539
0.186019 0 0 0 11.0988
0.186836 0 0 0 11.2457
0.187657 0 0 0 11.3945
0.188481 0 0 0 11.5453
0.189309 0 0 0 11.6981
0.19014 0 0 0 11.8529
0.190975 0 0 0 12.0097
0.191814 0 0 0 12.1686
0.192656 0 0 0 12.3297
0.193502 0 0 0 12.4928
0.194352 0 0 0 12.6581
0.195205 0 0 0 12.8256
0.196063 0 0 0 12.9954
0.196924 0 0 0 13.1673
0.197789 0 0 0 13.3416
0.198657 0 0 0 13.5181
0.19953 0 0 0 13.697
0.200406 0 0 0 13.8782
0.201286 0 0 0 14.0619
0.20217 0 0 0 14.248
0.203058 0 0 0 14.4365
0.20395 0 0 0 14.6275
0.204845 0 0 0 14.8211
0.205745 0 0 0 15.0172
0.206648 0 0 0 15.216
0.207556 0 0 0 15.4173
0.208467 0 0 0 15.6213
0.209383 0 0 0 15.828
0.210302 0 0 0 16.0375
0.211226 0 0 0 16.2497
0.212154 0 0 0 16.4647
0.213085 0 0 0 16.6826
0.214021 0 0 0 16.9034
0.214961 0 0 0 17.1271
0.215905 0 0 0 17.3537
0.216853 0 0 0 17.5833
0.217806 0 0 0 17.816
0.218762 0 0 0 18.0518
0.219723 0 0 0 18.2906
0.220688 0 0 0 18.5327
0.221657 0 0 0 18.7779
0.22263 0 0 0 19.0264
0.223608 0 0 0 19.2782
0.22459 0 0 0 19.5333
0.225577 0 0 0 19.7918
0.226567 0 0 0 20.0537
0.227562 0 0 0 20.319
0.228562 0 0 0 20.5879
0.229565 0 0 0 20.8604
0.230573 0 0 0 21.1364
0.231586 0 0 0 21.4161
0.232603 0 0 0 21.6995
0.233625 0 0 0 21.9866
0.234651 0 0 0 22.2776
0.235681 0 0 0 22.5724
0.236716 0 0 0 22.8711
0.237756 0 0 0 23.1737
0.2388 0 0 0 23.4804
0.239849 0 0 0 23.7911
0.240902 0 0 0 24.1059
0.24196 0 0 0 24.4249
0.243022 0 0 0 24.7481
0.24409 0 0 0 25.0756
0.245162 0 0 0 25.4074
0.246238 0 0 0 25.7437
0.24732 0 0 0 26.0843
0.248406 0 0 0 26.4295
0.249497 0 0 0 26.7792
0.250592 0 0 0 27.1336
0.251693 0 0 0 27.4926
0.252798 0 0 0 27.8564
0.253909 0 0 0 28.2251
0.255024 0 0 0 28.5986
0.256144 0 0 0 28.977
0.257268 0 0 0 29.3605
0.258398 0 0 0 29.749
0.259533 0 0 0 30.1426
0.260673 0 0 0 30.5415
0.261818 0 0 0 30.9457
0.262967 0 0 0 31.3552
0.264122 0 0 0 31.7701
0.265282 0 0 0 32.1905
0.266447 0 0 0 32.6165
0.267617 0 0 0 33.0481
0.268793 0 0 0 33.4854
0.269973 0 0 0 33.9285
0.271159 0 0 0 34.3775
0.27235 0 0 0 34.8324
0.273546 0 0 0 35.2933
0.274747 0 0 0 35.7604
0.275954 0 0 0 36.2336
0.277165 0 0 0 36.713
0.278383 0 0 0 37.1989
0.279605 0 0 0 37.6911
0.280833 0 0 0 38.1899
0.282066 0 0 0 38.6952
0.283305 0 0 0 39.2073
0.284549 0 0 0 39.7261
0.285799 0 0 0 40.2518
0.287054 0 0 0 40.7844
0.288315 0 0 0 41.3241
0.289581 0 0 0 41.871
0.290853 0 0 0 42.4251
0.29213 0 0 0 42.9865
0.293413 0 0 0 43.5553
0.294702 0 0 0 44.1317
0.295996 0 0 0 44.7156
0.297296 0 0 0 45.3074
0.298601 0 0 0 45.9069
0.299913 0 0 0 46.5144
0.30123 0 0 0 47.1299
0.302553 0 0 0 47.7536
0.303881 0 0 0 48.3855
0.305216 0 0 0 49.0258
0.306556 0 0 0 49.6745
0.307903 0 0 0 50.3319
0.309255 0 0 0 50.9979
0.310613 0 0 0 51.6727
0.311977 0 0 0 52.3565
0.313347 0 0 0 53.0493
0.314723 0 0 0 53.7513
0.316105 0 0 0 54.4626
0.317494 0 0 0 55.1833
0.318888 0 0 0 55.9135
0.320288 0 0 0 56.6534
0.321695 0 0 0 57.4031
0.323108 0 0 0 58.1627
0.324527 0 0 0 58.9324
0.325952 0 0 0 59.7122
0.327383 0 0 0 60.5024
0.328821 0 0 0 61.303
0.330265 0 0 0 62.1142
0.331716 0 0 0 62.9362
0.333172 0 0 0 63.769
0.334635 0 0 0 64.6129
0.336105 0 0 0 65.4679
0.337581 0 0 0 66.3342
0.339064 0 0 0 67.212
0.340553 0 0 0 68.1014
0.342048 0 0 0 69.0026
0.34355 0 0 0 69.9157
0.345059 0 0 0 70.8409
0.346575 0 0 0 71.7783
0.348097 0 0 0 72.7281
0.349625 0 0 0 73.6905
0.351161 0 0 0 74.6657
0.352703 0 0 0 75.6537
0.354252 0 0 0 76.6548
0.355808 0 0 0 77.6692
0.35737 0 0 0 78.697
0.35894 0 0 0 79.7384
0.360516 0 0 0 80.7935
0.362099 0 0 0 81.8627
0.363689 0 0 0 82.9459
0.365287 0 0 0 84.0436
0.366891 0 0 0 85.1557
0.368502 0 0 0 86.2825
0.37012 0 0 0 87.4243
0.371746 0 0 0 88.5812
0.373378 0 0 0 89.7534
0.375018 0 0 0 90.9411
0.376665 0 0 0 92.1445
0.378319 0 0 0 93.3638
0.379981 0 0 0 94.5993
0.381649 0 0 0 95.8511
0.383326 0 0 0 97.1195
0.385009 0 0 0 98.4047
0.3867 0 0 0 99.7068
0.388398 0 0 0 101.026
0.390104 0 0 0 102.363
0.391817 0 0 0 103.718
0.393538 0 0 0 105.09
0.395266 0 0 0 106.481
0.397002 0 0 0 107.89
0.398745 0 0 0 109.318
0.400496 0 0 0 110.764
0.402255 0 0 0 112.23
0.404022 0 0 0 113.715
0.405796 0 0 0 115.22
0.407578 0 0 0 116.744
0.409368 0 0 0 118.289
0.411166 0 0 0 119.855
0.412972 0 0 0 121.441
0.414785 0 0 0 123.048
0.416607 0 0 0 124.676
0.418436 0 0 0 126.326
0.420274 0 0 0 127.997
0.42212 0 0 0 129.691
0.423974 0 0 0 131.407
0.425836 0 0 0 133.146
0.427706 0 0 0 134.908
0.429584 0 0 0 136.693
0.431471 0 0 0 138.502
0.433365 0 0 0 140.335
0.435269 0 0 0 142.192
0.43718 0 0 0 144.074
0.4391 0 0 0 145.98
0.441028 0 0 0 147.912
0.442965 0 0 0 149.869
0.444911 0 0 0 151.852
0.446865 0 0 0 153.862
0.448827 0 0 0 155.898
0.450798 0 0 0 157.961
0.452778 0 0 0 160.051
0.454766 0 0 0 162.169
0.456763 0 0 0 164.315
0.458769 0 0 0 166.489
0.460784 0 0 0 168.692
0.462808 0 0 0 170.925
0.46484 0 0 0 173.187
0.466882 0 0 0 175.478
0.468932 0 0 0 177.8
0.470991 0 0 0 180.153
0.47306 0 0 0 182.537
0.475137 0 0 0 184.953
0.477224 0 0 0 187.4
0.47932 0 0 0 189.88
0.481425 0 0 0 192.393
0.483539 0 0 0 194.939
0.485663 0 0 0 197.518
0.487795 0 0 0 200.132
0.489938 0 0 0 202.78
0.492089 0 0 0 205.464
0.49425 0 0 0 208.182
0.496421 0 0 0 210.937
0.498601 0 0 0 213.729
0.500791 0 0 0 216.557
0.50299 0 0 0 219.422
0.505199 0 0 0 222.326
0.507418 0 0 0 225.268
0.509646 0 0 0 228.249
0.511884 0 0 0 231.269
0.514132 0 0 0 234.33
0.51639 0 0 0 237.431
0.518658 0 0 0 240.573
0.520936 0 0 0 243.756
0.523223 0 0 0 246.982
0.525521 0 0 0 250.25
0.527829 0 0 0 253.561
0.530147 0 0 0 256.917
0.532475 0 0 0 260.316
0.534814 0 0 0 263.761
0.537162 0 0 0 267.252
0.539522 0 0 0 270.788
0.541891 0 0 0 274.371
0.544271 0 0 0 278.002
0.546661 0 0 0 281.681
0.549062 0 0 0 285.408
0.551473 0 0 0 289.185
0.553895 0 0 0 293.012
0.556327 0 0 0 296.889
0.558771 0 0 0 300.818
0.561224 0 0 0 304.799
0.563689 0 0 0 308.832
0.566165 0 0 0 312.919
0.568651 0 0 0 317.059
0.571148 0 0 0 321.255
0.573657 0 0 0 325.506
0.576176 0 0 0 329.814
0.578706 0 0 0 334.178
0.581248 0 0 0 338.6
0.5838 0 0 0 343.081
0.586364 0 0 0 347.621
0.588939 0 0 0 352.221
0.591526 0 0 0 356.882
0.594124 0 0 0 361.604
0.596733 0 0 0 366.389
0.599353 0 0 0 371.238
0.601985 0 0 0 376.15
0.604629 0 0 0 381.128
0.607285 0 0 0 386.171
0.609951 0 0 0 391.281
0.61263 0 0 0 396.459
0.615321 0 0 0 401.705
0.618023 0 0 0 407.021
0.620737 0 0 0 412.407
0.623463 0 0 0 417.864
0.626201 0 0 0 423.394
0.628951 0 0 0 428.997
0.631713 0 0 0 434.674
0.634488 0 0 0 440.425
0.637274 0 0 0 446.254
0.640073 0 0 0 452.159
0.642884 0 0 0 458.142
0.645707 0 0 0 464.205
0.648543 0 0 0 470.347
0.651391 0 0 0 476.571
0.654252 0 0 0 482.878
0.657125 0 0 0 489.268
0.660011 0 0 0 495.742
0.662909 0 0 0 502.302
0.66582 0 0 0 508.949
0.668744 0 0 0 515.684
0.671681 0 0 0 522.508
0.674631 0 0 0 529.422
0.677594 0 0 0 536.428
0.68057 0 0 0 543.527
0.683558 0 0 0 550.719
0.68656 0 0 0 558.007
0.689575 0 0 0 565.391
0.692604 0 0 0 572.872
0.695646 0 0 0 580.453
0.698701 0 0 0 588.134
0.701769 0 0 0 595.917
0.704851 0 0 0 603.803
0.707946 0 0 0 611.793
0.711055 0 0 0 619.888
0.714178 0 0 0 628.091
0.717315 0 0 0 636.403
0.720465 0 0 0 644.824
0.723629 0 0 0 653.357
0.726807 0 0 0 662.003
0.729999 0 0 0 670.763
0.733204 0 0 0 679.639
0.736424 0 0 0 688.633
0.739659 0 0 0 697.745
0.742907 0 0 0 706.978
0.746169 0 0 0 716.334
0.749446 0 0 0 725.813
0.752738 0 0 0 735.418
0.756043 0 0 0 745.149
0.759364 0 0 0 755.01
0.762698 0 0 0 765.001
0.766048 0 0 0 775.124
0.769412 0 0 0 785.381
0.772791 0 0 0 795.774
0.776185 0 0 0 806.304
0.779594 0 0 0 816.974
0.783017 0 0 0 827.785
0.786456 0 0 0 838.739
0.78991 0 0 0 849.838
0.793379 0 0 0 861.083
0.796863 0 0 0 872.478
0.800363 0 0 0 884.023
0.803878 0 0 0 895.722
0.807408 0 0 0 907.575
0.810954 0 0 0 919.584
0.814515 0 0 0 931.753
0.818092 0 0 0 944.083
0.821685 0 0 0 956.576
0.825294 0 0 0 969.234
0.828918 0 0 0 982.06
0.832558 0 0 0 995.055
0.836215 0 0 0 1008.22
0.839887 0 0 0 1021.56
0.843575 0 0 0 1035.08
0.84728 0 0 0 1048.78
0.851001 0 0 0 1062.66
0.854738 0 0 0 1076.72
0.858492 0 0 0 1090.97
0.862262 0 0 0 1105.4
0.866049 0 0 0 1120.03
0.869852 0 0 0 1134.85
0.873673 0 0 0 1149.87
0.877509 0 0 0 1165.09
0.881363 0 0 0 1180.5
0.885234 0 0 0 1196.13
0.889121 0 0 0 1211.95
0.893026 0 0 0 1227.99
0.896948 0 0 0 1244.24
0.900887 0 0 0 1260.71
0.904843 0 0 0 1277.39
0.908817 0 0 0 1294.29
0.912808 0 0 0 1311.42
0.916817 0 0 0 1328.77
0.920843 0 0 0 1346.36
0.924887 0 0 0 1364.17
0.928949 0 0 0 1382.23
0.933029 0 0 0 1400.52
0.937126 0 0 0 1419.05
0.941242 0 0 0 1437.83
0.945375 0 0 0 1456.85
0.949527 0 0 0 1476.13
0.953697 0 0 0 1495.67
0.957885 0 0 0 1515.46
0.962092 0 0 0 1535.51
0.966317 0 0 0 1555.83
0.970561 0 0 0 1576.42
0.974823 0 0 0 1597.28
0.979104 0 0 0 1618.42
0.983404 0 0 0 1639.83
0.987723 0 0 0 1661.53
0.992061 0 0 0 1683.52
0.996418 0 0 0 1705.8
1.00079 0 0 0 1728.37
1.00519 0 0 0 1751.24
1.0096 0 0 0 1774.41
1.01404 0 0 0 1797.9
1.01849 0 0 0 1821.69
1.02296 0 0 0 1845.79
1.02746 0 0 0 1870.22
1.03197 0 0 0 1894.97
1.0365 0 0 0 1920.04
1.04105 0 0 0 1945.45
1.04562 0 0 0 1971.19
1.05022 0 0 0 1997.28
1.05483 0 0 0 2023.71
1.05946 0 0 0 2050.49
1.06411 0 0 0 2077.62
1.06879 0 0 0 2105.11
1.07348 0 0 0 2132.97
1.07819 0 0 0 2161.2
1.08293 0 0 0 2189.79
1.08769 0 0 0 2218.77
1.09246 0 0 0 2248.13
1.09726 0 0 0 2277.88
1.10208 0 0 0 2308.02
1.10692 0 0 0 2338.57
1.11178 0 0 0 2369.51
1.11666 0 0 0 2400.87
1.12157 0 0 0 2432.64
1.12649 0 0 0 2464.83
1.13144 0 0 0 2497.45
1.13641 0 0 0 2530.49
1.1414 0 0 0 2563.98
1.14641 0 0 0 2597.91
0.500085
2000
309756
     1259712000
0.000179913 0 0 0 1.00414e-08
0.000180703 0 0 0 1.01743e-08
0.000181497 0 0 0 1.03089e-08
0.000182294 0 0 0 1.04453e-08
0.000183095 0 0 0 1.05835e-08
0.000183899 0 0 0 1.07236e-08
0.000184706 0 0 0 1.08655e-08
0.000185518 0 0 0 1.10093e-08
0.000186332 0 0 0 1.11549e-08
0.000187151 0 0 0 1.13026e-08
0.000187972 0 0 0 1.14521e-08
0.000188798 0 0 0 1.16037e-08
0.000189627 0 0 0 1.17572e-08
0.00019046 0 0 0 1.19128e-08
0.000191296 0 0 0 1.20704e-08
0.000192136 0 0 0 1.22302e-08
0.00019298 0 0 0 1.2392e-08
0.000193828 0 0 0 1.2556e-08
0.000194679 0 0 0 1.27221e-08
0.000195534 0 0 0 1.28905e-08
0.000196393 0 0 0 1.30611e-08
0.000197255 0 0 0 1.32339e-08
0.000198121 0 0 0 1.3409e-08
0.000198991 0 0 0 1.35865e-08
0.000199865 0 0 0 1.37663e-08
0.000200743 0 0 0 1.39484e-08
0.000201625 0 0 0 1.4133e-08
0.00020251 0 0 0 1.432e-08
0.0002034 0 0 0 1.45095e-08
0.000204293 0 0 0 1.47015e-08
0.00020519 0 0 0 1.48961e-08
0.000206091 0 0 0 1.50932e-08
0.000206996 0 0 0 1.52929e-08
0.000207905 0 0 0 1.54953e-08
0.000208818 0 0 0 1.57003e-08
0.000209735 0 0 0 1.59081e-08
0.000210656 0 0 0 1.61186e-08
0.000211582 0 0 0 1.63319e-08
0.000212511 0 0 0 1.6548e-08
0.000213444 0 0 0 1.6767e-08
0.000214381 0 0 0 1.69889e-08
0.000215323 0 0 0 1.72137e-08
0.000216268 0 0 0 1.74414e-08
0.000217218 0 0 0 1.76722e-08
0.000218172 0 0 0 1.79061e-08
0.00021913 0 0 0 1.81431e-08
0.000220093 0 0 0 1.83831e-08
0.000221059 0 0 0 1.86264e-08
0.00022203 0 0 0 1.88729e-08
0.000223005 0 0 0 1.91226e-08
0.000223984 0 0 0 1.93757e-08
0.000224968 0 0 0 1.96321e-08
0.000225956 0 0 0 1.98919e-08
0.000226948 0 0 0 2.01551e-08
0.000227945 0 0 0 2.04218e-08
0.000228946 0 0 0 2.0692e-08
0.000229952 0 0 0 2.09658e-08
0.000230961 0 0 0 2.12433e-08
0.000231976 0 0 0 2.15244e-08
0.000232995 0 0 0 2.18092e-08
0.000234018 0 0 0 2.20978e-08
0.000235045 0 0 0 2.23902e-08
0.000236078 0 0 0 2.26865e-08
0.000237114 0 0 0 2.29867e-08
0.000238156 0 0 0 2.32909e-08
0.000239202 0 0 0 2.35991e-08
0.000240252 0 0 0 2.39114e-08
0.000241307 0 0 0 2.42278e-08
0.000242367 0 0 0 2.45484e-08
0.000243431 0 0 0 2.48733e-08
0.0002445 0 0 0 2.52024e-08
0.000245574 0 0 0 2.55359e-08
0.000246653 0 0 0 2.58738e-08
0.000247736 0 0 0 2.62162e-08
0.000248824 0 0 0 2.65631e-08
0.000249917 0 0 0 2.69146e-08
0.000251014 0 0 0 2.72708e-08
0.000252117 0 0 0 2.76317e-08
0.000253224 0 0 0 2.79973e-08
0.000254336 0 0 0 2.83678e-08
0.000255453 0 0 0 2.87432e-08
0.000256575 0 0 0 2.91235e-08
0.000257701 0 0 0 2.95089e-08
0.000258833 0 0 0 2.98994e-08
0.00025997 0 0 0 3.02951e-08
0.000261112 0 0 0 3.0696e-08
0.000262258 0 0 0 3.11022e-08
0.00026341 0 0 0 3.15137e-08
0.000264567 0 0 0 3.19307e-08
0.000265729 0 0 0 3.23533e-08
0.000266896 0 0 0 3.27814e-08
0.000268068 0 0 0 3.32152e-08
0.000269245 0 0 0 3.36547e-08
0.000270427 0 0 0 3.41001e-08
0.000271615 0 0 0 3.45513e-08
0.000272808 0 0 0 3.50085e-08
0.000274006 0 0 0 3.54718e-08
0.000275209 0 0 0 3.59412e-08
0.000276418 0 0 0 3.64168e-08
0.000277632 0 0 0 3.68987e-08
0.000278851 0 0 0 3.7387e-08
0.000280076 0 0 0 3.78817e-08
0.000281306 0 0 0 3.8383e-08
0.000282541 0 0 0 3.88909e-08
0.000283782 0 0 0 3.94055e-08
0.000285028 0 0 0 3.9927e-08
0.00028628 0 0 0 4.04553e-08
0.000287537 0 0 0 4.09907e-08
0.0002888 0 0 0 4.15331e-08
0.000290068 0 0 0 4.20827e-08
0.000291342 0 0 0 4.26396e-08
0.000292622 0 0 0 4.32038e-08
0.000293907 0 0 0 4.37755e-08
0.000295197 0 0 0 4.43548e-08
0.000296494 0 0 0 4.49418e-08
0.000297796 0 0 0 4.55365e-08
0.000299104 0 0 0 4.6139e-08
0.000300417 0 0 0 4.67496e-08
0.000301737 0 0 0 4.73682e-08
0.000303062 0 0 0 4.7995e-08
0.000304393 0 0 0 4.86302e-08
0.000305729 0 0 0 4.92737e-08
0.000307072 0 0 0 4.99257e-08
0.000308421 0 0 0 5.05864e-08
0.000309775 0 0 0 5.12558e-08
0.000311136 0 0 0 5.1934e-08
0.000312502 0 0 0 5.26213e-08
0.000313874 0 0 0 5.33176e-08
0.000315253 0 0 0 5.40231e-08
0.000316637 0 0 0 5.4738e-08
0.000318028 0 0 0 5.54624e-08
0.000319424 0 0 0 5.61963e-08
0.000320827 0 0 0 5.69399e-08
0.000322236 0 0 0 5.76934e-08
0.000323651 0 0 0 5.84568e-08
0.000325073 0 0 0 5.92304e-08
0.0003265 0 0 0 6.00142e-08
0.000327934 0 0 0 6.08083e-08
0.000329374 0 0 0 6.1613e-08
0.000330821 0 0 0 6.24283e-08
0.000332274 0 0 0 6.32544e-08
0.000333733 0 0 0 6.40915e-08
0.000335199 0 0 0 6.49396e-08
0.000336671 0 0 0 6.57989e-08
0.000338149 0 0 0 6.66696e-08
0.000339634 0 0 0 6.75519e-08
0.000341126 0 0 0 6.84458e-08
0.000342624 0 0 0 6.93515e-08
0.000344129 0 0 0 7.02692e-08
0.00034564 0 0 0 7.11991e-08
0.000347158 0 0 0 7.21413e-08
0.000348682 0 0 0 7.30959e-08
0.000350214 0 0 0 7.40632e-08
0.000351752 0 0 0 7.50432e-08
0.000353296 0 0 0 7.60363e-08
0.000354848 0 0 0 7.70424e-08
0.000356406 0 0 0 7.80619e-08
0.000357972 0 0 0 7.90949e-08
0.000359544 0 0 0 8.01416e-08
0.000361123 0 0 0 8.12021e-08
0.000362709 0 0 0 8.22766e-08
0.000364301 0 0 0 8.33654e-08
0.000365901 0 0 0 8.44685e-08
0.000367508 0 0 0 8.55863e-08
0.000369122 0 0 0 8.67188e-08
0.000370743 0 0 0 8.78664e-08
0.000372371 0 0 0 8.90291e-08
0.000374007 0 0 0 9.02072e-08
0.000375649 0 0 0 9.14009e-08
0.000377299 0 0 0 9.26104e-08
0.000378956 0 0 0 9.38359e-08
0.00038062 0 0 0 9.50776e-08
0.000382292 0 0 0 9.63358e-08
0.000383971 0 0 0 9.76106e-08
0.000385657 0 0 0 9.89023e-08
0.00038735 0 0 0 1.00211e-07
0.000389052 0 0 0 1.01537e-07
0.00039076 0 0 0 1.02881e-07
0.000392476 0 0 0 1.04242e-07
0.0003942 0 0 0 1.05622e-07
0.000395931 0 0 0 1.07019e-07
0.00039767 0 0 0 1.08435e-07
0.000399416 0 0 0 1.0987e-07
0.00040117 0 0 0 1.11324e-07
0.000402932 0 0 0 1.12797e-07
0.000404702 0 0 0 1.1429e-07
0.000406479 0 0 0 1.15802e-07
0.000408264 0 0 0 1.17335e-07
0.000410057 0 0 0 1.18887e-07
0.000411858 0 0 0 1.20461e-07
0.000413667 0 0 0 1.22055e-07
0.000415483 0 0 0 1.2367e-07
0.000417308 0 0 0 1.25306e-07
0.000419141 0 0 0 1.26965e-07
0.000420981 0 0 0 1.28645e-07
0.00042283 0 0 0 1.30347e-07
0.000424687 0 0 0 1.32072e-07
0.000426552 0 0 0 1.3382e-07
0.000428425 0 0 0 1.3559e-07
0.000430307 0 0 0 1.37385e-07
0.000432197 0 0 0 1.39203e-07
0.000434095 0 0 0 1.41045e-07
0.000436001 0 0 0 1.42911e-07
0.000437916 0 0 0 1.44802e-07
0.000439839 0 0 0 1.46718e-07
0.000441771 0 0 0 1.4866e-07
0.000443711 0 0 0 1.50627e-07
0.000445659 0 0 0 1.5262e-07
0.000447616 0 0 0 1.5464e-07
0.000449582 0 0 0 1.56686e-07
0.000451557 0 0 0 1.5876e-07
0.00045354 0 0 0 1.6086e-07
0.000455532 0 0 0 1.62989e-07
0.000457532 0 0 0 1.65146e-07
0.000459541 0 0 0 1.67331e-07
0.00046156 0 0 0 1.69546e-07
0.000463587 0 0 0 1.71789e-07
0.000465622 0 0 0 1.74062e-07
0.000467667 0 0 0 1.76366e-07
0.000469721 0 0 0 1.787e-07
0.000471784 0 0 0 1.81064e-07
0.000473856 0 0 0 1.8346e-07
0.000475937 0 0 0 1.85888e-07
0.000478027 0 0 0 1.88348e-07
0.000480126 0 0 0 1.9084e-07
0.000482235 0 0 0 1.93365e-07
0.000484353 0 0 0 1.95924e-07
0.00048648 0 0 0 1.98517e-07
0.000488616 0 0 0 2.01144e-07
0.000490762 0 0 0 2.03806e-07
0.000492917 0 0 0 2.06503e-07
0.000495082 0 0 0 2.09235e-07
0.000497256 0 0 0 2.12004e-07
0.00049944 0 0 0 2.14809e-07
0.000501633 0 0 0 2.17652e-07
0.000503836 0 0 0 2.20532e-07
0.000506049 0 0 0 2.2345e-07
0.000508271 0 0 0 2.26407e-07
0.000510504 0 0 0 2.29403e-07
0.000512746 0 0 0 2.32439e-07
0.000514997 0 0 0 2.35515e-07
0.000517259 0 0 0 2.38631e-07
0.000519531 0 0 0 2.41789e-07
0.000521812 0 0 0 2.44989e-07
0.000524104 0 0 0 2.4823e-07
0.000526405 0 0 0 2.51515e-07
0.000528717 0 0 0 2.54844e-07
0.000531039 0 0 0 2.58216e-07
0.000533371 0 0 0 2.61633e-07
0.000535714 0 0 0 2.65095e-07
0.000538066 0 0 0 2.68603e-07
0.000540429 0 0 0 2.72157e-07
0.000542803 0 0 0 2.75759e-07
0.000545187 0 0 0 2.79408e-07
0.000547581 0 0 0 2.83105e-07
0.000549986 0 0 0 2.86851e-07
0.000552401 0 0 0 2.90647e-07
0.000554827 0 0 0 2.94493e-07
0.000557263 0 0 0 2.9839e-07
0.000559711 0 0 0 3.02339e-07
0.000562169 0 0 0 3.0634e-07
0.000564638 0 0 0 3.10394e-07
0.000567117 0 0 0 3.14501e-07
0.000569608 0 0 0 3.18663e-07
0.000572109 0 0 0 3.2288e-07
0.000574622 0 0 0 3.27152e-07
0.000577145 0 0 0 3.31481e-07
0.00057968 0 0 0 3.35868e-07
0.000582226 0 0 0 3.40312e-07
0.000584783 0 0 0 3.44816e-07
0.000587351 0 0 0 3.49378e-07
0.00058993 0 0 0 3.54002e-07
0.000592521 0 0 0 3.58686e-07
0.000595123 0 0 0 3.63433e-07
0.000597737 0 0 0 3.68242e-07
0.000600362 0 0 0 3.73115e-07
0.000602998 0 0 0 3.78052e-07
0.000605647 0 0 0 3.83055e-07
0.000608306 0 0 0 3.88124e-07
0.000610978 0 0 0 3.9326e-07
0.000613661 0 0 0 3.98464e-07
0.000616356 0 0 0 4.03737e-07
0.000619063 0 0 0 4.09079e-07
0.000621782 0 0 0 4.14492e-07
0.000624512 0 0 0 4.19977e-07
0.000627255 0 0 0 4.25535e-07
0.00063001 0 0 0 4.31166e-07
0.000632776 0 0 0 4.36871e-07
0.000635555 0 0 0 4.42653e-07
0.000638346 0 0 0 4.4851e-07
0.00064115 0 0 0 4.54445e-07
0.000643965 0 0 0 4.60459e-07
0.000646793 0 0 0 4.66552e-07
0.000649634 0 0 0 4.72726e-07
0.000652487 0 0 0 4.78981e-07
0.000655352 0 0 0 4.8532e-07
0.000658231 0 0 0 4.91742e-07
0.000661121 0 0 0 4.98249e-07
0.000664025 0 0 0 5.04842e-07
0.000666941 0 0 0 5.11523e-07
0.00066987 0 0 0 5.18292e-07
0.000672812 0 0 0 5.2515e-07
0.000675766 0 0 0 5.32099e-07
0.000678734 0 0 0 5.39141e-07
0.000681715 0 0 0 5.46275e-07
0.000684709 0 0 0 5.53504e-07
0.000687716 0 0 0 5.60828e-07
0.000690736 0 0 0 5.6825e-07
0.000693769 0 0 0 5.75769e-07
0.000696816 0 0 0 5.83388e-07
0.000699876 0 0 0 5.91108e-07
0.00070295 0 0 0 5.9893e-07
0.000706037 0 0 0 6.06856e-07
0.000709138 0 0 0 6.14886e-07
0.000712252 0 0 0 6.23023e-07
0.00071538 0 0 0 6.31267e-07
0.000718522 0 0 0 6.39621e-07
0.000721677 0 0 0 6.48085e-07
0.000724846 0 0 0 6.56661e-07
0.00072803 0 0 0 6.6535e-07
0.000731227 0 0 0 6.74155e-07
0.000734438 0 0 0 6.83076e-07
0.000737664 0 0 0 6.92115e-07
0.000740903 0 0 0 7.01274e-07
0.000744157 0 0 0 7.10553e-07
0.000747425 0 0 0 7.19956e-07
0.000750707 0 0 0 7.29483e-07
0.000754004 0 0 0 7.39136e-07
0.000757316 0 0 0 7.48917e-07
0.000760641 0 0 0 7.58827e-07
0.000763982 0 0 0 7.68869e-07
0.000767337 0 0 0 7.79043e-07
0.000770707 0 0 0 7.89352e-07
0.000774092 0 0 0 7.99798e-07
0.000777491 0 0 0 8.10381e-07
0.000780906 0 0 0 8.21105e-07
0.000784335 0 0 0 8.31971e-07
0.00078778 0 0 0 8.4298e-07
0.000791239 0 0 0 8.54135e-07
0.000794714 0 0 0 8.65438e-07
0.000798204 0 0 0 8.7689e-07
0.00080171 0 0 0 8.88494e-07
0.00080523 0 0 0 9.00251e-07
0.000808767 0 0 0 9.12164e-07
0.000812318 0 0 0 9.24234e-07
0.000815886 0 0 0 9.36465e-07
0.000819469 0 0 0 9.48857e-07
0.000823068 0 0 0 9.61413e-07
0.000826682 0 0 0 9.74135e-07
0.000830313 0 0 0 9.87026e-07
0.000833959 0 0 0 1.00009e-06
0.000837622 0 0 0 1.01332e-06
0.0008413 0 0 0 1.02673e-06
0.000844995 0 0 0 1.04032e-06
0.000848706 0 0 0 1.05408e-06
0.000852433 0 0 0 1.06803e-06
0.000856177 0 0 0 1.08216e-06
0.000859937 0 0 0 1.09648e-06
0.000863713 0 0 0 1.11099e-06
0.000867506 0 0 0 1.1257e-06
0.000871316 0 0 0 1.14059e-06
0.000875143 0 0 0 1.15569e-06
0.000878986 0 0 0 1.17098e-06
0.000882846 0 0 0 1.18647e-06
0.000886723 0 0 0 1.20217e-06
0.000890617 0 0 0 1.21808e-06
0.000894529 0 0 0 1.2342e-06
0.000898457 0 0 0 1.25053e-06
0.000902403 0 0 0 1.26708e-06
0.000906366 0 0 0 1.28385e-06
0.000910346 0 0 0 1.30084e-06
0.000914344 0 0 0 1.31805e-06
0.00091836 0 0 0 1.33549e-06
0.000922393 0 0 0 1.35317e-06
0.000926444 0 0 0 1.37107e-06
0.000930512 0 0 0 1.38922e-06
0.000934599 0 0 0 1.4076e-06
0.000938703 0 0 0 1.42622e-06
0.000942826 0 0 0 1.4451e-06
0.000946966 0 0 0 1.46422e-06
0.000951125 0 0 0 1.4836e-06
0.000955302 0 0 0 1.50323e-06
0.000959497 0 0 0 1.52312e-06
0.000963711 0 0 0 1.54328e-06
0.000967943 0 0 0 1.5637e-06
0.000972194 0 0 0 1.58439e-06
0.000976464 0 0 0 1.60536e-06
0.000980752 0 0 0 1.6266e-06
0.000985059 0 0 0 1.64812e-06
0.000989385 0 0 0 1.66993e-06
0.00099373 0 0 0 1.69203e-06
0.000998094 0 0 0 1.71442e-06
0.00100248 0 0 0 1.73711e-06
0.00100688 0 0 0 1.7601e-06
0.0010113 0 0 0 1.78339e-06
0.00101574 0 0 0 1.80699e-06
0.0010202 0 0 0 1.8309e-06
0.00102468 0 0 0 1.85513e-06
0.00102918 0 0 0 1.87967e-06
0.0010337 0 0 0 1.90455e-06
0.00103824 0 0 0 1.92975e-06
0.0010428 0 0 0 1.95529e-06
0.00104738 0 0 0 1.98116e-06
0.00105198 0 0 0 2.00738e-06
0.0010566 0 0 0 2.03394e-06
0.00106124 0 0 0 2.06086e-06
0.0010659 0 0 0 2.08813e-06
0.00107058 0 0 0 2.11576e-06
0.00107529 0 0 0 2.14376e-06
0.00108001 0 0 0 2.17212e-06
0.00108475 0 0 0 2.20087e-06
0.00108952 0 0 0 2.22999e-06
0.0010943 0 0 0 2.2595e-06
0.00109911 0 0 0 2.2894e-06
0.00110393 0 0 0 2.3197e-06
0.00110878 0 0 0 2.35039e-06
0.00111365 0 0 0 2.38149e-06
0.00111854 0 0 0 2.41301e-06
0.00112345 0 0 0 2.44494e-06
0.00112839 0 0 0 2.47729e-06
0.00113334 0 0 0 2.51007e-06
0.00113832 0 0 0 2.54329e-06
0.00114332 0 0 0 2.57695e-06
0.00114834 0 0 0 2.61105e-06
0.00115338 0 0 0 2.6456e-06
0.00115845 0 0 0 2.68061e-06
0.00116354 0 0 0 2.71608e-06
0.00116865 0 0 0 2.75202e-06
0.00117378 0 0 0 2.78844e-06
0.00117893 0 0 0 2.82534e-06
0.00118411 0 0 0 2.86272e-06
0.00118931 0 0 0 2.9006e-06
0.00119453 0 0 0 2.93899e-06
0.00119978 0 0 0 2.97788e-06
0.00120505 0 0 0 3.01729e-06
0.00121034 0 0 0 3.05721e-06
0.00121566 0 0 0 3.09767e-06
0.00122099 0 0 0 3.13866e-06
0.00122636 0 0 0 3.18019e-06
0.00123174 0 0 0 3.22228e-06
0.00123715 0 0 0 3.26492e-06
0.00124258 0 0 0 3.30812e-06
0.00124804 0 0 0 3.3519e-06
0.00125352 0 0 0 3.39625e-06
0.00125903 0 0 0 3.44119e-06
0.00126456 0 0 0 3.48673e-06
0.00127011 0 0 0 3.53287e-06
0.00127569 0 0 0 3.57962e-06
0.00128129 0 0 0 3.62699e-06
0.00128692 0 0 0 3.67498e-06
0.00129257 0 0 0 3.72361e-06
0.00129825 0 0 0 3.77289e-06
0.00130395 0 0 0 3.82281e-06
0.00130967 0 0 0 3.8734e-06
0.00131543 0 0 0 3.92466e-06
0.0013212 0 0 0 3.97659e-06
0.001327 0 0 0 4.02921e-06
0.00133283 0 0 0 4.08253e-06
0.00133869 0 0 0 4.13656e-06
0.00134456 0 0 0 4.19129e-06
0.00135047 0 0 0 4.24676e-06
0.0013564 0 0 0 4.30295e-06
0.00136236 0 0 0 4.35989e-06
0.00136834 0 0 0 4.41759e-06
0.00137435 0 0 0 4.47605e-06
0.00138038 0 0 0 4.53528e-06
0.00138645 0 0 0 4.59529e-06
0.00139254 0 0 0 4.6561e-06
0.00139865 0 0 0 4.71771e-06
0.00140479 0 0 0 4.78014e-06
0.00141096 0 0 0 4.8434e-06
0.00141716 0 0 0 4.90749e-06
0.00142338 0 0 0 4.97243e-06
0.00142963 0 0 0 5.03823e-06
0.00143591 0 0 0 5.1049e-06
0.00144222 0 0 0 5.17245e-06
0.00144855 0 0 0 5.2409e-06
0.00145491 0 0 0 5.31025e-06
0.0014613 0 0 0 5.38052e-06
0.00146772 0 0 0 5.45172e-06
0.00147417 0 0 0 5.52386e-06
0.00148064 0 0 0 5.59696e-06
0.00148714 0 0 0 5.67102e-06
0.00149367 0 0 0 5.74607e-06
0.00150023 0 0 0 5.8221e-06
0.00150682 0 0 0 5.89915e-06
0.00151344 0 0 0 5.97721e-06
0.00152009 0 0 0 6.0563e-06
0.00152676 0 0 0 6.13645e-06
0.00153347 0 0 0 6.21765e-06
0.0015402 0 0 0 6.29993e-06
0.00154697 0 0 0 6.38329e-06
0.00155376 0 0 0 6.46776e-06
0.00156058 0 0 0 6.55335e-06
0.00156744 0 0 0 6.64007e-06
0.00157432 0 0 0 6.72794e-06
0.00158123 0 0 0 6.81697e-06
0.00158818 0 0 0 6.90717e-06
0.00159515 0 0 0 6.99858e-06
0.00160216 0 0 0 7.09119e-06
0.00160919 0 0 0 7.18502e-06
0.00161626 0 0 0 7.2801e-06
0.00162336 0 0 0 7.37644e-06
0.00163049 0 0 0 7.47405e-06
0.00163765 0 0 0 7.57295e-06
0.00164484 0 0 0 7.67317e-06
0.00165206 0 0 0 7.7747e-06
0.00165932 0 0 0 7.87759e-06
0.00166661 0 0 0 7.98183e-06
0.00167393 0 0 0 8.08745e-06
0.00168128 0 0 0 8.19447e-06
0.00168866 0 0 0 8.30291e-06
0.00169608 0 0 0 8.41278e-06
0.00170353 0 0 0 8.5241e-06
0.00171101 0 0 0 8.6369e-06
0.00171852 0 0 0 8.75119e-06
0.00172607 0 0 0 8.867e-06
0.00173365 0 0 0 8.98433e-06
0.00174126 0 0 0 9.10322e-06
0.00174891 0 0 0 9.22368e-06
0.00175659 0 0 0 9.34574e-06
0.0017643 0 0 0 9.46941e-06
0.00177205 0 0 0 9.59472e-06
0.00177983 0 0 0 9.72168e-06
0.00178765 0 0 0 9.85033e-06
0.0017955 0 0 0 9.98068e-06
0.00180339 0 0 0 1.01127e-05
0.00181131 0 0 0 1.02466e-05
0.00181926 0 0 0 1.03822e-05
0.00182725 0 0 0 1.05195e-05
0.00183527 0 0 0 1.06588e-05
0.00184333 0 0 0 1.07998e-05
0.00185143 0 0 0 1.09427e-05
0.00185956 0 0 0 1.10875e-05
0.00186773 0 0 0 1.12342e-05
0.00187593 0 0 0 1.13829e-05
0.00188417 0 0 0 1.15335e-05
0.00189244 0 0 0 1.16861e-05
0.00190075 0 0 0 1.18408e-05
0.0019091 0 0 0 1.19975e-05
0.00191748 0 0 0 1.21562e-05
0.00192591 0 0 0 1.23171e-05
0.00193436 0 0 0 1.24801e-05
0.00194286 0 0 0 1.26452e-05
0.00195139 0 0 0 1.28126e-05
0.00195996 0 0 0 1.29821e-05
0.00196857 0 0 0 1.31539e-05
0.00197721 0 0 0 1.3328e-05
0.0019859 0 0 0 1.35043e-05
0.00199462 0 0 0 1.3683e-05
0.00200338 0 0 0 1.38641e-05
0.00201218 0 0 0 1.40476e-05
0.00202101 0 0 0 1.42335e-05
0.00202989 0 0 0 1.44218e-05
0.0020388 0 0 0 1.46126e-05
0.00204776 0 0 0 1.4806e-05
0.00205675 0 0 0 1.50019e-05
0.00206578 0 0 0 1.52005e-05
0.00207485 0 0 0 1.54016e-05
0.00208397 0 0 0 1.56054e-05
0.00209312 0 0 0 1.58119e-05
0.00210231 0 0 0 1.60211e-05
0.00211154 0 0 0 1.62332e-05
0.00212082 0 0 0 1.6448e-05
0.00213013 0 0 0 1.66656e-05
0.00213948 0 0 0 1.68862e-05
0.00214888 0 0 0 1.71096e-05
0.00215832 0 0 0 1.7336e-05
0.0021678 0 0 0 1.75654e-05
0.00217732 0 0 0 1.77979e-05
0.00218688 0 0 0 1.80334e-05
0.00219648 0 0 0 1.8272e-05
0.00220613 0 0 0 1.85138e-05
0.00221582 0 0 0 1.87588e-05
0.00222555 0 0 0 1.9007e-05
0.00223532 0 0 0 1.92585e-05
0.00224514 0 0 0 1.95134e-05
0.002255 0 0 0 1.97716e-05
0.0022649 0 0 0 2.00332e-05
0.00227485 0 0 0 2.02983e-05
0.00228484 0 0 0 2.05669e-05
0.00229487 0 0 0 2.08391e-05
0.00230495 0 0 0 2.11149e-05
0.00231507 0 0 0 2.13943e-05
0.00232524 0 0 0 2.16774e-05
0.00233545 0 0 0 2.19642e-05
0.00234571 0 0 0 2.22549e-05
0.00235601 0 0 0 2.25494e-05
0.00236636 0 0 0 2.28478e-05
0.00237675 0 0 0 2.31501e-05
0.00238719 0 0 0 2.34565e-05
0.00239767 0 0 0 2.37669e-05
0.0024082 0 0 0 2.40814e-05
0.00241878 0 0 0 2.44e-05
0.0024294 0 0 0 2.47229e-05
0.00244007 0 0 0 2.50501e-05
0.00245078 0 0 0 2.53815e-05
0.00246155 0 0 0 2.57174e-05
0.00247236 0 0 0 2.60577e-05
0.00248321 0 0 0 2.64026e-05
0.00249412 0 0 0 2.67519e-05
0.00250507 0 0 0 2.71059e-05
0.00251607 0 0 0 2.74646e-05
0.00252712 0 0 0 2.78281e-05
0.00253822 0 0 0 2.81963e-05
0.00254937 0 0 0 2.85694e-05
0.00256057 0 0 0 2.89475e-05
0.00257181 0 0 0 2.93305e-05
0.00258311 0 0 0 2.97187e-05
0.00259445 0 0 0 3.01119e-05
0.00260584 0 0 0 3.05104e-05
0.00261729 0 0 0 3.09141e-05
0.00262878 0 0 0 3.13232e-05
0.00264033 0 0 0 3.17377e-05
0.00265192 0 0 0 3.21577e-05
0.00266357 0 0 0 3.25832e-05
0.00267526 0 0 0 3.30144e-05
0.00268701 0 0 0 3.34513e-05
0.00269881 0 0 0 3.38939e-05
0.00271067 0 0 0 3.43425e-05
0.00272257 0 0 0 3.47969e-05
0.00273453 0 0 0 3.52574e-05
0.00274654 0 0 0 3.57239e-05
0.0027586 0 0 0 3.61967e-05
0.00277071 0 0 0 3.66756e-05
0.00278288 0 0 0 3.7161e-05
0.0027951 0 0 0 3.76527e-05
0.00280738 0 0 0 3.8151e-05
0.00281971 0 0 0 3.86558e-05
0.00283209 0 0 0 3.91673e-05
0.00284453 0 0 0 3.96856e-05
0.00285702 0 0 0 4.02108e-05
0.00286957 0 0 0 4.07429e-05
0.00288217 0 0 0 4.1282e-05
0.00289483 0 0 0 4.18283e-05
0.00290754 0 0 0 4.23818e-05
0.00292031 0 0 0 4.29427e-05
0.00293313 0 0 0 4.35109e-05
0.00294601 0 0 0 4.40867e-05
0.00295895 0 0 0 4.46701e-05
0.00297195 0 0 0 4.52612e-05
0.002985 0 0 0 4.58601e-05
0.00299811 0 0 0 4.6467e-05
0.00301127 0 0 0 4.70819e-05
0.0030245 0 0 0 4.77049e-05
0.00303778 0 0 0 4.83362e-05
0.00305112 0 0 0 4.89758e-05
0.00306452 0 0 0 4.96239e-05
0.00307798 0 0 0 5.02806e-05
0.0030915 0 0 0 5.09459e-05
0.00310507 0 0 0 5.16201e-05
0.00311871 0 0 0 5.23032e-05
0.00313241 0 0 0 5.29953e-05
0.00314616 0 0 0 5.36966e-05
0.00315998 0 0 0 5.44071e-05
0.00317386 0 0 0 5.51271e-05
0.0031878 0 0 0 5.58566e-05
0.00320179 0 0 0 5.65957e-05
0.00321586 0 0 0 5.73446e-05
0.00322998 0 0 0 5.81035e-05
0.00324416 0 0 0 5.88724e-05
0.00325841 0 0 0 5.96514e-05
0.00327272 0 0 0 6.04408e-05
0.00328709 0 0 0 6.12406e-05
0.00330153 0 0 0 6.2051e-05
0.00331603 0 0 0 6.28721e-05
0.00333059 0 0 0 6.3704e-05
0.00334522 0 0 0 6.4547e-05
0.00335991 0 0 0 6.54012e-05
0.00337466 0 0 0 6.62666e-05
0.00338948 0 0 0 6.71435e-05
0.00340437 0 0 0 6.8032e-05
0.00341932 0 0 0 6.89323e-05
0.00343434 0 0 0 6.98445e-05
0.00344942 0 0 0 7.07687e-05
0.00346457 0 0 0 7.17052e-05
0.00347978 0 0 0 7.2654e-05
0.00349507 0 0 0 7.36155e-05
0.00351041 0 0 0 7.45896e-05
0.00352583 0 0 0 7.55766e-05
0.00354132 0 0 0 7.65767e-05
0.00355687 0 0 0 7.75901e-05
0.00357249 0 0 0 7.86168e-05
0.00358818 0 0 0 7.96571e-05
0.00360393 0 0 0 8.07112e-05
0.00361976 0 0 0 8.17793e-05
0.00363566 0 0 0 8.28614e-05
0.00365163 0 0 0 8.39579e-05
0.00366766 0 0 0 8.50689e-05
0.00368377 0 0 0 8.61946e-05
0.00369995 0 0 0 8.73352e-05
0.0037162 0 0 0 8.84909e-05
0.00373252 0 0 0 8.96619e-05
0.00374891 0 0 0 9.08484e-05
0.00376537 0 0 0 9.20506e-05
0.00378191 0 0 0 9.32687e-05
0.00379852 0 0 0 9.45029e-05
0.0038152 0 0 0 9.57534e-05
0.00383195 0 0 0 9.70205e-05
0.00384878 0 0 0 9.83044e-05
0.00386568 0 0 0 9.96052e-05
0.00388266 0 0 0 0.000100923
0.00389971 0 0 0 0.000102259
0.00391684 0 0 0 0.000103612
0.00393404 0 0 0 0.000104983
0.00395132 0 0 0 0.000106372
0.00396867 0 0 0 0.00010778
0.0039861 0 0 0 0.000109206
0.0040036 0 0 0 0.000110651
0.00402119 0 0 0 0.000112115
0.00403885 0 0 0 0.000113599
0.00405658 0 0 0 0.000115102
0.0040744 0 0 0 0.000116625
0.00409229 0 0 0 0.000118169
0.00411026 0 0 0 0.000119732
0.00412831 0 0 0 0.000121317
0.00414644 0 0 0 0.000122922
0.00416465 0 0 0 0.000124549
0.00418294 0 0 0 0.000126197
0.00420131 0 0 0 0.000127867
0.00421976 0 0 0 0.000129559
0.0042383 0 0 0 0.000131273
0.00425691 0 0 0 0.000133011
0.0042756 0 0 0 0.000134771
0.00429438 0 0 0 0.000136554
0.00431324 0 0 0 0.000138361
0.00433218 0 0 0 0.000140192
0.00435121 0 0 0 0.000142047
0.00437032 0 0 0 0.000143927
0.00438951 0 0 0 0.000145831
0.00440879 0 0 0 0.000147761
0.00442815 0 0 0 0.000149716
0.0044476 0 0 0 0.000151698
0.00446713 0 0 0 0.000153705
0.00448675 0 0 0 0.000155739
0.00450645 0 0 0 0.0001578
0.00452624 0 0 0 0.000159888
0.00454612 0 0 0 0.000162004
0.00456608 0 0 0 0.000164148
0.00458614 0 0 0 0.00016632
0.00460628 0 0 0 0.000168521
0.00462651 0 0 0 0.000170751
0.00464682 0 0 0 0.00017301
0.00466723 0 0 0 0.0001753
0.00468773 0 0 0 0.000177619
0.00470831 0 0 0 0.00017997
0.00472899 0 0 0 0.000182351
0.00474976 0 0 0 0.000184764
0.00477062 0 0 0 0.000187209
0.00479157 0 0 0 0.000189687
0.00481261 0 0 0 0.000192197
0.00483375 0 0 0 0.00019474
0.00485498 0 0 0 0.000197317
0.0048763 0 0 0 0.000199928
0.00489771 0 0 0 0.000202574
0.00491922 0 0 0 0.000205254
0.00494082 0 0 0 0.00020797
0.00496252 0 0 0 0.000210722
0.00498432 0 0 0 0.000213511
0.00500621 0 0 0 0.000216336
0.00502819 0 0 0 0.000219199
0.00505027 0 0 0 0.0002221
0.00507245 0 0 0 0.000225039
0.00509473 0 0 0 0.000228016
0.0051171 0 0 0 0.000231034
0.00513958 0 0 0 0.000234091
0.00516215 0 0 0 0.000237189
0.00518482 0 0 0 0.000240327
0.00520759 0 0 0 0.000243508
0.00523046 0 0 0 0.00024673
0.00525343 0 0 0 0.000249995
0.0052765 0 0 0 0.000253303
0.00529967 0 0 0 0.000256655
0.00532294 0 0 0 0.000260051
0.00534632 0 0 0 0.000263492
0.0053698 0 0 0 0.000266979
0.00539338 0 0 0 0.000270512
0.00541707 0 0 0 0.000274092
0.00544086 0 0 0 0.000277719
0.00546475 0 0 0 0.000281394
0.00548875 0 0 0 0.000285117
0.00551286 0 0 0 0.00028889
0.00553707 0 0 0 0.000292713
0.00556138 0 0 0 0.000296587
0.00558581 0 0 0 0.000300511
0.00561034 0 0 0 0.000304488
0.00563498 0 0 0 0.000308517
0.00565972 0 0 0 0.0003126
0.00568458 0 0 0 0.000316736
0.00570954 0 0 0 0.000320928
0.00573462 0 0 0 0.000325175
0.0057598 0 0 0 0.000329478
0.0057851 0 0 0 0.000333837
0.0058105 0 0 0 0.000338255
0.00583602 0 0 0 0.000342731
0.00586165 0 0 0 0.000347266
0.00588739 0 0 0 0.000351862
0.00591325 0 0 0 0.000356518
0.00593922 0 0 0 0.000361236
0.0059653 0 0 0 0.000366016
0.0059915 0 0 0 0.000370859
0.00601781 0 0 0 0.000375767
0.00604424 0 0 0 0.000380739
0.00607078 0 0 0 0.000385778
0.00609744 0 0 0 0.000390883
0.00612422 0 0 0 0.000396055
0.00615112 0 0 0 0.000401296
0.00617813 0 0 0 0.000406606
0.00620526 0 0 0 0.000411987
0.00623251 0 0 0 0.000417439
0.00625988 0 0 0 0.000422963
0.00628737 0 0 0 0.00042856
0.00631499 0 0 0 0.000434231
0.00634272 0 0 0 0.000439977
0.00637057 0 0 0 0.000445799
0.00639855 0 0 0 0.000451698
0.00642665 0 0 0 0.000457675
0.00645488 0 0 0 0.000463732
0.00648322 0 0 0 0.000469868
0.0065117 0 0 0 0.000476086
0.00654029 0 0 0 0.000482386
0.00656901 0 0 0 0.000488769
0.00659786 0 0 0 0.000495237
0.00662684 0 0 0 0.00050179
0.00665594 0 0 0 0.000508431
0.00668517 0 0 0 0.000515159
0.00671453 0 0 0 0.000521976
0.00674402 0 0 0 0.000528883
0.00677364 0 0 0 0.000535881
0.00680338 0 0 0 0.000542973
0.00683326 0 0 0 0.000550158
0.00686327 0 0 0 0.000557438
0.00689341 0 0 0 0.000564815
0.00692369 0 0 0 0.000572289
0.00695409 0 0 0 0.000579862
0.00698463 0 0 0 0.000587535
0.00701531 0 0 0 0.00059531
0.00704611 0 0 0 0.000603187
0.00707706 0 0 0 0.000611169
0.00710814 0 0 0 0.000619257
0.00713935 0 0 0 0.000627451
0.00717071 0 0 0 0.000635754
0.0072022 0 0 0 0.000644167
0.00723383 0 0 0 0.000652691
0.0072656 0 0 0 0.000661328
0.00729751 0 0 0 0.00067008
0.00732955 0 0 0 0.000678947
0.00736174 0 0 0 0.000687931
0.00739407 0 0 0 0.000697034
0.00742654 0 0 0 0.000706258
0.00745916 0 0 0 0.000715604
0.00749192 0 0 0 0.000725073
0.00752482 0 0 0 0.000734668
0.00755786 0 0 0 0.00074439
0.00759106 0 0 0 0.00075424
0.00762439 0 0 0 0.000764221
0.00765788 0 0 0 0.000774334
0.00769151 0 0 0 0.000784581
0.00772529 0 0 0 0.000794963
0.00775921 0 0 0 0.000805483
0.00779329 0 0 0 0.000816141
0.00782751 0 0 0 0.000826941
0.00786189 0 0 0 0.000837884
0.00789642 0 0 0 0.000848972
0.00793109 0 0 0 0.000860206
0.00796592 0 0 0 0.000871589
0.00800091 0 0 0 0.000883123
0.00803605 0 0 0 0.000894809
0.00807134 0 0 0 0.00090665
0.00810678 0 0 0 0.000918647
0.00814239 0 0 0 0.000930804
0.00817814 0 0 0 0.000943121
0.00821406 0 0 0 0.000955601
0.00825013 0 0 0 0.000968246
0.00828636 0 0 0 0.000981059
0.00832275 0 0 0 0.000994041
0.00835931 0 0 0 0.0010072
0.00839602 0 0 0 0.00102052
0.00843289 0 0 0 0.00103403
0.00846992 0 0 0 0.00104771
0.00850712 0 0 0 0.00106158
0.00854448 0 0 0 0.00107562
0.008582 0 0 0 0.00108986
0.00861969 0 0 0 0.00110428
0.00865755 0 0 0 0.00111889
0.00869557 0 0 0 0.0011337
0.00873376 0 0 0 0.0011487
0.00877211 0 0 0 0.0011639
0.00881064 0 0 0 0.0011793
0.00884933 0 0 0 0.00119491
0.00888819 0 0 0 0.00121072
0.00892723 0 0 0 0.00122674
0.00896643 0 0 0 0.00124297
0.00900581 0 0 0 0.00125942
0.00904536 0 0 0 0.00127609
0.00908508 0 0 0 0.00129297
0.00912498 0 0 0 0.00131008
0.00916506 0 0 0 0.00132742
0.0092053 0 0 0 0.00134499
0.00924573 0 0 0 0.00136278
0.00928634 0 0 0 0.00138082
0.00932712 0 0 0 0.00139909
0.00936808 0 0 0 0.0014176
0.00940922 0 0 0 0.00143636
0.00945054 0 0 0 0.00145537
0.00949205 0 0 0 0.00147463
0.00953373 0 0 0 0.00149414
0.0095756 0 0 0 0.00151391
0.00961765 0 0 0 0.00153395
0.00965989 0 0 0 0.00155425
0.00970231 0 0 0 0.00157481
0.00974492 0 0 0 0.00159565
0.00978772 0 0 0 0.00161677
0.0098307 0 0 0 0.00163816
0.00987387 0 0 0 0.00165984
0.00991724 0 0 0 0.0016818
0.00996079 0 0 0 0.00170406
0.0100045 0 0 0 0.00172661
0.0100485 0 0 0 0.00174946
0.0100926 0 0 0 0.00177261
0.0101369 0 0 0 0.00179606
0.0101814 0 0 0 0.00181983
0.0102262 0 0 0 0.00184391
0.0102711 0 0 0 0.00186831
0.0103162 0 0 0 0.00189304
0.0103615 0 0 0 0.00191809
0.010407 0 0 0 0.00194347
0.0104527 0 0 0 0.00196918
0.0104986 0 0 0 0.00199524
0.0105447 0 0 0 0.00202165
0.010591 0 0 0 0.0020484
0.0106375 0 0 0 0.0020755
0.0106842 0 0 0 0.00210297
0.0107312 0 0 0 0.0021308
0.0107783 0 0 0 0.00215899
0.0108256 0 0 0 0.00218756
0.0108732 0 0 0 0.00221651
0.0109209 0 0 0 0.00224584
0.0109689 0 0 0 0.00227556
0.011017 0 0 0 0.00230567
0.0110654 0 0 0 0.00233618
0.011114 0 0 0 0.0023671
0.0111628 0 0 0 0.00239842
0.0112118 0 0 0 0.00243016
0.0112611 0 0 0 0.00246232
0.0113105 0 0 0 0.0024949
0.0113602 0 0 0 0.00252792
0.0114101 0 0 0 0.00256137
0.0114602 0 0 0 0.00259526
0.0115105 0 0 0 0.0026296
0.0115611 0 0 0 0.0026644
0.0116119 0 0 0 0.00269966
0.0116629 0 0 0 0.00273538
0.0117141 0 0 0 0.00277158
0.0117655 0 0 0 0.00280826
0.0118172 0 0 0 0.00284542
0.0118691 0 0 0 0.00288307
0.0119212 0 0 0 0.00292122
0.0119736 0 0 0 0.00295988
0.0120262 0 0 0 0.00299905
0.012079 0 0 0 0.00303873
0.012132 0 0 0 0.00307894
0.0121853 0 0 0 0.00311969
0.0122388 0 0 0 0.00316097
0.0122926 0 0 0 0.0032028
0.0123465 0 0 0 0.00324518
0.0124008 0 0 0 0.00328812
0.0124552 0 0 0 0.00333163
0.0125099 0 0 0 0.00337572
0.0125649 0 0 0 0.00342039
0.01262 0 0 0 0.00346565
0.0126755 0 0 0 0.00351151
0.0127311 0 0 0 0.00355798
0.012787 0 0 0 0.00360506
0.0128432 0 0 0 0.00365277
0.0128996 0 0 0 0.00370111
0.0129562 0 0 0 0.00375008
0.0130131 0 0 0 0.00379971
0.0130703 0 0 0 0.00384999
0.0131277 0 0 0 0.00390093
0.0131853 0 0 0 0.00395255
0.0132433 0 0 0 0.00400486
0.0133014 0 0 0 0.00405785
0.0133598 0 0 0 0.00411155
0.0134185 0 0 0 0.00416596
0.0134774 0 0 0 0.00422109
0.0135366 0 0 0 0.00427694
0.0135961 0 0 0 0.00433354
0.0136558 0 0 0 0.00439088
0.0137157 0 0 0 0.00444899
0.013776 0 0 0 0.00450786
0.0138365 0 0 0 0.00456751
0.0138972 0 0 0 0.00462795
0.0139583 0 0 0 0.0046892
0.0140196 0 0 0 0.00475125
0.0140811 0 0 0 0.00481412
0.014143 0 0 0 0.00487782
0.0142051 0 0 0 0.00494237
0.0142675 0 0 0 0.00500777
0.0143301 0 0 0 0.00507404
0.0143931 0 0 0 0.00514118
0.0144563 0 0 0 0.00520922
0.0145198 0 0 0 0.00527815
0.0145835 0 0 0 0.005348
0.0146476 0 0 0 0.00541876
0.0147119 0 0 0 0.00549047
0.0147765 0 0 0 0.00556312
0.0148414 0 0 0 0.00563674
0.0149066 0 0 0 0.00571133
0.014972 0 0 0 0.00578691
0.0150378 0 0 0 0.00586349
0.0151038 0 0 0 0.00594108
0.0151702 0 0 0 0.00601969
0.0152368 0 0 0 0.00609935
0.0153037 0 0 0 0.00618006
0.0153709 0 0 0 0.00626184
0.0154384 0 0 0 0.00634471
0.0155062 0 0 0 0.00642866
0.0155743 0 0 0 0.00651373
0.0156427 0 0 0 0.00659993
0.0157114 0 0 0 0.00668727
0.0157804 0 0 0 0.00677576
0.0158497 0 0 0 0.00686542
0.0159193 0 0 0 0.00695627
0.0159892 0 0 0 0.00704832
0.0160594 0 0 0 0.00714159
0.01613 0 0 0 0.00723609
0.0162008 0 0 0 0.00733185
0.016272 0 0 0 0.00742887
0.0163434 0 0 0 0.00752718
0.0164152 0 0 0 0.00762678
0.0164873 0 0 0 0.00772771
0.0165597 0 0 0 0.00782997
0.0166324 0 0 0 0.00793358
0.0167055 0 0 0 0.00803856
0.0167788 0 0 0 0.00814494
0.0168525 0 0 0 0.00825272
0.0169265 0 0 0 0.00836192
0.0170009 0 0 0 0.00847258
0.0170755 0 0 0 0.00858469
0.0171505 0 0 0 0.00869829
0.0172258 0 0 0 0.0088134
0.0173015 0 0 0 0.00893002
0.0173775 0 0 0 0.00904819
0.0174538 0 0 0 0.00916793
0.0175304 0 0 0 0.00928924
0.0176074 0 0 0 0.00941217
0.0176847 0 0 0 0.00953672
0.0177624 0 0 0 0.00966291
0.0178404 0 0 0 0.00979078
0.0179188 0 0 0 0.00992034
0.0179974 0 0 0 0.0100516
0.0180765 0 0 0 0.0101846
0.0181559 0 0 0 0.0103194
0.0182356 0 0 0 0.010456
0.0183157 0 0 0 0.0105943
0.0183961 0 0 0 0.0107345
0.0184769 0 0 0 0.0108766
0.0185581 0 0 0 0.0110205
0.0186396 0 0 0 0.0111663
0.0187214 0 0 0 0.0113141
0.0188036 0 0 0 0.0114638
0.0188862 0 0 0 0.0116155
0.0189692 0 0 0 0.0117692
0.0190525 0 0 0 0.0119249
0.0191361 0 0 0 0.0120827
0.0192202 0 0 0 0.0122426
0.0193046 0 0 0 0.0124046
0.0193894 0 0 0 0.0125688
0.0194745 0 0 0 0.0127351
0.01956 0 0 0 0.0129036
0.0196459 0 0 0 0.0130744
0.0197322 0 0 0 0.0132474
0.0198189 0 0 0 0.0134227
0.0199059 0 0 0 0.0136003
0.0199933 0 0 0 0.0137803
0.0200811 0 0 0 0.0139626
0.0201693 0 0 0 0.0141474
0.0202579 0 0 0 0.0143346
0.0203469 0 0 0 0.0145243
0.0204362 0 0 0 0.0147165
0.020526 0 0 0 0.0149113
0.0206161 0 0 0 0.0151086
0.0207066 0 0 0 0.0153085
0.0207976 0 0 0 0.0155111
0.0208889 0 0 0 0.0157163
0.0209807 0 0 0 0.0159243
0.0210728 0 0 0 0.016135
0.0211653 0 0 0 0.0163485
0.0212583 0 0 0 0.0165649
0.0213517 0 0 0 0.0167841
0.0214454 0 0 0 0.0170062
0.0215396 0 0 0 0.0172312
0.0216342 0 0 0 0.0174592
0.0217292 0 0 0 0.0176903
0.0218246 0 0 0 0.0179244
0.0219205 0 0 0 0.0181616
0.0220167 0 0 0 0.0184019
0.0221134 0 0 0 0.0186454
0.0222105 0 0 0 0.0188921
0.0223081 0 0 0 0.0191421
0.0224061 0 0 0 0.0193954
0.0225045 0 0 0 0.0196521
0.0226033 0 0 0 0.0199121
0.0227026 0 0 0 0.0201756
0.0228023 0 0 0 0.0204426
0.0229024 0 0 0 0.0207131
0.023003 0 0 0 0.0209872
0.023104 0 0 0 0.0212649
0.0232055 0 0 0 0.0215463
0.0233074 0 0 0 0.0218315
0.0234097 0 0 0 0.0221204
0.0235125 0 0 0 0.0224131
0.0236158 0 0 0 0.0227097
0.0237195 0 0 0 0.0230102
0.0238237 0 0 0 0.0233147
0.0239283 0 0 0 0.0236232
0.0240334 0 0 0 0.0239358
0.0241389 0 0 0 0.0242525
0.0242449 0 0 0 0.0245735
0.0243514 0 0 0 0.0248986
0.0244584 0 0 0 0.0252281
0.0245658 0 0 0 0.025562
0.0246737 0 0 0 0.0259002
0.024782 0 0 0 0.026243
0.0248908 0 0 0 0.0265902
0.0250002 0 0 0 0.0269421
0.0251099 0 0 0 0.0272986
0.0252202 0 0 0 0.0276598
0.025331 0 0 0 0.0280259
0.0254422 0 0 0 0.0283967
0.025554 0 0 0 0.0287725
0.0256662 0 0 0 0.0291532
0.0257789 0 0 0 0.029539
0.0258921 0 0 0 0.0299299
0.0260058 0 0 0 0.030326
0.02612 0 0 0 0.0307273
0.0262347 0 0 0 0.0311339
0.0263499 0 0 0 0.0315459
0.0264657 0 0 0 0.0319633
0.0265819 0 0 0 0.0323863
0.0266986 0 0 0 0.0328148
0.0268159 0 0 0 0.0332491
0.0269337 0 0 0 0.0336891
0.0270519 0 0 0 0.0341349
0.0271707 0 0 0 0.0345866
0.0272901 0 0 0 0.0350442
0.0274099 0 0 0 0.035508
0.0275303 0 0 0 0.0359778
0.0276512 0 0 0 0.0364539
0.0277726 0 0 0 0.0369363
0.0278946 0 0 0 0.0374251
0.0280171 0 0 0 0.0379203
0.0281401 0 0 0 0.0384221
0.0282637 0 0 0 0.0389306
0.0283878 0 0 0 0.0394457
0.0285125 0 0 0 0.0399677
0.0286377 0 0 0 0.0404966
0.0287635 0 0 0 0.0410325
0.0288898 0 0 0 0.0415755
0.0290167 0 0 0 0.0421256
0.0291441 0 0 0 0.0426831
0.0292721 0 0 0 0.0432479
0.0294007 0 0 0 0.0438202
0.0295298 0 0 0 0.0444001
0.0296595 0 0 0 0.0449876
0.0297897 0 0 0 0.0455829
0.0299205 0 0 0 0.0461861
0.0300519 0 0 0 0.0467973
0.0301839 0 0 0 0.0474165
0.0303165 0 0 0 0.048044
0.0304496 0 0 0 0.0486798
0.0305833 0 0 0 0.0493239
0.0307176 0 0 0 0.0499766
0.0308525 0 0 0 0.050638
0.030988 0 0 0 0.051308
0.0311241 0 0 0 0.051987
0.0312608 0 0 0 0.0526749
0.0313981 0 0 0 0.053372
0.031536 0 0 0 0.0540782
0.0316745 0 0 0 0.0547938
0.0318136 0 0 0 0.0555189
0.0319533 0 0 0 0.0562536
0.0320936 0 0 0 0.056998
0.0322346 0 0 0 0.0577522
0.0323761 0 0 0 0.0585165
0.0325183 0 0 0 0.0592908
0.0326611 0 0 0 0.0600754
0.0328046 0 0 0 0.0608704
0.0329486 0 0 0 0.0616759
0.0330933 0 0 0 0.062492
0.0332387 0 0 0 0.063319
0.0333846 0 0 0 0.0641568
0.0335312 0 0 0 0.0650058
0.0336785 0 0 0 0.065866
0.0338264 0 0 0 0.0667376
0.033975 0 0 0 0.0676208
0.0341242 0 0 0 0.0685156
0.034274 0 0 0 0.0694222
0.0344245 0 0 0 0.0703409
0.0345757 0 0 0 0.0712717
0.0347276 0 0 0 0.0722148
0.0348801 0 0 0 0.0731704
0.0350333 0 0 0 0.0741387
0.0351871 0 0 0 0.0751198
0.0353416 0 0 0 0.0761138
0.0354969 0 0 0 0.077121
0.0356527 0 0 0 0.0781416
0.0358093 0 0 0 0.0791756
0.0359666 0 0 0 0.0802233
0.0361245 0 0 0 0.0812849
0.0362832 0 0 0 0.0823605
0.0364425 0 0 0 0.0834504
0.0366026 0 0 0 0.0845547
0.0367633 0 0 0 0.0856736
0.0369248 0 0 0 0.0868073
0.0370869 0 0 0 0.087956
0.0372498 0 0 0 0.0891199
0.0374134 0 0 0 0.0902992
0.0375777 0 0 0 0.0914941
0.0377427 0 0 0 0.0927049
0.0379085 0 0 0 0.0939316
0.0380749 0 0 0 0.0951746
0.0382422 0 0 0 0.096434
0.0384101 0 0 0 0.0977101
0.0385788 0 0 0 0.0990031
0.0387482 0 0 0 0.100313
0.0389184 0 0 0 0.101641
0.0390893 0 0 0 0.102986
0.039261 0 0 0 0.104348
0.0394334 0 0 0 0.105729
0.0396066 0 0 0 0.107128
0.0397805 0 0 0 0.108546
0.0399552 0 0 0 0.109982
0.0401307 0 0 0 0.111438
0.0403069 0 0 0 0.112912
0.0404839 0 0 0 0.114407
0.0406617 0 0 0 0.11592
0.0408403 0 0 0 0.117454
0.0410196 0 0 0 0.119009
0.0411998 0 0 0 0.120584
0.0413807 0 0 0 0.122179
0.0415624 0 0 0 0.123796
0.041745 0 0 0 0.125434
0.0419283 0 0 0 0.127094
0.0421124 0 0 0 0.128776
0.0422974 0 0 0 0.13048
0.0424831 0 0 0 0.132207
0.0426697 0 0 0 0.133956
0.0428571 0 0 0 0.135729
0.0430453 0 0 0 0.137525
0.0432344 0 0 0 0.139345
0.0434242 0 0 0 0.141188
0.0436149 0 0 0 0.143057
0.0438065 0 0 0 0.14495
0.0439988 0 0 0 0.146868
0.0441921 0 0 0 0.148811
0.0443862 0 0 0 0.150781
0.0445811 0 0 0 0.152776
0.0447769 0 0 0 0.154798
0.0449735 0 0 0 0.156846
0.045171 0 0 0 0.158921
0.0453694 0 0 0 0.161024
0.0455686 0 0 0 0.163155
0.0457688 0 0 0 0.165314
0.0459698 605.883 2.87142e-06 6 0.167502
0.0461716 0 0 0 0.169718
0.0463744 0 0 0 0.171964
0.0465781 0 0 0 0.17424
0.0467826 0 0 0 0.176546
0.0469881 0 0 0 0.178882
0.0471944 0 0 0 0.181249
0.0474017 0 0 0 0.183647
0.0476099 0 0 0 0.186078
0.0478189 0 0 0 0.18854
0.048029 0 0 0 0.191035
0.0482399 0 0 0 0.193563
0.0484517 0 0 0 0.196124
0.0486645 0 0 0 0.198719
0.0488782 0 0 0 0.201349
0.0490929 0 0 0 0.204013
0.0493085 0 0 0 0.206713
0.049525 0 0 0 0.209449
0.0497425 0 0 0 0.21222
0.049961 0 0 0 0.215028
0.0501804 0 0 0 0.217874
0.0504008 0 0 0 0.220757
0.0506221 0 0 0 0.223678
0.0508444 0 0 0 0.226638
0.0510677 0 0 0 0.229637
0.051292 0 0 0 0.232676
0.0515172 0 0 0 0.235755
0.0517435 0 0 0 0.238875
0.0519707 0 0 0 0.242036
0.052199 0 0 0 0.245238
0.0524282 0 0 0 0.248484
0.0526584 0 0 0 0.251772
0.0528897 0 0 0 0.255103
0.053122 0 0 0 0.258479
0.0533553 0 0 0 0.2619
0.0535896 0 0 0 0.265365
0.0538249 0 0 0 0.268877
0.0540613 0 0 0 0.272435
0.0542987 0 0 0 0.27604
0.0545372 0 0 0 0.279693
0.0547767 0 0 0 0.283394
0.0550173 0 0 0 0.287144
0.0552589 0 0 0 0.290944
0.0555015 0 0 0 0.294794
0.0557453 0 0 0 0.298695
0.0559901 0 0 0 0.302647
0.056236 0 0 0 0.306652
0.056483 0 0 0 0.31071
0.056731 0 0 0 0.314822
0.0569802 0 0 0 0.318988
0.0572304 0 0 0 0.323209
0.0574817 0 0 0 0.327486
0.0577342 0 0 0 0.331819
0.0579877 0 0 0 0.33621
0.0582424 0 0 0 0.340659
0.0584982 0 0 0 0.345167
0.0587551 0 0 0 0.349735
0.0590131 0 0 0 0.354363
0.0592723 0 0 0 0.359052
0.0595326 0 0 0 0.363803
0.059794 0 0 0 0.368617
0.0600566 0 0 0 0.373495
0.0603203 0 0 0 0.378438
0.0605852 0 0 0 0.383446
0.0608513 0 0 0 0.38852
0.0611186 0 0 0 0.393661
0.061387 0 0 0 0.39887
0.0616566 0 0 0 0.404148
0.0619273 0 0 0 0.409496
0.0621993 0 0 0 0.414915
0.0624724 0 0 0 0.420406
0.0627468 0 0 0 0.425969
0.0630224 0 0 0 0.431606
0.0632991 0 0 0 0.437317
0.0635771 0 0 0 0.443104
0.0638563 0 0 0 0.448968
0.0641368 0 0 0 0.454909
0.0644184 0 0 0 0.460928
0.0647013 0 0 0 0.467028
0.0649855 212.651 3.56734e-07 12 0.473208
0.0652709 0 0 0 0.47947
0.0655575 0 0 0 0.485815
0.0658454 0 0 0 0.492243
0.0661346 0 0 0 0.498757
0.066425 0 0 0 0.505357
0.0667167 0 0 0 0.512044
0.0670097 0 0 0 0.51882
0.067304 0 0 0 0.525686
0.0675996 0 0 0 0.532642
0.0678965 0 0 0 0.53969
0.0681946 0 0 0 0.546832
0.0684941 0 0 0 0.554068
0.0687949 0 0 0 0.5614
0.0690971 0 0 0 0.568829
0.0694005 0 0 0 0.576356
0.0697053 0 0 0 0.583983
0.0700114 0 0 0 0.591711
0.0703189 0 0 0 0.599541
0.0706277 0 0 0 0.607475
0.0709379 0 0 0 0.615513
0.0712494 0 0 0 0.623658
0.0715623 0 0 0 0.631911
0.0718766 0 0 0 0.640273
0.0721922 0 0 0 0.648746
0.0725093 0 0 0 0.657331
0.0728277 0 0 0 0.666029
0.0731475 0 0 0 0.674842
0.0734688 0 0 0 0.683772
0.0737914 0 0 0 0.692821
0.0741155 0 0 0 0.701989
0.074441 0 0 0 0.711278
0.0747679 0 0 0 0.72069
0.0750963 0 0 0 0.730227
0.0754261 0 0 0 0.73989
0.0757573 0 0 0 0.749681
0.07609 0 0 0 0.759601
0.0764242 0 0 0 0.769653
0.0767598 0 0 0 0.779838
0.0770969 0 0 0 0.790157
0.0774355 0 0 0 0.800613
0.0777755 0 0 0 0.811208
0.0781171 0 0 0 0.821942
0.0784602 0 0 0 0.832819
0.0788047 0 0 0 0.84384
0.0791508 0 0 0 0.855006
0.0794984 180.529 1.65423e-07 8 0.86632
0.0798475 0 0 0 0.877784
0.0801982 0 0 0 0.8894
0.0805504 0 0 0 0.901169
0.0809042 0 0 0 0.913094
0.0812595 0 0 0 0.925177
0.0816163 0 0 0 0.93742
0.0819747 0 0 0 0.949825
0.0823347 0 0 0 0.962393
0.0826963 0 0 0 0.975129
0.0830595 0 0 0 0.988032
0.0834243 0 0 0 1.00111
0.0837906 0 0 0 1.01435
0.0841586 0 0 0 1.02778
0.0845282 0 0 0 1.04138
0.0848994 0 0 0 1.05516
0.0852723 0 0 0 1.06912
0.0856468 0 0 0 1.08327
0.0860229 0 0 0 1.0976
0.0864007 0 0 0 1.11213
0.0867801 0 0 0 1.12684
0.0871612 0 0 0 1.14176
0.087544 0 0 0 1.15686
0.0879285 0 0 0 1.17217
0.0883146 0 0 0 1.18768
0.0887025 0 0 0 1.2034
0.089092 0 0 0 1.21933
0.0894833 0 0 0 1.23546
0.0898763 0 0 0 1.25181
0.090271 0 0 0 1.26837
0.0906674 0 0 0 1.28516
0.0910656 0 0 0 1.30216
0.0914655 0 0 0 1.3194
0.0918672 2241.75 1.33116e-06 6 1.33686
0.0922706 0 0 0 1.35455
0.0926759 0 0 0 1.37247
0.0930829 0 0 0 1.39063
0.0934916 0 0 0 1.40903
0.0939022 0 0 0 1.42768
0.0943146 0 0 0 1.44657
0.0947288 0 0 0 1.46571
0.0951448 0 0 0 1.48511
0.0955627 0 0 0 1.50476
0.0959823 0 0 0 1.52467
0.0964039 0 0 0 1.54485
0.0968272 0 0 0 1.56529
0.0972525 0 0 0 1.58601
0.0976796 0 0 0 1.60699
0.0981085 0 0 0 1.62826
0.0985394 0 0 0 1.64981
0.0989721 0 0 0 1.67164
0.0994068 0 0 0 1.69376
0.0998433 0 0 0 1.71617
0.100282 0 0 0 1.73888
0.100722 0 0 0 1.76189
0.101165 0 0 0 1.78521
0.101609 0 0 0 1.80883
0.102055 0 0 0 1.83277
0.102503 0 0 0 1.85702
0.102953 645.755 2.7244e-07 24 1.88159
0.103406 0 0 0 1.90649
0.10386 0 0 0 1.93172
0.104316 0 0 0 1.95728
0.104774 0 0 0 1.98318
0.105234 0 0 0 2.00942
0.105696 0 0 0 2.03602
0.10616 0 0 0 2.06296
0.106627 0 0 0 2.09026
0.107095 0 0 0 2.11792
0.107565 0 0 0 2.14594
0.108038 0 0 0 2.17434
0.108512 0 0 0 2.20311
0.108989 0 0 0 2.23227
0.109467 0 0 0 2.26181
0.109948 0 0 0 2.29174
0.110431 0 0 0 2.32206
0.110916 0 0 0 2.35279
0.111403 0 0 0 2.38392
0.111892 0 0 0 2.41547
0.112384 588.282 1.90811e-07 24 2.44743
0.112877 0 0 0 2.47982
0.113373 0 0 0 2.51263
0.113871 0 0 0 2.54588
0.114371 0 0 0 2.57957
0.114873 0 0 0 2.61371
0.115377 0 0 0 2.6483
0.115884 0 0 0 2.68334
0.116393 0 0 0 2.71885
0.116904 0 0 0 2.75483
0.117418 0 0 0 2.79128
0.117933 0 0 0 2.82822
0.118451 0 0 0 2.86564
0.118971 0 0 0 2.90356
0.119494 0 0 0 2.94199
0.120019 0 0 0 2.98092
0.120546 0 0 0 3.02036
0.121075 0 0 0 3.06033
0.121607 0 0 0 3.10083
0.122141 0 0 0 3.14186
0.122677 0 0 0 3.18344
0.123216 0 0 0 3.22556
0.123757 0 0 0 3.26825
0.124301 0 0 0 3.31149
0.124847 0 0 0 3.35531
0.125395 0 0 0 3.39972
0.125946 0 0 0 3.4447
0.126499 0 0 0 3.49029
0.127054 0 0 0 3.53647
0.127612 0 0 0 3.58327
0.128173 0 0 0 3.63069
0.128736 0 0 0 3.67873
0.129301 0 0 0 3.72741
0.129869 675.901 1.42068e-07 12 3.77674
0.130439 0 0 0 3.82671
0.131012 0 0 0 3.87735
0.131587 0 0 0 3.92866
0.132165 0 0 0 3.98065
0.132746 0 0 0 4.03332
0.133329 0 0 0 4.0867
0.133914 0 0 0 4.14077
0.134502 0 0 0 4.19557
0.135093 0 0 0 4.25109
0.135686 0 0 0 4.30734
0.136282 0 0 0 4.36434
0.136881 0 0 0 4.42209
0.137482 0 0 0 4.48061
0.138085 1085.41 1.89791e-07 30 4.5399
0.138692 0 0 0 4.59998
0.139301 0 0 0 4.66085
0.139913 0 0 0 4.72253
0.140527 0 0 0 4.78502
0.141144 0 0 0 4.84834
0.141764 0 0 0 4.91249
0.142387 0 0 0 4.9775
0.143012 0 0 0 5.04337
0.14364 0 0 0 5.11011
0.144271 0 0 0 5.17773
0.144904 0 0 0 5.24624
0.145541 730.702 1.09122e-07 24 5.31567
0.14618 0 0 0 5.38601
0.146822 0 0 0 5.45728
0.147467 0 0 0 5.5295
0.148114 0 0 0 5.60267
0.148765 0 0 0 5.67681
0.149418 0 0 0 5.75193
0.150074 0 0 0 5.82804
0.150733 0 0 0 5.90516
0.151395 0 0 0 5.98331
0.15206 0 0 0 6.06248
0.152728 1261.67 1.63048e-07 24 6.14271
0.153399 0 0 0 6.22399
0.154072 0 0 0 6.30635
0.154749 0 0 0 6.3898
0.155429 0 0 0 6.47436
0.156111 0 0 0 6.56003
0.156797 0 0 0 6.64684
0.157485 0 0 0 6.7348
0.158177 0 0 0 6.82392
0.158872 1335.35 1.53314e-07 8 6.91422
0.159569 0 0 0 7.00571
0.16027 0 0 0 7.09842
0.160974 0 0 0 7.19235
0.161681 0 0 0 7.28753
0.162391 0 0 0 7.38396
0.163104 0 0 0 7.48167
0.163821 0 0 0 7.58068
0.16454 0 0 0 7.68099
0.165263 0 0 0 7.78263
0.165988 1421.51 1.43101e-07 24 7.88562
0.166717 0 0 0 7.98997
0.167449 0 0 0 8.0957
0.168185 0 0 0 8.20283
0.168923 0 0 0 8.31138
0.169665 0 0 0 8.42136
0.17041 0 0 0 8.5328
0.171159 0 0 0 8.64571
0.17191 1283.29 1.16291e-07 48 8.76012
0.172665 0 0 0 8.87604
0.173424 0 0 0 8.9935
0.174185 0 0 0 9.11251
0.17495 0 0 0 9.23309
0.175719 0 0 0 9.35527
0.17649 0 0 0 9.47907
0.177265 0 0 0 9.6045
0.178044 0 0 0 9.7316
0.178826 0 0 0 9.86037
0.179611 0 0 0 9.99086
0.1804 0 0 0 10.1231
0.181192 0 0 0 10.257
0.181988 0 0 0 10.3928
0.182787 0 0 0 10.5303
0.18359 1001.79 7.4534e-08 6 10.6696
0.184396 0 0 0 10.8108
0.185206 0 0 0 10.9539
0.186019 0 0 0 11.0988
0.186836 0 0 0 11.2457
0.187657 0 0 0 11.3945
0.188481 0 0 0 11.5453
0.189309 1187.77 8.06021e-08 48 11.6981
0.19014 0 0 0 11.8529
0.190975 0 0 0 12.0097
0.191814 0 0 0 12.1686
0.192656 0 0 0 12.3297
0.193502 0 0 0 12.4928
0.194352 0 0 0 12.6581
0.195205 1648.43 1.02028e-07 36 12.8256
0.196063 0 0 0 12.9954
0.196924 0 0 0 13.1673
0.197789 0 0 0 13.3416
0.198657 0 0 0 13.5181
0.19953 0 0 0 13.697
0.200406 1276.9 7.30384e-08 24 13.8782
0.201286 0 0 0 14.0619
0.20217 0 0 0 14.248
0.203058 0 0 0 14.4365
0.20395 0 0 0 14.6275
0.204845 0 0 0 14.8211
0.205745 1654.11 8.74387e-08 24 15.0172
0.206648 0 0 0 15.216
0.207556 0 0 0 15.4173
0.208467 0 0 0 15.6213
0.209383 0 0 0 15.828
0.210302 1408.05 6.96962e-08 48 16.0375
0.211226 0 0 0 16.2497
0.212154 0 0 0 16.4647
0.213085 0 0 0 16.6826
0.214021 0 0 0 16.9034
0.214961 0 0 0 17.1271
0.215905 1325.4 6.06296e-08 24 17.3537
0.216853 0 0 0 17.5833
0.217806 0 0 0 17.816
0.218762 0 0 0 18.0518
0.219723 0 0 0 18.2906
0.220688 0 0 0 18.5327
0.221657 0 0 0 18.7779
0.22263 0 0 0 19.0264
0.223608 0 0 0 19.2782
0.22459 0 0 0 19.5333
0.225577 1189.2 4.76977e-08 24 19.7918
0.226567 0 0 0 20.0537
0.227562 0 0 0 20.319
0.228562 0 0 0 20.5879
0.229565 694.236 2.64189e-08 30 20.8604
0.230573 0 0 0 21.1364
0.231586 0 0 0 21.4161
0.232603 0 0 0 21.6995
0.233625 0 0 0 21.9866
0.234651 1034.01 3.68455e-08 72 22.2776
0.235681 0 0 0 22.5724
0.236716 0 0 0 22.8711
0.237756 0 0 0 23.1737
0.2388 1431.69 4.84029e-08 32 23.4804
0.239849 0 0 0 23.7911
0.240902 0 0 0 24.1059
0.24196 0 0 0 24.4249
0.243022 0 0 0 24.7481
0.24409 0 0 0 25.0756
0.245162 0 0 0 25.4074
0.246238 0 0 0 25.7437
0.24732 1704.38 5.18699e-08 72 26.0843
0.248406 0 0 0 26.4295
0.249497 0 0 0 26.7792
0.250592 0 0 0 27.1336
0.251693 1421.53 4.10457e-08 48 27.4926
0.252798 0 0 0 27.8564
0.253909 0 0 0 28.2251
0.255024 0 0 0 28.5986
0.256144 0 0 0 28.977
0.257268 0 0 0 29.3605
0.258398 0 0 0 29.749
0.259533 2375.46 6.25597e-08 12 30.1426
0.260673 0 0 0 30.5415
0.261818 0 0 0 30.9457
0.262967 0 0 0 31.3552
0.264122 2199.04 5.4947e-08 48 31.7701
0.265282 0 0 0 32.1905
0.266447 0 0 0 32.6165
0.267617 1231.38 2.95783e-08 48 33.0481
0.268793 0 0 0 33.4854
0.269973 0 0 0 33.9285
0.271159 0 0 0 34.3775
0.27235 1280.41 2.91806e-08 48 34.8324
0.273546 0 0 0 35.2933
0.274747 0 0 0 35.7604
0.275954 1233.52 2.70249e-08 30 36.2336
0.277165 0 0 0 36.713
0.278383 0 0 0 37.1989
0.279605 831.106 1.75044e-08 24 37.6911
0.280833 0 0 0 38.1899
0.282066 0 0 0 38.6952
0.283305 914.776 1.85215e-08 72 39.2073
0.284549 0 0 0 39.7261
0.285799 0 0 0 40.2518
0.287054 0 0 0 40.7844
0.288315 0 0 0 41.3241
0.289581 0 0 0 41.871
0.290853 1274.32 2.38443e-08 24 42.4251
0.29213 0 0 0 42.9865
0.293413 0 0 0 43.5553
0.294702 1219.78 2.19411e-08 96 44.1317
0.295996 0 0 0 44.7156
0.297296 1447.34 2.53589e-08 48 45.3074
0.298601 0 0 0 45.9069
0.299913 0 0 0 46.5144
0.30123 1917.47 3.2297e-08 24 47.1299
0.302553 0 0 0 47.7536
0.303881 0 0 0 48.3855
0.305216 1105.83 1.79058e-08 24 49.0258
0.306556 0 0 0 49.6745
0.307903 1596.1 2.51736e-08 72 50.3319
0.309255 0 0 0 50.9979
0.310613 0 0 0 51.6727
0.311977 710.128 1.0767e-08 48 52.3565
0.313347 0 0 0 53.0493
0.314723 0 0 0 53.7513
0.316105 0 0 0 54.4626
0.317494 0 0 0 55.1833
0.318888 1571.14 2.23063e-08 8 55.9135
0.320288 0 0 0 56.6534
0.321695 1338.57 1.85112e-08 54 57.4031
0.323108 0 0 0 58.1627
0.324527 1662.02 2.23878e-08 84 58.9324
0.325952 0 0 0 59.7122
0.327383 0 0 0 60.5024
0.328821 1289.07 1.66926e-08 48 61.303
0.330265 0 0 0 62.1142
0.331716 917.228 1.15693e-08 24 62.9362
0.333172 0 0 0 63.769
0.334635 1396.11 1.71526e-08 72 64.6129
0.336105 0 0 0 65.4679
0.337581 1271.08 1.52112e-08 96 66.3342
0.339064 0 0 0 67.212
0.340553 0 0 0 68.1014
0.342048 0 0 0 69.0026
0.34355 1178.91 1.33856e-08 48 69.9157
0.345059 0 0 0 70.8409
0.346575 1292.2 1.42911e-08 48 71.7783
0.348097 0 0 0 72.7281
0.349625 1499.13 1.61494e-08 24 73.6905
0.351161 0 0 0 74.6657
0.352703 1557.41 1.63418e-08 72 75.6537
0.354252 0 0 0 76.6548
0.355808 0 0 0 77.6692
0.35737 0 0 0 78.697
0.35894 1312.88 1.30704e-08 72 79.7384
0.360516 0 0 0 80.7935
0.362099 1730.56 1.67815e-08 96 81.8627
0.363689 0 0 0 82.9459
0.365287 0 0 0 84.0436
0.366891 2299.33 2.14346e-08 6 85.1557
0.368502 0 0 0 86.2825
0.37012 1847.03 1.67714e-08 96 87.4243
0.371746 0 0 0 88.5812
0.373378 1277.6 1.12999e-08 96 89.7534
0.375018 0 0 0 90.9411
0.376665 1298.99 1.11909e-08 24 92.1445
0.378319 1637.5 1.3923e-08 48 93.3638
0.379981 0 0 0 94.5993
0.381649 1185.06 9.81461e-09 96 95.8511
0.383326 0 0 0 97.1195
0.385009 1692.46 1.36531e-08 48 98.4047
0.3867 0 0 0 99.7068
0.388398 0 0 0 101.026
0.390104 1260.88 9.77819e-09 36 102.363
0.391817 1482.61 1.13476e-08 48 103.718
0.393538 0 0 0 105.09
0.395266 1742.21 1.29885e-08 120 106.481
0.397002 0 0 0 107.89
0.398745 1679.28 1.21944e-08 56 109.318
0.400496 1097.57 7.86617e-09 24 110.764
0.402255 0 0 0 112.23
0.404022 1456.19 1.01655e-08 96 113.715
0.405796 1262.81 8.70042e-09 48 115.22
0.407578 0 0 0 116.744
0.409368 0 0 0 118.289
0.411166 1024.59 6.78614e-09 24 119.855
0.412972 1455.72 9.51576e-09 102 121.441
0.414785 0 0 0 123.048
0.416607 1756.27 1.11825e-08 48 124.676
0.418436 2347.77 1.47534e-08 72 126.326
0.420274 0 0 0 127.997
0.42212 1751.62 1.07216e-08 48 129.691
0.423974 1405.38 8.48989e-09 48 131.407
0.425836 1681.07 1.00227e-08 120 133.146
0.427706 0 0 0 134.908
0.429584 0 0 0 136.693
0.431471 1765.76 1.01205e-08 24 138.502
0.433365 1553 8.78486e-09 144 140.335
0.435269 1486.42 8.29841e-09 120 142.192
0.43718 0 0 0 144.074
0.4391 2061.39 1.12097e-08 48 145.98
0.441028 0 0 0 147.912
0.442965 1519.13 8.0466e-09 48 149.869
0.444911 1650.49 8.62821e-09 96 151.852
0.446865 0 0 0 153.862
0.448827 0 0 0 155.898
0.450798 1719.51 8.64137e-09 24 157.961
0.452778 1375.47 6.82213e-09 48 160.051
0.454766 1808.24 8.85148e-09 108 162.169
0.456763 1534.72 7.41446e-09 72 164.315
0.458769 1473.06 7.02364e-09 30 166.489
0.460784 0 0 0 168.692
0.462808 1922.23 8.9275e-09 168 170.925
0.46484 1297.21 5.94601e-09 48 173.187
0.466882 0 0 0 175.478
0.468932 1611.13 7.19328e-09 72 177.8
0.470991 1691.4 7.45301e-09 96 180.153
0.47306 2353.57 1.02354e-08 72 182.537
0.475137 1497.65 6.42804e-09 72 184.953
0.477224 2143.22 9.07874e-09 32 187.4
0.47932 1292.16 5.40214e-09 72 189.88
0.481425 1574.45 6.49634e-09 144 192.393
0.483539 0 0 0 194.939
0.485663 0 0 0 197.518
0.487795 1741.18 6.90647e-09 96 200.132
0.489938 1560.08 6.1073e-09 96 202.78
0.492089 2001.94 7.73474e-09 48 205.464
0.49425 1247.06 4.75522e-09 72 208.182
0.496421 1534.63 5.77535e-09 120 210.937
0.498601 1750.98 6.50352e-09 72 213.729
0.500791 0 0 0 216.557
0.50299 1431.13 5.17759e-09 48 219.422
0.505199 1566.35 5.59279e-09 78 222.326
0.507418 1763.33 6.21388e-09 120 225.268
0.509646 1842.29 6.40733e-09 48 228.249
0.511884 0 0 0 231.269
0.514132 1588.88 5.38259e-09 144 234.33
0.51639 1520.46 5.08354e-09 144 237.431
0.518658 0 0 0 240.573
0.520936 2036.96 6.63371e-09 156 243.756
0.523223 1576.48 5.06702e-09 48 246.982
0.525521 1830.32 5.80606e-09 120 250.25
0.527829 1936.93 6.064e-09 48 253.561
0.530147 1867.44 5.77011e-09 48 256.917
0.532475 1658.54 5.05768e-09 168 260.316
0.534814 2023.9 6.09125e-09 48 263.761
0.537162 1629.22 4.83935e-09 96 267.252
0.539522 1611.36 4.7238e-09 96 270.788
0.541891 1816.5 5.25565e-09 72 274.371
0.544271 2157.16 6.15975e-09 48 278.002
0.546661 1543.54 4.35001e-09 144 281.681
0.549062 0 0 0 285.408
0.551473 2548.36 6.99543e-09 30 289.185
0.553895 1480.76 4.0117e-09 96 293.012
0.556327 1765.06 4.71948e-09 248 296.889
0.558771 1177.65 3.10771e-09 24 300.818
0.561224 1396.39 3.63683e-09 168 304.799
0.563689 1848.32 4.751e-09 120 308.832
0.566165 1700.47 4.31386e-09 72 312.919
0.568651 1974.43 4.94344e-09 144 317.059
0.571148 1874.29 4.63144e-09 192 321.255
0.573657 0 0 0 325.506
0.576176 2116.81 5.09498e-09 72 329.814
0.578706 2005.26 4.76345e-09 96 334.178
0.581248 1305.53 3.06077e-09 24 338.6
0.5838 1744.23 4.03586e-09 300 343.081
0.586364 2046 4.67228e-09 24 347.621
0.588939 1897.44 4.27643e-09 96 352.221
0.591526 1539.69 3.42483e-09 216 356.882
0.594124 0 0 0 361.604
0.596733 1743.22 3.77693e-09 126 366.389
0.599353 1578.7 3.3758e-09 144 371.238
0.601985 2081.34 4.39248e-09 144 376.15
0.604629 2042.83 4.25491e-09 168 381.128
0.607285 1775.69 3.6502e-09 144 386.171
0.609951 1144.86 2.32269e-09 24 391.281
0.61263 1691.42 3.38674e-09 144 396.459
0.615321 2207.31 4.36198e-09 192 401.705
0.618023 1656.59 3.23092e-09 120 407.021
0.620737 1708.52 3.28868e-09 144 412.407
0.623463 1412.22 2.68285e-09 48 417.864
0.626201 1802.87 3.38026e-09 336 423.394
0.628951 1609.42 2.97813e-09 48 428.997
0.631713 2029.28 3.70602e-09 192 434.674
0.634488 2319.77 4.1812e-09 48 440.425
0.637274 1723.93 3.06667e-09 56 446.254
0.640073 2177.94 3.8237e-09 240 452.159
0.642884 1591.04 2.75683e-09 150 458.142
0.645707 1842.98 3.15167e-09 240 464.205
0.648543 2165.85 3.65543e-09 84 470.347
0.651391 2123.92 3.53785e-09 144 476.571
0.654252 2118.85 3.4833e-09 168 482.878
0.657125 1966.31 3.19032e-09 144 489.268
0.660011 1950.16 3.1228e-09 240 495.742
0.662909 2116.84 3.34543e-09 24 502.302
0.66582 1784.69 2.78367e-09 336 508.949
0.668744 2169.4 3.33952e-09 144 515.684
0.671681 2227.18 3.3837e-09 168 522.508
0.674631 2228.79 3.34192e-09 96 529.422
0.677594 1726 2.55422e-09 216 536.428
0.68057 2419.27 3.53339e-09 96 543.527
0.683558 1865.3 2.68873e-09 336 550.719
0.68656 1967.69 2.79928e-09 48 558.007
0.689575 2203.65 3.09402e-09 246 565.391
0.692604 1800.35 2.49475e-09 168 572.872
0.695646 2166.14 2.96243e-09 360 580.453
0.698701 1261.44 1.70262e-09 24 588.134
0.701769 2067.39 2.75401e-09 360 595.917
0.704851 2037.96 2.67935e-09 120 603.803
0.707946 1960.92 2.54439e-09 240 611.793
0.711055 0 0 0 619.888
0.714178 2015.28 2.54707e-09 276 628.091
0.717315 2216.54 2.76485e-09 176 636.403
0.720465 2301.75 2.83365e-09 312 644.824
0.723629 1820.09 2.21142e-09 240 653.357
0.726807 1885 2.26038e-09 312 662.003
0.729999 3355.6 3.97127e-09 48 670.763
0.733204 2478.07 2.89443e-09 192 679.639
0.736424 1881.46 2.16888e-09 198 688.633
0.739659 2026.7 2.30579e-09 288 697.745
0.742907 2170.67 2.43734e-09 288 706.978
0.746169 2301.27 2.55024e-09 96 716.334
0.749446 2084.87 2.28025e-09 384 725.813
0.752738 1912.36 2.06426e-09 288 735.418
0.756043 2166.05 2.30757e-09 192 745.149
0.759364 2322.09 2.44149e-09 288 755.01
0.762698 2030.18 2.1067e-09 216 765.001
0.766048 1729.91 1.77166e-09 240 775.124
0.769412 2283.19 2.30776e-09 288 785.381
0.772791 1781.55 1.7772e-09 168 795.774
0.776185 2104.77 2.07222e-09 336 806.304
0.779594 1916.81 1.86251e-09 138 816.974
0.783017 2490.29 2.38815e-09 336 827.785
0.786456 2180.71 2.06396e-09 432 838.739
0.78991 2785.13 2.60158e-09 120 849.838
0.793379 2398.68 2.21134e-09 456 861.083
0.796863 2059.46 1.87382e-09 152 872.478
0.800363 2337.45 2.09897e-09 168 884.023
0.803878 2343.2 2.07666e-09 504 895.722
0.807408 2239.99 1.95926e-09 336 907.575
0.810954 2853.63 2.4634e-09 48 919.584
0.814515 2336.7 1.99081e-09 552 931.753
0.818092 2486.06 2.09041e-09 264 944.083
0.821685 2281.04 1.89296e-09 264 956.576
0.825294 2490.58 2.03986e-09 192 969.234
0.828918 2442.82 1.97461e-09 534 982.06
0.832558 2324.19 1.85419e-09 336 995.055
0.836215 2504.12 1.97164e-09 240 1008.22
0.839887 2616.02 2.03284e-09 264 1021.56
0.843575 2480.53 1.90238e-09 324 1035.08
0.84728 2479.57 1.87681e-09 528 1048.78
0.851001 2226.28 1.66309e-09 336 1062.66
0.854738 2557.8 1.88579e-09 336 1076.72
0.858492 2762.09 2.00981e-09 408 1090.97
0.862262 2639.09 1.89523e-09 216 1105.4
0.866049 2639.22 1.87057e-09 432 1120.03
0.869852 2739.08 1.91599e-09 168 1134.85
0.873673 2615.14 1.8054e-09 462 1149.87
0.877509 2621.45 1.78613e-09 536 1165.09
0.881363 2636.42 1.77287e-09 288 1180.5
0.885234 2930.07 1.9446e-09 384 1196.13
0.889121 2786.47 1.82514e-09 456 1211.95
0.893026 2469.35 1.59631e-09 552 1227.99
0.896948 2641.23 1.68512e-09 336 1244.24
0.900887 2313.03 1.45645e-09 120 1260.71
0.904843 2564.16 1.59349e-09 672 1277.39
0.908817 2907.95 1.78354e-09 300 1294.29
0.912808 2618.21 1.58486e-09 528 1311.42
0.916817 2843.56 1.69879e-09 312 1328.77
0.920843 2925.11 1.72469e-09 510 1346.36
0.924887 2758.96 1.60548e-09 576 1364.17
0.928949 2942.17 1.68973e-09 432 1382.23
0.933029 2823.83 1.60059e-09 384 1400.52
0.937126 2981.76 1.66803e-09 456 1419.05
0.941242 2961.31 1.63496e-09 528 1437.83
0.945375 2974.98 1.62105e-09 528 1456.85
0.949527 3232.65 1.73845e-09 408 1476.13
0.953697 2785.67 1.47851e-09 368 1495.67
0.957885 3374.69 1.76774e-09 600 1515.46
0.962092 3044.65 1.57403e-09 480 1535.51
0.966317 3283.33 1.67526e-09 486 1555.83
0.970561 2824.29 1.42222e-09 480 1576.42
0.974823 2954.9 1.46856e-09 636 1597.28
0.979104 3604.57 1.76804e-09 408 1618.42
0.983404 3124.22 1.51242e-09 696 1639.83
0.987723 3132.06 1.49641e-09 504 1661.53
0.992061 3425.33 1.61515e-09 648 1683.52
0.996418 2956.74 1.37599e-09 504 1705.8
1.00079 3296.04 1.51386e-09 504 1728.37
1.00519 3408.72 1.54517e-09 360 1751.24
1.0096 3158.91 1.41322e-09 606 1774.41
1.01404 3632.72 1.60397e-09 672 1797.9
1.01849 3334.78 1.45319e-09 816 1821.69
1.02296 3336.85 1.4351e-09 624 1845.79
1.02746 3604.97 1.53016e-09 672 1870.22
1.03197 3720.63 1.55863e-09 576 1894.97
1.0365 3715.13 1.536e-09 656 1920.04
1.04105 3172.99 1.29472e-09 540 1945.45
1.04562 3878.74 1.56203e-09 480 1971.19
1.05022 3864.14 1.53583e-09 792 1997.28
1.05483 4028.05 1.58007e-09 582 2023.71
1.05946 3791.37 1.4678e-09 744 2050.49
1.06411 4094.95 1.56463e-09 672 2077.62
1.06879 4118.06 1.55291e-09 624 2105.11
1.07348 3638.84 1.35428e-09 888 2132.97
1.07819 4172.19 1.53249e-09 624 2161.2
1.08293 3668.24 1.32979e-09 744 2189.79
1.08769 3838.23 1.37324e-09 624 2218.77
1.09246 3888.54 1.37307e-09 816 2248.13
1.09726 4165.44 1.45164e-09 744 2277.88
1.10208 4112.12 1.41434e-09 510 2308.02
1.10692 4390.36 1.49032e-09 1020 2338.57
1.11178 4660.63 1.5614e-09 864 2369.51
1.11666 4335.11 1.43338e-09 512 2400.87
1.12157 4860.4 1.58607e-09 1176 2432.64
1.12649 4353.94 1.40225e-09 768 2464.83
1.13144 4484.71 1.4255e-09 528 2497.45
1.13641 4745.34 1.48864e-09 1248 2530.49
1.1414 5017.9 1.55359e-09 504 2563.98
1.14641 4332.52 1.32387e-09 624 2597.91
