0.500677
2000
3.04789e+06
      753571000
8.39596e-05 0.0331672 0.00262207 6 1.67857e-08
8.43283e-05 0 0 0 1.70079e-08
8.46986e-05 0 0 0 1.72329e-08
8.50706e-05 0 0 0 1.7461e-08
8.54442e-05 0 0 0 1.7692e-08
8.58194e-05 0 0 0 1.79261e-08
8.61963e-05 0 0 0 1.81633e-08
8.65749e-05 0 0 0 1.84037e-08
8.69551e-05 0 0 0 1.86472e-08
8.73369e-05 0 0 0 1.8894e-08
8.77205e-05 0 0 0 1.9144e-08
8.81057e-05 0 0 0 1.93973e-08
8.84927e-05 0 0 0 1.9654e-08
8.88813e-05 0 0 0 1.99141e-08
8.92716e-05 0 0 0 2.01776e-08
8.96637e-05 0 0 0 2.04446e-08
9.00574e-05 0 0 0 2.07152e-08
9.04529e-05 0 0 0 2.09893e-08
9.08502e-05 0 0 0 2.1267e-08
9.12492e-05 0 0 0 2.15485e-08
9.16499e-05 0 0 0 2.18336e-08
9.20524e-05 0 0 0 2.21225e-08
9.24566e-05 0 0 0 2.24153e-08
9.28627e-05 0 0 0 2.27119e-08
9.32705e-05 0 0 0 2.30124e-08
9.36801e-05 0 0 0 2.3317e-08
9.40915e-05 0 0 0 2.36255e-08
9.45047e-05 0 0 0 2.39382e-08
9.49198e-05 0 0 0 2.42549e-08
9.53366e-05 0 0 0 2.45759e-08
9.57553e-05 0 0 0 2.49011e-08
9.61758e-05 0 0 0 2.52306e-08
9.65982e-05 0 0 0 2.55645e-08
9.70224e-05 0 0 0 2.59028e-08
9.74485e-05 0 0 0 2.62455e-08
9.78765e-05 0 0 0 2.65928e-08
9.83063e-05 0 0 0 2.69447e-08
9.8738e-05 0 0 0 2.73013e-08
9.91717e-05 0 0 0 2.76626e-08
9.96072e-05 0 0 0 2.80286e-08
0.000100045 0 0 0 2.83995e-08
0.000100484 0 0 0 2.87753e-08
0.000100925 0 0 0 2.91561e-08
0.000101368 0 0 0 2.95419e-08
0.000101814 0 0 0 2.99329e-08
0.000102261 0 0 0 3.0329e-08
0.00010271 0 0 0 3.07303e-08
0.000103161 0 0 0 3.11369e-08
0.000103614 0 0 0 3.1549e-08
0.000104069 0 0 0 3.19665e-08
0.000104526 0 0 0 3.23895e-08
0.000104985 0 0 0 3.28181e-08
0.000105446 0 0 0 3.32524e-08
0.000105909 0 0 0 3.36924e-08
0.000106374 0 0 0 3.41382e-08
0.000106842 0 0 0 3.459e-08
0.000107311 0 0 0 3.50477e-08
0.000107782 0 0 0 3.55115e-08
0.000108255 0 0 0 3.59814e-08
0.000108731 0 0 0 3.64575e-08
0.000109208 0 0 0 3.694e-08
0.000109688 0 0 0 3.74288e-08
0.00011017 0 0 0 3.79241e-08
0.000110653 0 0 0 3.84259e-08
0.000111139 0 0 0 3.89344e-08
0.000111627 0 0 0 3.94496e-08
0.000112118 0 0 0 3.99717e-08
0.00011261 0 0 0 4.05006e-08
0.000113105 0 0 0 4.10365e-08
0.000113601 0 0 0 4.15796e-08
0.0001141 0 0 0 4.21298e-08
0.000114601 0 0 0 4.26873e-08
0.000115105 0 0 0 4.32522e-08
0.00011561 0 0 0 4.38245e-08
0.000116118 0 0 0 4.44044e-08
0.000116628 0 0 0 4.4992e-08
0.00011714 0 0 0 4.55874e-08
0.000117654 0 0 0 4.61907e-08
0.000118171 0 0 0 4.68019e-08
0.00011869 0.12042 0.00336979 12 4.74212e-08
0.000119211 0 0 0 4.80487e-08
0.000119735 0 0 0 4.86846e-08
0.000120261 0 0 0 4.93288e-08
0.000120789 0 0 0 4.99816e-08
0.000121319 0 0 0 5.0643e-08
0.000121852 0 0 0 5.13131e-08
0.000122387 0 0 0 5.19921e-08
0.000122925 0 0 0 5.26801e-08
0.000123464 0 0 0 5.33772e-08
0.000124007 0 0 0 5.40836e-08
0.000124551 0 0 0 5.47993e-08
0.000125098 0 0 0 5.55244e-08
0.000125648 0 0 0 5.62591e-08
0.000126199 0 0 0 5.70036e-08
0.000126754 0 0 0 5.77579e-08
0.00012731 0 0 0 5.85222e-08
0.000127869 0 0 0 5.92967e-08
0.000128431 0 0 0 6.00813e-08
0.000128995 0 0 0 6.08764e-08
0.000129562 0 0 0 6.16819e-08
0.000130131 0 0 0 6.24982e-08
0.000130702 0 0 0 6.33252e-08
0.000131276 0 0 0 6.41632e-08
0.000131853 0 0 0 6.50122e-08
0.000132432 0 0 0 6.58725e-08
0.000133013 0 0 0 6.67442e-08
0.000133597 0 0 0 6.76274e-08
0.000134184 0 0 0 6.85223e-08
0.000134773 0 0 0 6.94291e-08
0.000135365 0 0 0 7.03478e-08
0.00013596 0 0 0 7.12787e-08
0.000136557 0 0 0 7.2222e-08
0.000137156 0 0 0 7.31777e-08
0.000137759 0 0 0 7.4146e-08
0.000138364 0 0 0 7.51272e-08
0.000138971 0 0 0 7.61213e-08
0.000139582 0 0 0 7.71286e-08
0.000140195 0 0 0 7.81493e-08
0.00014081 0 0 0 7.91834e-08
0.000141429 0 0 0 8.02312e-08
0.00014205 0 0 0 8.12929e-08
0.000142674 0 0 0 8.23687e-08
0.0001433 0 0 0 8.34586e-08
0.00014393 0 0 0 8.4563e-08
0.000144562 0 0 0 8.5682e-08
0.000145197 0.468152 0.00715589 8 8.68159e-08
0.000145834 0 0 0 8.79647e-08
0.000146475 0 0 0 8.91287e-08
0.000147118 0 0 0 9.03081e-08
0.000147764 0 0 0 9.15032e-08
0.000148413 0 0 0 9.2714e-08
0.000149065 0 0 0 9.39409e-08
0.000149719 0 0 0 9.5184e-08
0.000150377 0 0 0 9.64436e-08
0.000151037 0 0 0 9.77198e-08
0.000151701 0 0 0 9.90129e-08
0.000152367 0 0 0 1.00323e-07
0.000153036 0 0 0 1.01651e-07
0.000153708 0 0 0 1.02996e-07
0.000154383 0 0 0 1.04359e-07
0.000155061 0 0 0 1.0574e-07
0.000155742 0 0 0 1.07139e-07
0.000156426 0 0 0 1.08557e-07
0.000157113 0 0 0 1.09993e-07
0.000157803 0 0 0 1.11449e-07
0.000158496 0 0 0 1.12924e-07
0.000159192 0 0 0 1.14418e-07
0.000159891 0 0 0 1.15932e-07
0.000160593 0 0 0 1.17466e-07
0.000161299 0 0 0 1.1902e-07
0.000162007 0 0 0 1.20595e-07
0.000162718 0 0 0 1.22191e-07
0.000163433 0 0 0 1.23808e-07
0.000164151 0 0 0 1.25447e-07
0.000164872 0 0 0 1.27107e-07
0.000165596 0 0 0 1.28789e-07
0.000166323 0 0 0 1.30493e-07
0.000167053 0 0 0 1.3222e-07
0.000167787 0.0179674 0.000177974 6 1.33969e-07
0.000168524 0 0 0 1.35742e-07
0.000169264 0 0 0 1.37538e-07
0.000170007 0 0 0 1.39358e-07
0.000170754 0 0 0 1.41202e-07
0.000171504 0 0 0 1.43071e-07
0.000172257 0 0 0 1.44964e-07
0.000173014 0 0 0 1.46882e-07
0.000173773 0 0 0 1.48826e-07
0.000174536 0 0 0 1.50796e-07
0.000175303 0 0 0 1.52791e-07
0.000176073 0 0 0 1.54813e-07
0.000176846 0 0 0 1.56861e-07
0.000177623 0 0 0 1.58937e-07
0.000178403 0 0 0 1.6104e-07
0.000179186 0 0 0 1.63171e-07
0.000179973 0 0 0 1.65331e-07
0.000180764 0 0 0 1.67518e-07
0.000181557 0 0 0 1.69735e-07
0.000182355 0 0 0 1.71981e-07
0.000183156 0 0 0 1.74257e-07
0.00018396 0 0 0 1.76563e-07
0.000184768 0 0 0 1.78899e-07
0.000185579 0 0 0 1.81267e-07
0.000186394 0 0 0 1.83665e-07
0.000187213 0.287726 0.00205172 24 1.86096e-07
0.000188035 0 0 0 1.88558e-07
0.000188861 0 0 0 1.91054e-07
0.00018969 0 0 0 1.93582e-07
0.000190523 0 0 0 1.96143e-07
0.00019136 0 0 0 1.98739e-07
0.0001922 0 0 0 2.01369e-07
0.000193044 0 0 0 2.04034e-07
0.000193892 0 0 0 2.06734e-07
0.000194744 0 0 0 2.09469e-07
0.000195599 0 0 0 2.12241e-07
0.000196458 0 0 0 2.1505e-07
0.000197321 0 0 0 2.17895e-07
0.000198187 0 0 0 2.20779e-07
0.000199058 0 0 0 2.237e-07
0.000199932 0 0 0 2.2666e-07
0.00020081 0 0 0 2.2966e-07
0.000201692 0 0 0 2.32699e-07
0.000202578 0 0 0 2.35778e-07
0.000203467 0 0 0 2.38898e-07
0.000204361 0 0 0 2.42059e-07
0.000205258 0.372676 0.0020164 24 2.45263e-07
0.00020616 0 0 0 2.48508e-07
0.000207065 0 0 0 2.51797e-07
0.000207974 0 0 0 2.55129e-07
0.000208888 0 0 0 2.58505e-07
0.000209805 0 0 0 2.61925e-07
0.000210726 0 0 0 2.65392e-07
0.000211652 0 0 0 2.68903e-07
0.000212581 0 0 0 2.72462e-07
0.000213515 0 0 0 2.76067e-07
0.000214453 0 0 0 2.7972e-07
0.000215394 0 0 0 2.83422e-07
0.00021634 0 0 0 2.87172e-07
0.00021729 0 0 0 2.90972e-07
0.000218245 0 0 0 2.94823e-07
0.000219203 0 0 0 2.98724e-07
0.000220166 0 0 0 3.02677e-07
0.000221133 0 0 0 3.06682e-07
0.000222104 0 0 0 3.10741e-07
0.000223079 0 0 0 3.14853e-07
0.000224059 0 0 0 3.19019e-07
0.000225043 0 0 0 3.23241e-07
0.000226031 0 0 0 3.27518e-07
0.000227024 0 0 0 3.31852e-07
0.000228021 0 0 0 3.36243e-07
0.000229022 0 0 0 3.40693e-07
0.000230028 0 0 0 3.45201e-07
0.000231038 0 0 0 3.49769e-07
0.000232053 0 0 0 3.54398e-07
0.000233072 0 0 0 3.59087e-07
0.000234096 0 0 0 3.63839e-07
0.000235124 0 0 0 3.68654e-07
0.000236156 0 0 0 3.73532e-07
0.000237193 0.428936 0.00150394 12 3.78475e-07
0.000238235 0 0 0 3.83483e-07
0.000239281 0 0 0 3.88558e-07
0.000240332 0 0 0 3.937e-07
0.000241388 0 0 0 3.9891e-07
0.000242448 0 0 0 4.04188e-07
0.000243512 0 0 0 4.09537e-07
0.000244582 0 0 0 4.14956e-07
0.000245656 0 0 0 4.20447e-07
0.000246735 0 0 0 4.26011e-07
0.000247818 0 0 0 4.31648e-07
0.000248907 0 0 0 4.3736e-07
0.00025 0 0 0 4.43148e-07
0.000251098 0.497347 0.00146986 30 4.49012e-07
0.0002522 0 0 0 4.54954e-07
0.000253308 0 0 0 4.60974e-07
0.00025442 0 0 0 4.67074e-07
0.000255538 0 0 0 4.73255e-07
0.00025666 0 0 0 4.79517e-07
0.000257787 0 0 0 4.85863e-07
0.000258919 0 0 0 4.92292e-07
0.000260056 0 0 0 4.98806e-07
0.000261198 0 0 0 5.05407e-07
0.000262345 0 0 0 5.12095e-07
0.000263498 0 0 0 5.18871e-07
0.000264655 0.310734 0.000784325 24 5.25738e-07
0.000265817 0 0 0 5.32695e-07
0.000266984 0 0 0 5.39744e-07
0.000268157 0 0 0 5.46886e-07
0.000269335 0 0 0 5.54123e-07
0.000270517 0 0 0 5.61456e-07
0.000271705 0 0 0 5.68885e-07
0.000272899 0 0 0 5.76413e-07
0.000274097 0 0 0 5.84041e-07
0.000275301 0 0 0 5.91769e-07
0.00027651 0 0 0 5.996e-07
0.000277724 0.370033 0.000808248 24 6.07535e-07
0.000278944 0 0 0 6.15574e-07
0.000280169 0 0 0 6.2372e-07
0.000281399 0 0 0 6.31973e-07
0.000282635 0 0 0 6.40336e-07
0.000283876 0 0 0 6.4881e-07
0.000285123 0 0 0 6.57395e-07
0.000286375 0 0 0 6.66095e-07
0.000287633 0 0 0 6.74909e-07
0.000288896 0 0 0 6.8384e-07
0.000290165 0.456264 0.000873833 8 6.92889e-07
0.000291439 0 0 0 7.02058e-07
0.000292719 0 0 0 7.11348e-07
0.000294004 0 0 0 7.20761e-07
0.000295296 0 0 0 7.30299e-07
0.000296592 0 0 0 7.39963e-07
0.000297895 0 0 0 7.49755e-07
0.000299203 0 0 0 7.59676e-07
0.000300517 0 0 0 7.69729e-07
0.000301837 0.522049 0.00088826 24 7.79915e-07
0.000303163 0 0 0 7.90235e-07
0.000304494 0 0 0 8.00692e-07
0.000305831 0 0 0 8.11288e-07
0.000307174 0 0 0 8.22023e-07
0.000308523 0 0 0 8.32901e-07
0.000309878 0 0 0 8.43923e-07
0.000311239 0 0 0 8.5509e-07
0.000312606 0 0 0 8.66406e-07
0.000313979 0.682709 0.001032 48 8.77871e-07
0.000315358 0 0 0 8.89488e-07
0.000316743 0 0 0 9.01258e-07
0.000318134 0 0 0 9.13184e-07
0.000319531 0 0 0 9.25268e-07
0.000320934 0 0 0 9.37512e-07
0.000322343 0 0 0 9.49918e-07
0.000323759 0 0 0 9.62488e-07
0.000325181 0 0 0 9.75225e-07
0.000326609 0 0 0 9.8813e-07
0.000328043 0 0 0 1.00121e-06
0.000329484 0 0 0 1.01445e-06
0.000330931 0 0 0 1.02788e-06
0.000332384 0 0 0 1.04148e-06
0.000333844 0 0 0 1.05526e-06
0.00033531 0.304991 0.000378524 6 1.06923e-06
0.000336783 0 0 0 1.08338e-06
0.000338262 0 0 0 1.09771e-06
0.000339747 0 0 0 1.11224e-06
0.000341239 0 0 0 1.12696e-06
0.000342738 0 0 0 1.14187e-06
0.000344243 0 0 0 1.15698e-06
0.000345755 0.530977 0.000601059 48 1.17229e-06
0.000347273 0 0 0 1.1878e-06
0.000348798 0 0 0 1.20352e-06
0.00035033 0 0 0 1.21945e-06
0.000351869 0 0 0 1.23558e-06
0.000353414 0 0 0 1.25193e-06
0.000354966 0.724156 0.000757562 36 1.2685e-06
0.000356525 0 0 0 1.28528e-06
0.000358091 0 0 0 1.30229e-06
0.000359663 0 0 0 1.31953e-06
0.000361243 0 0 0 1.33699e-06
0.000362829 0 0 0 1.35468e-06
0.000364423 0.588706 0.000569152 24 1.37261e-06
0.000366023 0 0 0 1.39077e-06
0.00036763 0 0 0 1.40917e-06
0.000369245 0 0 0 1.42782e-06
0.000370867 0 0 0 1.44671e-06
0.000372495 0 0 0 1.46586e-06
0.000374131 0.809984 0.000723687 24 1.48526e-06
0.000375774 0 0 0 1.50491e-06
0.000377424 0 0 0 1.52482e-06
0.000379082 0 0 0 1.545e-06
0.000380747 0 0 0 1.56545e-06
0.000382419 0 0 0 1.58616e-06
0.000384098 1.19486 0.000986592 48 1.60715e-06
0.000385785 0 0 0 1.62842e-06
0.000387479 0 0 0 1.64997e-06
0.000389181 0 0 0 1.6718e-06
0.00039089 0 0 0 1.69392e-06
0.000392607 1.05329 0.000814366 24 1.71634e-06
0.000394331 0 0 0 1.73905e-06
0.000396063 0 0 0 1.76206e-06
0.000397802 0 0 0 1.78538e-06
0.000399549 0 0 0 1.80901e-06
0.000401304 0 0 0 1.83295e-06
0.000403066 0 0 0 1.8572e-06
0.000404836 0 0 0 1.88178e-06
0.000406614 0 0 0 1.90668e-06
0.0004084 0 0 0 1.93191e-06
0.000410193 1.11121 0.000753317 24 1.95747e-06
0.000411995 0 0 0 1.98338e-06
0.000413804 0 0 0 2.00962e-06
0.000415621 0 0 0 2.03622e-06
0.000417447 0 0 0 2.06316e-06
0.00041928 1.01447 0.000643978 30 2.09046e-06
0.000421121 0 0 0 2.11813e-06
0.000422971 0 0 0 2.14615e-06
0.000424828 0 0 0 2.17455e-06
0.000426694 0.987839 0.000594953 72 2.20333e-06
0.000428568 0 0 0 2.23249e-06
0.00043045 0 0 0 2.26203e-06
0.00043234 0 0 0 2.29196e-06
0.000434239 0 0 0 2.32229e-06
0.000436146 1.11546 0.000629077 32 2.35302e-06
0.000438061 0 0 0 2.38416e-06
0.000439985 0 0 0 2.41571e-06
0.000441918 0 0 0 2.44767e-06
0.000443858 0 0 0 2.48006e-06
0.000445808 0 0 0 2.51288e-06
0.000447765 0 0 0 2.54614e-06
0.000449732 0 0 0 2.57983e-06
0.000451707 0.840832 0.00042686 72 2.61397e-06
0.000453691 0 0 0 2.64856e-06
0.000455683 0 0 0 2.6836e-06
0.000457684 0 0 0 2.71912e-06
0.000459694 0.957427 0.000461152 48 2.7551e-06
0.000461713 0 0 0 2.79156e-06
0.000463741 0 0 0 2.8285e-06
0.000465777 0 0 0 2.86593e-06
0.000467823 0 0 0 2.90385e-06
0.000469877 0 0 0 2.94228e-06
0.000471941 0 0 0 2.98121e-06
0.000474013 0.806688 0.000354388 12 3.02066e-06
0.000476095 0 0 0 3.06063e-06
0.000478186 0 0 0 3.10113e-06
0.000480286 0.926452 0.000391263 48 3.14217e-06
0.000482395 0 0 0 3.18375e-06
0.000484514 0 0 0 3.22588e-06
0.000486642 0 0 0 3.26857e-06
0.000488779 1.05034 0.00042086 48 3.31182e-06
0.000490925 0 0 0 3.35565e-06
0.000493081 0 0 0 3.40005e-06
0.000495247 0.742356 0.000285952 48 3.44504e-06
0.000497422 0 0 0 3.49063e-06
0.000499606 0 0 0 3.53682e-06
0.0005018 0.924676 0.000342407 30 3.58362e-06
0.000504004 0 0 0 3.63105e-06
0.000506217 0 0 0 3.6791e-06
0.00050844 0 0 0 3.72778e-06
0.000510673 0.63823 0.00022423 24 3.77711e-06
0.000512916 0 0 0 3.82709e-06
0.000515169 0 0 0 3.87773e-06
0.000517431 1.17733 0.000397638 72 3.92905e-06
0.000519703 0 0 0 3.98104e-06
0.000521986 0 0 0 4.03372e-06
0.000524278 0 0 0 4.0871e-06
0.000526581 0 0 0 4.14118e-06
0.000528893 1.20712 0.000381763 24 4.19598e-06
0.000531216 0 0 0 4.25151e-06
0.000533549 0 0 0 4.30777e-06
0.000535892 1.45533 0.000442462 96 4.36477e-06
0.000538245 0 0 0 4.42253e-06
0.000540609 0 0 0 4.48105e-06
0.000542983 1.29433 0.000378296 48 4.54035e-06
0.000545368 0 0 0 4.60043e-06
0.000547763 0 0 0 4.66131e-06
0.000550169 0.926349 0.000260276 24 4.72299e-06
0.000552585 0 0 0 4.78549e-06
0.000555011 1.3795 0.00037754 24 4.84882e-06
0.000557449 0 0 0 4.91298e-06
0.000559897 0 0 0 4.97799e-06
0.000562356 1.483 0.00039017 72 5.04387e-06
0.000564825 0 0 0 5.11061e-06
0.000567306 1.05895 0.000271375 48 5.17824e-06
0.000569797 0 0 0 5.24676e-06
0.0005723 0 0 0 5.31619e-06
0.000574813 0 0 0 5.38654e-06
0.000577337 0 0 0 5.45782e-06
0.000579873 1.28091 0.000307373 8 5.53004e-06
0.00058242 0 0 0 5.60322e-06
0.000584977 0 0 0 5.67737e-06
0.000587546 1.87568 0.00043269 54 5.75249e-06
0.000590127 0 0 0 5.82862e-06
0.000592718 1.82316 0.000409661 84 5.90575e-06
0.000595321 0 0 0 5.9839e-06
0.000597936 1.52124 0.000332951 48 6.06308e-06
0.000600562 0 0 0 6.14331e-06
0.000603199 1.35524 0.000288922 24 6.22461e-06
0.000605848 0 0 0 6.30697e-06
0.000608509 0 0 0 6.39043e-06
0.000611181 1.58684 0.000325214 72 6.475e-06
0.000613865 0 0 0 6.56068e-06
0.000616561 1.62637 0.000324666 96 6.6475e-06
0.000619269 0 0 0 6.73546e-06
0.000621988 0 0 0 6.82459e-06
0.00062472 0 0 0 6.9149e-06
0.000627463 1.19923 0.000227134 48 7.0064e-06
0.000630219 0 0 0 7.09912e-06
0.000632987 1.4854 0.000274035 48 7.19306e-06
0.000635767 0 0 0 7.28825e-06
0.000638559 2.42186 0.000435204 24 7.38469e-06
0.000641363 0 0 0 7.48241e-06
0.00064418 1.38359 0.000242176 72 7.58143e-06
0.000647009 0 0 0 7.68175e-06
0.00064985 0 0 0 7.7834e-06
0.000652704 0 0 0 7.8864e-06
0.00065557 1.38159 0.00022944 72 7.99076e-06
0.000658449 1.62251 0.000265929 96 8.0965e-06
0.000661341 0 0 0 8.20364e-06
0.000664246 0 0 0 8.3122e-06
0.000667163 0 0 0 8.42219e-06
0.000670093 2.13529 0.000332046 6 8.53364e-06
0.000673035 0 0 0 8.64656e-06
0.000675991 1.74808 0.000264779 96 8.76098e-06
0.00067896 0 0 0 8.87692e-06
0.000681942 2.36986 0.000349645 96 8.99438e-06
0.000684936 2.53897 0.000369702 24 9.1134e-06
0.000687944 0 0 0 9.234e-06
0.000690966 1.94641 0.000276065 48 9.35619e-06
0.000694 0 0 0 9.48e-06
0.000697048 1.85559 0.000256354 96 9.60545e-06
0.000700109 2.02696 0.000276372 48 9.73256e-06
0.000703184 0 0 0 9.86135e-06
0.000706272 0 0 0 9.99184e-06
0.000709374 2.47937 0.000324985 36 1.01241e-05
0.000712489 0 0 0 1.0258e-05
0.000715618 2.44412 0.00031205 48 1.03938e-05
0.000718761 0 0 0 1.05313e-05
0.000721917 1.62053 0.000201531 120 1.06707e-05
0.000725088 1.69843 0.00020846 56 1.08119e-05
0.000728272 0 0 0 1.0955e-05
0.00073147 3.04391 0.000363905 24 1.10999e-05
0.000734682 2.11878 0.000249996 96 1.12468e-05
0.000737909 0 0 0 1.13956e-05
0.00074115 2.03084 0.000233402 48 1.15464e-05
0.000744404 0 0 0 1.16992e-05
0.000747674 0 0 0 1.1854e-05
0.000750957 1.58709 0.000175348 24 1.20109e-05
0.000754255 2.22065 0.000242143 102 1.21698e-05
0.000757567 2.33873 0.000251688 48 1.23309e-05
0.000760894 0 0 0 1.2494e-05
0.000764236 2.28157 0.000239165 72 1.26594e-05
0.000767592 2.24835 0.000232605 48 1.28269e-05
0.000770963 2.50581 0.000255855 48 1.29966e-05
0.000774349 0 0 0 1.31686e-05
0.00077775 2.1029 0.000209143 120 1.33429e-05
0.000781165 0 0 0 1.35194e-05
0.000784596 1.30391 0.000126315 24 1.36983e-05
0.000788042 0 0 0 1.38796e-05
0.000791502 2.23399 0.0002108 144 1.40633e-05
0.000794978 2.35312 0.000219142 120 1.42494e-05
0.00079847 2.50714 0.000230435 48 1.44379e-05
0.000801976 0 0 0 1.4629e-05
0.000805498 0 0 0 1.48226e-05
0.000809036 2.37097 0.000209493 48 1.50187e-05
0.000812589 2.20159 0.000191986 96 1.52175e-05
0.000816157 0 0 0 1.54188e-05
0.000819742 2.84989 0.000242072 24 1.56229e-05
0.000823342 2.108 0.000176717 48 1.58296e-05
0.000826957 0 0 0 1.60391e-05
0.000830589 2.50621 0.000204647 108 1.62513e-05
0.000834237 2.94397 0.000237252 72 1.64664e-05
0.0008379 2.17474 0.000172972 30 1.66843e-05
0.00084158 2.84623 0.000223423 168 1.6905e-05
0.000845276 3.3441 0.000259077 48 1.71287e-05
0.000848988 0 0 0 1.73554e-05
0.000852717 2.43244 0.000183558 72 1.75851e-05
0.000856461 0 0 0 1.78178e-05
0.000860223 2.08725 0.000153422 96 1.80536e-05
0.000864001 1.84034 0.000133506 72 1.82925e-05
0.000867795 2.55864 0.000183191 72 1.85345e-05
0.000871606 1.30895 9.2493e-05 32 1.87798e-05
0.000875434 3.14734 0.000219493 72 1.90283e-05
0.000879278 3.22399 0.000221901 144 1.92801e-05
0.00088314 0 0 0 1.95352e-05
0.000887018 0 0 0 1.97937e-05
0.000890914 2.98317 0.000197386 96 2.00557e-05
0.000894826 2.62188 0.000171215 96 2.0321e-05
0.000898756 2.72654 0.000175724 48 2.059e-05
0.000902703 2.49992 0.000159015 72 2.08624e-05
0.000906667 2.98763 0.000187555 120 2.11385e-05
0.000910649 3.11843 0.000193209 72 2.14182e-05
0.000914648 0 0 0 2.17016e-05
0.000918665 3.50275 0.000211389 48 2.19888e-05
0.0009227 2.80002 0.000166773 78 2.22798e-05
0.000926752 2.82446 0.000166032 120 2.25746e-05
0.000930822 3.47359 0.000201523 48 2.28733e-05
0.00093491 3.23875 0.000185444 144 2.3176e-05
0.000939015 2.985 0.000168684 144 2.34827e-05
0.000943139 0 0 0 2.37934e-05
0.000947281 1.94697 0.000107169 12 2.41083e-05
0.000951441 3.44313 0.000187048 144 2.44273e-05
0.00095562 3.49368 0.000187316 48 2.47506e-05
0.000959816 3.5981 0.000190395 120 2.50781e-05
0.000964032 3.67757 0.000192059 48 2.54099e-05
0.000968265 3.18982 0.00016441 216 2.57462e-05
0.000972518 0 0 0 2.60869e-05
0.000976789 2.50589 0.000125808 48 2.64321e-05
0.000981078 3.76543 0.000186573 96 2.67819e-05
0.000985387 2.60368 0.000127325 96 2.71363e-05
0.000989714 3.36305 0.000162312 120 2.74954e-05
0.000994061 4.20908 0.000200491 96 2.78592e-05
0.000998426 3.88644 0.000182705 48 2.82279e-05
0.00100281 0 0 0 2.86014e-05
0.00100721 4.25362 0.000194777 126 2.89799e-05
0.00101164 3.82661 0.000172936 192 2.93634e-05
0.00101608 4.11206 0.000183409 56 2.97519e-05
0.00102054 4.37212 0.000192462 192 3.01456e-05
0.00102503 4.38524 0.000190518 120 3.05445e-05
0.00102953 0 0 0 3.09487e-05
0.00103405 3.78976 0.000160375 216 3.13583e-05
0.00103859 3.73374 0.000155941 96 3.17732e-05
0.00104315 3.96877 0.000163592 96 3.21937e-05
0.00104773 4.98615 0.000202844 72 3.26197e-05
0.00105233 3.04503 0.000122258 96 3.30513e-05
0.00105695 0 0 0 3.34887e-05
0.0010616 3.74418 0.000146428 216 3.39319e-05
0.00106626 4.0516 0.000156382 108 3.43809e-05
0.00107094 4.63941 0.000176731 120 3.48358e-05
0.00107564 3.69209 0.000138807 96 3.52968e-05
0.00108037 4.8283 0.000179154 120 3.57639e-05
0.00108511 5.07646 0.000185901 48 3.62371e-05
0.00108988 4.27078 0.000154355 78 3.67167e-05
0.00109466 3.82916 0.000136586 264 3.72025e-05
0.00109947 4.33819 0.000152723 24 3.76948e-05
0.0011043 4.08017 0.000141763 312 3.81936e-05
0.00110915 3.6517 0.000125219 24 3.86991e-05
0.00111402 5.38262 0.000182163 48 3.92112e-05
0.00111891 4.30975 0.000143949 216 3.973e-05
0.00112383 4.24952 0.000140084 72 4.02558e-05
0.00112876 4.44762 0.000144699 264 4.07885e-05
0.00113372 0 0 0 4.13282e-05
0.0011387 4.3365 0.000137423 240 4.18751e-05
0.0011437 4.35781 0.000136295 192 4.24292e-05
0.00114872 0 0 0 4.29907e-05
0.00115377 4.64207 0.000141418 240 4.35596e-05
0.00115883 4.50827 0.000135548 8 4.4136e-05
0.00116392 3.1942 9.47841e-05 48 4.47201e-05
0.00116903 5.16609 0.000151296 336 4.53118e-05
0.00117417 4.3111 0.000124607 174 4.59114e-05
0.00117932 4.04911 0.000115506 120 4.6519e-05
0.0011845 3.5788 0.000100757 84 4.71346e-05
0.00118971 5.68109 0.000157855 216 4.77583e-05
0.00119493 5.92446 0.000162468 144 4.83903e-05
0.00120018 5.66915 0.000153436 336 4.90306e-05
0.00120545 0 0 0 4.96794e-05
0.00121074 4.8413 0.00012763 264 5.03368e-05
0.00121606 5.81365 0.000151262 168 5.10029e-05
0.0012214 5.03485 0.000129288 168 5.16778e-05
0.00122676 7.90601 0.000200364 72 5.23617e-05
0.00123215 5.89652 0.000147485 192 5.30546e-05
0.00123756 6.61439 0.00016328 216 5.37566e-05
0.001243 6.39319 0.000155759 192 5.4468e-05
0.00124846 5.45067 0.000131062 144 5.51888e-05
0.00125394 4.89215 0.000116096 198 5.59191e-05
0.00125945 6.1872 0.000144911 96 5.6659e-05
0.00126498 7.02005 0.00016227 168 5.74088e-05
0.00127053 5.70879 0.000130236 360 5.81685e-05
0.00127611 7.41526 0.000166957 168 5.89382e-05
0.00128172 6.17085 0.000137124 264 5.97181e-05
0.00128735 6.03935 0.00013245 216 6.05084e-05
0.001293 6.36973 0.000137871 96 6.13091e-05
0.00129868 6.12898 0.000130927 144 6.21204e-05
0.00130438 5.90652 0.000124527 236 6.29424e-05
0.00131011 5.08953 0.000105901 240 6.37753e-05
0.00131586 5.32946 0.000109445 144 6.46192e-05
0.00132164 5.69668 0.000115459 240 6.54743e-05
0.00132745 6.31789 0.000126377 312 6.63408e-05
0.00133328 5.9771 0.000117999 240 6.72186e-05
0.00133913 10.6309 0.000207132 6 6.81081e-05
0.00134501 6.24444 0.000120077 288 6.90094e-05
0.00135092 7.47156 0.000141798 408 6.99226e-05
0.00135685 6.70736 0.000125632 72 7.08479e-05
0.00136281 7.32977 0.000135497 192 7.17854e-05
0.0013688 5.95976 0.000108733 312 7.27353e-05
0.00137481 6.33812 0.000114125 456 7.36978e-05
0.00138084 5.27552 9.37512e-05 48 7.4673e-05
0.00138691 7.7141 0.000135297 360 7.56612e-05
0.001393 6.05836 0.000104869 168 7.66624e-05
0.00139912 7.13959 0.000121971 216 7.76769e-05
0.00140526 6.79732 0.000114607 336 7.87047e-05
0.00141143 7.04154 0.000117174 264 7.97462e-05
0.00141763 5.45674 8.96168e-05 144 8.08015e-05
0.00142386 7.49841 0.000121539 378 8.18707e-05
0.00143011 7.20659 0.000115284 144 8.29541e-05
0.00143639 7.87191 0.000124282 384 8.40518e-05
0.0014427 7.44342 0.000115982 312 8.51641e-05
0.00144903 7.51969 0.00011564 320 8.62911e-05
0.0014554 7.56849 0.000114871 240 8.74329e-05
0.00146179 7.1046 0.000106422 216 8.85899e-05
0.00146821 6.97223 0.000103075 408 8.97622e-05
0.00147466 7.47774 0.000109105 240 9.095e-05
0.00148113 8.95924 0.000129013 144 9.21536e-05
0.00148764 8.52595 0.000121171 456 9.3373e-05
0.00149417 8.04231 0.000112804 264 9.46086e-05
0.00150073 7.99821 0.000110721 360 9.58606e-05
0.00150732 7.25669 9.91438e-05 366 9.71291e-05
0.00151394 8.36007 0.000112727 312 9.84144e-05
0.00152059 8.3245 0.000110781 384 9.97167e-05
0.00152727 9.14169 0.000120067 264 0.000101036
0.00153398 8.66865 0.000112368 192 0.000102373
0.00154071 7.85646 0.00010051 420 0.000103728
0.00154748 8.72539 0.000110168 600 0.000105101
0.00155428 9.43836 0.000117614 216 0.000106491
0.0015611 8.10768 9.97123e-05 240 0.0001079
0.00156796 8.03964 9.75842e-05 408 0.000109328
0.00157484 8.11282 9.71864e-05 408 0.000110775
0.00158176 9.87038 0.000116697 408 0.000112241
0.00158871 9.8987 0.000115503 246 0.000113726
0.00159568 8.76515 0.00010094 368 0.000115231
0.00160269 8.75352 9.949e-05 384 0.000116756
0.00160973 8.92048 0.000100064 432 0.000118301
0.0016168 9.9391 0.000110034 696 0.000119866
0.0016239 8.42622 9.20665e-05 288 0.000121453
0.00163103 9.10595 9.8194e-05 264 0.00012306
0.00163819 10.7161 0.000114048 360 0.000124688
0.00164539 9.11765 9.57688e-05 456 0.000126338
0.00165261 9.88491 0.000102472 504 0.00012801
0.00165987 9.56561 9.78668e-05 372 0.000129704
0.00166716 9.43241 9.52437e-05 336 0.00013142
0.00167448 9.5735 9.54059e-05 510 0.000133159
0.00168184 9.94813 9.78445e-05 408 0.000134921
0.00168922 10.6492 0.000103372 456 0.000136707
0.00169664 9.58516 9.18282e-05 528 0.000138516
0.00170409 9.52342 9.00451e-05 480 0.000140349
0.00171158 10.7738 0.000100537 528 0.000142206
0.00171909 11.0939 0.000102172 336 0.000144088
0.00172664 10.7254 9.74881e-05 696 0.000145995
0.00173422 10.8169 9.70359e-05 456 0.000147926
0.00174184 11.7415 0.000103954 464 0.000149884
0.00174949 11.1467 9.73997e-05 504 0.000151867
0.00175717 9.61903 8.29532e-05 414 0.000153877
0.00176489 10.2768 8.74682e-05 312 0.000155913
0.00177264 11.9075 0.000100024 624 0.000157976
0.00178043 11.8508 9.82476e-05 636 0.000160067
0.00178824 11.1514 9.1242e-05 360 0.000162185
0.0017961 12.1731 9.83008e-05 912 0.000164331
0.00180399 12.1743 9.70267e-05 360 0.000166506
0.00181191 12.8083 0.000100746 576 0.000168709
0.00181987 12.1542 9.43526e-05 456 0.000170942
0.00182786 12.9183 9.8975e-05 672 0.000173204
0.00183589 12.3709 9.35425e-05 480 0.000175496
0.00184395 11.9344 8.90634e-05 726 0.000177818
0.00185205 13.0355 9.60108e-05 528 0.000180171
0.00186018 13.762 0.000100037 744 0.000182555
0.00186835 15.0539 0.000108 456 0.000184971
0.00187655 12.339 8.73661e-05 504 0.000187419
0.00188479 13.8306 9.66484e-05 680 0.000189899
0.00189307 14.8419 0.000102361 564 0.000192412
0.00190139 14.9344 0.000101653 816 0.000194958
0.00190974 13.9736 9.38719e-05 624 0.000197538
0.00191812 14.005 9.28536e-05 744 0.000200152
0.00192655 14.3732 9.40505e-05 750 0.0002028
0.00193501 17.2154 0.000111177 432 0.000205484
0.00194351 16.0947 0.000102582 648 0.000208203
0.00195204 14.453 9.09154e-05 840 0.000210958
0.00196061 15.3513 9.53048e-05 984 0.00021375
0.00196922 16.1115 9.87183e-05 456 0.000216578
0.00197787 16.8792 0.000102071 672 0.000219444
0.00198656 15.2132 9.07951e-05 648 0.000222348
0.00199528 15.8549 9.33894e-05 936 0.00022529
0.00200404 16.2846 9.46677e-05 696 0.000228272
0.00201285 17.3301 9.94297e-05 522 0.000231292
0.00202168 17.2762 9.7826e-05 816 0.000234353
0.00203056 17.6189 9.84636e-05 1160 0.000237454
0.00203948 19.232 0.000106075 792 0.000240596
0.00204844 16.2638 8.85318e-05 528 0.00024378
0.00205743 18.5139 9.94641e-05 960 0.000247006
0.00206647 17.3339 9.19087e-05 792 0.000250275
0.00207554 19.6848 0.00010301 768 0.000253586
0.00208466 18.0014 9.29708e-05 888 0.000256942
0.00209381 17.8436 9.09523e-05 795 0.000260342
0.00210301 19.4707 9.79499e-05 804 0.000263787
0.00211225 18.8877 9.37763e-05 984 0.000267278
0.00212152 21.8855 0.000107241 768 0.000270815
0.00213084 21.1121 0.0001021 708 0.000274398
0.0021402 21.7074 0.000103608 996 0.000278029
0.0021496 20.8536 9.82326e-05 960 0.000281709
0.00215904 21.2449 9.87691e-05 1056 0.000285436
0.00216852 20.7071 9.50117e-05 312 0.000289214
0.00217804 22.4048 0.000101459 1184 0.000293041
0.00218761 20.0616 8.96612e-05 648 0.000296918
0.00219721 21.6808 9.56321e-05 1020 0.000300848
0.00220686 22.8821 9.96128e-05 672 0.000304829
0.00221655 21.3303 9.16449e-05 1068 0.000308862
0.00222629 23.8916 0.000101309 780 0.000312949
0.00223607 21.9813 9.19909e-05 936 0.000317091
0.00224589 24.1958 9.99363e-05 576 0.000321287
0.00225575 22.5556 9.19451e-05 972 0.000325538
0.00226566 22.4231 9.02112e-05 1104 0.000329846
0.00227561 22.1148 8.78088e-05 816 0.000334211
0.0022856 27.4649 0.000107628 708 0.000338633
0.00229564 25.771 9.96709e-05 804 0.000343115
0.00230572 24.3746 9.30391e-05 648 0.000347655
0.00231584 25.9663 9.78202e-05 864 0.000352255
0.00232601 25.2716 9.39598e-05 1148 0.000356917
0.00233623 26.3499 9.66892e-05 840 0.00036164
0.00234649 24.9947 9.05187e-05 540 0.000366425
0.00235679 26.5104 9.4754e-05 876 0.000371274
0.00236714 27.9199 9.84886e-05 732 0.000376187
0.00237754 28.3512 9.87037e-05 768 0.000381165
0.00238798 25.7297 8.84074e-05 840 0.000386209
0.00239847 29.7277 0.00010081 948 0.00039132
0.002409 26.9097 9.00625e-05 804 0.000396498
0.00241958 30.449 0.000100577 696 0.000401745
0.00243021 27.4616 8.95245e-05 840 0.000407061
0.00244088 28.4085 9.14018e-05 780 0.000412448
0.0024516 33.0096 0.000104818 744 0.000417906
0.00246237 29.9752 9.394e-05 836 0.000423436
0.00247318 33.5518 0.000103775 816 0.000429039
0.00248404 32.097 9.79792e-05 696 0.000434716
0.00249495 32.4968 9.79043e-05 720 0.000440469
0.00250591 33.8321 0.000100596 672 0.000446298
0.00251691 32.8398 9.637e-05 936 0.000452203
0.00252797 35.6306 0.000103194 600 0.000458187
0.00253907 36.0408 0.000103019 744 0.00046425
0.00255022 33.9233 9.57001e-05 744 0.000470394
0.00256142 40.7046 0.000113331 624 0.000476618
0.00257267 37.4024 0.000102777 888 0.000482926
0.00258396 35.7642 9.69916e-05 756 0.000489316
0.00259531 34.2321 9.16242e-05 396 0.000495791
0.00260671 40.2723 0.000106383 740 0.000502352
0.00261816 39.8559 0.000103909 744 0.000508999
0.00262966 36.7897 9.46621e-05 756 0.000515735
0.0026412 42.6124 0.000108212 648 0.00052256
0.0026528 46.833 0.000117377 480 0.000529475
0.00266445 44.2801 0.000109529 624 0.000536481
0.00267615 47.1615 0.000115133 612 0.00054358
0.00268791 47.5445 0.000114552 732 0.000550773
0.00269971 50.5434 0.000120187 600 0.000558062
0.00271157 45.7184 0.000107294 552 0.000565446
0.00272348 46.7084 0.000108186 612 0.000572929
0.00273544 50.7934 0.000116111 684 0.00058051
0.00274745 47.449 0.000107049 468 0.000588192
0.00275952 50.9044 0.000113345 464 0.000595976
0.00277163 54.8353 0.000120503 648 0.000603862
0.00278381 54.9324 0.00011914 540 0.000611853
0.00279603 64.5826 0.00013824 408 0.000619949
0.00280831 52.4749 0.000110857 504 0.000628153
0.00282064 54.3752 0.000113371 444 0.000636465
0.00283303 56.8589 0.000117001 480 0.000644888
0.00284547 59.229 0.000120286 456 0.000653421
0.00285797 59.9803 0.000120221 408 0.000662068
0.00287052 47.8023 9.45611e-05 480 0.000670829
0.00288313 65.0096 0.000126921 408 0.000679706
0.00289579 60.9386 0.000117419 200 0.000688701
0.00290851 67.0809 0.000127566 576 0.000697814
0.00292128 65.1663 0.000122307 312 0.000707048
0.00293411 69.6415 0.000128999 360 0.000716404
0.00294699 80.7917 0.000147698 264 0.000725885
0.00295994 61.763 0.000111437 345 0.00073549
0.00297293 69.8282 0.000124343 252 0.000745223
0.00298599 75.1964 0.000132153 312 0.000755084
0.0029991 56.5142 9.80231e-05 246 0.000765076
0.00301228 57.4401 9.8328e-05 216 0.0007752
0.0030255 69.2414 0.000116982 246 0.000785458
0.00303879 87.5296 0.000145948 150 0.000795852
0.00305214 69.2344 0.000113935 278 0.000806384
0.00306554 73.8938 0.000120014 168 0.000817054
0.003079 85.0841 0.000136384 210 0.000827866
0.00309252 77.1368 0.00012203 120 0.000838821
0.00310611 70.5775 0.000110195 246 0.000849921
0.00311975 74.9207 0.000115449 120 0.000861168
0.00313345 91.947 0.000139835 102 0.000872564
0.00314721 69.7561 0.000104701 192 0.000884111
0.00316103 75.6698 0.000112094 186 0.00089581
0.00317491 104.479 0.000152749 48 0.000907664
0.00318886 93.5523 0.000134988 86 0.000919675
0.00320286 74.6576 0.000106318 192 0.000931845
0.00321693 119.104 0.000167397 78 0.000944176
0.00323105 116.363 0.00016141 24 0.00095667
0.00324524 96.8506 0.000132589 162 0.00096933
0.00325949 90.4659 0.000122231 72 0.000982157
0.00327381 94.8717 0.000126509 24 0.000995153
0.00328819 103.093 0.000135677 102 0.00100832
0.00330263 116.568 0.000151407 72 0.00102167
0.00331713 123.644 0.000158501 30 0.00103518
0.0033317 82.965 0.000104965 8 0.00104888
0.00334633 132.875 0.000165914 132 0.00106276
0.00336103 95.2219 0.000117346 6 0.00107683
0.00337579 0 0 0 0.00109108
0.00339061 139.706 0.000167698 96 0.00110551
0.0034055 215.787 0.000255639 6 0.00112014
0.00342046 0 0 0 0.00113497
0.00343548 154.529 0.000178317 60 0.00114998
0.00345057 61.0624 6.95422e-05 6 0.0011652
0.00346572 0 0 0 0.00118062
0.00348094 110.673 0.000122771 38 0.00119624
0.00349623 0 0 0 0.00121207
0.00351158 0 0 0 0.00122811
0.003527 191.617 0.000204344 18 0.00124436
0.00354249 0 0 0 0.00126083
0.00355805 0 0 0 0.00127752
0.00357368 106.703 0.00010939 6 0.00129442
0.00358937 0 0 0 0.00131155
0.00360513 0 0 0 0.00132891
0.00362097 3.5702 3.51856e-06 1 0.00134649
0.00363687 0 0 0 0.00136431
0.00365284 0 0 0 0.00138236
0.00366888 0 0 0 0.00140065
0.00368499 0 0 0 0.00141919
0.00370118 0 0 0 0.00143797
0.00371743 0 0 0 0.001457
0.00373376 0 0 0 0.00147628
0.00375015 0 0 0 0.00149581
0.00376662 0 0 0 0.00151561
0.00378317 0 0 0 0.00153566
0.00379978 0 0 0 0.00155598
0.00381647 0 0 0 0.00157657
0.00383323 0 0 0 0.00159744
0.00385006 0 0 0 0.00161858
0.00386697 0 0 0 0.00163999
0.00388395 0 0 0 0.0016617
0.00390101 0 0 0 0.00168368
0.00391814 0 0 0 0.00170596
0.00393535 0 0 0 0.00172854
0.00395263 0 0 0 0.00175141
0.00396999 0 0 0 0.00177459
0.00398742 0 0 0 0.00179807
0.00400494 0 0 0 0.00182187
0.00402252 0 0 0 0.00184597
0.00404019 0 0 0 0.0018704
0.00405793 0 0 0 0.00189515
0.00407575 0 0 0 0.00192023
0.00409365 0 0 0 0.00194564
0.00411163 0 0 0 0.00197139
0.00412969 0 0 0 0.00199747
0.00414782 0 0 0 0.00202391
0.00416604 0 0 0 0.00205069
0.00418433 0 0 0 0.00207783
0.00420271 0 0 0 0.00210532
0.00422117 0 0 0 0.00213318
0.00423971 0 0 0 0.00216141
0.00425832 0 0 0 0.00219001
0.00427703 0 0 0 0.00221899
0.00429581 0 0 0 0.00224835
0.00431467 0 0 0 0.00227811
0.00433362 0 0 0 0.00230825
0.00435265 0 0 0 0.0023388
0.00437177 0 0 0 0.00236975
0.00439097 0 0 0 0.0024011
0.00441025 0 0 0 0.00243288
0.00442962 0 0 0 0.00246507
0.00444907 0 0 0 0.00249769
0.00446861 0 0 0 0.00253074
0.00448824 0 0 0 0.00256423
0.00450795 0 0 0 0.00259816
0.00452775 0 0 0 0.00263255
0.00454763 0 0 0 0.00266738
0.0045676 0 0 0 0.00270268
0.00458766 0 0 0 0.00273844
0.00460781 0 0 0 0.00277468
0.00462804 0 0 0 0.0028114
0.00464837 0 0 0 0.0028486
0.00466878 0 0 0 0.0028863
0.00468929 0 0 0 0.00292449
0.00470988 0 0 0 0.00296319
0.00473056 0 0 0 0.0030024
0.00475134 0 0 0 0.00304213
0.00477221 0 0 0 0.00308239
0.00479316 0 0 0 0.00312318
0.00481421 0 0 0 0.0031645
0.00483536 0 0 0 0.00320638
0.00485659 0 0 0 0.00324881
0.00487792 0 0 0 0.0032918
0.00489934 0 0 0 0.00333536
0.00492086 0 0 0 0.0033795
0.00494247 0 0 0 0.00342422
0.00496417 0 0 0 0.00346953
0.00498597 0 0 0 0.00351544
0.00500787 0 0 0 0.00356196
0.00502986 0 0 0 0.0036091
0.00505195 0 0 0 0.00365685
0.00507414 0 0 0 0.00370525
0.00509642 0 0 0 0.00375428
0.0051188 0 0 0 0.00380396
0.00514128 0 0 0 0.00385429
0.00516386 0 0 0 0.0039053
0.00518654 0 0 0 0.00395698
0.00520932 0 0 0 0.00400934
0.0052322 0 0 0 0.00406239
0.00525517 0 0 0 0.00411615
0.00527825 0 0 0 0.00417062
0.00530143 0 0 0 0.00422581
0.00532472 0 0 0 0.00428173
0.0053481 0 0 0 0.00433839
0.00537159 0 0 0 0.0043958
0.00539518 0 0 0 0.00445396
0.00541887 0 0 0 0.0045129
0.00544267 0 0 0 0.00457262
0.00546657 0 0 0 0.00463313
0.00549058 0 0 0 0.00469444
0.00551469 0 0 0 0.00475656
0.00553891 0 0 0 0.0048195
0.00556323 0 0 0 0.00488328
0.00558766 0 0 0 0.0049479
0.0056122 0 0 0 0.00501338
0.00563685 0 0 0 0.00507972
0.00566161 0 0 0 0.00514694
0.00568647 0 0 0 0.00521504
0.00571144 0 0 0 0.00528405
0.00573653 0 0 0 0.00535398
0.00576172 0 0 0 0.00542483
0.00578702 0 0 0 0.00549661
0.00581244 0 0 0 0.00556935
0.00583796 0 0 0 0.00564305
0.0058636 0 0 0 0.00571772
0.00588935 0 0 0 0.00579338
0.00591521 0 0 0 0.00587005
0.00594119 0 0 0 0.00594772
0.00596728 0 0 0 0.00602643
0.00599349 0 0 0 0.00610618
0.00601981 0 0 0 0.00618698
0.00604625 0 0 0 0.00626885
0.0060728 0 0 0 0.0063518
0.00609947 0 0 0 0.00643586
0.00612626 0 0 0 0.00652102
0.00615316 0 0 0 0.00660731
0.00618018 0 0 0 0.00669475
0.00620733 0 0 0 0.00678334
0.00623459 0 0 0 0.0068731
0.00626197 0 0 0 0.00696405
0.00628947 0 0 0 0.00705621
0.00631709 0 0 0 0.00714958
0.00634483 0 0 0 0.00724419
0.00637269 0 0 0 0.00734005
0.00640068 0 0 0 0.00743718
0.00642879 0 0 0 0.0075356
0.00645702 0 0 0 0.00763531
0.00648538 0 0 0 0.00773635
0.00651386 0 0 0 0.00783872
0.00654247 0 0 0 0.00794245
0.0065712 0 0 0 0.00804755
0.00660006 0 0 0 0.00815405
0.00662904 0 0 0 0.00826195
0.00665816 0 0 0 0.00837128
0.0066874 0 0 0 0.00848205
0.00671676 0 0 0 0.0085943
0.00674626 0 0 0 0.00870802
0.00677589 0 0 0 0.00882325
0.00680565 0 0 0 0.00894001
0.00683553 0 0 0 0.00905831
0.00686555 0 0 0 0.00917818
0.00689571 0 0 0 0.00929964
0.00692599 0 0 0 0.0094227
0.0069564 0 0 0 0.00954739
0.00698696 0 0 0 0.00967372
0.00701764 0 0 0 0.00980174
0.00704846 0 0 0 0.00993144
0.00707941 0 0 0 0.0100629
0.0071105 0 0 0 0.010196
0.00714173 0 0 0 0.0103309
0.00717309 0 0 0 0.0104677
0.0072046 0 0 0 0.0106062
0.00723624 0 0 0 0.0107465
0.00726801 0 0 0 0.0108887
0.00729993 0 0 0 0.0110328
0.00733199 0 0 0 0.0111788
0.00736419 0 0 0 0.0113267
0.00739653 0 0 0 0.0114766
0.00742901 0 0 0 0.0116285
0.00746164 0 0 0 0.0117824
0.00749441 0 0 0 0.0119383
0.00752732 0 0 0 0.0120963
0.00756038 0 0 0 0.0122563
0.00759358 0 0 0 0.0124185
0.00762693 0 0 0 0.0125829
0.00766042 0 0 0 0.0127494
0.00769407 0 0 0 0.0129181
0.00772786 0 0 0 0.013089
0.00776179 0 0 0 0.0132622
0.00779588 0 0 0 0.0134377
0.00783012 0 0 0 0.0136155
0.0078645 0 0 0 0.0137957
0.00789904 0 0 0 0.0139783
0.00793373 0 0 0 0.0141632
0.00796857 0 0 0 0.0143507
0.00800357 0 0 0 0.0145406
0.00803872 0 0 0 0.014733
0.00807402 0 0 0 0.0149279
0.00810948 0 0 0 0.0151255
0.00814509 0 0 0 0.0153256
0.00818086 0 0 0 0.0155284
0.00821679 0 0 0 0.0157339
0.00825288 0 0 0 0.0159421
0.00828912 0 0 0 0.0161531
0.00832552 0 0 0 0.0163668
0.00836209 0 0 0 0.0165834
0.00839881 0 0 0 0.0168029
0.00843569 0 0 0 0.0170252
0.00847274 0 0 0 0.0172505
0.00850995 0 0 0 0.0174788
0.00854732 0 0 0 0.0177101
0.00858486 0 0 0 0.0179444
0.00862256 0 0 0 0.0181819
0.00866043 0 0 0 0.0184225
0.00869846 0 0 0 0.0186663
0.00873666 0 0 0 0.0189133
0.00877503 0 0 0 0.0191635
0.00881357 0 0 0 0.0194171
0.00885227 0 0 0 0.0196741
0.00889115 0 0 0 0.0199344
0.0089302 0 0 0 0.0201982
0.00896941 0 0 0 0.0204655
0.0090088 0 0 0 0.0207363
0.00904837 0 0 0 0.0210107
0.00908811 0 0 0 0.0212887
0.00912802 0 0 0 0.0215704
0.0091681 0 0 0 0.0218559
0.00920837 0 0 0 0.0221451
0.00924881 0 0 0 0.0224381
0.00928942 0 0 0 0.0227351
0.00933022 0 0 0 0.0230359
0.0093712 0 0 0 0.0233407
0.00941235 0 0 0 0.0236496
0.00945369 0 0 0 0.0239626
0.0094952 0 0 0 0.0242797
0.0095369 0 0 0 0.024601
0.00957879 0 0 0 0.0249265
0.00962085 0 0 0 0.0252563
0.0096631 0 0 0 0.0255906
0.00970554 0 0 0 0.0259292
0.00974816 0 0 0 0.0262723
0.00979097 0 0 0 0.02662
0.00983397 0 0 0 0.0269722
0.00987716 0 0 0 0.0273291
0.00992054 0 0 0 0.0276908
0.0099641 0 0 0 0.0280572
0.0100079 0 0 0 0.0284285
0.0100518 0 0 0 0.0288047
0.010096 0 0 0 0.0291859
0.0101403 0 0 0 0.0295721
0.0101848 0 0 0 0.0299634
0.0102296 0 0 0 0.0303599
0.0102745 0 0 0 0.0307616
0.0103196 0 0 0 0.0311687
0.0103649 0 0 0 0.0315812
0.0104104 0 0 0 0.0319991
0.0104562 0 0 0 0.0324225
0.0105021 0 0 0 0.0328515
0.0105482 0 0 0 0.0332863
0.0105945 0 0 0 0.0337267
0.0106411 0 0 0 0.034173
0.0106878 0 0 0 0.0346252
0.0107347 0 0 0 0.0350834
0.0107819 0 0 0 0.0355477
0.0108292 0 0 0 0.0360181
0.0108768 0 0 0 0.0364947
0.0109245 0 0 0 0.0369776
0.0109725 0 0 0 0.037467
0.0110207 0 0 0 0.0379628
0.0110691 0 0 0 0.0384651
0.0111177 0 0 0 0.0389741
0.0111665 0 0 0 0.0394899
0.0112156 0 0 0 0.0400124
0.0112648 0 0 0 0.0405419
0.0113143 0 0 0 0.0410784
0.011364 0 0 0 0.041622
0.0114139 0 0 0 0.0421728
0.011464 0 0 0 0.0427308
0.0115144 0 0 0 0.0432963
0.0115649 0 0 0 0.0438692
0.0116157 0 0 0 0.0444497
0.0116667 0 0 0 0.0450379
0.011718 0 0 0 0.0456339
0.0117694 0 0 0 0.0462378
0.0118211 0 0 0 0.0468496
0.011873 0 0 0 0.0474696
0.0119252 0 0 0 0.0480977
0.0119776 0 0 0 0.0487342
0.0120302 0 0 0 0.0493791
0.012083 0 0 0 0.0500325
0.012136 0 0 0 0.0506946
0.0121893 0 0 0 0.0513654
0.0122429 0 0 0 0.0520452
0.0122966 0 0 0 0.0527339
0.0123506 0 0 0 0.0534317
0.0124049 0 0 0 0.0541387
0.0124594 0 0 0 0.0548551
0.0125141 0 0 0 0.055581
0.012569 0 0 0 0.0563165
0.0126242 0 0 0 0.0570618
0.0126797 0 0 0 0.0578169
0.0127354 0 0 0 0.0585819
0.0127913 0 0 0 0.0593571
0.0128475 0 0 0 0.0601426
0.0129039 0 0 0 0.0609385
0.0129606 0 0 0 0.0617449
0.0130175 0 0 0 0.0625619
0.0130746 0 0 0 0.0633898
0.0131321 0 0 0 0.0642286
0.0131897 0 0 0 0.0650785
0.0132477 0 0 0 0.0659397
0.0133058 0 0 0 0.0668123
0.0133643 0 0 0 0.0676964
0.013423 0 0 0 0.0685922
0.0134819 0 0 0 0.0694999
0.0135411 0 0 0 0.0704196
0.0136006 0 0 0 0.0713514
0.0136603 0 0 0 0.0722956
0.0137203 0 0 0 0.0732523
0.0137806 0 0 0 0.0742216
0.0138411 0 0 0 0.0752038
0.0139019 0 0 0 0.076199
0.0139629 0 0 0 0.0772073
0.0140242 0 0 0 0.078229
0.0140858 0 0 0 0.0792642
0.0141477 0 0 0 0.0803131
0.0142098 0 0 0 0.0813758
0.0142722 0 0 0 0.0824527
0.0143349 0 0 0 0.0835438
0.0143979 0 0 0 0.0846493
0.0144611 0 0 0 0.0857694
0.0145246 0 0 0 0.0869044
0.0145884 0 0 0 0.0880544
0.0146524 0 0 0 0.0892196
0.0147168 0 0 0 0.0904002
0.0147814 0 0 0 0.0915965
0.0148463 0 0 0 0.0928086
0.0149115 0 0 0 0.0940367
0.014977 0 0 0 0.0952811
0.0150428 0 0 0 0.0965419
0.0151089 0 0 0 0.0978195
0.0151752 0 0 0 0.0991139
0.0152419 0 0 0 0.100425
0.0153088 0 0 0 0.101754
0.015376 0 0 0 0.103101
0.0154436 0 0 0 0.104465
0.0155114 0 0 0 0.105848
0.0155795 0 0 0 0.107248
0.0156479 0 0 0 0.108667
0.0157166 0 0 0 0.110105
0.0157857 0 0 0 0.111562
0.015855 0 0 0 0.113039
0.0159246 0 0 0 0.114535
0.0159945 0 0 0 0.11605
0.0160648 0 0 0 0.117586
0.0161353 0 0 0 0.119142
0.0162062 0 0 0 0.120718
0.0162774 0 0 0 0.122316
0.0163489 0 0 0 0.123934
0.0164207 0 0 0 0.125574
0.0164928 0 0 0 0.127236
0.0165652 0 0 0 0.12892
0.0166379 0 0 0 0.130626
0.016711 0 0 0 0.132354
0.0167844 0 0 0 0.134106
0.0168581 0 0 0 0.13588
0.0169322 0 0 0 0.137679
0.0170065 0 0 0 0.1395
0.0170812 0 0 0 0.141346
0.0171562 0 0 0 0.143217
0.0172316 0 0 0 0.145112
0.0173072 0 0 0 0.147032
0.0173832 0 0 0 0.148978
0.0174596 0 0 0 0.150949
0.0175363 0 0 0 0.152947
0.0176133 0 0 0 0.154971
0.0176906 0 0 0 0.157021
0.0177683 0 0 0 0.159099
0.0178463 0 0 0 0.161205
0.0179247 0 0 0 0.163338
0.0180034 0 0 0 0.165499
0.0180825 0 0 0 0.167689
0.0181619 0 0 0 0.169908
0.0182417 0 0 0 0.172157
0.0183218 0 0 0 0.174435
0.0184022 0 0 0 0.176743
0.0184831 0 0 0 0.179082
0.0185642 0 0 0 0.181452
0.0186458 0 0 0 0.183853
0.0187276 0 0 0 0.186286
0.0188099 0 0 0 0.188751
0.0188925 0 0 0 0.191248
0.0189755 0 0 0 0.193779
0.0190588 0 0 0 0.196344
0.0191425 0 0 0 0.198942
0.0192266 0 0 0 0.201574
0.019311 0 0 0 0.204242
0.0193958 0 0 0 0.206944
0.019481 0 0 0 0.209683
0.0195665 0 0 0 0.212458
0.0196525 0 0 0 0.215269
0.0197388 0 0 0 0.218118
0.0198255 0 0 0 0.221004
0.0199125 0 0 0 0.223928
0.02 0 0 0 0.226892
0.0200878 0 0 0 0.229894
0.020176 0 0 0 0.232936
0.0202646 0 0 0 0.236019
0.0203536 0 0 0 0.239142
0.020443 0 0 0 0.242306
0.0205328 0 0 0 0.245513
0.020623 0 0 0 0.248762
0.0207135 0 0 0 0.252053
0.0208045 0 0 0 0.255389
0.0208959 0 0 0 0.258768
0.0209876 0 0 0 0.262193
0.0210798 0 0 0 0.265662
0.0211724 0 0 0 0.269178
0.0212654 0 0 0 0.27274
0.0213588 0 0 0 0.276349
0.0214526 0 0 0 0.280006
0.0215468 0 0 0 0.283711
0.0216414 0 0 0 0.287465
0.0217364 0 0 0 0.291269
0.0218319 0 0 0 0.295124
0.0219278 0 0 0 0.299029
0.0220241 0 0 0 0.302986
0.0221208 0 0 0 0.306995
0.0222179 0 0 0 0.311058
0.0223155 0 0 0 0.315174
0.0224135 0 0 0 0.319345
0.0225119 0 0 0 0.32357
0.0226108 0 0 0 0.327852
0.0227101 0 0 0 0.332191
0.0228098 0 0 0 0.336586
0.02291 0 0 0 0.34104
0.0230106 0 0 0 0.345553
0.0231117 0 0 0 0.350126
0.0232132 0 0 0 0.354759
0.0233151 0 0 0 0.359454
0.0234175 0 0 0 0.36421
0.0235204 0 0 0 0.36903
0.0236236 0 0 0 0.373913
0.0237274 0 0 0 0.378861
0.0238316 0 0 0 0.383875
0.0239363 0 0 0 0.388954
0.0240414 0 0 0 0.394101
0.024147 0 0 0 0.399316
0.024253 0 0 0 0.4046
0.0243595 0 0 0 0.409954
0.0244665 0 0 0 0.415379
0.0245739 0 0 0 0.420876
0.0246819 0 0 0 0.426445
0.0247903 0 0 0 0.432089
0.0248991 0 0 0 0.437806
0.0250085 0 0 0 0.4436
0.0251183 0 0 0 0.44947
0.0252286 0 0 0 0.455418
0.0253394 0 0 0 0.461444
0.0254507 0 0 0 0.46755
0.0255625 0 0 0 0.473737
0.0256747 0 0 0 0.480006
0.0257875 0 0 0 0.486358
0.0259007 0 0 0 0.492794
0.0260145 0 0 0 0.499315
0.0261287 0 0 0 0.505922
0.0262435 0 0 0 0.512617
0.0263587 0 0 0 0.519401
0.0264745 0 0 0 0.526274
0.0265907 0 0 0 0.533238
0.0267075 0 0 0 0.540294
0.0268248 0 0 0 0.547444
0.0269426 0 0 0 0.554688
0.0270609 0 0 0 0.562028
0.0271798 0 0 0 0.569465
0.0272991 0 0 0 0.577001
0.027419 0 0 0 0.584637
0.0275394 0 0 0 0.592373
0.0276604 0 0 0 0.600212
0.0277819 0 0 0 0.608154
0.0279039 0 0 0 0.616202
0.0280264 0 0 0 0.624356
0.0281495 0 0 0 0.632618
0.0282731 0 0 0 0.640989
0.0283973 0 0 0 0.649472
0.028522 0 0 0 0.658066
0.0286472 0 0 0 0.666774
0.0287731 0 0 0 0.675597
0.0288994 0 0 0 0.684537
0.0290263 0 0 0 0.693596
0.0291538 0 0 0 0.702774
0.0292818 0 0 0 0.712074
0.0294104 0 0 0 0.721497
0.0295396 0 0 0 0.731044
0.0296693 0 0 0 0.740718
0.0297996 0 0 0 0.75052
0.0299305 0 0 0 0.760451
0.0300619 0 0 0 0.770514
0.030194 0 0 0 0.78071
0.0303266 0 0 0 0.791041
0.0304597 0 0 0 0.801509
0.0305935 0 0 0 0.812115
0.0307279 0 0 0 0.822862
0.0308628 0 0 0 0.833751
0.0309983 0 0 0 0.844784
0.0311345 0 0 0 0.855963
0.0312712 0 0 0 0.867289
0.0314085 0 0 0 0.878766
0.0315465 0 0 0 0.890395
0.031685 0 0 0 0.902177
0.0318242 0 0 0 0.914116
0.0319639 0 0 0 0.926212
0.0321043 0 0 0 0.938468
0.0322453 0 0 0 0.950887
0.0323869 0 0 0 0.96347
0.0325291 0 0 0 0.976219
0.032672 0 0 0 0.989138
0.0328155 0 0 0 1.00223
0.0329596 0 0 0 1.01549
0.0331043 0 0 0 1.02893
0.0332497 0 0 0 1.04254
0.0333957 0 0 0 1.05634
0.0335424 0 0 0 1.07032
0.0336897 0 0 0 1.08448
0.0338377 0 0 0 1.09883
0.0339863 0 0 0 1.11337
0.0341355 0 0 0 1.1281
0.0342854 0 0 0 1.14303
0.034436 0 0 0 1.15816
0.0345872 0 0 0 1.17348
0.0347391 0 0 0 1.18901
0.0348917 0 0 0 1.20475
0.0350449 0 0 0 1.22069
0.0351988 0 0 0 1.23684
0.0353534 0 0 0 1.25321
0.0355087 0 0 0 1.26979
0.0356646 0 0 0 1.2866
0.0358212 0 0 0 1.30362
0.0359785 0 0 0 1.32087
0.0361366 0 0 0 1.33835
0.0362952 0 0 0 1.35606
0.0364546 0 0 0 1.37401
0.0366147 0 0 0 1.39219
0.0367755 0 0 0 1.41061
0.036937 0 0 0 1.42928
0.0370993 0 0 0 1.44819
0.0372622 0 0 0 1.46735
0.0374258 0 0 0 1.48677
0.0375902 0 0 0 1.50645
0.0377553 0 0 0 1.52638
0.0379211 0 0 0 1.54658
0.0380876 0 0 0 1.56704
0.0382549 0 0 0 1.58778
0.0384229 0 0 0 1.60879
0.0385916 0 0 0 1.63008
0.0387611 0 0 0 1.65165
0.0389313 0 0 0 1.67351
0.0391023 0 0 0 1.69565
0.039274 0 0 0 1.71809
0.0394465 0 0 0 1.74083
0.0396197 0 0 0 1.76386
0.0397937 0 0 0 1.7872
0.0399685 0 0 0 1.81085
0.040144 0 0 0 1.83482
0.0403203 0 0 0 1.8591
0.0404974 0 0 0 1.8837
0.0406752 0 0 0 1.90862
0.0408539 0 0 0 1.93388
0.0410333 0 0 0 1.95947
0.0412135 0 0 0 1.9854
0.0413945 0 0 0 2.01167
0.0415763 0 0 0 2.03829
0.0417589 0 0 0 2.06527
0.0419423 0 0 0 2.09259
0.0421264 0 0 0 2.12029
0.0423115 0 0 0 2.14834
0.0424973 0 0 0 2.17677
0.0426839 0 0 0 2.20558
0.0428714 0 0 0 2.23476
0.0430596 0 0 0 2.26434
0.0432487 0 0 0 2.2943
0.0434387 0 0 0 2.32466
0.0436294 0 0 0 2.35542
0.043821 0 0 0 2.38659
0.0440135 0 0 0 2.41817
0.0442068 0 0 0 2.45017
0.0444009 0 0 0 2.48259
0.0445959 0 0 0 2.51545
0.0447918 0 0 0 2.54873
0.0449885 0 0 0 2.58246
0.045186 0 0 0 2.61663
0.0453845 0 0 0 2.65126
0.0455838 0 0 0 2.68634
0.045784 0 0 0 2.72189
0.045985 0 0 0 2.75791
0.046187 0 0 0 2.7944
0.0463898 0 0 0 2.83138
0.0465936 0 0 0 2.86885
0.0467982 0 0 0 2.90681
0.0470037 0 0 0 2.94528
0.0472101 0 0 0 2.98425
0.0474175 0 0 0 3.02374
0.0476257 0 0 0 3.06375
0.0478349 0 0 0 3.1043
0.0480449 0 0 0 3.14538
0.0482559 0 0 0 3.187
0.0484678 0 0 0 3.22917
0.0486807 0 0 0 3.2719
0.0488945 0 0 0 3.3152
0.0491092 0 0 0 3.35907
0.0493249 0 0 0 3.40352
0.0495415 0 0 0 3.44856
0.0497591 0 0 0 3.49419
0.0499776 0 0 0 3.54043
0.0501971 0 0 0 3.58728
0.0504175 0 0 0 3.63475
0.0506389 0 0 0 3.68285
0.0508613 0 0 0 3.73158
0.0510847 0 0 0 3.78096
0.051309 0 0 0 3.83099
0.0515344 0 0 0 3.88169
0.0517607 0 0 0 3.93306
0.051988 0 0 0 3.9851
0.0522163 0 0 0 4.03784
0.0524456 0 0 0 4.09127
0.052676 0 0 0 4.14541
0.0529073 0 0 0 4.20026
0.0531396 0 0 0 4.25584
0.053373 0 0 0 4.31216
0.0536074 0 0 0 4.36922
0.0538428 0 0 0 4.42704
0.0540793 0 0 0 4.48562
0.0543168 0 0 0 4.54498
0.0545553 0 0 0 4.60512
0.0547949 0 0 0 4.66606
0.0550356 0 0 0 4.72781
0.0552772 0 0 0 4.79037
0.05552 0 0 0 4.85376
0.0557638 0 0 0 4.91799
0.0560087 0 0 0 4.98307
0.0562547 0 0 0 5.04901
0.0565017 0 0 0 5.11582
0.0567499 0 0 0 5.18352
0.0569991 0 0 0 5.25211
0.0572494 0 0 0 5.32161
0.0575008 0 0 0 5.39203
0.0577534 0 0 0 5.46339
0.058007 0 0 0 5.53568
0.0582617 0 0 0 5.60893
0.0585176 0 0 0 5.68316
0.0587746 0 0 0 5.75836
0.0590327 0 0 0 5.83456
0.059292 0 0 0 5.91177
0.0595524 0 0 0 5.99
0.0598139 0 0 0 6.06926
0.0600766 0 0 0 6.14958
0.0603404 0 0 0 6.23095
0.0606054 0 0 0 6.31341
0.0608716 0 0 0 6.39695
0.0611389 0 0 0 6.4816
0.0614074 0 0 0 6.56737
0.0616771 0 0 0 6.65428
0.0619479 0 0 0 6.74233
0.06222 0 0 0 6.83155
0.0624932 0 0 0 6.92195
0.0627677 0 0 0 7.01355
0.0630433 0 0 0 7.10636
0.0633202 0 0 0 7.2004
0.0635983 0 0 0 7.29568
0.0638776 0 0 0 7.39222
0.0641581 0 0 0 7.49004
0.0644399 0 0 0 7.58916
0.0647229 0 0 0 7.68958
0.0650071 0 0 0 7.79134
0.0652926 0 0 0 7.89444
0.0655793 0 0 0 7.99891
0.0658673 0 0 0 8.10476
0.0661566 0 0 0 8.212
0.0664471 0 0 0 8.32067
0.0667389 0 0 0 8.43078
0.067032 0 0 0 8.54234
0.0673264 0 0 0 8.65538
0.0676221 0 0 0 8.76992
0.0679191 0 0 0 8.88597
0.0682173 0 0 0 9.00356
0.0685169 0 0 0 9.1227
0.0688178 0 0 0 9.24342
0.06912 0 0 0 9.36574
0.0694236 0 0 0 9.48967
0.0697285 0 0 0 9.61525
0.0700347 0 0 0 9.74248
0.0703423 0 0 0 9.87141
0.0706512 0 0 0 10.002
0.0709615 0 0 0 10.1344
0.0712731 0 0 0 10.2685
0.0715861 0 0 0 10.4044
0.0719005 0 0 0 10.5421
0.0722162 0 0 0 10.6816
0.0725334 0 0 0 10.8229
0.0728519 0 0 0 10.9661
0.0731719 0 0 0 11.1112
0.0734932 0 0 0 11.2583
0.073816 0 0 0 11.4072
0.0741401 0 0 0 11.5582
0.0744657 0 0 0 11.7111
0.0747928 0 0 0 11.8661
0.0751212 0 0 0 12.0231
0.0754511 0 0 0 12.1822
0.0757825 0 0 0 12.3435
0.0761153 0 0 0 12.5068
0.0764496 0 0 0 12.6723
0.0767853 0 0 0 12.84
0.0771225 0 0 0 13.0099
0.0774612 0 0 0 13.182
0.0778014 0 0 0 13.3565
0.0781431 0 0 0 13.5332
0.0784863 0 0 0 13.7123
0.0788309 0 0 0 13.8938
0.0791771 0 0 0 14.0776
0.0795249 0 0 0 14.2639
0.0798741 0 0 0 14.4527
0.0802249 0 0 0 14.6439
0.0805772 0 0 0 14.8377
0.0809311 0 0 0 15.034
0.0812865 0 0 0 15.233
0.0816435 0 0 0 15.4346
0.082002 0 0 0 15.6388
0.0823621 0 0 0 15.8457
0.0827238 0 0 0 16.0554
0.0830871 0 0 0 16.2679
0.083452 0 0 0 16.4832
0.0838185 0 0 0 16.7013
0.0841866 0 0 0 16.9223
0.0845563 0 0 0 17.1462
0.0849277 0 0 0 17.3731
0.0853006 0 0 0 17.603
0.0856753 0 0 0 17.8359
0.0860515 0 0 0 18.072
0.0864294 0 0 0 18.3111
0.086809 0 0 0 18.5534
0.0871902 0 0 0 18.7989
0.0875731 0 0 0 19.0477
0.0879577 0 0 0 19.2998
0.088344 0 0 0 19.5551
0.088732 0 0 0 19.8139
0.0891217 0 0 0 20.0761
0.089513 0 0 0 20.3418
0.0899062 0 0 0 20.611
0.090301 0 0 0 20.8837
0.0906976 0 0 0 21.16
0.0910959 0 0 0 21.4401
0.0914959 0 0 0 21.7238
0.0918977 0 0 0 22.0112
0.0923013 0 0 0 22.3025
0.0927067 0 0 0 22.5976
0.0931138 0 0 0 22.8967
0.0935227 0 0 0 23.1997
0.0939335 0 0 0 23.5067
0.094346 0 0 0 23.8177
0.0947603 0 0 0 24.1329
0.0951765 0 0 0 24.4522
0.0955944 0 0 0 24.7758
0.0960143 0 0 0 25.1037
0.0964359 0 0 0 25.4359
0.0968594 0 0 0 25.7724
0.0972848 0 0 0 26.1135
0.097712 0 0 0 26.459
0.0981412 0 0 0 26.8092
0.0985722 0 0 0 27.1639
0.0990051 0 0 0 27.5234
0.0994399 0 0 0 27.8876
0.0998766 0 0 0 28.2566
0.100315 0 0 0 28.6306
0.100756 0 0 0 29.0094
0.101198 0 0 0 29.3933
0.101643 0 0 0 29.7823
0.102089 0 0 0 30.1764
0.102537 0 0 0 30.5757
0.102988 0 0 0 30.9803
0.10344 0 0 0 31.3902
0.103894 0 0 0 31.8056
0.10435 0 0 0 32.2265
0.104809 0 0 0 32.653
0.105269 0 0 0 33.0851
0.105731 0 0 0 33.5229
0.106196 0 0 0 33.9665
0.106662 0 0 0 34.4159
0.10713 0 0 0 34.8714
0.107601 0 0 0 35.3328
0.108073 0 0 0 35.8004
0.108548 0 0 0 36.2741
0.109025 0 0 0 36.7541
0.109504 0 0 0 37.2405
0.109985 0 0 0 37.7333
0.110468 0 0 0 38.2326
0.110953 0 0 0 38.7385
0.11144 0 0 0 39.2511
0.111929 0 0 0 39.7706
0.112421 0 0 0 40.2968
0.112915 0 0 0 40.8301
0.11341 0 0 0 41.3704
0.113909 0 0 0 41.9178
0.114409 0 0 0 42.4725
0.114911 0 0 0 43.0345
0.115416 0 0 0 43.604
0.115923 0 0 0 44.181
0.116432 0 0 0 44.7657
0.116943 0 0 0 45.358
0.117457 0 0 0 45.9583
0.117973 0 0 0 46.5664
0.118491 0 0 0 47.1826
0.119011 0 0 0 47.807
0.119534 0 0 0 48.4396
0.120059 0 0 0 49.0806
0.120586 0 0 0 49.7301
0.121115 0 0 0 50.3882
0.121647 0 0 0 51.0549
0.122182 0 0 0 51.7305
0.122718 0 0 0 52.4151
0.123257 0 0 0 53.1087
0.123798 0 0 0 53.8115
0.124342 0 0 0 54.5235
0.124888 0 0 0 55.245
0.125437 0 0 0 55.9761
0.125987 0 0 0 56.7168
0.126541 0 0 0 57.4673
0.127096 0 0 0 58.2278
0.127655 0 0 0 58.9983
0.128215 0 0 0 59.779
0.128778 0 0 0 60.5701
0.129344 0 0 0 61.3716
0.129912 0 0 0 62.1837
0.130482 0 0 0 63.0066
0.131055 0 0 0 63.8404
0.131631 0 0 0 64.6851
0.132209 0 0 0 65.5411
0.13279 0 0 0 66.4084
0.133373 0 0 0 67.2872
0.133959 0 0 0 68.1776
0.134547 0 0 0 69.0798
0.135138 0 0 0 69.9939
0.135731 0 0 0 70.9201
0.136327 0 0 0 71.8586
0.136926 0 0 0 72.8095
0.137527 0 0 0 73.773
0.138131 0 0 0 74.7492
0.138738 0 0 0 75.7383
0.139347 0 0 0 76.7406
0.139959 0 0 0 77.7561
0.140574 0 0 0 78.785
0.141191 0 0 0 79.8276
0.141811 0 0 0 80.8839
0.142434 0 0 0 81.9542
0.14306 0 0 0 83.0387
0.143688 0 0 0 84.1376
0.144319 0 0 0 85.251
0.144953 0 0 0 86.3791
0.145589 0 0 0 87.5221
0.146229 0 0 0 88.6803
0.146871 0 0 0 89.8538
0.147516 0 0 0 91.0428
0.148164 0 0 0 92.2476
0.148814 0 0 0 93.4683
0.149468 0 0 0 94.7051
0.150124 0 0 0 95.9583
0.150784 0 0 0 97.2281
0.151446 0 0 0 98.5147
0.152111 0 0 0 99.8184
0.152779 0 0 0 101.139
0.15345 0 0 0 102.478
0.154124 0 0 0 103.834
0.154801 0 0 0 105.208
0.15548 0 0 0 106.6
0.156163 0 0 0 108.011
0.156849 0 0 0 109.44
0.157538 0 0 0 110.888
0.15823 0 0 0 112.355
0.158925 0 0 0 113.842
0.159623 0 0 0 115.349
0.160324 0 0 0 116.875
0.161028 0 0 0 118.422
0.161735 0 0 0 119.989
0.162445 0 0 0 121.576
0.163158 0 0 0 123.185
0.163875 0 0 0 124.815
0.164595 0 0 0 126.467
0.165318 0 0 0 128.141
0.166044 0 0 0 129.836
0.166773 0 0 0 131.554
0.167505 0 0 0 133.295
0.168241 0 0 0 135.059
0.16898 0 0 0 136.846
0.169722 0 0 0 138.657
0.170467 0 0 0 140.492
0.171216 0 0 0 142.351
0.171968 0 0 0 144.235
0.172723 0 0 0 146.143
0.173481 0 0 0 148.077
0.174243 0 0 0 150.037
0.175008 0 0 0 152.022
0.175777 0 0 0 154.034
0.176549 0 0 0 156.072
0.177324 0 0 0 158.138
0.178103 0 0 0 160.23
0.178885 0 0 0 162.35
0.179671 0 0 0 164.499
0.18046 0 0 0 166.676
0.181252 0 0 0 168.881
0.182048 0 0 0 171.116
0.182848 0 0 0 173.38
0.183651 0 0 0 175.675
0.184457 0 0 0 177.999
0.185268 0 0 0 180.355
0.186081 0 0 0 182.741
0.186898 0 0 0 185.16
0.187719 0 0 0 187.61
0.188544 0 0 0 190.092
0.189372 0 0 0 192.608
0.190203 0 0 0 195.157
0.191038 0 0 0 197.739
0.191877 0 0 0 200.356
0.19272 0 0 0 203.007
0.193566 0 0 0 205.693
0.194417 0 0 0 208.415
0.19527 0 0 0 211.173
0.196128 0 0 0 213.968
0.196989 0 0 0 216.799
0.197854 0 0 0 219.668
0.198723 0 0 0 222.575
0.199596 0 0 0 225.52
0.200473 0 0 0 228.504
0.201353 0 0 0 231.528
0.202237 0 0 0 234.592
0.203125 0 0 0 237.696
0.204017 0 0 0 240.842
0.204913 0 0 0 244.029
0.205813 0 0 0 247.258
0.206717 0 0 0 250.53
0.207625 0 0 0 253.845
0.208537 0 0 0 257.204
0.209453 0 0 0 260.608
0.210372 0 0 0 264.056
0.211296 0 0 0 267.55
0.212224 0 0 0 271.091
0.213156 0 0 0 274.678
0.214092 0 0 0 278.313
0.215033 0 0 0 281.996
0.215977 0 0 0 285.728
0.216925 0 0 0 289.509
0.217878 0 0 0 293.34
0.218835 0 0 0 297.221
0.219796 0 0 0 301.154
0.220761 0 0 0 305.14
0.221731 0 0 0 309.177
0.222705 0 0 0 313.269
0.223683 0 0 0 317.414
0.224665 0 0 0 321.614
0.225652 0 0 0 325.87
0.226643 0 0 0 330.183
0.227638 0 0 0 334.552
0.228638 0 0 0 338.979
0.229642 0 0 0 343.465
0.23065 0 0 0 348.01
0.231663 0 0 0 352.615
0.23268 0 0 0 357.281
0.233702 0 0 0 362.009
0.234729 0 0 0 366.799
0.23576 0 0 0 371.653
0.236795 0 0 0 376.571
0.237835 0 0 0 381.554
0.238879 0 0 0 386.603
0.239928 0 0 0 391.719
0.240982 0 0 0 396.903
0.24204 0 0 0 402.155
0.243103 0 0 0 407.476
0.244171 0 0 0 412.868
0.245243 0 0 0 418.332
0.24632 0 0 0 423.868
0.247402 0 0 0 429.477
0.248488 0 0 0 435.16
0.24958 0 0 0 440.918
0.250676 0 0 0 446.753
0.251777 0 0 0 452.665
0.252882 0 0 0 458.655
0.253993 0 0 0 464.724
0.255108 0 0 0 470.874
0.256229 0 0 0 477.105
0.257354 0 0 0 483.418
0.258484 0 0 0 489.815
0.259619 0 0 0 496.297
0.26076 0 0 0 502.864
0.261905 0 0 0 509.519
0.263055 0 0 0 516.261
0.26421 0 0 0 523.093
0.26537 0 0 0 530.015
0.266536 0 0 0 537.028
0.267706 0 0 0 544.135
0.268882 0 0 0 551.335
0.270063 0 0 0 558.631
0.271249 0 0 0 566.023
0.27244 0 0 0 573.513
0.273637 0 0 0 581.102
0.274838 0 0 0 588.792
0.276045 0 0 0 596.583
0.277258 0 0 0 604.478
0.278475 0 0 0 612.477
0.279698 0 0 0 620.582
0.280927 0 0 0 628.794
0.28216 0 0 0 637.115
0.283399 0 0 0 645.545
0.284644 0 0 0 654.088
0.285894 0 0 0 662.743
0.28715 0 0 0 671.513
0.288411 0 0 0 680.399
0.289677 0 0 0 689.403
0.290949 0 0 0 698.526
0.292227 0 0 0 707.769
0.293511 0 0 0 717.135
0.2948 0 0 0 726.625
0.296094 0 0 0 736.24
0.297395 0 0 0 745.983
0.298701 0 0 0 755.854
0.300012 0 0 0 765.856
0.30133 0 0 0 775.991
0.302653 0 0 0 786.259
0.303982 0 0 0 796.664
0.305317 0 0 0 807.206
0.306658 0 0 0 817.888
0.308005 0 0 0 828.711
0.309358 0 0 0 839.677
0.310716 0 0 0 850.788
0.312081 0 0 0 862.047
0.313451 0 0 0 873.454
0.314828 0 0 0 885.012
0.31621 0 0 0 896.724
0.317599 0 0 0 908.59
0.318994 0 0 0 920.613
0.320395 0 0 0 932.795
0.321802 0 0 0 945.139
0.323215 0 0 0 957.646
0.324635 0 0 0 970.318
0.32606 0 0 0 983.158
0.327492 0 0 0 996.168
0.32893 0 0 0 1009.35
0.330375 0 0 0 1022.71
0.331826 0 0 0 1036.24
0.333283 0 0 0 1049.95
0.334747 0 0 0 1063.85
0.336217 0 0 0 1077.92
0.337693 0 0 0 1092.19
0.339176 0 0 0 1106.64
0.340666 0 0 0 1121.29
0.342162 0 0 0 1136.12
0.343665 0 0 0 1151.16
0.345174 0 0 0 1166.39
0.34669 0 0 0 1181.83
0.348212 0 0 0 1197.46
0.349742 0 0 0 1213.31
0.351278 0 0 0 1229.37
0.35282 0 0 0 1245.63
0.35437 0 0 0 1262.12
0.355926 0 0 0 1278.82
0.357489 0 0 0 1295.74
0.359059 0 0 0 1312.89
0.360636 0 0 0 1330.26
0.36222 0 0 0 1347.86
0.36381 0 0 0 1365.7
0.365408 0 0 0 1383.77
0.367013 0 0 0 1402.08
0.368625 0 0 0 1420.64
0.370244 0 0 0 1439.44
0.37187 0 0 0 1458.48
0.373503 0 0 0 1477.78
0.375143 0 0 0 1497.34
0.37679 0 0 0 1517.15
0.378445 0 0 0 1537.23
0.380107 0 0 0 1557.57
0.381776 0 0 0 1578.18
0.383453 0 0 0 1599.07
0.385137 0 0 0 1620.23
0.386828 0 0 0 1641.67
0.388527 0 0 0 1663.39
0.390234 0 0 0 1685.4
0.391947 0 0 0 1707.7
0.393669 0 0 0 1730.3
0.395397 0 0 0 1753.2
0.397134 0 0 0 1776.4
0.398878 0 0 0 1799.91
0.40063 0 0 0 1823.72
0.402389 0 0 0 1847.86
0.404156 0 0 0 1872.31
0.405931 0 0 0 1897.09
0.407714 0 0 0 1922.19
0.409504 0 0 0 1947.63
0.411303 0 0 0 1973.4
0.413109 0 0 0 1999.51
0.414923 0 0 0 2025.97
0.416745 0 0 0 2052.78
0.418576 0 0 0 2079.95
0.420414 0 0 0 2107.47
0.42226 0 0 0 2135.36
0.424115 0 0 0 2163.61
0.425977 0 0 0 2192.24
0.427848 0 0 0 2221.25
0.429727 0 0 0 2250.65
0.431614 0 0 0 2280.43
0.43351 0 0 0 2310.61
0.435413 0 0 0 2341.18
0.437326 0 0 0 2372.16
0.439246 0 0 0 2403.55
0.441175 0 0 0 2435.36
0.443113 0 0 0 2467.59
0.445059 0 0 0 2500.24
0.447013 0 0 0 2533.32
0.448976 0 0 0 2566.85
0.450948 0 0 0 2600.81
0.452928 0 0 0 2635.23
0.454918 0 0 0 2670.1
0.456915 0 0 0 2705.44
0.458922 0 0 0 2741.24
0.460937 0 0 0 2777.51
0.462962 0 0 0 2814.27
0.464995 0 0 0 2851.51
0.467037 0 0 0 2889.24
0.469088 0 0 0 2927.47
0.471148 0 0 0 2966.21
0.473217 0 0 0 3005.46
0.475295 0 0 0 3045.23
0.477383 0 0 0 3085.53
0.479479 0 0 0 3126.36
0.481585 0 0 0 3167.73
0.4837 0 0 0 3209.65
0.485824 0 0 0 3252.12
0.487958 0 0 0 3295.16
0.490101 0 0 0 3338.76
0.492253 0 0 0 3382.94
0.494415 0 0 0 3427.71
0.496586 0 0 0 3473.07
0.498767 0 0 0 3519.03
0.500957 0 0 0 3565.59
0.503157 0 0 0 3612.78
0.505367 0 0 0 3660.58
0.507586 0 0 0 3709.02
0.509816 0 0 0 3758.11
0.512054 0 0 0 3807.84
0.514303 0 0 0 3858.22
0.516562 0 0 0 3909.28
0.51883 0 0 0 3961.01
0.521109 0 0 0 4013.43
0.523397 0 0 0 4066.54
0.525696 0 0 0 4120.35
0.528005 0 0 0 4174.87
0.530323 0 0 0 4230.12
0.532652 0 0 0 4286.09
0.534992 0 0 0 4342.81
0.500677
2000
3.04789e+06
      753571000
8.39596e-05 0 0 0 1.67857e-08
8.43283e-05 0 0 0 1.70079e-08
8.46986e-05 0 0 0 1.72329e-08
8.50706e-05 0 0 0 1.7461e-08
8.54442e-05 0 0 0 1.7692e-08
8.58194e-05 0 0 0 1.79261e-08
8.61963e-05 0 0 0 1.81633e-08
8.65749e-05 0 0 0 1.84037e-08
8.69551e-05 0 0 0 1.86472e-08
8.73369e-05 0 0 0 1.8894e-08
8.77205e-05 0 0 0 1.9144e-08
8.81057e-05 0 0 0 1.93973e-08
8.84927e-05 0 0 0 1.9654e-08
8.88813e-05 0 0 0 1.99141e-08
8.92716e-05 0 0 0 2.01776e-08
8.96637e-05 0 0 0 2.04446e-08
9.00574e-05 0 0 0 2.07152e-08
9.04529e-05 0 0 0 2.09893e-08
9.08502e-05 0 0 0 2.1267e-08
9.12492e-05 0 0 0 2.15485e-08
9.16499e-05 0 0 0 2.18336e-08
9.20524e-05 0 0 0 2.21225e-08
9.24566e-05 0 0 0 2.24153e-08
9.28627e-05 0 0 0 2.27119e-08
9.32705e-05 0 0 0 2.30124e-08
9.36801e-05 0 0 0 2.3317e-08
9.40915e-05 0 0 0 2.36255e-08
9.45047e-05 0 0 0 2.39382e-08
9.49198e-05 0 0 0 2.42549e-08
9.53366e-05 0 0 0 2.45759e-08
9.57553e-05 0 0 0 2.49011e-08
9.61758e-05 0 0 0 2.52306e-08
9.65982e-05 0 0 0 2.55645e-08
9.70224e-05 0 0 0 2.59028e-08
9.74485e-05 0 0 0 2.62455e-08
9.78765e-05 0 0 0 2.65928e-08
9.83063e-05 0 0 0 2.69447e-08
9.8738e-05 0 0 0 2.73013e-08
9.91717e-05 0 0 0 2.76626e-08
9.96072e-05 0 0 0 2.80286e-08
0.000100045 0 0 0 2.83995e-08
0.000100484 0 0 0 2.87753e-08
0.000100925 0 0 0 2.91561e-08
0.000101368 0 0 0 2.95419e-08
0.000101814 0 0 0 2.99329e-08
0.000102261 0 0 0 3.0329e-08
0.00010271 0 0 0 3.07303e-08
0.000103161 0 0 0 3.11369e-08
0.000103614 0 0 0 3.1549e-08
0.000104069 0 0 0 3.19665e-08
0.000104526 0 0 0 3.23895e-08
0.000104985 0 0 0 3.28181e-08
0.000105446 0 0 0 3.32524e-08
0.000105909 0 0 0 3.36924e-08
0.000106374 0 0 0 3.41382e-08
0.000106842 0 0 0 3.459e-08
0.000107311 0 0 0 3.50477e-08
0.000107782 0 0 0 3.55115e-08
0.000108255 0 0 0 3.59814e-08
0.000108731 0 0 0 3.64575e-08
0.000109208 0 0 0 3.694e-08
0.000109688 0 0 0 3.74288e-08
0.00011017 0 0 0 3.79241e-08
0.000110653 0 0 0 3.84259e-08
0.000111139 0 0 0 3.89344e-08
0.000111627 0 0 0 3.94496e-08
0.000112118 0 0 0 3.99717e-08
0.00011261 0 0 0 4.05006e-08
0.000113105 0 0 0 4.10365e-08
0.000113601 0 0 0 4.15796e-08
0.0001141 0 0 0 4.21298e-08
0.000114601 0 0 0 4.26873e-08
0.000115105 0 0 0 4.32522e-08
0.00011561 0 0 0 4.38245e-08
0.000116118 0 0 0 4.44044e-08
0.000116628 0 0 0 4.4992e-08
0.00011714 0 0 0 4.55874e-08
0.000117654 0 0 0 4.61907e-08
0.000118171 0 0 0 4.68019e-08
0.00011869 0 0 0 4.74212e-08
0.000119211 0 0 0 4.80487e-08
0.000119735 0 0 0 4.86846e-08
0.000120261 0 0 0 4.93288e-08
0.000120789 0 0 0 4.99816e-08
0.000121319 0 0 0 5.0643e-08
0.000121852 0 0 0 5.13131e-08
0.000122387 0 0 0 5.19921e-08
0.000122925 0 0 0 5.26801e-08
0.000123464 0 0 0 5.33772e-08
0.000124007 0 0 0 5.40836e-08
0.000124551 0 0 0 5.47993e-08
0.000125098 0 0 0 5.55244e-08
0.000125648 0 0 0 5.62591e-08
0.000126199 0 0 0 5.70036e-08
0.000126754 0 0 0 5.77579e-08
0.00012731 0 0 0 5.85222e-08
0.000127869 0 0 0 5.92967e-08
0.000128431 0 0 0 6.00813e-08
0.000128995 0 0 0 6.08764e-08
0.000129562 0 0 0 6.16819e-08
0.000130131 0 0 0 6.24982e-08
0.000130702 0 0 0 6.33252e-08
0.000131276 0 0 0 6.41632e-08
0.000131853 0 0 0 6.50122e-08
0.000132432 0 0 0 6.58725e-08
0.000133013 0 0 0 6.67442e-08
0.000133597 0 0 0 6.76274e-08
0.000134184 0 0 0 6.85223e-08
0.000134773 0 0 0 6.94291e-08
0.000135365 0 0 0 7.03478e-08
0.00013596 0 0 0 7.12787e-08
0.000136557 0 0 0 7.2222e-08
0.000137156 0 0 0 7.31777e-08
0.000137759 0 0 0 7.4146e-08
0.000138364 0 0 0 7.51272e-08
0.000138971 0 0 0 7.61213e-08
0.000139582 0 0 0 7.71286e-08
0.000140195 0 0 0 7.81493e-08
0.00014081 0 0 0 7.91834e-08
0.000141429 0 0 0 8.02312e-08
0.00014205 0 0 0 8.12929e-08
0.000142674 0 0 0 8.23687e-08
0.0001433 0 0 0 8.34586e-08
0.00014393 0 0 0 8.4563e-08
0.000144562 0 0 0 8.5682e-08
0.000145197 0 0 0 8.68159e-08
0.000145834 0 0 0 8.79647e-08
0.000146475 0 0 0 8.91287e-08
0.000147118 0 0 0 9.03081e-08
0.000147764 0 0 0 9.15032e-08
0.000148413 0 0 0 9.2714e-08
0.000149065 0 0 0 9.39409e-08
0.000149719 0 0 0 9.5184e-08
0.000150377 0 0 0 9.64436e-08
0.000151037 0 0 0 9.77198e-08
0.000151701 0 0 0 9.90129e-08
0.000152367 0 0 0 1.00323e-07
0.000153036 0 0 0 1.01651e-07
0.000153708 0 0 0 1.02996e-07
0.000154383 0 0 0 1.04359e-07
0.000155061 0 0 0 1.0574e-07
0.000155742 0 0 0 1.07139e-07
0.000156426 0 0 0 1.08557e-07
0.000157113 0 0 0 1.09993e-07
0.000157803 0 0 0 1.11449e-07
0.000158496 0 0 0 1.12924e-07
0.000159192 0 0 0 1.14418e-07
0.000159891 0 0 0 1.15932e-07
0.000160593 0 0 0 1.17466e-07
0.000161299 0 0 0 1.1902e-07
0.000162007 0 0 0 1.20595e-07
0.000162718 0 0 0 1.22191e-07
0.000163433 0 0 0 1.23808e-07
0.000164151 0 0 0 1.25447e-07
0.000164872 0 0 0 1.27107e-07
0.000165596 0 0 0 1.28789e-07
0.000166323 0 0 0 1.30493e-07
0.000167053 0 0 0 1.3222e-07
0.000167787 0 0 0 1.33969e-07
0.000168524 0 0 0 1.35742e-07
0.000169264 0 0 0 1.37538e-07
0.000170007 0 0 0 1.39358e-07
0.000170754 0 0 0 1.41202e-07
0.000171504 0 0 0 1.43071e-07
0.000172257 0 0 0 1.44964e-07
0.000173014 0 0 0 1.46882e-07
0.000173773 0 0 0 1.48826e-07
0.000174536 0 0 0 1.50796e-07
0.000175303 0 0 0 1.52791e-07
0.000176073 0 0 0 1.54813e-07
0.000176846 0 0 0 1.56861e-07
0.000177623 0 0 0 1.58937e-07
0.000178403 0 0 0 1.6104e-07
0.000179186 0 0 0 1.63171e-07
0.000179973 0 0 0 1.65331e-07
0.000180764 0 0 0 1.67518e-07
0.000181557 0 0 0 1.69735e-07
0.000182355 0 0 0 1.71981e-07
0.000183156 0 0 0 1.74257e-07
0.00018396 0 0 0 1.76563e-07
0.000184768 0 0 0 1.78899e-07
0.000185579 0 0 0 1.81267e-07
0.000186394 0 0 0 1.83665e-07
0.000187213 0 0 0 1.86096e-07
0.000188035 0 0 0 1.88558e-07
0.000188861 0 0 0 1.91054e-07
0.00018969 0 0 0 1.93582e-07
0.000190523 0 0 0 1.96143e-07
0.00019136 0 0 0 1.98739e-07
0.0001922 0 0 0 2.01369e-07
0.000193044 0 0 0 2.04034e-07
0.000193892 0 0 0 2.06734e-07
0.000194744 0 0 0 2.09469e-07
0.000195599 0 0 0 2.12241e-07
0.000196458 0 0 0 2.1505e-07
0.000197321 0 0 0 2.17895e-07
0.000198187 0 0 0 2.20779e-07
0.000199058 0 0 0 2.237e-07
0.000199932 0 0 0 2.2666e-07
0.00020081 0 0 0 2.2966e-07
0.000201692 0 0 0 2.32699e-07
0.000202578 0 0 0 2.35778e-07
0.000203467 0 0 0 2.38898e-07
0.000204361 0 0 0 2.42059e-07
0.000205258 0 0 0 2.45263e-07
0.00020616 0 0 0 2.48508e-07
0.000207065 0 0 0 2.51797e-07
0.000207974 0 0 0 2.55129e-07
0.000208888 0 0 0 2.58505e-07
0.000209805 0 0 0 2.61925e-07
0.000210726 0 0 0 2.65392e-07
0.000211652 0 0 0 2.68903e-07
0.000212581 0 0 0 2.72462e-07
0.000213515 0 0 0 2.76067e-07
0.000214453 0 0 0 2.7972e-07
0.000215394 0 0 0 2.83422e-07
0.00021634 0 0 0 2.87172e-07
0.00021729 0 0 0 2.90972e-07
0.000218245 0 0 0 2.94823e-07
0.000219203 0 0 0 2.98724e-07
0.000220166 0 0 0 3.02677e-07
0.000221133 0 0 0 3.06682e-07
0.000222104 0 0 0 3.10741e-07
0.000223079 0 0 0 3.14853e-07
0.000224059 0 0 0 3.19019e-07
0.000225043 0 0 0 3.23241e-07
0.000226031 0 0 0 3.27518e-07
0.000227024 0 0 0 3.31852e-07
0.000228021 0 0 0 3.36243e-07
0.000229022 0 0 0 3.40693e-07
0.000230028 0 0 0 3.45201e-07
0.000231038 0 0 0 3.49769e-07
0.000232053 0 0 0 3.54398e-07
0.000233072 0 0 0 3.59087e-07
0.000234096 0 0 0 3.63839e-07
0.000235124 0 0 0 3.68654e-07
0.000236156 0 0 0 3.73532e-07
0.000237193 0 0 0 3.78475e-07
0.000238235 0 0 0 3.83483e-07
0.000239281 0 0 0 3.88558e-07
0.000240332 0 0 0 3.937e-07
0.000241388 0 0 0 3.9891e-07
0.000242448 0 0 0 4.04188e-07
0.000243512 0 0 0 4.09537e-07
0.000244582 0 0 0 4.14956e-07
0.000245656 0 0 0 4.20447e-07
0.000246735 0 0 0 4.26011e-07
0.000247818 0 0 0 4.31648e-07
0.000248907 0 0 0 4.3736e-07
0.00025 0 0 0 4.43148e-07
0.000251098 0 0 0 4.49012e-07
0.0002522 0 0 0 4.54954e-07
0.000253308 0 0 0 4.60974e-07
0.00025442 0 0 0 4.67074e-07
0.000255538 0 0 0 4.73255e-07
0.00025666 0 0 0 4.79517e-07
0.000257787 0 0 0 4.85863e-07
0.000258919 0 0 0 4.92292e-07
0.000260056 0 0 0 4.98806e-07
0.000261198 0 0 0 5.05407e-07
0.000262345 0 0 0 5.12095e-07
0.000263498 0 0 0 5.18871e-07
0.000264655 0 0 0 5.25738e-07
0.000265817 0 0 0 5.32695e-07
0.000266984 0 0 0 5.39744e-07
0.000268157 0 0 0 5.46886e-07
0.000269335 0 0 0 5.54123e-07
0.000270517 0 0 0 5.61456e-07
0.000271705 0 0 0 5.68885e-07
0.000272899 0 0 0 5.76413e-07
0.000274097 0 0 0 5.84041e-07
0.000275301 0 0 0 5.91769e-07
0.00027651 0 0 0 5.996e-07
0.000277724 0 0 0 6.07535e-07
0.000278944 0 0 0 6.15574e-07
0.000280169 0 0 0 6.2372e-07
0.000281399 0 0 0 6.31973e-07
0.000282635 0 0 0 6.40336e-07
0.000283876 0 0 0 6.4881e-07
0.000285123 0 0 0 6.57395e-07
0.000286375 0 0 0 6.66095e-07
0.000287633 0 0 0 6.74909e-07
0.000288896 0 0 0 6.8384e-07
0.000290165 0 0 0 6.92889e-07
0.000291439 0 0 0 7.02058e-07
0.000292719 0 0 0 7.11348e-07
0.000294004 0 0 0 7.20761e-07
0.000295296 0 0 0 7.30299e-07
0.000296592 0 0 0 7.39963e-07
0.000297895 0 0 0 7.49755e-07
0.000299203 0 0 0 7.59676e-07
0.000300517 0 0 0 7.69729e-07
0.000301837 0 0 0 7.79915e-07
0.000303163 0 0 0 7.90235e-07
0.000304494 0 0 0 8.00692e-07
0.000305831 0 0 0 8.11288e-07
0.000307174 0 0 0 8.22023e-07
0.000308523 0 0 0 8.32901e-07
0.000309878 0 0 0 8.43923e-07
0.000311239 0 0 0 8.5509e-07
0.000312606 0 0 0 8.66406e-07
0.000313979 0 0 0 8.77871e-07
0.000315358 0 0 0 8.89488e-07
0.000316743 0 0 0 9.01258e-07
0.000318134 0 0 0 9.13184e-07
0.000319531 0 0 0 9.25268e-07
0.000320934 0 0 0 9.37512e-07
0.000322343 0 0 0 9.49918e-07
0.000323759 0 0 0 9.62488e-07
0.000325181 0 0 0 9.75225e-07
0.000326609 0 0 0 9.8813e-07
0.000328043 0 0 0 1.00121e-06
0.000329484 0 0 0 1.01445e-06
0.000330931 0 0 0 1.02788e-06
0.000332384 0 0 0 1.04148e-06
0.000333844 0 0 0 1.05526e-06
0.00033531 0 0 0 1.06923e-06
0.000336783 0 0 0 1.08338e-06
0.000338262 0 0 0 1.09771e-06
0.000339747 0 0 0 1.11224e-06
0.000341239 0 0 0 1.12696e-06
0.000342738 0 0 0 1.14187e-06
0.000344243 0 0 0 1.15698e-06
0.000345755 0 0 0 1.17229e-06
0.000347273 0 0 0 1.1878e-06
0.000348798 0 0 0 1.20352e-06
0.00035033 0 0 0 1.21945e-06
0.000351869 0 0 0 1.23558e-06
0.000353414 0 0 0 1.25193e-06
0.000354966 0 0 0 1.2685e-06
0.000356525 0 0 0 1.28528e-06
0.000358091 0 0 0 1.30229e-06
0.000359663 0 0 0 1.31953e-06
0.000361243 0 0 0 1.33699e-06
0.000362829 0 0 0 1.35468e-06
0.000364423 0 0 0 1.37261e-06
0.000366023 0 0 0 1.39077e-06
0.00036763 0 0 0 1.40917e-06
0.000369245 0 0 0 1.42782e-06
0.000370867 0 0 0 1.44671e-06
0.000372495 0 0 0 1.46586e-06
0.000374131 0 0 0 1.48526e-06
0.000375774 0 0 0 1.50491e-06
0.000377424 0 0 0 1.52482e-06
0.000379082 0 0 0 1.545e-06
0.000380747 0 0 0 1.56545e-06
0.000382419 0 0 0 1.58616e-06
0.000384098 0 0 0 1.60715e-06
0.000385785 0 0 0 1.62842e-06
0.000387479 0 0 0 1.64997e-06
0.000389181 0 0 0 1.6718e-06
0.00039089 0 0 0 1.69392e-06
0.000392607 0 0 0 1.71634e-06
0.000394331 0 0 0 1.73905e-06
0.000396063 0 0 0 1.76206e-06
0.000397802 0 0 0 1.78538e-06
0.000399549 0 0 0 1.80901e-06
0.000401304 0 0 0 1.83295e-06
0.000403066 0 0 0 1.8572e-06
0.000404836 0 0 0 1.88178e-06
0.000406614 0 0 0 1.90668e-06
0.0004084 0 0 0 1.93191e-06
0.000410193 0 0 0 1.95747e-06
0.000411995 0 0 0 1.98338e-06
0.000413804 0 0 0 2.00962e-06
0.000415621 0 0 0 2.03622e-06
0.000417447 0 0 0 2.06316e-06
0.00041928 0 0 0 2.09046e-06
0.000421121 0 0 0 2.11813e-06
0.000422971 0 0 0 2.14615e-06
0.000424828 0 0 0 2.17455e-06
0.000426694 0 0 0 2.20333e-06
0.000428568 0 0 0 2.23249e-06
0.00043045 0 0 0 2.26203e-06
0.00043234 0 0 0 2.29196e-06
0.000434239 0 0 0 2.32229e-06
0.000436146 0 0 0 2.35302e-06
0.000438061 0 0 0 2.38416e-06
0.000439985 0 0 0 2.41571e-06
0.000441918 0 0 0 2.44767e-06
0.000443858 0 0 0 2.48006e-06
0.000445808 0 0 0 2.51288e-06
0.000447765 0 0 0 2.54614e-06
0.000449732 0 0 0 2.57983e-06
0.000451707 0 0 0 2.61397e-06
0.000453691 0 0 0 2.64856e-06
0.000455683 0 0 0 2.6836e-06
0.000457684 0 0 0 2.71912e-06
0.000459694 0 0 0 2.7551e-06
0.000461713 0 0 0 2.79156e-06
0.000463741 0 0 0 2.8285e-06
0.000465777 0 0 0 2.86593e-06
0.000467823 0 0 0 2.90385e-06
0.000469877 0 0 0 2.94228e-06
0.000471941 0 0 0 2.98121e-06
0.000474013 0 0 0 3.02066e-06
0.000476095 0 0 0 3.06063e-06
0.000478186 0 0 0 3.10113e-06
0.000480286 0 0 0 3.14217e-06
0.000482395 0 0 0 3.18375e-06
0.000484514 0 0 0 3.22588e-06
0.000486642 0 0 0 3.26857e-06
0.000488779 0 0 0 3.31182e-06
0.000490925 0 0 0 3.35565e-06
0.000493081 0 0 0 3.40005e-06
0.000495247 0 0 0 3.44504e-06
0.000497422 0 0 0 3.49063e-06
0.000499606 0 0 0 3.53682e-06
0.0005018 0 0 0 3.58362e-06
0.000504004 0 0 0 3.63105e-06
0.000506217 0 0 0 3.6791e-06
0.00050844 0 0 0 3.72778e-06
0.000510673 0 0 0 3.77711e-06
0.000512916 0 0 0 3.82709e-06
0.000515169 0 0 0 3.87773e-06
0.000517431 0 0 0 3.92905e-06
0.000519703 0 0 0 3.98104e-06
0.000521986 0 0 0 4.03372e-06
0.000524278 0 0 0 4.0871e-06
0.000526581 0 0 0 4.14118e-06
0.000528893 0 0 0 4.19598e-06
0.000531216 0 0 0 4.25151e-06
0.000533549 0 0 0 4.30777e-06
0.000535892 0 0 0 4.36477e-06
0.000538245 0 0 0 4.42253e-06
0.000540609 0 0 0 4.48105e-06
0.000542983 0 0 0 4.54035e-06
0.000545368 0 0 0 4.60043e-06
0.000547763 0 0 0 4.66131e-06
0.000550169 0 0 0 4.72299e-06
0.000552585 0 0 0 4.78549e-06
0.000555011 0 0 0 4.84882e-06
0.000557449 0 0 0 4.91298e-06
0.000559897 0 0 0 4.97799e-06
0.000562356 0 0 0 5.04387e-06
0.000564825 0 0 0 5.11061e-06
0.000567306 0 0 0 5.17824e-06
0.000569797 0 0 0 5.24676e-06
0.0005723 0 0 0 5.31619e-06
0.000574813 0 0 0 5.38654e-06
0.000577337 0 0 0 5.45782e-06
0.000579873 0 0 0 5.53004e-06
0.00058242 0 0 0 5.60322e-06
0.000584977 0 0 0 5.67737e-06
0.000587546 0 0 0 5.75249e-06
0.000590127 0 0 0 5.82862e-06
0.000592718 0 0 0 5.90575e-06
0.000595321 0 0 0 5.9839e-06
0.000597936 0 0 0 6.06308e-06
0.000600562 0 0 0 6.14331e-06
0.000603199 0 0 0 6.22461e-06
0.000605848 0 0 0 6.30697e-06
0.000608509 0 0 0 6.39043e-06
0.000611181 0 0 0 6.475e-06
0.000613865 0 0 0 6.56068e-06
0.000616561 0 0 0 6.6475e-06
0.000619269 0 0 0 6.73546e-06
0.000621988 0 0 0 6.82459e-06
0.00062472 0 0 0 6.9149e-06
0.000627463 0 0 0 7.0064e-06
0.000630219 0 0 0 7.09912e-06
0.000632987 0 0 0 7.19306e-06
0.000635767 0 0 0 7.28825e-06
0.000638559 0 0 0 7.38469e-06
0.000641363 0 0 0 7.48241e-06
0.00064418 0 0 0 7.58143e-06
0.000647009 0 0 0 7.68175e-06
0.00064985 0 0 0 7.7834e-06
0.000652704 0 0 0 7.8864e-06
0.00065557 0 0 0 7.99076e-06
0.000658449 0 0 0 8.0965e-06
0.000661341 0 0 0 8.20364e-06
0.000664246 0 0 0 8.3122e-06
0.000667163 0 0 0 8.42219e-06
0.000670093 0 0 0 8.53364e-06
0.000673035 0 0 0 8.64656e-06
0.000675991 0 0 0 8.76098e-06
0.00067896 0 0 0 8.87692e-06
0.000681942 0 0 0 8.99438e-06
0.000684936 0 0 0 9.1134e-06
0.000687944 0 0 0 9.234e-06
0.000690966 0 0 0 9.35619e-06
0.000694 0 0 0 9.48e-06
0.000697048 0 0 0 9.60545e-06
0.000700109 0 0 0 9.73256e-06
0.000703184 0 0 0 9.86135e-06
0.000706272 0 0 0 9.99184e-06
0.000709374 0 0 0 1.01241e-05
0.000712489 0 0 0 1.0258e-05
0.000715618 0 0 0 1.03938e-05
0.000718761 0 0 0 1.05313e-05
0.000721917 0 0 0 1.06707e-05
0.000725088 0 0 0 1.08119e-05
0.000728272 0 0 0 1.0955e-05
0.00073147 0 0 0 1.10999e-05
0.000734682 0 0 0 1.12468e-05
0.000737909 0 0 0 1.13956e-05
0.00074115 0 0 0 1.15464e-05
0.000744404 0 0 0 1.16992e-05
0.000747674 0 0 0 1.1854e-05
0.000750957 0 0 0 1.20109e-05
0.000754255 0 0 0 1.21698e-05
0.000757567 0 0 0 1.23309e-05
0.000760894 0 0 0 1.2494e-05
0.000764236 0 0 0 1.26594e-05
0.000767592 0 0 0 1.28269e-05
0.000770963 0 0 0 1.29966e-05
0.000774349 0 0 0 1.31686e-05
0.00077775 0 0 0 1.33429e-05
0.000781165 0 0 0 1.35194e-05
0.000784596 0 0 0 1.36983e-05
0.000788042 0 0 0 1.38796e-05
0.000791502 0 0 0 1.40633e-05
0.000794978 0 0 0 1.42494e-05
0.00079847 0 0 0 1.44379e-05
0.000801976 0 0 0 1.4629e-05
0.000805498 0 0 0 1.48226e-05
0.000809036 0 0 0 1.50187e-05
0.000812589 0 0 0 1.52175e-05
0.000816157 0 0 0 1.54188e-05
0.000819742 0 0 0 1.56229e-05
0.000823342 0 0 0 1.58296e-05
0.000826957 0 0 0 1.60391e-05
0.000830589 0 0 0 1.62513e-05
0.000834237 0 0 0 1.64664e-05
0.0008379 0 0 0 1.66843e-05
0.00084158 0 0 0 1.6905e-05
0.000845276 0 0 0 1.71287e-05
0.000848988 0 0 0 1.73554e-05
0.000852717 0 0 0 1.75851e-05
0.000856461 0 0 0 1.78178e-05
0.000860223 0 0 0 1.80536e-05
0.000864001 0 0 0 1.82925e-05
0.000867795 0 0 0 1.85345e-05
0.000871606 0 0 0 1.87798e-05
0.000875434 0 0 0 1.90283e-05
0.000879278 0 0 0 1.92801e-05
0.00088314 0 0 0 1.95352e-05
0.000887018 0 0 0 1.97937e-05
0.000890914 0 0 0 2.00557e-05
0.000894826 0 0 0 2.0321e-05
0.000898756 0 0 0 2.059e-05
0.000902703 0 0 0 2.08624e-05
0.000906667 0 0 0 2.11385e-05
0.000910649 0 0 0 2.14182e-05
0.000914648 0 0 0 2.17016e-05
0.000918665 0 0 0 2.19888e-05
0.0009227 0 0 0 2.22798e-05
0.000926752 0 0 0 2.25746e-05
0.000930822 0 0 0 2.28733e-05
0.00093491 0 0 0 2.3176e-05
0.000939015 0 0 0 2.34827e-05
0.000943139 0 0 0 2.37934e-05
0.000947281 0 0 0 2.41083e-05
0.000951441 0 0 0 2.44273e-05
0.00095562 0 0 0 2.47506e-05
0.000959816 0 0 0 2.50781e-05
0.000964032 0 0 0 2.54099e-05
0.000968265 0 0 0 2.57462e-05
0.000972518 0 0 0 2.60869e-05
0.000976789 0 0 0 2.64321e-05
0.000981078 0 0 0 2.67819e-05
0.000985387 0 0 0 2.71363e-05
0.000989714 0 0 0 2.74954e-05
0.000994061 0 0 0 2.78592e-05
0.000998426 0 0 0 2.82279e-05
0.00100281 0 0 0 2.86014e-05
0.00100721 0 0 0 2.89799e-05
0.00101164 0 0 0 2.93634e-05
0.00101608 0 0 0 2.97519e-05
0.00102054 0 0 0 3.01456e-05
0.00102503 0 0 0 3.05445e-05
0.00102953 0 0 0 3.09487e-05
0.00103405 0 0 0 3.13583e-05
0.00103859 0 0 0 3.17732e-05
0.00104315 0 0 0 3.21937e-05
0.00104773 0 0 0 3.26197e-05
0.00105233 0 0 0 3.30513e-05
0.00105695 0 0 0 3.34887e-05
0.0010616 0 0 0 3.39319e-05
0.00106626 0 0 0 3.43809e-05
0.00107094 0 0 0 3.48358e-05
0.00107564 0 0 0 3.52968e-05
0.00108037 0 0 0 3.57639e-05
0.00108511 0 0 0 3.62371e-05
0.00108988 0 0 0 3.67167e-05
0.00109466 0 0 0 3.72025e-05
0.00109947 0 0 0 3.76948e-05
0.0011043 0 0 0 3.81936e-05
0.00110915 0 0 0 3.86991e-05
0.00111402 0 0 0 3.92112e-05
0.00111891 0 0 0 3.973e-05
0.00112383 0 0 0 4.02558e-05
0.00112876 0 0 0 4.07885e-05
0.00113372 0 0 0 4.13282e-05
0.0011387 0 0 0 4.18751e-05
0.0011437 0 0 0 4.24292e-05
0.00114872 0 0 0 4.29907e-05
0.00115377 0 0 0 4.35596e-05
0.00115883 0 0 0 4.4136e-05
0.00116392 0 0 0 4.47201e-05
0.00116903 0 0 0 4.53118e-05
0.00117417 0 0 0 4.59114e-05
0.00117932 0 0 0 4.6519e-05
0.0011845 0 0 0 4.71346e-05
0.00118971 0 0 0 4.77583e-05
0.00119493 0 0 0 4.83903e-05
0.00120018 0 0 0 4.90306e-05
0.00120545 0 0 0 4.96794e-05
0.00121074 0 0 0 5.03368e-05
0.00121606 0 0 0 5.10029e-05
0.0012214 0 0 0 5.16778e-05
0.00122676 0 0 0 5.23617e-05
0.00123215 0 0 0 5.30546e-05
0.00123756 0 0 0 5.37566e-05
0.001243 0 0 0 5.4468e-05
0.00124846 0 0 0 5.51888e-05
0.00125394 0 0 0 5.59191e-05
0.00125945 0 0 0 5.6659e-05
0.00126498 0 0 0 5.74088e-05
0.00127053 0 0 0 5.81685e-05
0.00127611 0 0 0 5.89382e-05
0.00128172 0 0 0 5.97181e-05
0.00128735 0 0 0 6.05084e-05
0.001293 0 0 0 6.13091e-05
0.00129868 0 0 0 6.21204e-05
0.00130438 0 0 0 6.29424e-05
0.00131011 0 0 0 6.37753e-05
0.00131586 0 0 0 6.46192e-05
0.00132164 0 0 0 6.54743e-05
0.00132745 0 0 0 6.63408e-05
0.00133328 0 0 0 6.72186e-05
0.00133913 10.1418 0.000197603 6 6.81081e-05
0.00134501 0 0 0 6.90094e-05
0.00135092 0 0 0 6.99226e-05
0.00135685 0 0 0 7.08479e-05
0.00136281 0 0 0 7.17854e-05
0.0013688 0 0 0 7.27353e-05
0.00137481 0 0 0 7.36978e-05
0.00138084 0 0 0 7.4673e-05
0.00138691 0 0 0 7.56612e-05
0.001393 0 0 0 7.66624e-05
0.00139912 0 0 0 7.76769e-05
0.00140526 0 0 0 7.87047e-05
0.00141143 0 0 0 7.97462e-05
0.00141763 0 0 0 8.08015e-05
0.00142386 0 0 0 8.18707e-05
0.00143011 0 0 0 8.29541e-05
0.00143639 0 0 0 8.40518e-05
0.0014427 0 0 0 8.51641e-05
0.00144903 0 0 0 8.62911e-05
0.0014554 0 0 0 8.74329e-05
0.00146179 0 0 0 8.85899e-05
0.00146821 0 0 0 8.97622e-05
0.00147466 0 0 0 9.095e-05
0.00148113 0 0 0 9.21536e-05
0.00148764 0 0 0 9.3373e-05
0.00149417 0 0 0 9.46086e-05
0.00150073 0 0 0 9.58606e-05
0.00150732 0 0 0 9.71291e-05
0.00151394 0 0 0 9.84144e-05
0.00152059 0 0 0 9.97167e-05
0.00152727 0 0 0 0.000101036
0.00153398 0 0 0 0.000102373
0.00154071 0 0 0 0.000103728
0.00154748 0 0 0 0.000105101
0.00155428 0 0 0 0.000106491
0.0015611 0 0 0 0.0001079
0.00156796 0 0 0 0.000109328
0.00157484 0 0 0 0.000110775
0.00158176 0 0 0 0.000112241
0.00158871 0 0 0 0.000113726
0.00159568 0 0 0 0.000115231
0.00160269 0 0 0 0.000116756
0.00160973 0 0 0 0.000118301
0.0016168 0 0 0 0.000119866
0.0016239 0 0 0 0.000121453
0.00163103 0 0 0 0.00012306
0.00163819 0 0 0 0.000124688
0.00164539 0 0 0 0.000126338
0.00165261 0 0 0 0.00012801
0.00165987 0 0 0 0.000129704
0.00166716 0 0 0 0.00013142
0.00167448 0 0 0 0.000133159
0.00168184 0 0 0 0.000134921
0.00168922 0 0 0 0.000136707
0.00169664 0 0 0 0.000138516
0.00170409 0 0 0 0.000140349
0.00171158 0 0 0 0.000142206
0.00171909 0 0 0 0.000144088
0.00172664 0 0 0 0.000145995
0.00173422 0 0 0 0.000147926
0.00174184 0 0 0 0.000149884
0.00174949 0 0 0 0.000151867
0.00175717 0 0 0 0.000153877
0.00176489 0 0 0 0.000155913
0.00177264 0 0 0 0.000157976
0.00178043 0 0 0 0.000160067
0.00178824 0 0 0 0.000162185
0.0017961 0 0 0 0.000164331
0.00180399 0 0 0 0.000166506
0.00181191 0 0 0 0.000168709
0.00181987 0 0 0 0.000170942
0.00182786 0 0 0 0.000173204
0.00183589 0 0 0 0.000175496
0.00184395 0 0 0 0.000177818
0.00185205 0 0 0 0.000180171
0.00186018 0 0 0 0.000182555
0.00186835 0 0 0 0.000184971
0.00187655 0 0 0 0.000187419
0.00188479 0 0 0 0.000189899
0.00189307 20.1087 0.000138685 12 0.000192412
0.00190139 0 0 0 0.000194958
0.00190974 0 0 0 0.000197538
0.00191812 0 0 0 0.000200152
0.00192655 0 0 0 0.0002028
0.00193501 0 0 0 0.000205484
0.00194351 0 0 0 0.000208203
0.00195204 0 0 0 0.000210958
0.00196061 0 0 0 0.00021375
0.00196922 0 0 0 0.000216578
0.00197787 0 0 0 0.000219444
0.00198656 0 0 0 0.000222348
0.00199528 0 0 0 0.00022529
0.00200404 0 0 0 0.000228272
0.00201285 0 0 0 0.000231292
0.00202168 0 0 0 0.000234353
0.00203056 0 0 0 0.000237454
0.00203948 0 0 0 0.000240596
0.00204844 0 0 0 0.00024378
0.00205743 0 0 0 0.000247006
0.00206647 0 0 0 0.000250275
0.00207554 0 0 0 0.000253586
0.00208466 0 0 0 0.000256942
0.00209381 0 0 0 0.000260342
0.00210301 0 0 0 0.000263787
0.00211225 0 0 0 0.000267278
0.00212152 0 0 0 0.000270815
0.00213084 0 0 0 0.000274398
0.0021402 0 0 0 0.000278029
0.0021496 0 0 0 0.000281709
0.00215904 0 0 0 0.000285436
0.00216852 0 0 0 0.000289214
0.00217804 0 0 0 0.000293041
0.00218761 0 0 0 0.000296918
0.00219721 0 0 0 0.000300848
0.00220686 0 0 0 0.000304829
0.00221655 0 0 0 0.000308862
0.00222629 0 0 0 0.000312949
0.00223607 0 0 0 0.000317091
0.00224589 0 0 0 0.000321287
0.00225575 0 0 0 0.000325538
0.00226566 0 0 0 0.000329846
0.00227561 0 0 0 0.000334211
0.0022856 0 0 0 0.000338633
0.00229564 0 0 0 0.000343115
0.00230572 0 0 0 0.000347655
0.00231584 0 0 0 0.000352255
0.00232601 29.6963 0.000110411 8 0.000356917
0.00233623 0 0 0 0.00036164
0.00234649 0 0 0 0.000366425
0.00235679 0 0 0 0.000371274
0.00236714 0 0 0 0.000376187
0.00237754 0 0 0 0.000381165
0.00238798 0 0 0 0.000386209
0.00239847 0 0 0 0.00039132
0.002409 0 0 0 0.000396498
0.00241958 0 0 0 0.000401745
0.00243021 0 0 0 0.000407061
0.00244088 0 0 0 0.000412448
0.0024516 0 0 0 0.000417906
0.00246237 0 0 0 0.000423436
0.00247318 0 0 0 0.000429039
0.00248404 0 0 0 0.000434716
0.00249495 0 0 0 0.000440469
0.00250591 0 0 0 0.000446298
0.00251691 0 0 0 0.000452203
0.00252797 0 0 0 0.000458187
0.00253907 0 0 0 0.00046425
0.00255022 0 0 0 0.000470394
0.00256142 0 0 0 0.000476618
0.00257267 0 0 0 0.000482926
0.00258396 0 0 0 0.000489316
0.00259531 0 0 0 0.000495791
0.00260671 0 0 0 0.000502352
0.00261816 0 0 0 0.000508999
0.00262966 0 0 0 0.000515735
0.0026412 0 0 0 0.00052256
0.0026528 0 0 0 0.000529475
0.00266445 0 0 0 0.000536481
0.00267615 25.7631 6.28942e-05 6 0.00054358
0.00268791 0 0 0 0.000550773
0.00269971 0 0 0 0.000558062
0.00271157 0 0 0 0.000565446
0.00272348 0 0 0 0.000572929
0.00273544 0 0 0 0.00058051
0.00274745 0 0 0 0.000588192
0.00275952 0 0 0 0.000595976
0.00277163 0 0 0 0.000603862
0.00278381 0 0 0 0.000611853
0.00279603 0 0 0 0.000619949
0.00280831 0 0 0 0.000628153
0.00282064 0 0 0 0.000636465
0.00283303 0 0 0 0.000644888
0.00284547 0 0 0 0.000653421
0.00285797 0 0 0 0.000662068
0.00287052 0 0 0 0.000670829
0.00288313 0 0 0 0.000679706
0.00289579 0 0 0 0.000688701
0.00290851 0 0 0 0.000697814
0.00292128 0 0 0 0.000707048
0.00293411 0 0 0 0.000716404
0.00294699 0 0 0 0.000725885
0.00295994 0 0 0 0.00073549
0.00297293 0 0 0 0.000745223
0.00298599 0 0 0 0.000755084
0.0029991 30.2372 5.2446e-05 24 0.000765076
0.00301228 0 0 0 0.0007752
0.0030255 0 0 0 0.000785458
0.00303879 0 0 0 0.000795852
0.00305214 0 0 0 0.000806384
0.00306554 0 0 0 0.000817054
0.003079 0 0 0 0.000827866
0.00309252 0 0 0 0.000838821
0.00310611 0 0 0 0.000849921
0.00311975 0 0 0 0.000861168
0.00313345 0 0 0 0.000872564
0.00314721 0 0 0 0.000884111
0.00316103 0 0 0 0.00089581
0.00317491 0 0 0 0.000907664
0.00318886 0 0 0 0.000919675
0.00320286 0 0 0 0.000931845
0.00321693 0 0 0 0.000944176
0.00323105 0 0 0 0.00095667
0.00324524 0 0 0 0.00096933
0.00325949 0 0 0 0.000982157
0.00327381 0 0 0 0.000995153
0.00328819 27.4707 3.61531e-05 24 0.00100832
0.00330263 0 0 0 0.00102167
0.00331713 0 0 0 0.00103518
0.0033317 0 0 0 0.00104888
0.00334633 0 0 0 0.00106276
0.00336103 0 0 0 0.00107683
0.00337579 0 0 0 0.00109108
0.00339061 0 0 0 0.00110551
0.0034055 0 0 0 0.00112014
0.00342046 0 0 0 0.00113497
0.00343548 0 0 0 0.00114998
0.00345057 0 0 0 0.0011652
0.00346572 0 0 0 0.00118062
0.00348094 0 0 0 0.00119624
0.00349623 0 0 0 0.00121207
0.00351158 0 0 0 0.00122811
0.003527 0 0 0 0.00124436
0.00354249 0 0 0 0.00126083
0.00355805 0 0 0 0.00127752
0.00357368 0 0 0 0.00129442
0.00358937 0 0 0 0.00131155
0.00360513 0 0 0 0.00132891
0.00362097 0 0 0 0.00134649
0.00363687 0 0 0 0.00136431
0.00365284 0 0 0 0.00138236
0.00366888 0 0 0 0.00140065
0.00368499 0 0 0 0.00141919
0.00370118 0 0 0 0.00143797
0.00371743 0 0 0 0.001457
0.00373376 0 0 0 0.00147628
0.00375015 0 0 0 0.00149581
0.00376662 0 0 0 0.00151561
0.00378317 37.8432 3.27015e-05 12 0.00153566
0.00379978 0 0 0 0.00155598
0.00381647 0 0 0 0.00157657
0.00383323 0 0 0 0.00159744
0.00385006 0 0 0 0.00161858
0.00386697 0 0 0 0.00163999
0.00388395 0 0 0 0.0016617
0.00390101 0 0 0 0.00168368
0.00391814 0 0 0 0.00170596
0.00393535 0 0 0 0.00172854
0.00395263 0 0 0 0.00175141
0.00396999 0 0 0 0.00177459
0.00398742 0 0 0 0.00179807
0.00400494 0 0 0 0.00182187
0.00402252 54.8029 3.93961e-05 30 0.00184597
0.00404019 0 0 0 0.0018704
0.00405793 0 0 0 0.00189515
0.00407575 0 0 0 0.00192023
0.00409365 0 0 0 0.00194564
0.00411163 0 0 0 0.00197139
0.00412969 0 0 0 0.00199747
0.00414782 0 0 0 0.00202391
0.00416604 0 0 0 0.00205069
0.00418433 0 0 0 0.00207783
0.00420271 0 0 0 0.00210532
0.00422117 0 0 0 0.00213318
0.00423971 60.7496 3.72977e-05 24 0.00216141
0.00425832 0 0 0 0.00219001
0.00427703 0 0 0 0.00221899
0.00429581 0 0 0 0.00224835
0.00431467 0 0 0 0.00227811
0.00433362 0 0 0 0.00230825
0.00435265 0 0 0 0.0023388
0.00437177 0 0 0 0.00236975
0.00439097 0 0 0 0.0024011
0.00441025 0 0 0 0.00243288
0.00442962 0 0 0 0.00246507
0.00444907 64.3416 3.41845e-05 24 0.00249769
0.00446861 0 0 0 0.00253074
0.00448824 0 0 0 0.00256423
0.00450795 0 0 0 0.00259816
0.00452775 0 0 0 0.00263255
0.00454763 0 0 0 0.00266738
0.0045676 0 0 0 0.00270268
0.00458766 0 0 0 0.00273844
0.00460781 0 0 0 0.00277468
0.00462804 0 0 0 0.0028114
0.00464837 71.9365 3.35115e-05 8 0.0028486
0.00466878 0 0 0 0.0028863
0.00468929 0 0 0 0.00292449
0.00470988 0 0 0 0.00296319
0.00473056 0 0 0 0.0030024
0.00475134 0 0 0 0.00304213
0.00477221 0 0 0 0.00308239
0.00479316 0 0 0 0.00312318
0.00481421 0 0 0 0.0031645
0.00483536 55.1072 2.2807e-05 24 0.00320638
0.00485659 0 0 0 0.00324881
0.00487792 0 0 0 0.0032918
0.00489934 0 0 0 0.00333536
0.00492086 0 0 0 0.0033795
0.00494247 0 0 0 0.00342422
0.00496417 0 0 0 0.00346953
0.00498597 0 0 0 0.00351544
0.00500787 55.0499 2.05089e-05 48 0.00356196
0.00502986 0 0 0 0.0036091
0.00505195 0 0 0 0.00365685
0.00507414 0 0 0 0.00370525
0.00509642 0 0 0 0.00375428
0.0051188 0 0 0 0.00380396
0.00514128 0 0 0 0.00385429
0.00516386 0 0 0 0.0039053
0.00518654 0 0 0 0.00395698
0.00520932 0 0 0 0.00400934
0.0052322 0 0 0 0.00406239
0.00525517 0 0 0 0.00411615
0.00527825 0 0 0 0.00417062
0.00530143 0 0 0 0.00422581
0.00532472 0 0 0 0.00428173
0.0053481 0 0 0 0.00433839
0.00537159 55.1556 1.66505e-05 6 0.0043958
0.00539518 0 0 0 0.00445396
0.00541887 0 0 0 0.0045129
0.00544267 0 0 0 0.00457262
0.00546657 0 0 0 0.00463313
0.00549058 0 0 0 0.00469444
0.00551469 75.9284 2.1183e-05 48 0.00475656
0.00553891 0 0 0 0.0048195
0.00556323 0 0 0 0.00488328
0.00558766 0 0 0 0.0049479
0.0056122 0 0 0 0.00501338
0.00563685 0 0 0 0.00507972
0.00566161 0 0 0 0.00514694
0.00568647 62.5136 1.59071e-05 36 0.00521504
0.00571144 0 0 0 0.00528405
0.00573653 0 0 0 0.00535398
0.00576172 0 0 0 0.00542483
0.00578702 0 0 0 0.00549661
0.00581244 0 0 0 0.00556935
0.00583796 90.7813 2.13481e-05 24 0.00564305
0.0058636 0 0 0 0.00571772
0.00588935 0 0 0 0.00579338
0.00591521 0 0 0 0.00587005
0.00594119 0 0 0 0.00594772
0.00596728 0 0 0 0.00602643
0.00599349 43.8052 9.5199e-06 24 0.00610618
0.00601981 0 0 0 0.00618698
0.00604625 0 0 0 0.00626885
0.0060728 0 0 0 0.0063518
0.00609947 0 0 0 0.00643586
0.00612626 0 0 0 0.00652102
0.00615316 106.525 2.13945e-05 48 0.00660731
0.00618018 0 0 0 0.00669475
0.00620733 0 0 0 0.00678334
0.00623459 0 0 0 0.0068731
0.00626197 0 0 0 0.00696405
0.00628947 45.1224 8.48587e-06 24 0.00705621
0.00631709 0 0 0 0.00714958
0.00634483 0 0 0 0.00724419
0.00637269 0 0 0 0.00734005
0.00640068 0 0 0 0.00743718
0.00642879 0 0 0 0.0075356
0.00645702 0 0 0 0.00763531
0.00648538 0 0 0 0.00773635
0.00651386 0 0 0 0.00783872
0.00654247 0 0 0 0.00794245
0.0065712 64.6443 1.06596e-05 24 0.00804755
0.00660006 0 0 0 0.00815405
0.00662904 0 0 0 0.00826195
0.00665816 0 0 0 0.00837128
0.0066874 117.338 1.83575e-05 30 0.00848205
0.00671676 0 0 0 0.0085943
0.00674626 0 0 0 0.00870802
0.00677589 0 0 0 0.00882325
0.00680565 0 0 0 0.00894001
0.00683553 90.7304 1.32917e-05 72 0.00905831
0.00686555 0 0 0 0.00917818
0.00689571 0 0 0 0.00929964
0.00692599 0 0 0 0.0094227
0.0069564 94.1912 1.30919e-05 32 0.00954739
0.00698696 0 0 0 0.00967372
0.00701764 0 0 0 0.00980174
0.00704846 0 0 0 0.00993144
0.00707941 0 0 0 0.0100629
0.0071105 0 0 0 0.010196
0.00714173 0 0 0 0.0103309
0.00717309 0 0 0 0.0104677
0.0072046 110.397 1.38126e-05 72 0.0106062
0.00723624 0 0 0 0.0107465
0.00726801 0 0 0 0.0108887
0.00729993 0 0 0 0.0110328
0.00733199 85.1098 1.01032e-05 48 0.0111788
0.00736419 0 0 0 0.0113267
0.00739653 0 0 0 0.0114766
0.00742901 0 0 0 0.0116285
0.00746164 0 0 0 0.0117824
0.00749441 0 0 0 0.0119383
0.00752732 0 0 0 0.0120963
0.00756038 0 0 0 0.0122563
0.00759358 113.152 1.20911e-05 12 0.0124185
0.00762693 0 0 0 0.0125829
0.00766042 0 0 0 0.0127494
0.00769407 123.857 1.27232e-05 48 0.0129181
0.00772786 0 0 0 0.013089
0.00776179 0 0 0 0.0132622
0.00779588 0 0 0 0.0134377
0.00783012 92.0858 8.97498e-06 48 0.0136155
0.0078645 0 0 0 0.0137957
0.00789904 0 0 0 0.0139783
0.00793373 116.078 1.08758e-05 48 0.0141632
0.00796857 0 0 0 0.0143507
0.00800357 0 0 0 0.0145406
0.00803872 95.8674 8.63488e-06 30 0.014733
0.00807402 0 0 0 0.0149279
0.00810948 0 0 0 0.0151255
0.00814509 56.2873 4.8738e-06 24 0.0153256
0.00818086 0 0 0 0.0155284
0.00821679 0 0 0 0.0157339
0.00825288 81.302 6.76754e-06 72 0.0159421
0.00828912 0 0 0 0.0161531
0.00832552 0 0 0 0.0163668
0.00836209 0 0 0 0.0165834
0.00839881 0 0 0 0.0168029
0.00843569 0 0 0 0.0170252
0.00847274 59.6085 4.58546e-06 24 0.0172505
0.00850995 0 0 0 0.0174788
0.00854732 0 0 0 0.0177101
0.00858486 82.4925 6.10043e-06 96 0.0179444
0.00862256 0 0 0 0.0181819
0.00866043 0 0 0 0.0184225
0.00869846 104.956 7.46151e-06 48 0.0186663
0.00873666 0 0 0 0.0189133
0.00877503 108.698 7.52701e-06 24 0.0191635
0.00881357 0 0 0 0.0194171
0.00885227 0 0 0 0.0196741
0.00889115 108.76 7.24002e-06 24 0.0199344
0.0089302 0 0 0 0.0201982
0.00896941 0 0 0 0.0204655
0.0090088 122.132 7.81579e-06 72 0.0207363
0.00904837 0 0 0 0.0210107
0.00908811 76.2833 4.75506e-06 48 0.0212887
0.00912802 0 0 0 0.0215704
0.0091681 0 0 0 0.0218559
0.00920837 0 0 0 0.0221451
0.00924881 0 0 0 0.0224381
0.00928942 137.815 8.0441e-06 8 0.0227351
0.00933022 0 0 0 0.0230359
0.0093712 110.716 6.29467e-06 54 0.0233407
0.00941235 0 0 0 0.0236496
0.00945369 0 0 0 0.0239626
0.0094952 85.9006 4.69493e-06 84 0.0242797
0.0095369 0 0 0 0.024601
0.00957879 113.142 6.02336e-06 48 0.0249265
0.00962085 0 0 0 0.0252563
0.0096631 77.0571 3.99585e-06 24 0.0255906
0.00970554 0 0 0 0.0259292
0.00974816 136.781 6.90883e-06 72 0.0262723
0.00979097 0 0 0 0.02662
0.00983397 116.088 5.71144e-06 96 0.0269722
0.00987716 0 0 0 0.0273291
0.00992054 0 0 0 0.0276908
0.0099641 0 0 0 0.0280572
0.0100079 0 0 0 0.0284285
0.0100518 116.118 5.34947e-06 48 0.0288047
0.010096 0 0 0 0.0291859
0.0101403 152.771 6.85545e-06 48 0.0295721
0.0101848 0 0 0 0.0299634
0.0102296 129.144 5.64483e-06 24 0.0303599
0.0102745 112.479 4.85218e-06 72 0.0307616
0.0103196 0 0 0 0.0311687
0.0103649 0 0 0 0.0315812
0.0104104 0 0 0 0.0319991
0.0104562 157.292 6.43779e-06 72 0.0324225
0.0105021 0 0 0 0.0328515
0.0105482 120.182 4.79126e-06 96 0.0332863
0.0105945 0 0 0 0.0337267
0.0106411 0 0 0 0.034173
0.0106878 0 0 0 0.0346252
0.0107347 332.368 1.25717e-05 6 0.0350834
0.0107819 0 0 0 0.0355477
0.0108292 152.721 5.6267e-06 96 0.0360181
0.0108768 126.63 4.60449e-06 96 0.0364947
0.0109245 0 0 0 0.0369776
0.0109725 96.886 3.43154e-06 24 0.037467
0.0110207 0 0 0 0.0379628
0.0110691 139.149 4.80053e-06 48 0.0384651
0.0111177 115.488 3.9322e-06 96 0.0389741
0.0111665 0 0 0 0.0394899
0.0112156 103.5 3.4326e-06 48 0.0400124
0.0112648 0 0 0 0.0405419
0.0113143 0 0 0 0.0410784
0.011364 192.458 6.13606e-06 36 0.041622
0.0114139 0 0 0 0.0421728
0.011464 134.238 4.1688e-06 48 0.0427308
0.0115144 123.988 3.8002e-06 120 0.0432963
0.0115649 0 0 0 0.0438692
0.0116157 130.896 3.9078e-06 56 0.0444497
0.0116667 128.938 3.79909e-06 24 0.0450379
0.011718 0 0 0 0.0456339
0.0117694 126.334 3.62576e-06 96 0.0462378
0.0118211 136.439 3.86462e-06 48 0.0468496
0.011873 0 0 0 0.0474696
0.0119252 0 0 0 0.0480977
0.0119776 92.0026 2.5052e-06 24 0.0487342
0.0120302 0 0 0 0.0493791
0.012083 146.301 3.88035e-06 102 0.0500325
0.012136 87.0513 2.27871e-06 48 0.0506946
0.0121893 139.927 3.61499e-06 72 0.0513654
0.0122429 0 0 0 0.0520452
0.0122966 95.7995 2.41074e-06 48 0.0527339
0.0123506 120.524 2.99331e-06 48 0.0534317
0.0124049 145.951 3.57747e-06 120 0.0541387
0.0124594 0 0 0 0.0548551
0.0125141 0 0 0 0.055581
0.012569 171.076 4.03115e-06 24 0.0563165
0.0126242 164.321 3.82141e-06 144 0.0570618
0.0126797 0 0 0 0.0578169
0.0127354 139.65 3.16339e-06 120 0.0585819
0.0127913 170.454 3.81075e-06 48 0.0593571
0.0128475 0 0 0 0.0601426
0.0129039 169.618 3.69365e-06 48 0.0609385
0.0129606 0 0 0 0.0617449
0.0130175 172.33 3.65533e-06 96 0.0625619
0.0130746 0 0 0 0.0633898
0.0131321 161.515 3.33702e-06 24 0.0642286
0.0131897 149.241 3.04318e-06 48 0.0650785
0.0132477 138.56 2.78848e-06 108 0.0659397
0.0133058 0 0 0 0.0668123
0.0133643 188.239 3.68995e-06 72 0.0676964
0.013423 214.3 4.14594e-06 30 0.0685922
0.0134819 161.855 3.09043e-06 168 0.0694999
0.0135411 164.804 3.10563e-06 48 0.0704196
0.0136006 0 0 0 0.0713514
0.0136603 159.858 2.93425e-06 72 0.0722956
0.0137203 193.621 3.50757e-06 96 0.0732523
0.0137806 124.843 2.23208e-06 72 0.0742216
0.0138411 149.547 2.63884e-06 72 0.0752038
0.0139019 119.45 2.08024e-06 32 0.076199
0.0139629 0 0 0 0.0772073
0.0140242 200.468 3.40058e-06 72 0.078229
0.0140858 174.115 2.91498e-06 144 0.0792642
0.0141477 0 0 0 0.0803131
0.0142098 0 0 0 0.0813758
0.0142722 163.788 2.63605e-06 96 0.0824527
0.0143349 182.859 2.90454e-06 96 0.0835438
0.0143979 139.815 2.19182e-06 48 0.0846493
0.0144611 155.696 2.40892e-06 72 0.0857694
0.0145246 175.41 2.67848e-06 120 0.0869044
0.0145884 221.138 3.33264e-06 72 0.0880544
0.0146524 126.372 1.87961e-06 48 0.0892196
0.0147168 140.879 2.06801e-06 78 0.0904002
0.0147814 177.306 2.56874e-06 120 0.0915965
0.0148463 161.435 2.30827e-06 48 0.0928086
0.0149115 0 0 0 0.0940367
0.014977 219.952 3.06335e-06 144 0.0952811
0.0150428 181.64 2.49673e-06 144 0.0965419
0.0151089 0 0 0 0.0978195
0.0151752 200.547 2.68508e-06 12 0.0991139
0.0152419 172.805 2.28343e-06 144 0.100425
0.0153088 173.163 2.25829e-06 168 0.101754
0.015376 143.615 1.84847e-06 48 0.103101
0.0154436 249.8 3.17319e-06 48 0.104465
0.0155114 182.796 2.29172e-06 168 0.105848
0.0155795 0 0 0 0.107248
0.0156479 156.055 1.9057e-06 48 0.108667
0.0157166 147.932 1.78291e-06 192 0.110105
0.0157857 153.363 1.82422e-06 72 0.111562
0.015855 112.683 1.32284e-06 48 0.113039
0.0159246 212.958 2.46736e-06 96 0.114535
0.0159945 211.555 2.4191e-06 48 0.11605
0.0160648 228.353 2.57707e-06 30 0.117586
0.0161353 179.978 2.00462e-06 96 0.119142
0.0162062 142.311 1.56437e-06 192 0.120718
0.0162774 228.614 2.48026e-06 80 0.122316
0.0163489 202.554 2.16883e-06 168 0.123934
0.0164207 195.316 2.06401e-06 120 0.125574
0.0164928 165.639 1.72754e-06 72 0.127236
0.0165652 196.925 2.02701e-06 144 0.12892
0.0166379 193.875 1.96956e-06 96 0.130626
0.016711 188.119 1.88612e-06 96 0.132354
0.0167844 187.454 1.85491e-06 72 0.134106
0.0168581 254.914 2.4895e-06 96 0.13588
0.0169322 150.01 1.44587e-06 24 0.137679
0.0170065 192.87 1.8347e-06 192 0.1395
0.0170812 225.181 2.11409e-06 132 0.141346
0.0171562 204.189 1.89197e-06 96 0.143217
0.0172316 237.72 2.17389e-06 96 0.145112
0.0173072 227.225 2.05078e-06 120 0.147032
0.0173832 176.712 1.57406e-06 48 0.148978
0.0174596 214.037 1.88162e-06 222 0.150949
0.0175363 221.321 1.92026e-06 120 0.152947
0.0176133 181.333 1.55276e-06 192 0.154971
0.0176906 200.721 1.69633e-06 144 0.157021
0.0177683 159.367 1.32924e-06 24 0.159099
0.0178463 218.562 1.79918e-06 144 0.161205
0.0179247 209.649 1.70326e-06 120 0.163338
0.0180034 177.977 1.42707e-06 192 0.165499
0.0180825 226.878 1.79541e-06 144 0.167689
0.0181619 266.086 2.07818e-06 48 0.169908
0.0182417 224.447 1.73008e-06 336 0.172157
0.0183218 189.667 1.44289e-06 48 0.174435
0.0184022 247.414 1.85762e-06 192 0.176743
0.0184831 168.885 1.25145e-06 48 0.179082
0.0185642 120.265 8.7954e-07 8 0.181452
0.0186458 209.923 1.51519e-06 288 0.183853
0.0187276 233.364 1.66238e-06 150 0.186286
0.0188099 197.116 1.38583e-06 120 0.188751
0.0188925 205.597 1.42658e-06 120 0.191248
0.0189755 231.204 1.5833e-06 228 0.193779
0.0190588 183.935 1.24315e-06 168 0.196344
0.0191425 207.518 1.38422e-06 48 0.198942
0.0192266 240.115 1.58074e-06 336 0.201574
0.019311 299.975 1.94902e-06 24 0.204242
0.0193958 227.699 1.4601e-06 336 0.206944
0.019481 202.075 1.27886e-06 144 0.209683
0.0195665 197.216 1.23182e-06 168 0.212458
0.0196525 0 0 0 0.215269
0.0197388 210.487 1.28059e-06 192 0.218118
0.0198255 248.111 1.48978e-06 216 0.221004
0.0199125 197.506 1.17043e-06 192 0.223928
0.02 263.265 1.53975e-06 144 0.226892
0.0200878 214.621 1.23885e-06 198 0.229894
0.020176 247.556 1.4103e-06 216 0.232936
0.0202646 200.323 1.12632e-06 168 0.236019
0.0203536 259.516 1.44007e-06 240 0.239142
0.020443 267.66 1.46587e-06 168 0.242306
0.0205328 235.452 1.27263e-06 264 0.245513
0.020623 244.065 1.30196e-06 216 0.248762
0.0207135 213.737 1.12529e-06 96 0.252053
0.0208045 220.377 1.14509e-06 144 0.255389
0.0208959 281.073 1.4414e-06 308 0.258768
0.0209876 216.071 1.09358e-06 312 0.262193
0.0210798 249.769 1.24763e-06 96 0.265662
0.0211724 244.889 1.20727e-06 288 0.269178
0.0212654 237.32 1.15468e-06 168 0.27274
0.0213588 242.432 1.16415e-06 240 0.276349
0.0214526 224.324 1.06312e-06 198 0.280006
0.0215468 257.761 1.20564e-06 192 0.283711
0.0216414 236.671 1.09254e-06 312 0.287465
0.0217364 233.022 1.06164e-06 168 0.291269
0.0218319 274.364 1.23367e-06 336 0.295124
0.0219278 215.897 9.58097e-07 72 0.299029
0.0220241 229.413 1.00478e-06 456 0.302986
0.0221208 200.254 8.65617e-07 144 0.306995
0.0222179 237.656 1.01387e-06 264 0.311058
0.0223155 207.871 8.75225e-07 336 0.315174
0.0224135 314.919 1.30862e-06 48 0.319345
0.0225119 232.535 9.53665e-07 408 0.32357
0.0226108 221.015 8.94582e-07 192 0.327852
0.0227101 250.369 1.00016e-06 180 0.332191
0.0228098 289.857 1.14278e-06 342 0.336586
0.02291 265.45 1.03289e-06 360 0.34104
0.0230106 270.426 1.03851e-06 168 0.345553
0.0231117 221.295 8.38732e-07 384 0.350126
0.0232132 272.729 1.02017e-06 344 0.354759
0.0233151 260.444 9.61496e-07 144 0.359454
0.0234175 253.581 9.23932e-07 456 0.36421
0.0235204 285.389 1.02625e-06 312 0.36903
0.0236236 244.827 8.6889e-07 96 0.373913
0.0237274 273.396 9.5761e-07 456 0.378861
0.0238316 291.809 1.00876e-06 264 0.383875
0.0239363 215.376 7.34809e-07 168 0.388954
0.0240414 264.499 8.90619e-07 432 0.394101
0.024147 290.253 9.64574e-07 270 0.399316
0.024253 255.626 8.38406e-07 312 0.4046
0.0243595 276.29 8.94346e-07 456 0.409954
0.0244665 308.352 9.85095e-07 336 0.415379
0.0245739 366.294 1.15492e-06 144 0.420876
0.0246819 296.429 9.22429e-07 372 0.426445
0.0247903 275.471 8.46016e-07 552 0.432089
0.0248991 254.536 7.71513e-07 336 0.437806
0.0250085 240.444 7.19282e-07 288 0.4436
0.0251183 255.936 7.55624e-07 264 0.44947
0.0252286 276.213 8.04842e-07 480 0.455418
0.0253394 287.033 8.25447e-07 312 0.461444
0.0254507 290.205 8.23668e-07 462 0.46755
0.0255625 263.108 7.37007e-07 392 0.473737
0.0256747 239.554 6.62265e-07 144 0.480006
0.0257875 281.529 7.68144e-07 624 0.486358
0.0259007 278.828 7.50839e-07 504 0.492794
0.0260145 303.9 8.07666e-07 480 0.499315
0.0261287 266.449 6.98885e-07 312 0.505922
0.0262435 283.733 7.34502e-07 216 0.512617
0.0263587 294.998 7.53689e-07 408 0.519401
0.0264745 288.841 7.28321e-07 456 0.526274
0.0265907 284.22 7.07309e-07 564 0.533238
0.0267075 272.983 6.70473e-07 384 0.540294
0.0268248 276.958 6.71353e-07 462 0.547444
0.0269426 316.219 7.5651e-07 432 0.554688
0.0270609 319.001 7.53199e-07 432 0.562028
0.0271798 288.995 6.7344e-07 336 0.569465
0.0272991 325.517 7.48641e-07 552 0.577001
0.027419 300.572 6.82242e-07 552 0.584637
0.0275394 349.18 7.82222e-07 240 0.592373
0.0276604 296.086 6.54619e-07 744 0.600212
0.0277819 304.577 6.64597e-07 408 0.608154
0.0279039 311.324 6.70448e-07 560 0.616202
0.0280264 300.741 6.39199e-07 408 0.624356
0.0281495 267.27 5.60641e-07 510 0.632618
0.0282731 352.033 7.28801e-07 600 0.640989
0.0283973 312.834 6.3919e-07 492 0.649472
0.028522 304.693 6.14425e-07 552 0.658066
0.0286472 292.679 5.8249e-07 504 0.666774
0.0287731 314.398 6.17544e-07 696 0.675597
0.0288994 326.521 6.32981e-07 360 0.684537
0.0290263 291.24 5.57212e-07 720 0.693596
0.0291538 307.912 5.81415e-07 576 0.702774
0.0292818 321.526 5.99194e-07 312 0.712074
0.0294104 373.217 6.8644e-07 576 0.721497
0.0295396 332.618 6.03779e-07 630 0.731044
0.0296693 367.51 6.58404e-07 792 0.740718
0.0297996 321.814 5.69008e-07 480 0.75052
0.0299305 352.375 6.14907e-07 600 0.760451
0.0300619 310.654 5.35022e-07 600 0.770514
0.030194 321.772 5.46933e-07 800 0.78071
0.0303266 340.071 5.70487e-07 588 0.791041
0.0304597 319.456 5.28906e-07 624 0.801509
0.0305935 347.192 5.6732e-07 672 0.812115
0.0307279 334.656 5.39694e-07 504 0.822862
0.0308628 352.655 5.61293e-07 798 0.833751
0.0309983 352.562 5.53816e-07 696 0.844784
0.0311345 355.104 5.50524e-07 456 0.855963
0.0312712 369.04 5.64658e-07 1008 0.867289
0.0314085 365.452 5.51865e-07 696 0.878766
0.0315465 385.705 5.74842e-07 624 0.890395
0.031685 382.414 5.62494e-07 744 0.902177
0.0318242 408.924 5.93632e-07 912 0.914116
0.0319639 404.786 5.79951e-07 744 0.926212
0.0321043 349.563 4.9429e-07 414 0.938468
0.0322453 396.727 5.53654e-07 924 0.950887
0.0323869 398.343 5.48649e-07 888 0.96347
0.0325291 396.067 5.3839e-07 656 0.976219
0.032672 424.567 5.69594e-07 960 0.989138
0.0328155 415.563 5.50233e-07 600 1.00223
0.0329596 397.655 5.19646e-07 864 1.01549
0.0331043 421.498 5.43609e-07 792 1.02893
0.0332497 429.067 5.46144e-07 912 1.04254
0.0333957 391.545 4.91874e-07 744 1.05634
0.0335424 410.042 5.08384e-07 723 1.07032
0.0336897 438.915 5.37075e-07 1116 1.08448
0.0338377 430.149 5.19474e-07 624 1.09883
0.0339863 483.505 5.76285e-07 912 1.11337
0.0341355 441.824 5.19728e-07 1032 1.1281
0.0342854 398.813 4.63006e-07 828 1.14303
0.034436 439.035 5.03046e-07 876 1.15816
0.0345872 456.574 5.16309e-07 816 1.17348
0.0347391 434.758 4.85218e-07 732 1.18901
0.0348917 486.063 5.35393e-07 884 1.20475
0.0350449 450.852 4.90123e-07 960 1.22069
0.0351988 466.534 5.00547e-07 852 1.23684
0.0353534 471.605 4.9938e-07 780 1.25321
0.0355087 558.573 5.83745e-07 720 1.26979
0.0356646 444.67 4.58639e-07 1044 1.2866
0.0358212 459.421 4.67665e-07 864 1.30362
0.0359785 466.681 4.68851e-07 648 1.32087
0.0361366 483.009 4.78918e-07 924 1.33835
0.0362952 423.698 4.14623e-07 912 1.35606
0.0364546 461.125 4.45354e-07 792 1.37401
0.0366147 500.414 4.76988e-07 996 1.39219
0.0367755 529.27 4.97905e-07 828 1.41061
0.036937 467.962 4.3448e-07 768 1.42928
0.0370993 475.395 4.35617e-07 596 1.44819
0.0372622 496.484 4.49e-07 1128 1.46735
0.0374258 481.962 4.30174e-07 840 1.48677
0.0375902 512.992 4.5189e-07 732 1.50645
0.0377553 574.085 4.99102e-07 564 1.52638
0.0379211 566.479 4.86058e-07 924 1.54658
0.0380876 504.545 4.27262e-07 1080 1.56704
0.0382549 460.32 3.8472e-07 648 1.58778
0.0384229 539.006 4.446e-07 936 1.60879
0.0385916 566.938 4.61532e-07 480 1.63008
0.0387611 544.955 4.37843e-07 768 1.65165
0.0389313 500.794 3.97107e-07 984 1.67351
0.0391023 564.835 4.42039e-07 972 1.69565
0.039274 542.494 4.1901e-07 552 1.71809
0.0394465 568.284 4.33198e-07 908 1.74083
0.0396197 600.693 4.51922e-07 576 1.76386
0.0397937 559.203 4.15214e-07 888 1.7872
0.0399685 616.641 4.51882e-07 768 1.81085
0.040144 596.643 4.31517e-07 624 1.83482
0.0403203 593.754 4.2382e-07 744 1.8591
0.0404974 637.549 4.49137e-07 720 1.8837
0.0406752 549.861 3.82304e-07 672 1.90862
0.0408539 651.014 4.46722e-07 816 1.93388
0.0410333 619.906 4.1982e-07 816 1.95947
0.0412135 595.44 3.97984e-07 660 1.9854
0.0413945 625.069 4.12332e-07 648 2.01167
0.0415763 662.145 4.31084e-07 684 2.03829
0.0417589 638.423 4.10212e-07 668 2.06527
0.0419423 690.548 4.37909e-07 624 2.09259
0.0421264 660.779 4.13559e-07 804 2.12029
0.0423115 695.371 4.29525e-07 504 2.14834
0.0424973 755.67 4.60675e-07 504 2.17677
0.0426839 614.709 3.69848e-07 804 2.20558
0.0428714 755.411 4.48567e-07 684 2.23476
0.0430596 773.128 4.53092e-07 624 2.26434
0.0432487 704.072 4.07233e-07 432 2.2943
0.0434387 660.864 3.77249e-07 648 2.32466
0.0436294 693.452 3.90682e-07 660 2.35542
0.043821 679.056 3.77575e-07 540 2.38659
0.0440135 818.165 4.48983e-07 540 2.41817
0.0442068 708.078 3.83496e-07 512 2.45017
0.0444009 682.747 3.64947e-07 552 2.48259
0.0445959 856.24 4.51707e-07 516 2.51545
0.0447918 765.428 3.98525e-07 552 2.54873
0.0449885 837.025 4.30111e-07 456 2.58246
0.045186 771.32 3.91172e-07 540 2.61663
0.0453845 838.99 4.19934e-07 288 2.65126
0.0455838 885.327 4.37339e-07 552 2.68634
0.045784 909.698 4.43509e-07 456 2.72189
0.045985 848.485 4.08263e-07 456 2.75791
0.046187 998.769 4.74298e-07 288 2.7944
0.0463898 943.347 4.42129e-07 368 2.83138
0.0465936 947.516 4.38283e-07 432 2.86885
0.0467982 929.262 4.24226e-07 288 2.90681
0.0470037 953.64 4.29669e-07 384 2.94528
0.0472101 919.564 4.08905e-07 264 2.98425
0.0474175 1117.26 4.90327e-07 375 3.02374
0.0476257 941.048 4.076e-07 228 3.06375
0.0478349 1224.45 5.23424e-07 258 3.1043
0.0480449 898.359 3.79012e-07 270 3.14538
0.0482559 919.99 3.83069e-07 294 3.187
0.0484678 963.913 3.96116e-07 144 3.22917
0.0486807 1196.74 4.85374e-07 206 3.2719
0.0488945 1097.6 4.39349e-07 222 3.3152
0.0491092 1103.64 4.35997e-07 228 3.35907
0.0493249 1244.5 4.85225e-07 126 3.40352
0.0495415 1118.29 4.3032e-07 198 3.44856
0.0497591 1175.73 4.46514e-07 240 3.49419
0.0499776 1231.01 4.61405e-07 102 3.54043
0.0501971 1571.06 5.81169e-07 72 3.58728
0.0504175 1181.45 4.31337e-07 198 3.63475
0.0506389 1276.12 4.59815e-07 180 3.68285
0.0508613 1577.76 5.6108e-07 54 3.73158
0.0510847 1129.85 3.96547e-07 128 3.78096
0.051309 1342.32 4.64965e-07 144 3.83099
0.0515344 1633.03 5.58278e-07 54 3.88169
0.0517607 1240.66 4.18599e-07 48 3.93306
0.051988 1482.17 4.93553e-07 162 3.9851
0.0522163 1080.73 3.55176e-07 48 4.03784
0.0524456 1558.84 5.05615e-07 24 4.09127
0.052676 1397.26 4.47286e-07 126 4.14541
0.0529073 1807.99 5.71211e-07 72 4.20026
0.0531396 1136.2 3.5428e-07 6 4.25584
0.053373 1762.24 5.42308e-07 56 4.31216
0.0536074 1934.93 5.87674e-07 84 4.36922
0.0538428 3381.17 1.01351e-06 6 4.42704
0.0540793 1961.48 5.8028e-07 24 4.48562
0.0543168 2055.13 6.00045e-07 72 4.54498
0.0545553 1531.91 4.41435e-07 6 4.60512
0.0547949 0 0 0 4.66606
0.0550356 2042.36 5.73254e-07 66 4.72781
0.0552772 0 0 0 4.79037
0.05552 0 0 0 4.85376
0.0557638 2428.36 6.55241e-07 38 4.91799
0.0560087 0 0 0 4.98307
0.0562547 0 0 0 5.04901
0.0565017 2617.23 6.78894e-07 18 5.11582
0.0567499 0 0 0 5.18352
0.0569991 0 0 0 5.25211
0.0572494 7505.93 1.8717e-06 6 5.32161
0.0575008 0 0 0 5.39203
0.0577534 0 0 0 5.46339
0.058007 1016.29 2.43625e-07 1 5.53568
0.0582617 0 0 0 5.60893
0.0585176 0 0 0 5.68316
0.0587746 0 0 0 5.75836
0.0590327 0 0 0 5.83456
0.059292 0 0 0 5.91177
0.0595524 0 0 0 5.99
0.0598139 0 0 0 6.06926
0.0600766 0 0 0 6.14958
0.0603404 0 0 0 6.23095
0.0606054 0 0 0 6.31341
0.0608716 0 0 0 6.39695
0.0611389 0 0 0 6.4816
0.0614074 0 0 0 6.56737
0.0616771 0 0 0 6.65428
0.0619479 0 0 0 6.74233
0.06222 0 0 0 6.83155
0.0624932 0 0 0 6.92195
0.0627677 0 0 0 7.01355
0.0630433 0 0 0 7.10636
0.0633202 0 0 0 7.2004
0.0635983 0 0 0 7.29568
0.0638776 0 0 0 7.39222
0.0641581 0 0 0 7.49004
0.0644399 0 0 0 7.58916
0.0647229 0 0 0 7.68958
0.0650071 0 0 0 7.79134
0.0652926 0 0 0 7.89444
0.0655793 0 0 0 7.99891
0.0658673 0 0 0 8.10476
0.0661566 0 0 0 8.212
0.0664471 0 0 0 8.32067
0.0667389 0 0 0 8.43078
0.067032 0 0 0 8.54234
0.0673264 0 0 0 8.65538
0.0676221 0 0 0 8.76992
0.0679191 0 0 0 8.88597
0.0682173 0 0 0 9.00356
0.0685169 0 0 0 9.1227
0.0688178 0 0 0 9.24342
0.06912 0 0 0 9.36574
0.0694236 0 0 0 9.48967
0.0697285 0 0 0 9.61525
0.0700347 0 0 0 9.74248
0.0703423 0 0 0 9.87141
0.0706512 0 0 0 10.002
0.0709615 0 0 0 10.1344
0.0712731 0 0 0 10.2685
0.0715861 0 0 0 10.4044
0.0719005 0 0 0 10.5421
0.0722162 0 0 0 10.6816
0.0725334 0 0 0 10.8229
0.0728519 0 0 0 10.9661
0.0731719 0 0 0 11.1112
0.0734932 0 0 0 11.2583
0.073816 0 0 0 11.4072
0.0741401 0 0 0 11.5582
0.0744657 0 0 0 11.7111
0.0747928 0 0 0 11.8661
0.0751212 0 0 0 12.0231
0.0754511 0 0 0 12.1822
0.0757825 0 0 0 12.3435
0.0761153 0 0 0 12.5068
0.0764496 0 0 0 12.6723
0.0767853 0 0 0 12.84
0.0771225 0 0 0 13.0099
0.0774612 0 0 0 13.182
0.0778014 0 0 0 13.3565
0.0781431 0 0 0 13.5332
0.0784863 0 0 0 13.7123
0.0788309 0 0 0 13.8938
0.0791771 0 0 0 14.0776
0.0795249 0 0 0 14.2639
0.0798741 0 0 0 14.4527
0.0802249 0 0 0 14.6439
0.0805772 0 0 0 14.8377
0.0809311 0 0 0 15.034
0.0812865 0 0 0 15.233
0.0816435 0 0 0 15.4346
0.082002 0 0 0 15.6388
0.0823621 0 0 0 15.8457
0.0827238 0 0 0 16.0554
0.0830871 0 0 0 16.2679
0.083452 0 0 0 16.4832
0.0838185 0 0 0 16.7013
0.0841866 0 0 0 16.9223
0.0845563 0 0 0 17.1462
0.0849277 0 0 0 17.3731
0.0853006 0 0 0 17.603
0.0856753 0 0 0 17.8359
0.0860515 0 0 0 18.072
0.0864294 0 0 0 18.3111
0.086809 0 0 0 18.5534
0.0871902 0 0 0 18.7989
0.0875731 0 0 0 19.0477
0.0879577 0 0 0 19.2998
0.088344 0 0 0 19.5551
0.088732 0 0 0 19.8139
0.0891217 0 0 0 20.0761
0.089513 0 0 0 20.3418
0.0899062 0 0 0 20.611
0.090301 0 0 0 20.8837
0.0906976 0 0 0 21.16
0.0910959 0 0 0 21.4401
0.0914959 0 0 0 21.7238
0.0918977 0 0 0 22.0112
0.0923013 0 0 0 22.3025
0.0927067 0 0 0 22.5976
0.0931138 0 0 0 22.8967
0.0935227 0 0 0 23.1997
0.0939335 0 0 0 23.5067
0.094346 0 0 0 23.8177
0.0947603 0 0 0 24.1329
0.0951765 0 0 0 24.4522
0.0955944 0 0 0 24.7758
0.0960143 0 0 0 25.1037
0.0964359 0 0 0 25.4359
0.0968594 0 0 0 25.7724
0.0972848 0 0 0 26.1135
0.097712 0 0 0 26.459
0.0981412 0 0 0 26.8092
0.0985722 0 0 0 27.1639
0.0990051 0 0 0 27.5234
0.0994399 0 0 0 27.8876
0.0998766 0 0 0 28.2566
0.100315 0 0 0 28.6306
0.100756 0 0 0 29.0094
0.101198 0 0 0 29.3933
0.101643 0 0 0 29.7823
0.102089 0 0 0 30.1764
0.102537 0 0 0 30.5757
0.102988 0 0 0 30.9803
0.10344 0 0 0 31.3902
0.103894 0 0 0 31.8056
0.10435 0 0 0 32.2265
0.104809 0 0 0 32.653
0.105269 0 0 0 33.0851
0.105731 0 0 0 33.5229
0.106196 0 0 0 33.9665
0.106662 0 0 0 34.4159
0.10713 0 0 0 34.8714
0.107601 0 0 0 35.3328
0.108073 0 0 0 35.8004
0.108548 0 0 0 36.2741
0.109025 0 0 0 36.7541
0.109504 0 0 0 37.2405
0.109985 0 0 0 37.7333
0.110468 0 0 0 38.2326
0.110953 0 0 0 38.7385
0.11144 0 0 0 39.2511
0.111929 0 0 0 39.7706
0.112421 0 0 0 40.2968
0.112915 0 0 0 40.8301
0.11341 0 0 0 41.3704
0.113909 0 0 0 41.9178
0.114409 0 0 0 42.4725
0.114911 0 0 0 43.0345
0.115416 0 0 0 43.604
0.115923 0 0 0 44.181
0.116432 0 0 0 44.7657
0.116943 0 0 0 45.358
0.117457 0 0 0 45.9583
0.117973 0 0 0 46.5664
0.118491 0 0 0 47.1826
0.119011 0 0 0 47.807
0.119534 0 0 0 48.4396
0.120059 0 0 0 49.0806
0.120586 0 0 0 49.7301
0.121115 0 0 0 50.3882
0.121647 0 0 0 51.0549
0.122182 0 0 0 51.7305
0.122718 0 0 0 52.4151
0.123257 0 0 0 53.1087
0.123798 0 0 0 53.8115
0.124342 0 0 0 54.5235
0.124888 0 0 0 55.245
0.125437 0 0 0 55.9761
0.125987 0 0 0 56.7168
0.126541 0 0 0 57.4673
0.127096 0 0 0 58.2278
0.127655 0 0 0 58.9983
0.128215 0 0 0 59.779
0.128778 0 0 0 60.5701
0.129344 0 0 0 61.3716
0.129912 0 0 0 62.1837
0.130482 0 0 0 63.0066
0.131055 0 0 0 63.8404
0.131631 0 0 0 64.6851
0.132209 0 0 0 65.5411
0.13279 0 0 0 66.4084
0.133373 0 0 0 67.2872
0.133959 0 0 0 68.1776
0.134547 0 0 0 69.0798
0.135138 0 0 0 69.9939
0.135731 0 0 0 70.9201
0.136327 0 0 0 71.8586
0.136926 0 0 0 72.8095
0.137527 0 0 0 73.773
0.138131 0 0 0 74.7492
0.138738 0 0 0 75.7383
0.139347 0 0 0 76.7406
0.139959 0 0 0 77.7561
0.140574 0 0 0 78.785
0.141191 0 0 0 79.8276
0.141811 0 0 0 80.8839
0.142434 0 0 0 81.9542
0.14306 0 0 0 83.0387
0.143688 0 0 0 84.1376
0.144319 0 0 0 85.251
0.144953 0 0 0 86.3791
0.145589 0 0 0 87.5221
0.146229 0 0 0 88.6803
0.146871 0 0 0 89.8538
0.147516 0 0 0 91.0428
0.148164 0 0 0 92.2476
0.148814 0 0 0 93.4683
0.149468 0 0 0 94.7051
0.150124 0 0 0 95.9583
0.150784 0 0 0 97.2281
0.151446 0 0 0 98.5147
0.152111 0 0 0 99.8184
0.152779 0 0 0 101.139
0.15345 0 0 0 102.478
0.154124 0 0 0 103.834
0.154801 0 0 0 105.208
0.15548 0 0 0 106.6
0.156163 0 0 0 108.011
0.156849 0 0 0 109.44
0.157538 0 0 0 110.888
0.15823 0 0 0 112.355
0.158925 0 0 0 113.842
0.159623 0 0 0 115.349
0.160324 0 0 0 116.875
0.161028 0 0 0 118.422
0.161735 0 0 0 119.989
0.162445 0 0 0 121.576
0.163158 0 0 0 123.185
0.163875 0 0 0 124.815
0.164595 0 0 0 126.467
0.165318 0 0 0 128.141
0.166044 0 0 0 129.836
0.166773 0 0 0 131.554
0.167505 0 0 0 133.295
0.168241 0 0 0 135.059
0.16898 0 0 0 136.846
0.169722 0 0 0 138.657
0.170467 0 0 0 140.492
0.171216 0 0 0 142.351
0.171968 0 0 0 144.235
0.172723 0 0 0 146.143
0.173481 0 0 0 148.077
0.174243 0 0 0 150.037
0.175008 0 0 0 152.022
0.175777 0 0 0 154.034
0.176549 0 0 0 156.072
0.177324 0 0 0 158.138
0.178103 0 0 0 160.23
0.178885 0 0 0 162.35
0.179671 0 0 0 164.499
0.18046 0 0 0 166.676
0.181252 0 0 0 168.881
0.182048 0 0 0 171.116
0.182848 0 0 0 173.38
0.183651 0 0 0 175.675
0.184457 0 0 0 177.999
0.185268 0 0 0 180.355
0.186081 0 0 0 182.741
0.186898 0 0 0 185.16
0.187719 0 0 0 187.61
0.188544 0 0 0 190.092
0.189372 0 0 0 192.608
0.190203 0 0 0 195.157
0.191038 0 0 0 197.739
0.191877 0 0 0 200.356
0.19272 0 0 0 203.007
0.193566 0 0 0 205.693
0.194417 0 0 0 208.415
0.19527 0 0 0 211.173
0.196128 0 0 0 213.968
0.196989 0 0 0 216.799
0.197854 0 0 0 219.668
0.198723 0 0 0 222.575
0.199596 0 0 0 225.52
0.200473 0 0 0 228.504
0.201353 0 0 0 231.528
0.202237 0 0 0 234.592
0.203125 0 0 0 237.696
0.204017 0 0 0 240.842
0.204913 0 0 0 244.029
0.205813 0 0 0 247.258
0.206717 0 0 0 250.53
0.207625 0 0 0 253.845
0.208537 0 0 0 257.204
0.209453 0 0 0 260.608
0.210372 0 0 0 264.056
0.211296 0 0 0 267.55
0.212224 0 0 0 271.091
0.213156 0 0 0 274.678
0.214092 0 0 0 278.313
0.215033 0 0 0 281.996
0.215977 0 0 0 285.728
0.216925 0 0 0 289.509
0.217878 0 0 0 293.34
0.218835 0 0 0 297.221
0.219796 0 0 0 301.154
0.220761 0 0 0 305.14
0.221731 0 0 0 309.177
0.222705 0 0 0 313.269
0.223683 0 0 0 317.414
0.224665 0 0 0 321.614
0.225652 0 0 0 325.87
0.226643 0 0 0 330.183
0.227638 0 0 0 334.552
0.228638 0 0 0 338.979
0.229642 0 0 0 343.465
0.23065 0 0 0 348.01
0.231663 0 0 0 352.615
0.23268 0 0 0 357.281
0.233702 0 0 0 362.009
0.234729 0 0 0 366.799
0.23576 0 0 0 371.653
0.236795 0 0 0 376.571
0.237835 0 0 0 381.554
0.238879 0 0 0 386.603
0.239928 0 0 0 391.719
0.240982 0 0 0 396.903
0.24204 0 0 0 402.155
0.243103 0 0 0 407.476
0.244171 0 0 0 412.868
0.245243 0 0 0 418.332
0.24632 0 0 0 423.868
0.247402 0 0 0 429.477
0.248488 0 0 0 435.16
0.24958 0 0 0 440.918
0.250676 0 0 0 446.753
0.251777 0 0 0 452.665
0.252882 0 0 0 458.655
0.253993 0 0 0 464.724
0.255108 0 0 0 470.874
0.256229 0 0 0 477.105
0.257354 0 0 0 483.418
0.258484 0 0 0 489.815
0.259619 0 0 0 496.297
0.26076 0 0 0 502.864
0.261905 0 0 0 509.519
0.263055 0 0 0 516.261
0.26421 0 0 0 523.093
0.26537 0 0 0 530.015
0.266536 0 0 0 537.028
0.267706 0 0 0 544.135
0.268882 0 0 0 551.335
0.270063 0 0 0 558.631
0.271249 0 0 0 566.023
0.27244 0 0 0 573.513
0.273637 0 0 0 581.102
0.274838 0 0 0 588.792
0.276045 0 0 0 596.583
0.277258 0 0 0 604.478
0.278475 0 0 0 612.477
0.279698 0 0 0 620.582
0.280927 0 0 0 628.794
0.28216 0 0 0 637.115
0.283399 0 0 0 645.545
0.284644 0 0 0 654.088
0.285894 0 0 0 662.743
0.28715 0 0 0 671.513
0.288411 0 0 0 680.399
0.289677 0 0 0 689.403
0.290949 0 0 0 698.526
0.292227 0 0 0 707.769
0.293511 0 0 0 717.135
0.2948 0 0 0 726.625
0.296094 0 0 0 736.24
0.297395 0 0 0 745.983
0.298701 0 0 0 755.854
0.300012 0 0 0 765.856
0.30133 0 0 0 775.991
0.302653 0 0 0 786.259
0.303982 0 0 0 796.664
0.305317 0 0 0 807.206
0.306658 0 0 0 817.888
0.308005 0 0 0 828.711
0.309358 0 0 0 839.677
0.310716 0 0 0 850.788
0.312081 0 0 0 862.047
0.313451 0 0 0 873.454
0.314828 0 0 0 885.012
0.31621 0 0 0 896.724
0.317599 0 0 0 908.59
0.318994 0 0 0 920.613
0.320395 0 0 0 932.795
0.321802 0 0 0 945.139
0.323215 0 0 0 957.646
0.324635 0 0 0 970.318
0.32606 0 0 0 983.158
0.327492 0 0 0 996.168
0.32893 0 0 0 1009.35
0.330375 0 0 0 1022.71
0.331826 0 0 0 1036.24
0.333283 0 0 0 1049.95
0.334747 0 0 0 1063.85
0.336217 0 0 0 1077.92
0.337693 0 0 0 1092.19
0.339176 0 0 0 1106.64
0.340666 0 0 0 1121.29
0.342162 0 0 0 1136.12
0.343665 0 0 0 1151.16
0.345174 0 0 0 1166.39
0.34669 0 0 0 1181.83
0.348212 0 0 0 1197.46
0.349742 0 0 0 1213.31
0.351278 0 0 0 1229.37
0.35282 0 0 0 1245.63
0.35437 0 0 0 1262.12
0.355926 0 0 0 1278.82
0.357489 0 0 0 1295.74
0.359059 0 0 0 1312.89
0.360636 0 0 0 1330.26
0.36222 0 0 0 1347.86
0.36381 0 0 0 1365.7
0.365408 0 0 0 1383.77
0.367013 0 0 0 1402.08
0.368625 0 0 0 1420.64
0.370244 0 0 0 1439.44
0.37187 0 0 0 1458.48
0.373503 0 0 0 1477.78
0.375143 0 0 0 1497.34
0.37679 0 0 0 1517.15
0.378445 0 0 0 1537.23
0.380107 0 0 0 1557.57
0.381776 0 0 0 1578.18
0.383453 0 0 0 1599.07
0.385137 0 0 0 1620.23
0.386828 0 0 0 1641.67
0.388527 0 0 0 1663.39
0.390234 0 0 0 1685.4
0.391947 0 0 0 1707.7
0.393669 0 0 0 1730.3
0.395397 0 0 0 1753.2
0.397134 0 0 0 1776.4
0.398878 0 0 0 1799.91
0.40063 0 0 0 1823.72
0.402389 0 0 0 1847.86
0.404156 0 0 0 1872.31
0.405931 0 0 0 1897.09
0.407714 0 0 0 1922.19
0.409504 0 0 0 1947.63
0.411303 0 0 0 1973.4
0.413109 0 0 0 1999.51
0.414923 0 0 0 2025.97
0.416745 0 0 0 2052.78
0.418576 0 0 0 2079.95
0.420414 0 0 0 2107.47
0.42226 0 0 0 2135.36
0.424115 0 0 0 2163.61
0.425977 0 0 0 2192.24
0.427848 0 0 0 2221.25
0.429727 0 0 0 2250.65
0.431614 0 0 0 2280.43
0.43351 0 0 0 2310.61
0.435413 0 0 0 2341.18
0.437326 0 0 0 2372.16
0.439246 0 0 0 2403.55
0.441175 0 0 0 2435.36
0.443113 0 0 0 2467.59
0.445059 0 0 0 2500.24
0.447013 0 0 0 2533.32
0.448976 0 0 0 2566.85
0.450948 0 0 0 2600.81
0.452928 0 0 0 2635.23
0.454918 0 0 0 2670.1
0.456915 0 0 0 2705.44
0.458922 0 0 0 2741.24
0.460937 0 0 0 2777.51
0.462962 0 0 0 2814.27
0.464995 0 0 0 2851.51
0.467037 0 0 0 2889.24
0.469088 0 0 0 2927.47
0.471148 0 0 0 2966.21
0.473217 0 0 0 3005.46
0.475295 0 0 0 3045.23
0.477383 0 0 0 3085.53
0.479479 0 0 0 3126.36
0.481585 0 0 0 3167.73
0.4837 0 0 0 3209.65
0.485824 0 0 0 3252.12
0.487958 0 0 0 3295.16
0.490101 0 0 0 3338.76
0.492253 0 0 0 3382.94
0.494415 0 0 0 3427.71
0.496586 0 0 0 3473.07
0.498767 0 0 0 3519.03
0.500957 0 0 0 3565.59
0.503157 0 0 0 3612.78
0.505367 0 0 0 3660.58
0.507586 0 0 0 3709.02
0.509816 0 0 0 3758.11
0.512054 0 0 0 3807.84
0.514303 0 0 0 3858.22
0.516562 0 0 0 3909.28
0.51883 0 0 0 3961.01
0.521109 0 0 0 4013.43
0.523397 0 0 0 4066.54
0.525696 0 0 0 4120.35
0.528005 0 0 0 4174.87
0.530323 0 0 0 4230.12
0.532652 0 0 0 4286.09
0.534992 0 0 0 4342.81
0.500677
2000
3.04789e+06
      753571000
8.39596e-05 0 0 0 1.67857e-08
8.43283e-05 0 0 0 1.70079e-08
8.46986e-05 0 0 0 1.72329e-08
8.50706e-05 0 0 0 1.7461e-08
8.54442e-05 0 0 0 1.7692e-08
8.58194e-05 0 0 0 1.79261e-08
8.61963e-05 0 0 0 1.81633e-08
8.65749e-05 0 0 0 1.84037e-08
8.69551e-05 0 0 0 1.86472e-08
8.73369e-05 0 0 0 1.8894e-08
8.77205e-05 0 0 0 1.9144e-08
8.81057e-05 0 0 0 1.93973e-08
8.84927e-05 0 0 0 1.9654e-08
8.88813e-05 0 0 0 1.99141e-08
8.92716e-05 0 0 0 2.01776e-08
8.96637e-05 0 0 0 2.04446e-08
9.00574e-05 0 0 0 2.07152e-08
9.04529e-05 0 0 0 2.09893e-08
9.08502e-05 0 0 0 2.1267e-08
9.12492e-05 0 0 0 2.15485e-08
9.16499e-05 0 0 0 2.18336e-08
9.20524e-05 0 0 0 2.21225e-08
9.24566e-05 0 0 0 2.24153e-08
9.28627e-05 0 0 0 2.27119e-08
9.32705e-05 0 0 0 2.30124e-08
9.36801e-05 0 0 0 2.3317e-08
9.40915e-05 0 0 0 2.36255e-08
9.45047e-05 0 0 0 2.39382e-08
9.49198e-05 0 0 0 2.42549e-08
9.53366e-05 0 0 0 2.45759e-08
9.57553e-05 0 0 0 2.49011e-08
9.61758e-05 0 0 0 2.52306e-08
9.65982e-05 0 0 0 2.55645e-08
9.70224e-05 0 0 0 2.59028e-08
9.74485e-05 0 0 0 2.62455e-08
9.78765e-05 0 0 0 2.65928e-08
9.83063e-05 0 0 0 2.69447e-08
9.8738e-05 0 0 0 2.73013e-08
9.91717e-05 0 0 0 2.76626e-08
9.96072e-05 0 0 0 2.80286e-08
0.000100045 0 0 0 2.83995e-08
0.000100484 0 0 0 2.87753e-08
0.000100925 0 0 0 2.91561e-08
0.000101368 0 0 0 2.95419e-08
0.000101814 0 0 0 2.99329e-08
0.000102261 0 0 0 3.0329e-08
0.00010271 0 0 0 3.07303e-08
0.000103161 0 0 0 3.11369e-08
0.000103614 0 0 0 3.1549e-08
0.000104069 0 0 0 3.19665e-08
0.000104526 0 0 0 3.23895e-08
0.000104985 0 0 0 3.28181e-08
0.000105446 0 0 0 3.32524e-08
0.000105909 0 0 0 3.36924e-08
0.000106374 0 0 0 3.41382e-08
0.000106842 0 0 0 3.459e-08
0.000107311 0 0 0 3.50477e-08
0.000107782 0 0 0 3.55115e-08
0.000108255 0 0 0 3.59814e-08
0.000108731 0 0 0 3.64575e-08
0.000109208 0 0 0 3.694e-08
0.000109688 0 0 0 3.74288e-08
0.00011017 0 0 0 3.79241e-08
0.000110653 0 0 0 3.84259e-08
0.000111139 0 0 0 3.89344e-08
0.000111627 0 0 0 3.94496e-08
0.000112118 0 0 0 3.99717e-08
0.00011261 0 0 0 4.05006e-08
0.000113105 0 0 0 4.10365e-08
0.000113601 0 0 0 4.15796e-08
0.0001141 0 0 0 4.21298e-08
0.000114601 0 0 0 4.26873e-08
0.000115105 0 0 0 4.32522e-08
0.00011561 0 0 0 4.38245e-08
0.000116118 0 0 0 4.44044e-08
0.000116628 0 0 0 4.4992e-08
0.00011714 0 0 0 4.55874e-08
0.000117654 0 0 0 4.61907e-08
0.000118171 0 0 0 4.68019e-08
0.00011869 0 0 0 4.74212e-08
0.000119211 0 0 0 4.80487e-08
0.000119735 0 0 0 4.86846e-08
0.000120261 0 0 0 4.93288e-08
0.000120789 0 0 0 4.99816e-08
0.000121319 0 0 0 5.0643e-08
0.000121852 0 0 0 5.13131e-08
0.000122387 0 0 0 5.19921e-08
0.000122925 0 0 0 5.26801e-08
0.000123464 0 0 0 5.33772e-08
0.000124007 0 0 0 5.40836e-08
0.000124551 0 0 0 5.47993e-08
0.000125098 0 0 0 5.55244e-08
0.000125648 0 0 0 5.62591e-08
0.000126199 0 0 0 5.70036e-08
0.000126754 0 0 0 5.77579e-08
0.00012731 0 0 0 5.85222e-08
0.000127869 0 0 0 5.92967e-08
0.000128431 0 0 0 6.00813e-08
0.000128995 0 0 0 6.08764e-08
0.000129562 0 0 0 6.16819e-08
0.000130131 0 0 0 6.24982e-08
0.000130702 0 0 0 6.33252e-08
0.000131276 0 0 0 6.41632e-08
0.000131853 0 0 0 6.50122e-08
0.000132432 0 0 0 6.58725e-08
0.000133013 0 0 0 6.67442e-08
0.000133597 0 0 0 6.76274e-08
0.000134184 0 0 0 6.85223e-08
0.000134773 0 0 0 6.94291e-08
0.000135365 0 0 0 7.03478e-08
0.00013596 0 0 0 7.12787e-08
0.000136557 0 0 0 7.2222e-08
0.000137156 0 0 0 7.31777e-08
0.000137759 0 0 0 7.4146e-08
0.000138364 0 0 0 7.51272e-08
0.000138971 0 0 0 7.61213e-08
0.000139582 0 0 0 7.71286e-08
0.000140195 0 0 0 7.81493e-08
0.00014081 0 0 0 7.91834e-08
0.000141429 0 0 0 8.02312e-08
0.00014205 0 0 0 8.12929e-08
0.000142674 0 0 0 8.23687e-08
0.0001433 0 0 0 8.34586e-08
0.00014393 0 0 0 8.4563e-08
0.000144562 0 0 0 8.5682e-08
0.000145197 0 0 0 8.68159e-08
0.000145834 0 0 0 8.79647e-08
0.000146475 0 0 0 8.91287e-08
0.000147118 0 0 0 9.03081e-08
0.000147764 0 0 0 9.15032e-08
0.000148413 0 0 0 9.2714e-08
0.000149065 0 0 0 9.39409e-08
0.000149719 0 0 0 9.5184e-08
0.000150377 0 0 0 9.64436e-08
0.000151037 0 0 0 9.77198e-08
0.000151701 0 0 0 9.90129e-08
0.000152367 0 0 0 1.00323e-07
0.000153036 0 0 0 1.01651e-07
0.000153708 0 0 0 1.02996e-07
0.000154383 0 0 0 1.04359e-07
0.000155061 0 0 0 1.0574e-07
0.000155742 0 0 0 1.07139e-07
0.000156426 0 0 0 1.08557e-07
0.000157113 0 0 0 1.09993e-07
0.000157803 0 0 0 1.11449e-07
0.000158496 0 0 0 1.12924e-07
0.000159192 0 0 0 1.14418e-07
0.000159891 0 0 0 1.15932e-07
0.000160593 0 0 0 1.17466e-07
0.000161299 0 0 0 1.1902e-07
0.000162007 0 0 0 1.20595e-07
0.000162718 0 0 0 1.22191e-07
0.000163433 0 0 0 1.23808e-07
0.000164151 0 0 0 1.25447e-07
0.000164872 0 0 0 1.27107e-07
0.000165596 0 0 0 1.28789e-07
0.000166323 0 0 0 1.30493e-07
0.000167053 0 0 0 1.3222e-07
0.000167787 0 0 0 1.33969e-07
0.000168524 0 0 0 1.35742e-07
0.000169264 0 0 0 1.37538e-07
0.000170007 0 0 0 1.39358e-07
0.000170754 0 0 0 1.41202e-07
0.000171504 0 0 0 1.43071e-07
0.000172257 0 0 0 1.44964e-07
0.000173014 0 0 0 1.46882e-07
0.000173773 0 0 0 1.48826e-07
0.000174536 0 0 0 1.50796e-07
0.000175303 0 0 0 1.52791e-07
0.000176073 0 0 0 1.54813e-07
0.000176846 0 0 0 1.56861e-07
0.000177623 0 0 0 1.58937e-07
0.000178403 0 0 0 1.6104e-07
0.000179186 0 0 0 1.63171e-07
0.000179973 0 0 0 1.65331e-07
0.000180764 0 0 0 1.67518e-07
0.000181557 0 0 0 1.69735e-07
0.000182355 0 0 0 1.71981e-07
0.000183156 0 0 0 1.74257e-07
0.00018396 0 0 0 1.76563e-07
0.000184768 0 0 0 1.78899e-07
0.000185579 0 0 0 1.81267e-07
0.000186394 0 0 0 1.83665e-07
0.000187213 0 0 0 1.86096e-07
0.000188035 0 0 0 1.88558e-07
0.000188861 0 0 0 1.91054e-07
0.00018969 0 0 0 1.93582e-07
0.000190523 0 0 0 1.96143e-07
0.00019136 0 0 0 1.98739e-07
0.0001922 0 0 0 2.01369e-07
0.000193044 0 0 0 2.04034e-07
0.000193892 0 0 0 2.06734e-07
0.000194744 0 0 0 2.09469e-07
0.000195599 0 0 0 2.12241e-07
0.000196458 0 0 0 2.1505e-07
0.000197321 0 0 0 2.17895e-07
0.000198187 0 0 0 2.20779e-07
0.000199058 0 0 0 2.237e-07
0.000199932 0 0 0 2.2666e-07
0.00020081 0 0 0 2.2966e-07
0.000201692 0 0 0 2.32699e-07
0.000202578 0 0 0 2.35778e-07
0.000203467 0 0 0 2.38898e-07
0.000204361 0 0 0 2.42059e-07
0.000205258 0 0 0 2.45263e-07
0.00020616 0 0 0 2.48508e-07
0.000207065 0 0 0 2.51797e-07
0.000207974 0 0 0 2.55129e-07
0.000208888 0 0 0 2.58505e-07
0.000209805 0 0 0 2.61925e-07
0.000210726 0 0 0 2.65392e-07
0.000211652 0 0 0 2.68903e-07
0.000212581 0 0 0 2.72462e-07
0.000213515 0 0 0 2.76067e-07
0.000214453 0 0 0 2.7972e-07
0.000215394 0 0 0 2.83422e-07
0.00021634 0 0 0 2.87172e-07
0.00021729 0 0 0 2.90972e-07
0.000218245 0 0 0 2.94823e-07
0.000219203 0 0 0 2.98724e-07
0.000220166 0 0 0 3.02677e-07
0.000221133 0 0 0 3.06682e-07
0.000222104 0 0 0 3.10741e-07
0.000223079 0 0 0 3.14853e-07
0.000224059 0 0 0 3.19019e-07
0.000225043 0 0 0 3.23241e-07
0.000226031 0 0 0 3.27518e-07
0.000227024 0 0 0 3.31852e-07
0.000228021 0 0 0 3.36243e-07
0.000229022 0 0 0 3.40693e-07
0.000230028 0 0 0 3.45201e-07
0.000231038 0 0 0 3.49769e-07
0.000232053 0 0 0 3.54398e-07
0.000233072 0 0 0 3.59087e-07
0.000234096 0 0 0 3.63839e-07
0.000235124 0 0 0 3.68654e-07
0.000236156 0 0 0 3.73532e-07
0.000237193 0 0 0 3.78475e-07
0.000238235 0 0 0 3.83483e-07
0.000239281 0 0 0 3.88558e-07
0.000240332 0 0 0 3.937e-07
0.000241388 0 0 0 3.9891e-07
0.000242448 0 0 0 4.04188e-07
0.000243512 0 0 0 4.09537e-07
0.000244582 0 0 0 4.14956e-07
0.000245656 0 0 0 4.20447e-07
0.000246735 0 0 0 4.26011e-07
0.000247818 0 0 0 4.31648e-07
0.000248907 0 0 0 4.3736e-07
0.00025 0 0 0 4.43148e-07
0.000251098 0 0 0 4.49012e-07
0.0002522 0 0 0 4.54954e-07
0.000253308 0 0 0 4.60974e-07
0.00025442 0 0 0 4.67074e-07
0.000255538 0 0 0 4.73255e-07
0.00025666 0 0 0 4.79517e-07
0.000257787 0 0 0 4.85863e-07
0.000258919 0 0 0 4.92292e-07
0.000260056 0 0 0 4.98806e-07
0.000261198 0 0 0 5.05407e-07
0.000262345 0 0 0 5.12095e-07
0.000263498 0 0 0 5.18871e-07
0.000264655 0 0 0 5.25738e-07
0.000265817 0 0 0 5.32695e-07
0.000266984 0 0 0 5.39744e-07
0.000268157 0 0 0 5.46886e-07
0.000269335 0 0 0 5.54123e-07
0.000270517 0 0 0 5.61456e-07
0.000271705 0 0 0 5.68885e-07
0.000272899 0 0 0 5.76413e-07
0.000274097 0 0 0 5.84041e-07
0.000275301 0 0 0 5.91769e-07
0.00027651 0 0 0 5.996e-07
0.000277724 0 0 0 6.07535e-07
0.000278944 0 0 0 6.15574e-07
0.000280169 0 0 0 6.2372e-07
0.000281399 0 0 0 6.31973e-07
0.000282635 0 0 0 6.40336e-07
0.000283876 0 0 0 6.4881e-07
0.000285123 0 0 0 6.57395e-07
0.000286375 0 0 0 6.66095e-07
0.000287633 0 0 0 6.74909e-07
0.000288896 0 0 0 6.8384e-07
0.000290165 0 0 0 6.92889e-07
0.000291439 0 0 0 7.02058e-07
0.000292719 0 0 0 7.11348e-07
0.000294004 0 0 0 7.20761e-07
0.000295296 0 0 0 7.30299e-07
0.000296592 0 0 0 7.39963e-07
0.000297895 0 0 0 7.49755e-07
0.000299203 0 0 0 7.59676e-07
0.000300517 0 0 0 7.69729e-07
0.000301837 0 0 0 7.79915e-07
0.000303163 0 0 0 7.90235e-07
0.000304494 0 0 0 8.00692e-07
0.000305831 0 0 0 8.11288e-07
0.000307174 0 0 0 8.22023e-07
0.000308523 0 0 0 8.32901e-07
0.000309878 0 0 0 8.43923e-07
0.000311239 0 0 0 8.5509e-07
0.000312606 0 0 0 8.66406e-07
0.000313979 0 0 0 8.77871e-07
0.000315358 0 0 0 8.89488e-07
0.000316743 0 0 0 9.01258e-07
0.000318134 0 0 0 9.13184e-07
0.000319531 0 0 0 9.25268e-07
0.000320934 0 0 0 9.37512e-07
0.000322343 0 0 0 9.49918e-07
0.000323759 0 0 0 9.62488e-07
0.000325181 0 0 0 9.75225e-07
0.000326609 0 0 0 9.8813e-07
0.000328043 0 0 0 1.00121e-06
0.000329484 0 0 0 1.01445e-06
0.000330931 0 0 0 1.02788e-06
0.000332384 0 0 0 1.04148e-06
0.000333844 0 0 0 1.05526e-06
0.00033531 0 0 0 1.06923e-06
0.000336783 0 0 0 1.08338e-06
0.000338262 0 0 0 1.09771e-06
0.000339747 0 0 0 1.11224e-06
0.000341239 0 0 0 1.12696e-06
0.000342738 0 0 0 1.14187e-06
0.000344243 0 0 0 1.15698e-06
0.000345755 0 0 0 1.17229e-06
0.000347273 0 0 0 1.1878e-06
0.000348798 0 0 0 1.20352e-06
0.00035033 0 0 0 1.21945e-06
0.000351869 0 0 0 1.23558e-06
0.000353414 0 0 0 1.25193e-06
0.000354966 0 0 0 1.2685e-06
0.000356525 0 0 0 1.28528e-06
0.000358091 0 0 0 1.30229e-06
0.000359663 0 0 0 1.31953e-06
0.000361243 0 0 0 1.33699e-06
0.000362829 0 0 0 1.35468e-06
0.000364423 0 0 0 1.37261e-06
0.000366023 0 0 0 1.39077e-06
0.00036763 0 0 0 1.40917e-06
0.000369245 0 0 0 1.42782e-06
0.000370867 0 0 0 1.44671e-06
0.000372495 0 0 0 1.46586e-06
0.000374131 0 0 0 1.48526e-06
0.000375774 0 0 0 1.50491e-06
0.000377424 0 0 0 1.52482e-06
0.000379082 0 0 0 1.545e-06
0.000380747 0 0 0 1.56545e-06
0.000382419 0 0 0 1.58616e-06
0.000384098 0 0 0 1.60715e-06
0.000385785 0 0 0 1.62842e-06
0.000387479 0 0 0 1.64997e-06
0.000389181 0 0 0 1.6718e-06
0.00039089 0 0 0 1.69392e-06
0.000392607 0 0 0 1.71634e-06
0.000394331 0 0 0 1.73905e-06
0.000396063 0 0 0 1.76206e-06
0.000397802 0 0 0 1.78538e-06
0.000399549 0 0 0 1.80901e-06
0.000401304 0 0 0 1.83295e-06
0.000403066 0 0 0 1.8572e-06
0.000404836 0 0 0 1.88178e-06
0.000406614 0 0 0 1.90668e-06
0.0004084 0 0 0 1.93191e-06
0.000410193 0 0 0 1.95747e-06
0.000411995 0 0 0 1.98338e-06
0.000413804 0 0 0 2.00962e-06
0.000415621 0 0 0 2.03622e-06
0.000417447 0 0 0 2.06316e-06
0.00041928 0 0 0 2.09046e-06
0.000421121 0 0 0 2.11813e-06
0.000422971 0 0 0 2.14615e-06
0.000424828 0 0 0 2.17455e-06
0.000426694 0 0 0 2.20333e-06
0.000428568 0 0 0 2.23249e-06
0.00043045 0 0 0 2.26203e-06
0.00043234 0 0 0 2.29196e-06
0.000434239 0 0 0 2.32229e-06
0.000436146 0 0 0 2.35302e-06
0.000438061 0 0 0 2.38416e-06
0.000439985 0 0 0 2.41571e-06
0.000441918 0 0 0 2.44767e-06
0.000443858 0 0 0 2.48006e-06
0.000445808 0 0 0 2.51288e-06
0.000447765 0 0 0 2.54614e-06
0.000449732 0 0 0 2.57983e-06
0.000451707 0 0 0 2.61397e-06
0.000453691 0 0 0 2.64856e-06
0.000455683 0 0 0 2.6836e-06
0.000457684 0 0 0 2.71912e-06
0.000459694 0 0 0 2.7551e-06
0.000461713 0 0 0 2.79156e-06
0.000463741 0 0 0 2.8285e-06
0.000465777 0 0 0 2.86593e-06
0.000467823 0 0 0 2.90385e-06
0.000469877 0 0 0 2.94228e-06
0.000471941 0 0 0 2.98121e-06
0.000474013 0 0 0 3.02066e-06
0.000476095 0 0 0 3.06063e-06
0.000478186 0 0 0 3.10113e-06
0.000480286 0 0 0 3.14217e-06
0.000482395 0 0 0 3.18375e-06
0.000484514 0 0 0 3.22588e-06
0.000486642 0 0 0 3.26857e-06
0.000488779 0 0 0 3.31182e-06
0.000490925 0 0 0 3.35565e-06
0.000493081 0 0 0 3.40005e-06
0.000495247 0 0 0 3.44504e-06
0.000497422 0 0 0 3.49063e-06
0.000499606 0 0 0 3.53682e-06
0.0005018 0 0 0 3.58362e-06
0.000504004 0 0 0 3.63105e-06
0.000506217 0 0 0 3.6791e-06
0.00050844 0 0 0 3.72778e-06
0.000510673 0 0 0 3.77711e-06
0.000512916 0 0 0 3.82709e-06
0.000515169 0 0 0 3.87773e-06
0.000517431 0 0 0 3.92905e-06
0.000519703 0 0 0 3.98104e-06
0.000521986 0 0 0 4.03372e-06
0.000524278 0 0 0 4.0871e-06
0.000526581 0 0 0 4.14118e-06
0.000528893 0 0 0 4.19598e-06
0.000531216 0 0 0 4.25151e-06
0.000533549 0 0 0 4.30777e-06
0.000535892 0 0 0 4.36477e-06
0.000538245 0 0 0 4.42253e-06
0.000540609 0 0 0 4.48105e-06
0.000542983 0 0 0 4.54035e-06
0.000545368 0 0 0 4.60043e-06
0.000547763 0 0 0 4.66131e-06
0.000550169 0 0 0 4.72299e-06
0.000552585 0 0 0 4.78549e-06
0.000555011 0 0 0 4.84882e-06
0.000557449 0 0 0 4.91298e-06
0.000559897 0 0 0 4.97799e-06
0.000562356 0 0 0 5.04387e-06
0.000564825 0 0 0 5.11061e-06
0.000567306 0 0 0 5.17824e-06
0.000569797 0 0 0 5.24676e-06
0.0005723 0 0 0 5.31619e-06
0.000574813 0 0 0 5.38654e-06
0.000577337 0 0 0 5.45782e-06
0.000579873 0 0 0 5.53004e-06
0.00058242 0 0 0 5.60322e-06
0.000584977 0 0 0 5.67737e-06
0.000587546 0 0 0 5.75249e-06
0.000590127 0 0 0 5.82862e-06
0.000592718 0 0 0 5.90575e-06
0.000595321 0 0 0 5.9839e-06
0.000597936 0 0 0 6.06308e-06
0.000600562 0 0 0 6.14331e-06
0.000603199 0 0 0 6.22461e-06
0.000605848 0 0 0 6.30697e-06
0.000608509 0 0 0 6.39043e-06
0.000611181 0 0 0 6.475e-06
0.000613865 0 0 0 6.56068e-06
0.000616561 0 0 0 6.6475e-06
0.000619269 0 0 0 6.73546e-06
0.000621988 0 0 0 6.82459e-06
0.00062472 0 0 0 6.9149e-06
0.000627463 0 0 0 7.0064e-06
0.000630219 0 0 0 7.09912e-06
0.000632987 0 0 0 7.19306e-06
0.000635767 0 0 0 7.28825e-06
0.000638559 0 0 0 7.38469e-06
0.000641363 0 0 0 7.48241e-06
0.00064418 0 0 0 7.58143e-06
0.000647009 0 0 0 7.68175e-06
0.00064985 0 0 0 7.7834e-06
0.000652704 0 0 0 7.8864e-06
0.00065557 0 0 0 7.99076e-06
0.000658449 0 0 0 8.0965e-06
0.000661341 0 0 0 8.20364e-06
0.000664246 0 0 0 8.3122e-06
0.000667163 0 0 0 8.42219e-06
0.000670093 0 0 0 8.53364e-06
0.000673035 0 0 0 8.64656e-06
0.000675991 0 0 0 8.76098e-06
0.00067896 0 0 0 8.87692e-06
0.000681942 0 0 0 8.99438e-06
0.000684936 0 0 0 9.1134e-06
0.000687944 0 0 0 9.234e-06
0.000690966 0 0 0 9.35619e-06
0.000694 0 0 0 9.48e-06
0.000697048 0 0 0 9.60545e-06
0.000700109 0 0 0 9.73256e-06
0.000703184 0 0 0 9.86135e-06
0.000706272 0 0 0 9.99184e-06
0.000709374 0 0 0 1.01241e-05
0.000712489 0 0 0 1.0258e-05
0.000715618 0 0 0 1.03938e-05
0.000718761 0 0 0 1.05313e-05
0.000721917 0 0 0 1.06707e-05
0.000725088 0 0 0 1.08119e-05
0.000728272 0 0 0 1.0955e-05
0.00073147 0 0 0 1.10999e-05
0.000734682 0 0 0 1.12468e-05
0.000737909 0 0 0 1.13956e-05
0.00074115 0 0 0 1.15464e-05
0.000744404 0 0 0 1.16992e-05
0.000747674 0 0 0 1.1854e-05
0.000750957 0 0 0 1.20109e-05
0.000754255 0 0 0 1.21698e-05
0.000757567 0 0 0 1.23309e-05
0.000760894 0 0 0 1.2494e-05
0.000764236 0 0 0 1.26594e-05
0.000767592 0 0 0 1.28269e-05
0.000770963 0 0 0 1.29966e-05
0.000774349 0 0 0 1.31686e-05
0.00077775 0 0 0 1.33429e-05
0.000781165 0 0 0 1.35194e-05
0.000784596 0 0 0 1.36983e-05
0.000788042 0 0 0 1.38796e-05
0.000791502 0 0 0 1.40633e-05
0.000794978 0 0 0 1.42494e-05
0.00079847 0 0 0 1.44379e-05
0.000801976 0 0 0 1.4629e-05
0.000805498 0 0 0 1.48226e-05
0.000809036 0 0 0 1.50187e-05
0.000812589 0 0 0 1.52175e-05
0.000816157 0 0 0 1.54188e-05
0.000819742 0 0 0 1.56229e-05
0.000823342 0 0 0 1.58296e-05
0.000826957 0 0 0 1.60391e-05
0.000830589 0 0 0 1.62513e-05
0.000834237 0 0 0 1.64664e-05
0.0008379 0 0 0 1.66843e-05
0.00084158 0 0 0 1.6905e-05
0.000845276 0 0 0 1.71287e-05
0.000848988 0 0 0 1.73554e-05
0.000852717 0 0 0 1.75851e-05
0.000856461 0 0 0 1.78178e-05
0.000860223 0 0 0 1.80536e-05
0.000864001 0 0 0 1.82925e-05
0.000867795 0 0 0 1.85345e-05
0.000871606 0 0 0 1.87798e-05
0.000875434 0 0 0 1.90283e-05
0.000879278 0 0 0 1.92801e-05
0.00088314 0 0 0 1.95352e-05
0.000887018 0 0 0 1.97937e-05
0.000890914 0 0 0 2.00557e-05
0.000894826 0 0 0 2.0321e-05
0.000898756 0 0 0 2.059e-05
0.000902703 0 0 0 2.08624e-05
0.000906667 0 0 0 2.11385e-05
0.000910649 0 0 0 2.14182e-05
0.000914648 0 0 0 2.17016e-05
0.000918665 0 0 0 2.19888e-05
0.0009227 0 0 0 2.22798e-05
0.000926752 0 0 0 2.25746e-05
0.000930822 0 0 0 2.28733e-05
0.00093491 0 0 0 2.3176e-05
0.000939015 0 0 0 2.34827e-05
0.000943139 0 0 0 2.37934e-05
0.000947281 0 0 0 2.41083e-05
0.000951441 0 0 0 2.44273e-05
0.00095562 0 0 0 2.47506e-05
0.000959816 0 0 0 2.50781e-05
0.000964032 0 0 0 2.54099e-05
0.000968265 0 0 0 2.57462e-05
0.000972518 0 0 0 2.60869e-05
0.000976789 0 0 0 2.64321e-05
0.000981078 0 0 0 2.67819e-05
0.000985387 0 0 0 2.71363e-05
0.000989714 0 0 0 2.74954e-05
0.000994061 0 0 0 2.78592e-05
0.000998426 0 0 0 2.82279e-05
0.00100281 0 0 0 2.86014e-05
0.00100721 0 0 0 2.89799e-05
0.00101164 0 0 0 2.93634e-05
0.00101608 0 0 0 2.97519e-05
0.00102054 0 0 0 3.01456e-05
0.00102503 0 0 0 3.05445e-05
0.00102953 0 0 0 3.09487e-05
0.00103405 0 0 0 3.13583e-05
0.00103859 0 0 0 3.17732e-05
0.00104315 0 0 0 3.21937e-05
0.00104773 0 0 0 3.26197e-05
0.00105233 0 0 0 3.30513e-05
0.00105695 0 0 0 3.34887e-05
0.0010616 0 0 0 3.39319e-05
0.00106626 0 0 0 3.43809e-05
0.00107094 0 0 0 3.48358e-05
0.00107564 0 0 0 3.52968e-05
0.00108037 0 0 0 3.57639e-05
0.00108511 0 0 0 3.62371e-05
0.00108988 0 0 0 3.67167e-05
0.00109466 0 0 0 3.72025e-05
0.00109947 0 0 0 3.76948e-05
0.0011043 0 0 0 3.81936e-05
0.00110915 0 0 0 3.86991e-05
0.00111402 0 0 0 3.92112e-05
0.00111891 0 0 0 3.973e-05
0.00112383 0 0 0 4.02558e-05
0.00112876 0 0 0 4.07885e-05
0.00113372 0 0 0 4.13282e-05
0.0011387 0 0 0 4.18751e-05
0.0011437 0 0 0 4.24292e-05
0.00114872 0 0 0 4.29907e-05
0.00115377 0 0 0 4.35596e-05
0.00115883 0 0 0 4.4136e-05
0.00116392 0 0 0 4.47201e-05
0.00116903 0 0 0 4.53118e-05
0.00117417 0 0 0 4.59114e-05
0.00117932 0 0 0 4.6519e-05
0.0011845 0 0 0 4.71346e-05
0.00118971 0 0 0 4.77583e-05
0.00119493 0 0 0 4.83903e-05
0.00120018 0 0 0 4.90306e-05
0.00120545 0 0 0 4.96794e-05
0.00121074 0 0 0 5.03368e-05
0.00121606 0 0 0 5.10029e-05
0.0012214 0 0 0 5.16778e-05
0.00122676 0 0 0 5.23617e-05
0.00123215 0 0 0 5.30546e-05
0.00123756 0 0 0 5.37566e-05
0.001243 0 0 0 5.4468e-05
0.00124846 0 0 0 5.51888e-05
0.00125394 0 0 0 5.59191e-05
0.00125945 0 0 0 5.6659e-05
0.00126498 0 0 0 5.74088e-05
0.00127053 0 0 0 5.81685e-05
0.00127611 0 0 0 5.89382e-05
0.00128172 0 0 0 5.97181e-05
0.00128735 0 0 0 6.05084e-05
0.001293 0 0 0 6.13091e-05
0.00129868 0 0 0 6.21204e-05
0.00130438 0 0 0 6.29424e-05
0.00131011 0 0 0 6.37753e-05
0.00131586 0 0 0 6.46192e-05
0.00132164 0 0 0 6.54743e-05
0.00132745 0 0 0 6.63408e-05
0.00133328 0 0 0 6.72186e-05
0.00133913 0 0 0 6.81081e-05
0.00134501 0 0 0 6.90094e-05
0.00135092 0 0 0 6.99226e-05
0.00135685 0 0 0 7.08479e-05
0.00136281 0 0 0 7.17854e-05
0.0013688 0 0 0 7.27353e-05
0.00137481 0 0 0 7.36978e-05
0.00138084 0 0 0 7.4673e-05
0.00138691 0 0 0 7.56612e-05
0.001393 0 0 0 7.66624e-05
0.00139912 0 0 0 7.76769e-05
0.00140526 0 0 0 7.87047e-05
0.00141143 0 0 0 7.97462e-05
0.00141763 0 0 0 8.08015e-05
0.00142386 0 0 0 8.18707e-05
0.00143011 0 0 0 8.29541e-05
0.00143639 0 0 0 8.40518e-05
0.0014427 0 0 0 8.51641e-05
0.00144903 0 0 0 8.62911e-05
0.0014554 0 0 0 8.74329e-05
0.00146179 0 0 0 8.85899e-05
0.00146821 0 0 0 8.97622e-05
0.00147466 0 0 0 9.095e-05
0.00148113 0 0 0 9.21536e-05
0.00148764 0 0 0 9.3373e-05
0.00149417 0 0 0 9.46086e-05
0.00150073 0 0 0 9.58606e-05
0.00150732 0 0 0 9.71291e-05
0.00151394 0 0 0 9.84144e-05
0.00152059 0 0 0 9.97167e-05
0.00152727 0 0 0 0.000101036
0.00153398 0 0 0 0.000102373
0.00154071 0 0 0 0.000103728
0.00154748 0 0 0 0.000105101
0.00155428 0 0 0 0.000106491
0.0015611 0 0 0 0.0001079
0.00156796 0 0 0 0.000109328
0.00157484 0 0 0 0.000110775
0.00158176 0 0 0 0.000112241
0.00158871 0 0 0 0.000113726
0.00159568 0 0 0 0.000115231
0.00160269 0 0 0 0.000116756
0.00160973 0 0 0 0.000118301
0.0016168 0 0 0 0.000119866
0.0016239 0 0 0 0.000121453
0.00163103 0 0 0 0.00012306
0.00163819 0 0 0 0.000124688
0.00164539 0 0 0 0.000126338
0.00165261 0 0 0 0.00012801
0.00165987 0 0 0 0.000129704
0.00166716 0 0 0 0.00013142
0.00167448 0 0 0 0.000133159
0.00168184 0 0 0 0.000134921
0.00168922 0 0 0 0.000136707
0.00169664 0 0 0 0.000138516
0.00170409 0 0 0 0.000140349
0.00171158 0 0 0 0.000142206
0.00171909 0 0 0 0.000144088
0.00172664 0 0 0 0.000145995
0.00173422 0 0 0 0.000147926
0.00174184 0 0 0 0.000149884
0.00174949 0 0 0 0.000151867
0.00175717 0 0 0 0.000153877
0.00176489 0 0 0 0.000155913
0.00177264 0 0 0 0.000157976
0.00178043 0 0 0 0.000160067
0.00178824 0 0 0 0.000162185
0.0017961 0 0 0 0.000164331
0.00180399 0 0 0 0.000166506
0.00181191 0 0 0 0.000168709
0.00181987 0 0 0 0.000170942
0.00182786 0 0 0 0.000173204
0.00183589 0 0 0 0.000175496
0.00184395 0 0 0 0.000177818
0.00185205 0 0 0 0.000180171
0.00186018 0 0 0 0.000182555
0.00186835 0 0 0 0.000184971
0.00187655 0 0 0 0.000187419
0.00188479 0 0 0 0.000189899
0.00189307 0 0 0 0.000192412
0.00190139 0 0 0 0.000194958
0.00190974 0 0 0 0.000197538
0.00191812 0 0 0 0.000200152
0.00192655 0 0 0 0.0002028
0.00193501 0 0 0 0.000205484
0.00194351 0 0 0 0.000208203
0.00195204 0 0 0 0.000210958
0.00196061 0 0 0 0.00021375
0.00196922 0 0 0 0.000216578
0.00197787 0 0 0 0.000219444
0.00198656 0 0 0 0.000222348
0.00199528 0 0 0 0.00022529
0.00200404 0 0 0 0.000228272
0.00201285 0 0 0 0.000231292
0.00202168 0 0 0 0.000234353
0.00203056 0 0 0 0.000237454
0.00203948 0 0 0 0.000240596
0.00204844 0 0 0 0.00024378
0.00205743 0 0 0 0.000247006
0.00206647 0 0 0 0.000250275
0.00207554 0 0 0 0.000253586
0.00208466 0 0 0 0.000256942
0.00209381 0 0 0 0.000260342
0.00210301 0 0 0 0.000263787
0.00211225 0 0 0 0.000267278
0.00212152 0 0 0 0.000270815
0.00213084 0 0 0 0.000274398
0.0021402 0 0 0 0.000278029
0.0021496 0 0 0 0.000281709
0.00215904 0 0 0 0.000285436
0.00216852 0 0 0 0.000289214
0.00217804 0 0 0 0.000293041
0.00218761 0 0 0 0.000296918
0.00219721 0 0 0 0.000300848
0.00220686 0 0 0 0.000304829
0.00221655 0 0 0 0.000308862
0.00222629 0 0 0 0.000312949
0.00223607 0 0 0 0.000317091
0.00224589 0 0 0 0.000321287
0.00225575 0 0 0 0.000325538
0.00226566 0 0 0 0.000329846
0.00227561 0 0 0 0.000334211
0.0022856 0 0 0 0.000338633
0.00229564 0 0 0 0.000343115
0.00230572 0 0 0 0.000347655
0.00231584 0 0 0 0.000352255
0.00232601 0 0 0 0.000356917
0.00233623 0 0 0 0.00036164
0.00234649 0 0 0 0.000366425
0.00235679 0 0 0 0.000371274
0.00236714 0 0 0 0.000376187
0.00237754 0 0 0 0.000381165
0.00238798 0 0 0 0.000386209
0.00239847 0 0 0 0.00039132
0.002409 0 0 0 0.000396498
0.00241958 0 0 0 0.000401745
0.00243021 0 0 0 0.000407061
0.00244088 0 0 0 0.000412448
0.0024516 0 0 0 0.000417906
0.00246237 0 0 0 0.000423436
0.00247318 0 0 0 0.000429039
0.00248404 0 0 0 0.000434716
0.00249495 0 0 0 0.000440469
0.00250591 0 0 0 0.000446298
0.00251691 0 0 0 0.000452203
0.00252797 0 0 0 0.000458187
0.00253907 0 0 0 0.00046425
0.00255022 0 0 0 0.000470394
0.00256142 0 0 0 0.000476618
0.00257267 0 0 0 0.000482926
0.00258396 0 0 0 0.000489316
0.00259531 0 0 0 0.000495791
0.00260671 0 0 0 0.000502352
0.00261816 0 0 0 0.000508999
0.00262966 0 0 0 0.000515735
0.0026412 0 0 0 0.00052256
0.0026528 0 0 0 0.000529475
0.00266445 0 0 0 0.000536481
0.00267615 0 0 0 0.00054358
0.00268791 0 0 0 0.000550773
0.00269971 0 0 0 0.000558062
0.00271157 0 0 0 0.000565446
0.00272348 0 0 0 0.000572929
0.00273544 0 0 0 0.00058051
0.00274745 0 0 0 0.000588192
0.00275952 0 0 0 0.000595976
0.00277163 0 0 0 0.000603862
0.00278381 0 0 0 0.000611853
0.00279603 0 0 0 0.000619949
0.00280831 0 0 0 0.000628153
0.00282064 0 0 0 0.000636465
0.00283303 0 0 0 0.000644888
0.00284547 0 0 0 0.000653421
0.00285797 0 0 0 0.000662068
0.00287052 0 0 0 0.000670829
0.00288313 0 0 0 0.000679706
0.00289579 0 0 0 0.000688701
0.00290851 0 0 0 0.000697814
0.00292128 0 0 0 0.000707048
0.00293411 0 0 0 0.000716404
0.00294699 0 0 0 0.000725885
0.00295994 0 0 0 0.00073549
0.00297293 0 0 0 0.000745223
0.00298599 0 0 0 0.000755084
0.0029991 0 0 0 0.000765076
0.00301228 0 0 0 0.0007752
0.0030255 0 0 0 0.000785458
0.00303879 0 0 0 0.000795852
0.00305214 0 0 0 0.000806384
0.00306554 0 0 0 0.000817054
0.003079 0 0 0 0.000827866
0.00309252 0 0 0 0.000838821
0.00310611 0 0 0 0.000849921
0.00311975 0 0 0 0.000861168
0.00313345 0 0 0 0.000872564
0.00314721 0 0 0 0.000884111
0.00316103 0 0 0 0.00089581
0.00317491 0 0 0 0.000907664
0.00318886 0 0 0 0.000919675
0.00320286 0 0 0 0.000931845
0.00321693 0 0 0 0.000944176
0.00323105 0 0 0 0.00095667
0.00324524 0 0 0 0.00096933
0.00325949 0 0 0 0.000982157
0.00327381 0 0 0 0.000995153
0.00328819 0 0 0 0.00100832
0.00330263 0 0 0 0.00102167
0.00331713 0 0 0 0.00103518
0.0033317 0 0 0 0.00104888
0.00334633 0 0 0 0.00106276
0.00336103 0 0 0 0.00107683
0.00337579 0 0 0 0.00109108
0.00339061 0 0 0 0.00110551
0.0034055 0 0 0 0.00112014
0.00342046 0 0 0 0.00113497
0.00343548 0 0 0 0.00114998
0.00345057 0 0 0 0.0011652
0.00346572 0 0 0 0.00118062
0.00348094 0 0 0 0.00119624
0.00349623 0 0 0 0.00121207
0.00351158 0 0 0 0.00122811
0.003527 0 0 0 0.00124436
0.00354249 0 0 0 0.00126083
0.00355805 0 0 0 0.00127752
0.00357368 0 0 0 0.00129442
0.00358937 0 0 0 0.00131155
0.00360513 0 0 0 0.00132891
0.00362097 0 0 0 0.00134649
0.00363687 0 0 0 0.00136431
0.00365284 0 0 0 0.00138236
0.00366888 0 0 0 0.00140065
0.00368499 0 0 0 0.00141919
0.00370118 0 0 0 0.00143797
0.00371743 0 0 0 0.001457
0.00373376 0 0 0 0.00147628
0.00375015 0 0 0 0.00149581
0.00376662 0 0 0 0.00151561
0.00378317 0 0 0 0.00153566
0.00379978 0 0 0 0.00155598
0.00381647 0 0 0 0.00157657
0.00383323 0 0 0 0.00159744
0.00385006 0 0 0 0.00161858
0.00386697 0 0 0 0.00163999
0.00388395 0 0 0 0.0016617
0.00390101 0 0 0 0.00168368
0.00391814 0 0 0 0.00170596
0.00393535 0 0 0 0.00172854
0.00395263 0 0 0 0.00175141
0.00396999 0 0 0 0.00177459
0.00398742 0 0 0 0.00179807
0.00400494 0 0 0 0.00182187
0.00402252 0 0 0 0.00184597
0.00404019 0 0 0 0.0018704
0.00405793 0 0 0 0.00189515
0.00407575 0 0 0 0.00192023
0.00409365 0 0 0 0.00194564
0.00411163 0 0 0 0.00197139
0.00412969 0 0 0 0.00199747
0.00414782 0 0 0 0.00202391
0.00416604 0 0 0 0.00205069
0.00418433 0 0 0 0.00207783
0.00420271 0 0 0 0.00210532
0.00422117 0 0 0 0.00213318
0.00423971 0 0 0 0.00216141
0.00425832 0 0 0 0.00219001
0.00427703 0 0 0 0.00221899
0.00429581 0 0 0 0.00224835
0.00431467 0 0 0 0.00227811
0.00433362 0 0 0 0.00230825
0.00435265 0 0 0 0.0023388
0.00437177 0 0 0 0.00236975
0.00439097 0 0 0 0.0024011
0.00441025 0 0 0 0.00243288
0.00442962 0 0 0 0.00246507
0.00444907 0 0 0 0.00249769
0.00446861 0 0 0 0.00253074
0.00448824 0 0 0 0.00256423
0.00450795 0 0 0 0.00259816
0.00452775 0 0 0 0.00263255
0.00454763 0 0 0 0.00266738
0.0045676 0 0 0 0.00270268
0.00458766 0 0 0 0.00273844
0.00460781 0 0 0 0.00277468
0.00462804 0 0 0 0.0028114
0.00464837 0 0 0 0.0028486
0.00466878 0 0 0 0.0028863
0.00468929 0 0 0 0.00292449
0.00470988 0 0 0 0.00296319
0.00473056 0 0 0 0.0030024
0.00475134 0 0 0 0.00304213
0.00477221 0 0 0 0.00308239
0.00479316 0 0 0 0.00312318
0.00481421 0 0 0 0.0031645
0.00483536 0 0 0 0.00320638
0.00485659 0 0 0 0.00324881
0.00487792 0 0 0 0.0032918
0.00489934 0 0 0 0.00333536
0.00492086 0 0 0 0.0033795
0.00494247 0 0 0 0.00342422
0.00496417 0 0 0 0.00346953
0.00498597 0 0 0 0.00351544
0.00500787 0 0 0 0.00356196
0.00502986 0 0 0 0.0036091
0.00505195 0 0 0 0.00365685
0.00507414 0 0 0 0.00370525
0.00509642 0 0 0 0.00375428
0.0051188 0 0 0 0.00380396
0.00514128 0 0 0 0.00385429
0.00516386 0 0 0 0.0039053
0.00518654 0 0 0 0.00395698
0.00520932 0 0 0 0.00400934
0.0052322 0 0 0 0.00406239
0.00525517 0 0 0 0.00411615
0.00527825 0 0 0 0.00417062
0.00530143 0 0 0 0.00422581
0.00532472 0 0 0 0.00428173
0.0053481 0 0 0 0.00433839
0.00537159 0 0 0 0.0043958
0.00539518 0 0 0 0.00445396
0.00541887 0 0 0 0.0045129
0.00544267 0 0 0 0.00457262
0.00546657 0 0 0 0.00463313
0.00549058 0 0 0 0.00469444
0.00551469 0 0 0 0.00475656
0.00553891 0 0 0 0.0048195
0.00556323 0 0 0 0.00488328
0.00558766 0 0 0 0.0049479
0.0056122 0 0 0 0.00501338
0.00563685 0 0 0 0.00507972
0.00566161 0 0 0 0.00514694
0.00568647 0 0 0 0.00521504
0.00571144 0 0 0 0.00528405
0.00573653 0 0 0 0.00535398
0.00576172 0 0 0 0.00542483
0.00578702 0 0 0 0.00549661
0.00581244 0 0 0 0.00556935
0.00583796 0 0 0 0.00564305
0.0058636 0 0 0 0.00571772
0.00588935 0 0 0 0.00579338
0.00591521 0 0 0 0.00587005
0.00594119 0 0 0 0.00594772
0.00596728 0 0 0 0.00602643
0.00599349 0 0 0 0.00610618
0.00601981 0 0 0 0.00618698
0.00604625 0 0 0 0.00626885
0.0060728 0 0 0 0.0063518
0.00609947 0 0 0 0.00643586
0.00612626 0 0 0 0.00652102
0.00615316 0 0 0 0.00660731
0.00618018 0 0 0 0.00669475
0.00620733 0 0 0 0.00678334
0.00623459 0 0 0 0.0068731
0.00626197 0 0 0 0.00696405
0.00628947 0 0 0 0.00705621
0.00631709 0 0 0 0.00714958
0.00634483 0 0 0 0.00724419
0.00637269 0 0 0 0.00734005
0.00640068 0 0 0 0.00743718
0.00642879 0 0 0 0.0075356
0.00645702 0 0 0 0.00763531
0.00648538 0 0 0 0.00773635
0.00651386 0 0 0 0.00783872
0.00654247 0 0 0 0.00794245
0.0065712 0 0 0 0.00804755
0.00660006 0 0 0 0.00815405
0.00662904 0 0 0 0.00826195
0.00665816 0 0 0 0.00837128
0.0066874 0 0 0 0.00848205
0.00671676 0 0 0 0.0085943
0.00674626 0 0 0 0.00870802
0.00677589 0 0 0 0.00882325
0.00680565 0 0 0 0.00894001
0.00683553 0 0 0 0.00905831
0.00686555 0 0 0 0.00917818
0.00689571 0 0 0 0.00929964
0.00692599 0 0 0 0.0094227
0.0069564 0 0 0 0.00954739
0.00698696 0 0 0 0.00967372
0.00701764 0 0 0 0.00980174
0.00704846 0 0 0 0.00993144
0.00707941 0 0 0 0.0100629
0.0071105 0 0 0 0.010196
0.00714173 0 0 0 0.0103309
0.00717309 0 0 0 0.0104677
0.0072046 0 0 0 0.0106062
0.00723624 0 0 0 0.0107465
0.00726801 0 0 0 0.0108887
0.00729993 0 0 0 0.0110328
0.00733199 0 0 0 0.0111788
0.00736419 0 0 0 0.0113267
0.00739653 0 0 0 0.0114766
0.00742901 0 0 0 0.0116285
0.00746164 0 0 0 0.0117824
0.00749441 0 0 0 0.0119383
0.00752732 0 0 0 0.0120963
0.00756038 0 0 0 0.0122563
0.00759358 0 0 0 0.0124185
0.00762693 0 0 0 0.0125829
0.00766042 0 0 0 0.0127494
0.00769407 0 0 0 0.0129181
0.00772786 0 0 0 0.013089
0.00776179 0 0 0 0.0132622
0.00779588 0 0 0 0.0134377
0.00783012 0 0 0 0.0136155
0.0078645 0 0 0 0.0137957
0.00789904 0 0 0 0.0139783
0.00793373 0 0 0 0.0141632
0.00796857 0 0 0 0.0143507
0.00800357 0 0 0 0.0145406
0.00803872 0 0 0 0.014733
0.00807402 0 0 0 0.0149279
0.00810948 0 0 0 0.0151255
0.00814509 0 0 0 0.0153256
0.00818086 0 0 0 0.0155284
0.00821679 0 0 0 0.0157339
0.00825288 0 0 0 0.0159421
0.00828912 0 0 0 0.0161531
0.00832552 0 0 0 0.0163668
0.00836209 0 0 0 0.0165834
0.00839881 0 0 0 0.0168029
0.00843569 0 0 0 0.0170252
0.00847274 0 0 0 0.0172505
0.00850995 0 0 0 0.0174788
0.00854732 0 0 0 0.0177101
0.00858486 0 0 0 0.0179444
0.00862256 0 0 0 0.0181819
0.00866043 0 0 0 0.0184225
0.00869846 0 0 0 0.0186663
0.00873666 0 0 0 0.0189133
0.00877503 0 0 0 0.0191635
0.00881357 0 0 0 0.0194171
0.00885227 0 0 0 0.0196741
0.00889115 0 0 0 0.0199344
0.0089302 0 0 0 0.0201982
0.00896941 0 0 0 0.0204655
0.0090088 0 0 0 0.0207363
0.00904837 0 0 0 0.0210107
0.00908811 0 0 0 0.0212887
0.00912802 0 0 0 0.0215704
0.0091681 0 0 0 0.0218559
0.00920837 0 0 0 0.0221451
0.00924881 0 0 0 0.0224381
0.00928942 0 0 0 0.0227351
0.00933022 0 0 0 0.0230359
0.0093712 0 0 0 0.0233407
0.00941235 0 0 0 0.0236496
0.00945369 0 0 0 0.0239626
0.0094952 0 0 0 0.0242797
0.0095369 0 0 0 0.024601
0.00957879 0 0 0 0.0249265
0.00962085 0 0 0 0.0252563
0.0096631 0 0 0 0.0255906
0.00970554 0 0 0 0.0259292
0.00974816 0 0 0 0.0262723
0.00979097 0 0 0 0.02662
0.00983397 0 0 0 0.0269722
0.00987716 0 0 0 0.0273291
0.00992054 0 0 0 0.0276908
0.0099641 0 0 0 0.0280572
0.0100079 0 0 0 0.0284285
0.0100518 0 0 0 0.0288047
0.010096 0 0 0 0.0291859
0.0101403 0 0 0 0.0295721
0.0101848 0 0 0 0.0299634
0.0102296 0 0 0 0.0303599
0.0102745 0 0 0 0.0307616
0.0103196 0 0 0 0.0311687
0.0103649 0 0 0 0.0315812
0.0104104 0 0 0 0.0319991
0.0104562 0 0 0 0.0324225
0.0105021 0 0 0 0.0328515
0.0105482 0 0 0 0.0332863
0.0105945 0 0 0 0.0337267
0.0106411 0 0 0 0.034173
0.0106878 0 0 0 0.0346252
0.0107347 0 0 0 0.0350834
0.0107819 0 0 0 0.0355477
0.0108292 0 0 0 0.0360181
0.0108768 0 0 0 0.0364947
0.0109245 0 0 0 0.0369776
0.0109725 0 0 0 0.037467
0.0110207 0 0 0 0.0379628
0.0110691 0 0 0 0.0384651
0.0111177 0 0 0 0.0389741
0.0111665 0 0 0 0.0394899
0.0112156 0 0 0 0.0400124
0.0112648 0 0 0 0.0405419
0.0113143 0 0 0 0.0410784
0.011364 0 0 0 0.041622
0.0114139 0 0 0 0.0421728
0.011464 0 0 0 0.0427308
0.0115144 0 0 0 0.0432963
0.0115649 0 0 0 0.0438692
0.0116157 0 0 0 0.0444497
0.0116667 0 0 0 0.0450379
0.011718 0 0 0 0.0456339
0.0117694 0 0 0 0.0462378
0.0118211 0 0 0 0.0468496
0.011873 0 0 0 0.0474696
0.0119252 0 0 0 0.0480977
0.0119776 0 0 0 0.0487342
0.0120302 0 0 0 0.0493791
0.012083 0 0 0 0.0500325
0.012136 0 0 0 0.0506946
0.0121893 0 0 0 0.0513654
0.0122429 0 0 0 0.0520452
0.0122966 0 0 0 0.0527339
0.0123506 0 0 0 0.0534317
0.0124049 0 0 0 0.0541387
0.0124594 0 0 0 0.0548551
0.0125141 0 0 0 0.055581
0.012569 0 0 0 0.0563165
0.0126242 0 0 0 0.0570618
0.0126797 0 0 0 0.0578169
0.0127354 0 0 0 0.0585819
0.0127913 0 0 0 0.0593571
0.0128475 0 0 0 0.0601426
0.0129039 0 0 0 0.0609385
0.0129606 0 0 0 0.0617449
0.0130175 0 0 0 0.0625619
0.0130746 0 0 0 0.0633898
0.0131321 0 0 0 0.0642286
0.0131897 0 0 0 0.0650785
0.0132477 0 0 0 0.0659397
0.0133058 0 0 0 0.0668123
0.0133643 0 0 0 0.0676964
0.013423 0 0 0 0.0685922
0.0134819 0 0 0 0.0694999
0.0135411 0 0 0 0.0704196
0.0136006 0 0 0 0.0713514
0.0136603 0 0 0 0.0722956
0.0137203 0 0 0 0.0732523
0.0137806 0 0 0 0.0742216
0.0138411 0 0 0 0.0752038
0.0139019 0 0 0 0.076199
0.0139629 0 0 0 0.0772073
0.0140242 0 0 0 0.078229
0.0140858 0 0 0 0.0792642
0.0141477 0 0 0 0.0803131
0.0142098 0 0 0 0.0813758
0.0142722 0 0 0 0.0824527
0.0143349 0 0 0 0.0835438
0.0143979 0 0 0 0.0846493
0.0144611 0 0 0 0.0857694
0.0145246 0 0 0 0.0869044
0.0145884 0 0 0 0.0880544
0.0146524 0 0 0 0.0892196
0.0147168 0 0 0 0.0904002
0.0147814 0 0 0 0.0915965
0.0148463 0 0 0 0.0928086
0.0149115 0 0 0 0.0940367
0.014977 0 0 0 0.0952811
0.0150428 0 0 0 0.0965419
0.0151089 0 0 0 0.0978195
0.0151752 0 0 0 0.0991139
0.0152419 0 0 0 0.100425
0.0153088 0 0 0 0.101754
0.015376 0 0 0 0.103101
0.0154436 0 0 0 0.104465
0.0155114 0 0 0 0.105848
0.0155795 0 0 0 0.107248
0.0156479 0 0 0 0.108667
0.0157166 0 0 0 0.110105
0.0157857 0 0 0 0.111562
0.015855 0 0 0 0.113039
0.0159246 0 0 0 0.114535
0.0159945 0 0 0 0.11605
0.0160648 0 0 0 0.117586
0.0161353 0 0 0 0.119142
0.0162062 0 0 0 0.120718
0.0162774 0 0 0 0.122316
0.0163489 0 0 0 0.123934
0.0164207 0 0 0 0.125574
0.0164928 0 0 0 0.127236
0.0165652 0 0 0 0.12892
0.0166379 0 0 0 0.130626
0.016711 0 0 0 0.132354
0.0167844 0 0 0 0.134106
0.0168581 0 0 0 0.13588
0.0169322 0 0 0 0.137679
0.0170065 0 0 0 0.1395
0.0170812 0 0 0 0.141346
0.0171562 0 0 0 0.143217
0.0172316 0 0 0 0.145112
0.0173072 0 0 0 0.147032
0.0173832 0 0 0 0.148978
0.0174596 0 0 0 0.150949
0.0175363 0 0 0 0.152947
0.0176133 0 0 0 0.154971
0.0176906 0 0 0 0.157021
0.0177683 0 0 0 0.159099
0.0178463 0 0 0 0.161205
0.0179247 0 0 0 0.163338
0.0180034 0 0 0 0.165499
0.0180825 0 0 0 0.167689
0.0181619 0 0 0 0.169908
0.0182417 0 0 0 0.172157
0.0183218 0 0 0 0.174435
0.0184022 0 0 0 0.176743
0.0184831 0 0 0 0.179082
0.0185642 0 0 0 0.181452
0.0186458 0 0 0 0.183853
0.0187276 0 0 0 0.186286
0.0188099 0 0 0 0.188751
0.0188925 0 0 0 0.191248
0.0189755 0 0 0 0.193779
0.0190588 0 0 0 0.196344
0.0191425 0 0 0 0.198942
0.0192266 0 0 0 0.201574
0.019311 0 0 0 0.204242
0.0193958 0 0 0 0.206944
0.019481 0 0 0 0.209683
0.0195665 0 0 0 0.212458
0.0196525 0 0 0 0.215269
0.0197388 0 0 0 0.218118
0.0198255 0 0 0 0.221004
0.0199125 0 0 0 0.223928
0.02 0 0 0 0.226892
0.0200878 0 0 0 0.229894
0.020176 0 0 0 0.232936
0.0202646 0 0 0 0.236019
0.0203536 0 0 0 0.239142
0.020443 0 0 0 0.242306
0.0205328 0 0 0 0.245513
0.020623 0 0 0 0.248762
0.0207135 0 0 0 0.252053
0.0208045 0 0 0 0.255389
0.0208959 0 0 0 0.258768
0.0209876 0 0 0 0.262193
0.0210798 0 0 0 0.265662
0.0211724 0 0 0 0.269178
0.0212654 0 0 0 0.27274
0.0213588 0 0 0 0.276349
0.0214526 401.671 1.90362e-06 6 0.280006
0.0215468 0 0 0 0.283711
0.0216414 0 0 0 0.287465
0.0217364 0 0 0 0.291269
0.0218319 0 0 0 0.295124
0.0219278 0 0 0 0.299029
0.0220241 0 0 0 0.302986
0.0221208 0 0 0 0.306995
0.0222179 0 0 0 0.311058
0.0223155 0 0 0 0.315174
0.0224135 0 0 0 0.319345
0.0225119 0 0 0 0.32357
0.0226108 0 0 0 0.327852
0.0227101 0 0 0 0.332191
0.0228098 0 0 0 0.336586
0.02291 0 0 0 0.34104
0.0230106 0 0 0 0.345553
0.0231117 0 0 0 0.350126
0.0232132 0 0 0 0.354759
0.0233151 0 0 0 0.359454
0.0234175 0 0 0 0.36421
0.0235204 0 0 0 0.36903
0.0236236 0 0 0 0.373913
0.0237274 0 0 0 0.378861
0.0238316 0 0 0 0.383875
0.0239363 0 0 0 0.388954
0.0240414 0 0 0 0.394101
0.024147 0 0 0 0.399316
0.024253 0 0 0 0.4046
0.0243595 0 0 0 0.409954
0.0244665 0 0 0 0.415379
0.0245739 0 0 0 0.420876
0.0246819 0 0 0 0.426445
0.0247903 0 0 0 0.432089
0.0248991 0 0 0 0.437806
0.0250085 0 0 0 0.4436
0.0251183 0 0 0 0.44947
0.0252286 0 0 0 0.455418
0.0253394 0 0 0 0.461444
0.0254507 0 0 0 0.46755
0.0255625 0 0 0 0.473737
0.0256747 0 0 0 0.480006
0.0257875 0 0 0 0.486358
0.0259007 0 0 0 0.492794
0.0260145 0 0 0 0.499315
0.0261287 0 0 0 0.505922
0.0262435 0 0 0 0.512617
0.0263587 0 0 0 0.519401
0.0264745 0 0 0 0.526274
0.0265907 0 0 0 0.533238
0.0267075 0 0 0 0.540294
0.0268248 0 0 0 0.547444
0.0269426 0 0 0 0.554688
0.0270609 0 0 0 0.562028
0.0271798 0 0 0 0.569465
0.0272991 0 0 0 0.577001
0.027419 0 0 0 0.584637
0.0275394 0 0 0 0.592373
0.0276604 0 0 0 0.600212
0.0277819 0 0 0 0.608154
0.0279039 0 0 0 0.616202
0.0280264 0 0 0 0.624356
0.0281495 0 0 0 0.632618
0.0282731 0 0 0 0.640989
0.0283973 0 0 0 0.649472
0.028522 0 0 0 0.658066
0.0286472 0 0 0 0.666774
0.0287731 0 0 0 0.675597
0.0288994 0 0 0 0.684537
0.0290263 0 0 0 0.693596
0.0291538 0 0 0 0.702774
0.0292818 0 0 0 0.712074
0.0294104 0 0 0 0.721497
0.0295396 0 0 0 0.731044
0.0296693 0 0 0 0.740718
0.0297996 0 0 0 0.75052
0.0299305 0 0 0 0.760451
0.0300619 0 0 0 0.770514
0.030194 0 0 0 0.78071
0.0303266 254.301 4.26604e-07 12 0.791041
0.0304597 0 0 0 0.801509
0.0305935 0 0 0 0.812115
0.0307279 0 0 0 0.822862
0.0308628 0 0 0 0.833751
0.0309983 0 0 0 0.844784
0.0311345 0 0 0 0.855963
0.0312712 0 0 0 0.867289
0.0314085 0 0 0 0.878766
0.0315465 0 0 0 0.890395
0.031685 0 0 0 0.902177
0.0318242 0 0 0 0.914116
0.0319639 0 0 0 0.926212
0.0321043 0 0 0 0.938468
0.0322453 0 0 0 0.950887
0.0323869 0 0 0 0.96347
0.0325291 0 0 0 0.976219
0.032672 0 0 0 0.989138
0.0328155 0 0 0 1.00223
0.0329596 0 0 0 1.01549
0.0331043 0 0 0 1.02893
0.0332497 0 0 0 1.04254
0.0333957 0 0 0 1.05634
0.0335424 0 0 0 1.07032
0.0336897 0 0 0 1.08448
0.0338377 0 0 0 1.09883
0.0339863 0 0 0 1.11337
0.0341355 0 0 0 1.1281
0.0342854 0 0 0 1.14303
0.034436 0 0 0 1.15816
0.0345872 0 0 0 1.17348
0.0347391 0 0 0 1.18901
0.0348917 0 0 0 1.20475
0.0350449 0 0 0 1.22069
0.0351988 0 0 0 1.23684
0.0353534 0 0 0 1.25321
0.0355087 0 0 0 1.26979
0.0356646 0 0 0 1.2866
0.0358212 0 0 0 1.30362
0.0359785 0 0 0 1.32087
0.0361366 0 0 0 1.33835
0.0362952 0 0 0 1.35606
0.0364546 0 0 0 1.37401
0.0366147 0 0 0 1.39219
0.0367755 0 0 0 1.41061
0.036937 0 0 0 1.42928
0.0370993 419.88 3.84747e-07 8 1.44819
0.0372622 0 0 0 1.46735
0.0374258 0 0 0 1.48677
0.0375902 0 0 0 1.50645
0.0377553 0 0 0 1.52638
0.0379211 0 0 0 1.54658
0.0380876 0 0 0 1.56704
0.0382549 0 0 0 1.58778
0.0384229 0 0 0 1.60879
0.0385916 0 0 0 1.63008
0.0387611 0 0 0 1.65165
0.0389313 0 0 0 1.67351
0.0391023 0 0 0 1.69565
0.039274 0 0 0 1.71809
0.0394465 0 0 0 1.74083
0.0396197 0 0 0 1.76386
0.0397937 0 0 0 1.7872
0.0399685 0 0 0 1.81085
0.040144 0 0 0 1.83482
0.0403203 0 0 0 1.8591
0.0404974 0 0 0 1.8837
0.0406752 0 0 0 1.90862
0.0408539 0 0 0 1.93388
0.0410333 0 0 0 1.95947
0.0412135 0 0 0 1.9854
0.0413945 0 0 0 2.01167
0.0415763 0 0 0 2.03829
0.0417589 0 0 0 2.06527
0.0419423 0 0 0 2.09259
0.0421264 0 0 0 2.12029
0.0423115 0 0 0 2.14834
0.0424973 0 0 0 2.17677
0.0426839 0 0 0 2.20558
0.0428714 346.72 2.05885e-07 6 2.23476
0.0430596 0 0 0 2.26434
0.0432487 0 0 0 2.2943
0.0434387 0 0 0 2.32466
0.0436294 0 0 0 2.35542
0.043821 0 0 0 2.38659
0.0440135 0 0 0 2.41817
0.0442068 0 0 0 2.45017
0.0444009 0 0 0 2.48259
0.0445959 0 0 0 2.51545
0.0447918 0 0 0 2.54873
0.0449885 0 0 0 2.58246
0.045186 0 0 0 2.61663
0.0453845 0 0 0 2.65126
0.0455838 0 0 0 2.68634
0.045784 0 0 0 2.72189
0.045985 0 0 0 2.75791
0.046187 0 0 0 2.7944
0.0463898 0 0 0 2.83138
0.0465936 0 0 0 2.86885
0.0467982 0 0 0 2.90681
0.0470037 0 0 0 2.94528
0.0472101 0 0 0 2.98425
0.0474175 0 0 0 3.02374
0.0476257 0 0 0 3.06375
0.0478349 0 0 0 3.1043
0.0480449 348.803 1.47158e-07 24 3.14538
0.0482559 0 0 0 3.187
0.0484678 0 0 0 3.22917
0.0486807 0 0 0 3.2719
0.0488945 0 0 0 3.3152
0.0491092 0 0 0 3.35907
0.0493249 0 0 0 3.40352
0.0495415 0 0 0 3.44856
0.0497591 0 0 0 3.49419
0.0499776 0 0 0 3.54043
0.0501971 0 0 0 3.58728
0.0504175 0 0 0 3.63475
0.0506389 0 0 0 3.68285
0.0508613 0 0 0 3.73158
0.0510847 0 0 0 3.78096
0.051309 0 0 0 3.83099
0.0515344 0 0 0 3.88169
0.0517607 0 0 0 3.93306
0.051988 0 0 0 3.9851
0.0522163 0 0 0 4.03784
0.0524456 543.334 1.76232e-07 24 4.09127
0.052676 0 0 0 4.14541
0.0529073 0 0 0 4.20026
0.0531396 0 0 0 4.25584
0.053373 0 0 0 4.31216
0.0536074 0 0 0 4.36922
0.0538428 0 0 0 4.42704
0.0540793 0 0 0 4.48562
0.0543168 0 0 0 4.54498
0.0545553 0 0 0 4.60512
0.0547949 0 0 0 4.66606
0.0550356 0 0 0 4.72781
0.0552772 0 0 0 4.79037
0.05552 0 0 0 4.85376
0.0557638 0 0 0 4.91799
0.0560087 0 0 0 4.98307
0.0562547 0 0 0 5.04901
0.0565017 0 0 0 5.11582
0.0567499 0 0 0 5.18352
0.0569991 0 0 0 5.25211
0.0572494 0 0 0 5.32161
0.0575008 0 0 0 5.39203
0.0577534 0 0 0 5.46339
0.058007 0 0 0 5.53568
0.0582617 0 0 0 5.60893
0.0585176 0 0 0 5.68316
0.0587746 0 0 0 5.75836
0.0590327 0 0 0 5.83456
0.059292 0 0 0 5.91177
0.0595524 0 0 0 5.99
0.0598139 0 0 0 6.06926
0.0600766 0 0 0 6.14958
0.0603404 0 0 0 6.23095
0.0606054 444.689 9.34691e-08 12 6.31341
0.0608716 0 0 0 6.39695
0.0611389 0 0 0 6.4816
0.0614074 0 0 0 6.56737
0.0616771 0 0 0 6.65428
0.0619479 0 0 0 6.74233
0.06222 0 0 0 6.83155
0.0624932 0 0 0 6.92195
0.0627677 0 0 0 7.01355
0.0630433 0 0 0 7.10636
0.0633202 0 0 0 7.2004
0.0635983 0 0 0 7.29568
0.0638776 0 0 0 7.39222
0.0641581 0 0 0 7.49004
0.0644399 413.393 7.22845e-08 30 7.58916
0.0647229 0 0 0 7.68958
0.0650071 0 0 0 7.79134
0.0652926 0 0 0 7.89444
0.0655793 0 0 0 7.99891
0.0658673 0 0 0 8.10476
0.0661566 0 0 0 8.212
0.0664471 0 0 0 8.32067
0.0667389 0 0 0 8.43078
0.067032 0 0 0 8.54234
0.0673264 0 0 0 8.65538
0.0676221 0 0 0 8.76992
0.0679191 616.772 9.21077e-08 24 8.88597
0.0682173 0 0 0 9.00356
0.0685169 0 0 0 9.1227
0.0688178 0 0 0 9.24342
0.06912 0 0 0 9.36574
0.0694236 0 0 0 9.48967
0.0697285 0 0 0 9.61525
0.0700347 0 0 0 9.74248
0.0703423 0 0 0 9.87141
0.0706512 0 0 0 10.002
0.0709615 0 0 0 10.1344
0.0712731 497.155 6.42482e-08 24 10.2685
0.0715861 0 0 0 10.4044
0.0719005 0 0 0 10.5421
0.0722162 0 0 0 10.6816
0.0725334 0 0 0 10.8229
0.0728519 0 0 0 10.9661
0.0731719 0 0 0 11.1112
0.0734932 0 0 0 11.2583
0.073816 0 0 0 11.4072
0.0741401 392.567 4.50712e-08 8 11.5582
0.0744657 0 0 0 11.7111
0.0747928 0 0 0 11.8661
0.0751212 0 0 0 12.0231
0.0754511 0 0 0 12.1822
0.0757825 0 0 0 12.3435
0.0761153 0 0 0 12.5068
0.0764496 0 0 0 12.6723
0.0767853 0 0 0 12.84
0.0771225 0 0 0 13.0099
0.0774612 193.235 1.94526e-08 24 13.182
0.0778014 0 0 0 13.3565
0.0781431 0 0 0 13.5332
0.0784863 0 0 0 13.7123
0.0788309 0 0 0 13.8938
0.0791771 0 0 0 14.0776
0.0795249 0 0 0 14.2639
0.0798741 0 0 0 14.4527
0.0802249 738.26 6.69003e-08 48 14.6439
0.0805772 0 0 0 14.8377
0.0809311 0 0 0 15.034
0.0812865 0 0 0 15.233
0.0816435 0 0 0 15.4346
0.082002 0 0 0 15.6388
0.0823621 0 0 0 15.8457
0.0827238 0 0 0 16.0554
0.0830871 0 0 0 16.2679
0.083452 0 0 0 16.4832
0.0838185 0 0 0 16.7013
0.0841866 0 0 0 16.9223
0.0845563 0 0 0 17.1462
0.0849277 0 0 0 17.3731
0.0853006 0 0 0 17.603
0.0856753 133.832 9.95728e-09 6 17.8359
0.0860515 0 0 0 18.072
0.0864294 0 0 0 18.3111
0.086809 0 0 0 18.5534
0.0871902 0 0 0 18.7989
0.0875731 0 0 0 19.0477
0.0879577 0 0 0 19.2998
0.088344 632.005 4.2888e-08 48 19.5551
0.088732 0 0 0 19.8139
0.0891217 0 0 0 20.0761
0.089513 0 0 0 20.3418
0.0899062 0 0 0 20.611
0.090301 0 0 0 20.8837
0.0906976 0 0 0 21.16
0.0910959 778.854 4.82065e-08 36 21.4401
0.0914959 0 0 0 21.7238
0.0918977 0 0 0 22.0112
0.0923013 0 0 0 22.3025
0.0927067 0 0 0 22.5976
0.0931138 0 0 0 22.8967
0.0935227 370.176 2.1174e-08 24 23.1997
0.0939335 0 0 0 23.5067
0.094346 0 0 0 23.8177
0.0947603 0 0 0 24.1329
0.0951765 0 0 0 24.4522
0.0955944 0 0 0 24.7758
0.0960143 614.653 3.24914e-08 24 25.1037
0.0964359 0 0 0 25.4359
0.0968594 0 0 0 25.7724
0.0972848 0 0 0 26.1135
0.097712 0 0 0 26.459
0.0981412 739.02 3.65804e-08 48 26.8092
0.0985722 0 0 0 27.1639
0.0990051 0 0 0 27.5234
0.0994399 0 0 0 27.8876
0.0998766 0 0 0 28.2566
0.100315 0 0 0 28.6306
0.100756 912.606 4.17465e-08 24 29.0094
0.101198 0 0 0 29.3933
0.101643 0 0 0 29.7823
0.102089 0 0 0 30.1764
0.102537 0 0 0 30.5757
0.102988 0 0 0 30.9803
0.10344 0 0 0 31.3902
0.103894 0 0 0 31.8056
0.10435 0 0 0 32.2265
0.104809 0 0 0 32.653
0.105269 458.777 1.84012e-08 24 33.0851
0.105731 0 0 0 33.5229
0.106196 0 0 0 33.9665
0.106662 0 0 0 34.4159
0.10713 711.403 2.70722e-08 30 34.8714
0.107601 0 0 0 35.3328
0.108073 0 0 0 35.8004
0.108548 0 0 0 36.2741
0.109025 0 0 0 36.7541
0.109504 898.234 3.20074e-08 72 37.2405
0.109985 0 0 0 37.7333
0.110468 0 0 0 38.2326
0.110953 0 0 0 38.7385
0.11144 1055.23 3.56755e-08 32 39.2511
0.111929 0 0 0 39.7706
0.112421 0 0 0 40.2968
0.112915 0 0 0 40.8301
0.11341 0 0 0 41.3704
0.113909 0 0 0 41.9178
0.114409 0 0 0 42.4725
0.114911 0 0 0 43.0345
0.115416 960.445 2.92295e-08 72 43.604
0.115923 0 0 0 44.181
0.116432 0 0 0 44.7657
0.116943 0 0 0 45.358
0.117457 949.035 2.74028e-08 48 45.9583
0.117973 0 0 0 46.5664
0.118491 0 0 0 47.1826
0.119011 0 0 0 47.807
0.119534 0 0 0 48.4396
0.120059 0 0 0 49.0806
0.120586 0 0 0 49.7301
0.121115 721.988 1.90142e-08 12 50.3882
0.121647 0 0 0 51.0549
0.122182 0 0 0 51.7305
0.122718 0 0 0 52.4151
0.123257 926.717 2.31557e-08 48 53.1087
0.123798 0 0 0 53.8115
0.124342 0 0 0 54.5235
0.124888 1078.97 2.59175e-08 48 55.245
0.125437 0 0 0 55.9761
0.125987 0 0 0 56.7168
0.126541 0 0 0 57.4673
0.127096 1193.51 2.72001e-08 48 58.2278
0.127655 0 0 0 58.9983
0.128215 0 0 0 59.779
0.128778 1087.03 2.38154e-08 30 60.5701
0.129344 0 0 0 61.3716
0.129912 0 0 0 62.1837
0.130482 805.349 1.69619e-08 24 63.0066
0.131055 0 0 0 63.8404
0.131631 0 0 0 64.6851
0.132209 817.344 1.65488e-08 72 65.5411
0.13279 0 0 0 66.4084
0.133373 0 0 0 67.2872
0.133959 0 0 0 68.1776
0.134547 0 0 0 69.0798
0.135138 0 0 0 69.9939
0.135731 940.087 1.75904e-08 24 70.9201
0.136327 0 0 0 71.8586
0.136926 0 0 0 72.8095
0.137527 1257.84 2.26258e-08 96 73.773
0.138131 0 0 0 74.7492
0.138738 660.549 1.15735e-08 48 75.7383
0.139347 0 0 0 76.7406
0.139959 0 0 0 77.7561
0.140574 1089.35 1.83485e-08 24 78.785
0.141191 0 0 0 79.8276
0.141811 0 0 0 80.8839
0.142434 670.283 1.08533e-08 24 81.9542
0.14306 0 0 0 83.0387
0.143688 659.422 1.04004e-08 72 84.1376
0.144319 0 0 0 85.251
0.144953 0 0 0 86.3791
0.145589 797.011 1.20843e-08 48 87.5221
0.146229 0 0 0 88.6803
0.146871 0 0 0 89.8538
0.147516 0 0 0 91.0428
0.148164 0 0 0 92.2476
0.148814 1209.62 1.71736e-08 8 93.4683
0.149468 0 0 0 94.7051
0.150124 677.521 9.36949e-09 54 95.9583
0.150784 0 0 0 97.2281
0.151446 989.414 1.33276e-08 84 98.5147
0.152111 0 0 0 99.8184
0.152779 0 0 0 101.139
0.15345 886.208 1.14758e-08 48 102.478
0.154124 0 0 0 103.834
0.154801 969.275 1.22257e-08 24 105.208
0.15548 0 0 0 106.6
0.156163 1076.83 1.323e-08 72 108.011
0.156849 0 0 0 109.44
0.157538 941.481 1.12669e-08 96 110.888
0.15823 0 0 0 112.355
0.158925 0 0 0 113.842
0.159623 0 0 0 115.349
0.160324 1017.97 1.15581e-08 48 116.875
0.161028 0 0 0 118.422
0.161735 744.832 8.23747e-09 48 119.989
0.162445 0 0 0 121.576
0.163158 989.96 1.06644e-08 24 123.185
0.163875 0 0 0 124.815
0.164595 1017.52 1.06768e-08 72 126.467
0.165318 0 0 0 128.141
0.166044 0 0 0 129.836
0.166773 0 0 0 131.554
0.167505 985.63 9.8124e-09 72 133.295
0.168241 0 0 0 135.059
0.16898 1039.08 1.00761e-08 96 136.846
0.169722 0 0 0 138.657
0.170467 0 0 0 140.492
0.171216 964.009 8.98662e-09 6 142.351
0.171968 0 0 0 144.235
0.172723 968.075 8.79034e-09 96 146.143
0.173481 0 0 0 148.077
0.174243 1035.35 9.15724e-09 96 150.037
0.175008 0 0 0 152.022
0.175777 1500.71 1.29288e-08 24 154.034
0.176549 1193.15 1.01449e-08 48 156.072
0.177324 0 0 0 158.138
0.178103 1273.69 1.05486e-08 96 160.23
0.178885 0 0 0 162.35
0.179671 997.085 8.04351e-09 48 164.499
0.18046 0 0 0 166.676
0.181252 0 0 0 168.881
0.182048 1394.47 1.08142e-08 36 171.116
0.182848 1326.33 1.01514e-08 48 173.38
0.183651 0 0 0 175.675
0.184457 998.796 7.44619e-09 120 177.999
0.185268 0 0 0 180.355
0.186081 1953.11 1.41829e-08 56 182.741
0.186898 1300.44 9.32007e-09 24 185.16
0.187719 0 0 0 187.61
0.188544 1199.19 8.37139e-09 96 190.092
0.189372 1398.74 9.63691e-09 48 192.608
0.190203 0 0 0 195.157
0.191038 0 0 0 197.739
0.191877 1529.31 1.01291e-08 24 200.356
0.19272 1178.46 7.70338e-09 102 203.007
0.193566 0 0 0 205.693
0.194417 1212.43 7.71976e-09 48 208.415
0.19527 1406.2 8.83657e-09 72 211.173
0.196128 0 0 0 213.968
0.196989 1305.49 7.9908e-09 48 216.799
0.197854 1198.69 7.24129e-09 48 219.668
0.198723 1067.69 6.36568e-09 120 222.575
0.199596 0 0 0 225.52
0.200473 0 0 0 228.504
0.201353 1455.3 8.34112e-09 24 231.528
0.202237 1006.77 5.69498e-09 144 234.592
0.203125 1304.98 7.28546e-09 120 237.696
0.204017 0 0 0 240.842
0.204913 1433.02 7.79268e-09 48 244.029
0.205813 0 0 0 247.258
0.206717 1169.55 6.19489e-09 48 250.53
0.207625 1228.57 6.42256e-09 96 253.845
0.208537 0 0 0 257.204
0.209453 0 0 0 260.608
0.210372 1371.02 6.89007e-09 24 264.056
0.211296 1372.14 6.80565e-09 48 267.55
0.212224 1170.52 5.72981e-09 108 271.091
0.213156 1927.9 9.31399e-09 72 274.678
0.214092 1374.64 6.55437e-09 30 278.313
0.215033 0 0 0 281.996
0.215977 1280.29 5.94612e-09 168 285.728
0.216925 1504.64 6.89681e-09 48 289.509
0.217878 0 0 0 293.34
0.218835 1218.7 5.44118e-09 72 297.221
0.219796 1402.08 6.17817e-09 96 301.154
0.220761 1189.12 5.17133e-09 72 305.14
0.221731 1521.64 6.53099e-09 72 309.177
0.222705 1203.34 5.0974e-09 32 313.269
0.223683 1370.6 5.73006e-09 72 317.414
0.224665 1491.23 6.15298e-09 144 321.614
0.225652 0 0 0 325.87
0.226643 0 0 0 330.183
0.227638 1265.24 5.01865e-09 96 334.552
0.228638 1773.39 6.94237e-09 96 338.979
0.229642 1131.24 4.37067e-09 48 343.465
0.23065 1706.09 6.50559e-09 72 348.01
0.231663 1342.26 5.05142e-09 120 352.615
0.23268 1479.06 5.49354e-09 72 357.281
0.233702 0 0 0 362.009
0.234729 1171.91 4.23975e-09 48 366.799
0.23576 1849.99 6.60554e-09 78 371.653
0.236795 1524.06 5.37071e-09 120 376.571
0.237835 1645.19 5.72182e-09 48 381.554
0.238879 0 0 0 386.603
0.239928 1400.19 4.74337e-09 144 391.719
0.240982 1404.1 4.6945e-09 144 396.903
0.24204 0 0 0 402.155
0.243103 1155.61 3.76345e-09 156 407.476
0.244171 955.272 3.07037e-09 48 412.868
0.245243 1813.13 5.75153e-09 120 418.332
0.24632 1791.49 5.60868e-09 48 423.868
0.247402 1494.32 4.61721e-09 48 429.477
0.248488 1509.99 4.6047e-09 168 435.16
0.24958 1250.02 3.76215e-09 48 440.918
0.250676 1518.04 4.50912e-09 96 446.753
0.251777 1432.84 4.20046e-09 96 452.665
0.252882 1646.62 4.76413e-09 72 458.655
0.253993 1551.82 4.4312e-09 48 464.724
0.255108 1841.13 5.18867e-09 144 470.874
0.256229 0 0 0 477.105
0.257354 1562.43 4.28899e-09 30 483.418
0.258484 1325.55 3.5912e-09 96 489.815
0.259619 1582.49 4.23133e-09 248 496.297
0.26076 2045.29 5.39734e-09 24 502.864
0.261905 1517.16 3.95138e-09 168 509.519
0.263055 1492.42 3.83616e-09 120 516.261
0.26421 1442.88 3.6604e-09 72 523.093
0.26537 1774.06 4.44178e-09 144 530.015
0.266536 1586.25 3.91969e-09 192 537.028
0.267706 0 0 0 544.135
0.268882 1566.2 3.7697e-09 72 551.335
0.270063 1671.42 3.97042e-09 96 558.631
0.271249 1610.69 3.77619e-09 24 566.023
0.27244 1729.66 4.00215e-09 300 573.513
0.273637 1641.22 3.74791e-09 24 581.102
0.274838 1372.64 3.09365e-09 96 588.792
0.276045 1386.6 3.0843e-09 216 596.583
0.277258 0 0 0 604.478
0.278475 1505.37 3.2616e-09 126 612.477
0.279698 1785.81 3.81867e-09 144 620.582
0.280927 2136.39 4.50867e-09 144 628.794
0.28216 1737.45 3.61886e-09 168 637.115
0.283399 1556.92 3.20048e-09 144 645.545
0.284644 1720.37 3.49028e-09 24 654.088
0.285894 1826.92 3.65805e-09 144 662.743
0.28715 1917.57 3.78941e-09 192 671.513
0.288411 2178.26 4.24837e-09 120 680.399
0.289677 1878.19 3.61527e-09 144 689.403
0.290949 1843.76 3.50266e-09 48 698.526
0.292227 1779.16 3.33579e-09 336 707.769
0.293511 2033.36 3.76261e-09 48 717.135
0.2948 1772.7 3.23743e-09 192 726.625
0.296094 1626.02 2.93078e-09 48 736.24
0.297395 1982.36 3.52638e-09 56 745.983
0.298701 1986.34 3.48731e-09 240 755.854
0.300012 1799.17 3.11745e-09 150 765.856
0.30133 1875.83 3.20784e-09 240 775.991
0.302653 1782.67 3.00872e-09 84 786.259
0.303982 1660.26 2.76552e-09 144 796.664
0.305317 1961.2 3.22413e-09 168 807.206
0.306658 2239.89 3.6342e-09 144 817.888
0.308005 1692.42 2.71007e-09 240 828.711
0.309358 1635.1 2.58409e-09 24 839.677
0.310716 1950.44 3.04219e-09 336 850.788
0.312081 2333.23 3.59171e-09 144 862.047
0.313451 2048.93 3.11288e-09 168 873.454
0.314828 1808.61 2.71188e-09 96 885.012
0.31621 2129.17 3.15086e-09 216 896.724
0.317599 1826.01 2.66693e-09 96 908.59
0.318994 1787.09 2.57599e-09 336 920.613
0.320395 2051.1 2.91795e-09 48 932.795
0.321802 1967.05 2.76182e-09 246 945.139
0.323215 1943.88 2.69364e-09 168 957.646
0.324635 2258.8 3.08916e-09 360 970.318
0.32606 2097.43 2.83099e-09 24 983.158
0.327492 2125.72 2.83171e-09 360 996.168
0.32893 1740.8 2.28867e-09 120 1009.35
0.330375 1964.49 2.54903e-09 240 1022.71
0.331826 0 0 0 1036.24
0.333283 2135.06 2.69846e-09 276 1049.95
0.334747 2401.74 2.99586e-09 176 1063.85
0.336217 2112.2 2.6003e-09 312 1077.92
0.337693 2140.23 2.60039e-09 240 1092.19
0.339176 2200.32 2.63849e-09 312 1106.64
0.340666 2419.35 2.86325e-09 48 1121.29
0.342162 1953.73 2.282e-09 192 1136.12
0.343665 2409.04 2.77706e-09 198 1151.16
0.345174 2105.45 2.39539e-09 288 1166.39
0.34669 2530.35 2.8412e-09 288 1181.83
0.348212 1832.25 2.03048e-09 96 1197.46
0.349742 2534.66 2.7722e-09 384 1213.31
0.351278 2666.75 2.87858e-09 288 1229.37
0.35282 2100.91 2.23817e-09 192 1245.63
0.35437 2016.06 2.11972e-09 288 1262.12
0.355926 2401.6 2.49211e-09 216 1278.82
0.357489 2328.54 2.38474e-09 240 1295.74
0.359059 2479.44 2.50612e-09 288 1312.89
0.360636 2725.72 2.71907e-09 168 1330.26
0.36222 2560.23 2.52062e-09 336 1347.86
0.36381 2573.77 2.50086e-09 138 1365.7
0.365408 2548.72 2.44418e-09 336 1383.77
0.367013 2354.06 2.22802e-09 432 1402.08
0.368625 2434.74 2.27429e-09 120 1420.64
0.370244 2456.23 2.26439e-09 456 1439.44
0.37187 1914.19 1.74165e-09 152 1458.48
0.373503 2463.3 2.21199e-09 168 1477.78
0.375143 2704.66 2.397e-09 504 1497.34
0.37679 2632.24 2.30235e-09 336 1517.15
0.378445 2897.04 2.50087e-09 48 1537.23
0.380107 2718.87 2.31642e-09 552 1557.57
0.381776 2819.93 2.37114e-09 264 1578.18
0.383453 2689.66 2.23206e-09 264 1599.07
0.385137 2610.03 2.13769e-09 192 1620.23
0.386828 2820.05 2.27954e-09 534 1641.67
0.388527 2746.66 2.19122e-09 336 1663.39
0.390234 3023.83 2.38083e-09 240 1685.4
0.391947 3298.82 2.56343e-09 264 1707.7
0.393669 2888.23 2.21506e-09 324 1730.3
0.395397 3087.13 2.33668e-09 528 1753.2
0.397134 2608.28 1.94845e-09 336 1776.4
0.398878 2821.12 2.07992e-09 336 1799.91
0.40063 2905.2 2.11394e-09 408 1823.72
0.402389 2799.14 2.01017e-09 216 1847.86
0.404156 3222.47 2.28395e-09 432 1872.31
0.405931 3609.14 2.5246e-09 168 1897.09
0.407714 2835.91 1.95782e-09 462 1922.19
0.409504 3069.93 2.0917e-09 536 1947.63
0.411303 3034.74 2.04072e-09 288 1973.4
0.413109 3449.23 2.28915e-09 384 1999.51
0.414923 3557.1 2.32991e-09 456 2025.97
0.416745 2968.93 1.91926e-09 552 2052.78
0.418576 3332.02 2.12584e-09 336 2079.95
0.420414 3268.62 2.05816e-09 120 2107.47
0.42226 3606.42 2.24121e-09 672 2135.36
0.424115 3620.14 2.22035e-09 300 2163.61
0.425977 3869.13 2.34207e-09 528 2192.24
0.427848 3233.89 1.93198e-09 312 2221.25
0.429727 3286.96 1.93804e-09 510 2250.65
0.431614 3119.46 1.81526e-09 576 2280.43
0.43351 3706.06 2.12844e-09 432 2310.61
0.435413 3292.91 1.86647e-09 384 2341.18
0.437326 3459.94 1.93553e-09 456 2372.16
0.439246 3627.14 2.00256e-09 528 2403.55
0.441175 3873.12 2.11044e-09 528 2435.36
0.443113 3551.94 1.91015e-09 408 2467.59
0.445059 3753.97 1.99244e-09 368 2500.24
0.447013 3906.75 2.04644e-09 600 2533.32
0.448976 3886.76 2.00939e-09 480 2566.85
0.450948 3995.98 2.03887e-09 486 2600.81
0.452928 3813.28 1.92024e-09 480 2635.23
0.454918 3997.38 1.98666e-09 636 2670.1
0.456915 4290.13 2.10431e-09 408 2705.44
0.458922 4344.52 2.10315e-09 696 2741.24
0.460937 4292.5 2.05083e-09 504 2777.51
0.462962 4246.59 2.0024e-09 648 2814.27
0.464995 4178.32 1.94448e-09 504 2851.51
0.467037 4516.12 2.07423e-09 504 2889.24
0.469088 4797.91 2.17488e-09 360 2927.47
0.471148 4490.97 2.00916e-09 606 2966.21
0.473217 4423.31 1.95304e-09 672 3005.46
0.475295 4695.75 2.04626e-09 816 3045.23
0.477383 4522.9 1.94519e-09 624 3085.53
0.479479 4365.72 1.85307e-09 672 3126.36
0.481585 4744.76 1.98766e-09 576 3167.73
0.4837 4404.91 1.82119e-09 656 3209.65
0.485824 4436.34 1.81023e-09 540 3252.12
0.487958 5139.61 2.06981e-09 480 3295.16
0.490101 4921.25 1.95598e-09 792 3338.76
0.492253 4807.13 1.88567e-09 582 3382.94
0.494415 5437.56 2.10511e-09 744 3427.71
0.496586 5413.85 2.06856e-09 672 3473.07
0.498767 5987.88 2.25801e-09 624 3519.03
0.500957 5251.55 1.95448e-09 888 3565.59
0.503157 5536.13 2.03348e-09 624 3612.78
0.505367 5439.59 1.97193e-09 744 3660.58
0.507586 5548.71 1.98522e-09 624 3709.02
0.509816 5735.97 2.02541e-09 816 3758.11
0.512054 6520.61 2.2724e-09 744 3807.84
0.514303 5744.52 1.9758e-09 510 3858.22
0.516562 6710.75 2.27798e-09 1020 3909.28
0.51883 6170.42 2.06721e-09 864 3961.01
0.521109 6398.92 2.11576e-09 512 4013.43
0.523397 6407.96 2.09108e-09 1176 4066.54
0.525696 6855.74 2.20798e-09 768 4120.35
0.528005 6167.42 1.96036e-09 528 4174.87
0.530323 6554.08 2.05606e-09 1248 4230.12
0.532652 7097.6 2.19748e-09 504 4286.09
0.534992 7023.38 2.1461e-09 624 4342.81
