snapshot,redshift,mask_name,selected_cells,volume_total,volume_fraction,lambda_mfp_input,lambda_mfp_units,lambda_mfp_cm,GammaHI_source,GammaHI_s_1,sigma_hi_cm2,photon_band_used,c_tilde_cm_s,nH_V,nH2_V,nHI_V,nHII_V,ne_V,gas_density_V_g_cm3,gas_density_squared_V_g2_cm6,C_standard_raw_volume,C_raw_volume_nH,nGamma_V,nGamma_ctilde_sigma_over_Gamma,R_rec,R_ion,R_gamma_c,R_gamma_ctilde,C5,C5_paper_actual,C5_chi_nH2,C5_neHII,C7,C7_paper_actual,C7_chi_nH2,C8,C8_corrected_actual,C8_corrected_chi_nH2,C8_paper_literal_actual,C8_paper_literal_chi_nH2,C13_c,C13_ctilde,C13_c_actual,C13_ctilde_actual,C13_c_chi_nH2,C13_ctilde_chi_nH2,Q6,Q12_c,Q12_ctilde,C7_over_C5,C8_over_C7,C13c_over_C5,C13ctilde_over_C5,nHI_mfp,nHI_mfp_over_nHI_V,recombination_rate,photoionization_rate,ionization_equilibrium_ratio,electron_density_nHII_over_ne,lambda_mfp_nHI_sigma_HI,Gamma_lambda_mfp_over_c,photon_photoionization_rate_ratio,nGamma_V_g0,R_gamma_c_g0,R_gamma_ctilde_g0,nGamma_ctilde_sigma_over_Gamma_g0,C13_c_actual_g0,C13_ctilde_actual_g0,C13_c_chi_nH2_g0,C13_ctilde_chi_nH2_g0,Q12_c_g0,Q12_ctilde_g0,photon_photoionization_rate_ratio_g0
15,4.000000000000003,all-gas,2065905,64000000003.725334,1.0,1104.198876283741,proper pMpc/h,5.025371265570352e+27,redshift_table,7.785328521538248e-12,6.3e-18,0,5995849160.0,2.375040255057223e-05,2.467497779187037e-07,3.674093566738942e-08,2.371366161490483e-05,2.5583048942187548e-05,5.228035904572512e-29,1.2251476655343958e-54,448.2407269459353,437.4363010512781,0.0003531292189889554,1.713357375824219,5.577140760340268e-20,2.860402543593288e-19,2.1066200079110785e-21,4.2132400158221566e-22,427.78934034355865,427.78934034355865,353.46477181903714,427.78934034355865,2194.044887556601,2194.044887556601,1812.8492283564126,1.886195023630626,1.886195023630626,1.558485522566718,1.8906189126107251e+21,1.5621408004370074e+21,16.158630779902353,3.2317261559804704,16.158630779902353,3.2317261559804704,13.351213326024745,2.670242665204949,5.1287974725937735,0.03777240163797751,0.007554480327595501,5.1287974725937735,0.0008596884386131168,0.03777240163797751,0.007554480327595502,3.158575761708299e-11,0.0008596884386131169,5.577140760340268e-20,2.860402543593288e-19,5.1287974725937735,0.9269286732982004,1163.2121069503264,1305041.7113950083,0.007364767636042951,0.0003531292189889554,2.1066200079110785e-21,4.2132400158221566e-22,1.713357375824219,16.158630779902353,3.2317261559804704,13.351213326024745,2.670242665204949,0.03777240163797751,0.007554480327595501,0.007364767636042951
15,4.000000000000003,overdensity_lt_-1,0,0.0,0.0,1104.198876283741,proper pMpc/h,5.025371265570352e+27,redshift_table,7.785328521538248e-12,6.3e-18,0,5995849160.0,,,,,,,,,,,,,,,,,,,,,,,,,,,,,,,,,,,,,,,,,,,,,,,,,,,,,,,,,,,,
15,4.000000000000003,overdensity_lt_-0.492462311558,354124,33406651913.037193,0.5219789361108226,1104.198876283741,proper pMpc/h,5.025371265570352e+27,redshift_table,7.785328521538248e-12,6.3e-18,0,5995849160.0,7.429662821292305e-06,6.094014246279547e-11,5.4011180550667894e-12,7.429657420174215e-06,8.017061983282623e-06,1.6351361631541193e-29,2.9517066952126605e-58,1.103990542911879,1.1039902953128555,0.0003732109602612304,1.8107925289581268,1.4131340594506822e-23,4.2049478442307275e-23,2.226419207985744e-21,4.452838415971489e-22,1.1039988132084155,1.1039988132084155,0.9152118505340585,1.1039988132084155,3.285079287833853,3.285079287833853,2.723321309949583,19.211155372002896,19.211155372002896,15.925992717157808,1.9256213288856897e+22,1.5963345601030315e+22,173.93708310138314,34.78741662027663,173.93708310138314,34.78741662027663,144.1933431423545,28.8386686284709,2.975618495718154,157.5518750748393,31.510375014967863,2.975618495718154,5.848003560568711,157.5518750748393,31.510375014967863,3.158575761708299e-11,5.848003560568795,1.4131340594506822e-23,4.2049478442307275e-23,2.975618495718154,0.926730694569497,0.17099852789808098,1305041.7113950083,52.947605783991726,0.0003732109602612304,2.226419207985744e-21,4.452838415971489e-22,1.8107925289581268,173.93708310138314,34.78741662027663,144.1933431423545,28.8386686284709,157.5518750748393,31.510375014967863,52.947605783991726
15,4.000000000000003,overdensity_lt_0.0150753768844,758178,50754863372.13906,0.793044740143511,1104.198876283741,proper pMpc/h,5.025371265570352e+27,redshift_table,7.785328521538248e-12,6.3e-18,0,5995849160.0,1.059569980894295e-05,1.3916269718321463e-10,1.075531241554124e-11,1.0595689053630558e-05,1.1434761572413013e-05,2.331930057193827e-29,6.740554091800455e-58,1.2395514498558873,1.2395485629191876,0.0003688621559346477,1.789692445565708,3.2275656966431755e-23,8.373364050676691e-23,2.200476075239326e-21,4.400952150478652e-22,1.2396184904921261,1.2396184904921261,1.027761346767641,1.2396184904921261,3.2159769561426264,3.2159769561426264,2.6663500367009396,9.444548397503194,9.444548397503194,7.830426744261041,9.466699677224686e+21,7.848792256919818e+21,84.51418459395589,16.902836918791177,84.51418459395589,16.902836918791177,70.07027794879833,14.014055589759668,2.594327997532442,68.17757660294653,13.635515320589306,2.5943279975324423,2.9367587287787567,68.17757660294654,13.635515320589308,3.158575761708299e-11,2.936758728778731,3.2275656966431755e-23,8.373364050676691e-23,2.594327997532442,0.9266208994854108,0.34051145918134584,1305041.7113950083,26.27947455672246,0.0003688621559346477,2.200476075239326e-21,4.400952150478652e-22,1.789692445565708,84.51418459395589,16.902836918791177,70.07027794879833,14.014055589759668,68.17757660294653,13.635515320589306,26.27947455672246
15,4.000000000000003,overdensity_lt_0.522613065327,979192,56285128663.19297,0.8794551353111986,1104.198876283741,proper pMpc/h,5.025371265570352e+27,redshift_table,7.785328521538248e-12,6.3e-18,0,5995849160.0,1.2413547819710842e-05,2.098250029302515e-10,1.632665501749959e-11,1.241353149305598e-05,1.3398192536777452e-05,2.732015167875714e-29,1.0163290094498651e-57,1.3616582121531986,1.361649699981934,0.0003619760081611079,1.756281355674619,4.867366259933611e-23,1.2710837296905637e-22,2.1593962214716175e-21,4.318792442943235e-22,1.3618263572176843,1.3618263572176843,1.1292202680773498,1.3618263572176843,3.5563284800901305,3.5563284800901305,2.9488915223106984,6.8801189991737814,6.8801189991737814,5.704963617038588,6.896255656433978e+21,5.718344060397358e+21,60.41712361535816,12.083424723071632,60.41712361535816,12.083424723071632,50.09760617703454,10.01952123540691,2.611440483026031,44.36477770836729,8.87295554167346,2.6114404830260316,1.9346129126405707,44.36477770836729,8.87295554167346,3.158575761708299e-11,1.9346129126405904,4.867366259933611e-23,1.2710837296905637e-22,2.611440483026031,0.9265079195556699,0.5168992688232814,1305041.7113950083,16.988622944590023,0.0003619760081611079,2.1593962214716175e-21,4.318792442943235e-22,1.756281355674619,60.41712361535816,12.083424723071632,50.09760617703454,10.01952123540691,44.36477770836729,8.87295554167346,16.988622944590023
15,4.000000000000003,overdensity_lt_1.03015075377,1123514,58849209521.17091,0.9195188987147719,1104.198876283741,proper pMpc/h,5.025371265570352e+27,redshift_table,7.785328521538248e-12,6.3e-18,0,5995849160.0,1.36743161773228e-05,2.7569215761148885e-10,2.0970848174619683e-11,1.3674295206474598e-05,1.4760560188217337e-05,3.009498069468844e-29,1.3353836149579131e-57,1.4744087685344058,1.4743927185393892,0.0003582091232196798,1.7380047029616106,6.396515664480871e-23,1.6326494241471847e-22,2.1369245743849474e-21,4.273849148769894e-22,1.4747043092408092,1.4747043092408092,1.2229500336870094,1.4747043092408092,3.7640416557391188,3.7640416557391188,3.121462954194016,5.669303711934059,5.669303711934059,4.701468031283476,5.682600518415812e+21,4.712494872279933e+21,49.26638256929556,9.85327651385911,49.26638256929556,9.85327651385911,40.85586774597173,8.171173549194345,2.5524043241433807,33.407634507190345,6.681526901438068,2.5524043241433807,1.5061745406802138,33.407634507190345,6.681526901438067,3.158575761708299e-11,1.5061745406802467,6.396515664480871e-23,1.6326494241471847e-22,2.5524043241433807,0.9264076045968869,0.663933676337645,1305041.7113950083,13.088692175916279,0.0003582091232196798,2.1369245743849474e-21,4.273849148769894e-22,1.7380047029616106,49.26638256929556,9.85327651385911,40.85586774597173,8.171173549194345,33.407634507190345,6.681526901438068,13.088692175916279
15,4.000000000000003,overdensity_lt_1.53768844221,1226325,60270021204.244385,0.9417190812615026,1104.198876283741,proper pMpc/h,5.025371265570352e+27,redshift_table,7.785328521538248e-12,6.3e-18,0,5995849160.0,1.4612123954769018e-05,3.3683539694290747e-10,2.456201526189552e-11,1.4612099392753822e-05,1.5774285265170455e-05,3.215902436091555e-29,1.6315613587995167e-57,1.5776028486072504,1.577578680199513,0.00035639317589030524,1.7291938581388562,7.816455187722229e-23,1.9122335796489683e-22,2.1260913983925275e-21,4.2521827967850545e-22,1.5780356389277,1.5780356389277,1.3087588379738444,1.5780356389277,3.860538653608919,3.860538653608919,3.201774381777323,4.964496474906043,4.964496474906043,4.117352281117249,4.976140223814257e+21,4.1270091348123457e+21,42.92288406579766,8.584576813159531,42.92288406579766,8.584576813159531,35.59850138150978,7.119700276301955,2.4464204472797686,27.200199416893042,5.440039883378607,2.4464204472797686,1.2859595306124234,27.200199416893042,5.440039883378607,3.158575761708299e-11,1.2859595306124498,7.816455187722229e-23,1.9122335796489683e-22,2.4464204472797686,0.9263240233785593,0.7776294480462701,1305041.7113950083,11.118366610750646,0.00035639317589030524,2.1260913983925275e-21,4.2521827967850545e-22,1.7291938581388562,42.92288406579766,8.584576813159531,35.59850138150978,7.119700276301955,27.200199416893042,5.440039883378607,11.118366610750646
15,4.000000000000003,overdensity_lt_2.04522613065,1303276,61141473687.93195,0.9553355263183283,1104.198876283741,proper pMpc/h,5.025371265570352e+27,redshift_table,7.785328521538248e-12,6.3e-18,0,5995849160.0,1.533793706811291e-05,3.934194744246832e-10,2.7530869972240144e-11,1.53379095372431e-05,1.6559080687735138e-05,3.3756499535996527e-29,1.905659615431663e-57,1.6723628843436689,1.6723298851454906,0.00035536671406945333,1.7242135397817575,9.130884455119254e-23,2.1433686721764634e-22,2.1199679600224185e-21,4.239935920044837e-22,1.6729375364999355,1.6729375364999355,1.3875716707562884,1.6729375364999355,3.927025825227354,3.927025825227354,3.257162725163123,4.505418317573103,4.505418317573103,3.736894346605593,4.515985342825605e+21,3.7456588728145124e+21,38.84151632770145,7.768303265540291,38.84151632770145,7.768303265540291,32.216019145756334,6.443203829151267,2.3473834136350047,23.217553244076516,4.643510648815304,2.3473834136350047,1.1472851257127301,23.217553244076512,4.643510648815304,3.158575761708299e-11,1.147285125712753,9.130884455119254e-23,2.1433686721764634e-22,2.3473834136350047,0.9262536868126667,0.8716229101102904,1305041.7113950083,9.890822738720527,0.00035536671406945333,2.1199679600224185e-21,4.239935920044837e-22,1.7242135397817575,38.84151632770145,7.768303265540291,32.216019145756334,6.443203829151267,23.217553244076516,4.643510648815304,9.890822738720527
15,4.000000000000003,overdensity_lt_2.5527638191,1363989,61724349008.675934,0.9644429532044229,1104.198876283741,proper pMpc/h,5.025371265570352e+27,redshift_table,7.785328521538248e-12,6.3e-18,0,5995849160.0,1.5925896354258572e-05,4.4668303825236134e-10,3.0128345051175007e-11,1.5925866225913272e-05,1.7194920413899223e-05,3.505057961833135e-29,2.163678141807023e-57,1.7611739353608478,1.761131120458525,0.0003546980112003349,1.7209690419281978,1.036838564726002e-22,2.345590640336616e-22,2.115978760693443e-21,4.2319575213868864e-22,1.7618834726611177,1.7618834726611177,1.461436172856978,1.7618834726611177,3.985825299553552,3.985825299553552,3.306137642949814,4.178633496194113,4.178633496194113,3.4660669897914906,4.1884340790840546e+21,3.4741963164880003e+21,35.956494422571296,7.191298884514259,35.956494422571296,7.191298884514259,29.824969933402073,5.964993986680415,2.2622525050044495,20.407986669097497,4.0815973338194995,2.2622525050044495,1.048373469018363,20.4079866690975,4.0815973338194995,3.158575761708299e-11,1.0483734690183768,1.036838564726002e-22,2.345590640336616e-22,2.2622525050044495,0.9261959836138507,0.9538585528459906,1305041.7113950083,9.021091422797367,0.0003546980112003349,2.115978760693443e-21,4.2319575213868864e-22,1.7209690419281978,35.956494422571296,7.191298884514259,29.824969933402073,5.964993986680415,20.407986669097497,4.0815973338194995,9.021091422797367
15,4.000000000000003,overdensity_lt_3.06030150754,1413296,62134341093.625114,0.9708490795313809,1104.198876283741,proper pMpc/h,5.025371265570352e+27,redshift_table,7.785328521538248e-12,6.3e-18,0,5995849160.0,1.6412552877744073e-05,4.968817003136124e-10,3.2465355034735194e-11,1.6412520412388985e-05,1.772128143725821e-05,3.6121702097814876e-29,2.4068527811487455e-57,1.8446463361701428,1.84459372018905,0.0003542179828863581,1.7186399793411047,1.153485316289629e-22,2.5275345451379124e-22,2.1131151141974593e-21,4.226230228394918e-22,1.8454867918258107,1.8454867918258107,1.5308628154823425,1.8454867918258107,4.043858689020586,4.043858689020586,3.3544498532889517,3.9342967373213584,3.9342967373213584,3.263566342991875,3.943524251848024e+21,3.2712207239014347e+21,33.808198316758784,6.7616396633517555,33.808198316758784,6.7616396633517555,28.04447796148941,5.608895592297881,2.191215188822805,18.31939327146906,3.663878654293812,2.1912151888228046,0.9729065825181535,18.319393271469064,3.663878654293812,3.158575761708299e-11,0.972906582518161,1.153485316289629e-22,2.5275345451379124e-22,2.191215188822805,0.9261474950610731,1.0278479126040174,1305041.7113950083,8.360380744399121,0.0003542179828863581,2.1131151141974593e-21,4.226230228394918e-22,1.7186399793411047,33.808198316758784,6.7616396633517555,28.04447796148941,5.608895592297881,18.31939327146906,3.663878654293812,8.360380744399121
15,4.000000000000003,overdensity_lt_3.56783919598,1454747,62439400158.94626,0.9756156274267463,1104.198876283741,proper pMpc/h,5.025371265570352e+27,redshift_table,7.785328521538248e-12,6.3e-18,0,5995849160.0,1.6829266834468374e-05,5.450499912564275e-10,3.4652106320587015e-11,1.6829232182362062e-05,1.8172039018860366e-05,3.703888832729003e-29,2.640194891625021e-57,1.9245096785817573,1.9244469524890644,0.0003538409984307328,1.7168108780861422,1.265426508231058e-22,2.697780316690446e-22,2.110866183907393e-21,4.2217323678147853e-22,1.9254765684832318,1.9254765684832318,1.597287215026251,1.9254765684832318,4.104950191034124,4.104950191034124,3.405278758402857,3.741705065910251,3.741705065910251,3.103947231560116,3.7504808751985187e+21,3.1112272411988213e+21,32.11899979872373,6.423799959744744,32.11899979872373,6.423799959744744,26.64445186073887,5.3288903721477725,2.1319138639364192,16.681065002014037,3.3362130004028074,2.1319138639364192,0.91151046706553,16.68106500201404,3.336213000402807,3.158575761708299e-11,0.9115104670655391,1.265426508231058e-22,2.697780316690446e-22,2.1319138639364192,0.9261058797471966,1.0970801061882907,1305041.7113950083,7.824455426737411,0.0003538409984307328,2.110866183907393e-21,4.2217323678147853e-22,1.7168108780861422,32.11899979872373,6.423799959744744,26.64445186073887,5.3288903721477725,16.681065002014037,3.3362130004028074,7.824455426737411
15,4.000000000000003,overdensity_lt_4.07537688442,1490288,62672839077.31028,0.9792631105259718,1104.198876283741,proper pMpc/h,5.025371265570352e+27,redshift_table,7.785328521538248e-12,6.3e-18,0,5995849160.0,1.7190172402638772e-05,5.912365042806699e-10,3.673049121765322e-11,1.7190135672147694e-05,1.8562474819072606e-05,3.7833246243979194e-29,2.863939899827783e-57,2.000859924703688,2.0007866268057772,0.0003535318971914866,1.7153111412768935,1.3727759926008638e-22,2.8595894088690733e-22,2.109022216260279e-21,4.218044432520558e-22,2.001952489780207,2.001952489780207,1.6607937100095624,2.001952489780207,4.170208517405966,4.170208517405966,3.4595506689054925,3.586099479665355,3.586099479665355,2.974981419239708,3.594510331020001e+21,2.9819589519718435e+21,30.75638195598627,6.151276391197254,30.75638195598627,6.151276391197254,25.51509386756808,5.103018773513616,2.083070671604105,15.363192739585442,3.0726385479170886,2.083070671604105,0.859932894170014,15.363192739585442,3.0726385479170886,3.158575761708299e-11,0.8599328941700187,1.3727759926008638e-22,2.8595894088690733e-22,2.083070671604105,0.9260691712553943,1.1628814373535157,1305041.7113950083,7.375262370601544,0.0003535318971914866,2.109022216260279e-21,4.218044432520558e-22,1.7153111412768935,30.75638195598627,6.151276391197254,25.51509386756808,5.103018773513616,15.363192739585442,3.0726385479170886,7.375262370601544
15,4.000000000000003,overdensity_lt_4.58291457286,1521142,62856035173.27078,0.982125549525188,1104.198876283741,proper pMpc/h,5.025371265570352e+27,redshift_table,7.785328521538248e-12,6.3e-18,0,5995849160.0,1.7506433737019657e-05,6.35600981802823e-10,3.873519028921041e-11,1.750639500182966e-05,1.8904587308806725e-05,3.852934226644964e-29,3.078858928404322e-57,2.0739897215176626,2.0739065861956036,0.00035327278867115986,1.7140539655163838,1.4758852402201671e-22,3.015661817458044e-22,2.1074764840925945e-21,4.214952968185189e-22,2.0751903446373845,2.0751903446373845,1.7216057377826535,2.0751903446373845,4.240216051857123,4.240216051857123,3.517740097037181,3.457590771028902,3.457590771028902,2.8684636692196332,3.465700217569698e+21,2.875191374815871e+21,29.632485861074702,5.92649717221494,29.632485861074702,5.92649717221494,24.583507635827942,4.916701527165589,2.043290179531966,14.279406194062954,2.8558812388125907,2.0432901795319656,0.8154279708258149,14.279406194062952,2.8558812388125907,3.158575761708299e-11,0.8154279708258235,1.4758852402201671e-22,3.015661817458044e-22,2.043290179531966,0.9260395223583794,1.2263498871485257,1305041.7113950083,6.98843773493483,0.00035327278867115986,2.1074764840925945e-21,4.214952968185189e-22,1.7140539655163838,29.632485861074702,5.92649717221494,24.583507635827942,4.916701527165589,14.279406194062954,2.8558812388125907,6.98843773493483
15,4.000000000000003,overdensity_lt_5.09045226131,1548320,63003524863.27372,0.9844300759313498,1104.198876283741,proper pMpc/h,5.025371265570352e+27,redshift_table,7.785328521538248e-12,6.3e-18,0,5995849160.0,1.7787928655623965e-05,6.785632509840463e-10,4.0684643067441464e-11,1.7787887970981258e-05,1.920910572772761e-05,3.914891877804997e-29,3.286986479785978e-57,2.1446596128604503,2.1445667981270526,0.00035304849613945055,1.712965714409192,1.5757411742592538e-22,3.1674331206155835e-22,2.106138449431298e-21,4.2122768988625956e-22,2.1459649469911297,2.1459649469911297,1.7803713869615836,2.1459649469911297,4.313652876383769,4.313652876383769,3.578764958470657,3.3489293238196196,3.3489293238196196,2.778394844447429,3.356783915388979e+21,2.784911302279587e+21,28.68300555841284,5.7366011116825675,28.68300555841284,5.7366011116825675,23.796475548148532,4.759295109629706,2.010122710732982,13.36601774350017,2.673203548700034,2.0101227107329818,0.7763557754390059,13.36601774350017,2.6732035487000334,3.158575761708299e-11,0.7763557754390132,1.5757411742592538e-22,3.1674331206155835e-22,2.010122710732982,0.9260133305063296,1.28806924819297,1305041.7113950083,6.649354127552896,0.00035304849613945055,2.106138449431298e-21,4.2122768988625956e-22,1.712965714409192,28.68300555841284,5.7366011116825675,23.796475548148532,4.759295109629706,13.36601774350017,2.673203548700034,6.649354127552896
15,4.000000000000003,overdensity_lt_5.59798994975,1572369,63123658441.4495,0.9863071630902371,1104.198876283741,proper pMpc/h,5.025371265570352e+27,redshift_table,7.785328521538248e-12,6.3e-18,0,5995849160.0,1.803912905797245e-05,7.199898285217533e-10,4.259818287920086e-11,1.803908645978991e-05,1.9480842171582068e-05,3.970181904499671e-29,3.487676461536943e-57,2.2126635372429124,2.212560881724379,0.000352851024947361,1.7120075984978325,1.6720260275215725e-22,3.3164084813514786e-22,2.1049604195717667e-21,4.209920839143534e-22,2.214063327547416,2.214063327547416,1.8369121328256672,2.214063327547416,4.391521589297025,4.391521589297025,3.6434546331976154,3.2562313017687057,3.2562313017687057,2.7015536146075094,3.2638684790446914e+21,2.7078898487270357e+21,27.87346365547256,5.574692731094513,27.87346365547256,5.574692731094513,23.1254015797867,4.625080315957341,1.9834670195100719,12.589280220068874,2.517856044013775,1.9834670195100719,0.7414813375174476,12.589280220068874,2.5178560440137754,3.158575761708299e-11,0.7414813375174546,1.6720260275215725e-22,3.3164084813514786e-22,1.9834670195100719,0.9259910994045557,1.3486516105018755,1305041.7113950083,6.34710841987103,0.000352851024947361,2.1049604195717667e-21,4.209920839143534e-22,1.7120075984978325,27.87346365547256,5.574692731094513,23.1254015797867,4.625080315957341,12.589280220068874,2.517856044013775,6.34710841987103
15,4.000000000000003,overdensity_lt_6.10552763819,1593814,63222796010.90837,0.9878561876129418,1104.198876283741,proper pMpc/h,5.025371265570352e+27,redshift_table,7.785328521538248e-12,6.3e-18,0,5995849160.0,1.8264510887554687e-05,7.599159022065633e-10,4.4490117891282835e-11,1.8264466397437106e-05,1.972467700977454e-05,4.0197895590582736e-29,3.681100162749683e-57,2.2780906370550396,2.277977549755589,0.00035267792955829115,1.7111677522159723,1.7648339694798681e-22,3.46370183745607e-22,2.103927805473914e-21,4.207855610947828e-22,2.2795873501946646,2.2795873501946646,1.8913166322906214,2.2795873501946646,4.473968106947719,4.473968106947719,3.711939484260352,3.176293498657981,3.176293498657981,2.6352913050405413,3.183743189506612e+21,2.641472127287267e+21,27.175855032383918,5.435171006476784,27.175855032383918,5.435171006476784,22.547127494402595,4.509425498880519,1.9626219221499301,11.921392277450233,2.3842784554900467,1.9626219221499304,0.7099499644902358,11.921392277450234,2.384278455490047,3.158575761708299e-11,0.7099499644902434,1.7648339694798681e-22,3.46370183745607e-22,1.9626219221499301,0.925970366378429,1.4085499683319482,1305041.7113950083,6.074217424612831,0.00035267792955829115,2.103927805473914e-21,4.207855610947828e-22,1.7111677522159723,27.175855032383918,5.435171006476784,22.547127494402595,4.509425498880519,11.921392277450233,2.3842784554900467,6.074217424612831
15,4.000000000000003,overdensity_lt_6.61306532663,1612947,63305226429.89861,0.9891441629095894,1104.198876283741,proper pMpc/h,5.025371265570352e+27,redshift_table,7.785328521538248e-12,6.3e-18,0,5995849160.0,1.8467006395793567e-05,7.982641665597896e-10,4.636440117471284e-11,1.8466960031392815e-05,1.9943731222610482e-05,4.0643600162890936e-29,3.8668817395488554e-57,2.3408659783182197,2.340742472211198,0.0003525229948075606,1.7104160200350564,1.8539674837808437e-22,3.609620948495375e-22,2.103003530086156e-21,4.2060070601723123e-22,2.3424458706199274,2.3424458706199274,1.9435046951138044,2.3424458706199274,4.560674207760634,4.560674207760634,3.783947303474488,3.1069602204929136,3.1069602204929136,2.577814860866664,3.1142472968073175e+21,2.583860877642688e+21,26.57097267371365,5.3141945347427315,26.57097267371365,5.3141945347427315,22.045679173553907,4.409135834710782,1.9469710122068495,11.343260054364311,2.2686520108728625,1.9469710122068493,0.6812502009474783,11.34326005436431,2.2686520108728625,3.158575761708299e-11,0.6812502009474862,1.8539674837808437e-22,3.609620948495375e-22,1.9469710122068495,0.925953114052027,1.4678894752753027,1305041.7113950083,5.826106286763341,0.0003525229948075606,2.103003530086156e-21,4.2060070601723123e-22,1.7104160200350564,26.57097267371365,5.3141945347427315,22.045679173553907,4.409135834710782,11.343260054364311,2.2686520108728625,5.826106286763341
15,4.000000000000003,overdensity_lt_7.12060301508,1630055,63374107927.61853,0.9902204363114004,1104.198876283741,proper pMpc/h,5.025371265570352e+27,redshift_table,7.785328521538248e-12,6.3e-18,0,5995849160.0,1.8648781179965067e-05,8.348941089670589e-10,4.821621388520269e-11,1.8648732963751615e-05,2.0140439791927496e-05,4.104369887399629e-29,4.044340287705743e-57,2.4007929348244152,2.4006590836809223,0.0003523848509420704,1.709745756012328,1.93913554459011e-22,3.7537906516106254e-22,2.1021794220391213e-21,4.2043588440782427e-22,2.4024765656104226,2.4024765656104226,1.9933508302699903,2.4024765656104226,4.650729082792556,4.650729082792556,3.8587409389318514,3.046626636872541,3.046626636872541,2.5278064406798983,3.053772206570522e+21,2.5337351675170747e+21,26.044784812734694,5.208956962546939,26.044784812734694,5.208956962546939,21.60953166986542,4.321906333973084,1.935806221531612,10.840807017868755,2.168161403573751,1.935806221531612,0.6550858118450489,10.840807017868755,2.168161403573751,3.158575761708299e-11,0.6550858118450587,1.93913554459011e-22,3.7537906516106254e-22,1.935806221531612,0.9259347440479541,1.5265175674977385,1305041.7113950083,5.600150933129813,0.0003523848509420704,2.1021794220391213e-21,4.2043588440782427e-22,1.709745756012328,26.044784812734694,5.208956962546939,21.60953166986542,4.321906333973084,10.840807017868755,2.168161403573751,5.600150933129813
15,4.000000000000003,overdensity_lt_7.62814070352,1645547,63432493193.28524,0.9911327060873897,1104.198876283741,proper pMpc/h,5.025371265570352e+27,redshift_table,7.785328521538248e-12,6.3e-18,0,5995849160.0,1.8813680610885624e-05,8.701495076972478e-10,5.008961698742516e-11,1.8813630521269088e-05,2.031887365489742e-05,4.1406658443243305e-29,4.215143920550665e-57,2.458510343206282,2.4583648904847903,0.00035225988958240123,1.7091394525523786,2.0211030128214066e-22,3.8996412376513526e-22,2.1014339552628277e-21,4.202867910525655e-22,2.4602853572437655,2.4602853572437655,2.0413496371462814,2.4602853572437655,4.747026833681419,4.747026833681419,3.9387063276738044,2.9934035831834955,2.9934035831834955,2.4836888535603188,3.0004243233289897e+21,2.489514106840921e+21,25.58072080715284,5.116144161430568,25.58072080715284,5.116144161430568,21.22485303742264,4.244970607484528,1.9294618893311906,10.397460900962594,2.079492180192519,1.9294618893311906,0.6305849299069684,10.397460900962594,2.079492180192519,3.158575761708299e-11,0.6305849299069805,2.0211030128214066e-22,3.8996412376513526e-22,1.9294618893311906,0.9259189677934965,1.585829208045795,1305041.7113950083,5.38878790944488,0.00035225988958240123,2.1014339552628277e-21,4.202867910525655e-22,1.7091394525523786,25.58072080715284,5.116144161430568,21.22485303742264,4.244970607484528,10.397460900962594,2.079492180192519,5.38878790944488
15,4.000000000000003,overdensity_lt_8.13567839196,1659826,63483314359.10487,0.9919267868032753,1104.198876283741,proper pMpc/h,5.025371265570352e+27,redshift_table,7.785328521538248e-12,6.3e-18,0,5995849160.0,1.896660765777257e-05,9.04713666229671e-10,5.199142126690548e-11,1.8966555666351657e-05,2.0484382045448394e-05,4.174326883862648e-29,4.382601707495052e-57,2.515122219053164,2.5149643291024146,0.0003521452568738986,1.7085832629592714,2.1014769348528341e-22,4.047702948645558e-22,2.1007501048638604e-21,4.2015002097277207e-22,2.5169962212424197,2.5169962212424197,2.088438963391031,2.5169962212424197,4.848044181444293,4.848044181444293,4.022590212619268,2.945277214983139,2.945277214983139,2.443798541231972,2.952185079361671e+21,2.449530235622369e+21,25.161256771477444,5.0322513542954885,25.161256771477444,5.0322513542954885,20.877166427966152,4.175433285593231,1.9261229478728576,9.996541337299881,1.999308267459976,1.9261229478728576,0.6075186414876492,9.996541337299881,1.999308267459976,3.158575761708299e-11,0.6075186414876588,2.1014769348528341e-22,4.047702948645558e-22,1.9261229478728576,0.9259032380996821,1.6460400252924818,1305041.7113950083,5.189980913907759,0.0003521452568738986,2.1007501048638604e-21,4.2015002097277207e-22,1.7085832629592714,25.161256771477444,5.0322513542954885,20.877166427966152,4.175433285593231,9.996541337299881,1.999308267459976,5.189980913907759
15,4.000000000000003,overdensity_lt_8.6432160804,1672758,63526952600.53155,0.9926086343255274,1104.198876283741,proper pMpc/h,5.025371265570352e+27,redshift_table,7.785328521538248e-12,6.3e-18,0,5995849160.0,1.910596331222589e-05,9.379044802750081e-10,5.387253946488116e-11,1.9105909439686804e-05,2.0635172991975672e-05,4.205000610764604e-29,4.5434051095940795e-57,2.569504222372918,2.5693349913110484,0.00035204331170473946,1.7080886323874698,2.1786438500252757e-22,4.1941541802364043e-22,2.1001419429743528e-21,4.200283885948706e-22,2.5714594753516025,2.5714594753516025,2.133658165038229,2.5714594753516025,4.9503719975751475,4.9503719975751475,4.107551269560099,2.902429541709857,2.902429541709857,2.408279247438128,2.9092369109925783e+21,2.41392763474181e+21,24.788034532500898,4.957606906500181,24.788034532500898,4.957606906500181,20.56777203081858,4.1135544061637175,1.9251215292429489,9.639675355611647,1.9279350711223298,1.9251215292429487,0.5863053409181292,9.639675355611647,1.92793507112233,3.158575761708299e-11,0.5863053409181379,2.1786438500252757e-22,4.1941541802364043e-22,1.9251215292429489,0.9258904418740009,1.705595924529747,1305041.7113950083,5.007307439651582,0.00035204331170473946,2.1001419429743528e-21,4.200283885948706e-22,1.7080886323874698,24.788034532500898,4.957606906500181,20.56777203081858,4.1135544061637175,9.639675355611647,1.9279350711223298,5.007307439651582
15,4.000000000000003,overdensity_lt_9.15075376884,1684577,63564754049.34145,0.9931992819631478,1104.198876283741,proper pMpc/h,5.025371265570352e+27,redshift_table,7.785328521538248e-12,6.3e-18,0,5995849160.0,1.923366107216316e-05,9.698709588492936e-10,5.573507996020578e-11,1.9233605337083563e-05,2.07733965483751e-05,4.233109020809306e-29,4.6982843182254693e-57,2.621925742566112,2.621742520434714,0.000351951216820931,1.7076417946862432,2.2529882667305337e-22,4.339159076644104e-22,2.0995925437334387e-21,4.199185087466877e-22,2.6239768010667412,2.6239768010667412,2.177266010340394,2.6239768010667412,5.053667132397057,5.053667132397057,4.193321248293556,2.8639755291511184,2.8639755291511184,2.3764068994559566,2.8706927082465746e+21,2.3819805332334964e+21,24.453221562685496,4.890644312537098,24.453221562685496,4.890644312537098,20.2902587134587,4.05805174269174,1.9259572456366834,9.31914548663097,1.863829097326194,1.9259572456366836,0.566712340587552,9.31914548663097,1.863829097326194,3.158575761708299e-11,0.5667123405875594,2.2529882667305337e-22,4.339159076644104e-22,1.9259572456366834,0.9258767718747477,1.7645636566925897,1305041.7113950083,4.8387083917588445,0.000351951216820931,2.0995925437334387e-21,4.199185087466877e-22,1.7076417946862432,24.453221562685496,4.890644312537098,20.2902587134587,4.05805174269174,9.31914548663097,1.863829097326194,4.8387083917588445
15,4.000000000000003,overdensity_lt_9.65829145729,1695422,63597626852.29556,0.9937129195092758,1104.198876283741,proper pMpc/h,5.025371265570352e+27,redshift_table,7.785328521538248e-12,6.3e-18,0,5995849160.0,1.9350778928616966e-05,1.0006091594668131e-09,5.7554113505737354e-11,1.935072137450393e-05,2.0900176040881606e-05,4.2588886431310583e-29,4.847212828126037e-57,2.6723880393510115,2.6721914571640055,0.0003518688236608991,1.7072420290456023,2.324480847711819e-22,4.480776814080718e-22,2.099101020885414e-21,4.198202041770828e-22,2.6745341112514094,2.6745341112514094,2.2192465318002483,2.6745341112514094,5.1555556785766345,5.1555556785766345,4.277922278520067,2.829374342264214,2.829374342264214,2.347728215474693,2.8360103676043854e+21,2.353234586157781e+21,24.152133965083614,4.8304267930167235,24.152133965083614,4.8304267930167235,20.040701411173128,4.008140282234626,1.9276462606656977,9.030407899259462,1.8060815798518925,1.9276462606656977,0.5488010446713589,9.030407899259462,1.8060815798518928,3.158575761708299e-11,0.5488010446713653,2.324480847711819e-22,4.480776814080718e-22,1.9276462606656977,0.9258640375398333,1.8221539658307742,1305041.7113950083,4.6846810452353855,0.0003518688236608991,2.099101020885414e-21,4.198202041770828e-22,1.7072420290456023,24.152133965083614,4.8304267930167235,20.040701411173128,4.008140282234626,9.030407899259462,1.8060815798518925,4.6846810452353855
15,4.000000000000003,overdensity_lt_10.1658291457,1705569,63627062644.47605,0.9941728537620691,1104.198876283741,proper pMpc/h,5.025371265570352e+27,redshift_table,7.785328521538248e-12,6.3e-18,0,5995849160.0,1.9461110047128052e-05,1.0309075730166173e-09,5.932958246791333e-11,1.9461050717546132e-05,2.101960252902744e-05,4.2831743165975087e-29,4.9940098311716407e-57,2.7221866112244784,2.7219773873525632,0.0003517945983630613,1.706881893280323,2.3949473583005405e-22,4.6190029055840605e-22,2.098658224058898e-21,4.1973164481177966e-22,2.724422516521842,2.724422516521842,2.2606703348675423,2.724422516521842,5.254443475025997,5.254443475025997,4.360030214914855,2.7973495027474753,2.7973495027474753,2.321183663241461,2.80391041690728e+21,2.3266277762308139e+21,23.8737260770819,4.774745215416381,23.8737260770819,4.774745215416381,19.8099318288247,3.96198636576494,1.9286448570885142,8.762857424758222,1.7525714849516445,1.928644857088514,0.5323778847451841,8.762857424758222,1.7525714849516447,3.158575761708299e-11,0.5323778847451897,2.3949473583005405e-22,4.6190029055840605e-22,1.9286448570885142,0.925852460372217,1.8783650272749906,1305041.7113950083,4.543530859272167,0.0003517945983630613,2.098658224058898e-21,4.1973164481177966e-22,1.706881893280323,23.8737260770819,4.774745215416381,19.8099318288247,3.96198636576494,8.762857424758222,1.7525714849516445,4.543530859272167
15,4.000000000000003,overdensity_lt_10.6733668342,1714882,63652947379.99295,0.9945773027544972,1104.198876283741,proper pMpc/h,5.025371265570352e+27,redshift_table,7.785328521538248e-12,6.3e-18,0,5995849160.0,1.956293674666984e-05,1.060108041629378e-09,6.103882538595278e-11,1.956287570784492e-05,2.1129830545426142e-05,4.305588209660392e-29,5.13548949709988e-57,2.770236601435602,2.7700144047553525,0.0003517285040033184,1.7065612082373518,2.4628648096017006e-22,4.752073081984554e-22,2.0982639329802867e-21,4.1965278659605734e-22,2.772561169507807,2.772561169507807,2.300641515296201,2.772561169507807,5.34962911906822,5.34962911906822,4.439064853869632,2.768272286167927,2.768272286167927,2.2970826459105558,2.7747650025134086e+21,2.3024702322822241e+21,23.62113048706357,4.724226097412714,23.62113048706357,4.724226097412714,19.600560678130854,3.9201121356261712,1.9294900245673936,8.519606617464408,1.7039213234928816,1.9294900245673938,0.5174699450286556,8.519606617464408,1.7039213234928816,3.158575761708299e-11,0.5174699450286604,2.4628648096017006e-22,4.752073081984554e-22,1.9294900245673936,0.9258415804985992,1.9324793828260196,1305041.7113950083,4.415470673073092,0.0003517285040033184,2.0982639329802867e-21,4.1965278659605734e-22,1.7065612082373518,23.62113048706357,4.724226097412714,19.600560678130854,3.9201121356261712,8.519606617464408,1.7039213234928816,4.415470673073092
15,4.000000000000003,overdensity_lt_11.1809045226,1723585,63676150546.37217,0.9949398522291514,1104.198876283741,proper pMpc/h,5.025371265570352e+27,redshift_table,7.785328521538248e-12,6.3e-18,0,5995849160.0,1.9658497821464014e-05,1.0886650803222833e-09,6.271637045496127e-11,1.965843510509397e-05,2.1233249338465586e-05,4.326622643265945e-29,5.27384820294552e-57,2.817277246318169,2.817044032713426,0.0003516681660713641,1.7062684529647865,2.5292696793523977e-22,4.88267547670376e-22,2.0979039823224088e-21,4.195807964644818e-22,2.8196747021882627,2.8196747021882627,2.339758107203078,2.8196747021882627,5.443293229285735,5.443293229285735,4.5168293538332325,2.7413981282988096,2.7413981282988096,2.274804427184673,2.747827813892244e+21,2.2801397621374355e+21,23.38780571666485,4.677561143332971,23.38780571666485,4.677561143332971,19.407135153849193,3.881427030769839,1.9304685129321346,8.294504929421219,1.658900985884244,1.9304685129321346,0.5036285962971232,8.294504929421219,1.658900985884244,3.158575761708299e-11,0.5036285962971307,2.5292696793523977e-22,4.88267547670376e-22,1.9304685129321346,0.9258326312535348,1.9855901895809347,1305041.7113950083,4.296627929363597,0.0003516681660713641,2.0979039823224088e-21,4.195807964644818e-22,1.7062684529647865,23.38780571666485,4.677561143332971,19.407135153849193,3.881427030769839,8.294504929421219,1.658900985884244,4.296627929363597
15,4.000000000000003,overdensity_lt_11.6884422111,1731747,63696990727.16327,0.9952654800539933,1104.198876283741,proper pMpc/h,5.025371265570352e+27,redshift_table,7.785328521538248e-12,6.3e-18,0,5995849160.0,1.974820362379554e-05,1.116561857880632e-09,6.434123538947695e-11,1.9748139282560608e-05,2.1330369290078203e-05,4.346368570118757e-29,5.409012284106511e-57,2.863286889392969,2.8630411820009223,0.00035161332185986913,1.7060023528257064,2.594163739431239e-22,5.0091765498870815e-22,2.097576804884121e-21,4.195153609768242e-22,2.865775077729416,2.865775077729416,2.378037352093399,2.865775077729416,5.533641958838087,5.533641958838087,4.591849295323774,2.7165203246962166,2.7165203246962166,2.2541848626050607,2.722891661794492e+21,2.2594718363526588e+21,23.171950327152985,4.634390065430598,23.171950327152985,4.634390065430598,19.228223396541626,3.845644679308325,1.9309407782352725,8.085753312333349,1.61715066246667,1.9309407782352725,0.4909100272303507,8.085753312333349,1.61715066246667,3.158575761708299e-11,0.4909100272303578,2.594163739431239e-22,5.0091765498870815e-22,1.9309407782352725,0.925822662233346,2.0370331517607267,1305041.7113950083,4.18746830740355,0.00035161332185986913,2.097576804884121e-21,4.195153609768242e-22,1.7060023528257064,23.171950327152985,4.634390065430598,19.228223396541626,3.845644679308325,8.085753312333349,1.61715066246667,4.18746830740355
15,4.000000000000003,overdensity_lt_12.1959798995,1739432,63715832720.184746,0.9955598861949367,1104.198876283741,proper pMpc/h,5.025371265570352e+27,redshift_table,7.785328521538248e-12,6.3e-18,0,5995849160.0,1.9832790506872143e-05,1.143886440900004e-09,6.589379250961425e-11,1.983272461308009e-05,2.1421928368014117e-05,4.364987627511425e-29,5.541402714220737e-57,2.908396939784431,2.9081396867467597,0.00035156391817457163,1.7057626497254086,2.6577144941043567e-22,5.130048222174317e-22,2.0972820833308886e-21,4.194564166661777e-22,2.910962786757033,2.910962786757033,2.41555625674003,2.910962786757033,5.618880245468588,5.618880245468588,4.662622756485093,2.693373423405382,2.693373423405382,2.234997662712208,2.6996904716733603e+21,2.240239634728224e+21,22.9712789370398,4.59425578740796,22.9712789370398,4.59425578740796,19.06187767639036,3.8123755352780715,1.9302480509303657,7.891299415280751,1.57825988305615,1.9302480509303657,0.4793434466907325,7.891299415280751,1.57825988305615,3.158575761708299e-11,0.47934344669074047,2.6577144941043567e-22,5.130048222174317e-22,1.9302480509303657,0.9258141597883911,2.086186860180803,1305041.7113950083,4.08823073877847,0.00035156391817457163,2.0972820833308886e-21,4.194564166661777e-22,1.7057626497254086,22.9712789370398,4.59425578740796,19.06187767639036,3.8123755352780715,7.891299415280751,1.57825988305615,4.08823073877847
15,4.000000000000003,overdensity_lt_12.7035175879,1746510,63732519539.01462,0.9958206177391383,1104.198876283741,proper pMpc/h,5.025371265570352e+27,redshift_table,7.785328521538248e-12,6.3e-18,0,5995849160.0,1.9910814252173974e-05,1.1700388909898585e-09,6.736376964638645e-11,1.9910746888404864e-05,2.1506422770703862e-05,4.38216275180287e-29,5.668124327442436e-57,2.9516330298149724,2.9513604679957326,0.00035151890508201426,1.705544249462857,2.718566402577001e-22,5.244490771463553e-22,2.097013554202455e-21,4.1940271084049108e-22,2.9542924727572175,2.9542924727572175,2.451536615255932,2.9542924727572175,5.699238979372557,5.699238979372557,4.7293533615464325,2.6722789111898497,2.6722789111898497,2.217515583636172,2.6785464843086725e+21,2.2227165531174527e+21,22.788449649703562,4.557689929940713,22.788449649703562,4.557689929940713,18.91035475882472,3.7820709517649442,1.9291383747302115,7.713674207901049,1.54273484158021,1.9291383747302115,0.46888346336444514,7.713674207901049,1.54273484158021,3.158575761708299e-11,0.46888346336445447,2.718566402577001e-22,5.244490771463553e-22,1.9291383747302115,0.9258046817310485,2.1327260996251396,1305041.7113950083,3.9985074730472876,0.00035151890508201426,2.097013554202455e-21,4.1940271084049108e-22,1.705544249462857,22.788449649703562,4.557689929940713,18.91035475882472,3.7820709517649442,7.713674207901049,1.54273484158021,3.9985074730472876
15,4.000000000000003,overdensity_lt_13.2110552764,1753330,63748096030.62722,0.9960640004205711,1104.198876283741,proper pMpc/h,5.025371265570352e+27,redshift_table,7.785328521538248e-12,6.3e-18,0,5995849160.0,1.9986550092452097e-05,1.1963434465515137e-09,6.879925613764303e-11,1.9986481293196444e-05,2.1588415849739742e-05,4.398834338588155e-29,5.795584379872417e-57,2.9951737439766237,2.9948853550559917,0.0003514780637436971,1.705346090249511,2.7797554965068626e-22,5.356248110690189e-22,2.0967699120006143e-21,4.1935398240012286e-22,2.997911126922597,2.997911126922597,2.4877538402405293,2.997911126922597,5.7766072698749005,5.7766072698749005,4.793596711435697,2.6520420033366228,2.6520420033366228,2.2007415827074364,2.6582621127348223e+21,2.205903210383161e+21,22.613247307837952,4.522649461567591,22.613247307837952,4.522649461567591,18.765130268598238,3.7530260537196476,1.9268774240831745,7.543001226674391,1.5086002453348781,1.9268774240831745,0.45910027797234276,7.54300122667439,1.5086002453348781,3.158575761708299e-11,0.4591002779723524,2.7797554965068626e-22,5.356248110690189e-22,1.9268774240831745,0.9257965675808209,2.1781733707863737,1305041.7113950083,3.914624320362992,0.0003514780637436971,2.0967699120006143e-21,4.1935398240012286e-22,1.705346090249511,22.613247307837952,4.522649461567591,18.765130268598238,3.7530260537196476,7.543001226674391,1.5086002453348781,3.914624320362992
15,4.000000000000003,overdensity_lt_13.7185929648,1759689,63762044867.456856,0.9962819509960215,1104.198876283741,proper pMpc/h,5.025371265570352e+27,redshift_table,7.785328521538248e-12,6.3e-18,0,5995849160.0,2.0056962121841055e-05,1.2216493746683544e-09,7.018566308059005e-11,2.0056891936178506e-05,2.1664644522052036e-05,4.414333727920395e-29,5.918201434673419e-57,3.0371022715636866,3.0368005427782108,0.0003514409531667309,1.7051660324198357,2.8386213583035404e-22,5.46418444584401e-22,2.0965485259477527e-21,4.1930970518955053e-22,3.039915677114499,3.039915677114499,2.5226304747155055,3.039915677114499,5.8516645451767895,5.8516645451767895,4.855919991664696,2.6334332378993213,2.6334332378993213,2.1853168458143846,2.6396097022283093e+21,2.1904422962535523e+21,22.452204529556532,4.490440905911306,22.452204529556532,4.490440905911306,18.63164027778772,3.726328055557544,1.924943046687142,7.385798460985031,1.477159692197006,1.924943046687142,0.4500314769529839,7.38579846098503,1.477159692197006,3.158575761708299e-11,0.4500314769529915,2.8386213583035404e-22,5.46418444584401e-22,1.924943046687142,0.9257891084140786,2.222066791351255,1305041.7113950083,3.836891940099791,0.0003514409531667309,2.0965485259477527e-21,4.1930970518955053e-22,1.7051660324198357,22.452204529556532,4.490440905911306,18.63164027778772,3.726328055557544,7.385798460985031,1.477159692197006,3.836891940099791
15,4.000000000000003,overdensity_lt_14.2261306533,1765707,63774857965.920334,0.9964821556595016,1104.198876283741,proper pMpc/h,5.025371265570352e+27,redshift_table,7.785328521538248e-12,6.3e-18,0,5995849160.0,2.012402204243807e-05,1.2465603138611176e-09,7.14885507958691e-11,2.0123950553887786e-05,2.1737291828340392e-05,4.4290954562631644e-29,6.038908091021089e-57,3.078423312658626,3.0781071071186865,0.00035140727331159686,1.705002620203832,2.896604904041487e-22,5.565618534745253e-22,2.096347606134626e-21,4.1926952122692513e-22,3.0813416699590266,3.0813416699590266,2.5570320606948833,3.0813416699590266,5.920576978337264,5.920576978337264,4.913153675561635,2.6158861427338533,2.6158861427338533,2.1707767104538194,2.622021452039123e+21,2.175868058404228e+21,22.300463637580577,4.460092727516115,22.300463637580577,4.460092727516115,18.50589989600609,3.701179979201217,1.9214282648558059,7.237257670901881,1.447451534180376,1.921428264855806,0.44182959740327526,7.237257670901881,1.4474515341803762,3.158575761708299e-11,0.4418295974032829,2.896604904041487e-22,5.565618534745253e-22,1.9214282648558059,0.9257800241541965,2.2633160066170106,1305041.7113950083,3.766603106280943,0.00035140727331159686,2.096347606134626e-21,4.1926952122692513e-22,1.705002620203832,22.300463637580577,4.460092727516115,18.50589989600609,3.701179979201217,7.237257670901881,1.447451534180376,3.766603106280943
15,4.000000000000003,overdensity_lt_14.7336683417,1771286,63786334866.09328,0.9966614822246934,1104.198876283741,proper pMpc/h,5.025371265570352e+27,redshift_table,7.785328521538248e-12,6.3e-18,0,5995849160.0,2.0186227529083884e-05,1.2704207034358837e-09,7.27293535090795e-11,2.0186154799730952e-05,2.1804640985370552e-05,4.4427884673573814e-29,6.154522348000574e-57,3.1180500445495523,3.117720900816146,0.00035137731857052125,1.704857281971245,2.952112405507313e-22,5.662219102272815e-22,2.0961689087811123e-21,4.192337817562225e-22,3.121042071564643,3.121042071564643,2.589995693922387,3.121042071564643,5.986230064831678,5.986230064831678,4.967670968616628,2.5997702818059754,2.5997702818059754,2.1574184777615883,2.605867792909749e+21,2.16247849526225e+21,22.161186481946764,4.432237296389353,22.161186481946764,4.432237296389353,18.390453010355813,3.678090602071163,1.9180228678656217,7.100572813117158,1.4201145626234317,1.9180228678656217,0.43429174182250146,7.100572813117159,1.4201145626234317,3.158575761708299e-11,0.43429174182250685,2.952112405507313e-22,5.662219102272815e-22,1.9180228678656217,0.9257733164822345,2.3025996207146293,1305041.7113950083,3.7020271927303376,0.00035137731857052125,2.0961689087811123e-21,4.192337817562225e-22,1.704857281971245,22.161186481946764,4.432237296389353,18.390453010355813,3.678090602071163,7.100572813117158,1.4201145626234317,3.7020271927303376
15,4.000000000000003,overdensity_lt_15.2412060302,1776570,63796855922.37531,0.9968258737290907,1104.198876283741,proper pMpc/h,5.025371265570352e+27,redshift_table,7.785328521538248e-12,6.3e-18,0,5995849160.0,2.024519204604734e-05,1.2937433706235213e-09,7.394626937468937e-11,2.024511809977854e-05,2.1868485616776807e-05,4.4557681721971186e-29,6.267533049786146e-57,3.1568319166027763,3.1564894034757964,0.00035134969385689906,1.704723248862982,3.006372836033002e-22,5.756960000241272e-22,2.0960041113888262e-21,4.192008222777653e-22,3.1598981724375355,3.1598981724375355,2.62225859432685,3.1598981724375355,6.050948560180077,6.050948560180077,5.021412399983135,2.58463065400702,2.58463065400702,2.144869731799724,2.5906926565701903e+21,2.149900317423894e+21,22.0303998280485,4.406079965609701,22.0303998280485,4.406079965609701,18.28204648790749,3.656409297581498,1.9149188454741866,6.971870176137454,1.394374035227491,1.9149188454741866,0.427144707693582,6.971870176137454,1.3943740352274911,3.158575761708299e-11,0.42714470769358776,3.006372836033002e-22,5.756960000241272e-22,1.9149188454741866,0.9257668068358208,2.34112698106364,1305041.7113950083,3.6408175691701583,0.00035134969385689906,2.0960041113888262e-21,4.192008222777653e-22,1.704723248862982,22.0303998280485,4.406079965609701,18.28204648790749,3.656409297581498,6.971870176137454,1.394374035227491,3.6408175691701583
15,4.000000000000003,overdensity_lt_15.7487437186,1781517,63806369953.41903,0.9969745304641401,1104.198876283741,proper pMpc/h,5.025371265570352e+27,redshift_table,7.785328521538248e-12,6.3e-18,0,5995849160.0,2.0300310962757292e-05,1.3162202992510787e-09,7.508029083695812e-11,2.030023588246709e-05,2.1928184586933718e-05,4.467901520440012e-29,6.376448596293599e-57,3.194270413768909,3.1939138913792213,0.00035132473899524984,1.7046021696829816,3.058680999587477e-22,5.845247296583647e-22,2.09585524120755e-21,4.1917104824151e-22,3.1974200617960555,3.1974200617960555,2.6534156397138617,3.1974200617960555,6.110382539001741,6.110382539001741,5.070770896619173,2.5705955540805943,2.5705955540805943,2.133238146615292,2.5766246386670334e+21,2.1382414514753448e+21,21.909213794316035,4.381842758863208,21.909213794316035,4.381842758863208,18.18161186585464,3.6363223731709287,1.9110352787270046,6.8521537273426585,1.3704307454685318,1.9110352787270046,0.4206930642513512,6.8521537273426585,1.3704307454685318,3.158575761708299e-11,0.42069306425135694,3.058680999587477e-22,5.845247296583647e-22,1.9110352787270046,0.925759987197633,2.3770299179511003,1305041.7113950083,3.5855715504671766,0.00035132473899524984,2.09585524120755e-21,4.1917104824151e-22,1.7046021696829816,21.909213794316035,4.381842758863208,18.18161186585464,3.6363223731709287,6.8521537273426585,1.3704307454685318,3.5855715504671766
15,4.000000000000003,overdensity_lt_16.256281407,1786567,63815891806.8558,0.9971233094240809,1104.198876283741,proper pMpc/h,5.025371265570352e+27,redshift_table,7.785328521538248e-12,6.3e-18,0,5995849160.0,2.0357237234734602e-05,1.340117057506316e-09,7.629187643076683e-11,2.0357160942858892e-05,2.1989822195574416e-05,4.480432746362231e-29,6.492244643170846e-57,3.2341112214633356,3.2337397085739075,0.0003512996946936063,1.7044806565466113,3.1142773428857815e-22,5.939573215381295e-22,2.0957058374649837e-21,4.1914116749299676e-22,3.237334914876461,3.237334914876461,2.6865571965968327,3.237334914876461,6.1742695439582524,6.1742695439582524,5.1238221293772686,2.5562221091124337,2.5562221091124337,2.1213242015146925,2.5622174821663936e+21,2.1262995633626072e+21,21.785155694094623,4.3570311388189245,21.785155694094623,4.3570311388189245,18.078780338729892,3.615756067745979,1.9072075353049678,6.729348759680603,1.3458697519361207,1.9072075353049678,0.41401206910601923,6.729348759680603,1.3458697519361205,3.158575761708299e-11,0.41401206910602545,3.1142773428857815e-22,5.939573215381295e-22,1.9072075353049678,0.925753776533759,2.4153885227532035,1305041.7113950083,3.528377816840243,0.0003512996946936063,2.0957058374649837e-21,4.1914116749299676e-22,1.7044806565466113,21.785155694094623,4.3570311388189245,18.078780338729892,3.615756067745979,6.729348759680603,1.3458697519361207,3.528377816840243
15,4.000000000000003,overdensity_lt_16.7638190955,1791180,63824281970.55887,0.9972544057319338,1104.198876283741,proper pMpc/h,5.025371265570352e+27,redshift_table,7.785328521538248e-12,6.3e-18,0,5995849160.0,2.0408962424264366e-05,1.3624554849380739e-09,7.739369382454007e-11,2.040888503057123e-05,2.2045843162477134e-05,4.491818916257095e-29,6.600487056523042e-57,3.2713838418552736,3.2709994375672413,0.00035127767330042344,1.7043738103429926,3.1662616434002616e-22,6.025353319193977e-22,2.0955744671195507e-21,4.1911489342391014e-22,3.27468914472375,3.27468914472375,2.717574308357313,3.27468914472375,6.231689395794959,6.231689395794959,5.171507355732148,2.54326445830024,2.54326445830024,2.1105851107641733,2.549229440430718e+21,2.1155352851078096e+21,21.673366677515435,4.334673335503087,21.673366677515435,4.334673335503087,17.986129936431606,3.597225987286321,1.9029865493754092,6.61845009393824,1.323690018787648,1.9029865493754092,0.4081179752021006,6.61845009393824,1.323690018787648,3.158575761708299e-11,0.4081179752021055,3.1662616434002616e-22,6.025353319193977e-22,1.9029865493754092,0.9257475379897436,2.4502718840178175,1305041.7113950083,3.4779279423233556,0.00035127767330042344,2.0955744671195507e-21,4.1911489342391014e-22,1.7043738103429926,21.673366677515435,4.334673335503087,17.986129936431606,3.597225987286321,6.61845009393824,1.323690018787648,3.4779279423233556
15,4.000000000000003,overdensity_lt_17.2713567839,1795440,63831840054.207664,0.9973725007889394,1104.198876283741,proper pMpc/h,5.025371265570352e+27,redshift_table,7.785328521538248e-12,6.3e-18,0,5995849160.0,2.0456967433049173e-05,1.3837669045590563e-09,7.842896215129643e-11,2.0456889004087714e-05,2.2097846563586534e-05,4.502386498694646e-29,6.703759213164664e-57,3.3069898348039675,3.306590638459649,0.00035125780681580725,1.7042774195995525,3.215866702855069e-22,6.105952359511408e-22,2.0954559520499137e-21,4.1909119040998276e-22,3.31037939005651,3.31037939005651,2.7472109691665,3.31037939005651,6.285403194618802,6.285403194618802,5.216117721659743,2.5313253724801963,2.5313253724801963,2.100691192887218,2.537262352633397e+21,2.1056181619982475e+21,21.57040336988712,4.314080673977425,21.57040336988712,4.314080673977425,17.900802827946666,3.5801605655893334,1.8986957245741876,6.515991319508216,1.3031982639016433,1.8986957245741873,0.4027307865702825,6.515991319508216,1.3031982639016433,3.158575761708299e-11,0.40273078657028843,3.215866702855069e-22,6.105952359511408e-22,1.8986957245741876,0.9257412909091858,2.4830483125368676,1305041.7113950083,3.431824928646495,0.00035125780681580725,2.0954559520499137e-21,4.1909119040998276e-22,1.7042774195995525,21.57040336988712,4.314080673977425,17.900802827946666,3.5801605655893334,6.515991319508216,1.3031982639016433,3.431824928646495
15,4.000000000000003,overdensity_lt_17.7788944724,1799736,63839179513.692726,0.9974871798433868,1104.198876283741,proper pMpc/h,5.025371265570352e+27,redshift_table,7.785328521538248e-12,6.3e-18,0,5995849160.0,2.0504952977723094e-05,1.4056489011027482e-09,7.948151076952668e-11,2.0504873496212965e-05,2.214982939942791e-05,4.512949652466076e-29,6.809793567619847e-57,3.3435896328072836,3.3431764741590624,0.0003512386935745324,1.704184683538209,3.2668003166065326e-22,6.187896727289574e-22,2.0953419305124125e-21,4.1906838610248256e-22,3.3470668161417554,3.3470668161417554,2.7776755373225948,3.3470668161417554,6.339935652736028,6.339935652736028,5.261408014287573,2.5194748929205804,2.5194748929205804,2.0908706522420277,2.525384078913964e+21,2.0957745882196882e+21,21.46825261537161,4.293650523074323,21.46825261537161,4.293650523074323,17.816148704052043,3.563229740810409,1.894176603275648,6.4140496125854405,1.2828099225170884,1.8941766032756482,0.3973975495844803,6.4140496125854405,1.2828099225170884,3.158575761708299e-11,0.3973975495844879,3.2668003166065326e-22,6.187896727289574e-22,1.894176603275648,0.9257350531441371,2.516371832301389,1305041.7113950083,3.3861940863874365,0.0003512386935745324,2.0953419305124125e-21,4.1906838610248256e-22,1.704184683538209,21.46825261537161,4.293650523074323,17.816148704052043,3.563229740810409,6.4140496125854405,1.2828099225170884,3.3861940863874365
15,4.000000000000003,overdensity_lt_18.2864321608,1803853,63846053364.348976,0.9975945837598844,1104.198876283741,proper pMpc/h,5.025371265570352e+27,redshift_table,7.785328521538248e-12,6.3e-18,0,5995849160.0,2.0551167792992097e-05,1.4272773124861141e-09,8.052008088530625e-11,2.055108727291187e-05,2.219986710868191e-05,4.523123159200982e-29,6.914602115967192e-57,3.3797950712928624,3.379366948561233,0.00035122083642333604,1.704098041934886,3.3171178019329147e-22,6.268752822729525e-22,2.095235402278634e-21,4.1904708045572685e-22,3.3833349085260784,3.3833349085260784,2.807788333727724,3.3833349085260784,6.393891180380554,6.393891180380554,5.306212228105449,2.508143246169482,2.508143246169482,2.0814774582811224,2.514025854875491e+21,2.086359363425952e+21,21.370609973448115,4.274121994689623,21.370609973448115,4.274121994689623,17.73520830494232,3.547041660988464,1.88981917346338,6.316433504585581,1.2632867009171165,1.88981917346338,0.3922718068561501,6.316433504585581,1.2632867009171163,3.158575761708299e-11,0.392271806856157,3.3171178019329147e-22,6.268752822729525e-22,1.88981917346338,0.9257301934422284,2.549252794929237,1305041.7113950083,3.3423480898491253,0.00035122083642333604,2.095235402278634e-21,4.1904708045572685e-22,1.704098041934886,21.370609973448115,4.274121994689623,17.73520830494232,3.547041660988464,6.316433504585581,1.2632867009171165,3.3423480898491253
15,4.000000000000003,overdensity_lt_18.7939698492,1807706,63852317281.40816,0.9976924574639284,1104.198876283741,proper pMpc/h,5.025371265570352e+27,redshift_table,7.785328521538248e-12,6.3e-18,0,5995849160.0,2.0594453262235948e-05,1.448058233741319e-09,8.151003845386774e-11,2.0594371752198188e-05,2.224676553998469e-05,4.532651796609764e-29,7.015303513230337e-57,3.4146150532953694,3.4141727650236042,0.00035120431968659944,1.7040179039253687,3.365496009060392e-22,6.34582427166584e-22,2.095136870392277e-21,4.1902737407845546e-22,3.4182429523865836,3.4182429523865836,2.8367758861055856,3.4182429523865836,6.445281478661303,6.445281478661303,5.34889395882869,2.4975954179445923,2.4975954179445923,2.072736945139099,2.503453287734177e+21,2.0775983502511723e+21,21.279736544697744,4.255947308939549,21.279736544697744,4.255947308939549,17.659904323222996,3.5319808646445994,1.8855539434846993,6.22534349989384,1.2450686999787681,1.885553943484699,0.38750757840654426,6.225343499893839,1.245068699978768,3.158575761708299e-11,0.38750757840654915,3.365496009060392e-22,6.34582427166584e-22,1.8855539434846993,0.9257243132797615,2.5805946921400884,1305041.7113950083,3.3015992575575743,0.00035120431968659944,2.095136870392277e-21,4.1902737407845546e-22,1.7040179039253687,21.279736544697744,4.255947308939549,17.659904323222996,3.5319808646445994,6.22534349989384,1.2450686999787681,3.3015992575575743
15,4.000000000000003,overdensity_lt_19.3015075377,1811566,63858427200.28018,0.9977879249462983,1104.198876283741,proper pMpc/h,5.025371265570352e+27,redshift_table,7.785328521538248e-12,6.3e-18,0,5995849160.0,2.063780561503913e-05,1.4693900529390472e-09,8.255310807871403e-11,2.0637723061931732e-05,2.229372619183823e-05,4.542195234325342e-29,7.118676109296808e-57,3.4503856502085206,3.449928230147613,0.0003511883734387844,1.7039405338867497,3.4151462791787936e-22,6.427030668668509e-22,2.095041741802254e-21,4.1900834836045086e-22,3.45409390227735,3.45409390227735,2.866544945540676,3.45409390227735,6.500326963369641,6.500326963369641,5.394607074498932,2.487098992093794,2.487098992093794,2.064037992755564,2.4929322435262787e+21,2.068878995311642e+21,21.18934392208748,4.237868784417496,21.18934392208748,4.237868784417496,17.584989996692254,3.516997999338451,1.8819195850708783,6.134559314706801,1.2269118629413602,1.8819195850708783,0.38261136802948303,6.134559314706801,1.2269118629413602,3.158575761708299e-11,0.3826113680294885,3.4151462791787936e-22,6.427030668668509e-22,1.8819195850708783,0.9257188719527397,2.6136181085004466,1305041.7113950083,3.2597350935564853,0.0003511883734387844,2.095041741802254e-21,4.1900834836045086e-22,1.7039405338867497,21.18934392208748,4.237868784417496,17.584989996692254,3.516997999338451,6.134559314706801,1.2269118629413602,3.2597350935564853
15,4.000000000000003,overdensity_lt_19.8090452261,1815173,63864055646.2758,0.9978758694149747,1104.198876283741,proper pMpc/h,5.025371265570352e+27,redshift_table,7.785328521538248e-12,6.3e-18,0,5995849160.0,2.0678808802304483e-05,1.490068314637139e-09,8.352464408466551e-11,2.067872527766101e-05,2.2338142613698732e-05,4.551221591586581e-29,7.21888288178776e-57,3.4850902870991454,3.484617748998436,0.00035117378039273544,1.70386972948502,3.4632759965591924e-22,6.502667938436866e-22,2.0949546858433303e-21,4.1899093716866603e-22,3.488876150738194,3.488876150738194,2.8954265197836055,3.488876150738194,6.550734942615633,6.550734942615633,5.43647032953843,2.477232059815476,2.477232059815476,2.0558607103695192,2.4830421693074794e+21,2.0606825338963973e+21,21.104403598147073,4.220880719629414,21.104403598147073,4.220880719629414,17.51459416218097,3.5029188324361935,1.877606042630546,6.049054963926333,1.2098109927852667,1.877606042630546,0.37816093637065185,6.049054963926334,1.2098109927852667,3.158575761708299e-11,0.3781609363706573,3.4632759965591924e-22,6.502667938436866e-22,1.877606042630546,0.9257137280957238,2.6443767820054327,1305041.7113950083,3.2216848617783223,0.00035117378039273544,2.0949546858433303e-21,4.1899093716866603e-22,1.70386972948502,21.104403598147073,4.220880719629414,17.51459416218097,3.5029188324361935,6.049054963926333,1.2098109927852667,3.2216848617783223
15,4.000000000000003,overdensity_lt_20.3165829146,1818595,63869237660.63256,0.9979568383892944,1104.198876283741,proper pMpc/h,5.025371265570352e+27,redshift_table,7.785328521538248e-12,6.3e-18,0,5995849160.0,2.0717522557316227e-05,1.5100566033972723e-09,8.449130332291249e-11,2.0717438066013536e-05,2.2380066677027797e-05,4.559743893747108e-29,7.31574466652323e-57,3.5186627104648602,3.5181761977915946,0.00035116056956319884,1.703805631497626,3.50978667963881e-22,6.577925535818175e-22,2.094875875605247e-21,4.1897517512104934e-22,3.522512711863473,3.522512711863473,2.9233550243337225,3.522512711863473,6.60177624242262,6.60177624242262,5.478854819406307,2.467971211645732,2.467971211645732,2.048184529519781,2.473759600709227e+21,2.0529883493029079e+21,21.02471624388009,4.204943248776018,21.02471624388009,4.204943248776018,17.448541678710594,3.489708335742119,1.8741667617517725,5.968670084020118,1.1937340168040236,1.8741667617517725,0.3738344228916297,5.968670084020118,1.1937340168040236,3.158575761708299e-11,0.37383442289163404,3.50978667963881e-22,6.577925535818175e-22,1.8741667617517725,0.9257093986801711,2.6749810578301854,1305041.7113950083,3.184705974852119,0.00035116056956319884,2.094875875605247e-21,4.1897517512104934e-22,1.703805631497626,21.02471624388009,4.204943248776018,17.448541678710594,3.489708335742119,5.968670084020118,1.1937340168040236,3.184705974852119
15,4.000000000000003,overdensity_lt_20.824120603,1821988,63874255589.65173,0.9980352435302143,1104.198876283741,proper pMpc/h,5.025371265570352e+27,redshift_table,7.785328521538248e-12,6.3e-18,0,5995849160.0,2.0755945081125443e-05,1.5303566842289553e-09,8.545225356719821e-11,2.0755859628872564e-05,2.2421679180470583e-05,4.568202068225772e-29,7.414116993229938e-57,3.55278414989769,3.552283666534094,0.0003511476001762,1.7037427049719251,3.5570270788476396e-22,6.652738669264333e-22,2.0947985057115276e-21,4.1895970114230554e-22,3.5567028687460205,3.5567028687460205,2.951743570951884,3.5567028687460205,6.6521322962926925,6.6521322962926925,5.520671662298897,2.4588308625733264,2.4588308625733264,2.040608523820201,2.4645978138273534e+21,2.0453945748107548e+21,20.946075724345654,4.189215144869131,20.946075724345654,4.189215144869131,17.38335943081098,3.476671886162196,1.8703086936913629,5.889183464946164,1.177836692989233,1.8703086936913629,0.36963048133358084,5.889183464946165,1.177836692989233,3.158575761708299e-11,0.3696304813335845,3.5570270788476396e-22,6.652738669264333e-22,1.8703086936913629,0.9257049599992067,2.7054045878254263,1305041.7113950083,3.1487761805367485,0.0003511476001762,2.0947985057115276e-21,4.1895970114230554e-22,1.7037427049719251,20.946075724345654,4.189215144869131,17.38335943081098,3.476671886162196,5.889183464946164,1.177836692989233,3.1487761805367485
15,4.000000000000003,overdensity_lt_21.3316582915,1825263,63878978295.9772,0.9981090358165455,1104.198876283741,proper pMpc/h,5.025371265570352e+27,redshift_table,7.785328521538248e-12,6.3e-18,0,5995849160.0,2.079299228601076e-05,1.5503784598181445e-09,8.637083509923812e-11,2.079290591517637e-05,2.2461821253666354e-05,4.576357741084691e-29,7.511146596431643e-57,3.586462589684328,3.5859459641298237,0.0003511352412391715,1.7036827403052357,3.6036412413588478e-22,6.724253259271843e-22,2.0947247775049094e-21,4.189449555009819e-22,3.590464739750426,3.590464739750426,2.979778923810002,3.590464739750426,6.699666423915053,6.699666423915053,5.560150636078177,2.450063606979688,2.450063606979688,2.0333434324659194,2.455809995479111e+21,2.0381124438835876e+21,20.870655399306422,4.174131079861285,20.870655399306422,4.174131079861285,17.320860555025956,3.4641721110051917,1.8659607904632278,5.812800545914049,1.16256010918281,1.8659607904632278,0.3656993426171143,5.812800545914049,1.16256010918281,3.158575761708299e-11,0.3656993426171193,3.6036412413588478e-22,6.724253259271843e-22,1.8659607904632278,0.9256999100988941,2.7344867312134666,1305041.7113950083,3.115178290788743,0.0003511352412391715,2.0947247775049094e-21,4.189449555009819e-22,1.7036827403052357,20.870655399306422,4.174131079861285,17.320860555025956,3.4641721110051917,5.812800545914049,1.16256010918281,3.115178290788743
15,4.000000000000003,overdensity_lt_21.8391959799,1828309,63883283065.26229,0.9981762978366211,1104.198876283741,proper pMpc/h,5.025371265570352e+27,redshift_table,7.785328521538248e-12,6.3e-18,0,5995849160.0,2.0827563129972485e-05,1.569477653440252e-09,8.729486252231794e-11,2.0827475835110676e-05,2.2499281918089048e-05,4.583968526052649e-29,7.603711445037165e-57,3.6186149510821894,3.6180804337235895,0.0003511240402572964,1.7036283939530215,3.648109587448397e-22,6.796191829787689e-22,2.0946579571704324e-21,4.189315914340865e-22,3.6226956703259403,3.6226956703259403,3.006543122290684,3.6226956703259403,6.748847348551492,6.748847348551492,5.600995067121279,2.4419244201403005,2.4419244201403005,2.026598902762908,2.4476517189599636e+21,2.0313520955349664e+21,20.800658890191418,4.160131778038283,20.800658890191418,4.160131778038283,17.26285716950464,3.4525714339009284,1.8629352180566374,5.741762704654666,1.1483525409309332,1.8629352180566374,0.3618283677233286,5.741762704654666,1.148352540930933,3.158575761708299e-11,0.3618283677233322,3.648109587448397e-22,6.796191829787689e-22,1.8629352180566374,0.9256951360019064,2.763741290634896,1305041.7113950083,3.082105404955688,0.0003511240402572964,2.0946579571704324e-21,4.189315914340865e-22,1.7036283939530215,20.800658890191418,4.160131778038283,17.26285716950464,3.4525714339009284,5.741762704654666,1.1483525409309332,3.082105404955688
15,4.000000000000003,overdensity_lt_22.3467336683,1831255,63887349648.190994,0.9982398381948784,1104.198876283741,proper pMpc/h,5.025371265570352e+27,redshift_table,7.785328521538248e-12,6.3e-18,0,5995849160.0,2.086098320831081e-05,1.588345154155664e-09,8.817447034687054e-11,2.0860895033841143e-05,2.2535485199367094e-05,4.59132571892873e-29,7.695147404158063e-57,3.650402355458512,3.6498526810135123,0.00035111361556357674,1.7035778140946727,3.692026507727679e-22,6.864672188630253e-22,2.094595767843735e-21,4.18919153568747e-22,3.6545527300048715,3.6545527300048715,3.032995346041356,3.6545527300048715,6.794996307593583,6.794996307593583,5.639319966050144,2.4340957823314042,2.4340957823314042,2.0201107290139446,2.4398047198341843e+21,2.024848704398623e+21,20.73335786080598,4.146671572161195,20.73335786080598,4.146671572161195,17.207079099813857,3.441415819962771,1.859323646312397,5.67329558295314,1.1346591165906281,1.859323646312397,0.3582188528360552,5.673295582953141,1.134659116590628,3.158575761708299e-11,0.35821885283605814,3.692026507727679e-22,6.864672188630253e-22,1.859323646312397,0.925690964684755,2.791589532719704,1305041.7113950083,3.051268451409741,0.00035111361556357674,2.094595767843735e-21,4.18919153568747e-22,1.7035778140946727,20.73335786080598,4.146671572161195,17.207079099813857,3.441415819962771,5.67329558295314,1.1346591165906281,3.051268451409741
15,4.000000000000003,overdensity_lt_22.8542713568,1834018,63891072870.73054,0.9982980135470554,1104.198876283741,proper pMpc/h,5.025371265570352e+27,redshift_table,7.785328521538248e-12,6.3e-18,0,5995849160.0,2.0892276023514432e-05,1.6063881718168505e-09,8.89965672501004e-11,2.0892187026947863e-05,2.256940283263923e-05,4.5982147439858444e-29,7.782591071601708e-57,3.680829595363217,3.680264120524797,0.00035110397883620373,1.7035310573919262,3.7340468277981465e-22,6.928675133312073e-22,2.0945382791919806e-21,4.189076558383961e-22,3.6850642120605417,3.6850642120605417,3.0583327155571536,3.6850642120605417,6.837785905812522,6.837785905812522,5.674860228834047,2.426797515139616,2.426797515139616,2.0140637469202285,2.432489335258775e+21,2.0187875396901124e+21,20.670624685209447,4.134124937041889,20.670624685209447,4.134124937041889,17.15510072222881,3.4310201444457618,1.855540504133876,5.609298371941056,1.121859674388211,1.855540504133876,0.35490984195288927,5.609298371941056,1.1218596743882112,3.158575761708299e-11,0.3549098419528912,3.7340468277981465e-22,6.928675133312073e-22,1.855540504133876,0.9256863011339482,2.81761698829624,1305041.7113950083,3.0229996917040345,0.00035110397883620373,2.0945382791919806e-21,4.189076558383961e-22,1.7035310573919262,20.670624685209447,4.134124937041889,17.15510072222881,3.4310201444457618,5.609298371941056,1.121859674388211,3.0229996917040345
15,4.000000000000003,overdensity_lt_23.3618090452,1836816,63894771599.84544,0.9983558061894724,1104.198876283741,proper pMpc/h,5.025371265570352e+27,redshift_table,7.785328521538248e-12,6.3e-18,0,5995849160.0,2.0924041953593487e-05,1.6250800055178786e-09,8.984950264925056e-11,2.0923952104091473e-05,2.2603830981523325e-05,4.6052078434849337e-29,7.873177178471645e-57,3.712372557227701,3.711791583313364,0.0003510945245220621,1.703485185744957,3.7775755284345574e-22,6.995078956212426e-22,2.0944818787406418e-21,4.1889637574812835e-22,3.716692752583163,3.716692752583163,3.084597288568023,3.716692752583163,6.882340025925472,6.882340025925472,5.7118650359834575,2.419422673332316,2.419422673332316,2.0079530687259495,2.4250971964694594e+21,2.012662529487963e+21,20.607253410385304,4.121450682077061,20.607253410385304,4.121450682077061,17.102591531228907,3.420518306245781,1.8517376829553993,5.544513572197466,1.1089027144394932,1.8517376829553993,0.3515407062450355,5.544513572197466,1.1089027144394932,3.158575761708299e-11,0.35154070624503836,3.7775755284345574e-22,6.995078956212426e-22,1.8517376829553993,0.9256816741018367,2.844620785687785,1305041.7113950083,2.9942219263736884,0.0003510945245220621,2.0944818787406418e-21,4.1889637574812835e-22,1.703485185744957,20.607253410385304,4.121450682077061,17.102591531228907,3.420518306245781,5.544513572197466,1.1089027144394932,2.9942219263736884
15,4.000000000000003,overdensity_lt_23.8693467337,1839569,63898323220.476776,0.9984113002618338,1104.198876283741,proper pMpc/h,5.025371265570352e+27,redshift_table,7.785328521538248e-12,6.3e-18,0,5995849160.0,2.0955222275775255e-05,1.6438109195626112e-09,9.073660626957407e-11,2.0955131539169634e-05,2.2637640383498962e-05,4.612072398989333e-29,7.963962288540048e-57,3.7440096776613543,3.7434093210203394,0.0003510852083297372,1.703439984255032,3.821215078095263e-22,7.0641428873810675e-22,2.0944263022658167e-21,4.1888526045316336e-22,3.748428298012255,3.748428298012255,3.1109527825584307,3.748428298012255,6.929584584770409,6.929584584770409,5.751106525739667,2.412214739786063,2.412214739786063,2.001982046940939,2.4178723574084613e+21,2.0066775032457548e+21,20.545315191804637,4.109063038360928,20.545315191804637,4.109063038360928,17.05128133259965,3.41025626651993,1.8486640356559794,5.4810479375314625,1.0962095875062925,1.8486640356559794,0.3481038019346126,5.481047937531462,1.0962095875062925,3.158575761708299e-11,0.3481038019346154,3.821215078095263e-22,7.0641428873810675e-22,1.8486640356559794,0.9256764920801664,2.872706343459676,1305041.7113950083,2.9648696744330665,0.0003510852083297372,2.0944263022658167e-21,4.1888526045316336e-22,1.703439984255032,20.545315191804637,4.109063038360928,17.05128133259965,3.41025626651993,5.4810479375314625,1.0962095875062925,2.9648696744330665
15,4.000000000000003,overdensity_lt_24.3768844221,1842123,63901583389.87539,0.9984622404086841,1104.198876283741,proper pMpc/h,5.025371265570352e+27,redshift_table,7.785328521538248e-12,6.3e-18,0,5995849160.0,2.09844517580691e-05,1.661721212740178e-09,9.159216864216373e-11,2.098436016590115e-05,2.2669311788328096e-05,4.618507439391582e-29,8.050769394640075e-57,3.7742797929347596,3.7736612244182366,0.00035107667099878613,1.7033985617440406,3.8629140062332647e-22,7.130751228793842e-22,2.0943753721495062e-21,4.188750744299012e-22,3.7787681470226526,3.7787681470226526,3.1361459533279015,3.7787681470226526,6.975422068477102,6.975422068477102,5.789172778447649,2.405489399345254,2.405489399345254,1.996408763917888,2.4111312433286113e+21,2.0010911486235108e+21,20.487535915676208,4.097507183135241,20.487535915676208,4.097507183135241,17.003399085554644,3.4006798171109285,1.8459513251621804,5.4217499244611345,1.084349984892227,1.8459513251621804,0.3448521646046328,5.4217499244611345,1.084349984892227,3.158575761708299e-11,0.3448521646046356,3.8629140062332647e-22,7.130751228793842e-22,1.8459513251621804,0.9256725727644503,2.899793310407302,1305041.7113950083,2.9371034060092533,0.00035107667099878613,2.0943753721495062e-21,4.188750744299012e-22,1.7033985617440406,20.487535915676208,4.097507183135241,17.003399085554644,3.4006798171109285,5.4217499244611345,1.084349984892227,2.9371034060092533
15,4.000000000000003,overdensity_lt_24.8844221106,1844628,63904698193.215256,0.9985109092108667,1104.198876283741,proper pMpc/h,5.025371265570352e+27,redshift_table,7.785328521538248e-12,6.3e-18,0,5995849160.0,2.1012957474345968e-05,1.6795297706197548e-09,9.242560351319344e-11,2.1012865048743152e-05,2.270020927220454e-05,4.6247831241382743e-29,8.137083041082355e-57,3.8043985270330083,3.8037620673644605,0.0003510684041468325,1.7033584515775408,3.904389512195544e-22,7.195636871516568e-22,2.094326055596835e-21,4.1886521111936706e-22,3.8089675973200663,3.8089675973200663,3.1612238857650583,3.8089675973200663,7.019778021654378,7.019778021654378,5.8260117440840755,2.398956551969381,2.398956551969381,1.9909958694145702,2.4045830737876636e+21,1.995665558696844e+21,20.431414588821806,4.086282917764361,20.431414588821806,4.086282917764361,16.95689820611641,3.391379641223282,1.8429608134743367,5.364029508467609,1.0728059016935219,1.8429608134743365,0.3417425087473079,5.364029508467609,1.0728059016935219,3.158575761708299e-11,0.3417425087473108,3.904389512195544e-22,7.195636871516568e-22,1.8429608134743367,0.9256683406206537,2.926179724218663,1305041.7113950083,2.9105499526901926,0.0003510684041468325,2.094326055596835e-21,4.1886521111936706e-22,1.7033584515775408,20.431414588821806,4.086282917764361,16.95689820611641,3.391379641223282,5.364029508467609,1.0728059016935219,2.9105499526901926
15,4.000000000000003,overdensity_lt_25.391959799,1846975,63907557673.868935,0.9985555885960778,1104.198876283741,proper pMpc/h,5.025371265570352e+27,redshift_table,7.785328521538248e-12,6.3e-18,0,5995849160.0,2.1039659260768047e-05,1.6965318541864877e-09,9.321195062181853e-11,2.1039566048818142e-05,2.272914597794815e-05,4.6306615070223825e-29,8.219483677717854e-57,3.8331733965846033,3.8325216264076154,0.000351060953774234,1.703322302909694,3.943979559370103e-22,7.256856577242656e-22,2.094281609815692e-21,4.1885632196313843e-22,3.8378149689208025,3.8378149689208025,3.185178178043295,3.8378149689208025,7.06151550235247,7.06151550235247,5.860674697491304,2.3928618120171414,2.3928618120171414,1.985945463351341,2.398474039209167e+21,1.9906033073920315e+21,20.3790744609485,4.0758148921897,20.3790744609485,4.0758148921897,16.913526000443326,3.3827052000886653,1.839983313301364,5.310072170227404,1.0620144340454807,1.839983313301364,0.3388595282726469,5.310072170227404,1.0620144340454807,3.158575761708299e-11,0.3388595282726502,3.943979559370103e-22,7.256856577242656e-22,1.839983313301364,0.9256646100663334,2.951075347054691,1305041.7113950083,2.885934960301287,0.000351060953774234,2.094281609815692e-21,4.1885632196313843e-22,1.703322302909694,20.3790744609485,4.0758148921897,16.913526000443326,3.3827052000886653,5.310072170227404,1.0620144340454807,2.885934960301287
15,4.000000000000003,overdensity_lt_25.8994974874,1849287,63910336709.06306,0.9985990110209835,1104.198876283741,proper pMpc/h,5.025371265570352e+27,redshift_table,7.785328521538248e-12,6.3e-18,0,5995849160.0,2.1066126530321005e-05,1.7137015686606136e-09,9.40155229662431e-11,2.106603251479877e-05,2.2757818422828846e-05,4.6364883476457554e-29,8.302699146526924e-57,3.8622551056882695,3.86158694442355,0.0003510536639367296,1.703286933146488,3.983946275351735e-22,7.319417324164352e-22,2.0942381217192238e-21,4.1884762434384472e-22,3.866957224048681,3.866957224048681,3.2093758247571853,3.866957224048681,7.104481772913846,7.104481772913846,5.89635486723727,2.386844557093094,2.386844557093094,1.980958354374445,2.392442671392542e+21,1.985604501630779e+21,20.327405727742416,4.065481145548484,20.327405727742416,4.065481145548484,16.87070240056681,3.3741404801133617,1.8372279188223075,5.25669267850337,1.051338535700674,1.8372279188223075,0.3359632177807881,5.256692678503369,1.051338535700674,3.158575761708299e-11,0.3359632177807921,3.983946275351735e-22,7.319417324164352e-22,1.8372279188223075,0.9256613320047844,2.9765163180824037,1305041.7113950083,2.861208794319321,0.0003510536639367296,2.0942381217192238e-21,4.1884762434384472e-22,1.703286933146488,20.327405727742416,4.065481145548484,16.87070240056681,3.3741404801133617,5.25669267850337,1.051338535700674,2.861208794319321
15,4.000000000000003,overdensity_lt_26.4070351759,1851494,63912917196.825554,0.9986393311422701,1104.198876283741,proper pMpc/h,5.025371265570352e+27,redshift_table,7.785328521538248e-12,6.3e-18,0,5995849160.0,2.1091184937644265e-05,1.7302588197320842e-09,9.479014073502201e-11,2.109109014750434e-05,2.27849785262576e-05,4.642005062048782e-29,8.382947341856812e-57,3.8903217271165955,3.889637352236835,0.0003510469505822323,1.7032543604370496,4.02250656169745e-22,7.379723862250021e-22,2.0941980726772762e-21,4.188396145354553e-22,3.895097943173893,3.895097943173893,3.232743759594378,3.895097943173893,7.14597895519937,7.14597895519937,5.930818482779855,2.3811670440141746,2.3811670440141746,1.9762540029522844,2.38675184225286e+21,1.980889116604906e+21,20.27866575323071,4.055733150646143,20.27866575323071,4.055733150646143,16.83031623929826,3.366063247859652,1.8346082844264808,5.206201756433058,1.0412403512866115,1.8346082844264808,0.33321775210122223,5.206201756433058,1.0412403512866115,3.158575761708299e-11,0.33321775210122706,4.02250656169745e-22,7.379723862250021e-22,1.8346082844264808,0.9256576706095551,3.001040591907641,1305041.7113950083,2.8377729462071923,0.0003510469505822323,2.0941980726772762e-21,4.188396145354553e-22,1.7032543604370496,20.27866575323071,4.055733150646143,16.83031623929826,3.366063247859652,5.206201756433058,1.0412403512866115,2.8377729462071923
15,4.000000000000003,overdensity_lt_26.9145728643,1853602,63915370295.06021,0.9986776608021845,1104.198876283741,proper pMpc/h,5.025371265570352e+27,redshift_table,7.785328521538248e-12,6.3e-18,0,5995849160.0,2.111546573694928e-05,1.746595061972646e-09,9.55484726401799e-11,2.111537018847748e-05,2.281128611950259e-05,4.647350543265876e-29,8.46212326607437e-57,3.9180365532702845,3.9173366706777273,0.00035104048964927897,1.7032230124586463,4.0605385903168e-22,7.4387624923501835e-22,2.0941595294758154e-21,4.18831905895163e-22,3.9228747631711216,3.9228747631711216,3.2558080511617553,3.9228747631711216,7.186567249983393,7.186567249983393,5.964524723648607,2.3756860259991703,2.3756860259991703,1.9717116037189104,2.3812579690373636e+21,1.9763360636110992e+21,20.231615549291085,4.046323109858216,20.231615549291085,4.046323109858216,16.79132288692896,3.3582645773857913,1.8319644862111302,5.157344236229585,1.0314688472459168,1.8319644862111304,0.330573129473555,5.157344236229585,1.0314688472459168,3.158575761708299e-11,0.33057312947355894,4.0605385903168e-22,7.4387624923501835e-22,1.8319644862111302,0.9256545237238868,3.0250492579130985,1305041.7113950083,2.8151988070991525,0.00035104048964927897,2.0941595294758154e-21,4.18831905895163e-22,1.7032230124586463,20.231615549291085,4.046323109858216,16.79132288692896,3.3582645773857913,5.157344236229585,1.0314688472459168,2.8151988070991525
15,4.000000000000003,overdensity_lt_27.4221105528,1855694,63917747121.75936,0.9987147987193565,1104.198876283741,proper pMpc/h,5.025371265570352e+27,redshift_table,7.785328521538248e-12,6.3e-18,0,5995849160.0,2.1139439235394972e-05,1.7630152031167437e-09,9.630446269466377e-11,2.1139342930933107e-05,2.2837271419660972e-05,4.652628622854531e-29,8.541713182570259e-57,3.945919382853047,3.945200978361044,0.0003510342213640608,1.7031925991930912,4.098781213287315e-22,7.49761880168191e-22,2.0941221355295036e-21,4.188244271059007e-22,3.9508297220084265,3.9508297220084265,3.279021710421451,3.9508297220084265,7.226981306039686,7.226981306039686,5.998089077670344,2.370291816688627,2.370291816688627,1.9672420412503246,2.375851108127793e+21,1.9718560182137054e+21,20.18531740056008,4.037063480112017,20.18531740056008,4.037063480112017,16.752960427395315,3.350592085479063,1.8292312791364265,5.109133731609866,1.0218267463219732,1.8292312791364265,0.32797813033053536,5.109133731609866,1.0218267463219732,3.158575761708299e-11,0.32797813033053924,4.098781213287315e-22,7.49761880168191e-22,1.8292312791364265,0.9256509914198379,3.048983781303318,1305041.7113950083,2.7930496213807747,0.0003510342213640608,2.0941221355295036e-21,4.188244271059007e-22,1.7031925991930912,20.18531740056008,4.037063480112017,16.752960427395315,3.350592085479063,5.109133731609866,1.0218267463219732,2.7930496213807747
15,4.000000000000003,overdensity_lt_27.9296482412,1857795,63920084783.18255,0.9987513246790917,1104.198876283741,proper pMpc/h,5.025371265570352e+27,redshift_table,7.785328521538248e-12,6.3e-18,0,5995849160.0,2.1163449635410207e-05,1.7797462176693302e-09,9.711777701129567e-11,2.116335251763405e-05,2.2863303756155463e-05,4.6579146957491333e-29,8.622806062320531e-57,3.9743449352615747,3.973609274653891,0.0003510280327302665,1.7031625723904722,4.1377580659997896e-22,7.560937993144404e-22,2.0940852167499984e-21,4.1881704334999973e-22,3.979338782466366,3.979338782466366,3.302696425409289,3.979338782466366,7.2714579509068065,7.2714579509068065,6.0350272984521505,2.3649069761289687,2.3649069761289687,1.9627808144662917,2.370453637942612e+21,1.9673843280514109e+21,20.139105244639932,4.027821048927987,20.139105244639932,4.027821048927987,16.714674105025374,3.3429348210050756,1.8273030642543102,5.060917490457512,1.0121834980915025,1.82730306425431,0.3252314724358747,5.060917490457512,1.0121834980915025,3.158575761708299e-11,0.32523147243587835,4.1377580659997896e-22,7.560937993144404e-22,1.8273030642543102,0.9256471743256379,3.074733181602395,1305041.7113950083,2.7696103560811256,0.0003510280327302665,2.0940852167499984e-21,4.1881704334999973e-22,1.7031625723904722,20.139105244639932,4.027821048927987,16.714674105025374,3.3429348210050756,5.060917490457512,1.0121834980915025,2.7696103560811256
15,4.000000000000003,overdensity_lt_28.4371859296,1859780,63922260486.15021,0.9987853200379594,1104.198876283741,proper pMpc/h,5.025371265570352e+27,redshift_table,7.785328521538248e-12,6.3e-18,0,5995849160.0,2.1186206020901416e-05,1.795879047859091e-09,9.784240496192907e-11,2.1186108178497325e-05,2.2887970454234597e-05,4.662924712560773e-29,8.701000418233797e-57,4.00177238275521,4.001019806589579,0.0003510223166891194,1.7031348385731233,4.1753326040975904e-22,7.617352659660106e-22,2.0940511172589372e-21,4.1881022345178734e-22,4.006838887362595,4.006838887362595,3.3255323344670686,4.006838887362595,7.309957732595432,7.309957732595432,6.067002314469107,2.3598209101944985,2.3598209101944985,1.9585665810408581,2.3653556431297614e+21,1.963160210546878e+21,20.095466024727948,4.019093204945588,20.095466024727948,4.019093204945588,16.678514889178683,3.335702977835736,1.8243702674571562,5.015291752335792,1.0030583504671582,1.8243702674571562,0.3228227845520844,5.015291752335793,1.0030583504671582,3.158575761708299e-11,0.3228227845520882,4.1753326040975904e-22,7.617352659660106e-22,1.8243702674571562,0.925643810177918,3.0976747858348515,1305041.7113950083,2.749053655279203,0.0003510223166891194,2.0940511172589372e-21,4.1881022345178734e-22,1.7031348385731233,20.095466024727948,4.019093204945588,16.678514889178683,3.335702977835736,5.015291752335792,1.0030583504671582,2.749053655279203
15,4.000000000000003,overdensity_lt_28.9447236181,1861718,63924350414.62774,0.9988179751704189,1104.198876283741,proper pMpc/h,5.025371265570352e+27,redshift_table,7.785328521538248e-12,6.3e-18,0,5995849160.0,2.1208460420769044e-05,1.8119267717700026e-09,9.86153678183945e-11,2.1208361805402066e-05,2.291209821739758e-05,4.667824555340332e-29,8.778792943523626e-57,4.029078762393008,4.0283050961429,0.00035101671855756713,1.703107676844583,4.2127167232438066e-22,7.6775303573854185e-22,2.0940177211667963e-21,4.1880354423335927e-22,4.034219680325147,4.034219680325147,3.3482698411851346,4.034219680325147,7.352225677355494,7.352225677355494,6.102105847416884,2.3548623640353634,2.3548623640353634,1.954458422801123,2.3603854671776113e+21,1.9590424170171875e+21,20.052920850505053,4.01058417010101,20.052920850505053,4.01058417010101,16.643265719730742,3.3286531439461484,1.8224653737158223,4.97070621818216,0.994141243636432,1.8224653737158225,0.32029244848784055,4.97070621818216,0.994141243636432,3.158575761708299e-11,0.3202924484878448,4.2127167232438066e-22,7.6775303573854185e-22,1.8224653737158223,0.9256403147442064,3.1221466654027292,1305041.7113950083,2.7274626392749473,0.00035101671855756713,2.0940177211667963e-21,4.1880354423335927e-22,1.703107676844583,20.052920850505053,4.01058417010101,16.643265719730742,3.3286531439461484,4.97070621818216,0.994141243636432,2.7274626392749473
15,4.000000000000003,overdensity_lt_29.4522613065,1863578,63926310046.566696,0.9988485944194633,1104.198876283741,proper pMpc/h,5.025371265570352e+27,redshift_table,7.785328521538248e-12,6.3e-18,0,5995849160.0,2.122969259595415e-05,1.827491972144531e-09,9.937156259075255e-11,2.1229593224392467e-05,2.2935116249348936e-05,4.672498972858993e-29,8.854235111757929e-57,4.0555767132664675,4.054787196833269,0.0003510115617283214,1.703082656282848,4.248974612614366e-22,7.736402604676194e-22,2.0939869576981215e-21,4.1879739153962426e-22,4.060792427811712,4.060792427811712,3.370336046724424,4.060792427811712,7.393766256523214,7.393766256523214,6.136604462898773,2.3501462869986005,2.3501462869986005,1.9505510037643847,2.355658329035835e+21,1.9551258335049836e+21,20.012466905574247,4.002493381114849,20.012466905574247,4.002493381114849,16.60974792353112,3.321949584706224,1.8207693173097208,4.928217154984848,0.9856434309969695,1.8207693173097208,0.31785509650445926,4.928217154984848,0.9856434309969696,3.158575761708299e-11,0.31785509650446353,4.248974612614366e-22,7.736402604676194e-22,1.8207693173097208,0.9256370446779452,3.14608767012788,1305041.7113950083,2.7066675103392774,0.0003510115617283214,2.0939869576981215e-21,4.1879739153962426e-22,1.703082656282848,20.012466905574247,4.002493381114849,16.60974792353112,3.321949584706224,4.928217154984848,0.9856434309969695,2.7066675103392774
15,4.000000000000003,overdensity_lt_29.959798995,1865405,63928211235.600624,0.9988783004981167,1104.198876283741,proper pMpc/h,5.025371265570352e+27,redshift_table,7.785328521538248e-12,6.3e-18,0,5995849160.0,2.1250641729149622e-05,1.8430979065017694e-09,1.0010308068383325e-10,2.1250541626069856e-05,2.2957822366781535e-05,4.677111218529295e-29,8.92987927566535e-57,4.082161600377398,4.081354390693419,0.00035100641777797796,1.7030576982086139,4.28531956055828e-22,7.793353691417019e-22,2.0939562710595472e-21,4.187912542119094e-22,4.08744377026914,4.08744377026914,3.392466710815767,4.08744377026914,7.433493475883636,7.433493475883636,6.169596593702116,2.3455074666382805,2.3455074666382805,1.946707146999175,2.351008628768604e+21,1.9512729613435016e+21,19.972672736320536,3.9945345472641067,19.972672736320536,3.9945345472641067,16.576772964273363,3.3153545928546726,1.8186166938742188,4.886348010851149,0.9772696021702298,1.8186166938742188,0.315532323294259,4.886348010851149,0.9772696021702297,3.158575761708299e-11,0.31553232329426323,4.28531956055828e-22,7.793353691417019e-22,1.8186166938742188,0.925634029506997,3.169247415160719,1305041.7113950083,2.6868487610996845,0.00035100641777797796,2.0939562710595472e-21,4.187912542119094e-22,1.7030576982086139,19.972672736320536,3.9945345472641067,16.576772964273363,3.3153545928546726,4.886348010851149,0.9772696021702298,2.6868487610996845
15,4.000000000000003,overdensity_lt_30.4673366834,1867177,63930037097.517685,0.9989068295905691,1104.198876283741,proper pMpc/h,5.025371265570352e+27,redshift_table,7.785328521538248e-12,6.3e-18,0,5995849160.0,2.127110203292655e-05,1.858585639191177e-09,1.0087089019318376e-10,2.1271001162037274e-05,2.2980003760134653e-05,4.681615761035056e-29,9.004947901843878e-57,4.108560357953145,4.107736674910323,0.0003510014984150403,1.7030338298161944,4.321397280754693e-22,7.853130184139575e-22,2.093926924214728e-21,4.1878538484294564e-22,4.113916196254389,4.113916196254389,3.414449494235257,4.113916196254389,7.476081775611212,7.476081775611212,6.204964423154392,2.340989619876484,2.340989619876484,1.9429639405087624,2.3464801858318345e+21,1.947520975522354e+21,19.933922589491026,3.986784517898205,19.933922589491026,3.986784517898205,16.54466660399701,3.308933320799402,1.8172664242450989,4.845485818996588,0.9690971637993175,1.8172664242450989,0.3131305528938111,4.845485818996588,0.9690971637993174,3.158575761708299e-11,0.3131305528938156,4.321397280754693e-22,7.853130184139575e-22,1.8172664242450989,0.9256308825735646,3.1935561405887656,1305041.7113950083,2.666359623636047,0.0003510014984150403,2.093926924214728e-21,4.1878538484294564e-22,1.7030338298161944,19.933922589491026,3.986784517898205,16.54466660399701,3.308933320799402,4.845485818996588,0.9690971637993175,2.666359623636047
15,4.000000000000003,overdensity_lt_30.9748743719,1868871,63931744986.19579,0.998933515351163,1104.198876283741,proper pMpc/h,5.025371265570352e+27,redshift_table,7.785328521538248e-12,6.3e-18,0,5995849160.0,2.1290563217205483e-05,1.8735536858279588e-09,1.0160815375469193e-10,2.1290461609052595e-05,2.300109783904619e-05,4.685900536058729e-29,9.077504225262487e-57,4.134093815242121,4.133251589417622,0.00035099692623612167,1.7030116459354716,4.35625763862307e-22,7.910528574472573e-22,2.0938996485233618e-21,4.1877992970467233e-22,4.1395123906964315,4.1395123906964315,3.435703969838399,4.1395123906964315,7.516940862418251,7.516940862418251,6.238895097909322,2.3367049132247697,2.3367049132247697,1.939413532074623,2.342185429812848e+21,1.9439622399467738e+21,19.897178401682094,3.9794356803364184,19.897178401682094,3.9794356803364184,16.51421915703965,3.3028438314079303,1.8159000754080608,4.806647866642717,0.9613295733285433,1.8159000754080608,0.3108584936336769,4.806647866642717,0.9613295733285432,3.158575761708299e-11,0.31085849363368107,4.35625763862307e-22,7.910528574472573e-22,1.8159000754080608,0.9256280616706193,3.2168977862268435,1305041.7113950083,2.646978174480547,0.00035099692623612167,2.0938996485233618e-21,4.1877992970467233e-22,1.7030116459354716,19.897178401682094,3.9794356803364184,16.51421915703965,3.3028438314079303,4.806647866642717,0.9613295733285433,2.646978174480547
15,4.000000000000003,overdensity_lt_31.4824120603,1870512,63933367947.80969,0.9989588741263787,1104.198876283741,proper pMpc/h,5.025371265570352e+27,redshift_table,7.785328521538248e-12,6.3e-18,0,5995849160.0,2.130936239653683e-05,1.8882402690713113e-09,1.0233392157036581e-10,2.1309260062616094e-05,2.3021481627526037e-05,4.690039655276358e-29,9.148699493534111e-57,4.159166754930746,4.158305041166366,0.000350992528890187,1.702990310331715,4.39047452052159e-22,7.967031983226375e-22,2.093873415811851e-21,4.1877468316237025e-22,4.164655608209939,4.164655608209939,3.4565833291371857,4.164655608209939,7.557257028743646,7.557257028743646,6.272376666167612,2.332576384222282,2.332576384222282,1.9359931293592316,2.3380472177427405e+21,1.9405338150058488e+21,19.861774902195666,3.972354980439134,19.861774902195666,3.972354980439134,16.484887700837728,3.2969775401675463,1.8146175193564016,4.7691278152847545,0.953825563056951,1.8146175193564016,0.30865383767555415,4.7691278152847545,0.9538255630569511,3.158575761708299e-11,0.30865383767555815,4.39047452052159e-22,7.967031983226375e-22,1.8146175193564016,0.9256250491339925,3.239875478402932,1305041.7113950083,2.6281724740408334,0.000350992528890187,2.093873415811851e-21,4.1877468316237025e-22,1.702990310331715,19.861774902195666,3.972354980439134,16.484887700837728,3.2969775401675463,4.7691278152847545,0.953825563056951,2.6281724740408334
15,4.000000000000003,overdensity_lt_31.9899497487,1872155,63934973919.5429,0.9989839674347086,1104.198876283741,proper pMpc/h,5.025371265570352e+27,redshift_table,7.785328521538248e-12,6.3e-18,0,5995849160.0,2.1328259260023423e-05,1.90322598720378e-09,1.0308493368779863e-10,2.132815617509057e-05,2.3041982720999555e-05,4.694200306434553e-29,9.221345708458318e-57,4.184764945887883,4.183883051225858,0.0003509880879416013,1.702968763171056,4.425407264045453e-22,8.025500743805077e-22,2.0938469229853117e-21,4.187693845970623e-22,4.190340925319512,4.190340925319512,3.4779145085746865,4.190340925319512,7.599206628093786,7.599206628093786,6.307217349740839,2.328436271434571,2.328436271434571,1.9325640646044486,2.333897394718756e+21,1.9370967077095518e+21,19.826271186437786,3.965254237287557,19.826271186437786,3.965254237287557,16.455481174241335,3.2910962348482666,1.8135055747318103,4.7314219868461045,0.9462843973692208,1.8135055747318103,0.3064051795652574,4.7314219868461045,0.9462843973692208,3.158575761708299e-11,0.30640517956526125,4.425407264045453e-22,8.025500743805077e-22,1.8135055747318103,0.9256215679587733,3.263652401107697,1305041.7113950083,2.608992248367259,0.0003509880879416013,2.0938469229853117e-21,4.187693845970623e-22,1.702968763171056,19.826271186437786,3.965254237287557,16.455481174241335,3.2910962348482666,4.7314219868461045,0.9462843973692208,2.608992248367259
15,4.000000000000003,overdensity_lt_32.4974874372,1873714,63936483562.74308,0.99900755560971,1104.198876283741,proper pMpc/h,5.025371265570352e+27,redshift_table,7.785328521538248e-12,6.3e-18,0,5995849160.0,2.1346310864444285e-05,1.9177629497444147e-09,1.0378573225194402e-10,2.1346207078712835e-05,2.306156151749481e-05,4.6981749208837784e-29,9.291818882927627e-57,4.20961493355618,4.208712545977566,0.00035098394156196075,1.7029486452375686,4.459284997315745e-22,8.080060214298016e-22,2.0938221874328807e-21,4.1876443748657615e-22,4.215266856651618,4.215266856651618,3.4986141669732014,4.215266856651618,7.637908328707829,7.637908328707829,6.339360043763971,2.3244921622407606,2.3244921622407606,1.9292968835414888,2.329944034996246e+21,1.9338218637877044e+21,19.79245389276625,3.9584907785532497,19.79245389276625,3.9584907785532497,16.427467570440207,3.2854935140880412,1.8119631777654464,4.69542132582522,0.9390842651650441,1.8119631777654464,0.3043362216726179,4.695421325825221,0.9390842651650441,3.158575761708299e-11,0.30433622167262164,4.459284997315745e-22,8.080060214298016e-22,1.8119631777654464,0.9256184609407007,3.285839570801115,1305041.7113950083,2.591344781970525,0.00035098394156196075,2.0938221874328807e-21,4.1876443748657615e-22,1.7029486452375686,19.79245389276625,3.9584907785532497,16.427467570440207,3.2854935140880412,4.69542132582522,0.9390842651650441,2.591344781970525
15,4.000000000000003,overdensity_lt_33.0050251256,1875231,63937935440.784615,0.9990302412041077,1104.198876283741,proper pMpc/h,5.025371265570352e+27,redshift_table,7.785328521538248e-12,6.3e-18,0,5995849160.0,2.1363940751742818e-05,1.9321702913771153e-09,1.0452916702453541e-10,2.13638362225766e-05,2.30806770322798e-05,4.702056455750599e-29,9.36165578533874e-57,4.234254816867564,4.233335323974255,0.000350979887692203,1.7029289761553272,4.49285051982308e-22,8.137939053687604e-22,2.0937980037554e-21,4.187596007510799e-22,4.239976588390858,4.239976588390858,3.519133321119678,4.239976588390858,7.679906311849837,7.679906311849837,6.374236659491827,2.320650457599588,2.320650457599588,1.9261140201506939,2.3260933200064013e+21,1.930631535297011e+21,19.759514538872295,3.9519029077744583,19.759514538872295,3.9519029077744583,16.400176881468216,3.2800353762936423,1.8113086597877868,4.66028859521872,0.9320577190437439,1.8113086597877868,0.3021717145193428,4.66028859521872,0.9320577190437439,3.158575761708299e-11,0.3021717145193464,4.49285051982308e-22,8.137939053687604e-22,1.8113086597877868,0.925615665116665,3.3093765959883568,1305041.7113950083,2.572884842147622,0.000350979887692203,2.0937980037554e-21,4.187596007510799e-22,1.7029289761553272,19.759514538872295,3.9519029077744583,16.400176881468216,3.2800353762936423,4.66028859521872,0.9320577190437439,2.572884842147622
15,4.000000000000003,overdensity_lt_33.5125628141,1876730,63939340582.100334,0.9990521965371646,1104.198876283741,proper pMpc/h,5.025371265570352e+27,redshift_table,7.785328521538248e-12,6.3e-18,0,5995849160.0,2.1381266326381495e-05,1.946537547413411e-09,1.0523133844498004e-10,2.1381161095043854e-05,2.3099468040697555e-05,4.705871277096392e-29,9.431308641141659e-57,4.258845355623739,4.257904721692491,0.0003509760183291551,1.7029102022862692,4.526332325443258e-22,8.192605405553568e-22,2.093774920767144e-21,4.187549841534288e-22,4.264640682401285,4.264640682401285,3.53961535993082,4.264640682401285,7.718946775292938,7.718946775292938,6.406659928247728,2.316883786772694,2.316883786772694,1.9229937642056292,2.322317814815428e+21,1.9275039610917888e+21,19.72722519003433,3.945445038006865,19.72722519003433,3.945445038006865,16.37342849999321,3.274685699998642,1.8099876050862607,4.625764902408272,0.9251529804816544,1.8099876050862607,0.300155429778147,4.625764902408273,0.9251529804816544,3.158575761708299e-11,0.30015542977815046,4.526332325443258e-22,8.192605405553568e-22,1.8099876050862607,0.9256127049061771,3.3316072300911417,1305041.7113950083,2.5556887182041317,0.0003509760183291551,2.093774920767144e-21,4.187549841534288e-22,1.7029102022862692,19.72722519003433,3.945445038006865,16.37342849999321,3.274685699998642,4.625764902408272,0.9251529804816544,2.5556887182041317
15,4.000000000000003,overdensity_lt_34.0201005025,1878106,63940603616.59134,0.9990719314510853,1104.198876283741,proper pMpc/h,5.025371265570352e+27,redshift_table,7.785328521538248e-12,6.3e-18,0,5995849160.0,2.139707435736032e-05,1.959835124059151e-09,1.0592789560973963e-10,2.139696842946554e-05,2.31166070208198e-05,4.709351757031586e-29,9.495768339441006e-57,4.281617332776916,4.280660103496274,0.0003509724778875676,1.7028930243202967,4.5573103508453095e-22,8.246834669170411e-22,2.093753799985617e-21,4.1875075999712337e-22,4.287474418266518,4.287474418266518,3.5585763937141848,4.287474418266518,7.758543955467765,7.758543955467765,6.439541948493841,2.3134556523404988,2.3134556523404988,1.9201534211490647,2.3188816400237013e+21,1.9246569562838202e+21,19.69783746222499,3.939567492444997,19.69783746222499,3.939567492444997,16.349079332497478,3.269815866499495,1.8095837312551586,4.5942752167344905,0.9188550433468979,1.8095837312551584,0.2981816775955895,4.5942752167344905,0.9188550433468978,3.158575761708299e-11,0.2981816775955928,4.5573103508453095e-22,8.246834669170411e-22,1.8095837312551586,0.9256102511149028,3.353660117762985,1305041.7113950083,2.538857493788266,0.0003509724778875676,2.093753799985617e-21,4.1875075999712337e-22,1.7028930243202967,19.69783746222499,3.939567492444997,16.349079332497478,3.269815866499495,4.5942752167344905,0.9188550433468979,2.538857493788266
15,4.000000000000003,overdensity_lt_34.527638191,1879573,63941960813.37518,0.9990931376508316,1104.198876283741,proper pMpc/h,5.025371265570352e+27,redshift_table,7.785328521538248e-12,6.3e-18,0,5995849160.0,2.1414317865161972e-05,1.9745500118942504e-09,1.067095498810601e-10,2.141421115561287e-05,2.3135311750919474e-05,4.7131483159998703e-29,9.567099436490076e-57,4.306833422513849,4.305857454381314,0.0003509687424902003,1.7028749004430115,4.591607086919836e-22,8.307689022095341e-22,2.0937315161801196e-21,4.187463032360239e-22,4.312772540687749,4.312772540687749,3.579585236380929,4.312772540687749,7.803187949842838,7.803187949842838,6.476617099196403,2.3097239515956574,2.3097239515956574,1.9170623257420336,2.3151411869337442e+21,1.9215586110098684e+21,19.66585472062147,3.933170944124294,19.66585472062147,3.933170944124294,16.322586585455067,3.264517317091013,1.8093205417688176,4.559910019619398,0.9119820039238795,1.8093205417688176,0.29599747775422697,4.559910019619398,0.9119820039238794,3.158575761708299e-11,0.2959974777542301,4.591607086919836e-22,8.307689022095341e-22,1.8093205417688176,0.9256072010683755,3.378407166125621,1305041.7113950083,2.520233377310559,0.0003509687424902003,2.0937315161801196e-21,4.187463032360239e-22,1.7028749004430115,19.66585472062147,3.933170944124294,16.322586585455067,3.264517317091013,4.559910019619398,0.9119820039238795,2.520233377310559
15,4.000000000000003,overdensity_lt_35.0351758794,1880992,63943245231.469025,0.9991132066835468,1104.198876283741,proper pMpc/h,5.025371265570352e+27,redshift_table,7.785328521538248e-12,6.3e-18,0,5995849160.0,2.1430874095349727e-05,1.9888750644580467e-09,1.0743856341618111e-10,2.1430766656787076e-05,2.315324600775466e-05,4.716793487908663e-29,9.63653834978472e-57,4.331390399373317,4.330397198384439,0.0003509652420301196,1.7028579164644122,4.62494991558809e-22,8.364445120771001e-22,2.0937106339114023e-21,4.187421267822804e-22,4.337372415164138,4.337372415164138,3.600010311907709,4.337372415164138,7.844347332866896,7.844347332866896,6.510792384296079,2.3061519592398634,2.3061519592398634,1.9141014511606096,2.3115608168134974e+21,1.9185907919819432e+21,19.63524560180758,3.9270491203615157,19.63524560180758,3.9270491203615157,16.29721404512432,3.2594428090248635,1.808548259642594,4.526990934225446,0.9053981868450891,1.808548259642594,0.2939890167251209,4.526990934225446,0.9053981868450891,3.158575761708299e-11,0.29398901672512423,4.62494991558809e-22,8.364445120771001e-22,1.808548259642594,0.9256052758049269,3.401487617256758,1305041.7113950083,2.5031076224198032,0.0003509652420301196,2.0937106339114023e-21,4.187421267822804e-22,1.7028579164644122,19.63524560180758,3.9270491203615157,16.29721404512432,3.2594428090248635,4.526990934225446,0.9053981868450891,2.5031076224198032
15,4.000000000000003,overdensity_lt_35.5427135678,1882305,63944404159.07441,0.9991313149273798,1104.198876283741,proper pMpc/h,5.025371265570352e+27,redshift_table,7.785328521538248e-12,6.3e-18,0,5995849160.0,2.1446033137762714e-05,2.002176439749049e-09,1.0814805201184975e-10,2.144592498971144e-05,2.316969635353964e-05,4.7201313418995737e-29,9.701026459818158e-57,4.354211517774175,4.353197801446979,0.00035096200969161396,1.7028422333922617,4.65596449454924e-22,8.4196811387666605e-22,2.093691351142936e-21,4.187382702285872e-22,4.360274267284685,4.360274267284685,3.6190300967206843,4.360274267284685,7.884965413951402,7.884965413951402,6.5445257328874975,2.302885736276228,2.302885736276228,1.911396457655056,2.3082869332381042e+21,1.9158794541743368e+21,19.607255452038974,3.921451090407795,19.607255452038974,3.921451090407795,16.274033064256965,3.2548066128513935,1.8083645501643368,4.49679406617905,0.89935881323581,1.8083645501643368,0.292060347176866,4.49679406617905,0.89935881323581,3.158575761708299e-11,0.29206034717686963,4.65596449454924e-22,8.4196811387666605e-22,1.8083645501643368,0.9256023325672603,3.4239499119488728,1305041.7113950083,2.4866634693598697,0.00035096200969161396,2.093691351142936e-21,4.187382702285872e-22,1.7028422333922617,19.607255452038974,3.921451090407795,16.274033064256965,3.2548066128513935,4.49679406617905,0.89935881323581,2.4866634693598697
15,4.000000000000003,overdensity_lt_36.0502512563,1883652,63945590659.35142,0.9991498539942071,1104.198876283741,proper pMpc/h,5.025371265570352e+27,redshift_table,7.785328521538248e-12,6.3e-18,0,5995849160.0,2.1461774222348748e-05,2.0161772348423523e-09,1.089147886625371e-10,2.1461665307560786e-05,2.3186768424372785e-05,4.7235973226644987e-29,9.768904271391038e-57,4.378245583806737,4.377210810527571,0.0003509586837038241,1.702826095940572,4.688591448709191e-22,8.479374105917715e-22,2.093671509702332e-21,4.187343019404664e-22,4.38437832129517,4.38437832129517,3.6390466921205515,4.38437832129517,7.929201000947166,7.929201000947166,6.581259772567232,2.2995024274347404,2.2995024274347404,1.9085936679861188,2.304895689171196e+21,1.9130700908318535e+21,19.57826370557284,3.9156527411145676,19.57826370557284,3.9156527411145676,16.250015521968496,3.250003104393699,1.808512044326694,4.465459472436519,0.8930918944873038,1.8085120443266938,0.2900043052458953,4.465459472436519,0.8930918944873038,3.158575761708299e-11,0.29000430524589904,4.688591448709191e-22,8.479374105917715e-22,1.808512044326694,0.9255996745541023,3.4482246708444033,1305041.7113950083,2.4691344945391296,0.0003509586837038241,2.093671509702332e-21,4.187343019404664e-22,1.702826095940572,19.57826370557284,3.9156527411145676,16.250015521968496,3.250003104393699,4.465459472436519,0.8930918944873038,2.4691344945391296
15,4.000000000000003,overdensity_lt_36.5577889447,1884984,63946748089.55787,0.9991679388411818,1104.198876283741,proper pMpc/h,5.025371265570352e+27,redshift_table,7.785328521538248e-12,6.3e-18,0,5995849160.0,2.1477347569769306e-05,2.0302172157691214e-09,1.0970900779870375e-10,2.1477237860762192e-05,2.3203649532505697e-05,4.727026200253618e-29,9.836965483015328e-57,4.4023556896618254,4.401302467910741,0.00035095542366392536,1.7028102784632706,4.721292500814844e-22,8.541206674849211e-22,2.0936520616790363e-21,4.187304123358073e-22,4.408546805345234,4.408546805345234,3.6591153207953893,4.408546805345234,7.975423974197987,7.975423974197987,6.6196407438485565,2.2961634016843564,2.2961634016843564,1.9058268071387594,2.3015488320571216e+21,1.9102967405785425e+21,19.549653207096544,3.9099306414193093,19.549653207096544,3.9099306414193093,16.226307380833582,3.2452614761667165,1.809082295446658,4.434489202517519,0.886897840503504,1.8090822954466579,0.28790486989944125,4.434489202517518,0.886897840503504,3.158575761708299e-11,0.2879048698994449,4.721292500814844e-22,8.541206674849211e-22,1.809082295446658,0.9255974078851261,3.4733695208047886,1305041.7113950083,2.451236858421996,0.00035095542366392536,2.0936520616790363e-21,4.187304123358073e-22,1.7028102784632706,19.549653207096544,3.9099306414193093,16.226307380833582,3.2452614761667165,4.434489202517519,0.886897840503504,2.451236858421996
15,4.000000000000003,overdensity_lt_37.0653266332,1886301,63947867520.794205,0.9991854299542485,1104.198876283741,proper pMpc/h,5.025371265570352e+27,redshift_table,7.785328521538248e-12,6.3e-18,0,5995849160.0,2.1492614669558914e-05,2.0441607792080104e-09,1.1038797832979017e-10,2.1492504281581255e-05,2.322021079886809e-05,4.730387681773463e-29,9.90456058925037e-57,4.426309145131566,4.4252371160460084,0.00035095230291904024,1.7027951368352785,4.7537923901162685e-22,8.594066761258719e-22,2.093633444631052e-21,4.1872668892621044e-22,4.4325771573446255,4.4325771573446255,3.6790711476369182,4.4325771573446255,8.013362992850094,8.013362992850094,6.651149328260649,2.292895884311679,2.292895884311679,1.903120192398418,2.2982736510367747e+21,1.9075837777336979e+21,19.521659805377762,3.904331961075553,19.521659805377762,3.904331961075553,16.20311904214523,3.2406238084290457,1.8078338421187394,4.404133106409903,0.8808266212819807,1.8078338421187394,0.28613403465654935,4.404133106409903,0.8808266212819806,3.158575761708299e-11,0.2861340346565529,4.7537923901162685e-22,8.594066761258719e-22,1.8078338421187394,0.9255947100458254,3.49486561848646,1305041.7113950083,2.4361382134811467,0.00035095230291904024,2.093633444631052e-21,4.1872668892621044e-22,1.7027951368352785,19.521659805377762,3.904331961075553,16.20311904214523,3.2406238084290457,4.404133106409903,0.8808266212819807,2.4361382134811467
15,4.000000000000003,overdensity_lt_37.5728643216,1887546,63948906384.846664,0.9992016622050672,1104.198876283741,proper pMpc/h,5.025371265570352e+27,redshift_table,7.785328521538248e-12,6.3e-18,0,5995849160.0,2.1506979903612778e-05,2.057455574967841e-09,1.1105214284867162e-10,2.1506868851470615e-05,2.3235783941774882e-05,4.733550466781281e-29,9.96900562475033e-57,4.449157885058174,4.448069946963533,0.00035094941717075663,1.7027811353937647,4.78476111739782e-22,8.645774150977143e-22,2.0936162294736953e-21,4.1872324589473915e-22,4.455485317178846,4.455485317178846,3.6980934546538435,4.455485317178846,8.05079268121805,8.05079268121805,6.682231361956129,2.289828721277821,2.289828721277821,1.9005787256858733,2.295199294267075e+21,1.9050363502554624e+21,19.4953857493735,3.8990771498747008,19.4953857493735,3.8990771498747008,16.181348002143125,3.2362696004286255,1.8069395605854457,4.375591963956402,0.8751183927912805,1.806939560585446,0.28442276580042053,4.375591963956402,0.8751183927912806,3.158575761708299e-11,0.2844227658004243,4.78476111739782e-22,8.645774150977143e-22,1.8069395605854457,0.925592564699489,3.515892960205889,1305041.7113950083,2.421548600407374,0.00035094941717075663,2.0936162294736953e-21,4.1872324589473915e-22,1.7027811353937647,19.4953857493735,3.8990771498747008,16.181348002143125,3.2362696004286255,4.375591963956402,0.8751183927912805,2.421548600407374
15,4.000000000000003,overdensity_lt_38.0804020101,1888724,63949885735.33563,0.9992169645564565,1104.198876283741,proper pMpc/h,5.025371265570352e+27,redshift_table,7.785328521538248e-12,6.3e-18,0,5995849160.0,2.1520705991227976e-05,2.0703242990644245e-09,1.1170098381710508e-10,2.1520594290244844e-05,2.3250664032893304e-05,4.736572667474784e-29,1.0031390851875237e-56,4.471289018411825,4.470183495027458,0.0003509466877539404,1.7027678924611998,4.814737050939444e-22,8.696288551952011e-22,2.0935999469239498e-21,4.1871998938478993e-22,4.477671469246206,4.477671469246206,3.716516160249958,4.477671469246206,8.087486964591385,8.087486964591385,6.712702395911766,2.286903787823048,2.286903787823048,1.8981550885893863,2.2922675006622558e+21,1.9026070287513142e+21,19.470331715264933,3.894066343052986,19.470331715264933,3.894066343052986,16.16058769880926,3.2321175397618513,1.8061814092745117,4.348316273087955,0.8696632546175911,1.8061814092745114,0.2827706304610523,4.348316273087955,0.869663254617591,3.158575761708299e-11,0.28277063046105577,4.814737050939444e-22,8.696288551952011e-22,1.8061814092745117,0.9255905233415749,3.536435160785638,1305041.7113950083,2.407463752400454,0.0003509466877539404,2.0935999469239498e-21,4.1871998938478993e-22,1.7027678924611998,19.470331715264933,3.894066343052986,16.16058769880926,3.2321175397618513,4.348316273087955,0.8696632546175911,2.407463752400454
15,4.000000000000003,overdensity_lt_38.5879396985,1889883,63950834084.59892,0.9992317825136945,1104.198876283741,proper pMpc/h,5.025371265570352e+27,redshift_table,7.785328521538248e-12,6.3e-18,0,5995849160.0,2.1534174171843483e-05,2.0831122789143417e-09,1.1237725705254279e-10,2.1534061794587108e-05,2.3265260471695267e-05,4.7395379995520494e-29,1.0093381263371563e-56,4.493292173398937,4.49217054769159,0.0003509439819252171,1.7027547639763523,4.844516696017723e-22,8.748938645034061e-22,2.0935838050908188e-21,4.1871676101816383e-22,4.499723788385137,4.499723788385137,3.7348270421333423,4.499723788385137,8.126261052323924,8.126261052323924,6.744898344204017,2.2840396594822794,2.2840396594822794,1.895781493868288,2.2893966547839867e+21,1.9002278669921322e+21,19.44579705647188,3.889159411294376,19.44579705647188,3.889159411294376,16.14025485071216,3.228050970142433,1.8059466390581007,4.321553493275771,0.8643106986551544,1.8059466390581012,0.28106894976369196,4.321553493275772,0.8643106986551544,3.158575761708299e-11,0.281068949763695,4.844516696017723e-22,8.748938645034061e-22,1.8059466390581007,0.9255886827824537,3.557845862521409,1305041.7113950083,2.392957466079782,0.0003509439819252171,2.0935838050908188e-21,4.1871676101816383e-22,1.7027547639763523,19.44579705647188,3.889159411294376,16.14025485071216,3.228050970142433,4.321553493275771,0.8643106986551544,2.392957466079782
15,4.000000000000003,overdensity_lt_39.0954773869,1891059,63951793064.66807,0.9992467665772741,1104.198876283741,proper pMpc/h,5.025371265570352e+27,redshift_table,7.785328521538248e-12,6.3e-18,0,5995849160.0,2.1547971949153833e-05,2.0963782570295207e-09,1.1303755356603328e-10,2.154785891160099e-05,2.3280232357126704e-05,4.742575969020376e-29,1.0157691670934334e-56,4.516129983017209,4.514990529181174,0.0003509412886917201,1.7027416966026292,4.875446421880764e-22,8.800344897825553e-22,2.093567738395497e-21,4.1871354767909937e-22,4.522642163217436,4.522642163217436,3.753859947930491,4.522642163217436,8.16352133563343,8.16352133563343,6.775843560019685,2.2811092249848754,2.2811092249848754,1.8933544259079165,2.2864593472343706e+21,1.8977951065773383e+21,19.420698959433278,3.8841397918866556,19.420698959433278,3.8841397918866556,16.119467637202714,3.2238935274405427,1.805033659754733,4.294104697776326,0.8588209395552652,1.8050336597547325,0.2794271162161271,4.2941046977763255,0.8588209395552652,3.158575761708299e-11,0.2794271162161299,4.875446421880764e-22,8.800344897825553e-22,1.805033659754733,0.9255860758195832,3.578750743813013,1305041.7113950083,2.3789610097131413,0.0003509412886917201,2.093567738395497e-21,4.1871354767909937e-22,1.7027416966026292,19.420698959433278,3.8841397918866556,16.119467637202714,3.2238935274405427,4.294104697776326,0.8588209395552652,2.3789610097131413
15,4.000000000000003,overdensity_lt_39.6030150754,1892245,63952740689.1901,0.99926157321043,1104.198876283741,proper pMpc/h,5.025371265570352e+27,redshift_table,7.785328521538248e-12,6.3e-18,0,5995849160.0,2.1561783645239275e-05,2.109823575872741e-09,1.1367273138854043e-10,2.1561669972508612e-05,2.32952073963302e-05,4.7456169761874404e-29,1.0222870389649277e-56,4.539285396325503,4.538128333306791,0.00035093861118448775,1.702728705531603,4.906769849245559e-22,8.849795578003687e-22,2.093551765516438e-21,4.187103531032876e-22,4.545859254248851,4.545859254248851,3.773138964572198,4.545859254248851,8.198861239164128,8.198861239164128,6.805191510867085,2.2781826447995357,2.2781826447995357,1.89092957452895,2.2835259030367366e+21,1.8953645679427277e+21,19.395634928720384,3.8791269857440764,19.395634928720384,3.8791269857440764,16.098700333445517,3.2197400666891034,1.80358888839353,4.266659798275096,0.8533319596550192,1.80358888839353,0.2778657399294876,4.2666597982750964,0.8533319596550192,3.158575761708299e-11,0.2778657399294903,4.906769849245559e-22,8.849795578003687e-22,1.80358888839353,0.9255839454730642,3.598860371392869,1305041.7113950083,2.3656498583085868,0.00035093861118448775,2.093551765516438e-21,4.187103531032876e-22,1.702728705531603,19.395634928720384,3.8791269857440764,16.098700333445517,3.2197400666891034,4.266659798275096,0.8533319596550192,2.3656498583085868
15,4.000000000000003,overdensity_lt_40.1105527638,1893345,63953613167.51837,0.9992752056843084,1104.198876283741,proper pMpc/h,5.025371265570352e+27,redshift_table,7.785328521538248e-12,6.3e-18,0,5995849160.0,2.1574664090099372e-05,2.1225178296760367e-09,1.1438230246265151e-10,2.1574549707797626e-05,2.3309169126908187e-05,4.748453005071657e-29,1.0284410766245796e-56,4.561158098036687,4.559983401879754,0.0003509360759447846,1.702716404732317,4.936335816071134e-22,8.905038017217027e-22,2.0935366413454652e-21,4.1870732826909308e-22,4.567782713416008,4.567782713416008,3.791343135342801,4.567782713416008,8.240176566782049,8.240176566782049,6.839497152244783,2.275458826730015,2.275458826730015,1.8886724136723017,2.2807956965139593e+21,1.8931021131324242e+21,19.372305362830733,3.874461072566147,19.372305362830733,3.874461072566147,16.079367509626042,3.2158735019252083,1.8039773526397993,4.241074188124678,0.8482148376249357,1.803977352639799,0.2761419986924657,4.241074188124678,0.8482148376249355,3.158575761708299e-11,0.27614199869246797,4.936335816071134e-22,8.905038017217027e-22,1.8039773526397993,0.9255820999167186,3.621325277339191,1305041.7113950083,2.3509575560461564,0.0003509360759447846,2.0935366413454652e-21,4.1870732826909308e-22,1.702716404732317,19.372305362830733,3.874461072566147,16.079367509626042,3.2158735019252083,4.241074188124678,0.8482148376249357,2.3509575560461564
15,4.000000000000003,overdensity_lt_40.6180904523,1894435,63954470974.959984,0.9992886089255828,1104.198876283741,proper pMpc/h,5.025371265570352e+27,redshift_table,7.785328521538248e-12,6.3e-18,0,5995849160.0,2.158748937841461e-05,2.1353126975285466e-09,1.1502434991531601e-10,2.1587374354065415e-05,2.332308277582599e-05,4.7512771253548146e-29,1.0346449127044613e-56,4.5832189259421305,4.582022408571961,0.0003509335883955154,1.7027043353235594,4.966160910539243e-22,8.955023520671128e-22,2.093521801675511e-21,4.187043603351021e-22,4.589911202539521,4.589911202539521,3.8097194385232442,4.589911202539521,8.276566852536847,8.276566852536847,6.869718439193547,2.272750375883678,2.272750375883678,1.8864289315933673,2.278080893256709e+21,1.8908533691820917e+21,19.349109590626938,3.8698219181253872,19.349109590626938,3.8698219181253872,16.060153600519087,3.212030720103817,1.8032084908216879,4.215573839407046,0.843114767881409,1.8032084908216877,0.27460061839373145,4.215573839407045,0.843114767881409,3.158575761708299e-11,0.27460061839373373,4.966160910539243e-22,8.955023520671128e-22,1.8032084908216879,0.9255798027025994,3.6416523963036336,1305041.7113950083,2.3378183171076845,0.0003509335883955154,2.093521801675511e-21,4.187043603351021e-22,1.7027043353235594,19.349109590626938,3.8698219181253872,16.060153600519087,3.212030720103817,4.215573839407046,0.843114767881409,2.3378183171076845
15,4.000000000000003,overdensity_lt_41.1256281407,1895500,63955283193.28413,0.9993012998368968,1104.198876283741,proper pMpc/h,5.025371265570352e+27,redshift_table,7.785328521538248e-12,6.3e-18,0,5995849160.0,2.1599784588217686e-05,2.1477260154274486e-09,1.1566152658644681e-10,2.1599668926691803e-05,2.333642026843733e-05,4.753984277337983e-29,1.0406626740605233e-56,4.604627423356026,4.603414038094863,0.0003509312727590927,1.7026931000234728,4.995094204099878e-22,9.004629817781274e-22,2.093507987565103e-21,4.1870159751302064e-22,4.611387565519237,4.611387565519237,3.8275539736490742,4.611387565519237,8.312923896357821,8.312923896357821,6.8999112393113355,2.2701585136295495,2.2701585136295495,1.8842819251688008,2.2754829520389952e+21,1.8887013271604937e+21,19.326916185582885,3.865383237116577,19.326916185582885,3.865383237116577,16.041769162419314,3.2083538324838634,1.8026946940040582,4.191128138978423,0.8382256277956848,1.8026946940040585,0.27308784994701857,4.191128138978423,0.8382256277956848,3.158575761708299e-11,0.2730878499470212,4.995094204099878e-22,9.004629817781274e-22,1.8026946940040582,0.9255776455099888,3.6618253071090465,1305041.7113950083,2.3249239890251703,0.0003509312727590927,2.093507987565103e-21,4.1870159751302064e-22,1.7026931000234728,19.326916185582885,3.865383237116577,16.041769162419314,3.2083538324838634,4.191128138978423,0.8382256277956848,2.3249239890251703
15,4.000000000000003,overdensity_lt_41.6331658291,1896549,63956078802.670135,0.9993137312335525,1104.198876283741,proper pMpc/h,5.025371265570352e+27,redshift_table,7.785328521538248e-12,6.3e-18,0,5995849160.0,2.1611976263060695e-05,2.160180301240617e-09,1.163239318395029e-10,2.1611859939129586e-05,2.3349637468775015e-05,4.756668820204379e-29,1.0467011227737324e-56,4.626119637371654,4.62488605855631,0.00035092899235902034,1.702682035687605,5.024105830508553e-22,9.056200242875621e-22,2.0934943836599033e-21,4.186988767319807e-22,4.632930290687174,4.632930290687174,3.84544226884687,4.632930290687174,8.351086907637859,8.351086907637859,6.931600643764727,2.2675936304129065,2.2675936304129065,1.882156615325276,2.2729120531355038e+21,1.8865710326071812e+21,19.304954693718468,3.860990938743694,19.304954693718468,3.860990938743694,16.023571286324668,3.2047142572649334,1.8025496572708402,4.166899452928114,0.8333798905856228,1.8025496572708402,0.27153275441774866,4.166899452928113,0.8333798905856227,3.158575761708299e-11,0.2715327544177514,5.024105830508553e-22,9.056200242875621e-22,1.8025496572708402,0.9255758239514715,3.682796950755733,1305041.7113950083,2.3116697152393737,0.00035092899235902034,2.0934943836599033e-21,4.186988767319807e-22,1.702682035687605,19.304954693718468,3.860990938743694,16.023571286324668,3.2047142572649334,4.166899452928114,0.8333798905856228,2.3116697152393737
15,4.000000000000003,overdensity_lt_42.1407035176,1897567,63956839534.80479,0.9993256176731558,1104.198876283741,proper pMpc/h,5.025371265570352e+27,redshift_table,7.785328521538248e-12,6.3e-18,0,5995849160.0,2.1623777116244442e-05,2.172378361228985e-09,1.1710055878590597e-10,2.1623660015686405e-05,2.3362421978688575e-05,4.759267109716829e-29,1.0526144654223704e-56,4.647176573590798,4.6459267221619465,0.00035092676021598553,1.7026712054913855,5.052500759353296e-22,9.116663202039881e-22,2.09348106763584e-21,4.18696213527168e-22,4.654023715195102,4.654023715195102,3.8629559453490483,4.654023715195102,8.397656678664394,8.397656678664394,6.970264824378284,2.265115992219278,2.265115992219278,1.8801028581956543,2.2704286038798356e+21,1.8845124585877788e+21,19.28373888524907,3.8567477770498138,19.28373888524907,3.8567477770498138,16.00598500005897,3.2011970000117937,1.8043863101183946,4.143455226128059,0.8286910452256117,1.804386310118395,0.2697319119956609,4.143455226128059,0.8286910452256118,3.158575761708299e-11,0.2697319119956633,5.052500759353296e-22,9.116663202039881e-22,1.8043863101183946,0.9255744132783713,3.707384834821019,1305041.7113950083,2.296323798785741,0.00035092676021598553,2.09348106763584e-21,4.18696213527168e-22,1.7026712054913855,19.28373888524907,3.8567477770498138,16.00598500005897,3.2011970000117937,4.143455226128059,0.8286910452256117,2.296323798785741
15,4.000000000000003,overdensity_lt_42.648241206,1898640,63957636850.31546,0.9993380757280093,1104.198876283741,proper pMpc/h,5.025371265570352e+27,redshift_table,7.785328521538248e-12,6.3e-18,0,5995849160.0,2.163629405079911e-05,2.185466348827786e-09,1.178713693665998e-10,2.1636176179430478e-05,2.3375997076055813e-05,4.762023140889048e-29,1.0589595692416177e-56,4.669779519891924,4.668510860416513,0.0003509243628148971,1.7026595734750671,5.083000020963236e-22,9.176673338025677e-22,2.0934667657519166e-21,4.186933531503833e-22,4.67669159234217,4.67669159234217,3.8817793165911954,4.67669159234217,8.443138081569888,8.443138081569888,7.0080308108894265,2.2624910052804963,2.2624910052804963,1.8779281496030882,2.2677974602867065e+21,1.882332649425411e+21,19.261259850210326,3.852251970042065,19.261259850210326,3.852251970042065,15.98736171110008,3.197472342220016,1.805365591221596,4.118565329762091,0.8237130659524182,1.8053655912215958,0.26796802129994496,4.118565329762091,0.8237130659524181,3.158575761708299e-11,0.2679680212999475,5.083000020963236e-22,9.176673338025677e-22,1.805365591221596,0.9255723342638742,3.731788573684542,1305041.7113950083,2.28129158425761,0.0003509243628148971,2.0934667657519166e-21,4.186933531503833e-22,1.7026595734750671,19.261259850210326,3.852251970042065,15.98736171110008,3.197472342220016,4.118565329762091,0.8237130659524182,2.28129158425761
15,4.000000000000003,overdensity_lt_43.1557788945,1899647,63958371544.185524,0.9993495553197284,1104.198876283741,proper pMpc/h,5.025371265570352e+27,redshift_table,7.785328521538248e-12,6.3e-18,0,5995849160.0,2.1647964973076036e-05,2.1978095174768276e-09,1.1858172502562427e-10,2.1647846391351782e-05,2.338865983912191e-05,4.7645928989908264e-29,1.064943609449612e-56,4.691103484472541,4.68981700066046,0.0003509221825744032,1.702648995106214,5.111775223377963e-22,9.231976859752072e-22,2.093453759356525e-21,4.1869075187130504e-22,4.698086258940115,4.698086258940115,3.8995462532388854,4.698086258940115,8.484845622572744,8.484845622572744,7.042665062577697,2.260047045149965,2.260047045149965,1.8759038257944634,2.2653477680827927e+21,1.8803035777600287e+21,19.24033415158678,3.8480668303173564,19.24033415158678,3.8480668303173564,15.970028819524229,3.194005763904846,1.8060216766830757,4.095355659971937,0.8190711319943874,1.8060216766830754,0.2663627773188266,4.095355659971936,0.8190711319943874,3.158575761708299e-11,0.2663627773188292,5.111775223377963e-22,9.231976859752072e-22,1.8060216766830757,0.9255701925743393,3.7542783194628826,1305041.7113950083,2.267611575678002,0.0003509221825744032,2.093453759356525e-21,4.1869075187130504e-22,1.702648995106214,19.24033415158678,3.8480668303173564,15.970028819524229,3.194005763904846,4.095355659971937,0.8190711319943874,2.267611575678002
15,4.000000000000003,overdensity_lt_43.6633165829,1900606,63959069320.23012,0.9993604580704245,1104.198876283741,proper pMpc/h,5.025371265570352e+27,redshift_table,7.785328521538248e-12,6.3e-18,0,5995849160.0,2.1659182015108464e-05,2.209809453573072e-09,1.192631578739415e-10,2.1659062751951368e-05,2.3400835791830384e-05,4.767062812759001e-29,1.070761680261048e-56,4.711845826568738,4.71054031735818,0.0003509201417213452,1.702639093035097,5.139763124717342e-22,9.285028645647246e-22,2.093441584487797e-21,4.186883168975594e-22,4.718906240786405,4.718906240786405,3.9168368563864293,4.718906240786405,8.524746872305505,8.524746872305505,7.075801263482339,2.257701315776225,2.257701315776225,1.8739613107614452,2.262996537026461e+21,1.8783565067448662e+21,19.220252603186886,3.8440505206373774,19.220252603186886,3.8440505206373774,15.953398932688643,3.1906797865377285,1.806509058947706,4.07303125395088,0.8146062507901761,1.806509058947706,0.2648408626783816,4.07303125395088,0.8146062507901761,3.158575761708299e-11,0.26484086267838414,5.139763124717342e-22,9.285028645647246e-22,1.806509058947706,0.9255679132414963,3.775852373711583,1305041.7113950083,2.2546420311467616,0.0003509201417213452,2.093441584487797e-21,4.186883168975594e-22,1.702639093035097,19.220252603186886,3.8440505206373774,15.953398932688643,3.1906797865377285,4.07303125395088,0.8146062507901761,2.2546420311467616
15,4.000000000000003,overdensity_lt_44.1708542714,1901548,63959744869.49706,0.9993710135277198,1104.198876283741,proper pMpc/h,5.025371265570352e+27,redshift_table,7.785328521538248e-12,6.3e-18,0,5995849160.0,2.167016970402271e-05,2.2216975876745018e-09,1.1993582393996506e-10,2.1670049768199555e-05,2.3412759410087944e-05,4.769482325137803e-29,1.0765260167530986e-56,4.732406504485527,4.73108029294035,0.00035091811862455514,1.7026292771161051,5.167482443959431e-22,9.337397908740085e-22,2.0934295155454757e-21,4.186859031090952e-22,4.7395354032847115,4.7395354032847115,3.933968385433181,4.7395354032847115,8.564117719405587,8.564117719405587,7.108495979146045,2.2554074137574704,2.2554074137574704,1.8720614378878406,2.26069725488119e+21,1.8764521779022002e+21,19.20061347244093,3.8401226944881865,19.20061347244093,3.8401226944881865,15.93713306353955,3.1874266127079105,1.8069530008089545,4.051159415147325,0.810231883029465,1.8069530008089543,0.26335548945653825,4.051159415147325,0.810231883029465,3.158575761708299e-11,0.2633554894565407,5.167482443959431e-22,9.337397908740085e-22,1.8069530008089545,0.9255658159995656,3.7971488730445526,1305041.7113950083,2.2419838331897184,0.00035091811862455514,2.0934295155454757e-21,4.186859031090952e-22,1.7026292771161051,19.20061347244093,3.8401226944881865,15.93713306353955,3.1874266127079105,4.051159415147325,0.810231883029465,2.2419838331897184
15,4.000000000000003,overdensity_lt_44.6783919598,1902492,63960421226.92354,0.9993815816125079,1104.198876283741,proper pMpc/h,5.025371265570352e+27,redshift_table,7.785328521538248e-12,6.3e-18,0,5995849160.0,2.1681295084624156e-05,2.233866189116246e-09,1.2063801295401607e-10,2.168117444661197e-05,2.3424824162751152e-05,4.7719319640501286e-29,1.0824254299314523e-56,4.7534562450577305,4.752112509720589,0.00035091610008042116,1.7026194832862707,5.195836620474868e-22,9.392065630326097e-22,2.093417473762381e-21,4.186834947524762e-22,4.760643012173327,4.760643012173327,3.9514958158898317,4.760643012173327,8.605403687385147,8.605403687385147,7.142778103250749,2.2530891251541343,2.2530891251541343,1.8701406990836338,2.2583735289549486e+21,1.8745269341898987e+21,19.180767210339237,3.8361534420678476,19.180767210339237,3.8361534420678476,15.920689953732007,3.1841379907464016,1.8076137331407696,4.029028675599609,0.8058057351199219,1.8076137331407698,0.2618225950813891,4.029028675599609,0.8058057351199219,3.158575761708299e-11,0.26182259508139133,5.195836620474868e-22,9.392065630326097e-22,1.8076137331407696,0.9255640211416469,3.819380064158082,1305041.7113950083,2.2289212577507262,0.00035091610008042116,2.093417473762381e-21,4.186834947524762e-22,1.7026194832862707,19.180767210339237,3.8361534420678476,15.920689953732007,3.1841379907464016,4.029028675599609,0.8058057351199219,2.2289212577507262
15,4.000000000000003,overdensity_lt_45.1859296482,1903480,63961117722.087074,0.9993924643494375,1104.198876283741,proper pMpc/h,5.025371265570352e+27,redshift_table,7.785328521538248e-12,6.3e-18,0,5995849160.0,2.169288167384045e-05,2.2466780090996184e-09,1.2141380302046174e-10,2.1692760260038174e-05,2.3437391666675613e-05,4.774483208489926e-29,1.0886369432266437e-56,4.7756262153632925,4.774263003721613,0.00035091399198837887,1.702609254976475,5.225695570126469e-22,9.452463435636346e-22,2.0934048977742274e-21,4.186809795548454e-22,4.782877792928678,4.782877792928678,3.969959638641141,4.782877792928678,8.651475549633147,8.651475549633147,7.181034145909745,2.2506782832160983,2.2506782832160983,1.8681434757008195,2.2559570326190647e+21,1.8725250265117688e+21,19.16012837489147,3.8320256749782935,19.16012837489147,3.8320256749782935,15.903591856760679,3.1807183713521354,1.808843111656346,4.005983260374971,0.801196652074994,1.8088431116563461,0.26014964387335465,4.005983260374971,0.801196652074994,3.158575761708299e-11,0.2601496438733566,5.225695570126469e-22,9.452463435636346e-22,1.808843111656346,0.9255620492480808,3.8439414527386773,1305041.7113950083,2.2146659566880387,0.00035091399198837887,2.0934048977742274e-21,4.186809795548454e-22,1.702609254976475,19.16012837489147,3.8320256749782935,15.903591856760679,3.1807183713521354,4.005983260374971,0.801196652074994,2.2146659566880387
15,4.000000000000003,overdensity_lt_45.6934673367,1904427,63961774627.25405,0.999402728492671,1104.198876283741,proper pMpc/h,5.025371265570352e+27,redshift_table,7.785328521538248e-12,6.3e-18,0,5995849160.0,2.170393346311561e-05,2.259032148578381e-09,1.2214012497792833e-10,2.1703811322991393e-05,2.3449381265534218e-05,4.776916757362995e-29,1.0946268598093987e-56,4.797011437411654,4.795628281869644,0.00035091201445513565,1.7025996601285103,5.254493019191863e-22,9.50900998614918e-22,2.0933931006448127e-21,4.1867862012896253e-22,4.804328545176339,4.804328545176339,3.987772747967284,4.804328545176339,8.694351281077465,8.694351281077465,7.216637408102693,2.2483821123607943,2.2483821123607943,1.8662414175840678,2.2536554763159064e+21,1.870618507300678e+21,19.140473101722556,3.828094620344511,19.140473101722556,3.828094620344511,15.887310016481916,3.177462003296383,1.809691239748123,3.9840058650734966,0.7968011730146993,1.809691239748123,0.2586026305670685,3.984005865073497,0.7968011730146994,3.158575761708299e-11,0.2586026305670703,5.254493019191863e-22,9.50900998614918e-22,1.809691239748123,0.9255600852416326,3.8669366889546914,1305041.7113950083,2.2014837545591477,0.00035091201445513565,2.0933931006448127e-21,4.1867862012896253e-22,1.7025996601285103,19.140473101722556,3.828094620344511,15.887310016481916,3.177462003296383,3.9840058650734966,0.7968011730146993,2.2014837545591477
15,4.000000000000003,overdensity_lt_46.2010050251,1905277,63962364067.70372,0.9994119384996966,1104.198876283741,proper pMpc/h,5.025371265570352e+27,redshift_table,7.785328521538248e-12,6.3e-18,0,5995849160.0,2.1713959585647264e-05,2.2703591310425314e-09,1.2286752738646228e-10,2.171383671812063e-05,2.346026063098007e-05,4.779124505703311e-29,1.1001189838688797e-56,4.816626483096247,4.81522416767453,0.0003509101962329164,1.7025908382460866,5.280901930328987e-22,9.56564065332713e-22,2.0933822538977864e-21,4.1867645077955726e-22,4.824007508034148,4.824007508034148,4.004114911473698,4.824007508034148,8.73803811159433,8.73803811159433,7.252913400609214,2.2463018481159733,2.2463018481159733,1.8645183927952595,2.251570333011416e+21,1.8688914413229787e+21,19.122664732687547,3.824532946537509,19.122664732687547,3.824532946537509,15.872559666572636,3.1745119333145273,1.8113649485498429,3.9640619756166804,0.792812395123336,1.8113649485498429,0.25707164691069495,3.964061975616681,0.7928123951233361,3.158575761708299e-11,0.2570716469106967,5.280901930328987e-22,9.56564065332713e-22,1.8113649485498429,0.9255582049862979,3.8899661320775167,1305041.7113950083,2.188439154014911,0.0003509101962329164,2.0933822538977864e-21,4.1867645077955726e-22,1.7025908382460866,19.122664732687547,3.824532946537509,15.872559666572636,3.1745119333145273,3.9640619756166804,0.792812395123336,2.188439154014911
15,4.000000000000003,overdensity_lt_46.7085427136,1906122,63962934092.442245,0.9994208451362354,1104.198876283741,proper pMpc/h,5.025371265570352e+27,redshift_table,7.785328521538248e-12,6.3e-18,0,5995849160.0,2.172376236751065e-05,2.2815517674647494e-09,1.2354000038048356e-10,2.172363882751102e-05,2.347090145587341e-05,4.7812831025224964e-29,1.1055461088646458e-56,4.836018368824021,4.834596577157778,0.0003509084191870294,1.702582216148243,5.30700692369718e-22,9.617994885130307e-22,2.0933716527913948e-21,4.1867433055827896e-22,4.843469658026716,4.843469658026716,4.020277651585609,4.843469658026716,8.77791701932268,8.77791701932268,7.286029667136048,2.2442703456474344,2.2442703456474344,1.862836055919177,2.2495340658492632e+21,1.8672051586875903e+21,19.10527389364096,3.8210547787281923,19.10527389364096,3.8210547787281923,15.858157702038621,3.1716315404077244,1.8123200183107795,3.944542908817285,0.788908581763457,1.8123200183107793,0.25567231277160174,3.9445429088172843,0.788908581763457,3.158575761708299e-11,0.25567231277160335,5.30700692369718e-22,9.617994885130307e-22,1.8123200183107795,0.9255562198304425,3.9112565187819848,1305041.7113950083,2.176515664432102,0.0003509084191870294,2.0933716527913948e-21,4.1867433055827896e-22,1.702582216148243,19.10527389364096,3.8210547787281923,15.858157702038621,3.1716315404077244,3.944542908817285,0.788908581763457,2.176515664432102
15,4.000000000000003,overdensity_lt_47.216080402,1906987,63963515368.761765,0.9994299275787274,1104.198876283741,proper pMpc/h,5.025371265570352e+27,redshift_table,7.785328521538248e-12,6.3e-18,0,5995849160.0,2.1733867667685666e-05,2.293211428195764e-09,1.2421515330855093e-10,2.173374345253313e-05,2.348186106228805e-05,4.783508169730761e-29,1.111198961801587e-56,4.856224849266987,4.854785661315614,0.0003509066771838071,1.702573764074868,5.334177747053463e-22,9.67055775860315e-22,2.0933612607347632e-21,4.186722521469526e-22,4.86373277603737,4.86373277603737,4.037103901921012,4.86373277603737,8.817668057473751,8.817668057473751,7.319037406013534,2.2421799482019082,2.2421799482019082,1.8611041836615545,2.24743876557762e+21,1.8654692244901902e+21,19.087383770716578,3.817476754143315,19.087383770716578,3.817476754143315,15.843335776560687,3.168667155312137,1.8129425409464563,3.924431018241024,0.7848862036482047,1.8129425409464563,0.25428264407180345,3.9244310182410236,0.7848862036482046,3.158575761708299e-11,0.25428264407180534,5.334177747053463e-22,9.67055775860315e-22,1.8129425409464563,0.925554554423184,3.9326317517668095,1305041.7113950083,2.1646747922812013,0.0003509066771838071,2.0933612607347632e-21,4.186722521469526e-22,1.702573764074868,19.087383770716578,3.817476754143315,15.843335776560687,3.168667155312137,3.924431018241024,0.7848862036482047,2.1646747922812013
15,4.000000000000003,overdensity_lt_47.7236180905,1907878,63964118817.947655,0.9994393564722563,1104.198876283741,proper pMpc/h,5.025371265570352e+27,redshift_table,7.785328521538248e-12,6.3e-18,0,5995849160.0,2.1744471600363416e-05,2.3055740071907455e-09,1.2501825154068917e-10,2.1744346582112633e-05,2.3493367859403515e-05,4.7858432139581705e-29,1.1171935385719332e-56,4.877659519627446,4.876198203317385,0.00035090479218813353,1.7025646182124838,5.363002215865711e-22,9.733081594325763e-22,2.093350015645467e-21,4.186700031290934e-22,4.885236674442427,4.885236674442427,4.054961542077247,4.885236674442427,8.866005503274884,8.866005503274884,7.359174947594153,2.2399889408709206,2.2399889408709206,1.8592894500749273,2.2452426194497076e+21,1.863650234620509e+21,19.06862957957043,3.8137259159140853,19.06862957957043,3.8137259159140853,15.827802163566593,3.165560432713318,1.8148569033836623,3.903317454265778,0.7806634908531555,1.8148569033836623,0.25264917104365925,3.9033174542657783,0.7806634908531555,3.158575761708299e-11,0.2526491710436608,5.363002215865711e-22,9.733081594325763e-22,1.8148569033836623,0.9255525522029054,3.9580577124758825,1305041.7113950083,2.150757697198242,0.00035090479218813353,2.093350015645467e-21,4.186700031290934e-22,1.7025646182124838,19.06862957957043,3.8137259159140853,15.827802163566593,3.165560432713318,3.903317454265778,0.7806634908531555,2.150757697198242
15,4.000000000000003,overdensity_lt_48.2311557789,1908669,63964642790.98366,0.9994475435509435,1104.198876283741,proper pMpc/h,5.025371265570352e+27,redshift_table,7.785328521538248e-12,6.3e-18,0,5995849160.0,2.1753775945729284e-05,2.316531972526073e-09,1.2564349691534956e-10,2.1753650302233127e-05,2.350345574830125e-05,4.787891995173363e-29,1.1225065783489653e-56,4.896662873942787,4.895183725174071,0.0003509032171339453,1.702556976163722,5.388530328475858e-22,9.781759000808804e-22,2.093340619536371e-21,4.1866812390727418e-22,4.904285447099768,4.904285447099768,4.070778851738515,4.904285447099768,8.902712871669552,8.902712871669552,7.389654552535149,2.2380699184812647,2.2380699184812647,1.8576993103558919,2.2433190961776427e+21,1.8620563653817304e+21,19.05220776426225,3.81044155285245,19.05220776426225,3.81044155285245,15.814194602304795,3.162838920460959,1.8152925574375616,3.884808086676337,0.7769616173352674,1.8152925574375616,0.2513919016307164,3.8848080866763364,0.7769616173352673,3.158575761708299e-11,0.2513919016307181,5.388530328475858e-22,9.781759000808804e-22,1.8152925574375616,0.9255511417211663,3.977852880356301,1305041.7113950083,2.1400451793622017,0.0003509032171339453,2.093340619536371e-21,4.1866812390727418e-22,1.702556976163722,19.05220776426225,3.81044155285245,15.814194602304795,3.162838920460959,3.884808086676337,0.7769616173352674,2.1400451793622017
15,4.000000000000003,overdensity_lt_48.7386934673,1909492,63965178119.36015,0.9994559080568257,1104.198876283741,proper pMpc/h,5.025371265570352e+27,redshift_table,7.785328521538248e-12,6.3e-18,0,5995849160.0,2.1763382921931005e-05,2.3279626269080123e-09,1.2629770840601854e-10,2.1763256624223375e-05,2.3513882508061305e-05,4.790007394963491e-29,1.128048707112868e-56,4.916493669752499,4.9149963199273285,0.0003509015745573144,1.7025490065009627,5.415186598651732e-22,9.832691514583041e-22,2.0933308206168566e-21,4.186661641233713e-22,4.924186263487685,4.924186263487685,4.087305501848032,4.924186263487685,8.941151631095556,8.941151631095556,7.421575119043174,2.23609004313423,2.23609004313423,1.8560595897233165,2.241334577223441e+21,1.8604127989421488e+21,19.03526440692439,3.807052881384878,19.03526440692439,3.807052881384878,15.800162052450085,3.160032410490017,1.8157622706909444,3.865667013465523,0.7731334026931046,1.8157622706909444,0.25008971275663766,3.865667013465523,0.7731334026931046,3.158575761708299e-11,0.2500897127566395,5.415186598651732e-22,9.832691514583041e-22,1.8157622706909444,0.9255492629412535,3.9985651108052287,1305041.7113950083,2.1289499599496233,0.0003509015745573144,2.0933308206168566e-21,4.186661641233713e-22,1.7025490065009627,19.03526440692439,3.807052881384878,15.800162052450085,3.160032410490017,3.865667013465523,0.7731334026931046,2.1289499599496233
15,4.000000000000003,overdensity_lt_49.2462311558,1910329,63965721312.15455,0.9994643954442377,1104.198876283741,proper pMpc/h,5.025371265570352e+27,redshift_table,7.785328521538248e-12,6.3e-18,0,5995849160.0,2.1773231725345604e-05,2.3397981408878776e-09,1.269967559734052e-10,2.177310472859043e-05,2.352458648234902e-05,4.792176231212434e-29,1.1337881059857975e-56,4.93703646794071,4.935516433175043,0.00035089987463197357,1.702540758586419,5.442824396129535e-22,9.887114664225904e-22,2.093320679579122e-21,4.1866413591582435e-22,4.9448285269281795,4.9448285269281795,4.1044504193042295,4.9448285269281795,8.982484659148763,8.982484659148763,7.4559032178493245,2.234061658255679,2.234061658255679,1.854380846584249,2.2393014349632837e+21,1.85873011847254e+21,19.017905151877287,3.8035810303754567,19.017905151877287,3.8035810303754567,15.78579486625837,3.1571589732516734,1.8165411824156523,3.8460191386437352,0.769203827728747,1.8165411824156523,0.24871310589773862,3.8460191386437352,0.7692038277287468,3.158575761708299e-11,0.24871310589774012,5.442824396129535e-22,9.887114664225904e-22,1.8165411824156523,0.9255467570036666,4.020696844223223,1305041.7113950083,2.1172209999276017,0.00035089987463197357,2.093320679579122e-21,4.1866413591582435e-22,1.702540758586419,19.017905151877287,3.8035810303754567,15.78579486625837,3.1571589732516734,3.8460191386437352,0.769203827728747,2.1172209999276017
15,4.000000000000003,overdensity_lt_49.7537688442,1911122,63966231579.08879,0.9994723683650847,1104.198876283741,proper pMpc/h,5.025371265570352e+27,redshift_table,7.785328521538248e-12,6.3e-18,0,5995849160.0,2.1782580095681986e-05,2.351145761847625e-09,1.2771011981809743e-10,2.178245238556294e-05,2.3534737248471387e-05,4.794234755315614e-29,1.1392903315786534e-56,4.956736357022637,4.955196887898514,0.00035089829695006153,1.702533103788132,5.469299076822977e-22,9.94265238308908e-22,2.093311267794134e-21,4.1866225355882686e-22,4.9646063452687095,4.9646063452687095,4.120875688268609,4.9646063452687095,9.025170212223662,9.025170212223662,7.491350154173307,2.232139780169684,2.232139780169684,1.8527895090180861,2.2373750492971184e+21,1.8571350485771989e+21,19.00145934010625,3.8002918680212505,19.00145934010625,3.8002918680212505,15.772177367273255,3.1544354734546514,1.8179024850227423,3.8273848959272914,0.7654769791854583,1.8179024850227423,0.24732384295051643,3.827384895927292,0.7654769791854584,3.158575761708299e-11,0.24732384295051818,5.469299076822977e-22,9.94265238308908e-22,1.8179024850227423,0.9255447450120879,4.043281828675406,1305041.7113950083,2.105385149896756,0.00035089829695006153,2.093311267794134e-21,4.1866225355882686e-22,1.702533103788132,19.00145934010625,3.8002918680212505,15.772177367273255,3.1544354734546514,3.8273848959272914,0.7654769791854583,2.105385149896756
15,4.000000000000003,overdensity_lt_50.2613065327,1911919,63966741356.516235,0.9994803336373881,1104.198876283741,proper pMpc/h,5.025371265570352e+27,redshift_table,7.785328521538248e-12,6.3e-18,0,5995849160.0,2.1792015160746957e-05,2.362712207062936e-09,1.2836645583390194e-10,2.1791886794291894e-05,2.354497252550872e-05,4.7963122938076085e-29,1.1448982571101506e-56,4.976820630730509,4.975262967939552,0.0003508967369166061,1.7025255346188768,5.496259376897213e-22,9.993750298124655e-22,2.093301961292396e-21,4.186603922584793e-22,4.984751013681032,4.984751013681032,4.137603925614681,4.984751013681032,9.063683773449329,9.063683773449329,7.523331347669542,2.2302034976839162,2.2302034976839162,1.851185489828968,2.2354342254470465e+21,1.855527267315376e+21,18.98489201101599,3.7969784022031994,18.98489201101599,3.7969784022031994,15.758452828748853,3.1516905657497714,1.8182821466053878,3.808593841279233,0.7617187682558468,1.8182821466053878,0.24605927936463928,3.808593841279233,0.7617187682558468,3.158575761708299e-11,0.24605927936464148,5.496259376897213e-22,9.993750298124655e-22,1.8182821466053878,0.9255430971806179,4.064061321248017,1305041.7113950083,2.09461103074109,0.0003508967369166061,2.093301961292396e-21,4.186603922584793e-22,1.7025255346188768,18.98489201101599,3.7969784022031994,15.758452828748853,3.1516905657497714,3.808593841279233,0.7617187682558468,2.09461103074109
15,4.000000000000003,overdensity_lt_50.7688442211,1912655,63967197825.13502,0.9994874659595562,1104.198876283741,proper pMpc/h,5.025371265570352e+27,redshift_table,7.785328521538248e-12,6.3e-18,0,5995849160.0,2.1800548920913635e-05,2.373276089730913e-09,1.2905952155709215e-10,2.1800419861392854e-05,2.3554230371077654e-05,4.7981913297320744e-29,1.150019876897529e-56,4.995169429151044,4.99359602881288,0.00035089530038190077,1.7025185646566063,5.520883387390654e-22,1.0047707741545212e-21,2.0932933915321226e-21,4.1865867830642457e-22,5.00315630177203,5.00315630177203,4.152887788475725,5.00315630177203,9.105472580762997,9.105472580762997,7.558030093035099,2.228454332195433,2.228454332195433,1.8497364913569567,2.233680957459176e+21,1.854074870356839e+21,18.969924355260822,3.793984871052165,18.969924355260822,3.793984871052165,15.746053581289964,3.149210716257993,1.8199456566124066,3.7915913897277225,0.7583182779455446,1.8199456566124066,0.24473791035332498,3.791591389727722,0.7583182779455445,3.158575761708299e-11,0.24473791035332776,5.520883387390654e-22,1.0047707741545212e-21,1.8199456566124066,0.9255415913806162,4.08600367044199,1305041.7113950083,2.083354179259,0.00035089530038190077,2.0932933915321226e-21,4.1865867830642457e-22,1.7025185646566063,18.969924355260822,3.793984871052165,15.746053581289964,3.149210716257993,3.7915913897277225,0.7583182779455446,2.083354179259
15,4.000000000000003,overdensity_lt_51.2763819095,1913363,63967635368.78569,0.9994943025790975,1104.198876283741,proper pMpc/h,5.025371265570352e+27,redshift_table,7.785328521538248e-12,6.3e-18,0,5995849160.0,2.180881018979134e-05,2.3836011362382556e-09,1.297780558273649e-10,2.1808680411736287e-05,2.3563187975494194e-05,4.800010512060868e-29,1.1550264935535103e-56,5.013113865124974,5.0115219678575995,0.0003508938753749584,1.702511650626206,5.544938309971355e-22,1.0103647995025772e-21,2.093284890541622e-21,4.1865697810832435e-22,5.021142601042593,5.021142601042593,4.167822874102887,5.021142601042593,9.149219439021056,9.149219439021056,7.594352339290448,2.226763421166038,2.226763421166038,1.8483353808801113,2.2319860805606236e+21,1.852670473710154e+21,18.955453338617247,3.791090667723449,18.955453338617247,3.791090667723449,15.734062601065078,3.1468125202130155,1.822138936488541,3.775127464948182,0.7550254929896364,1.822138936488541,0.24338288484687348,3.7751274649481825,0.7550254929896364,3.158575761708299e-11,0.24338288484687595,5.544938309971355e-22,1.0103647995025772e-21,1.822138936488541,0.9255403145965393,4.108752349735475,1305041.7113950083,2.071810985074092,0.0003508938753749584,2.093284890541622e-21,4.1865697810832435e-22,1.702511650626206,18.955453338617247,3.791090667723449,15.734062601065078,3.1468125202130155,3.775127464948182,0.7550254929896364,2.071810985074092
15,4.000000000000003,overdensity_lt_51.783919598,1914109,63968099558.706276,0.9995015555466062,1104.198876283741,proper pMpc/h,5.025371265570352e+27,redshift_table,7.785328521538248e-12,6.3e-18,0,5995849160.0,2.1817659533676843e-05,2.394765063274053e-09,1.3061980460104836e-10,2.1817528913872997e-05,2.357278228556832e-05,4.8019592944497596e-29,1.160440446478788e-56,5.032524628131751,5.030910521559295,0.0003508923655645851,1.7025043251357053,5.570944982383628e-22,1.0169180902383055e-21,2.093275883649613e-21,4.1865517672992263e-22,5.040594219805024,5.040594219805024,4.18397450366375,5.040594219805024,9.201080721276789,9.201080721276789,7.637410484802576,2.2249543732293113,2.2249543732293113,1.8468362981550788,2.2301727896759878e+21,1.8511678750307983e+21,18.939972218262525,3.7879944436525053,18.939972218262525,3.7879944436525053,15.721233927133184,3.144246785426637,1.825396038650518,3.7574879850168035,0.7514975970033607,1.8253960386505177,0.2418144607822292,3.757487985016803,0.7514975970033606,3.158575761708299e-11,0.24181446078223182,5.570944982383628e-22,1.0169180902383055e-21,1.825396038650518,0.9255389817616091,4.135401980366091,1305041.7113950083,2.0584508268105184,0.0003508923655645851,2.093275883649613e-21,4.1865517672992263e-22,1.7025043251357053,18.939972218262525,3.7879944436525053,15.721233927133184,3.144246785426637,3.7574879850168035,0.7514975970033607,2.0584508268105184
15,4.000000000000003,overdensity_lt_52.2914572864,1914812,63968529888.046646,0.9995082794425492,1104.198876283741,proper pMpc/h,5.025371265570352e+27,redshift_table,7.785328521538248e-12,6.3e-18,0,5995849160.0,2.1825946459398646e-05,2.405322112565661e-09,1.313013166830587e-10,2.1825815158082682e-05,2.3581773425187542e-05,4.8037838781772826e-29,1.1655581891226903e-56,5.050879870641309,5.04925230982264,0.0003508910054868773,1.7024977261372454,5.595556012983433e-22,1.0222238856881524e-21,2.0932677699995458e-21,4.1865355399990917e-22,5.059010551975043,5.059010551975043,4.199267656046568,5.059010551975043,9.24205103510346,9.24205103510346,7.671430132141207,2.2232616644974668,2.2232616644974668,1.84543414225686,2.228476110858647e+21,1.8497624305108045e+21,18.925489642075224,3.7850979284150443,18.925489642075224,3.7850979284150443,15.70923715464171,3.141847430928342,1.8268495272253096,3.7409468605845646,0.7481893721169129,1.8268495272253096,0.24055933645605307,3.7409468605845646,0.7481893721169128,3.158575761708299e-11,0.24055933645605534,5.595556012983433e-22,1.0222238856881524e-21,1.8268495272253096,0.9255374803478803,4.156978543140757,1305041.7113950083,2.0477586165875743,0.0003508910054868773,2.0932677699995458e-21,4.1865355399990917e-22,1.7024977261372454,18.925489642075224,3.7850979284150443,15.70923715464171,3.141847430928342,3.7409468605845646,0.7481893721169129,2.0477586165875743
15,4.000000000000003,overdensity_lt_52.7989949749,1915540,63968976403.99552,0.9995152562542499,1104.198876283741,proper pMpc/h,5.025371265570352e+27,redshift_table,7.785328521538248e-12,6.3e-18,0,5995849160.0,2.1834627799610652e-05,2.4164847611043577e-09,1.3201559431847503e-10,2.183449578401704e-05,2.359118825749908e-05,4.8056957409047346e-29,1.170971956704182e-56,5.070303450028451,5.06865199516621,0.00035088956334203573,1.702490728955,5.621567318326538e-22,1.0277847717354555e-21,2.0932591667715648e-21,4.1865183335431295e-22,5.078479515174074,5.078479515174074,4.215434152502563,5.078479515174074,9.284926451472556,9.284926451472556,7.707030411378995,2.2214908617626086,2.2214908617626086,1.8439669629789701,2.2267011548763217e+21,1.8482918101050576e+21,18.910337983045473,3.7820675966090946,18.910337983045473,3.7820675966090946,15.696683294855022,3.1393366589710046,1.8282886489410797,3.7236219869634124,0.7447243973926825,1.8282886489410795,0.2392577769326636,3.7236219869634124,0.7447243973926825,3.158575761708299e-11,0.2392577769326657,5.621567318326538e-22,1.0277847717354555e-21,1.8282886489410797,0.9255360749824194,4.179592458060119,1305041.7113950083,2.036670735291216,0.00035088956334203573,2.0932591667715648e-21,4.1865183335431295e-22,1.702490728955,18.910337983045473,3.7820675966090946,15.696683294855022,3.1393366589710046,3.7236219869634124,0.7447243973926825,2.036670735291216
15,4.000000000000003,overdensity_lt_53.3065326633,1916262,63969412314.434006,0.9995220673548508,1104.198876283741,proper pMpc/h,5.025371265570352e+27,redshift_table,7.785328521538248e-12,6.3e-18,0,5995849160.0,2.1843185848281196e-05,2.4275932752002063e-09,1.3284779113306297e-10,2.184305300049074e-05,2.3600471234265985e-05,4.807580238766049e-29,1.1763582724819524e-56,5.08963370945086,5.087963228912112,0.00035088819116725254,1.702484071262407,5.647457164741853e-22,1.0342636973316034e-21,2.0932509809554467e-21,4.1865019619108934e-22,5.09786351862994,5.09786351862994,4.23153038945228,5.09786351862994,9.336122466209282,9.336122466209282,7.749537780099316,2.219747116500566,2.219747116500566,1.8425223323545512,2.2249533198275114e+21,1.8468437912384795e+21,18.89542054036436,3.7790841080728717,18.89542054036436,3.7790841080728717,15.68432460889441,3.136864921778882,1.831379445936674,3.706537154498506,0.7413074308997012,1.831379445936674,0.23775899732834624,3.706537154498506,0.7413074308997012,3.158575761708299e-11,0.23775899732834904,5.647457164741853e-22,1.0342636973316034e-21,1.831379445936674,0.9255346125791075,4.2059396752038944,1305041.7113950083,2.023904528754153,0.00035088819116725254,2.0932509809554467e-21,4.1865019619108934e-22,1.702484071262407,18.89542054036436,3.7790841080728717,15.68432460889441,3.136864921778882,3.706537154498506,0.7413074308997012,2.023904528754153
15,4.000000000000003,overdensity_lt_53.8140703518,1916957,63969821175.938034,0.9995284558158509,1104.198876283741,proper pMpc/h,5.025371265570352e+27,redshift_table,7.785328521538248e-12,6.3e-18,0,5995849160.0,2.185128974992007e-05,2.438210042997511e-09,1.3366694685027795e-10,2.1851156082973895e-05,2.3609267036718923e-05,4.809364710651117e-29,1.1815060248006623e-56,5.108113232930102,5.106425075918979,0.0003508868509189098,1.7024775684745885,5.672215966212823e-22,1.040641093700417e-21,2.0932429855990088e-21,4.1864859711980172e-22,5.116407269958284,5.116407269958284,4.246929842879743,5.116407269958284,9.386708279341251,9.386708279341251,7.791539925293271,2.218097289718406,2.218097289718406,1.8411559277986438,2.2232996235353433e+21,1.8454741819121315e+21,18.881304402199333,3.7762608804398665,18.881304402199333,3.7762608804398665,15.672633335706054,3.1345266671412104,1.8346288291897028,3.690344299419557,0.7380688598839114,1.834628829189703,0.23630193074180308,3.690344299419557,0.7380688598839115,3.158575761708299e-11,0.2363019307418056,5.672215966212823e-22,1.040641093700417e-21,1.8346288291897028,0.9255330141757183,4.231874013304809,1305041.7113950083,2.011493682375778,0.0003508868509189098,2.0932429855990088e-21,4.1864859711980172e-22,1.7024775684745885,18.881304402199333,3.7762608804398665,15.672633335706054,3.1345266671412104,3.690344299419557,0.7380688598839114,2.011493682375778
15,4.000000000000003,overdensity_lt_54.3216080402,1917596,63970194444.5384,0.9995342881377313,1104.198876283741,proper pMpc/h,5.025371265570352e+27,redshift_table,7.785328521538248e-12,6.3e-18,0,5995849160.0,2.1858757383048306e-05,2.4480820364635676e-09,1.342750758218371e-10,2.1858623107973167e-05,2.3617369380743116e-05,4.811009048990864e-29,1.186292498847275e-56,5.125301718940322,5.123597766666377,0.0003508857002724964,1.7024719856215893,5.695230322544549e-22,1.0453755775274706e-21,2.0932361213277277e-21,4.186472242655455e-22,5.133649821930886,5.133649821930886,4.261248223363504,5.133649821930886,9.422958938431622,9.422958938431622,7.821641215901301,2.216578879165451,2.216578879165451,1.8398981501305847,2.2217776516965041e+21,1.844213454247547e+21,18.868317228498412,3.773663445699682,18.868317228498412,3.773663445699682,15.66187528497153,3.132375056994306,1.8355281846800033,3.6754196104091874,0.7350839220818374,1.8355281846800033,0.23523172430743747,3.6754196104091874,0.7350839220818374,3.158575761708299e-11,0.23523172430744,5.695230322544549e-22,1.0453755775274706e-21,1.8355281846800033,0.9255316608544906,4.251127278619245,1305041.7113950083,2.002377103814367,0.0003508857002724964,2.0932361213277277e-21,4.186472242655455e-22,1.7024719856215893,18.868317228498412,3.773663445699682,15.66187528497153,3.132375056994306,3.6754196104091874,0.7350839220818374,2.002377103814367
15,4.000000000000003,overdensity_lt_54.8291457286,1918294,63970602553.44482,0.9995406648393936,1104.198876283741,proper pMpc/h,5.025371265570352e+27,redshift_table,7.785328521538248e-12,6.3e-18,0,5995849160.0,2.1866999127550524e-05,2.4590772289430675e-09,1.349825515183149e-10,2.1866864144999705e-05,2.362630569908067e-05,4.8128239347390195e-29,1.1916240918378136e-56,5.144454450482072,5.142730818495815,0.0003508843915143457,1.7024656356219008,5.7208464142154075e-22,1.0508835082455532e-21,2.0932283138284963e-21,4.186456627656993e-22,5.1528468614730345,5.1528468614730345,4.277188532207271,5.1528468614730345,9.465455625204934,9.465455625204934,7.856926343949182,2.214905435925243,2.214905435925243,1.8385114840682077,2.2201002835561582e+21,1.8428235358933153e+21,18.85400195407436,3.7708003908148724,18.85400195407436,3.7708003908148724,15.650013111611727,3.130002622322346,1.8369371106245262,3.6589486279987375,0.7317897255997475,1.836937110624526,0.23399881882360932,3.6589486279987375,0.7317897255997475,3.158575761708299e-11,0.23399881882361162,5.7208464142154075e-22,1.0508835082455532e-21,1.8369371106245262,0.9255303991876551,4.273525845247109,1305041.7113950083,1.9918747391165503,0.0003508843915143457,2.0932283138284963e-21,4.186456627656993e-22,1.7024656356219008,18.85400195407436,3.7708003908148724,15.650013111611727,3.130002622322346,3.6589486279987375,0.7317897255997475,1.9918747391165503
15,4.000000000000003,overdensity_lt_55.3366834171,1918983,63971003450.82254,0.9995469288609202,1104.198876283741,proper pMpc/h,5.025371265570352e+27,redshift_table,7.785328521538248e-12,6.3e-18,0,5995849160.0,2.1875169538538024e-05,2.4700743732080667e-09,1.3568365544723607e-10,2.187503385488331e-05,2.3635170995693577e-05,4.8146230023339364e-29,1.1969559879562888e-56,5.163612089298172,5.161871330438788,0.00035088315199668344,1.7024596215720433,5.746484981017922e-22,1.0563418326599464e-21,2.093220919388821e-21,4.1864418387776416e-22,5.172066097470968,5.172066097470968,4.29314840313501,5.172066097470968,9.507498580589818,9.507498580589818,7.891836952552919,2.2132477542812596,2.2132477542812596,1.837138366557403,2.218438713979344e+21,1.84144719786748e+21,18.83982467099424,3.767964934198848,18.83982467099424,3.767964934198848,15.638269441523994,3.1276538883047986,1.8382399608618274,3.6426109635773063,0.7285221927154611,1.8382399608618276,0.23278970125746326,3.642610963577306,0.7285221927154613,3.158575761708299e-11,0.23278970125746568,5.746484981017922e-22,1.0563418326599464e-21,1.8382399608618274,0.9255289017739295,4.2957226827401565,1305041.7113950083,1.9815753335432498,0.00035088315199668344,2.093220919388821e-21,4.1864418387776416e-22,1.7024596215720433,18.83982467099424,3.767964934198848,15.638269441523994,3.1276538883047986,3.6426109635773063,0.7285221927154611,1.9815753335432498
15,4.000000000000003,overdensity_lt_55.8442211055,1919636,63971378566.80996,0.9995527900482233,1104.198876283741,proper pMpc/h,5.025371265570352e+27,redshift_table,7.785328521538248e-12,6.3e-18,0,5995849160.0,2.188288491893834e-05,2.4805519179591514e-09,1.3639234624086864e-10,2.1882748526592805e-05,2.3643538632987256e-05,4.816321945746888e-29,1.2020363756403392e-56,5.181870929154386,5.180112221903805,0.00035088192607089346,1.702453673468965,5.770900815680014e-22,1.061859223308566e-21,2.0932136060325237e-21,4.186427212065047e-22,5.19037262197403,5.19037262197403,4.308349609578965,5.19037262197403,9.550406803174187,9.550406803174187,7.927463867926838,2.211684473092586,2.211684473092586,1.8358431330766949,2.2168717662650266e+21,1.8401489265412413e+21,18.826451778853727,3.765290355770745,18.826451778853727,3.765290355770745,15.627189429095967,3.1254378858191934,1.840023346828985,3.627186938207445,0.7254373876414889,1.8400233468289848,0.23158013251932968,3.6271869382074446,0.7254373876414889,3.158575761708299e-11,0.23158013251933213,5.770900815680014e-22,1.061859223308566e-21,1.840023346828985,0.9255276406071546,4.3181597191482775,1305041.7113950083,1.9712722365498128,0.00035088192607089346,2.0932136060325237e-21,4.186427212065047e-22,1.702453673468965,18.826451778853727,3.765290355770745,15.627189429095967,3.1254378858191934,3.627186938207445,0.7254373876414889,1.9712722365498128
15,4.000000000000003,overdensity_lt_56.351758794,1920241,63971724080.49889,0.9995581886996125,1104.198876283741,proper pMpc/h,5.025371265570352e+27,redshift_table,7.785328521538248e-12,6.3e-18,0,5995849160.0,2.1890055640720058e-05,2.4903752597385053e-09,1.370987573679509e-10,2.1889918541963356e-05,2.3651321594559855e-05,4.817900911399703e-29,1.2067992971936265e-56,5.198994058711713,5.197219536679454,0.00035088083262613875,1.7024483681542681,5.7938094117562565e-22,1.0673588660041706e-21,2.0932070830022163e-21,4.1864141660044334e-22,5.207555642272981,5.207555642272981,4.322618963607481,5.207555642272981,9.593568393381501,9.593568393381501,7.963302461766074,2.2102324760172434,2.2102324760172434,1.8346405628885707,2.215416363670223e+21,1.8389435358404254e+21,18.814033360185615,3.7628066720371236,18.814033360185615,3.7628066720371236,15.616904162196372,3.123380832439275,1.8422402087275873,3.612833861526194,0.7225667723052389,1.8422402087275873,0.23038689936708626,3.6128338615261946,0.722566772305239,3.158575761708299e-11,0.23038689936708853,5.7938094117562565e-22,1.0673588660041706e-21,1.8422402087275873,0.9255262313543762,4.340524581680502,1305041.7113950083,1.9611090043580874,0.00035088083262613875,2.0932070830022163e-21,4.1864141660044334e-22,1.7024483681542681,18.814033360185615,3.7628066720371236,15.616904162196372,3.123380832439275,3.612833861526194,0.7225667723052389,1.9611090043580874
15,4.000000000000003,overdensity_lt_56.8592964824,1920890,63972099375.73671,0.9995640526877031,1104.198876283741,proper pMpc/h,5.025371265570352e+27,redshift_table,7.785328521538248e-12,6.3e-18,0,5995849160.0,2.189791365762866e-05,2.5012330768113355e-09,1.3776637389237033e-10,2.1897775891255413e-05,2.3659847928744134e-05,4.819631308941986e-29,1.212064345412959e-56,5.2179275191123216,5.2161333452992755,0.00035087965779631667,1.7024426679651228,5.819123209017083e-22,1.0725564799731833e-21,2.093200074462917e-21,4.1864001489258343e-22,5.226547117600627,5.226547117600627,4.3383896468277845,5.226547117600627,9.633353303434514,9.633353303434514,7.996338556886621,2.208643182549908,2.208643182549908,1.8333240858852367,2.2138233426679463e+21,1.8376239711669222e+21,18.800441961416222,3.760088392283244,18.800441961416222,3.760088392283244,15.605645740095909,3.1211291480191816,1.843158224096703,3.59710561072049,0.719421122144098,1.843158224096703,0.2292704433213796,3.59710561072049,0.719421122144098,3.158575761708299e-11,0.22927044332138183,5.819123209017083e-22,1.0725564799731833e-21,1.843158224096703,0.9255247944620981,4.361661213339398,1305041.7113950083,1.9515989260679796,0.00035087965779631667,2.093200074462917e-21,4.1864001489258343e-22,1.7024426679651228,18.800441961416222,3.760088392283244,15.605645740095909,3.1211291480191816,3.59710561072049,0.719421122144098,1.9515989260679796
15,4.000000000000003,overdensity_lt_57.3668341709,1921547,63972469085.92193,0.9995698294093468,1104.198876283741,proper pMpc/h,5.025371265570352e+27,redshift_table,7.785328521538248e-12,6.3e-18,0,5995849160.0,2.1905726472158842e-05,2.512125643740326e-09,1.3858183744698064e-10,2.1905587890322016e-05,2.3668325736876306e-05,4.8213519498212943e-29,1.217347441292045e-56,5.236931298470082,5.235112703694628,0.00035087845231035215,1.702436819034596,5.84451909381702e-22,1.078905131643166e-21,2.0931928830419993e-21,4.1863857660839986e-22,5.245605234736239,5.245605234736239,4.354215718077315,5.245605234736239,9.683449254735843,9.683449254735843,8.037933672737566,2.207064696875761,2.207064696875761,1.8320165860580997,2.2122411548074975e+21,1.8363134047247196e+21,18.786941009763627,3.7573882019527254,18.786941009763627,3.7573882019527254,15.594462445936857,3.1188924891873717,1.8460118177807843,3.581462990267943,0.7162925980535886,1.8460118177807845,0.22792133658328012,3.5814629902679433,0.7162925980535887,3.158575761708299e-11,0.2279213365832823,5.84451909381702e-22,1.078905131643166e-21,1.8460118177807843,0.9255233400895837,4.387478658166787,1305041.7113950083,1.9401083762147644,0.00035087845231035215,2.0931928830419993e-21,4.1863857660839986e-22,1.702436819034596,18.786941009763627,3.7573882019527254,15.594462445936857,3.1188924891873717,3.581462990267943,0.7162925980535886,1.9401083762147644
15,4.000000000000003,overdensity_lt_57.8743718593,1922137,63972790838.52961,0.9995748567938415,1104.198876283741,proper pMpc/h,5.025371265570352e+27,redshift_table,7.785328521538248e-12,6.3e-18,0,5995849160.0,2.1912585745020964e-05,2.521770689624434e-09,1.3928751620082105e-10,2.191244645750534e-05,2.3675765562431383e-05,4.8228625567819535e-29,1.2220252682011916e-56,5.2537622437435205,5.251922824126944,0.00035087738452304094,1.7024316382079547,5.866996726683082e-22,1.0843990725724846e-21,2.0931865130731803e-21,4.1863730261463605e-22,5.262477112333225,5.262477112333225,4.368225696492413,5.262477112333225,9.726654992143361,9.726654992143361,8.073806948826581,2.2056805619527315,2.2056805619527315,1.830869817256823,2.2108537735291567e+21,1.835163946287536e+21,18.775101862243154,3.7550203724486306,18.775101862243154,3.7550203724486306,15.58465351169016,3.116930702338032,1.8483035240852295,3.56773083501713,0.7135461670034261,1.8483035240852292,0.2267666082259888,3.5677308350171306,0.7135461670034261,3.158575761708299e-11,0.2267666082259912,5.866996726683082e-22,1.0843990725724846e-21,1.8483035240852295,0.9255221927132075,4.409820333880107,1305041.7113950083,1.9302732416651576,0.00035087738452304094,2.0931865130731803e-21,4.1863730261463605e-22,1.7024316382079547,18.775101862243154,3.7550203724486306,15.58465351169016,3.116930702338032,3.56773083501713,0.7135461670034261,1.9302732416651576
15,4.000000000000003,overdensity_lt_58.3819095477,1922711,63973109623.77345,0.9995798378132763,1104.198876283741,proper pMpc/h,5.025371265570352e+27,redshift_table,7.785328521538248e-12,6.3e-18,0,5995849160.0,2.191944115557299e-05,2.531492201200354e-09,1.4009451641174784e-10,2.1919301061057145e-05,2.368320656405206e-05,4.824372442385078e-29,1.2267409798051911e-56,5.270735434069171,5.2688718880378556,0.00035087626686112697,1.7024262153933563,5.889668371533321e-22,1.0906818343314988e-21,2.093179845573513e-21,4.186359691147027e-22,5.279501408254298,5.279501408254298,4.382363192320245,5.279501408254298,9.776876925943828,9.776876925943828,8.11550604174734,2.2042980178274454,2.2042980178274454,1.829724769677754,2.2094679867796226e+21,1.8340162131095215e+21,18.76327366044527,3.752654732089055,18.76327366044527,3.752654732089055,15.574857074269895,3.1149714148539793,1.851856107218393,3.5539859182743307,0.7107971836548662,1.851856107218393,0.22546034224672923,3.5539859182743307,0.7107971836548662,3.158575761708299e-11,0.22546034224673134,5.889668371533321e-22,1.0906818343314988e-21,1.851856107218393,0.9255208327375615,4.435369830609302,1305041.7113950083,1.9191479858619502,0.00035087626686112697,2.093179845573513e-21,4.186359691147027e-22,1.7024262153933563,18.76327366044527,3.752654732089055,15.574857074269895,3.1149714148539793,3.5539859182743307,0.7107971836548662,1.9191479858619502
15,4.000000000000003,overdensity_lt_58.8894472362,1923305,63973439040.23895,0.9995849849455495,1104.198876283741,proper pMpc/h,5.025371265570352e+27,redshift_table,7.785328521538248e-12,6.3e-18,0,5995849160.0,2.1926587783029798e-05,2.54171374533597e-09,1.408309197688727e-10,2.1926446952110583e-05,2.3690958392488463e-05,4.825946419953007e-29,1.231698950598732e-56,5.288586106124062,5.286698380965687,0.00035087515408196556,1.702420816269519,5.9134905294109965e-22,1.096414976391079e-21,2.093173207202289e-21,4.186346414404578e-22,5.297394130047409,5.297394130047409,4.397220885214078,5.297394130047409,9.821850954428909,9.821850954428909,8.152847813097889,2.202858605957021,2.202858605957021,1.828532223861752,2.2080251989071244e+21,1.8328208702920285e+21,18.75096173039843,3.7501923460796864,18.75096173039843,3.7501923460796864,15.564656605609214,3.112931321121843,1.854091032932263,3.539657663763564,0.7079315327527128,1.8540910329322633,0.2242814125542904,3.539657663763564,0.7079315327527129,3.158575761708299e-11,0.2242814125542924,5.9134905294109965e-22,1.096414976391079e-21,1.854091032932263,0.9255196260469841,4.45868424231512,1305041.7113950083,1.909106727173779,0.00035087515408196556,2.093173207202289e-21,4.186346414404578e-22,1.702420816269519,18.75096173039843,3.7501923460796864,15.564656605609214,3.112931321121843,3.539657663763564,0.7079315327527128,1.909106727173779
15,4.000000000000003,overdensity_lt_59.3969849246,1923885,63973756991.8827,0.9995899529399827,1104.198876283741,proper pMpc/h,5.025371265570352e+27,redshift_table,7.785328521538248e-12,6.3e-18,0,5995849160.0,2.1933544117948375e-05,2.5517450873446897e-09,1.415323984047671e-10,2.1933402585550513e-05,2.3698504490113705e-05,4.8274784425383534e-29,1.2365643842262445e-56,5.306107538413483,5.304197203587228,0.00035087410620719613,1.7024157320570872,5.93687147819111e-22,1.1018762180223584e-21,2.0931669560232972e-21,4.1863339120465946e-22,5.3149596250796804,5.3149596250796804,4.411806972519301,5.3149596250796804,9.864501248069312,9.864501248069312,8.188260768962113,2.201458810468602,2.201458810468602,1.8273725512249437,2.206622120333045e+21,1.8316584777546083e+21,18.73899056208715,3.74779811241743,18.73899056208715,3.74779811241743,15.554738897673197,3.1109477795346394,1.855987993120724,3.5257070389892604,0.7051414077978522,1.855987993120724,0.22316980403844275,3.5257070389892604,0.7051414077978521,3.158575761708299e-11,0.2231698040384449,5.93687147819111e-22,1.1018762180223584e-21,1.855987993120724,0.9255184264770995,4.480892942970603,1305041.7113950083,1.8996389265757112,0.00035087410620719613,2.0931669560232972e-21,4.1863339120465946e-22,1.7024157320570872,18.73899056208715,3.74779811241743,15.554738897673197,3.1109477795346394,3.5257070389892604,0.7051414077978522,1.8996389265757112
15,4.000000000000003,overdensity_lt_59.9045226131,1924478,63974071202.552605,0.9995948624816997,1104.198876283741,proper pMpc/h,5.025371265570352e+27,redshift_table,7.785328521538248e-12,6.3e-18,0,5995849160.0,2.1940477373517055e-05,2.5618262926523673e-09,1.4213998589059248e-10,2.194033523353172e-05,2.3706025558043034e-05,4.8290051463544373e-29,1.2414525098989163e-56,5.323714711921522,5.321787553437444,0.0003508730831952654,1.7024107684773468,5.960369030098355e-22,1.1066064862050827e-21,2.0931608531655164e-21,4.1863217063310334e-22,5.332617273363016,5.332617273363016,4.426469587985838,5.332617273363016,9.900576345782737,9.900576345782737,8.218215906295718,2.200064976564862,2.200064976564862,1.826217823469551,2.2052250173259674e+21,1.8305010416963475e+21,18.727071537269413,3.7454143074538835,18.727071537269413,3.7454143074538835,15.54486444129913,3.108972888259826,1.8566073352455195,3.511797411528689,0.7023594823057379,1.8566073352455195,0.2222158488280336,3.511797411528689,0.702359482305738,3.158575761708299e-11,0.22221584882803544,5.960369030098355e-22,1.1066064862050827e-21,1.8566073352455195,0.9255172352620599,4.500129064933899,1305041.7113950083,1.8915132698558932,0.0003508730831952654,2.0931608531655164e-21,4.1863217063310334e-22,1.7024107684773468,18.727071537269413,3.7454143074538835,15.54486444129913,3.108972888259826,3.511797411528689,0.7023594823057379,1.8915132698558932
15,4.000000000000003,overdensity_lt_60.4120603015,1925032,63974368992.14399,0.9995995154440648,1104.198876283741,proper pMpc/h,5.025371265570352e+27,redshift_table,7.785328521538248e-12,6.3e-18,0,5995849160.0,2.1947105992320788e-05,2.5715468975598343e-09,1.428525083646512e-10,2.1946963139812966e-05,2.3713207396469405e-05,4.830464934579657e-29,1.2461668474870038e-56,5.340701750667663,5.338754209902733,0.00035087211192478423,1.7024060559433698,5.982998412652927e-22,1.112153707744609e-21,2.0931550589754054e-21,4.186310117950811e-22,5.349626070373327,5.349626070373327,4.440591731746513,5.349626070373327,9.944188613907384,9.944188613907384,8.254423983462331,2.198734448930091,2.198734448930091,1.8251148558396009,2.2038913690666224e+21,1.8293954871619245e+21,18.715694206349472,3.7431388412698947,18.715694206349472,3.7431388412698947,15.535432916867734,3.107086583373547,1.8588567655184582,3.4985051216941194,0.699701024338824,1.8588567655184585,0.2211074763661526,3.4985051216941194,0.699701024338824,3.158575761708299e-11,0.2211074763661544,5.982998412652927e-22,1.112153707744609e-21,1.8588567655184582,0.9255164336428227,4.522687411727309,1305041.7113950083,1.8820735339004686,0.00035087211192478423,2.0931550589754054e-21,4.186310117950811e-22,1.7024060559433698,18.715694206349472,3.7431388412698947,15.535432916867734,3.107086583373547,3.4985051216941194,0.699701024338824,1.8820735339004686
15,4.000000000000003,overdensity_lt_60.9195979899,1925622,63974682674.09885,0.9996044167246092,1104.198876283741,proper pMpc/h,5.025371265570352e+27,redshift_table,7.785328521538248e-12,6.3e-18,0,5995849160.0,2.195414662226479e-05,2.581955530343229e-09,1.436124533814892e-10,2.1954003009811964e-05,2.372085089746477e-05,4.832015481106234e-29,1.2512150153812599e-56,5.35889581133013,5.356925879444618,0.00035087105570498283,1.7024009312414479,6.007277359745076e-22,1.1180701293589982e-21,2.093148758013472e-21,4.1862975160269443e-22,5.367882167734174,5.367882167734174,4.4557523395349685,5.367882167734174,9.990663573950734,9.990663573950734,8.293014116576314,2.1973211281501563,2.1973211281501563,1.8239444256648831,2.2024747334787573e+21,1.8282223118558248e+21,18.70360767399668,3.7407215347993357,18.70360767399668,3.7407215347993357,15.525423443922724,3.105084688784545,1.861192787353578,3.484355112417011,0.6968710224834023,1.861192787353578,0.21993745579416424,3.4843551124170116,0.6968710224834023,3.158575761708299e-11,0.21993745579416588,6.007277359745076e-22,1.1180701293589982e-21,1.861192787353578,0.9255149869922398,4.546747148588804,1305041.7113950083,1.8721086477943,0.00035087105570498283,2.093148758013472e-21,4.1862975160269443e-22,1.7024009312414479,18.70360767399668,3.7407215347993357,15.525423443922724,3.105084688784545,3.484355112417011,0.6968710224834023,1.8721086477943
15,4.000000000000003,overdensity_lt_61.4271356784,1926194,63974984327.78247,0.9996091300634156,1104.198876283741,proper pMpc/h,5.025371265570352e+27,redshift_table,7.785328521538248e-12,6.3e-18,0,5995849160.0,2.1960972035182393e-05,2.592125436083247e-09,1.4439307087091986e-10,2.1960827642112064e-05,2.3728253272588358e-05,4.8335183658065504e-29,1.2561456808355338e-56,5.376668529965559,5.3746835116898,0.00035087003562906093,1.7023959819070096,6.030975679398178e-22,1.1241474929638745e-21,2.0931426726706825e-21,4.1862853453413644e-22,5.385702717210638,5.385702717210638,4.47054982706554,5.385702717210638,10.038714346142443,10.038714346142443,8.332909378880638,2.1959530066913007,2.1959530066913007,1.8228108474937001,2.2011034032226296e+21,1.8270860749860892e+21,18.691907875239437,3.7383815750478866,18.691907875239437,3.7383815750478866,15.515729312748933,3.1031458625497863,1.8639562696363776,3.4706534795370856,0.694130695907417,1.8639562696363776,0.21874843042377584,3.4706534795370856,0.6941306959074169,3.158575761708299e-11,0.21874843042377753,6.030975679398178e-22,1.1241474929638745e-21,1.8639562696363776,0.9255138753715985,4.57146137260376,1305041.7113950083,1.8619822450095056,0.00035087003562906093,2.0931426726706825e-21,4.1862853453413644e-22,1.7023959819070096,18.691907875239437,3.7383815750478866,15.515729312748933,3.1031458625497863,3.4706534795370856,0.694130695907417,1.8619822450095056
15,4.000000000000003,overdensity_lt_61.9346733668,1926774,63975284022.437126,0.9996138127923943,1104.198876283741,proper pMpc/h,5.025371265570352e+27,redshift_table,7.785328521538248e-12,6.3e-18,0,5995849160.0,2.1967810163223317e-05,2.602397729671036e-09,1.4512793378925744e-10,2.19676650352901e-05,2.3735674107444838e-05,4.83502427244424e-29,1.2611274406057054e-56,5.394629938298087,5.392623967076242,0.0003508690255902891,1.7023910812720962,6.054927613092289e-22,1.1298686422014294e-21,2.093136647205297e-21,4.186273294410594e-22,5.403719038697087,5.403719038697087,4.485510752671823,5.403719038697087,10.083510626764667,10.083510626764667,8.37010492535508,2.1945831809936664,2.1945831809936664,1.8216762169695093,2.1997303647305959e+21,1.8259487832951528e+21,18.680194172166818,3.7360388344333635,18.680194172166818,3.7360388344333635,15.506026723671923,3.1012053447343844,1.8660316264695995,3.456914402542823,0.6913828805085646,1.8660316264695997,0.2176407862524172,3.456914402542823,0.6913828805085646,3.158575761708299e-11,0.21764078625241895,6.054927613092289e-22,1.1298686422014294e-21,1.8660316264695995,0.9255125822779902,4.594727014265624,1305041.7113950083,1.8525486671858082,0.0003508690255902891,2.093136647205297e-21,4.186273294410594e-22,1.7023910812720962,18.680194172166818,3.7360388344333635,15.506026723671923,3.1012053447343844,3.456914402542823,0.6913828805085646,1.8525486671858082
15,4.000000000000003,overdensity_lt_62.4422110553,1927341,63975578225.71197,0.9996184097185633,1104.198876283741,proper pMpc/h,5.025371265570352e+27,redshift_table,7.785328521538248e-12,6.3e-18,0,5995849160.0,2.1974577317282447e-05,2.6126435081367235e-09,1.4592681184844614e-10,2.1974431390471173e-05,2.3743022955691926e-05,4.836514652416246e-29,1.2660970242722828e-56,5.41255063698792,5.410521094083908,0.00035086804389442683,1.7023863181549255,6.078833701383811e-22,1.1360881703408625e-21,2.0931307908217585e-21,4.186261581643517e-22,5.421704918463992,5.421704918463992,4.500447322904625,5.421704918463992,10.13275757082091,10.13275757082091,8.41099660882354,2.193228376406945,2.193228376406945,1.8205544055900926,2.198372382580046e+21,1.8248243408150615e+21,18.668609902921624,3.733721980584325,18.668609902921624,3.733721980584325,15.496434557666234,3.099286911533247,1.8689245769007279,3.4433098414014345,0.6886619682802869,1.8689245769007277,0.2164493091912846,3.443309841401434,0.6886619682802868,3.158575761708299e-11,0.21644930919128638,6.078833701383811e-22,1.1360881703408625e-21,1.8689245769007279,0.925511104103247,4.620019364978677,1305041.7113950083,1.8424017127066403,0.00035086804389442683,2.0931307908217585e-21,4.186261581643517e-22,1.7023863181549255,18.668609902921624,3.733721980584325,15.496434557666234,3.099286911533247,3.4433098414014345,0.6886619682802869,1.8424017127066403
15,4.000000000000003,overdensity_lt_62.9497487437,1927901,63975870518.80015,0.9996229767980659,1104.198876283741,proper pMpc/h,5.025371265570352e+27,redshift_table,7.785328521538248e-12,6.3e-18,0,5995849160.0,2.1981356184367267e-05,2.6229897641787634e-09,1.4679176630189672e-10,2.1981209392601547e-05,2.375037766758809e-05,4.8380075253748104e-29,1.2711147707855472e-56,5.430648404875359,5.428597328559889,0.0003508670303136499,1.70238140033446,6.102951858221225e-22,1.1428221249171417e-21,2.0931247442262647e-21,4.1862494884525294e-22,5.439852370470151,5.439852370470151,4.515516747687656,5.439852370470151,10.186519228202139,10.186519228202139,8.455633543528252,2.191873123469517,2.191873123469517,1.8194316911173176,2.197013951027225e+21,1.8236989931234932e+21,18.657020186437514,3.731404037287503,18.657020186437514,3.731404037287503,15.48683335068597,3.0973666701371942,1.8725727344181118,3.4296923732187685,0.6859384746437537,1.872572734418112,0.21517390527287797,3.4296923732187685,0.6859384746437537,3.158575761708299e-11,0.2151739052728795,6.102951858221225e-22,1.1428221249171417e-21,1.8725727344181118,0.9255098887374363,4.647403683693982,1305041.7113950083,1.8315402708693822,0.0003508670303136499,2.0931247442262647e-21,4.1862494884525294e-22,1.70238140033446,18.657020186437514,3.731404037287503,15.48683335068597,3.0973666701371942,3.4296923732187685,0.6859384746437537,1.8315402708693822
15,4.000000000000003,overdensity_lt_63.4572864322,1928450,63976150353.917046,0.9996273492217672,1104.198876283741,proper pMpc/h,5.025371265570352e+27,redshift_table,7.785328521538248e-12,6.3e-18,0,5995849160.0,2.1987897632085986e-05,2.633050846452015e-09,1.4759870194193815e-10,2.198775003338463e-05,2.375747349403674e-05,4.8394480667419187e-29,1.2759939047192408e-56,5.448248806735408,5.446178019359624,0.00035086609219530523,1.7023768486522461,6.126401110410151e-22,1.1491043839706032e-21,2.093119147807819e-21,4.186238295615639e-22,5.457498891819712,5.457498891819712,4.5301699547823695,5.457498891819712,10.236410886398675,10.236410886398675,8.497057344689308,2.1905666436947655,2.1905666436947655,1.8183492823221834,2.1957044070298427e+21,1.8226140456426553e+21,18.64584969827911,3.729169939655823,18.64584969827911,3.729169939655823,15.477578604943558,3.0955157209887125,1.875659727891491,3.4165558377350336,0.6833111675470068,1.875659727891491,0.21399752979879066,3.4165558377350336,0.6833111675470068,3.158575761708299e-11,0.2139975297987924,6.126401110410151e-22,1.1491043839706032e-21,1.875659727891491,0.9255087683841331,4.672951136119343,1305041.7113950083,1.821522201991152,0.00035086609219530523,2.093119147807819e-21,4.186238295615639e-22,1.7023768486522461,18.64584969827911,3.729169939655823,15.477578604943558,3.0955157209887125,3.4165558377350336,0.6833111675470068,1.821522201991152
15,4.000000000000003,overdensity_lt_63.9648241206,1928929,63976395207.57225,0.9996311750601296,1104.198876283741,proper pMpc/h,5.025371265570352e+27,redshift_table,7.785328521538248e-12,6.3e-18,0,5995849160.0,2.199366726427809e-05,2.641994188989048e-09,1.4821515911322496e-10,2.199351904911956e-05,2.3763732221625996e-05,4.840718723733355e-29,1.2803315503761229e-56,5.463900114377897,5.461809608700436,0.00035086527777393814,1.702372897138802,6.147245916302823e-22,1.1539037055685294e-21,2.0931142893133803e-21,4.1862285786267602e-22,5.473189515846149,5.473189515846149,4.543199068594978,5.473189515846149,10.273761208844055,10.273761208844055,8.5280698247065,2.1894152615687488,2.1894152615687488,1.817395386790107,2.19455032444781e+21,1.8216579128403708e+21,18.636006009383497,3.727201201876699,18.636006009383497,3.727201201876699,15.46942324928284,3.0938846498565677,1.8771067910400583,3.4049626740364003,0.6809925348072801,1.8771067910400583,0.21310747028887672,3.4049626740364003,0.68099253480728,3.158575761708299e-11,0.21310747028887853,6.147245916302823e-22,1.1539037055685294e-21,1.8771067910400583,0.9255077798387465,4.6924680708960915,1305041.7113950083,1.8139419079879815,0.00035086527777393814,2.0931142893133803e-21,4.1862285786267602e-22,1.702372897138802,18.636006009383497,3.727201201876699,15.46942324928284,3.0938846498565677,3.4049626740364003,0.6809925348072801,1.8139419079879815
15,4.000000000000003,overdensity_lt_64.472361809,1929441,63976654952.11949,0.9996352335686799,1104.198876283741,proper pMpc/h,5.025371265570352e+27,redshift_table,7.785328521538248e-12,6.3e-18,0,5995849160.0,2.1999837462392098e-05,2.651634087060605e-09,1.4899146245165162e-10,2.1999688470930216e-05,2.3770431306012485e-05,4.8420775991359063e-29,1.2850070394713478e-56,5.480775542054959,5.47866377774315,0.00035086440670576156,1.702368670779144,6.169733191011351e-22,1.159947482090549e-21,2.093109092887963e-21,4.1862181857759264e-22,5.490122861588502,5.490122861588502,4.5572611845177065,5.490122861588502,10.321765937861326,10.321765937861326,8.56792907011233,2.1881844216365303,2.1881844216365303,1.8163760958903512,2.1933165976989343e+21,1.8206362312918633e+21,18.62548302640505,3.72509660528101,18.62548302640505,3.72509660528101,15.46070879997934,3.0921417599958683,1.8800610110344316,3.392543936806541,0.6785087873613083,1.8800610110344314,0.21199709766814603,3.392543936806541,0.6785087873613082,3.158575761708299e-11,0.21199709766814798,6.169733191011351e-22,1.159947482090549e-21,1.8800610110344316,0.9255064911407653,4.717045709584955,1305041.7113950083,1.8044860868317905,0.00035086440670576156,2.093109092887963e-21,4.1862181857759264e-22,1.702368670779144,18.62548302640505,3.72509660528101,15.46070879997934,3.0921417599958683,3.392543936806541,0.6785087873613083,1.8044860868317905
15,4.000000000000003,overdensity_lt_64.9798994975,1929953,63976907570.51202,0.999639180731063,1104.198876283741,proper pMpc/h,5.025371265570352e+27,redshift_table,7.785328521538248e-12,6.3e-18,0,5995849160.0,2.2005885149449637e-05,2.661154356301502e-09,1.4980281512533825e-10,2.2005735346635102e-05,2.3776993609081992e-05,4.843409519589584e-29,1.2896246882427734e-56,5.497445802609188,5.49531234226767,0.0003508635609646552,1.7023645673045948,6.191928658641758e-22,1.1662641292020283e-21,2.0931040475531667e-21,4.1862080951063333e-22,5.5068391361896865,5.5068391361896865,4.571142291561726,5.5068391361896865,10.372259281218394,10.372259281218394,8.609852564574325,2.1869793790189345,2.1869793790189345,1.8153778752150025,2.1921087287698014e+21,1.8196356693859474e+21,18.615181021338202,3.72303620426764,18.615181021338202,3.72303620426764,15.452174855173613,3.0904349710347225,1.883523201731876,3.380374941225992,0.6760749882451984,1.8835232017318755,0.21084889219642006,3.3803749412259916,0.6760749882451983,3.158575761708299e-11,0.21084889219642206,6.191928658641758e-22,1.1662641292020283e-21,1.883523201731876,0.9255053733214476,4.742733004584262,1305041.7113950083,1.794708415653059,0.0003508635609646552,2.0931040475531667e-21,4.1862080951063333e-22,1.7023645673045948,18.615181021338202,3.72303620426764,15.452174855173613,3.0904349710347225,3.380374941225992,0.6760749882451984,1.794708415653059
15,4.000000000000003,overdensity_lt_65.4874371859,1930476,63977172512.87775,0.9996433204555272,1104.198876283741,proper pMpc/h,5.025371265570352e+27,redshift_table,7.785328521538248e-12,6.3e-18,0,5995849160.0,2.2012277429004156e-05,2.6712937278497494e-09,1.5039711423223012e-10,2.2012127031890522e-05,2.378393677253129e-05,4.8448173623297625e-29,1.2945428321289692e-56,5.51520429971046,5.513046923517291,0.0003508626744997167,1.702360266240964,6.215591782154832e-22,1.1708909429892372e-21,2.0930987592771608e-21,4.186197518554322e-22,5.524665710695432,5.524665710695432,4.585946762309788,5.524665710695432,10.407345383055176,10.407345383055176,8.638990006447607,2.185706091400523,2.185706091400523,1.8143236709895465,2.1908324547777685e+21,1.8185789926258927e+21,18.604296018405456,3.7208592036810915,18.604296018405456,3.7208592036810915,15.443162637965239,3.088632527593048,1.883796401093945,3.367497146911282,0.6734994293822564,1.883796401093945,0.21001571591533824,3.367497146911282,0.6734994293822564,3.158575761708299e-11,0.21001571591534007,6.215591782154832e-22,1.1708909429892372e-21,1.883796401093945,0.9255039332812607,4.761548418610312,1305041.7113950083,1.7876120503021096,0.0003508626744997167,2.0930987592771608e-21,4.186197518554322e-22,1.702360266240964,18.604296018405456,3.7208592036810915,15.443162637965239,3.088632527593048,3.367497146911282,0.6734994293822564,1.7876120503021096
15,4.000000000000003,overdensity_lt_65.9949748744,1930984,63977420802.85348,0.9996471999863977,1104.198876283741,proper pMpc/h,5.025371265570352e+27,redshift_table,7.785328521538248e-12,6.3e-18,0,5995849160.0,2.201831517239686e-05,2.6809443708161116e-09,1.5115864336902737e-10,2.2018164013754108e-05,2.37904882704788e-05,4.846147097205508e-29,1.2992237460821072e-56,5.5321094645965205,5.529930009259131,0.00035086184180039296,1.702356226044199,6.238091302261007e-22,1.1768196974979263e-21,2.09309379174414e-21,4.1861875834882797e-22,5.5416174463615695,5.5416174463615695,4.600023384056353,5.5416174463615695,10.454294832960732,10.454294832960732,8.677971938862916,2.18450506892468,2.18450506892468,1.8133287793513846,2.1896286154192438e+21,1.8175817675651e+21,18.594029024545208,3.718805804909041,18.594029024545208,3.718805804909041,15.43465768696979,3.086931537393957,1.8865060488476435,3.3553433098766843,0.6710686619753368,1.8865060488476435,0.2089576680042811,3.3553433098766843,0.6710686619753368,3.158575761708299e-11,0.2089576680042827,6.238091302261007e-22,1.1768196974979263e-21,1.8865060488476435,0.925502821271477,4.785658308454631,1305041.7113950083,1.7786019355338234,0.00035086184180039296,2.09309379174414e-21,4.1861875834882797e-22,1.702356226044199,18.594029024545208,3.718805804909041,15.43465768696979,3.086931537393957,3.3553433098766843,0.6710686619753368,1.7786019355338234
15,4.000000000000003,overdensity_lt_66.5025125628,1931489,63977668912.219505,0.9996510766952418,1104.198876283741,proper pMpc/h,5.025371265570352e+27,redshift_table,7.785328521538248e-12,6.3e-18,0,5995849160.0,2.20243951432695e-05,2.6907357355504253e-09,1.5181657020383177e-10,2.2024243326699923e-05,2.379708624702671e-05,4.8474858972116186e-29,1.303971267732806e-56,5.549257958363625,5.547062589577513,0.0003508610303845458,1.7023522891133198,6.260921555578563e-22,1.1819418740500145e-21,2.093088951179365e-21,4.18617790235873e-22,5.558821828354762,5.558821828354762,4.614309940551739,5.558821828354762,10.49398915318084,10.49398915318084,8.710931913407995,2.183296575490015,2.183296575490015,1.8123277562284916,2.1884172875794827e+21,1.8165783966387685e+21,18.583699615493497,3.7167399230986993,18.583699615493497,3.7167399230986993,15.426101522195898,3.0852203044391797,1.887808150218539,3.3431004247520004,0.6686200849504002,1.887808150218539,0.20805210903312538,3.343100424752001,0.6686200849504002,3.158575761708299e-11,0.20805210903312701,6.260921555578563e-22,1.1819418740500145e-21,1.887808150218539,0.925501681091386,4.806488166100616,1305041.7113950083,1.770889920336975,0.0003508610303845458,2.093088951179365e-21,4.18617790235873e-22,1.7023522891133198,18.583699615493497,3.7167399230986993,15.426101522195898,3.0852203044391797,3.3431004247520004,0.6686200849504002,1.770889920336975
15,4.000000000000003,overdensity_lt_67.0100502513,1932018,63977929241.193924,0.9996551443354668,1104.198876283741,proper pMpc/h,5.025371265570352e+27,redshift_table,7.785328521538248e-12,6.3e-18,0,5995849160.0,2.2030823626635322e-05,2.701166022172309e-09,1.5256471854230484e-10,2.2030671061917427e-05,2.380406042306325e-05,4.848901725517608e-29,1.3090306087259448e-56,5.567536043355371,5.565315770887164,0.00035086015052286423,1.702348020088213,6.285234507530971e-22,1.1877664546478704e-21,2.0930837022956057e-21,4.1861674045912112e-22,5.577145683485738,5.577145683485738,4.629525700347223,5.577145683485738,10.539537622011135,10.539537622011135,8.748751253774161,2.1820200889543035,2.1820200889543035,1.8112702543165893,2.1871378071673968e+21,1.815518414457861e+21,18.572787891120328,3.7145575782240656,18.572787891120328,3.7145575782240656,15.417061656402602,3.08341233128052,1.8897726938027342,3.3301600756307055,0.6660320151261411,1.8897726938027344,0.20703186109391528,3.3301600756307055,0.6660320151261411,3.158575761708299e-11,0.20703186109391694,6.285234507530971e-22,1.1877664546478704e-21,1.8897726938027342,0.9255005520223086,4.830174422024661,1305041.7113950083,1.7622013941420234,0.00035086015052286423,2.0930837022956057e-21,4.1861674045912112e-22,1.702348020088213,18.572787891120328,3.7145575782240656,15.417061656402602,3.08341233128052,3.3301600756307055,0.6660320151261411,1.7622013941420234
15,4.000000000000003,overdensity_lt_67.5175879397,1932475,63978150742.54309,0.9996586052940473,1104.198876283741,proper pMpc/h,5.025371265570352e+27,redshift_table,7.785328521538248e-12,6.3e-18,0,5995849160.0,2.2036333231653897e-05,2.7101690690791413e-09,1.532692289599848e-10,2.203617996242557e-05,2.3810039794424406e-05,4.850115053626044e-29,1.3133967684029507e-56,5.583311539082972,5.581073245230037,0.0003508593995664924,1.7023443765023263,6.306227521564691e-22,1.193251299696356e-21,2.0930792224065653e-21,4.186158444813131e-22,5.5929698318549335,5.5929698318549335,4.642666135974956,5.5929698318549335,10.5829015813364,10.5829015813364,8.78475662646855,2.1809267685479328,2.1809267685479328,1.8103646466515397,2.186041922483188e+21,1.8146106827771507e+21,18.563442100004817,3.7126884200009638,18.563442100004817,3.7126884200009638,15.409320378229348,3.08186407564587,1.8921792713883694,3.3190670892369485,0.6638134178473898,1.8921792713883694,0.2060802277887694,3.319067089236948,0.6638134178473897,3.158575761708299e-11,0.20608022778877116,6.306227521564691e-22,1.193251299696356e-21,1.8921792713883694,0.9254995015836043,4.852479108403275,1305041.7113950083,1.7540975844226498,0.0003508593995664924,2.0930792224065653e-21,4.186158444813131e-22,1.7023443765023263,18.563442100004817,3.7126884200009638,15.409320378229348,3.08186407564587,3.3190670892369485,0.6638134178473898,1.7540975844226498
15,4.000000000000003,overdensity_lt_68.0251256281,1932956,63978383631.50921,0.9996622441841427,1104.198876283741,proper pMpc/h,5.025371265570352e+27,redshift_table,7.785328521538248e-12,6.3e-18,0,5995849160.0,2.2042170367877324e-05,2.719778450179704e-09,1.5400519469899776e-10,2.204201636268324e-05,2.3816374429969875e-05,4.8514005685670954e-29,1.318057394954143e-56,5.600155065107416,5.597895910543162,0.00035085859452028403,1.7023404704764729,6.328633770286574e-22,1.1989810347551678e-21,2.0930744198403696e-21,4.1861488396807396e-22,5.60986315519225,5.60986315519225,4.656694370936598,5.60986315519225,10.628075149848213,10.628075149848213,8.82226470682835,2.179769366061719,2.179769366061719,1.8094059437946814,2.184881805420782e+21,1.8136497313749666e+21,18.553548040758546,3.7107096081517095,18.553548040758546,3.7107096081517095,15.40112482821182,3.0802249656423646,1.8945337623808738,3.3073084899738014,0.6614616979947604,1.8945337623808738,0.20509540394930778,3.3073084899738014,0.6614616979947604,3.158575761708299e-11,0.20509540394930942,6.328633770286574e-22,1.1989810347551678e-21,1.8945337623808738,0.9254983972264967,4.875779665190138,1305041.7113950083,1.745711032258134,0.00035085859452028403,2.0930744198403696e-21,4.1861488396807396e-22,1.7023404704764729,18.553548040758546,3.7107096081517095,15.40112482821182,3.0802249656423646,3.3073084899738014,0.6614616979947604,1.745711032258134
15,4.000000000000003,overdensity_lt_68.5326633166,1933448,63978616169.466705,0.9996658775897284,1104.198876283741,proper pMpc/h,5.025371265570352e+27,redshift_table,7.785328521538248e-12,6.3e-18,0,5995849160.0,2.2048042741550286e-05,2.729517115682523e-09,1.5479873203312366e-10,2.2047887942818862e-05,2.3822748024947454e-05,4.852693820480851e-29,1.3227805547159275e-56,5.6172276000642976,5.614947987631065,0.00035085778554166556,1.7023365453708503,6.351343809797677e-22,1.2051589835954434e-21,2.0930695938150734e-21,4.186139187630147e-22,5.626988729800145,5.626988729800145,4.670915586101618,5.626988729800145,10.67713577061888,10.67713577061888,8.862999782066057,2.1786058455781703,2.1786058455781703,1.8084422217146676,2.1837155560118674e+21,1.812683748977522e+21,18.543601744431413,3.7087203488862825,18.543601744431413,3.7087203488862825,15.392886421082663,3.0785772842165327,1.8974866102136485,3.2954751883944207,0.6590950376788841,1.8974866102136485,0.2040440331922361,3.2954751883944207,0.6590950376788841,3.158575761708299e-11,0.20404403319223768,6.351343809797677e-22,1.2051589835954434e-21,1.8974866102136485,0.9254972566443662,4.900902929407702,1305041.7113950083,1.7367580728400316,0.00035085778554166556,2.0930695938150734e-21,4.186139187630147e-22,1.7023365453708503,18.543601744431413,3.7087203488862825,15.392886421082663,3.0785772842165327,3.2954751883944207,0.6590950376788841,1.7367580728400316
15,4.000000000000003,overdensity_lt_69.040201005,1933899,63978823195.8429,0.9996691123768563,1104.198876283741,proper pMpc/h,5.025371265570352e+27,redshift_table,7.785328521538248e-12,6.3e-18,0,5995849160.0,2.205330932233541e-05,2.738313853040514e-09,1.555150622379597e-10,2.205315380727379e-05,2.38284623755325e-05,4.853853531682428e-29,1.3270459502783667e-56,5.632648195488358,5.63035379552416,0.0003508570776976141,1.7023331109628173,6.37185115229474e-22,1.2107358495699917e-21,2.0930653711159565e-21,4.186130742231913e-22,5.642455853648972,5.642455853648972,4.683759257801582,5.642455853648972,10.721411122682262,10.721411122682262,8.899761009221706,2.1775633058357067,2.1775633058357067,1.8075785717598845,2.182670571092728e+21,1.8118180734148514e+21,18.534690583708876,3.7069381167417754,18.534690583708876,3.7069381167417754,15.38550426686865,3.0771008533737305,1.9001320348388253,3.284862312519912,0.6569724625039824,1.9001320348388253,0.20310416986331628,3.284862312519912,0.6569724625039824,3.158575761708299e-11,0.2031041698633177,6.37185115229474e-22,1.2107358495699917e-21,1.9001320348388253,0.9254963018477587,4.923581828344374,1305041.7113950083,1.7287547666646985,0.0003508570776976141,2.0930653711159565e-21,4.186130742231913e-22,1.7023331109628173,18.534690583708876,3.7069381167417754,15.38550426686865,3.0771008533737305,3.284862312519912,0.6569724625039824,1.7287547666646985
15,4.000000000000003,overdensity_lt_69.5477386935,1934384,63979047048.51197,0.9996726100748102,1104.198876283741,proper pMpc/h,5.025371265570352e+27,redshift_table,7.785328521538248e-12,6.3e-18,0,5995849160.0,2.2059045568144276e-05,2.7479634174868334e-09,1.563744464261081e-10,2.2058889193698484e-05,2.3834686866606228e-05,4.855116898799297e-29,1.3317265891731067e-56,5.64957383399175,5.647256463822032,0.0003508562989979497,1.7023293327684854,6.394348234593231e-22,1.217426437800942e-21,2.093060725722132e-21,4.1861214514442634e-22,5.659427063581678,5.659427063581678,4.697851980226633,5.659427063581678,10.775040515835753,10.775040515835753,8.944287973967745,2.1764286034307734,2.1764286034307734,1.806638606625729,2.1815332073524597e+21,1.8108759036828962e+21,18.524991261482775,3.704998252296555,18.524991261482775,3.704998252296555,15.377469468854818,3.0754938937709633,1.9039101299092562,3.2732979952495187,0.6546595990499036,1.9039101299092565,0.20198797398786034,3.2732979952495187,0.6546595990499037,3.158575761708299e-11,0.20198797398786167,6.394348234593231e-22,1.217426437800942e-21,1.9039101299092562,0.9254952379762229,4.950789793357175,1305041.7113950083,1.7192502649300625,0.0003508562989979497,2.093060725722132e-21,4.1861214514442634e-22,1.7023293327684854,18.524991261482775,3.704998252296555,15.377469468854818,3.0754938937709633,3.2732979952495187,0.6546595990499036,1.7192502649300625
15,4.000000000000003,overdensity_lt_70.0552763819,1934854,63979266542.97284,0.9996760396757611,1104.198876283741,proper pMpc/h,5.025371265570352e+27,redshift_table,7.785328521538248e-12,6.3e-18,0,5995849160.0,2.2064711515893944e-05,2.757563193387586e-09,1.571070056668112e-10,2.2064554408888905e-05,2.3840840490236713e-05,4.8563648403603697e-29,1.336383499519701e-56,5.666416485752434,5.664074621908793,0.00035085555503083484,1.7023257230939666,6.416749131242169e-22,1.223129652151304e-21,2.093056287528051e-21,4.1861125750561024e-22,5.6763296639920595,5.6763296639920595,4.711888810783092,5.6763296639920595,10.819944781089978,10.819944781089978,8.981574320941363,2.175308171874374,2.175308171874374,1.805710880409187,2.1804101479316277e+21,1.8099460015737586e+21,18.51541528319129,3.7030830566382584,18.51541528319129,3.7030830566382584,15.369540400956062,3.0739080801912126,1.9061515841348278,3.2618639823976916,0.6523727964795384,1.9061515841348275,0.20104614356961978,3.261863982397692,0.6523727964795384,3.158575761708299e-11,0.20104614356962106,6.416749131242169e-22,1.223129652151304e-21,1.9061515841348278,0.9254939823923057,4.973982500956086,1305041.7113950083,1.7112301086370318,0.00035085555503083484,2.093056287528051e-21,4.1861125750561024e-22,1.7023257230939666,18.51541528319129,3.7030830566382584,15.369540400956062,3.0739080801912126,3.2618639823976916,0.6523727964795384,1.7112301086370318
15,4.000000000000003,overdensity_lt_70.5628140704,1935301,63979471969.3946,0.999679249463601,1104.198876283741,proper pMpc/h,5.025371265570352e+27,redshift_table,7.785328521538248e-12,6.3e-18,0,5995849160.0,2.2070052766662378e-05,2.766676910404315e-09,1.5791103052477097e-10,2.206989485563249e-05,2.3846637150397297e-05,4.857541220019016e-29,1.3408042739204933e-56,5.682407781762904,5.680044035201308,0.00035085485232053403,1.7023223135945194,6.43799983117526e-22,1.2293892498100054e-21,2.0930520954547253e-21,4.186104190909451e-22,5.692366134380411,5.692366134380411,4.725205473720108,5.692366134380411,10.870043359899094,10.870043359899094,9.023170184635493,2.1742531456603618,2.1742531456603618,1.8048369733416247,2.1793526472551217e+21,1.8090700448412373e+21,18.506398226303542,3.7012796452607084,18.506398226303542,3.7012796452607084,15.362071260599222,3.0724142521198443,1.9095826064748123,3.2510906342671304,0.6502181268534261,1.909582606474812,0.20002249058926894,3.2510906342671304,0.6502181268534261,3.158575761708299e-11,0.20002249058927038,6.43799983117526e-22,1.2293892498100054e-21,1.9095826064748123,0.9254929622336622,4.999437798489457,1305041.7113950083,1.7025137447543108,0.00035085485232053403,2.0930520954547253e-21,4.186104190909451e-22,1.7023223135945194,18.506398226303542,3.7012796452607084,15.362071260599222,3.0724142521198443,3.2510906342671304,0.6502181268534261,1.7025137447543108
15,4.000000000000003,overdensity_lt_71.0703517588,1935755,63979679107.88299,0.9996824860024818,1104.198876283741,proper pMpc/h,5.025371265570352e+27,redshift_table,7.785328521538248e-12,6.3e-18,0,5995849160.0,2.2075476987669788e-05,2.7759967360562935e-09,1.5851248021310896e-10,2.2075318475190208e-05,2.3852523768618932e-05,4.858735826187127e-29,1.3453246720717118e-56,5.698762179531123,5.696377452477544,0.00035085412368156336,1.7023187782910454,6.459731579730659e-22,1.2340717332228938e-21,2.0930477487018892e-21,4.186095497403779e-22,5.7087684748987915,5.7087684748987915,4.738825974087758,5.7087684748987915,10.906072054901564,10.906072054901564,9.053086975988537,2.1731825028378564,2.1731825028378564,1.803950140238198,2.17827949334287e+21,1.8081811317560778e+21,18.497246916172077,3.699449383234416,18.497246916172077,3.699449383234416,15.354490994141246,3.0708981988282495,1.9104071399733746,3.24014662663299,0.6480293253265982,1.9104071399733746,0.19926353795371757,3.2401466266329897,0.6480293253265981,3.158575761708299e-11,0.19926353795371912,6.459731579730659e-22,1.2340717332228938e-21,1.9104071399733746,0.9254919391059631,5.018479598772655,1305041.7113950083,1.6960503124366193,0.00035085412368156336,2.0930477487018892e-21,4.186095497403779e-22,1.7023187782910454,18.497246916172077,3.699449383234416,15.354490994141246,3.0708981988282495,3.24014662663299,0.6480293253265982,1.6960503124366193
15,4.000000000000003,overdensity_lt_71.5778894472,1936218,63979884319.02693,0.9996856924266058,1104.198876283741,proper pMpc/h,5.025371265570352e+27,redshift_table,7.785328521538248e-12,6.3e-18,0,5995849160.0,2.2080889423953933e-05,2.785361707690585e-09,1.5919795335723879e-10,2.208073022600118e-05,2.3858390218546905e-05,4.859927711210021e-29,1.3498660229889925e-56,5.715194924292624,5.712792829322836,0.00035085342806735146,1.702315403221307,6.4815412692039415e-22,1.2394083668426363e-21,2.0930435989608377e-21,4.1860871979216755e-22,5.7252307390655615,5.7252307390655615,4.75249474403767,5.7252307390655615,10.947857284836854,10.947857284836854,9.087779440860341,2.172115654334491,2.172115654334491,1.8030658852277919,2.1772101426489682e+21,1.8072948028106083e+21,18.48812967975866,3.697625935951732,18.48812967975866,3.697625935951732,15.346934147230657,3.0693868294461315,1.912212412704208,3.229237479217507,0.6458474958435014,1.9122124127042082,0.198405550768637,3.2292374792175074,0.6458474958435014,3.158575761708299e-11,0.19840555076863853,6.4815412692039415e-22,1.2394083668426363e-21,1.912212412704208,0.9254912013651357,5.040181568136185,1305041.7113950083,1.688744125790289,0.00035085342806735146,2.0930435989608377e-21,4.1860871979216755e-22,1.702315403221307,18.48812967975866,3.697625935951732,15.346934147230657,3.0693868294461315,3.229237479217507,0.6458474958435014,1.688744125790289
15,4.000000000000003,overdensity_lt_72.0854271357,1936659,63980083139.194786,0.9996887989917284,1104.198876283741,proper pMpc/h,5.025371265570352e+27,redshift_table,7.785328521538248e-12,6.3e-18,0,5995849160.0,2.20861707344185e-05,2.794563526182025e-09,1.599602707451066e-10,2.208601077414836e-05,2.3864123783049132e-05,4.8610908774259783e-29,1.3543294433792409e-56,5.731348801122521,5.728924993772899,0.0003508527445050673,1.702312086626649,6.503004785909944e-22,1.2453432581448688e-21,2.0930395211165046e-21,4.1860790422330097e-22,5.741436604767624,5.741436604767624,4.7659524366820545,5.741436604767624,10.995008620177481,10.995008620177481,9.126929674911205,2.171074577812223,2.171074577812223,1.802203679432844,2.1761666243818663e+21,1.8064305747949105e+21,18.479232473887976,3.6958464947775957,18.479232473887976,3.6958464947775957,15.339565530307741,3.0679131060615488,1.915027435998745,3.218572936700726,0.6437145873401453,1.9150274359987447,0.1974600159774297,3.218572936700726,0.6437145873401453,3.158575761708299e-11,0.19746001597743132,6.503004785909944e-22,1.2453432581448688e-21,1.915027435998745,0.9254901196010482,5.0643164138824694,1305041.7113950083,1.6806928591193486,0.0003508527445050673,2.0930395211165046e-21,4.1860790422330097e-22,1.702312086626649,18.479232473887976,3.6958464947775957,15.339565530307741,3.0679131060615488,3.218572936700726,0.6437145873401453,1.6806928591193486
15,4.000000000000003,overdensity_lt_72.5929648241,1937099,63980284901.7484,0.9996919515316283,1104.198876283741,proper pMpc/h,5.025371265570352e+27,redshift_table,7.785328521538248e-12,6.3e-18,0,5995849160.0,2.2091567173436647e-05,2.804029305933907e-09,1.6079673266287096e-10,2.209140637670458e-05,2.3869977595532704e-05,4.862279399530417e-29,1.3589208991952775e-56,5.747968188775442,5.745522063759589,0.0003508520251850178,1.7023085965379043,6.525066074260139e-22,1.251855388970419e-21,2.093035229956422e-21,4.1860704599128444e-22,5.758094799334195,5.758094799334195,4.77978478738622,5.758094799334195,11.047094271097304,11.047094271097304,9.170174334038038,2.170012016049587,2.170012016049587,1.8013233168648846,2.1751015704828321e+21,1.805548147421237e+21,18.470150547558802,3.6940301095117603,18.470150547558802,3.6940301095117603,15.33204083721632,3.066408167443264,1.9185328925766683,3.2076843454703963,0.6415368690940793,1.9185328925766683,0.19643283227219535,3.2076843454703967,0.6415368690940793,3.158575761708299e-11,0.19643283227219674,6.525066074260139e-22,1.251855388970419e-21,1.9185328925766683,0.9254891961372856,5.090798663506013,1305041.7113950083,1.671946495096232,0.0003508520251850178,2.093035229956422e-21,4.1860704599128444e-22,1.7023085965379043,18.470150547558802,3.6940301095117603,15.33204083721632,3.066408167443264,3.2076843454703963,0.6415368690940793,1.671946495096232
15,4.000000000000003,overdensity_lt_73.1005025126,1937531,63980479591.83555,0.9996949935642399,1104.198876283741,proper pMpc/h,5.025371265570352e+27,redshift_table,7.785328521538248e-12,6.3e-18,0,5995849160.0,2.20968116447789e-05,2.813292735481334e-09,1.6154029499176484e-10,2.2096650104484514e-05,2.3875672247527472e-05,4.8634344322450834e-29,1.3634140523020916e-56,5.764234434005579,5.761767072064608,0.00035085136478627346,1.7023053923310623,6.546677317851763e-22,1.2576442659770994e-21,2.093031290296e-21,4.186062580592e-22,5.774417235166025,5.774417235166025,4.793339480461622,5.774417235166025,11.092898538565676,11.092898538565676,9.208206880833938,2.16897960058751,2.16897960058751,1.8004683638890302,2.174066733589605e+21,1.8046911892354223e+21,18.46132834968096,3.692265669936192,18.46132834968096,3.692265669936192,15.324735022848909,3.0649470045697815,1.9210420873313865,3.1970894373984673,0.6394178874796934,1.9210420873313867,0.19552866124636542,3.1970894373984677,0.6394178874796935,3.158575761708299e-11,0.19552866124636706,6.546677317851763e-22,1.2576442659770994e-21,1.9210420873313865,0.92548808156691,5.114339727105252,1305041.7113950083,1.6642474719748075,0.00035085136478627346,2.093031290296e-21,4.186062580592e-22,1.7023053923310623,18.46132834968096,3.692265669936192,15.324735022848909,3.0649470045697815,3.1970894373984673,0.6394178874796934,1.6642474719748075
15,4.000000000000003,overdensity_lt_73.608040201,1937974,63980675932.42787,0.9996980613859947,1104.198876283741,proper pMpc/h,5.025371265570352e+27,redshift_table,7.785328521538248e-12,6.3e-18,0,5995849160.0,2.2102135972259103e-05,2.8227587317734564e-09,1.62429206030578e-10,2.2101973543053682e-05,2.388144610271899e-05,4.8646070877030285e-29,1.3680057335428304e-56,5.780859058838646,5.7783689313294975,0.00035085068594362757,1.7023020986357473,6.568732251540859e-22,1.2645647304406806e-21,2.093027240607039e-21,4.1860544812140782e-22,5.791074565289735,5.791074565289735,4.807170740676739,5.791074565289735,11.148557082532417,11.148557082532417,9.254416741434746,2.1679329130180514,2.1679329130180514,1.7996010152718624,2.1730175911151416e+21,1.80382180633551e+21,18.45238373766069,3.690476747532138,18.45238373766069,3.690476747532138,15.317322925021564,3.0634645850043127,1.925127531486834,3.1863488424513995,0.6372697684902799,1.9251275314868337,0.19445860993211161,3.1863488424513995,0.6372697684902799,3.158575761708299e-11,0.19445860993211306,6.568732251540859e-22,1.2645647304406806e-21,1.925127531486834,0.9254872359064257,5.142482507455481,1305041.7113950083,1.6551364989261188,0.00035085068594362757,2.093027240607039e-21,4.1860544812140782e-22,1.7023020986357473,18.45238373766069,3.690476747532138,15.317322925021564,3.0634645850043127,3.1863488424513995,0.6372697684902799,1.6551364989261188
15,4.000000000000003,overdensity_lt_74.1155778894,1938405,63980862528.30539,0.9997009769465808,1104.198876283741,proper pMpc/h,5.025371265570352e+27,redshift_table,7.785328521538248e-12,6.3e-18,0,5995849160.0,2.2107232445313482e-05,2.831883344914943e-09,1.632762485475678e-10,2.2107069169065522e-05,2.3886979622860724e-05,4.8657296421098336e-29,1.3724324674698577e-56,5.796889674638642,5.794375074800832,0.0003508500600515317,1.7022990618526623,6.590017635914599e-22,1.2711592347071568e-21,2.09302350679873e-21,4.18604701359746e-22,5.807155302130639,5.807155302130639,4.820524583535809,5.807155302130639,11.201516441249252,11.201516441249252,9.298388379265672,2.166931114625592,2.166931114625592,1.7987713717676515,2.1720134431009237e+21,1.8029902169822698e+21,18.443824017632448,3.6887648035264897,18.443824017632448,3.6887648035264897,15.310234093237497,3.0620468186474996,1.9289162866265053,3.176051449987127,0.6352102899974255,1.9289162866265053,0.1934497999436873,3.1760514499871273,0.6352102899974255,3.158575761708299e-11,0.19344979994368874,6.590017635914599e-22,1.2711592347071568e-21,1.9289162866265053,0.9254861651871733,5.1692997371467415,1305041.7113950083,1.6465470647986207,0.0003508500600515317,2.09302350679873e-21,4.18604701359746e-22,1.7022990618526623,18.443824017632448,3.6887648035264897,15.310234093237497,3.0620468186474996,3.176051449987127,0.6352102899974255,1.6465470647986207
15,4.000000000000003,overdensity_lt_74.6231155779,1938851,63981061077.92422,0.9997040792843748,1104.198876283741,proper pMpc/h,5.025371265570352e+27,redshift_table,7.785328521538248e-12,6.3e-18,0,5995849160.0,2.2112693009752842e-05,2.841726085487223e-09,1.6410688246268902e-10,2.2112528902870984e-05,2.389290852722633e-05,4.866932343865449e-29,1.377207217987822e-56,5.814182666291051,5.811643162513412,0.0003508493917875545,1.7022958194842805,6.612978814365611e-22,1.2776259926175062e-21,2.0930195202176454e-21,4.1860390404352906e-22,5.824504301298077,5.824504301298077,4.834931644774349,5.824504301298077,11.252928972470578,11.252928972470578,9.341076866106983,2.165858504365375,2.165858504365375,1.7978830951375557,2.170938317136524e+21,1.8020998569847884e+21,18.434659387878273,3.6869318775756548,18.434659387878273,3.6869318775756548,15.302644383870602,3.06052887677412,1.9319977100819883,3.1650177309972687,0.6330035461994538,1.9319977100819885,0.1924706456127094,3.1650177309972687,0.6330035461994538,3.158575761708299e-11,0.1924706456127107,6.612978814365611e-22,1.2776259926175062e-21,1.9319977100819883,0.925485019024512,5.195597473145069,1305041.7113950083,1.638209876999779,0.0003508493917875545,2.0930195202176454e-21,4.1860390404352906e-22,1.7022958194842805,18.434659387878273,3.6869318775756548,15.302644383870602,3.06052887677412,3.1650177309972687,0.6330035461994538,1.638209876999779
15,4.000000000000003,overdensity_lt_75.1306532663,1939261,63981242207.62055,0.9997069094358798,1104.198876283741,proper pMpc/h,5.025371265570352e+27,redshift_table,7.785328521538248e-12,6.3e-18,0,5995849160.0,2.211770746556022e-05,2.850823220392949e-09,1.6485601784729328e-10,2.2117542609542962e-05,2.3898350006275834e-05,4.8680366118238105e-29,1.3816188710742294e-56,5.830161494460538,5.827604475864059,0.00035084878069927884,1.7022928545282585,6.634188935339957e-22,1.2834582576937585e-21,2.093015874722685e-21,4.18603174944537e-22,5.840530801356736,5.840530801356736,4.848239847972656,5.840530801356736,11.299161901140407,11.299161901140407,9.37946375782796,2.164874499250541,2.164874499250541,1.797067966953993,2.1699520041323523e+21,1.8012828169964846e+21,18.426251955123192,3.6852503910246384,18.426251955123192,3.6852503910246384,15.295679796237033,3.059135959247407,1.9346121586270288,3.1548933790132283,0.6309786758026457,1.934612158627029,0.19159602439469814,3.1548933790132287,0.6309786758026457,3.158575761708299e-11,0.1915960243946993,6.634188935339957e-22,1.2834582576937585e-21,1.9346121586270288,0.9254840858776768,5.219314978790687,1305041.7113950083,1.630762716415583,0.00035084878069927884,2.093015874722685e-21,4.18603174944537e-22,1.7022928545282585,18.426251955123192,3.6852503910246384,15.295679796237033,3.059135959247407,3.1548933790132283,0.6309786758026457,1.630762716415583
15,4.000000000000003,overdensity_lt_75.6381909548,1939685,63981422684.96343,0.9997097293943622,1104.198876283741,proper pMpc/h,5.025371265570352e+27,redshift_table,7.785328521538248e-12,6.3e-18,0,5995849160.0,2.2122738117976804e-05,2.8600109324508333e-09,1.656754641040706e-10,2.2122572442513296e-05,2.3903813827611968e-05,4.869144562787015e-29,1.3860753742828233e-56,5.846305559544,5.843727237836252,0.0003508481513968944,1.7022898011987007,6.655628479863054e-22,1.2898379160085142e-21,2.0930121205700325e-21,4.186024241140065e-22,5.856734283323306,5.856734283323306,4.861695956797142,5.856734283323306,11.350149674779905,11.350149674779905,9.421799609390566,2.1638875646668616,2.1638875646668616,1.7962507628287017,2.1689627547885476e+21,1.8004636961975307e+21,18.417818661365462,3.6835637322730928,18.417818661365462,3.6835637322730928,15.288696769793425,3.0577393539586852,1.937965617989323,3.1447249901381187,0.6289449980276237,1.937965617989323,0.19064837263556372,3.1447249901381182,0.6289449980276237,3.158575761708299e-11,0.19064837263556478,6.655628479863054e-22,1.2898379160085142e-21,1.937965617989323,0.9254829627629918,5.245258515327361,1305041.7113950083,1.622693901763248,0.0003508481513968944,2.0930121205700325e-21,4.186024241140065e-22,1.7022898011987007,18.417818661365462,3.6835637322730928,15.288696769793425,3.0577393539586852,3.1447249901381187,0.6289449980276237,1.622693901763248
15,4.000000000000003,overdensity_lt_76.1457286432,1940100,63981600171.44012,0.9997125026205602,1104.198876283741,proper pMpc/h,5.025371265570352e+27,redshift_table,7.785328521538248e-12,6.3e-18,0,5995849160.0,2.2127717872040207e-05,2.8691640660800206e-09,1.664413848849528e-10,2.2127551430655942e-05,2.390921823478151e-05,4.870241241140861e-29,1.3905146044547582e-56,5.862388647583377,5.859791074313483,0.00035084755402665826,1.7022869028016123,6.676971378624617e-22,1.295800860909155e-21,2.0930085569111117e-21,4.186017113822223e-22,5.87286547030288,5.87286547030288,4.875091192318935,5.87286547030288,11.397479037853405,11.397479037853405,9.461096964172969,2.1629116495531253,2.1629116495531253,1.795442375756763,2.1679845507597932e+21,1.79965341313148e+21,18.409480864756585,3.6818961729513164,18.409480864756585,3.6818961729513164,15.281790204928747,3.056358040985749,1.9407015358152935,3.1346675584256416,0.6269335116851282,1.9407015358152933,0.18977105747416992,3.134667558425641,0.6269335116851281,3.158575761708299e-11,0.189771057474171,6.676971378624617e-22,1.295800860909155e-21,1.9407015358152935,0.9254820133962506,5.269507443916236,1305041.7113950083,1.615223928345458,0.00035084755402665826,2.0930085569111117e-21,4.186017113822223e-22,1.7022869028016123,18.409480864756585,3.6818961729513164,15.281790204928747,3.056358040985749,3.1346675584256416,0.6269335116851282,1.615223928345458
15,4.000000000000003,overdensity_lt_76.6532663317,1940493,63981764227.5766,0.9997150659976926,1104.198876283741,proper pMpc/h,5.025371265570352e+27,redshift_table,7.785328521538248e-12,6.3e-18,0,5995849160.0,2.2132352453372485e-05,2.8777400298438535e-09,1.6705807803657062e-10,2.213218539529507e-05,2.3914250631974788e-05,4.8712619763469146e-29,1.3946745030217705e-56,5.8774627893429185,5.874844862447142,0.00035084700026924556,1.7022842160107825,6.696979060136896e-22,1.3006020196914825e-21,2.0930052534279038e-21,4.1860105068558076e-22,5.887991005328766,5.887991005328766,4.887651881716826,5.887991005328766,11.434906582042286,11.434906582042286,9.492175280565734,2.1620037289984073,2.1620037289984073,1.7946905123928305,2.167074500764754e+21,1.7988997863443548e+21,18.40172411415221,3.680344822830442,18.40172411415221,3.680344822830442,15.275366659353093,3.0550733318706187,1.9420726987682955,3.125297592591128,0.6250595185182256,1.9420726987682955,0.1890705195959958,3.125297592591128,0.6250595185182256,3.158575761708299e-11,0.18907051959599683,6.696979060136896e-22,1.3006020196914825e-21,1.9420726987682955,0.9254810337106282,5.289031849792266,1305041.7113950083,1.6092588061061048,0.00035084700026924556,2.0930052534279038e-21,4.1860105068558076e-22,1.7022842160107825,18.40172411415221,3.680344822830442,15.275366659353093,3.0550733318706187,3.125297592591128,0.6250595185182256,1.6092588061061048
15,4.000000000000003,overdensity_lt_77.1608040201,1940892,63981933572.69359,0.9997177120151454,1104.198876283741,proper pMpc/h,5.025371265570352e+27,redshift_table,7.785328521538248e-12,6.3e-18,0,5995849160.0,2.21371676609093e-05,2.8867070974701055e-09,1.6789883879092606e-10,2.213699976207111e-05,2.3919480428961993e-05,4.872322546487331e-29,1.3990245446752433e-56,5.893228390150832,5.890587498927097,0.0003508464302485956,1.7022814503119033,6.717903340695509e-22,1.3071476183721564e-21,2.09300185292508e-21,4.1860037058501605e-22,5.903812028244554,5.903812028244554,4.900790330796989,5.903812028244554,11.487443984625411,11.487443984625411,9.535797233395966,2.161060933780583,2.161060933780583,1.793909846361437,2.1661294943114407e+21,1.798117289335883e+21,18.393669702842033,3.678733940568407,18.393669702842033,3.678733940568407,15.268697274964753,3.0537394549929506,1.9457672313529097,3.115558153756333,0.6231116307512666,1.9457672313529097,0.188123740727085,3.115558153756333,0.6231116307512666,3.158575761708299e-11,0.18812374072708604,6.717903340695509e-22,1.3071476183721564e-21,1.9457672313529097,0.9254799588066037,5.315650199890056,1305041.7113950083,1.6011977710150134,0.0003508464302485956,2.09300185292508e-21,4.1860037058501605e-22,1.7022814503119033,18.393669702842033,3.678733940568407,15.268697274964753,3.0537394549929506,3.115558153756333,0.6231116307512666,1.6011977710150134
15,4.000000000000003,overdensity_lt_77.6683417085,1941301,63982106617.05816,0.9997204158333417,1104.198876283741,proper pMpc/h,5.025371265570352e+27,redshift_table,7.785328521538248e-12,6.3e-18,0,5995849160.0,2.2142120375913426e-05,2.8959895171381408e-09,1.6872578630245733e-10,2.214195165012773e-05,2.392485775340388e-05,4.873413216644978e-29,1.4035260440251925e-56,5.9095444322929085,5.906885744793162,0.0003508458248290464,1.7022785128601317,6.7395564334728315e-22,1.3135856764194968e-21,2.0929982412473516e-21,4.185996482494704e-22,5.920185634103869,5.920185634103869,4.91438729648445,5.920185634103869,11.53884699604195,11.53884699604195,9.578477196181684,2.1600920190364334,2.1600920190364334,1.7931074181928004,2.1651583070709668e+21,1.7973129791491688e+21,18.385391149031893,3.677078229806379,18.385391149031893,3.677078229806379,15.261841146198549,3.0523682292397103,1.949068442984486,3.1055430159353214,0.6211086031870644,1.9490684429844862,0.18720172126187193,3.1055430159353214,0.6211086031870644,3.158575761708299e-11,0.18720172126187315,6.7395564334728315e-22,1.3135856764194968e-21,1.949068442984486,0.925478925657458,5.341831224944336,1305041.7113950083,1.593347338372581,0.0003508458248290464,2.0929982412473516e-21,4.185996482494704e-22,1.7022785128601317,18.385391149031893,3.677078229806379,15.261841146198549,3.0523682292397103,3.1055430159353214,0.6211086031870644,1.593347338372581
15,4.000000000000003,overdensity_lt_78.175879397,1941698,63982275214.50376,0.999723050168429,1104.198876283741,proper pMpc/h,5.025371265570352e+27,redshift_table,7.785328521538248e-12,6.3e-18,0,5995849160.0,2.214697725124704e-05,2.905150345152313e-09,1.6945759930310397e-10,2.2146807793648332e-05,2.3930128484492393e-05,4.87448283334468e-29,1.40796900331552e-56,5.925650097395877,5.922972189474142,0.00035084525641116896,1.7022757549377887,6.760916093989466e-22,1.319283081045863e-21,2.0929948503059937e-21,4.185989700611987e-22,5.936338431515382,5.936338431515382,4.9278003890275945,5.936338431515382,11.583801288442348,11.583801288442348,9.61580293208333,2.159142707591099,2.159142707591099,1.7923210405167993,2.164206769106959e+21,1.7965247570999766e+21,18.377281412915302,3.6754562825830597,18.377281412915302,3.6754562825830597,15.25512326168309,3.0510246523366176,1.9513377517267536,3.095726705093546,0.6191453410187091,1.9513377517267536,0.18639327918594112,3.095726705093546,0.6191453410187091,3.158575761708299e-11,0.18639327918594226,6.760916093989466e-22,1.319283081045863e-21,1.9513377517267536,0.9254780143784135,5.365000306703225,1305041.7113950083,1.5864638002078901,0.00035084525641116896,2.0929948503059937e-21,4.185989700611987e-22,1.7022757549377887,18.377281412915302,3.6754562825830597,15.25512326168309,3.0510246523366176,3.095726705093546,0.6191453410187091,1.5864638002078901
15,4.000000000000003,overdensity_lt_78.6834170854,1942107,63982445667.40595,0.9997257134950256,1104.198876283741,proper pMpc/h,5.025371265570352e+27,redshift_table,7.785328521538248e-12,6.3e-18,0,5995849160.0,2.215191991784723e-05,2.9145330845527143e-09,1.7022350727349346e-10,2.2151749694340565e-05,2.3935494613987504e-05,4.8755713518308074e-29,1.4125196588674844e-56,5.942148045322655,5.939450185020673,0.0003508446647952776,1.7022728844603643,6.782802370234466e-22,1.3252459262126103e-21,2.0929913209750667e-21,4.185982641950134e-22,5.952891876000578,5.952891876000578,4.941546634717482,5.952891876000578,11.63095322145027,11.63095322145027,9.654954087395298,2.158177064922703,2.158177064922703,1.7915213033330426,2.1632388616165767e+21,1.795723144209588e+21,18.36903148741086,3.6738062974821726,18.36903148741086,3.6738062974821726,15.248290682984646,3.0496581365969297,1.953832433668268,3.085732425523577,0.6171464851047155,1.9538324336682678,0.18555461653327832,3.0857324255235774,0.6171464851047155,3.158575761708299e-11,0.18555461653327948,6.782802370234466e-22,1.3252459262126103e-21,1.953832433668268,0.9254769977218458,5.389248829713965,1305041.7113950083,1.5793229615552022,0.0003508446647952776,2.0929913209750667e-21,4.185982641950134e-22,1.7022728844603643,18.36903148741086,3.6738062974821726,15.248290682984646,3.0496581365969297,3.085732425523577,0.6171464851047155,1.5793229615552022
15,4.000000000000003,overdensity_lt_79.1909547739,1942477,63982599547.1468,0.9997281178659762,1104.198876283741,proper pMpc/h,5.025371265570352e+27,redshift_table,7.785328521538248e-12,6.3e-18,0,5995849160.0,2.215641088065673e-05,2.9231123370982342e-09,1.7081806265736073e-10,2.2156240062594677e-05,2.3940362791253258e-05,4.876560286910744e-29,1.4166797431722823e-56,5.957231659432348,5.9545189977809,0.0003508441403518779,1.7022703398990005,6.802784130507763e-22,1.3298747352002665e-21,2.0929881923668993e-21,4.1859763847337986e-22,5.968004932235035,5.968004932235035,4.954095219906301,5.968004932235035,11.666839380272313,11.666839380272313,9.684749570670329,2.157300903019218,2.157300903019218,1.790795117112037,2.1623606447596317e+21,1.7949952547886588e+21,18.361546707234723,3.6723093414469443,18.361546707234723,3.6723093414469443,15.24208706347889,3.0484174126957777,1.9548977443460405,3.0766641307647635,0.6153328261529527,1.9548977443460405,0.1849087685793498,3.0766641307647635,0.6153328261529526,3.158575761708299e-11,0.18490876857935098,6.802784130507763e-22,1.3298747352002665e-21,1.9548977443460405,0.9254763704203172,5.4080723574277885,1305041.7113950083,1.573823561699377,0.0003508441403518779,2.0929881923668993e-21,4.1859763847337986e-22,1.7022703398990005,18.361546707234723,3.6723093414469443,15.24208706347889,3.0484174126957777,3.0766641307647635,0.6153328261529527,1.573823561699377
15,4.000000000000003,overdensity_lt_79.6984924623,1942867,63982759435.90289,0.99973061612779,1104.198876283741,proper pMpc/h,5.025371265570352e+27,redshift_table,7.785328521538248e-12,6.3e-18,0,5995849160.0,2.216110736076174e-05,2.932140932473173e-09,1.715363437367971e-10,2.2160935824418627e-05,2.394545961462261e-05,4.877594588431033e-29,1.4210586396875775e-56,5.973111186762672,5.970379333246131,0.000350843601615982,1.702267725991481,6.823836011119085e-22,1.3354667893744848e-21,2.092984978495726e-21,4.185969956991452e-22,5.983931052253761,5.983931052253761,4.96732008948509,5.983931052253761,11.710922093042885,11.710922093042885,9.721351745397719,2.1563846975248513,2.1563846975248513,1.790036171061682,2.1614422903934152e+21,1.7942345287033516e+21,18.35372037709228,3.6707440754184564,18.35372037709228,3.6707440754184564,15.235604011778333,3.047120802355667,1.9570616691233658,3.0671677559151713,0.6134335511830343,1.9570616691233658,0.1841344926037802,3.0671677559151713,0.6134335511830343,3.158575761708299e-11,0.18413449260378154,6.823836011119085e-22,1.3354667893744848e-21,1.9570616691233658,0.9254754839153623,5.430813020740163,1305041.7113950083,1.5672310200061603,0.000350843601615982,2.092984978495726e-21,4.185969956991452e-22,1.702267725991481,18.35372037709228,3.6707440754184564,15.235604011778333,3.047120802355667,3.0671677559151713,0.6134335511830343,1.5672310200061603
15,4.000000000000003,overdensity_lt_80.2060301508,1943243,63982912034.75873,0.9997330004849123,1104.198876283741,proper pMpc/h,5.025371265570352e+27,redshift_table,7.785328521538248e-12,6.3e-18,0,5995849160.0,2.2165617210934758e-05,2.9408628256230033e-09,1.7233515481789776e-10,2.2165444875780558e-05,2.395036015819515e-05,4.878587895858642e-29,1.4252896883421204e-56,5.988456169917326,5.985702251424235,0.0003508430590176062,1.702265093343489,6.844197956253063e-22,1.3416857960674991e-21,2.0929817415826266e-21,4.1859634831652532e-22,5.999338051187205,5.999338051187205,4.98011515266116,5.999338051187205,11.760657275745702,11.760657275745702,9.762648312942728,2.15550489696549,2.15550489696549,1.789307838202065,2.1605604263464767e+21,1.7935044876090765e+21,18.346203723176536,3.6692407446353075,18.346203723176536,3.6692407446353075,15.229381371086374,3.045876274217275,1.9603258185156598,3.0580379979664616,0.6116075995932924,1.9603258185156598,0.1832809890150308,3.058037997966462,0.6116075995932924,3.158575761708299e-11,0.18328098901503218,6.844197956253063e-22,1.3416857960674991e-21,1.9603258185156598,0.9254743865802016,5.4561032509377325,1305041.7113950083,1.559964149368792,0.0003508430590176062,2.0929817415826266e-21,4.1859634831652532e-22,1.702265093343489,18.346203723176536,3.6692407446353075,15.229381371086374,3.045876274217275,3.0580379979664616,0.6116075995932924,1.559964149368792
15,4.000000000000003,overdensity_lt_80.7135678392,1943614,63983064228.53767,0.9997353785127081,1104.198876283741,proper pMpc/h,5.025371265570352e+27,redshift_table,7.785328521538248e-12,6.3e-18,0,5995849160.0,2.2170145061826483e-05,2.9496766617141954e-09,1.7313674781087432e-10,2.2169971925079275e-05,2.3955268586504254e-05,4.8795850870124987e-29,1.4295646528000803e-56,6.003963047547675,6.001189524113453,0.00035084253423095084,1.7022625471166735,6.864726335397328e-22,1.3479264608583847e-21,2.09297861092674e-21,4.185957221853481e-22,6.014870949550034,6.014870949550034,4.993012341545743,6.014870949550034,11.810527201559047,11.810527201559047,9.804052085599196,2.154623176391769,2.154623176391769,1.7885770453494756,2.1596766377819699e+21,1.792771980752152e+21,18.338671681606353,3.667734336321271,18.338671681606353,3.667734336321271,15.22313858465506,3.0446277169310125,1.9635545468257436,3.0488886354208895,0.609777727084178,1.9635545468257436,0.18243242995175935,3.0488886354208895,0.609777727084178,3.158575761708299e-11,0.1824324299517607,6.864726335397328e-22,1.3479264608583847e-21,1.9635545468257436,0.925473736394224,5.4814815560173304,1305041.7113950083,1.55273946443183,0.00035084253423095084,2.09297861092674e-21,4.185957221853481e-22,1.7022625471166735,18.338671681606353,3.667734336321271,15.22313858465506,3.0446277169310125,3.0488886354208895,0.609777727084178,1.55273946443183
15,4.000000000000003,overdensity_lt_81.2211055276,1944014,63983229262.021095,0.9997379571608865,1104.198876283741,proper pMpc/h,5.025371265570352e+27,redshift_table,7.785328521538248e-12,6.3e-18,0,5995849160.0,2.2175085110071507e-05,2.9593508179607935e-09,1.7406301316918898e-10,2.217491104705895e-05,2.3960635761718557e-05,4.8806731625854754e-29,1.4342577906697549e-56,6.020988059519382,6.018189535110562,0.0003508419549381297,1.7022597364298924,6.887307836206799e-22,1.355137740970985e-21,2.0929751551100536e-21,4.1859503102201077e-22,6.031961265433527,6.031961265433527,5.007205140553458,6.031961265433527,11.868408610825213,11.868408610825213,9.852111774468062,2.1536607396175964,2.1536607396175964,1.7877802346342386,2.1587119437049275e+21,1.7919733011940337e+21,18.33044981490428,3.6660899629808568,18.33044981490428,3.6660899629808568,15.216331555015248,3.04326631100305,1.9675870067067167,3.0388871891382814,0.6077774378276563,1.967587006706717,0.18146162726932366,3.0388871891382814,0.6077774378276564,3.158575761708299e-11,0.18146162726932505,6.887307836206799e-22,1.355137740970985e-21,1.9675870067067167,0.925472565401932,5.510806968107928,1305041.7113950083,1.5444741090380913,0.0003508419549381297,2.0929751551100536e-21,4.1859503102201077e-22,1.7022597364298924,18.33044981490428,3.6660899629808568,15.216331555015248,3.04326631100305,3.0388871891382814,0.6077774378276563,1.5444741090380913
15,4.000000000000003,overdensity_lt_81.7286432161,1944411,63983393360.156296,0.9997405211942488,1104.198876283741,proper pMpc/h,5.025371265570352e+27,redshift_table,7.785328521538248e-12,6.3e-18,0,5995849160.0,2.2180028500414906e-05,2.9690920185327905e-09,1.748684554055564e-10,2.2179853631960117e-05,2.396599986675464e-05,4.881761919381028e-29,1.4389829773710833e-56,6.038130093382037,6.03530827010494,0.000350841402619654,1.7022570566206798,6.910018301730586e-22,1.3614083733862282e-21,2.0929718602109375e-21,4.185943720421874e-22,6.049148445247424,6.049148445247424,5.02147700601456,6.049148445247424,11.918002218827139,11.918002218827139,9.89328905401381,2.152698887233192,2.152698887233192,1.7869834177416126,2.1577478353882833e+21,1.791174615444038e+21,18.322234357860932,3.664446871572186,18.322234357860932,3.664446871572186,15.209525664574004,3.0419051329148004,1.9701950326893765,3.0288948144851675,0.6057789628970334,1.9701950326893765,0.18062581695382843,3.028894814485167,0.6057789628970334,3.158575761708299e-11,0.18062581695382987,6.910018301730586e-22,1.3614083733862282e-21,1.9701950326893765,0.9254716579852675,5.536307139613448,1305041.7113950083,1.5373578575876488,0.000350841402619654,2.0929718602109375e-21,4.185943720421874e-22,1.7022570566206798,18.322234357860932,3.664446871572186,15.209525664574004,3.0419051329148004,3.0288948144851675,0.6057789628970334,1.5373578575876488
15,4.000000000000003,overdensity_lt_82.2361809045,1944763,63983532943.9632,0.9997427021912317,1104.198876283741,proper pMpc/h,5.025371265570352e+27,redshift_table,7.785328521538248e-12,6.3e-18,0,5995849160.0,2.2184259146752278e-05,2.9774787090777467e-09,1.7563122940246666e-10,2.2184083515523496e-05,2.3970591535368078e-05,4.8826938346607647e-29,1.4430523168757745e-56,6.052894304188814,6.050047787168209,0.0003508409045185889,1.7022546398704144,6.929574649214243e-22,1.3673468195398612e-21,2.092968888750029e-21,4.1859377775000587e-22,6.06394994155137,6.06394994155137,5.0337680319624205,6.06394994155137,11.965413587642617,11.965413587642617,9.932653961070622,2.151876147842533,2.151876147842533,1.7863019098374957,2.1569231663415293e+21,1.7904915091286917e+21,18.315205785457124,3.663041157091426,18.315205785457124,3.663041157091426,15.203703571151296,3.04074071423026,1.973204545382749,3.0203425097489274,0.6040685019497856,1.9732045453827487,0.17984135124797537,3.020342509748927,0.6040685019497856,3.158575761708299e-11,0.17984135124797676,6.929574649214243e-22,1.3673468195398612e-21,1.973204545382749,0.9254708413345316,5.56045644152849,1305041.7113950083,1.5306788730121548,0.0003508409045185889,2.092968888750029e-21,4.1859377775000587e-22,1.7022546398704144,18.315205785457124,3.663041157091426,15.203703571151296,3.04074071423026,3.0203425097489274,0.6040685019497856,1.5306788730121548
15,4.000000000000003,overdensity_lt_82.743718593,1945111,63983671313.779945,0.9997448642196182,1104.198876283741,proper pMpc/h,5.025371265570352e+27,redshift_table,7.785328521538248e-12,6.3e-18,0,5995849160.0,2.2188479549166783e-05,2.9858969798434958e-09,1.7638531268310403e-10,2.218830316385473e-05,2.3975177146037585e-05,4.883623352040455e-29,1.4471357464743424e-56,6.067711843882043,6.064845369573926,0.00035084042673064257,1.7022523216779288,6.949226095418265e-22,1.3732176056122225e-21,2.092966038468622e-21,4.185932076937244e-22,6.078827211848898,6.078827211848898,5.046123034096468,6.078827211848898,12.012204573814685,12.012204573814685,9.971506028671758,2.1510554158042865,2.1510554158042865,1.7856224404849517,2.1561005093552398e+21,1.7898104461461448e+21,18.308195378053643,3.661639075610729,18.308195378053643,3.661639075610729,15.19789972477859,3.0395799449557184,1.9760727119205497,3.0117972990525486,0.6023594598105098,1.9760727119205497,0.17907249269575012,3.011797299052548,0.6023594598105096,3.158575761708299e-11,0.17907249269575148,6.949226095418265e-22,1.3732176056122225e-21,1.9760727119205497,0.925469831930807,5.584330596765771,1305041.7113950083,1.5241328321999728,0.00035084042673064257,2.092966038468622e-21,4.185932076937244e-22,1.7022523216779288,18.308195378053643,3.661639075610729,15.19789972477859,3.0395799449557184,3.0117972990525486,0.6023594598105098,1.5241328321999728
15,4.000000000000003,overdensity_lt_83.2512562814,1945501,63983830226.54401,0.9997473472315564,1104.198876283741,proper pMpc/h,5.025371265570352e+27,redshift_table,7.785328521538248e-12,6.3e-18,0,5995849160.0,2.2193356347051733e-05,2.9956831615877034e-09,1.771716900593157e-10,2.2193179175362307e-05,2.3980472865310914e-05,4.884697350128114e-29,1.4518819473728813e-56,6.084935571805389,6.082048869633191,0.00035083988210630145,1.7022496792000998,6.97205795903549e-22,1.3793398118279357e-21,2.0929627894694678e-21,4.1859255789389356e-22,6.096112873982621,6.096112873982621,5.060477477477127,6.096112873982621,12.060443607735424,12.060443607735424,10.011560564405336,2.1501078892507652,2.1501078892507652,1.7848377765667989,2.1551507604693372e+21,1.789023941874255e+21,18.300102323613594,3.660020464722719,18.300102323613594,3.660020464722719,15.191197662925266,3.038239532585053,1.9783825951136425,3.001929705356332,0.6003859410712664,1.9783825951136427,0.17827767859813315,3.001929705356332,0.6003859410712664,3.158575761708299e-11,0.17827767859813454,6.97205795903549e-22,1.3793398118279357e-21,1.9783825951136425,0.9254687887104167,5.609227177868715,1305041.7113950083,1.5173656060110532,0.00035083988210630145,2.0929627894694678e-21,4.1859255789389356e-22,1.7022496792000998,18.300102323613594,3.660020464722719,15.191197662925266,3.038239532585053,3.001929705356332,0.6003859410712664,1.5173656060110532
15,4.000000000000003,overdensity_lt_83.7587939698,1945865,63983971069.28127,0.9997495478993261,1104.198876283741,proper pMpc/h,5.025371265570352e+27,redshift_table,7.785328521538248e-12,6.3e-18,0,5995849160.0,2.219770438235003e-05,3.004459282904627e-09,1.7794479967396026e-10,2.2197526437550986e-05,2.3985196132573e-05,4.8856550499031247e-29,1.4561395940791881e-56,6.100387324111197,6.097477353165821,0.0003508393941029074,1.7022473114430021,6.992540443228449e-22,1.3853587241611037e-21,2.092959878247007e-21,4.185919756494014e-22,6.111620849420202,6.111620849420202,5.073356029373967,6.111620849420202,12.10831361112595,12.10831361112595,10.051308380883025,2.1492634770636365,2.1492634770636365,1.7841386252075007,2.1543043677946545e+21,1.7883231507227004e+21,18.29288987707107,3.658577975414214,18.29288987707107,3.658577975414214,15.18522589000541,3.0370451780010823,1.9811951541913213,2.993132317559667,0.5986264635119334,1.9811951541913213,0.17750312273781424,2.9931323175596667,0.5986264635119334,3.158575761708299e-11,0.17750312273781568,6.992540443228449e-22,1.3853587241611037e-21,1.9811951541913213,0.925467789167074,5.633703703776913,1305041.7113950083,1.5107710672659076,0.0003508393941029074,2.092959878247007e-21,4.185919756494014e-22,1.7022473114430021,18.29288987707107,3.658577975414214,15.18522589000541,3.0370451780010823,2.993132317559667,0.5986264635119334,1.5107710672659076
15,4.000000000000003,overdensity_lt_84.2663316583,1946213,63984101753.5504,0.9997515898410311,1104.198876283741,proper pMpc/h,5.025371265570352e+27,redshift_table,7.785328521538248e-12,6.3e-18,0,5995849160.0,2.2201763587666617e-05,3.0127017348817633e-09,1.787750514592268e-10,2.2201584812615783e-05,2.3989602807694454e-05,4.88654898816131e-29,1.460137063982912e-56,6.11489650878949,6.11196966261757,0.0003508389434781904,1.7022451250445363,7.011764655224013e-22,1.3918225070649969e-21,2.0929571900099713e-21,4.1859143800199425e-22,6.1261774111634555,6.1261774111634555,5.085443852238176,6.1261774111634555,12.160350528561866,12.160350528561866,10.094513378578709,2.1484758706475295,2.1484758706475295,1.7834862875757842,2.1535149141234643e+21,1.7876692830958222e+21,18.286162885427867,3.657232577085573,18.286162885427867,3.657232577085573,15.179654193048286,3.0359308386096573,1.9849817777726466,2.9849221885258856,0.5969844377051772,1.9849817777726466,0.176678777934999,2.9849221885258856,0.5969844377051772,3.158575761708299e-11,0.17667877793500034,7.011764655224013e-22,1.3918225070649969e-21,1.9849817777726466,0.9254669612743576,5.659989341605574,1305041.7113950083,1.5037529421933913,0.0003508389434781904,2.0929571900099713e-21,4.1859143800199425e-22,1.7022451250445363,18.286162885427867,3.657232577085573,15.179654193048286,3.0359308386096573,2.9849221885258856,0.5969844377051772,1.5037529421933913
15,4.000000000000003,overdensity_lt_84.7738693467,1946566,63984236457.19355,0.9997536945854553,1104.198876283741,proper pMpc/h,5.025371265570352e+27,redshift_table,7.785328521538248e-12,6.3e-18,0,5995849160.0,2.2205972711345368e-05,3.021298797376718e-09,1.795768954982602e-10,2.2205793134450513e-05,2.39941657408601e-05,4.887475979736766e-29,1.464306846855306e-56,6.130033121267756,6.127087384147002,0.00035083846664119527,1.702242811465997,7.031788006218273e-22,1.39806512633191e-21,2.0929543454015377e-21,4.1859086908030755e-22,6.141339382468835,6.141339382468835,5.09803304334714,6.141339382468835,12.210254933746233,12.210254933746233,10.13594579997088,2.1476602082356053,2.1476602082356053,1.7828102349662773,2.152697338653818e+21,1.7869916448699544e+21,18.279195754703128,3.6558391509406256,18.279195754703128,3.6558391509406256,15.173879533396754,3.034775906679351,1.988207160249411,2.9764184351842227,0.5952836870368445,1.988207160249411,0.1758898745266968,2.9764184351842227,0.5952836870368445,3.158575761708299e-11,0.17588987452669827,7.031788006218273e-22,1.39806512633191e-21,1.988207160249411,0.9254663560415383,5.685375594762906,1305041.7113950083,1.497036372613629,0.00035083846664119527,2.0929543454015377e-21,4.1859086908030755e-22,1.702242811465997,18.279195754703128,3.6558391509406256,15.173879533396754,3.034775906679351,2.9764184351842227,0.5952836870368445,1.497036372613629
15,4.000000000000003,overdensity_lt_85.2814070352,1946929,63984374892.055855,0.9997558576301786,1104.198876283741,proper pMpc/h,5.025371265570352e+27,redshift_table,7.785328521538248e-12,6.3e-18,0,5995849160.0,2.2210324144675296e-05,3.0302383232781458e-09,1.804937250185479e-10,2.2210143650950912e-05,2.3998889538517068e-05,4.8884346132049475e-29,1.4686454290946503e-56,6.145784629289382,6.142808729009212,0.00035083798004618597,1.7022404505422803,7.052637399532473e-22,1.4052029453455958e-21,2.0929514425809067e-21,4.1859028851618136e-22,6.157129875899251,6.157129875899251,5.111145480373119,6.157129875899251,12.267775225566739,12.267775225566739,10.183703310177625,2.1468168754109542,2.1468168754109542,1.7821117291833757,2.1518520278731533e+21,1.7862915008089337e+21,18.271992626156564,3.654398525231313,18.271992626156564,3.654398525231313,15.167913364008959,3.033582672801792,1.9924502930474608,2.967615267899142,0.5935230535798284,1.9924502930474608,0.174996430561987,2.9676152678991414,0.5935230535798284,3.158575761708299e-11,0.17499643056198863,7.052637399532473e-22,1.4052029453455958e-21,1.9924502930474608,0.9254654726963385,5.714402269740993,1305041.7113950083,1.489430014015638,0.00035083798004618597,2.0929514425809067e-21,4.1859028851618136e-22,1.7022404505422803,18.271992626156564,3.654398525231313,15.167913364008959,3.033582672801792,2.967615267899142,0.5935230535798284,1.489430014015638
15,4.000000000000003,overdensity_lt_85.7889447236,1947275,63984506677.7244,0.9997579167812496,1104.198876283741,proper pMpc/h,5.025371265570352e+27,redshift_table,7.785328521538248e-12,6.3e-18,0,5995849160.0,2.2214491730318232e-05,3.0388511276319606e-09,1.8146125190804565e-10,2.2214310269066974e-05,2.4003409489900586e-05,4.889352733248511e-29,1.4728253474076082e-56,6.160961718273386,6.157957151660939,0.0003508375445103078,1.702238337353767,7.072705570056206e-22,1.412735460033758e-21,2.0929488443575206e-21,4.185897688715041e-22,6.172329251294189,6.172329251294189,5.123766119697362,6.172329251294189,12.328900613683572,12.328900613683572,10.234451320668382,2.146010028996418,2.146010028996418,1.7814431200015903,2.1510432890779688e+21,1.7856213234686312e+21,18.26510271851686,3.653020543703372,18.26510271851686,3.653020543703372,15.162203873409073,3.032440774681814,1.9974470109640534,2.959191250966903,0.5918382501933805,1.9974470109640534,0.17406337322685603,2.959191250966903,0.5918382501933805,3.158575761708299e-11,0.17406337322685766,7.072705570056206e-22,1.412735460033758e-21,1.9974470109640534,0.9254647877591567,5.74503401526463,1305041.7113950083,1.4814867351793581,0.0003508375445103078,2.0929488443575206e-21,4.185897688715041e-22,1.702238337353767,18.26510271851686,3.653020543703372,15.162203873409073,3.032440774681814,2.959191250966903,0.5918382501933805,1.4814867351793581
15,4.000000000000003,overdensity_lt_86.2964824121,1947625,63984640245.54154,0.9997600037783922,1104.198876283741,proper pMpc/h,5.025371265570352e+27,redshift_table,7.785328521538248e-12,6.3e-18,0,5995849160.0,2.2218740958206497e-05,3.047684187583291e-09,1.8221483982563468e-10,2.221855874336733e-05,2.400802350783646e-05,4.890288620481996e-29,1.4771101729102433e-56,6.176520768146077,6.173494569154638,0.0003508370704477993,1.7022360372368355,7.093312497744553e-22,1.4186023895420495e-21,2.0929460163005045e-21,4.185892032601008e-22,6.187939721673066,6.187939721673066,5.1367293333823945,6.187939721673066,12.375355066196185,12.375355066196185,10.273023371075263,2.1451873289807546,2.1451873289807546,1.7807618002129373,2.1502186594985606e+21,1.7849384057099552e+21,18.258075890074362,3.6516151780148713,18.258075890074362,3.6516151780148713,15.156384550286022,3.0312769100572035,1.9999152582000579,2.95059045680843,0.5901180913616858,1.9999152582000579,0.17334349741935293,2.9505904568084302,0.5901180913616858,3.158575761708299e-11,0.17334349741935445,7.093312497744553e-22,1.4186023895420495e-21,1.9999152582000579,0.9254638865258928,5.768892487387567,1305041.7113950083,1.4753577406394651,0.0003508370704477993,2.0929460163005045e-21,4.185892032601008e-22,1.7022360372368355,18.258075890074362,3.6516151780148713,15.156384550286022,3.0312769100572035,2.95059045680843,0.5901180913616858,1.4753577406394651
15,4.000000000000003,overdensity_lt_86.8040201005,1947976,63984771385.291824,0.9997620528369903,1104.198876283741,proper pMpc/h,5.025371265570352e+27,redshift_table,7.785328521538248e-12,6.3e-18,0,5995849160.0,2.2222936425048647e-05,3.0564536281745654e-09,1.82990719756689e-10,2.2222753434329532e-05,2.4012576829009674e-05,4.891212600547446e-29,1.481363528226589e-56,6.191966065193109,6.188920777636742,0.0003508366201618378,1.7022338524819869,7.11376055437585e-22,1.4246428696985754e-21,2.092943330084341e-21,4.1858866601686816e-22,6.2034299257352306,6.2034299257352306,5.149592169142121,6.2034299257352306,12.423347881644945,12.423347881644945,10.312871384335793,2.144375712080293,2.144375712080293,1.7800894838541215,2.149405139028735e+21,1.7842645124977952e+21,18.251144647716206,3.6502289295432413,18.251144647716206,3.6502289295432413,15.150642899318365,3.030128579863673,2.002657889324434,2.9421053943078244,0.5884210788615648,2.002657889324434,0.1726085216730131,2.942105394307824,0.5884210788615648,3.158575761708299e-11,0.17260852167301458,7.11376055437585e-22,1.4246428696985754e-21,2.002657889324434,0.9254630851397069,5.793456721067201,1305041.7113950083,1.4691003440933683,0.0003508366201618378,2.092943330084341e-21,4.1858866601686816e-22,1.7022338524819869,18.251144647716206,3.6502289295432413,15.150642899318365,3.030128579863673,2.9421053943078244,0.5884210788615648,1.4691003440933683
15,4.000000000000003,overdensity_lt_87.3115577889,1948318,63984901598.15137,0.9997640874129204,1104.198876283741,proper pMpc/h,5.025371265570352e+27,redshift_table,7.785328521538248e-12,6.3e-18,0,5995849160.0,2.2227126731430765e-05,3.0652627795204013e-09,1.8372712119855414e-10,2.222694300431023e-05,2.4017132238198826e-05,4.89213553319542e-29,1.4856369624193954e-56,6.207485808310072,6.20441815997306,0.0003508361550801431,1.7022315959393135,7.134335764096962e-22,1.4303759968472295e-21,2.0929405556030726e-21,4.1858811112061454e-22,6.2190196998281095,6.2190196998281095,5.162539335619178,6.2190196998281095,12.468626087547415,12.468626087547415,10.35046932555466,2.1435648632065245,2.1435648632065245,1.7794183744201182,2.1485923883869345e+21,1.7835918290411738e+21,18.24421919047739,3.648843838095478,18.24421919047739,3.648843838095478,15.144910896664483,3.0289821793328966,2.0049182490758217,2.9336165619449077,0.5867233123889816,2.0049182490758217,0.17191668497841406,2.9336165619449077,0.5867233123889816,3.158575761708299e-11,0.17191668497841547,7.134335764096962e-22,1.4303759968472295e-21,2.0049182490758217,0.9254619903769638,5.816771072136206,1305041.7113950083,1.46321006519701,0.0003508361550801431,2.0929405556030726e-21,4.1858811112061454e-22,1.7022315959393135,18.24421919047739,3.648843838095478,15.144910896664483,3.0289821793328966,2.9336165619449077,0.5867233123889816,1.46321006519701
15,4.000000000000003,overdensity_lt_87.8190954774,1948615,63985010834.81399,0.9997657942357738,1104.198876283741,proper pMpc/h,5.025371265570352e+27,redshift_table,7.785328521538248e-12,6.3e-18,0,5995849160.0,2.2230662678459503e-05,3.0727391402446645e-09,1.844236184344637e-10,2.223047825484174e-05,2.402096851843838e-05,4.8929142934123777e-29,1.4892634112626282e-56,6.220657676133257,6.2175727384716915,0.00035083578069523136,1.702229779450857,7.15176279745329e-22,1.4357984566431292e-21,2.0929383221805654e-21,4.185876644361131e-22,6.232224003395794,6.232224003395794,5.173503705421632,6.232224003395794,12.511904909257288,12.511904909257288,10.38640241022396,2.142881693497542,2.142881693497542,1.7788523608184015,2.1479076163691193e+21,1.7830244879090036e+21,18.238385162558004,3.6476770325116004,18.238385162558004,3.6476770325116004,15.140077309157721,3.028015461831544,2.0076147619918414,2.926464958997034,0.5852929917994067,2.0076147619918414,0.17126742163074388,2.926464958997034,0.5852929917994067,3.158575761708299e-11,0.17126742163074532,7.15176279745329e-22,1.4357984566431292e-21,2.0076147619918414,0.9254613625498794,5.838822062470307,1305041.7113950083,1.4576825267480906,0.00035083578069523136,2.0929383221805654e-21,4.185876644361131e-22,1.702229779450857,18.238385162558004,3.6476770325116004,15.140077309157721,3.028015461831544,2.926464958997034,0.5852929917994067,1.4576825267480906
15,4.000000000000003,overdensity_lt_88.3266331658,1948943,63985130679.026245,0.9997676668015902,1104.198876283741,proper pMpc/h,5.025371265570352e+27,redshift_table,7.785328521538248e-12,6.3e-18,0,5995849160.0,2.2234564358555362e-05,3.0810354617239647e-09,1.8503852820928964e-10,2.223437932002781e-05,2.402520706404066e-05,4.893773650268759e-29,1.4932880275077017e-56,6.2352780774877585,6.232172238836749,0.00035083539503281524,1.7022279082447669,7.1711265933273435e-22,1.4405857312512543e-21,2.092936021481222e-21,4.1858720429624453e-22,6.246899403072434,6.246899403072434,5.18569082472351,6.246899403072434,12.54920552232585,12.54920552232585,10.417376002995674,2.142127738212526,2.142127738212526,1.7782281161708693,2.1471518927545112e+21,1.7823987791557016e+21,18.231948095053006,3.646389619010602,18.231948095053006,3.646389619010602,15.134747632857852,3.0269495265715713,2.0088694746955156,2.918559579506903,0.5837119159013807,2.0088694746955156,0.17069827523356296,2.918559579506903,0.5837119159013807,3.158575761708299e-11,0.17069827523356437,7.1711265933273435e-22,1.4405857312512543e-21,2.0088694746955156,0.9254604657833213,5.8582900069242765,1305041.7113950083,1.4528368399590865,0.00035083539503281524,2.092936021481222e-21,4.1858720429624453e-22,1.7022279082447669,18.231948095053006,3.646389619010602,15.134747632857852,3.0269495265715713,2.918559579506903,0.5837119159013807,1.4528368399590865
15,4.000000000000003,overdensity_lt_88.8341708543,1949276,63985254930.96744,0.9997696082381713,1104.198876283741,proper pMpc/h,5.025371265570352e+27,redshift_table,7.785328521538248e-12,6.3e-18,0,5995849160.0,2.223863338460951e-05,3.0897376489407644e-09,1.8593334947560038e-10,2.2238447451260674e-05,2.402962459072312e-05,4.8946699422931454e-29,1.4975102476774265e-56,6.250618305797029,6.247487763556793,0.0003508349687725804,1.7022258400610022,7.191423614876899e-22,1.4475522087775416e-21,2.0929334785924128e-21,4.185866957184825e-22,6.262283065951329,6.262283065951329,5.198465446717913,6.262283065951329,12.605267287210438,12.605267287210438,10.463922781691197,2.1413421441354656,2.1413421441354656,1.777577447179483,2.1463644561421154e+21,1.7817465840827886e+21,18.225239650795107,3.6450479301590213,18.225239650795107,3.6450479301590213,15.129191316492937,3.025838263298587,2.0128868584281285,2.9103187222384745,0.5820637444476948,2.0128868584281285,0.1698767741567936,2.910318722238474,0.5820637444476948,3.158575761708299e-11,0.16987677415679492,7.191423614876899e-22,1.4475522087775416e-21,2.0128868584281285,0.92545962868875,5.886619904125374,1305041.7113950083,1.4458431729795058,0.0003508349687725804,2.0929334785924128e-21,4.185866957184825e-22,1.7022258400610022,18.225239650795107,3.6450479301590213,15.129191316492937,3.025838263298587,2.9103187222384745,0.5820637444476948,1.4458431729795058
15,4.000000000000003,overdensity_lt_89.3417085427,1949588,63985369035.202736,0.9997713911168478,1104.198876283741,proper pMpc/h,5.025371265570352e+27,redshift_table,7.785328521538248e-12,6.3e-18,0,5995849160.0,2.2242391508973378e-05,3.0978201236797556e-09,1.8679743503205528e-10,2.2242204711538978e-05,2.4033703471851563e-05,4.895497695931821e-29,1.5014312666714881e-56,6.2648655436897505,6.2617141045780444,0.0003508345837125049,1.702223971777425,7.210269920700724e-22,1.4542793987052594e-21,2.0929311814863797e-21,4.1858623629727595e-22,6.27656837028217,6.27656837028217,5.210327734920471,6.27656837028217,12.65955945596461,12.65955945596461,10.50899948092524,2.1406170617199742,2.1406170617199742,1.776976810980255,2.14563767311557e+21,1.7811445391491355e+21,18.21904838427748,3.643809676855496,18.21904838427748,3.643809676855496,15.124062624715961,3.0248125249431923,2.0169555574195845,2.902708503987573,0.5805417007975147,2.016955557419585,0.1690909600105723,2.9027085039875735,0.5805417007975147,3.158575761708299e-11,0.16909096001057367,7.210269920700724e-22,1.4542793987052594e-21,2.0169555574195845,0.9254588972352596,5.913976713701713,1305041.7113950083,1.4391534277042706,0.0003508345837125049,2.0929311814863797e-21,4.1858623629727595e-22,1.702223971777425,18.21904838427748,3.643809676855496,15.124062624715961,3.0248125249431923,2.902708503987573,0.5805417007975147,1.4391534277042706
15,4.000000000000003,overdensity_lt_89.8492462312,1949888,63985479088.525795,0.9997731107000204,1104.198876283741,proper pMpc/h,5.025371265570352e+27,redshift_table,7.785328521538248e-12,6.3e-18,0,5995849160.0,2.2246036420572995e-05,3.1057019856330452e-09,1.8751601526899205e-10,2.2245848904558378e-05,2.403765796645789e-05,4.8963005047696673e-29,1.5052548795014399e-56,6.278760466992295,6.275588983084853,0.00035083419983040706,1.7022221092093102,7.228642150157076e-22,1.4598737819188975e-21,2.092928891407665e-21,4.1858577828153303e-22,6.290495620195035,6.290495620195035,5.221892396479662,6.290495620195035,12.704086660312596,12.704086660312596,10.545969275096358,2.139914297045123,2.139914297045123,1.7763945595929989,2.1449332601737778e+21,1.7805609221472618e+21,18.213047141216535,3.642609428243307,18.213047141216535,3.642609428243307,15.11909047009169,3.023818094018338,2.01956847716853,2.895327847100837,0.5790655694201674,2.0195684771685305,0.16844298643917377,2.895327847100837,0.5790655694201674,3.158575761708299e-11,0.16844298643917516,7.228642150157076e-22,1.4598737819188975e-21,2.01956847716853,0.9254582511990228,5.936726848292377,1305041.7113950083,1.4336368782900277,0.00035083419983040706,2.092928891407665e-21,4.1858577828153303e-22,1.7022221092093102,18.213047141216535,3.642609428243307,15.11909047009169,3.023818094018338,2.895327847100837,0.5790655694201674,1.4336368782900277
15,4.000000000000003,overdensity_lt_90.3567839196,1950224,63985602906.313644,0.9997750453529555,1104.198876283741,proper pMpc/h,5.025371265570352e+27,redshift_table,7.785328521538248e-12,6.3e-18,0,5995849160.0,2.2250160628509915e-05,3.1146702804868826e-09,1.8850005778129212e-10,2.224997212845279e-05,2.4042131120161408e-05,4.8972089188598946e-29,1.5096059001342704e-56,6.294573673608335,6.29137797702664,0.0003508337639674857,1.7022199944340068,7.2495397071007925e-22,1.467534876156312e-21,2.092926291233277e-21,4.1858525824665545e-22,6.306338425961475,6.306338425961475,5.2350473261701564,6.306338425961475,12.766012677850822,12.766012677850822,10.597382509621365,2.139119674154392,2.139119674154392,1.7757360887007265,2.144136773571498e+21,1.7799009068748552e+21,18.206261399163818,3.641252279832764,18.206261399163818,3.641252279832764,15.11346737512208,3.022693475024416,2.0243145571282106,2.8869781748809427,0.5773956349761886,2.024314557128211,0.16756364952275105,2.886978174880943,0.5773956349761886,3.158575761708299e-11,0.1675636495227523,7.2495397071007925e-22,1.467534876156312e-21,2.0243145571282106,0.9254575651903946,5.967881475774476,1305041.7113950083,1.426150972789796,0.0003508337639674857,2.092926291233277e-21,4.1858525824665545e-22,1.7022199944340068,18.206261399163818,3.641252279832764,15.11346737512208,3.022693475024416,2.8869781748809427,0.5773956349761886,1.426150972789796
15,4.000000000000003,overdensity_lt_90.864321608,1950561,63985724878.65379,0.9997769511707701,1104.198876283741,proper pMpc/h,5.025371265570352e+27,redshift_table,7.785328521538248e-12,6.3e-18,0,5995849160.0,2.225424585758943e-05,3.123602073497196e-09,1.8936319268141783e-10,2.225405649439742e-05,2.4046562496172162e-05,4.898108731557261e-29,1.5139390625295464e-56,6.3103224454765074,6.30710322743778,0.00035083333901971453,1.7022179326182212,7.270355133332243e-22,1.474254664912196e-21,2.0929237561740726e-21,4.1858475123481445e-22,6.322119638658308,6.322119638658308,5.248151244613642,6.322119638658308,12.819751165515852,12.819751165515852,10.641999342046221,2.138332942593192,2.138332942593192,1.7750842020525934,2.143348196807103e+21,1.779247491289299e+21,18.199543403952106,3.6399086807904206,18.199543403952106,3.6399086807904206,15.107900803206155,3.0215801606412303,2.0277615575519987,2.8787091108915566,0.5757418221783112,2.0277615575519987,0.16679987895125015,2.878709110891556,0.5757418221783112,3.158575761708299e-11,0.1667998789512514,7.270355133332243e-22,1.474254664912196e-21,2.0277615575519987,0.9254568713486562,5.995208187724512,1305041.7113950083,1.419648725546833,0.00035083333901971453,2.0929237561740726e-21,4.1858475123481445e-22,1.7022179326182212,18.199543403952106,3.6399086807904206,15.107900803206155,3.0215801606412303,2.8787091108915566,0.5757418221783112,1.419648725546833
15,4.000000000000003,overdensity_lt_91.3718592965,1950872,63985839759.633316,0.9997787461860751,1104.198876283741,proper pMpc/h,5.025371265570352e+27,redshift_table,7.785328521538248e-12,6.3e-18,0,5995849160.0,2.2258114924815594e-05,3.132107322325807e-09,1.9015357174579965e-10,2.2257924771244503e-05,2.405076168667957e-05,4.8989610653473945e-29,1.5180665683684183e-56,6.325324934700683,6.322078351777585,0.0003508329343797376,1.7022159693343817,7.290187343392255e-22,1.4804080255849541e-21,2.0929213422626047e-21,4.1858426845252096e-22,6.3371568537621,6.3371568537621,5.260637887704877,6.3371568537621,12.868774729367509,12.868774729367509,10.682702901611215,2.1375880331820305,2.1375880331820305,1.7744671396268523,2.142601540282576e+21,1.7786289816029983e+21,18.19318242970262,3.6386364859405242,18.19318242970262,3.6386364859405242,15.10263151065965,3.02052630213193,2.030685846402534,2.8708745656030437,0.5741749131206088,2.030685846402534,0.1661065702163466,2.8708745656030437,0.5741749131206088,3.158575761708299e-11,0.16610657021634775,7.290187343392255e-22,1.4804080255849541e-21,2.030685846402534,0.925456127386268,6.020231461630545,1305041.7113950083,1.4137462821681395,0.0003508329343797376,2.0929213422626047e-21,4.1858426845252096e-22,1.7022159693343817,18.19318242970262,3.6386364859405242,15.10263151065965,3.02052630213193,2.8708745656030437,0.5741749131206088,1.4137462821681395
15,4.000000000000003,overdensity_lt_91.8793969849,1951177,63985949371.100655,0.9997804588652521,1104.198876283741,proper pMpc/h,5.025371265570352e+27,redshift_table,7.785328521538248e-12,6.3e-18,0,5995849160.0,2.2261827435460815e-05,3.1403137968394734e-09,1.9076936719857467e-10,2.226163666609428e-05,2.4054790658632394e-05,4.8997787396456205e-29,1.522047433253428e-56,6.339795498537198,6.336528949281271,0.000350832567973042,1.7022141915556515,7.309322242614395e-22,1.485202195486877e-21,2.09291915643477e-21,4.1858383128695406e-22,6.351666832658893,6.351666832658893,5.272686685312439,6.351666832658893,12.90613440171984,12.90613440171984,10.713723627458334,2.136873644718271,2.136873644718271,1.7738753482421785,2.141885476289397e+21,1.7780358022285608e+21,18.187083218003444,3.6374166436006896,18.187083218003444,3.6374166436006896,15.097578959142796,3.01951579182856,2.031928742760766,2.863355981533762,0.5726711963067526,2.031928742760766,0.1655703852296406,2.8633559815337617,0.5726711963067525,3.158575761708299e-11,0.16557038522964174,7.309322242614395e-22,1.485202195486877e-21,2.031928742760766,0.9254554313947182,6.039727446505766,1305041.7113950083,1.409181297196152,0.000350832567973042,2.09291915643477e-21,4.1858383128695406e-22,1.7022141915556515,18.187083218003444,3.6374166436006896,15.097578959142796,3.01951579182856,2.863355981533762,0.5726711963067526,1.409181297196152
15,4.000000000000003,overdensity_lt_92.3869346734,1951502,63986067178.20902,0.9997822996013203,1104.198876283741,proper pMpc/h,5.025371265570352e+27,redshift_table,7.785328521538248e-12,6.3e-18,0,5995849160.0,2.2265839062505552e-05,3.1492284393530835e-09,1.9156175424248554e-10,2.226564750075197e-05,2.40591466016847e-05,4.9006624031432376e-29,1.5263728819387528e-56,6.355519709543313,6.3522273505322975,0.00035083216531770926,1.7022122379011613,7.330118737979128e-22,1.4913711889399347e-21,2.0929167543628525e-21,4.1858335087257047e-22,6.367438146365926,6.367438146365926,5.285783352238532,6.367438146365926,12.955061354797776,12.955061354797776,10.754348304977402,2.136101903457745,2.136101903457745,1.7732362090436735,2.1411119249839848e+21,1.7773951639905493e+21,18.180494007348695,3.6360988014697386,18.180494007348695,3.6360988014697386,15.092121878618014,3.018424375723603,2.0345798509549073,2.855228993111587,0.5710457986223174,2.034579850954907,0.16488551037750673,2.855228993111587,0.5710457986223174,3.158575761708299e-11,0.164885510377508,7.330118737979128e-22,1.4913711889399347e-21,2.0345798509549073,0.9254545836298639,6.0648142927203486,1305041.7113950083,1.4033506680858545,0.00035083216531770926,2.0929167543628525e-21,4.1858335087257047e-22,1.7022122379011613,18.180494007348695,3.6360988014697386,15.092121878618014,3.018424375723603,2.855228993111587,0.5710457986223174,1.4033506680858545
15,4.000000000000003,overdensity_lt_92.8944723618,1951822,63986180270.364586,0.9997840666662509,1104.198876283741,proper pMpc/h,5.025371265570352e+27,redshift_table,7.785328521538248e-12,6.3e-18,0,5995849160.0,2.2269711436666062e-05,3.15788036346017e-09,1.9216062641638977e-10,2.2269519276040285e-05,2.4063362523266804e-05,4.901515309556469e-29,1.5305700463285766e-56,6.370778164696717,6.367463929470366,0.00035083178905875493,1.702210412319986,7.350356489472333e-22,1.4960336055561871e-21,2.092914509760597e-21,4.185829019521194e-22,6.382789465132564,6.382789465132564,5.298533736354095,6.382789465132564,12.991026422602548,12.991026422602548,10.784217801017105,2.1353563392965893,2.1353563392965893,1.7726195834450218,2.140364612173811e+21,1.776777092155874e+21,18.174128973820714,3.634825794764143,18.174128973820714,3.634825794764143,15.086857560112161,3.0173715120224323,2.035321154421429,2.847364631576996,0.5694729263153993,2.035321154421429,0.16437164161111792,2.847364631576996,0.5694729263153993,3.158575761708299e-11,0.16437164161111922,7.350356489472333e-22,1.4960336055561871e-21,2.035321154421429,0.9254533423792266,6.083774489311622,1305041.7113950083,1.39897559920287,0.00035083178905875493,2.092914509760597e-21,4.185829019521194e-22,1.702210412319986,18.174128973820714,3.634825794764143,15.086857560112161,3.0173715120224323,2.847364631576996,0.5694729263153993,1.39897559920287
15,4.000000000000003,overdensity_lt_93.4020100503,1952144,63986295264.8277,0.9997858634547369,1104.198876283741,proper pMpc/h,5.025371265570352e+27,redshift_table,7.785328521538248e-12,6.3e-18,0,5995849160.0,2.227367096116604e-05,3.1667755631930617e-09,1.928593274209323e-10,2.227347810183926e-05,2.4067663095323196e-05,4.902387394065754e-29,1.5348850567625984e-56,6.386465996153134,6.383129942380284,0.0003508314032583831,1.7022085404445446,7.371113878725361e-22,1.501473222414879e-21,2.0929122082382688e-21,4.1858244164765376e-22,6.3985332471952985,6.3985332471952985,5.311607821779075,6.3985332471952985,13.033615395800098,13.033615395800098,10.819581739727253,2.134595314996095,2.134595314996095,1.7719894127980236,2.1396018029640284e+21,1.7761454435042444e+21,18.16763187789633,3.633526375579266,18.16763187789633,3.633526375579266,15.081477560210548,3.0162955120421096,2.036969238459953,2.839343201953329,0.5678686403906658,2.036969238459953,0.1637761473062907,2.839343201953329,0.5678686403906659,3.158575761708299e-11,0.1637761473062919,7.371113878725361e-22,1.501473222414879e-21,2.036969238459953,0.9254524634827308,6.105895250605778,1305041.7113950083,1.393905783329359,0.0003508314032583831,2.0929122082382688e-21,4.1858244164765376e-22,1.7022085404445446,18.16763187789633,3.633526375579266,15.081477560210548,3.0162955120421096,2.839343201953329,0.5678686403906658,1.393905783329359
15,4.000000000000003,overdensity_lt_93.9095477387,1952450,63986399834.07249,0.9997874973491866,1104.198876283741,proper pMpc/h,5.025371265570352e+27,redshift_table,7.785328521538248e-12,6.3e-18,0,5995849160.0,2.2277290821231474e-05,3.1749504968229075e-09,1.9357593512522988e-10,2.2277097245296993e-05,2.4071596334716393e-05,4.9031846239319225e-29,1.5388502419403928e-56,6.400882637145685,6.397528206996391,0.00035083106610438863,1.7022069045978003,7.390197724716108e-22,1.5070522488139e-21,2.0929101969197136e-21,4.1858203938394275e-22,6.413008837841289,6.413008837841289,5.3236290918139595,6.413008837841289,13.077781881814804,13.077781881814804,10.856255128109618,2.133899797104692,2.133899797104692,1.771413594793425,2.1389046538023183e+21,1.7755682749739085e+21,18.16169484175726,3.6323389683514518,18.16169484175726,3.6323389683514518,15.07656225977889,3.0153124519557784,2.0392583594531537,2.8320083912235408,0.5664016782447082,2.0392583594531537,0.16316985681432475,2.832008391223541,0.5664016782447082,3.158575761708299e-11,0.16316985681432586,7.390197724716108e-22,1.5070522488139e-21,2.0392583594531537,0.9254515959611973,6.1285829351307175,1305041.7113950083,1.3887442844578899,0.00035083106610438863,2.0929101969197136e-21,4.1858203938394275e-22,1.7022069045978003,18.16169484175726,3.6323389683514518,15.07656225977889,3.0153124519557784,2.8320083912235408,0.5664016782447082,1.3887442844578899
15,4.000000000000003,overdensity_lt_94.4170854271,1952728,63986497665.78264,0.9997890259696577,1104.198876283741,proper pMpc/h,5.025371265570352e+27,redshift_table,7.785328521538248e-12,6.3e-18,0,5995849160.0,2.228069633263107e-05,3.182683460268511e-09,1.9431708553246603e-10,2.228050201554617e-05,2.4075299958707797e-05,4.903934806133387e-29,1.5426026411023583e-56,6.4145278444681,6.411149851149295,0.00035083073047094214,1.7022052761286444,7.408265346662768e-22,1.5128223482181063e-21,2.0929081946721067e-21,4.185816389344213e-22,6.42671622078457,6.42671622078457,5.33501310522111,6.42671622078457,13.12382787265906,13.12382787265906,10.894489702978463,2.1332454892385972,2.1332454892385972,1.7708721298343497,2.138248811320067e+21,1.7750255400608593e+21,18.156108635297862,3.631221727059572,18.156108635297862,3.631221727059572,15.071939413766003,3.0143878827532,2.042073653449243,2.8250988547742932,0.5650197709548586,2.0420736534492434,0.16254750595158282,2.8250988547742932,0.5650197709548586,3.158575761708299e-11,0.16254750595158404,7.408265346662768e-22,1.5128223482181063e-21,2.042073653449243,0.9254506508230455,6.152047637678657,1305041.7113950083,1.383446111261683,0.00035083073047094214,2.0929081946721067e-21,4.185816389344213e-22,1.7022052761286444,18.156108635297862,3.631221727059572,15.071939413766003,3.0143878827532,2.8250988547742932,0.5650197709548586,1.383446111261683
15,4.000000000000003,overdensity_lt_94.9246231156,1953020,63986599304.11155,0.9997906140685467,1104.198876283741,proper pMpc/h,5.025371265570352e+27,redshift_table,7.785328521538248e-12,6.3e-18,0,5995849160.0,2.2284252907065833e-05,3.190801038635446e-09,1.950082179259968e-10,2.228405789884853e-05,2.407916265931869e-05,4.9047181724183214e-29,1.5465407490966347e-56,6.4288493994535445,6.425450280052119,0.00035083037513333987,1.7022035520563532,7.427206762357966e-22,1.5182030409536193e-21,2.0929060748778153e-21,4.1858121497556305e-22,6.441086454962177,6.441086454962177,5.346946482298333,6.441086454962177,13.1662916569515,13.1662916569515,10.929748785752654,2.132562932040668,2.132562932040668,1.7703069113394825,2.13756465324989e+21,1.774458995900385e+21,18.15028098951668,3.630056197903336,18.15028098951668,3.630056197903336,15.067113563559893,3.0134227127119786,2.044110376256208,2.817891223232038,0.5635782446464076,2.0441103762562083,0.16197141819463823,2.817891223232038,0.5635782446464076,3.158575761708299e-11,0.16197141819463934,7.427206762357966e-22,1.5182030409536193e-21,2.044110376256208,0.9254498677604368,6.173928777966929,1305041.7113950083,1.3785416169125912,0.00035083037513333987,2.0929060748778153e-21,4.1858121497556305e-22,1.7022035520563532,18.15028098951668,3.630056197903336,15.067113563559893,3.0134227127119786,2.817891223232038,0.5635782446464076,1.3785416169125912
15,4.000000000000003,overdensity_lt_95.432160804,1953291,63986693828.439644,0.9997920910111732,1104.198876283741,proper pMpc/h,5.025371265570352e+27,redshift_table,7.785328521538248e-12,6.3e-18,0,5995849160.0,2.2287578489611657e-05,3.198431840172094e-09,1.9577229080842603e-10,2.2287382717321466e-05,2.408276664883368e-05,4.905450595301374e-29,1.5502420506471e-56,6.442311213830969,6.438894790372069,0.0003508300622044418,1.7022020337480206,7.444973416522913e-22,1.5241515993577296e-21,2.0929042080759695e-21,4.185808416151939e-22,6.45456495926429,6.45456495926429,5.358137577804162,6.45456495926429,13.213929661572418,13.213929661572418,10.969299018132808,2.1319257068306388,2.1319257068306388,1.7697786473525536,2.1369259334894307e+21,1.7739294929210927e+21,18.144841369833998,3.6289682739667994,18.144841369833998,3.6289682739667994,15.062604064036687,3.0125208128073377,2.047222352701921,2.8111641116556676,0.5622328223311336,2.047222352701921,0.16133926556537656,2.8111641116556676,0.5622328223311335,3.158575761708299e-11,0.16133926556537764,7.444973416522913e-22,1.5241515993577296e-21,2.047222352701921,0.9254494320485739,6.198119202388345,1305041.7113950083,1.3731601298439797,0.0003508300622044418,2.0929042080759695e-21,4.185808416151939e-22,1.7022020337480206,18.144841369833998,3.6289682739667994,15.062604064036687,3.0125208128073377,2.8111641116556676,0.5622328223311336,1.3731601298439797
15,4.000000000000003,overdensity_lt_95.9396984925,1953550,63986782924.377205,0.9997934831351974,1104.198876283741,proper pMpc/h,5.025371265570352e+27,redshift_table,7.785328521538248e-12,6.3e-18,0,5995849160.0,2.229072937575363e-05,3.2056986817841816e-09,1.9644643036570547e-10,2.229053292932387e-05,2.4086194409632127e-05,4.906144677353494e-29,1.5537681679352626e-56,6.4551378019019205,6.451699633051564,0.00035082975552951643,1.7022005457835105,7.461957284867092e-22,1.5293999972805152e-21,2.092902378582688e-21,4.185804757165376e-22,6.467454653150522,6.467454653150522,5.368842707701363,6.467454653150522,13.255671067696873,13.255671067696873,11.003960099329662,2.131321055906256,2.131321055906256,1.7692783517544293,2.1363198644144704e+21,1.7734280239277704e+21,18.13967932301758,3.6279358646035162,18.13967932301758,3.6279358646035162,15.058332879996696,3.0116665759993393,2.049596290750887,2.804763279504575,0.560952655900915,2.0495962907508867,0.1607856022544293,2.804763279504575,0.5609526559009149,3.158575761708299e-11,0.16078560225443048,7.461957284867092e-22,1.5293999972805152e-21,2.049596290750887,0.9254485183599545,6.219462352217205,1305041.7113950083,1.3684466995581,0.00035082975552951643,2.092902378582688e-21,4.185804757165376e-22,1.7022005457835105,18.13967932301758,3.6279358646035162,15.058332879996696,3.0116665759993393,2.804763279504575,0.560952655900915,1.3684466995581
15,4.000000000000003,overdensity_lt_96.4472361809,1953843,63986884607.62051,0.999795071935874,1104.198876283741,proper pMpc/h,5.025371265570352e+27,redshift_table,7.785328521538248e-12,6.3e-18,0,5995849160.0,2.229434514482315e-05,3.214082621013368e-09,1.9714722265526283e-10,2.2294147997601106e-05,2.4090118340525735e-05,4.9069411536589726e-29,1.557836226713476e-56,6.469937709311252,6.466474896937179,0.000350829429633328,1.702198964558825,7.481505127282179e-22,1.5348558954800796e-21,2.0929004344234562e-21,4.185800868846912e-22,6.482289720951464,6.482289720951464,5.381161394095633,6.482289720951464,13.298635000771034,13.298635000771034,11.039633268630615,2.1306283503010035,2.1306283503010035,1.768704503710854,2.135625534134858e+21,1.7728528299788117e+21,18.133766858710228,3.6267533717420455,18.133766858710228,3.6267533717420455,15.05343487413573,3.010686974827146,2.05153357428447,2.7974323332232327,0.5594864666446464,2.05153357428447,0.1602140633363855,2.7974323332232323,0.5594864666446464,3.158575761708299e-11,0.1602140633363866,7.481505127282179e-22,1.5348558954800796e-21,2.05153357428447,0.9254478405818644,6.2416493232581765,1305041.7113950083,1.3635810635947871,0.000350829429633328,2.0929004344234562e-21,4.185800868846912e-22,1.702198964558825,18.133766858710228,3.6267533717420455,15.05343487413573,3.010686974827146,2.7974323332232327,0.5594864666446464,1.3635810635947871
15,4.000000000000003,overdensity_lt_96.9547738693,1954106,63986975062.97639,0.9997964853008096,1104.198876283741,proper pMpc/h,5.025371265570352e+27,redshift_table,7.785328521538248e-12,6.3e-18,0,5995849160.0,2.2297577990143618e-05,3.221616053587654e-09,1.9777977720694915e-10,2.2297380210367036e-05,2.4093631348644227e-05,4.9076533695676554e-29,1.56149251803534e-56,6.483240708447146,6.479752194962377,0.0003508291190261867,1.7021974575154881,7.499092926232082e-22,1.5397805404727524e-21,2.0928985814722324e-21,4.185797162944465e-22,6.495639405564202,6.495639405564202,5.392247682158223,6.495639405564202,13.337425276634342,13.337425276634342,11.07184313099093,2.1300088814587035,2.1300088814587035,1.7681916647318117,2.13500461238798e+21,1.7723387881852783e+21,18.12847851252207,3.625695702504414,18.12847851252207,3.625695702504414,15.049056780532842,3.0098113561065682,2.0532890519152627,2.790868978501656,0.5581737957003312,2.0532890519152627,0.15970165435080172,2.790868978501656,0.5581737957003312,3.158575761708299e-11,0.15970165435080286,7.499092926232082e-22,1.5397805404727524e-21,2.0532890519152627,0.9254470564322689,6.261675898506263,1305041.7113950083,1.3592187499847599,0.0003508291190261867,2.0928985814722324e-21,4.185797162944465e-22,1.7021974575154881,18.12847851252207,3.625695702504414,15.049056780532842,3.0098113561065682,2.790868978501656,0.5581737957003312,1.3592187499847599
15,4.000000000000003,overdensity_lt_97.4623115578,1954394,63987073693.115425,0.9997980263967319,1104.198876283741,proper pMpc/h,5.025371265570352e+27,redshift_table,7.785328521538248e-12,6.3e-18,0,5995849160.0,2.230112270695609e-05,3.229921603466037e-09,1.9839052193983394e-10,2.2300924316434783e-05,2.409747973514652e-05,4.9084342243021296e-29,1.5655228460890734e-56,6.497906510748222,6.49439241352257,0.0003508287788095657,1.702195806809102,7.518466206277057e-22,1.544535388861059e-21,2.092896551883339e-21,4.185793103766679e-22,6.510345507448402,6.510345507448402,5.404459638715134,6.510345507448402,13.374348908520078,13.374348908520078,11.102502745437194,2.1293302662862303,2.1293302662862303,1.767629608670149,2.1343244055889007e+21,1.7717754138751913e+21,18.122685252920647,3.62453705058413,18.122685252920647,3.62453705058413,15.044258539349705,3.0088517078699417,2.05432244620791,2.7836748805707345,0.556734976114147,2.05432244620791,0.1592100132014463,2.7836748805707345,0.556734976114147,3.158575761708299e-11,0.15921001320144734,7.518466206277057e-22,1.544535388861059e-21,2.05432244620791,0.9254463355314525,6.281011978403059,1305041.7113950083,1.355033084367618,0.0003508287788095657,2.092896551883339e-21,4.185793103766679e-22,1.702195806809102,18.122685252920647,3.62453705058413,15.044258539349705,3.0088517078699417,2.7836748805707345,0.556734976114147,1.355033084367618
15,4.000000000000003,overdensity_lt_97.9698492462,1954663,63987167266.48954,0.9997994884807024,1104.198876283741,proper pMpc/h,5.025371265570352e+27,redshift_table,7.785328521538248e-12,6.3e-18,0,5995849160.0,2.2304502251280603e-05,3.237878465960149e-09,1.9920078217445417e-10,2.230430305049906e-05,2.4101143137568193e-05,4.9091785696546234e-29,1.569382693814019e-56,6.511952136322811,6.508418510217871,0.00035082848243934907,1.7021943688422918,7.53699650980773e-22,1.5508435309755168e-21,2.0928947838636044e-21,4.185789567727209e-22,6.5244106480202,6.5244106480202,5.416138016509366,6.5244106480202,13.424896818969108,13.424896818969108,11.144469278768968,2.1286840961645717,2.1286840961645717,1.7670939921407782,2.133676719937382e+21,1.7712385411087763e+21,18.117170407677385,3.6234340815354775,18.117170407677385,3.6234340815354775,15.039687213185388,3.007937442637078,2.057641301753872,2.776828649370032,0.5553657298740065,2.057641301753872,0.1585624176386059,2.7768286493700316,0.5553657298740065,3.158575761708299e-11,0.15856241763860704,7.53699650980773e-22,1.5508435309755168e-21,2.057641301753872,0.9254458563723367,6.306664686957437,1305041.7113950083,1.3495202720722732,0.00035082848243934907,2.0928947838636044e-21,4.185789567727209e-22,1.7021943688422918,18.117170407677385,3.6234340815354775,15.039687213185388,3.007937442637078,2.776828649370032,0.5553657298740065,1.3495202720722732
15,4.000000000000003,overdensity_lt_98.4773869347,1954952,63987262539.89039,0.9998009771275905,1104.198876283741,proper pMpc/h,5.025371265570352e+27,redshift_table,7.785328521538248e-12,6.3e-18,0,5995849160.0,2.230796112566637e-05,3.246063802884071e-09,2.0000020130321992e-10,2.2307761125465712e-05,2.410490111560618e-05,4.90994059395113e-29,1.5733555104971663e-56,6.526410555864672,6.522848531836325,0.00035082817903287904,1.70219289673609,7.556102369339062e-22,1.5570672715193615e-21,2.0928929738685492e-21,4.1857859477370976e-22,6.538916120962107,6.538916120962107,5.428183936221426,6.538916120962107,13.474582245569843,13.474582245569843,11.185723985389615,2.1280223021113702,2.1280223021113702,1.7665460548134806,2.133013373709892e+21,1.770689318647188e+21,18.111522233749785,3.622304446749956,18.111522233749785,3.622304446749956,15.035010731303352,3.0070021462606698,2.0606751939168864,2.769804949124341,0.5539609898248681,2.060675193916886,0.1579286291277059,2.769804949124341,0.5539609898248681,3.158575761708299e-11,0.15792862912770714,7.556102369339062e-22,1.5570672715193615e-21,2.0606751939168864,0.9254450378567639,6.3319741678461705,1305041.7113950083,1.3441249534622468,0.00035082817903287904,2.0928929738685492e-21,4.1857859477370976e-22,1.70219289673609,18.111522233749785,3.622304446749956,15.035010731303352,3.0070021462606698,2.769804949124341,0.5539609898248681,1.3441249534622468
15,4.000000000000003,overdensity_lt_98.9849246231,1955238,63987356130.06785,0.9998024394741133,1104.198876283741,proper pMpc/h,5.025371265570352e+27,redshift_table,7.785328521538248e-12,6.3e-18,0,5995849160.0,2.2311376692052615e-05,3.2541882646702907e-09,2.006884739069985e-10,2.2311176003579346e-05,2.410860405404436e-05,4.91069292152145e-29,1.5772971635096948e-56,6.5407562895473825,6.5371723828337585,0.00035082788385796035,1.7021914645687783,7.575026170200209e-22,1.5624256998521537e-21,2.0928912129794576e-21,4.1857824259589147e-22,6.553282408212485,6.553282408212485,5.440112498135843,6.553282408212485,13.516807233300398,13.516807233300398,11.220781798235942,2.12736979217703,2.12736979217703,1.7660052281701792,2.1323593333762708e+21,1.7701472235470208e+21,18.105953511125986,3.6211907022251966,18.105953511125986,3.6211907022251966,15.030395128875588,3.006079025775117,2.062601058724604,2.7628831451603317,0.5525766290320663,2.062601058724604,0.1573870038581286,2.7628831451603317,0.5525766290320663,3.158575761708299e-11,0.15738700385812998,7.575026170200209e-22,1.5624256998521537e-21,2.062601058724604,0.9254445406114883,6.353764767651392,1305041.7113950083,1.3395140730067996,0.00035082788385796035,2.0928912129794576e-21,4.1857824259589147e-22,1.7021914645687783,18.105953511125986,3.6211907022251966,15.030395128875588,3.006079025775117,2.7628831451603317,0.5525766290320663,1.3395140730067996
15,4.000000000000003,overdensity_lt_99.4924623116,1955483,63987438651.04856,0.9998037288644368,1104.198876283741,proper pMpc/h,5.025371265570352e+27,redshift_table,7.785328521538248e-12,6.3e-18,0,5995849160.0,2.2314403830670015e-05,3.261425310914584e-09,2.0146919945136624e-10,2.231420236147123e-05,2.4111889237813023e-05,4.911359773432372e-29,1.580809128897186e-56,6.553539744702542,6.549933045017468,0.0003508276044883496,1.7021901090876757,7.591899200012993e-22,1.5685039047002139e-21,2.0928895463781684e-21,4.1857790927563366e-22,6.5660940472624105,6.5660940472624105,5.450750921436484,6.5660940472624105,13.565701915197053,13.565701915197053,11.261377263553213,2.1267914587730443,2.1267914587730443,1.7655261134195452,2.1317796435469206e+21,1.769666985078829e+21,18.10101692607813,3.6202033852156257,18.10101692607813,3.6202033852156257,15.02630543799378,3.0052610875987558,2.066023090371813,2.756740429818387,0.5513480859636773,2.0660230903718135,0.15677710391015554,2.7567404298183873,0.5513480859636773,3.158575761708299e-11,0.156777103910157,7.591899200012993e-22,1.5685039047002139e-21,2.066023090371813,0.9254439642364232,6.378482412668256,1305041.7113950083,1.3343221780363879,0.0003508276044883496,2.0928895463781684e-21,4.1857790927563366e-22,1.7021901090876757,18.10101692607813,3.6202033852156257,15.02630543799378,3.0052610875987558,2.756740429818387,0.5513480859636773,1.3343221780363879
15,4.000000000000003,overdensity_lt_100,1955736,63987522961.68965,0.9998050462182038,1104.198876283741,proper pMpc/h,5.025371265570352e+27,redshift_table,7.785328521538248e-12,6.3e-18,0,5995849160.0,2.231751178254604e-05,3.2688913612338496e-09,2.022606958104477e-10,2.2317309521850895e-05,2.4115260228831002e-05,4.912044441223311e-29,1.5844323640072388e-56,6.566729546513235,6.563098797577387,0.0003508273107619483,1.7021886839484661,7.609296497578352e-22,1.574665963879265e-21,2.092887794130321e-21,4.185775588260642e-22,6.579304553657687,6.579304553657687,5.461720124285957,6.579304553657687,13.615196818704254,13.615196818704254,11.302470322564757,2.126198097466715,2.126198097466715,1.7650344109236482,2.1311848905687273e+21,1.7691741293420287e+21,18.095951706702998,3.6191903413406,18.095951706702998,3.6191903413406,15.022108005269402,3.0044216010538807,2.06939756438772,2.7504353323548103,0.5500870664709622,2.06939756438772,0.15616359614763642,2.7504353323548103,0.5500870664709621,3.158575761708299e-11,0.1561635961476379,7.609296497578352e-22,1.574665963879265e-21,2.06939756438772,0.9254434457717123,6.403541059944564,1305041.7113950083,1.3290995310360245,0.0003508273107619483,2.092887794130321e-21,4.185775588260642e-22,1.7021886839484661,18.095951706702998,3.6191903413406,15.022108005269402,3.0044216010538807,2.7504353323548103,0.5500870664709622,1.3290995310360245
