0.500085
2000
309756
     1259712000
0.000179913 0.00924564 0.000730924 6 1.00414e-08
0.000180703 0 0 0 1.01743e-08
0.000181497 0 0 0 1.03089e-08
0.000182294 0 0 0 1.04453e-08
0.000183095 0 0 0 1.05835e-08
0.000183899 0 0 0 1.07236e-08
0.000184706 0 0 0 1.08655e-08
0.000185518 0 0 0 1.10093e-08
0.000186332 0 0 0 1.11549e-08
0.000187151 0 0 0 1.13026e-08
0.000187972 0 0 0 1.14521e-08
0.000188798 0 0 0 1.16037e-08
0.000189627 0 0 0 1.17572e-08
0.00019046 0 0 0 1.19128e-08
0.000191296 0 0 0 1.20704e-08
0.000192136 0 0 0 1.22302e-08
0.00019298 0 0 0 1.2392e-08
0.000193828 0 0 0 1.2556e-08
0.000194679 0 0 0 1.27221e-08
0.000195534 0 0 0 1.28905e-08
0.000196393 0 0 0 1.30611e-08
0.000197255 0 0 0 1.32339e-08
0.000198121 0 0 0 1.3409e-08
0.000198991 0 0 0 1.35865e-08
0.000199865 0 0 0 1.37663e-08
0.000200743 0 0 0 1.39484e-08
0.000201625 0 0 0 1.4133e-08
0.00020251 0 0 0 1.432e-08
0.0002034 0 0 0 1.45095e-08
0.000204293 0 0 0 1.47015e-08
0.00020519 0 0 0 1.48961e-08
0.000206091 0 0 0 1.50932e-08
0.000206996 0 0 0 1.52929e-08
0.000207905 0 0 0 1.54953e-08
0.000208818 0 0 0 1.57003e-08
0.000209735 0 0 0 1.59081e-08
0.000210656 0 0 0 1.61186e-08
0.000211582 0 0 0 1.63319e-08
0.000212511 0 0 0 1.6548e-08
0.000213444 0 0 0 1.6767e-08
0.000214381 0 0 0 1.69889e-08
0.000215323 0 0 0 1.72137e-08
0.000216268 0 0 0 1.74414e-08
0.000217218 0 0 0 1.76722e-08
0.000218172 0 0 0 1.79061e-08
0.00021913 0 0 0 1.81431e-08
0.000220093 0 0 0 1.83831e-08
0.000221059 0 0 0 1.86264e-08
0.00022203 0 0 0 1.88729e-08
0.000223005 0 0 0 1.91226e-08
0.000223984 0 0 0 1.93757e-08
0.000224968 0 0 0 1.96321e-08
0.000225956 0 0 0 1.98919e-08
0.000226948 0 0 0 2.01551e-08
0.000227945 0 0 0 2.04218e-08
0.000228946 0 0 0 2.0692e-08
0.000229952 0 0 0 2.09658e-08
0.000230961 0 0 0 2.12433e-08
0.000231976 0 0 0 2.15244e-08
0.000232995 0 0 0 2.18092e-08
0.000234018 0 0 0 2.20978e-08
0.000235045 0 0 0 2.23902e-08
0.000236078 0 0 0 2.26865e-08
0.000237114 0 0 0 2.29867e-08
0.000238156 0 0 0 2.32909e-08
0.000239202 0 0 0 2.35991e-08
0.000240252 0 0 0 2.39114e-08
0.000241307 0 0 0 2.42278e-08
0.000242367 0 0 0 2.45484e-08
0.000243431 0 0 0 2.48733e-08
0.0002445 0 0 0 2.52024e-08
0.000245574 0 0 0 2.55359e-08
0.000246653 0 0 0 2.58738e-08
0.000247736 0 0 0 2.62162e-08
0.000248824 0 0 0 2.65631e-08
0.000249917 0 0 0 2.69146e-08
0.000251014 0 0 0 2.72708e-08
0.000252117 0 0 0 2.76317e-08
0.000253224 0 0 0 2.79973e-08
0.000254336 0.504439 0.014116 12 2.83678e-08
0.000255453 0 0 0 2.87432e-08
0.000256575 0 0 0 2.91235e-08
0.000257701 0 0 0 2.95089e-08
0.000258833 0 0 0 2.98994e-08
0.00025997 0 0 0 3.02951e-08
0.000261112 0 0 0 3.0696e-08
0.000262258 0 0 0 3.11022e-08
0.00026341 0 0 0 3.15137e-08
0.000264567 0 0 0 3.19307e-08
0.000265729 0 0 0 3.23533e-08
0.000266896 0 0 0 3.27814e-08
0.000268068 0 0 0 3.32152e-08
0.000269245 0 0 0 3.36547e-08
0.000270427 0 0 0 3.41001e-08
0.000271615 0 0 0 3.45513e-08
0.000272808 0 0 0 3.50085e-08
0.000274006 0 0 0 3.54718e-08
0.000275209 0 0 0 3.59412e-08
0.000276418 0 0 0 3.64168e-08
0.000277632 0 0 0 3.68987e-08
0.000278851 0 0 0 3.7387e-08
0.000280076 0 0 0 3.78817e-08
0.000281306 0 0 0 3.8383e-08
0.000282541 0 0 0 3.88909e-08
0.000283782 0 0 0 3.94055e-08
0.000285028 0 0 0 3.9927e-08
0.00028628 0 0 0 4.04553e-08
0.000287537 0 0 0 4.09907e-08
0.0002888 0 0 0 4.15331e-08
0.000290068 0 0 0 4.20827e-08
0.000291342 0 0 0 4.26396e-08
0.000292622 0 0 0 4.32038e-08
0.000293907 0 0 0 4.37755e-08
0.000295197 0 0 0 4.43548e-08
0.000296494 0 0 0 4.49418e-08
0.000297796 0 0 0 4.55365e-08
0.000299104 0 0 0 4.6139e-08
0.000300417 0 0 0 4.67496e-08
0.000301737 0 0 0 4.73682e-08
0.000303062 0 0 0 4.7995e-08
0.000304393 0 0 0 4.86302e-08
0.000305729 0 0 0 4.92737e-08
0.000307072 0 0 0 4.99257e-08
0.000308421 0 0 0 5.05864e-08
0.000309775 0 0 0 5.12558e-08
0.000311136 0.219075 0.00334865 8 5.1934e-08
0.000312502 0 0 0 5.26213e-08
0.000313874 0 0 0 5.33176e-08
0.000315253 0 0 0 5.40231e-08
0.000316637 0 0 0 5.4738e-08
0.000318028 0 0 0 5.54624e-08
0.000319424 0 0 0 5.61963e-08
0.000320827 0 0 0 5.69399e-08
0.000322236 0 0 0 5.76934e-08
0.000323651 0 0 0 5.84568e-08
0.000325073 0 0 0 5.92304e-08
0.0003265 0 0 0 6.00142e-08
0.000327934 0 0 0 6.08083e-08
0.000329374 0 0 0 6.1613e-08
0.000330821 0 0 0 6.24283e-08
0.000332274 0 0 0 6.32544e-08
0.000333733 0 0 0 6.40915e-08
0.000335199 0 0 0 6.49396e-08
0.000336671 0 0 0 6.57989e-08
0.000338149 0 0 0 6.66696e-08
0.000339634 0 0 0 6.75519e-08
0.000341126 0 0 0 6.84458e-08
0.000342624 0 0 0 6.93515e-08
0.000344129 0 0 0 7.02692e-08
0.00034564 0 0 0 7.11991e-08
0.000347158 0 0 0 7.21413e-08
0.000348682 0 0 0 7.30959e-08
0.000350214 0 0 0 7.40632e-08
0.000351752 0 0 0 7.50432e-08
0.000353296 0 0 0 7.60363e-08
0.000354848 0 0 0 7.70424e-08
0.000356406 0 0 0 7.80619e-08
0.000357972 0 0 0 7.90949e-08
0.000359544 0.708224 0.00701522 6 8.01416e-08
0.000361123 0 0 0 8.12021e-08
0.000362709 0 0 0 8.22766e-08
0.000364301 0 0 0 8.33654e-08
0.000365901 0 0 0 8.44685e-08
0.000367508 0 0 0 8.55863e-08
0.000369122 0 0 0 8.67188e-08
0.000370743 0 0 0 8.78664e-08
0.000372371 0 0 0 8.90291e-08
0.000374007 0 0 0 9.02072e-08
0.000375649 0 0 0 9.14009e-08
0.000377299 0 0 0 9.26104e-08
0.000378956 0 0 0 9.38359e-08
0.00038062 0 0 0 9.50776e-08
0.000382292 0 0 0 9.63358e-08
0.000383971 0 0 0 9.76106e-08
0.000385657 0 0 0 9.89023e-08
0.00038735 0 0 0 1.00211e-07
0.000389052 0 0 0 1.01537e-07
0.00039076 0 0 0 1.02881e-07
0.000392476 0 0 0 1.04242e-07
0.0003942 0 0 0 1.05622e-07
0.000395931 0 0 0 1.07019e-07
0.00039767 0 0 0 1.08435e-07
0.000399416 0 0 0 1.0987e-07
0.00040117 0.512431 0.00365405 24 1.11324e-07
0.000402932 0 0 0 1.12797e-07
0.000404702 0 0 0 1.1429e-07
0.000406479 0 0 0 1.15802e-07
0.000408264 0 0 0 1.17335e-07
0.000410057 0 0 0 1.18887e-07
0.000411858 0 0 0 1.20461e-07
0.000413667 0 0 0 1.22055e-07
0.000415483 0 0 0 1.2367e-07
0.000417308 0 0 0 1.25306e-07
0.000419141 0 0 0 1.26965e-07
0.000420981 0 0 0 1.28645e-07
0.00042283 0 0 0 1.30347e-07
0.000424687 0 0 0 1.32072e-07
0.000426552 0 0 0 1.3382e-07
0.000428425 0 0 0 1.3559e-07
0.000430307 0 0 0 1.37385e-07
0.000432197 0 0 0 1.39203e-07
0.000434095 0 0 0 1.41045e-07
0.000436001 0 0 0 1.42911e-07
0.000437916 0 0 0 1.44802e-07
0.000439839 0.76724 0.00415122 24 1.46718e-07
0.000441771 0 0 0 1.4866e-07
0.000443711 0 0 0 1.50627e-07
0.000445659 0 0 0 1.5262e-07
0.000447616 0 0 0 1.5464e-07
0.000449582 0 0 0 1.56686e-07
0.000451557 0 0 0 1.5876e-07
0.00045354 0 0 0 1.6086e-07
0.000455532 0 0 0 1.62989e-07
0.000457532 0 0 0 1.65146e-07
0.000459541 0 0 0 1.67331e-07
0.00046156 0 0 0 1.69546e-07
0.000463587 0 0 0 1.71789e-07
0.000465622 0 0 0 1.74062e-07
0.000467667 0 0 0 1.76366e-07
0.000469721 0 0 0 1.787e-07
0.000471784 0 0 0 1.81064e-07
0.000473856 0 0 0 1.8346e-07
0.000475937 0 0 0 1.85888e-07
0.000478027 0 0 0 1.88348e-07
0.000480126 0 0 0 1.9084e-07
0.000482235 0 0 0 1.93365e-07
0.000484353 0 0 0 1.95924e-07
0.00048648 0 0 0 1.98517e-07
0.000488616 0 0 0 2.01144e-07
0.000490762 0 0 0 2.03806e-07
0.000492917 0 0 0 2.06503e-07
0.000495082 0 0 0 2.09235e-07
0.000497256 0 0 0 2.12004e-07
0.00049944 0 0 0 2.14809e-07
0.000501633 0 0 0 2.17652e-07
0.000503836 0 0 0 2.20532e-07
0.000506049 0 0 0 2.2345e-07
0.000508271 1.7317 0.00607171 12 2.26407e-07
0.000510504 0 0 0 2.29403e-07
0.000512746 0 0 0 2.32439e-07
0.000514997 0 0 0 2.35515e-07
0.000517259 0 0 0 2.38631e-07
0.000519531 0 0 0 2.41789e-07
0.000521812 0 0 0 2.44989e-07
0.000524104 0 0 0 2.4823e-07
0.000526405 0 0 0 2.51515e-07
0.000528717 0 0 0 2.54844e-07
0.000531039 0 0 0 2.58216e-07
0.000533371 0 0 0 2.61633e-07
0.000535714 0 0 0 2.65095e-07
0.000538066 0.614389 0.00181577 30 2.68603e-07
0.000540429 0 0 0 2.72157e-07
0.000542803 0 0 0 2.75759e-07
0.000545187 0 0 0 2.79408e-07
0.000547581 0 0 0 2.83105e-07
0.000549986 0 0 0 2.86851e-07
0.000552401 0 0 0 2.90647e-07
0.000554827 0 0 0 2.94493e-07
0.000557263 0 0 0 2.9839e-07
0.000559711 0 0 0 3.02339e-07
0.000562169 0 0 0 3.0634e-07
0.000564638 0 0 0 3.10394e-07
0.000567117 1.22316 0.00308738 24 3.14501e-07
0.000569608 0 0 0 3.18663e-07
0.000572109 0 0 0 3.2288e-07
0.000574622 0 0 0 3.27152e-07
0.000577145 0 0 0 3.31481e-07
0.00057968 0 0 0 3.35868e-07
0.000582226 0 0 0 3.40312e-07
0.000584783 0 0 0 3.44816e-07
0.000587351 0 0 0 3.49378e-07
0.00058993 0 0 0 3.54002e-07
0.000592521 0 0 0 3.58686e-07
0.000595123 1.28538 0.0028076 24 3.63433e-07
0.000597737 0 0 0 3.68242e-07
0.000600362 0 0 0 3.73115e-07
0.000602998 0 0 0 3.78052e-07
0.000605647 0 0 0 3.83055e-07
0.000608306 0 0 0 3.88124e-07
0.000610978 0 0 0 3.9326e-07
0.000613661 0 0 0 3.98464e-07
0.000616356 0 0 0 4.03737e-07
0.000619063 0 0 0 4.09079e-07
0.000621782 1.02998 0.0019726 8 4.14492e-07
0.000624512 0 0 0 4.19977e-07
0.000627255 0 0 0 4.25535e-07
0.00063001 0 0 0 4.31166e-07
0.000632776 0 0 0 4.36871e-07
0.000635555 0 0 0 4.42653e-07
0.000638346 0 0 0 4.4851e-07
0.00064115 0 0 0 4.54445e-07
0.000643965 0 0 0 4.60459e-07
0.000646793 1.32035 0.00224655 24 4.66552e-07
0.000649634 0 0 0 4.72726e-07
0.000652487 0 0 0 4.78981e-07
0.000655352 0 0 0 4.8532e-07
0.000658231 0 0 0 4.91742e-07
0.000661121 0 0 0 4.98249e-07
0.000664025 0 0 0 5.04842e-07
0.000666941 0 0 0 5.11523e-07
0.00066987 0 0 0 5.18292e-07
0.000672812 1.82648 0.00276095 48 5.2515e-07
0.000675766 0 0 0 5.32099e-07
0.000678734 0 0 0 5.39141e-07
0.000681715 0 0 0 5.46275e-07
0.000684709 0 0 0 5.53504e-07
0.000687716 0 0 0 5.60828e-07
0.000690736 0 0 0 5.6825e-07
0.000693769 0 0 0 5.75769e-07
0.000696816 0 0 0 5.83388e-07
0.000699876 0 0 0 5.91108e-07
0.00070295 0 0 0 5.9893e-07
0.000706037 0 0 0 6.06856e-07
0.000709138 0 0 0 6.14886e-07
0.000712252 0 0 0 6.23023e-07
0.00071538 0 0 0 6.31267e-07
0.000718522 2.8207 0.00350077 6 6.39621e-07
0.000721677 0 0 0 6.48085e-07
0.000724846 0 0 0 6.56661e-07
0.00072803 0 0 0 6.6535e-07
0.000731227 0 0 0 6.74155e-07
0.000734438 0 0 0 6.83076e-07
0.000737664 0 0 0 6.92115e-07
0.000740903 2.26093 0.00255934 48 7.01274e-07
0.000744157 0 0 0 7.10553e-07
0.000747425 0 0 0 7.19956e-07
0.000750707 0 0 0 7.29483e-07
0.000754004 0 0 0 7.39136e-07
0.000757316 0 0 0 7.48917e-07
0.000760641 2.31234 0.002419 36 7.58827e-07
0.000763982 0 0 0 7.68869e-07
0.000767337 0 0 0 7.79043e-07
0.000770707 0 0 0 7.89352e-07
0.000774092 0 0 0 7.99798e-07
0.000777491 0 0 0 8.10381e-07
0.000780906 2.11966 0.00204926 24 8.21105e-07
0.000784335 0 0 0 8.31971e-07
0.00078778 0 0 0 8.4298e-07
0.000791239 0 0 0 8.54135e-07
0.000794714 0 0 0 8.65438e-07
0.000798204 0 0 0 8.7689e-07
0.00080171 2.93198 0.0026196 24 8.88494e-07
0.00080523 0 0 0 9.00251e-07
0.000808767 0 0 0 9.12164e-07
0.000812318 0 0 0 9.24234e-07
0.000815886 0 0 0 9.36465e-07
0.000819469 0 0 0 9.48857e-07
0.000823068 1.61081 0.00133003 48 9.61413e-07
0.000826682 0 0 0 9.74135e-07
0.000830313 0 0 0 9.87026e-07
0.000833959 0 0 0 1.00009e-06
0.000837622 0 0 0 1.01332e-06
0.0008413 1.25292 0.000968717 24 1.02673e-06
0.000844995 0 0 0 1.04032e-06
0.000848706 0 0 0 1.05408e-06
0.000852433 0 0 0 1.06803e-06
0.000856177 0 0 0 1.08216e-06
0.000859937 0 0 0 1.09648e-06
0.000863713 0 0 0 1.11099e-06
0.000867506 0 0 0 1.1257e-06
0.000871316 0 0 0 1.14059e-06
0.000875143 0 0 0 1.15569e-06
0.000878986 2.73502 0.00185413 24 1.17098e-06
0.000882846 0 0 0 1.18647e-06
0.000886723 0 0 0 1.20217e-06
0.000890617 0 0 0 1.21808e-06
0.000894529 0 0 0 1.2342e-06
0.000898457 2.57434 0.00163418 30 1.25053e-06
0.000902403 0 0 0 1.26708e-06
0.000906366 0 0 0 1.28385e-06
0.000910346 0 0 0 1.30084e-06
0.000914344 2.2645 0.00136385 72 1.31805e-06
0.00091836 0 0 0 1.33549e-06
0.000922393 0 0 0 1.35317e-06
0.000926444 0 0 0 1.37107e-06
0.000930512 0 0 0 1.38922e-06
0.000934599 3.08029 0.00173716 32 1.4076e-06
0.000938703 0 0 0 1.42622e-06
0.000942826 0 0 0 1.4451e-06
0.000946966 0 0 0 1.46422e-06
0.000951125 0 0 0 1.4836e-06
0.000955302 0 0 0 1.50323e-06
0.000959497 0 0 0 1.52312e-06
0.000963711 0 0 0 1.54328e-06
0.000967943 4.14891 0.00210625 72 1.5637e-06
0.000972194 0 0 0 1.58439e-06
0.000976464 0 0 0 1.60536e-06
0.000980752 0 0 0 1.6266e-06
0.000985059 3.15494 0.0015196 48 1.64812e-06
0.000989385 0 0 0 1.66993e-06
0.00099373 0 0 0 1.69203e-06
0.000998094 0 0 0 1.71442e-06
0.00100248 0 0 0 1.73711e-06
0.00100688 0 0 0 1.7601e-06
0.0010113 0 0 0 1.78339e-06
0.00101574 4.08537 0.00179475 12 1.80699e-06
0.0010202 0 0 0 1.8309e-06
0.00102468 0 0 0 1.85513e-06
0.00102918 2.94983 0.00124579 48 1.87967e-06
0.0010337 0 0 0 1.90455e-06
0.00103824 0 0 0 1.92975e-06
0.0010428 0 0 0 1.95529e-06
0.00104738 3.25026 0.00130235 48 1.98116e-06
0.00105198 0 0 0 2.00738e-06
0.0010566 0 0 0 2.03394e-06
0.00106124 2.7835 0.00107219 48 2.06086e-06
0.0010659 0 0 0 2.08813e-06
0.00107058 0 0 0 2.11576e-06
0.00107529 2.90256 0.00107482 30 2.14376e-06
0.00108001 0 0 0 2.17212e-06
0.00108475 0 0 0 2.20087e-06
0.00108952 0 0 0 2.22999e-06
0.0010943 4.48687 0.00157637 24 2.2595e-06
0.00109911 0 0 0 2.2894e-06
0.00110393 0 0 0 2.3197e-06
0.00110878 2.97794 0.00100578 72 2.35039e-06
0.00111365 0 0 0 2.38149e-06
0.00111854 0 0 0 2.41301e-06
0.00112345 0 0 0 2.44494e-06
0.00112839 0 0 0 2.47729e-06
0.00113334 3.58906 0.00113507 24 2.51007e-06
0.00113832 0 0 0 2.54329e-06
0.00114332 0 0 0 2.57695e-06
0.00114834 4.98242 0.0015148 96 2.61105e-06
0.00115338 0 0 0 2.6456e-06
0.00115845 0 0 0 2.68061e-06
0.00116354 3.2138 0.000939302 48 2.71608e-06
0.00116865 0 0 0 2.75202e-06
0.00117378 0 0 0 2.78844e-06
0.00117893 6.66871 0.0018737 24 2.82534e-06
0.00118411 0 0 0 2.86272e-06
0.00118931 2.91054 0.000796553 24 2.9006e-06
0.00119453 0 0 0 2.93899e-06
0.00119978 0 0 0 2.97788e-06
0.00120505 4.63841 0.00122034 72 3.01729e-06
0.00121034 0 0 0 3.05721e-06
0.00121566 3.49769 0.000896346 48 3.09767e-06
0.00122099 0 0 0 3.13866e-06
0.00122636 0 0 0 3.18019e-06
0.00123174 0 0 0 3.22228e-06
0.00123715 0 0 0 3.26492e-06
0.00124258 1.45227 0.000348493 8 3.30812e-06
0.00124804 0 0 0 3.3519e-06
0.00125352 0 0 0 3.39625e-06
0.00125903 5.42668 0.00125185 54 3.44119e-06
0.00126456 0 0 0 3.48673e-06
0.00127011 4.17864 0.000938935 84 3.53287e-06
0.00127569 0 0 0 3.57962e-06
0.00128129 4.53893 0.000993427 48 3.62699e-06
0.00128692 0 0 0 3.67498e-06
0.00129257 5.39153 0.00114941 24 3.72361e-06
0.00129825 0 0 0 3.77289e-06
0.00130395 0 0 0 3.82281e-06
0.00130967 6.09283 0.00124869 72 3.8734e-06
0.00131543 0 0 0 3.92466e-06
0.0013212 5.86885 0.00117158 96 3.97659e-06
0.001327 0 0 0 4.02921e-06
0.00133283 0 0 0 4.08253e-06
0.00133869 0 0 0 4.13656e-06
0.00134456 5.78941 0.00109652 48 4.19129e-06
0.00135047 0 0 0 4.24676e-06
0.0013564 7.56003 0.00139471 48 4.30295e-06
0.00136236 0 0 0 4.35989e-06
0.00136834 4.85955 0.000873252 24 4.41759e-06
0.00137435 0 0 0 4.47605e-06
0.00138038 6.00377 0.00105087 72 4.53528e-06
0.00138645 0 0 0 4.59529e-06
0.00139254 0 0 0 4.6561e-06
0.00139865 0 0 0 4.71771e-06
0.00140479 7.10138 0.00117932 72 4.78014e-06
0.00141096 5.85261 0.000959242 96 4.8434e-06
0.00141716 0 0 0 4.90749e-06
0.00142338 0 0 0 4.97243e-06
0.00142963 0 0 0 5.03823e-06
0.00143591 3.75786 0.000584362 6 5.1049e-06
0.00144222 0 0 0 5.17245e-06
0.00144855 7.59998 0.00115116 96 5.2409e-06
0.00145491 0 0 0 5.31025e-06
0.0014613 6.14986 0.000907339 96 5.38052e-06
0.00146772 5.37305 0.000782377 24 5.45172e-06
0.00147417 0 0 0 5.52386e-06
0.00148064 4.94145 0.00070086 48 5.59696e-06
0.00148714 0 0 0 5.67102e-06
0.00149367 6.10198 0.000843003 96 5.74607e-06
0.00150023 5.50085 0.000750029 48 5.8221e-06
0.00150682 0 0 0 5.89915e-06
0.00151344 0 0 0 5.97721e-06
0.00152009 4.08987 0.000536081 36 6.0563e-06
0.00152676 0 0 0 6.13645e-06
0.00153347 6.42712 0.000820576 48 6.21765e-06
0.0015402 0 0 0 6.29993e-06
0.00154697 7.32075 0.000910416 120 6.38329e-06
0.00155376 9.06904 0.0011131 56 6.46776e-06
0.00156058 0 0 0 6.55335e-06
0.00156744 7.33202 0.000876556 24 6.64007e-06
0.00157432 7.46362 0.000880636 96 6.72794e-06
0.00158123 0 0 0 6.81697e-06
0.00158818 7.2439 0.000832532 48 6.90717e-06
0.00159515 0 0 0 6.99858e-06
0.00160216 0 0 0 7.09119e-06
0.00160919 4.22771 0.000467095 24 7.18502e-06
0.00161626 6.62456 0.000722351 102 7.2801e-06
0.00162336 9.00107 0.00096867 48 7.37644e-06
0.00163049 0 0 0 7.47405e-06
0.00163765 8.03 0.000841742 72 7.57295e-06
0.00164484 9.84781 0.00101881 48 7.67317e-06
0.00165206 7.0715 0.000722032 48 7.7747e-06
0.00165932 0 0 0 7.87759e-06
0.00166661 7.79908 0.000775657 120 7.98183e-06
0.00167393 0 0 0 8.08745e-06
0.00168128 7.02961 0.000680987 24 8.19447e-06
0.00168866 0 0 0 8.30291e-06
0.00169608 7.58019 0.000715269 144 8.41278e-06
0.00170353 7.88165 0.000734002 120 8.5241e-06
0.00171101 7.32068 0.000672856 48 8.6369e-06
0.00171852 0 0 0 8.75119e-06
0.00172607 0 0 0 8.867e-06
0.00173365 6.56162 0.000579768 48 8.98433e-06
0.00174126 8.3255 0.000726013 96 9.10322e-06
0.00174891 0 0 0 9.22368e-06
0.00175659 6.36047 0.000540262 24 9.34574e-06
0.0017643 9.59449 0.000804318 48 9.46941e-06
0.00177205 0 0 0 9.59472e-06
0.00177983 9.5728 0.000781675 108 9.72168e-06
0.00178765 8.77922 0.000707512 72 9.85033e-06
0.0017955 12.756 0.00101457 30 9.98068e-06
0.00180339 9.49061 0.000744995 168 1.01127e-05
0.00181131 8.40476 0.000651142 48 1.02466e-05
0.00181926 0 0 0 1.03822e-05
0.00182725 11.1329 0.000840119 72 1.05195e-05
0.00183527 0 0 0 1.06588e-05
0.00184333 11.1078 0.00081647 96 1.07998e-05
0.00185143 10.7738 0.000781576 72 1.09427e-05
0.00185956 9.00929 0.000645038 72 1.10875e-05
0.00186773 9.79395 0.000692059 32 1.12342e-05
0.00187593 8.66503 0.000604291 72 1.13829e-05
0.00188417 9.99662 0.00068805 144 1.15335e-05
0.00189244 0 0 0 1.16861e-05
0.00190075 0 0 0 1.18408e-05
0.0019091 11.797 0.000780566 96 1.19975e-05
0.00191748 9.69537 0.000633132 96 1.21562e-05
0.00192591 8.64671 0.000557277 48 1.23171e-05
0.00193436 12.2601 0.00077984 72 1.24801e-05
0.00194286 11.0958 0.000696561 120 1.26452e-05
0.00195139 12.7826 0.000791975 72 1.28126e-05
0.00195996 0 0 0 1.29821e-05
0.00196857 10.1202 0.000610751 48 1.31539e-05
0.00197721 9.50861 0.000566346 78 1.3328e-05
0.0019859 12.9105 0.000758922 120 1.35043e-05
0.00199462 16.0206 0.00092945 48 1.3683e-05
0.00200338 10.7392 0.000614908 144 1.38641e-05
0.00201218 13.4552 0.000760357 144 1.40476e-05
0.00202101 0 0 0 1.42335e-05
0.00202989 13.8096 0.000760136 12 1.44218e-05
0.0020388 12.0792 0.000656201 144 1.46126e-05
0.00204776 12.4054 0.000665122 48 1.4806e-05
0.00205675 13.673 0.00072351 120 1.50019e-05
0.00206578 15.337 0.000800963 48 1.52005e-05
0.00207485 13.7177 0.000707042 216 1.54016e-05
0.00208397 0 0 0 1.56054e-05
0.00209312 13.9087 0.000698284 48 1.58119e-05
0.00210231 11.3452 0.000562146 96 1.60211e-05
0.00211154 14.6983 0.000718772 96 1.62332e-05
0.00212082 14.7891 0.000713769 120 1.6448e-05
0.00213013 15.5072 0.000738652 96 1.66656e-05
0.00213948 12.1432 0.00057086 48 1.68862e-05
0.00214888 0 0 0 1.71096e-05
0.00215832 15.5918 0.000713963 126 1.7336e-05
0.0021678 13.3736 0.00060439 192 1.75654e-05
0.00217732 11.9715 0.000533959 56 1.77979e-05
0.00218688 14.5507 0.000640522 192 1.80334e-05
0.00219648 13.546 0.000588509 120 1.8272e-05
0.00220613 0 0 0 1.85138e-05
0.00221582 14.8098 0.000626719 216 1.87588e-05
0.00222555 17.7503 0.000741344 96 1.9007e-05
0.00223532 16.2027 0.000667872 96 1.92585e-05
0.00224514 14.0574 0.000571877 72 1.95134e-05
0.002255 19.5506 0.000784957 96 1.97716e-05
0.0022649 0 0 0 2.00332e-05
0.00227485 15.0277 0.000587707 216 2.02983e-05
0.00228484 15.2347 0.00058802 108 2.05669e-05
0.00229487 16.6762 0.000635254 120 2.08391e-05
0.00230495 13.4288 0.000504869 96 2.11149e-05
0.00231507 15.6187 0.000579531 120 2.13943e-05
0.00232524 22.2326 0.000814163 48 2.16774e-05
0.00233545 12.6625 0.000457649 78 2.19642e-05
0.00234571 19.1689 0.000683754 264 2.22549e-05
0.00235601 16.6851 0.000587387 24 2.25494e-05
0.00236636 15.959 0.000554485 312 2.28478e-05
0.00237675 14.7789 0.00050678 24 2.31501e-05
0.00238719 21.8182 0.00073839 48 2.34565e-05
0.00239767 17.4095 0.000581493 216 2.37669e-05
0.0024082 13.6318 0.000449367 72 2.40814e-05
0.00241878 16.6244 0.000540859 264 2.44e-05
0.0024294 0 0 0 2.47229e-05
0.00244007 17.8689 0.000566261 240 2.50501e-05
0.00245078 18.1091 0.00056638 192 2.53815e-05
0.00246155 0 0 0 2.57174e-05
0.00247236 19.6083 0.000597355 240 2.60577e-05
0.00248321 18.7691 0.000564321 8 2.64026e-05
0.00249412 22.8846 0.000679073 48 2.67519e-05
0.00250507 18.0501 0.000528621 336 2.71059e-05
0.00251607 19.5509 0.000565097 174 2.74646e-05
0.00252712 20.1945 0.000576075 120 2.78281e-05
0.00253822 19.1714 0.000539748 84 2.81963e-05
0.00254937 20.7836 0.000577495 216 2.85694e-05
0.00256057 19.3774 0.000531389 144 2.89475e-05
0.00257181 19.6529 0.000531907 336 2.93305e-05
0.00258311 0 0 0 2.97187e-05
0.00259445 20.4608 0.000539402 264 3.01119e-05
0.00260584 20.2965 0.000528082 168 3.05104e-05
0.00261729 19.1425 0.000491553 168 3.09141e-05
0.00262878 23.8607 0.000604709 72 3.13232e-05
0.00264033 18.1329 0.000453544 192 3.17377e-05
0.00265192 17.847 0.000440564 216 3.21577e-05
0.00266357 19.725 0.000480565 192 3.25832e-05
0.00267526 26.4018 0.000634832 144 3.30144e-05
0.00268701 20.4099 0.000484346 198 3.34513e-05
0.00269881 17.4062 0.000407672 96 3.38939e-05
0.00271067 19.8016 0.000457717 168 3.43425e-05
0.00272257 21.5937 0.000492624 360 3.47969e-05
0.00273453 24.0231 0.000540888 168 3.52574e-05
0.00274654 22.2987 0.000495507 264 3.57239e-05
0.0027586 22.5515 0.00049458 216 3.61967e-05
0.00277071 19.7677 0.000427866 96 3.66756e-05
0.00278288 21.6284 0.000462027 144 3.7161e-05
0.0027951 18.9311 0.000399125 236 3.76527e-05
0.00280738 22.358 0.000465218 240 3.8151e-05
0.00281971 20.8953 0.000429105 144 3.86558e-05
0.00283209 24.5221 0.000497007 240 3.91673e-05
0.00284453 22.1855 0.000443776 312 3.96856e-05
0.00285702 24.4983 0.00048364 240 4.02108e-05
0.00286957 29.2313 0.000569541 6 4.07429e-05
0.00288217 22.4169 0.000431065 288 4.1282e-05
0.00289483 21.934 0.000416271 408 4.18283e-05
0.00290754 27.8412 0.00052148 72 4.23818e-05
0.00292031 23.1136 0.000427276 192 4.29427e-05
0.00293313 23.2968 0.000425038 312 4.35109e-05
0.00294601 25.2687 0.000454992 456 4.40867e-05
0.00295895 22.4621 0.000399174 48 4.46701e-05
0.00297195 22.2667 0.000390534 360 4.52612e-05
0.002985 25.4601 0.00044071 168 4.58601e-05
0.00299811 23.5936 0.000403069 216 4.6467e-05
0.00301127 27.3956 0.000461908 336 4.70819e-05
0.0030245 27.6399 0.000459942 264 4.77049e-05
0.00303778 30.5491 0.000501712 144 4.83362e-05
0.00305112 25.8153 0.000418431 378 4.89758e-05
0.00306452 25.0146 0.000400157 144 4.96239e-05
0.00307798 24.7319 0.000390469 384 5.02806e-05
0.0030915 25.9964 0.000405073 312 5.09459e-05
0.00310507 27.9436 0.000429727 320 5.16201e-05
0.00311871 27.8372 0.000422499 240 5.23032e-05
0.00313241 28.7507 0.000430665 216 5.29953e-05
0.00314616 25.5256 0.000377362 408 5.36966e-05
0.00315998 23.2904 0.000339821 240 5.44071e-05
0.00317386 22.8072 0.000328424 144 5.51271e-05
0.0031878 26.2397 0.000372918 456 5.58566e-05
0.00320179 26.5606 0.000372548 264 5.65957e-05
0.00321586 25.6051 0.000354456 360 5.73446e-05
0.00322998 28.3432 0.000387236 366 5.81035e-05
0.00324416 31.7657 0.000428327 312 5.88724e-05
0.00325841 30.437 0.000405052 384 5.96514e-05
0.00327272 29.091 0.000382082 264 6.04408e-05
0.00328709 26.8783 0.00034841 192 6.12406e-05
0.00330153 28.551 0.00036526 420 6.2051e-05
0.00331603 28.4196 0.000358831 600 6.28721e-05
0.00333059 27.5388 0.000343168 216 6.3704e-05
0.00334522 32.395 0.00039841 240 6.4547e-05
0.00335991 30.795 0.000373786 408 6.54012e-05
0.00337466 28.4565 0.000340891 408 6.62666e-05
0.00338948 36.6065 0.000432795 408 6.71435e-05
0.00340437 34.0192 0.000396953 246 6.8032e-05
0.00341932 26.4084 0.000304123 368 6.89323e-05
0.00343434 30.0813 0.000341895 384 6.98445e-05
0.00344942 32.4275 0.000363748 432 7.07687e-05
0.00346457 30.1709 0.000334016 696 7.17052e-05
0.00347978 32.7338 0.000357656 288 7.2654e-05
0.00349507 29.4187 0.000317237 264 7.36155e-05
0.00351041 34.3754 0.000365846 360 7.45896e-05
0.00352583 29.1973 0.000306679 456 7.55766e-05
0.00354132 32.3575 0.000335433 504 7.65767e-05
0.00355687 34.7623 0.000355657 372 7.75901e-05
0.00357249 32.7205 0.000330394 336 7.86168e-05
0.00358818 35.6312 0.000355087 510 7.96571e-05
0.00360393 32.8343 0.000322941 408 8.07112e-05
0.00361976 32.884 0.000319205 456 8.17793e-05
0.00363566 33.6221 0.000322108 528 8.28614e-05
0.00365163 31.7991 0.000300664 480 8.39579e-05
0.00366766 33.1421 0.00030927 528 8.50689e-05
0.00368377 33.1194 0.000305022 336 8.61946e-05
0.00369995 35.7185 0.000324663 696 8.73352e-05
0.0037162 38.9391 0.000349314 456 8.84909e-05
0.00373252 39.8736 0.000353026 464 8.96619e-05
0.00374891 39.5557 0.000345637 504 9.08484e-05
0.00376537 33.8869 0.000292237 414 9.20506e-05
0.00378191 41.7107 0.00035501 312 9.32687e-05
0.00379852 39.7678 0.000334053 624 9.45029e-05
0.0038152 41.6253 0.00034509 636 9.57534e-05
0.00383195 39.9769 0.000327095 360 9.70205e-05
0.00384878 38.1428 0.000308013 912 9.83044e-05
0.00386568 39.6924 0.00031634 360 9.96052e-05
0.00388266 37.6812 0.000296389 576 0.000100923
0.00389971 39.05 0.000303144 456 0.000102259
0.00391684 39.4859 0.000302525 672 0.000103612
0.00393404 44.1002 0.000333465 480 0.000104983
0.00395132 43.3255 0.000323328 726 0.000106372
0.00396867 42.2459 0.000311154 528 0.00010778
0.0039861 43.3573 0.000315169 744 0.000109206
0.0040036 40.2361 0.000288661 456 0.000110651
0.00402119 46.2078 0.000327174 504 0.000112115
0.00403885 44.7998 0.000313062 680 0.000113599
0.00405658 40.7856 0.000281288 564 0.000115102
0.0040744 41.2258 0.000280611 816 0.000116625
0.00409229 42.5251 0.000285674 624 0.000118169
0.00411026 41.2711 0.00027363 744 0.000119732
0.00412831 46.3178 0.000303079 750 0.000121317
0.00414644 50.7534 0.000327766 432 0.000122922
0.00416465 46.6705 0.000297462 648 0.000124549
0.00418294 50.6536 0.000318632 840 0.000126197
0.00420131 50.4557 0.000313242 984 0.000127867
0.00421976 47.4263 0.00029059 456 0.000129559
0.0042383 52.6963 0.000318663 672 0.000131273
0.00425691 50.0742 0.000298852 648 0.000133011
0.0042756 55.2979 0.000325718 936 0.000134771
0.00429438 53.7731 0.0003126 696 0.000136554
0.00431324 53.4047 0.000306404 522 0.000138361
0.00433218 55.2118 0.000312635 816 0.000140192
0.00435121 55.6625 0.000311071 1160 0.000142047
0.00437032 58.063 0.000320248 792 0.000143927
0.00438951 57.907 0.000315216 528 0.000145831
0.00440879 56.9128 0.000305758 960 0.000147761
0.00442815 56.2491 0.000298246 792 0.000149716
0.0044476 59.5407 0.000311576 768 0.000151698
0.00446713 55.0561 0.000284345 888 0.000153705
0.00448675 60.1441 0.000306566 795 0.000155739
0.00450645 59.5535 0.000299591 804 0.0001578
0.00452624 60.8302 0.000302017 984 0.000159888
0.00454612 57.6574 0.000282526 768 0.000162004
0.00456608 63.6069 0.000307608 708 0.000164148
0.00458614 60.5135 0.000288827 996 0.00016632
0.00460628 65.9011 0.000310433 960 0.000168521
0.00462651 65.0096 0.000302235 1056 0.000170751
0.00464682 70.0245 0.000321298 312 0.00017301
0.00466723 68.5129 0.000310256 1184 0.0001753
0.00468773 58.9539 0.000263482 648 0.000177619
0.00470831 66.4145 0.000292949 1020 0.00017997
0.00472899 64.411 0.000280401 672 0.000182351
0.00474976 67.723 0.000290969 1068 0.000184764
0.00477062 63.7054 0.000270133 780 0.000187209
0.00479157 71.4999 0.000299225 936 0.000189687
0.00481261 67.3838 0.000278316 576 0.000192197
0.00483375 69.7005 0.000284125 972 0.00019474
0.00485498 66.7591 0.000268581 1104 0.000197317
0.0048763 68.8 0.000273177 816 0.000199928
0.00489771 76.0623 0.000298068 708 0.000202574
0.00491922 70.3385 0.000272038 804 0.000205254
0.00494082 69.4856 0.00026523 648 0.00020797
0.00496252 71.4333 0.000269103 864 0.000210722
0.00498432 73.0079 0.000271443 1148 0.000213511
0.00500621 71.6796 0.000263024 840 0.000216336
0.00502819 73.1075 0.00026476 540 0.000219199
0.00505027 75.6214 0.000270287 876 0.0002221
0.00507245 81.9069 0.00028893 732 0.000225039
0.00509473 74.3619 0.000258889 768 0.000228016
0.0051171 78.6614 0.000270281 840 0.000231034
0.00513958 82.9035 0.000281136 948 0.000234091
0.00516215 88.3367 0.000295648 804 0.000237189
0.00518482 91.7098 0.000302929 696 0.000240327
0.00520759 76.4357 0.00024918 840 0.000243508
0.00523046 82.5645 0.000265644 780 0.00024673
0.00525343 82.4264 0.000261736 744 0.000249995
0.0052765 82.9469 0.000259949 836 0.000253303
0.00529967 79.7248 0.000246588 816 0.000256655
0.00532294 86.874 0.000265192 696 0.000260051
0.00534632 95.6275 0.0002881 720 0.000263492
0.0053698 98.512 0.000292914 672 0.000266979
0.00539338 82.7901 0.000242952 936 0.000270512
0.00541707 93.4006 0.000270509 600 0.000274092
0.00544086 90.6106 0.000259002 744 0.000277719
0.00546475 85.2593 0.000240523 744 0.000281394
0.00548875 104.29 0.000290366 624 0.000285117
0.00551286 96.3017 0.000264624 888 0.00028889
0.00553707 95.5705 0.000259185 756 0.000292713
0.00556138 97.8043 0.000261779 396 0.000296587
0.00558581 101.723 0.000268712 740 0.000300511
0.00561034 97.9157 0.000255276 744 0.000304488
0.00563498 105.201 0.000270688 756 0.000308517
0.00565972 106.05 0.000269309 648 0.0003126
0.00568458 107.768 0.000270097 480 0.000316736
0.00570954 107.976 0.000267084 624 0.000320928
0.00573462 101.72 0.000248324 612 0.000325175
0.0057598 116.377 0.000280395 732 0.000329478
0.0057851 107.338 0.000255238 600 0.000333837
0.0058105 98.3786 0.000230879 552 0.000338255
0.00583602 108.808 0.000252021 612 0.000342731
0.00586165 119.228 0.000272548 684 0.000347266
0.00588739 127.572 0.000287815 468 0.000351862
0.00591325 126.022 0.000280603 464 0.000356518
0.00593922 114.397 0.000251393 648 0.000361236
0.0059653 130.279 0.000282555 540 0.000366016
0.0059915 122.607 0.000262442 408 0.000370859
0.00601781 127.259 0.000268843 504 0.000375767
0.00604424 127.396 0.000265619 444 0.000380739
0.00607078 118.589 0.000244026 480 0.000385778
0.00609744 137.416 0.000279074 456 0.000390883
0.00612422 140.676 0.000281964 408 0.000396055
0.00615112 150.399 0.000297514 480 0.000401296
0.00617813 126.214 0.000246413 408 0.000406606
0.00620526 131.125 0.000252657 200 0.000411987
0.00623251 146.281 0.000278179 576 0.000417439
0.00625988 142.967 0.000268325 312 0.000422963
0.00628737 134.233 0.000248643 360 0.00042856
0.00631499 174.87 0.000319687 264 0.000434231
0.00634272 145.814 0.000263086 345 0.000439977
0.00637057 171.667 0.000305687 252 0.000445799
0.00639855 151.68 0.000266568 312 0.000451698
0.00642665 161.586 0.000280269 246 0.000457675
0.00645488 137.936 0.000236124 216 0.000463732
0.00648322 159.198 0.000268962 246 0.000469868
0.0065117 155.422 0.000259153 150 0.000476086
0.00654029 140.978 0.000231999 278 0.000482386
0.00656901 115.331 0.000187314 168 0.000488769
0.00659786 165.69 0.000265591 210 0.000495237
0.00662684 143.185 0.000226519 120 0.00050179
0.00665594 158.068 0.000246798 246 0.000508431
0.00668517 144.109 0.000222065 120 0.000515159
0.00671453 169.832 0.000258285 102 0.000521976
0.00674402 146.32 0.00021962 192 0.000528883
0.00677364 171.229 0.000253652 186 0.000535881
0.00680338 162.615 0.000237745 48 0.000542973
0.00683326 126.98 0.000183222 86 0.000550158
0.00686327 170.027 0.00024213 192 0.000557438
0.00689341 204.451 0.000287351 78 0.000564815
0.00692369 163.819 0.000227237 24 0.000572289
0.00695409 190.648 0.000260998 162 0.000579862
0.00698463 163.027 0.000220269 72 0.000587535
0.00701531 104.014 0.0001387 24 0.00059531
0.00704611 201.505 0.000265193 102 0.000603187
0.00707706 207.192 0.000269116 72 0.000611169
0.00710814 188.651 0.000241834 30 0.000619257
0.00713935 241.612 0.00030568 8 0.000627451
0.00717071 215.626 0.000269241 132 0.000635754
0.0072022 282.933 0.000348669 6 0.000644167
0.00723383 0 0 0 0.000652691
0.0072656 200.674 0.000240881 96 0.000661328
0.00729751 434.155 0.000514336 6 0.00067008
0.00732955 0 0 0 0.000678947
0.00736174 238.562 0.000275287 60 0.000687931
0.00739407 333.932 0.000380305 6 0.000697034
0.00742654 0 0 0 0.000706258
0.00745916 287.385 0.000318801 38 0.000715604
0.00749192 0 0 0 0.000725073
0.00752482 0 0 0 0.000734668
0.00755786 355.647 0.000379269 18 0.00074439
0.00759106 0 0 0 0.00075424
0.00762439 0 0 0 0.000764221
0.00765788 53.2261 5.45664e-05 6 0.000774334
0.00769151 0 0 0 0.000784581
0.00772529 0 0 0 0.000794963
0.00775921 252.086 0.00024844 1 0.000805483
0.00779329 0 0 0 0.000816141
0.00782751 0 0 0 0.000826941
0.00786189 0 0 0 0.000837884
0.00789642 0 0 0 0.000848972
0.00793109 0 0 0 0.000860206
0.00796592 0 0 0 0.000871589
0.00800091 0 0 0 0.000883123
0.00803605 0 0 0 0.000894809
0.00807134 0 0 0 0.00090665
0.00810678 0 0 0 0.000918647
0.00814239 0 0 0 0.000930804
0.00817814 0 0 0 0.000943121
0.00821406 0 0 0 0.000955601
0.00825013 0 0 0 0.000968246
0.00828636 0 0 0 0.000981059
0.00832275 0 0 0 0.000994041
0.00835931 0 0 0 0.0010072
0.00839602 0 0 0 0.00102052
0.00843289 0 0 0 0.00103403
0.00846992 0 0 0 0.00104771
0.00850712 0 0 0 0.00106158
0.00854448 0 0 0 0.00107562
0.008582 0 0 0 0.00108986
0.00861969 0 0 0 0.00110428
0.00865755 0 0 0 0.00111889
0.00869557 0 0 0 0.0011337
0.00873376 0 0 0 0.0011487
0.00877211 0 0 0 0.0011639
0.00881064 0 0 0 0.0011793
0.00884933 0 0 0 0.00119491
0.00888819 0 0 0 0.00121072
0.00892723 0 0 0 0.00122674
0.00896643 0 0 0 0.00124297
0.00900581 0 0 0 0.00125942
0.00904536 0 0 0 0.00127609
0.00908508 0 0 0 0.00129297
0.00912498 0 0 0 0.00131008
0.00916506 0 0 0 0.00132742
0.0092053 0 0 0 0.00134499
0.00924573 0 0 0 0.00136278
0.00928634 0 0 0 0.00138082
0.00932712 0 0 0 0.00139909
0.00936808 0 0 0 0.0014176
0.00940922 0 0 0 0.00143636
0.00945054 0 0 0 0.00145537
0.00949205 0 0 0 0.00147463
0.00953373 0 0 0 0.00149414
0.0095756 0 0 0 0.00151391
0.00961765 0 0 0 0.00153395
0.00965989 0 0 0 0.00155425
0.00970231 0 0 0 0.00157481
0.00974492 0 0 0 0.00159565
0.00978772 0 0 0 0.00161677
0.0098307 0 0 0 0.00163816
0.00987387 0 0 0 0.00165984
0.00991724 0 0 0 0.0016818
0.00996079 0 0 0 0.00170406
0.0100045 0 0 0 0.00172661
0.0100485 0 0 0 0.00174946
0.0100926 0 0 0 0.00177261
0.0101369 0 0 0 0.00179606
0.0101814 0 0 0 0.00181983
0.0102262 0 0 0 0.00184391
0.0102711 0 0 0 0.00186831
0.0103162 0 0 0 0.00189304
0.0103615 0 0 0 0.00191809
0.010407 0 0 0 0.00194347
0.0104527 0 0 0 0.00196918
0.0104986 0 0 0 0.00199524
0.0105447 0 0 0 0.00202165
0.010591 0 0 0 0.0020484
0.0106375 0 0 0 0.0020755
0.0106842 0 0 0 0.00210297
0.0107312 0 0 0 0.0021308
0.0107783 0 0 0 0.00215899
0.0108256 0 0 0 0.00218756
0.0108732 0 0 0 0.00221651
0.0109209 0 0 0 0.00224584
0.0109689 0 0 0 0.00227556
0.011017 0 0 0 0.00230567
0.0110654 0 0 0 0.00233618
0.011114 0 0 0 0.0023671
0.0111628 0 0 0 0.00239842
0.0112118 0 0 0 0.00243016
0.0112611 0 0 0 0.00246232
0.0113105 0 0 0 0.0024949
0.0113602 0 0 0 0.00252792
0.0114101 0 0 0 0.00256137
0.0114602 0 0 0 0.00259526
0.0115105 0 0 0 0.0026296
0.0115611 0 0 0 0.0026644
0.0116119 0 0 0 0.00269966
0.0116629 0 0 0 0.00273538
0.0117141 0 0 0 0.00277158
0.0117655 0 0 0 0.00280826
0.0118172 0 0 0 0.00284542
0.0118691 0 0 0 0.00288307
0.0119212 0 0 0 0.00292122
0.0119736 0 0 0 0.00295988
0.0120262 0 0 0 0.00299905
0.012079 0 0 0 0.00303873
0.012132 0 0 0 0.00307894
0.0121853 0 0 0 0.00311969
0.0122388 0 0 0 0.00316097
0.0122926 0 0 0 0.0032028
0.0123465 0 0 0 0.00324518
0.0124008 0 0 0 0.00328812
0.0124552 0 0 0 0.00333163
0.0125099 0 0 0 0.00337572
0.0125649 0 0 0 0.00342039
0.01262 0 0 0 0.00346565
0.0126755 0 0 0 0.00351151
0.0127311 0 0 0 0.00355798
0.012787 0 0 0 0.00360506
0.0128432 0 0 0 0.00365277
0.0128996 0 0 0 0.00370111
0.0129562 0 0 0 0.00375008
0.0130131 0 0 0 0.00379971
0.0130703 0 0 0 0.00384999
0.0131277 0 0 0 0.00390093
0.0131853 0 0 0 0.00395255
0.0132433 0 0 0 0.00400486
0.0133014 0 0 0 0.00405785
0.0133598 0 0 0 0.00411155
0.0134185 0 0 0 0.00416596
0.0134774 0 0 0 0.00422109
0.0135366 0 0 0 0.00427694
0.0135961 0 0 0 0.00433354
0.0136558 0 0 0 0.00439088
0.0137157 0 0 0 0.00444899
0.013776 0 0 0 0.00450786
0.0138365 0 0 0 0.00456751
0.0138972 0 0 0 0.00462795
0.0139583 0 0 0 0.0046892
0.0140196 0 0 0 0.00475125
0.0140811 0 0 0 0.00481412
0.014143 0 0 0 0.00487782
0.0142051 0 0 0 0.00494237
0.0142675 0 0 0 0.00500777
0.0143301 0 0 0 0.00507404
0.0143931 0 0 0 0.00514118
0.0144563 0 0 0 0.00520922
0.0145198 0 0 0 0.00527815
0.0145835 0 0 0 0.005348
0.0146476 0 0 0 0.00541876
0.0147119 0 0 0 0.00549047
0.0147765 0 0 0 0.00556312
0.0148414 0 0 0 0.00563674
0.0149066 0 0 0 0.00571133
0.014972 0 0 0 0.00578691
0.0150378 0 0 0 0.00586349
0.0151038 0 0 0 0.00594108
0.0151702 0 0 0 0.00601969
0.0152368 0 0 0 0.00609935
0.0153037 0 0 0 0.00618006
0.0153709 0 0 0 0.00626184
0.0154384 0 0 0 0.00634471
0.0155062 0 0 0 0.00642866
0.0155743 0 0 0 0.00651373
0.0156427 0 0 0 0.00659993
0.0157114 0 0 0 0.00668727
0.0157804 0 0 0 0.00677576
0.0158497 0 0 0 0.00686542
0.0159193 0 0 0 0.00695627
0.0159892 0 0 0 0.00704832
0.0160594 0 0 0 0.00714159
0.01613 0 0 0 0.00723609
0.0162008 0 0 0 0.00733185
0.016272 0 0 0 0.00742887
0.0163434 0 0 0 0.00752718
0.0164152 0 0 0 0.00762678
0.0164873 0 0 0 0.00772771
0.0165597 0 0 0 0.00782997
0.0166324 0 0 0 0.00793358
0.0167055 0 0 0 0.00803856
0.0167788 0 0 0 0.00814494
0.0168525 0 0 0 0.00825272
0.0169265 0 0 0 0.00836192
0.0170009 0 0 0 0.00847258
0.0170755 0 0 0 0.00858469
0.0171505 0 0 0 0.00869829
0.0172258 0 0 0 0.0088134
0.0173015 0 0 0 0.00893002
0.0173775 0 0 0 0.00904819
0.0174538 0 0 0 0.00916793
0.0175304 0 0 0 0.00928924
0.0176074 0 0 0 0.00941217
0.0176847 0 0 0 0.00953672
0.0177624 0 0 0 0.00966291
0.0178404 0 0 0 0.00979078
0.0179188 0 0 0 0.00992034
0.0179974 0 0 0 0.0100516
0.0180765 0 0 0 0.0101846
0.0181559 0 0 0 0.0103194
0.0182356 0 0 0 0.010456
0.0183157 0 0 0 0.0105943
0.0183961 0 0 0 0.0107345
0.0184769 0 0 0 0.0108766
0.0185581 0 0 0 0.0110205
0.0186396 0 0 0 0.0111663
0.0187214 0 0 0 0.0113141
0.0188036 0 0 0 0.0114638
0.0188862 0 0 0 0.0116155
0.0189692 0 0 0 0.0117692
0.0190525 0 0 0 0.0119249
0.0191361 0 0 0 0.0120827
0.0192202 0 0 0 0.0122426
0.0193046 0 0 0 0.0124046
0.0193894 0 0 0 0.0125688
0.0194745 0 0 0 0.0127351
0.01956 0 0 0 0.0129036
0.0196459 0 0 0 0.0130744
0.0197322 0 0 0 0.0132474
0.0198189 0 0 0 0.0134227
0.0199059 0 0 0 0.0136003
0.0199933 0 0 0 0.0137803
0.0200811 0 0 0 0.0139626
0.0201693 0 0 0 0.0141474
0.0202579 0 0 0 0.0143346
0.0203469 0 0 0 0.0145243
0.0204362 0 0 0 0.0147165
0.020526 0 0 0 0.0149113
0.0206161 0 0 0 0.0151086
0.0207066 0 0 0 0.0153085
0.0207976 0 0 0 0.0155111
0.0208889 0 0 0 0.0157163
0.0209807 0 0 0 0.0159243
0.0210728 0 0 0 0.016135
0.0211653 0 0 0 0.0163485
0.0212583 0 0 0 0.0165649
0.0213517 0 0 0 0.0167841
0.0214454 0 0 0 0.0170062
0.0215396 0 0 0 0.0172312
0.0216342 0 0 0 0.0174592
0.0217292 0 0 0 0.0176903
0.0218246 0 0 0 0.0179244
0.0219205 0 0 0 0.0181616
0.0220167 0 0 0 0.0184019
0.0221134 0 0 0 0.0186454
0.0222105 0 0 0 0.0188921
0.0223081 0 0 0 0.0191421
0.0224061 0 0 0 0.0193954
0.0225045 0 0 0 0.0196521
0.0226033 0 0 0 0.0199121
0.0227026 0 0 0 0.0201756
0.0228023 0 0 0 0.0204426
0.0229024 0 0 0 0.0207131
0.023003 0 0 0 0.0209872
0.023104 0 0 0 0.0212649
0.0232055 0 0 0 0.0215463
0.0233074 0 0 0 0.0218315
0.0234097 0 0 0 0.0221204
0.0235125 0 0 0 0.0224131
0.0236158 0 0 0 0.0227097
0.0237195 0 0 0 0.0230102
0.0238237 0 0 0 0.0233147
0.0239283 0 0 0 0.0236232
0.0240334 0 0 0 0.0239358
0.0241389 0 0 0 0.0242525
0.0242449 0 0 0 0.0245735
0.0243514 0 0 0 0.0248986
0.0244584 0 0 0 0.0252281
0.0245658 0 0 0 0.025562
0.0246737 0 0 0 0.0259002
0.024782 0 0 0 0.026243
0.0248908 0 0 0 0.0265902
0.0250002 0 0 0 0.0269421
0.0251099 0 0 0 0.0272986
0.0252202 0 0 0 0.0276598
0.025331 0 0 0 0.0280259
0.0254422 0 0 0 0.0283967
0.025554 0 0 0 0.0287725
0.0256662 0 0 0 0.0291532
0.0257789 0 0 0 0.029539
0.0258921 0 0 0 0.0299299
0.0260058 0 0 0 0.030326
0.02612 0 0 0 0.0307273
0.0262347 0 0 0 0.0311339
0.0263499 0 0 0 0.0315459
0.0264657 0 0 0 0.0319633
0.0265819 0 0 0 0.0323863
0.0266986 0 0 0 0.0328148
0.0268159 0 0 0 0.0332491
0.0269337 0 0 0 0.0336891
0.0270519 0 0 0 0.0341349
0.0271707 0 0 0 0.0345866
0.0272901 0 0 0 0.0350442
0.0274099 0 0 0 0.035508
0.0275303 0 0 0 0.0359778
0.0276512 0 0 0 0.0364539
0.0277726 0 0 0 0.0369363
0.0278946 0 0 0 0.0374251
0.0280171 0 0 0 0.0379203
0.0281401 0 0 0 0.0384221
0.0282637 0 0 0 0.0389306
0.0283878 0 0 0 0.0394457
0.0285125 0 0 0 0.0399677
0.0286377 0 0 0 0.0404966
0.0287635 0 0 0 0.0410325
0.0288898 0 0 0 0.0415755
0.0290167 0 0 0 0.0421256
0.0291441 0 0 0 0.0426831
0.0292721 0 0 0 0.0432479
0.0294007 0 0 0 0.0438202
0.0295298 0 0 0 0.0444001
0.0296595 0 0 0 0.0449876
0.0297897 0 0 0 0.0455829
0.0299205 0 0 0 0.0461861
0.0300519 0 0 0 0.0467973
0.0301839 0 0 0 0.0474165
0.0303165 0 0 0 0.048044
0.0304496 0 0 0 0.0486798
0.0305833 0 0 0 0.0493239
0.0307176 0 0 0 0.0499766
0.0308525 0 0 0 0.050638
0.030988 0 0 0 0.051308
0.0311241 0 0 0 0.051987
0.0312608 0 0 0 0.0526749
0.0313981 0 0 0 0.053372
0.031536 0 0 0 0.0540782
0.0316745 0 0 0 0.0547938
0.0318136 0 0 0 0.0555189
0.0319533 0 0 0 0.0562536
0.0320936 0 0 0 0.056998
0.0322346 0 0 0 0.0577522
0.0323761 0 0 0 0.0585165
0.0325183 0 0 0 0.0592908
0.0326611 0 0 0 0.0600754
0.0328046 0 0 0 0.0608704
0.0329486 0 0 0 0.0616759
0.0330933 0 0 0 0.062492
0.0332387 0 0 0 0.063319
0.0333846 0 0 0 0.0641568
0.0335312 0 0 0 0.0650058
0.0336785 0 0 0 0.065866
0.0338264 0 0 0 0.0667376
0.033975 0 0 0 0.0676208
0.0341242 0 0 0 0.0685156
0.034274 0 0 0 0.0694222
0.0344245 0 0 0 0.0703409
0.0345757 0 0 0 0.0712717
0.0347276 0 0 0 0.0722148
0.0348801 0 0 0 0.0731704
0.0350333 0 0 0 0.0741387
0.0351871 0 0 0 0.0751198
0.0353416 0 0 0 0.0761138
0.0354969 0 0 0 0.077121
0.0356527 0 0 0 0.0781416
0.0358093 0 0 0 0.0791756
0.0359666 0 0 0 0.0802233
0.0361245 0 0 0 0.0812849
0.0362832 0 0 0 0.0823605
0.0364425 0 0 0 0.0834504
0.0366026 0 0 0 0.0845547
0.0367633 0 0 0 0.0856736
0.0369248 0 0 0 0.0868073
0.0370869 0 0 0 0.087956
0.0372498 0 0 0 0.0891199
0.0374134 0 0 0 0.0902992
0.0375777 0 0 0 0.0914941
0.0377427 0 0 0 0.0927049
0.0379085 0 0 0 0.0939316
0.0380749 0 0 0 0.0951746
0.0382422 0 0 0 0.096434
0.0384101 0 0 0 0.0977101
0.0385788 0 0 0 0.0990031
0.0387482 0 0 0 0.100313
0.0389184 0 0 0 0.101641
0.0390893 0 0 0 0.102986
0.039261 0 0 0 0.104348
0.0394334 0 0 0 0.105729
0.0396066 0 0 0 0.107128
0.0397805 0 0 0 0.108546
0.0399552 0 0 0 0.109982
0.0401307 0 0 0 0.111438
0.0403069 0 0 0 0.112912
0.0404839 0 0 0 0.114407
0.0406617 0 0 0 0.11592
0.0408403 0 0 0 0.117454
0.0410196 0 0 0 0.119009
0.0411998 0 0 0 0.120584
0.0413807 0 0 0 0.122179
0.0415624 0 0 0 0.123796
0.041745 0 0 0 0.125434
0.0419283 0 0 0 0.127094
0.0421124 0 0 0 0.128776
0.0422974 0 0 0 0.13048
0.0424831 0 0 0 0.132207
0.0426697 0 0 0 0.133956
0.0428571 0 0 0 0.135729
0.0430453 0 0 0 0.137525
0.0432344 0 0 0 0.139345
0.0434242 0 0 0 0.141188
0.0436149 0 0 0 0.143057
0.0438065 0 0 0 0.14495
0.0439988 0 0 0 0.146868
0.0441921 0 0 0 0.148811
0.0443862 0 0 0 0.150781
0.0445811 0 0 0 0.152776
0.0447769 0 0 0 0.154798
0.0449735 0 0 0 0.156846
0.045171 0 0 0 0.158921
0.0453694 0 0 0 0.161024
0.0455686 0 0 0 0.163155
0.0457688 0 0 0 0.165314
0.0459698 0 0 0 0.167502
0.0461716 0 0 0 0.169718
0.0463744 0 0 0 0.171964
0.0465781 0 0 0 0.17424
0.0467826 0 0 0 0.176546
0.0469881 0 0 0 0.178882
0.0471944 0 0 0 0.181249
0.0474017 0 0 0 0.183647
0.0476099 0 0 0 0.186078
0.0478189 0 0 0 0.18854
0.048029 0 0 0 0.191035
0.0482399 0 0 0 0.193563
0.0484517 0 0 0 0.196124
0.0486645 0 0 0 0.198719
0.0488782 0 0 0 0.201349
0.0490929 0 0 0 0.204013
0.0493085 0 0 0 0.206713
0.049525 0 0 0 0.209449
0.0497425 0 0 0 0.21222
0.049961 0 0 0 0.215028
0.0501804 0 0 0 0.217874
0.0504008 0 0 0 0.220757
0.0506221 0 0 0 0.223678
0.0508444 0 0 0 0.226638
0.0510677 0 0 0 0.229637
0.051292 0 0 0 0.232676
0.0515172 0 0 0 0.235755
0.0517435 0 0 0 0.238875
0.0519707 0 0 0 0.242036
0.052199 0 0 0 0.245238
0.0524282 0 0 0 0.248484
0.0526584 0 0 0 0.251772
0.0528897 0 0 0 0.255103
0.053122 0 0 0 0.258479
0.0533553 0 0 0 0.2619
0.0535896 0 0 0 0.265365
0.0538249 0 0 0 0.268877
0.0540613 0 0 0 0.272435
0.0542987 0 0 0 0.27604
0.0545372 0 0 0 0.279693
0.0547767 0 0 0 0.283394
0.0550173 0 0 0 0.287144
0.0552589 0 0 0 0.290944
0.0555015 0 0 0 0.294794
0.0557453 0 0 0 0.298695
0.0559901 0 0 0 0.302647
0.056236 0 0 0 0.306652
0.056483 0 0 0 0.31071
0.056731 0 0 0 0.314822
0.0569802 0 0 0 0.318988
0.0572304 0 0 0 0.323209
0.0574817 0 0 0 0.327486
0.0577342 0 0 0 0.331819
0.0579877 0 0 0 0.33621
0.0582424 0 0 0 0.340659
0.0584982 0 0 0 0.345167
0.0587551 0 0 0 0.349735
0.0590131 0 0 0 0.354363
0.0592723 0 0 0 0.359052
0.0595326 0 0 0 0.363803
0.059794 0 0 0 0.368617
0.0600566 0 0 0 0.373495
0.0603203 0 0 0 0.378438
0.0605852 0 0 0 0.383446
0.0608513 0 0 0 0.38852
0.0611186 0 0 0 0.393661
0.061387 0 0 0 0.39887
0.0616566 0 0 0 0.404148
0.0619273 0 0 0 0.409496
0.0621993 0 0 0 0.414915
0.0624724 0 0 0 0.420406
0.0627468 0 0 0 0.425969
0.0630224 0 0 0 0.431606
0.0632991 0 0 0 0.437317
0.0635771 0 0 0 0.443104
0.0638563 0 0 0 0.448968
0.0641368 0 0 0 0.454909
0.0644184 0 0 0 0.460928
0.0647013 0 0 0 0.467028
0.0649855 0 0 0 0.473208
0.0652709 0 0 0 0.47947
0.0655575 0 0 0 0.485815
0.0658454 0 0 0 0.492243
0.0661346 0 0 0 0.498757
0.066425 0 0 0 0.505357
0.0667167 0 0 0 0.512044
0.0670097 0 0 0 0.51882
0.067304 0 0 0 0.525686
0.0675996 0 0 0 0.532642
0.0678965 0 0 0 0.53969
0.0681946 0 0 0 0.546832
0.0684941 0 0 0 0.554068
0.0687949 0 0 0 0.5614
0.0690971 0 0 0 0.568829
0.0694005 0 0 0 0.576356
0.0697053 0 0 0 0.583983
0.0700114 0 0 0 0.591711
0.0703189 0 0 0 0.599541
0.0706277 0 0 0 0.607475
0.0709379 0 0 0 0.615513
0.0712494 0 0 0 0.623658
0.0715623 0 0 0 0.631911
0.0718766 0 0 0 0.640273
0.0721922 0 0 0 0.648746
0.0725093 0 0 0 0.657331
0.0728277 0 0 0 0.666029
0.0731475 0 0 0 0.674842
0.0734688 0 0 0 0.683772
0.0737914 0 0 0 0.692821
0.0741155 0 0 0 0.701989
0.074441 0 0 0 0.711278
0.0747679 0 0 0 0.72069
0.0750963 0 0 0 0.730227
0.0754261 0 0 0 0.73989
0.0757573 0 0 0 0.749681
0.07609 0 0 0 0.759601
0.0764242 0 0 0 0.769653
0.0767598 0 0 0 0.779838
0.0770969 0 0 0 0.790157
0.0774355 0 0 0 0.800613
0.0777755 0 0 0 0.811208
0.0781171 0 0 0 0.821942
0.0784602 0 0 0 0.832819
0.0788047 0 0 0 0.84384
0.0791508 0 0 0 0.855006
0.0794984 0 0 0 0.86632
0.0798475 0 0 0 0.877784
0.0801982 0 0 0 0.8894
0.0805504 0 0 0 0.901169
0.0809042 0 0 0 0.913094
0.0812595 0 0 0 0.925177
0.0816163 0 0 0 0.93742
0.0819747 0 0 0 0.949825
0.0823347 0 0 0 0.962393
0.0826963 0 0 0 0.975129
0.0830595 0 0 0 0.988032
0.0834243 0 0 0 1.00111
0.0837906 0 0 0 1.01435
0.0841586 0 0 0 1.02778
0.0845282 0 0 0 1.04138
0.0848994 0 0 0 1.05516
0.0852723 0 0 0 1.06912
0.0856468 0 0 0 1.08327
0.0860229 0 0 0 1.0976
0.0864007 0 0 0 1.11213
0.0867801 0 0 0 1.12684
0.0871612 0 0 0 1.14176
0.087544 0 0 0 1.15686
0.0879285 0 0 0 1.17217
0.0883146 0 0 0 1.18768
0.0887025 0 0 0 1.2034
0.089092 0 0 0 1.21933
0.0894833 0 0 0 1.23546
0.0898763 0 0 0 1.25181
0.090271 0 0 0 1.26837
0.0906674 0 0 0 1.28516
0.0910656 0 0 0 1.30216
0.0914655 0 0 0 1.3194
0.0918672 0 0 0 1.33686
0.0922706 0 0 0 1.35455
0.0926759 0 0 0 1.37247
0.0930829 0 0 0 1.39063
0.0934916 0 0 0 1.40903
0.0939022 0 0 0 1.42768
0.0943146 0 0 0 1.44657
0.0947288 0 0 0 1.46571
0.0951448 0 0 0 1.48511
0.0955627 0 0 0 1.50476
0.0959823 0 0 0 1.52467
0.0964039 0 0 0 1.54485
0.0968272 0 0 0 1.56529
0.0972525 0 0 0 1.58601
0.0976796 0 0 0 1.60699
0.0981085 0 0 0 1.62826
0.0985394 0 0 0 1.64981
0.0989721 0 0 0 1.67164
0.0994068 0 0 0 1.69376
0.0998433 0 0 0 1.71617
0.100282 0 0 0 1.73888
0.100722 0 0 0 1.76189
0.101165 0 0 0 1.78521
0.101609 0 0 0 1.80883
0.102055 0 0 0 1.83277
0.102503 0 0 0 1.85702
0.102953 0 0 0 1.88159
0.103406 0 0 0 1.90649
0.10386 0 0 0 1.93172
0.104316 0 0 0 1.95728
0.104774 0 0 0 1.98318
0.105234 0 0 0 2.00942
0.105696 0 0 0 2.03602
0.10616 0 0 0 2.06296
0.106627 0 0 0 2.09026
0.107095 0 0 0 2.11792
0.107565 0 0 0 2.14594
0.108038 0 0 0 2.17434
0.108512 0 0 0 2.20311
0.108989 0 0 0 2.23227
0.109467 0 0 0 2.26181
0.109948 0 0 0 2.29174
0.110431 0 0 0 2.32206
0.110916 0 0 0 2.35279
0.111403 0 0 0 2.38392
0.111892 0 0 0 2.41547
0.112384 0 0 0 2.44743
0.112877 0 0 0 2.47982
0.113373 0 0 0 2.51263
0.113871 0 0 0 2.54588
0.114371 0 0 0 2.57957
0.114873 0 0 0 2.61371
0.115377 0 0 0 2.6483
0.115884 0 0 0 2.68334
0.116393 0 0 0 2.71885
0.116904 0 0 0 2.75483
0.117418 0 0 0 2.79128
0.117933 0 0 0 2.82822
0.118451 0 0 0 2.86564
0.118971 0 0 0 2.90356
0.119494 0 0 0 2.94199
0.120019 0 0 0 2.98092
0.120546 0 0 0 3.02036
0.121075 0 0 0 3.06033
0.121607 0 0 0 3.10083
0.122141 0 0 0 3.14186
0.122677 0 0 0 3.18344
0.123216 0 0 0 3.22556
0.123757 0 0 0 3.26825
0.124301 0 0 0 3.31149
0.124847 0 0 0 3.35531
0.125395 0 0 0 3.39972
0.125946 0 0 0 3.4447
0.126499 0 0 0 3.49029
0.127054 0 0 0 3.53647
0.127612 0 0 0 3.58327
0.128173 0 0 0 3.63069
0.128736 0 0 0 3.67873
0.129301 0 0 0 3.72741
0.129869 0 0 0 3.77674
0.130439 0 0 0 3.82671
0.131012 0 0 0 3.87735
0.131587 0 0 0 3.92866
0.132165 0 0 0 3.98065
0.132746 0 0 0 4.03332
0.133329 0 0 0 4.0867
0.133914 0 0 0 4.14077
0.134502 0 0 0 4.19557
0.135093 0 0 0 4.25109
0.135686 0 0 0 4.30734
0.136282 0 0 0 4.36434
0.136881 0 0 0 4.42209
0.137482 0 0 0 4.48061
0.138085 0 0 0 4.5399
0.138692 0 0 0 4.59998
0.139301 0 0 0 4.66085
0.139913 0 0 0 4.72253
0.140527 0 0 0 4.78502
0.141144 0 0 0 4.84834
0.141764 0 0 0 4.91249
0.142387 0 0 0 4.9775
0.143012 0 0 0 5.04337
0.14364 0 0 0 5.11011
0.144271 0 0 0 5.17773
0.144904 0 0 0 5.24624
0.145541 0 0 0 5.31567
0.14618 0 0 0 5.38601
0.146822 0 0 0 5.45728
0.147467 0 0 0 5.5295
0.148114 0 0 0 5.60267
0.148765 0 0 0 5.67681
0.149418 0 0 0 5.75193
0.150074 0 0 0 5.82804
0.150733 0 0 0 5.90516
0.151395 0 0 0 5.98331
0.15206 0 0 0 6.06248
0.152728 0 0 0 6.14271
0.153399 0 0 0 6.22399
0.154072 0 0 0 6.30635
0.154749 0 0 0 6.3898
0.155429 0 0 0 6.47436
0.156111 0 0 0 6.56003
0.156797 0 0 0 6.64684
0.157485 0 0 0 6.7348
0.158177 0 0 0 6.82392
0.158872 0 0 0 6.91422
0.159569 0 0 0 7.00571
0.16027 0 0 0 7.09842
0.160974 0 0 0 7.19235
0.161681 0 0 0 7.28753
0.162391 0 0 0 7.38396
0.163104 0 0 0 7.48167
0.163821 0 0 0 7.58068
0.16454 0 0 0 7.68099
0.165263 0 0 0 7.78263
0.165988 0 0 0 7.88562
0.166717 0 0 0 7.98997
0.167449 0 0 0 8.0957
0.168185 0 0 0 8.20283
0.168923 0 0 0 8.31138
0.169665 0 0 0 8.42136
0.17041 0 0 0 8.5328
0.171159 0 0 0 8.64571
0.17191 0 0 0 8.76012
0.172665 0 0 0 8.87604
0.173424 0 0 0 8.9935
0.174185 0 0 0 9.11251
0.17495 0 0 0 9.23309
0.175719 0 0 0 9.35527
0.17649 0 0 0 9.47907
0.177265 0 0 0 9.6045
0.178044 0 0 0 9.7316
0.178826 0 0 0 9.86037
0.179611 0 0 0 9.99086
0.1804 0 0 0 10.1231
0.181192 0 0 0 10.257
0.181988 0 0 0 10.3928
0.182787 0 0 0 10.5303
0.18359 0 0 0 10.6696
0.184396 0 0 0 10.8108
0.185206 0 0 0 10.9539
0.186019 0 0 0 11.0988
0.186836 0 0 0 11.2457
0.187657 0 0 0 11.3945
0.188481 0 0 0 11.5453
0.189309 0 0 0 11.6981
0.19014 0 0 0 11.8529
0.190975 0 0 0 12.0097
0.191814 0 0 0 12.1686
0.192656 0 0 0 12.3297
0.193502 0 0 0 12.4928
0.194352 0 0 0 12.6581
0.195205 0 0 0 12.8256
0.196063 0 0 0 12.9954
0.196924 0 0 0 13.1673
0.197789 0 0 0 13.3416
0.198657 0 0 0 13.5181
0.19953 0 0 0 13.697
0.200406 0 0 0 13.8782
0.201286 0 0 0 14.0619
0.20217 0 0 0 14.248
0.203058 0 0 0 14.4365
0.20395 0 0 0 14.6275
0.204845 0 0 0 14.8211
0.205745 0 0 0 15.0172
0.206648 0 0 0 15.216
0.207556 0 0 0 15.4173
0.208467 0 0 0 15.6213
0.209383 0 0 0 15.828
0.210302 0 0 0 16.0375
0.211226 0 0 0 16.2497
0.212154 0 0 0 16.4647
0.213085 0 0 0 16.6826
0.214021 0 0 0 16.9034
0.214961 0 0 0 17.1271
0.215905 0 0 0 17.3537
0.216853 0 0 0 17.5833
0.217806 0 0 0 17.816
0.218762 0 0 0 18.0518
0.219723 0 0 0 18.2906
0.220688 0 0 0 18.5327
0.221657 0 0 0 18.7779
0.22263 0 0 0 19.0264
0.223608 0 0 0 19.2782
0.22459 0 0 0 19.5333
0.225577 0 0 0 19.7918
0.226567 0 0 0 20.0537
0.227562 0 0 0 20.319
0.228562 0 0 0 20.5879
0.229565 0 0 0 20.8604
0.230573 0 0 0 21.1364
0.231586 0 0 0 21.4161
0.232603 0 0 0 21.6995
0.233625 0 0 0 21.9866
0.234651 0 0 0 22.2776
0.235681 0 0 0 22.5724
0.236716 0 0 0 22.8711
0.237756 0 0 0 23.1737
0.2388 0 0 0 23.4804
0.239849 0 0 0 23.7911
0.240902 0 0 0 24.1059
0.24196 0 0 0 24.4249
0.243022 0 0 0 24.7481
0.24409 0 0 0 25.0756
0.245162 0 0 0 25.4074
0.246238 0 0 0 25.7437
0.24732 0 0 0 26.0843
0.248406 0 0 0 26.4295
0.249497 0 0 0 26.7792
0.250592 0 0 0 27.1336
0.251693 0 0 0 27.4926
0.252798 0 0 0 27.8564
0.253909 0 0 0 28.2251
0.255024 0 0 0 28.5986
0.256144 0 0 0 28.977
0.257268 0 0 0 29.3605
0.258398 0 0 0 29.749
0.259533 0 0 0 30.1426
0.260673 0 0 0 30.5415
0.261818 0 0 0 30.9457
0.262967 0 0 0 31.3552
0.264122 0 0 0 31.7701
0.265282 0 0 0 32.1905
0.266447 0 0 0 32.6165
0.267617 0 0 0 33.0481
0.268793 0 0 0 33.4854
0.269973 0 0 0 33.9285
0.271159 0 0 0 34.3775
0.27235 0 0 0 34.8324
0.273546 0 0 0 35.2933
0.274747 0 0 0 35.7604
0.275954 0 0 0 36.2336
0.277165 0 0 0 36.713
0.278383 0 0 0 37.1989
0.279605 0 0 0 37.6911
0.280833 0 0 0 38.1899
0.282066 0 0 0 38.6952
0.283305 0 0 0 39.2073
0.284549 0 0 0 39.7261
0.285799 0 0 0 40.2518
0.287054 0 0 0 40.7844
0.288315 0 0 0 41.3241
0.289581 0 0 0 41.871
0.290853 0 0 0 42.4251
0.29213 0 0 0 42.9865
0.293413 0 0 0 43.5553
0.294702 0 0 0 44.1317
0.295996 0 0 0 44.7156
0.297296 0 0 0 45.3074
0.298601 0 0 0 45.9069
0.299913 0 0 0 46.5144
0.30123 0 0 0 47.1299
0.302553 0 0 0 47.7536
0.303881 0 0 0 48.3855
0.305216 0 0 0 49.0258
0.306556 0 0 0 49.6745
0.307903 0 0 0 50.3319
0.309255 0 0 0 50.9979
0.310613 0 0 0 51.6727
0.311977 0 0 0 52.3565
0.313347 0 0 0 53.0493
0.314723 0 0 0 53.7513
0.316105 0 0 0 54.4626
0.317494 0 0 0 55.1833
0.318888 0 0 0 55.9135
0.320288 0 0 0 56.6534
0.321695 0 0 0 57.4031
0.323108 0 0 0 58.1627
0.324527 0 0 0 58.9324
0.325952 0 0 0 59.7122
0.327383 0 0 0 60.5024
0.328821 0 0 0 61.303
0.330265 0 0 0 62.1142
0.331716 0 0 0 62.9362
0.333172 0 0 0 63.769
0.334635 0 0 0 64.6129
0.336105 0 0 0 65.4679
0.337581 0 0 0 66.3342
0.339064 0 0 0 67.212
0.340553 0 0 0 68.1014
0.342048 0 0 0 69.0026
0.34355 0 0 0 69.9157
0.345059 0 0 0 70.8409
0.346575 0 0 0 71.7783
0.348097 0 0 0 72.7281
0.349625 0 0 0 73.6905
0.351161 0 0 0 74.6657
0.352703 0 0 0 75.6537
0.354252 0 0 0 76.6548
0.355808 0 0 0 77.6692
0.35737 0 0 0 78.697
0.35894 0 0 0 79.7384
0.360516 0 0 0 80.7935
0.362099 0 0 0 81.8627
0.363689 0 0 0 82.9459
0.365287 0 0 0 84.0436
0.366891 0 0 0 85.1557
0.368502 0 0 0 86.2825
0.37012 0 0 0 87.4243
0.371746 0 0 0 88.5812
0.373378 0 0 0 89.7534
0.375018 0 0 0 90.9411
0.376665 0 0 0 92.1445
0.378319 0 0 0 93.3638
0.379981 0 0 0 94.5993
0.381649 0 0 0 95.8511
0.383326 0 0 0 97.1195
0.385009 0 0 0 98.4047
0.3867 0 0 0 99.7068
0.388398 0 0 0 101.026
0.390104 0 0 0 102.363
0.391817 0 0 0 103.718
0.393538 0 0 0 105.09
0.395266 0 0 0 106.481
0.397002 0 0 0 107.89
0.398745 0 0 0 109.318
0.400496 0 0 0 110.764
0.402255 0 0 0 112.23
0.404022 0 0 0 113.715
0.405796 0 0 0 115.22
0.407578 0 0 0 116.744
0.409368 0 0 0 118.289
0.411166 0 0 0 119.855
0.412972 0 0 0 121.441
0.414785 0 0 0 123.048
0.416607 0 0 0 124.676
0.418436 0 0 0 126.326
0.420274 0 0 0 127.997
0.42212 0 0 0 129.691
0.423974 0 0 0 131.407
0.425836 0 0 0 133.146
0.427706 0 0 0 134.908
0.429584 0 0 0 136.693
0.431471 0 0 0 138.502
0.433365 0 0 0 140.335
0.435269 0 0 0 142.192
0.43718 0 0 0 144.074
0.4391 0 0 0 145.98
0.441028 0 0 0 147.912
0.442965 0 0 0 149.869
0.444911 0 0 0 151.852
0.446865 0 0 0 153.862
0.448827 0 0 0 155.898
0.450798 0 0 0 157.961
0.452778 0 0 0 160.051
0.454766 0 0 0 162.169
0.456763 0 0 0 164.315
0.458769 0 0 0 166.489
0.460784 0 0 0 168.692
0.462808 0 0 0 170.925
0.46484 0 0 0 173.187
0.466882 0 0 0 175.478
0.468932 0 0 0 177.8
0.470991 0 0 0 180.153
0.47306 0 0 0 182.537
0.475137 0 0 0 184.953
0.477224 0 0 0 187.4
0.47932 0 0 0 189.88
0.481425 0 0 0 192.393
0.483539 0 0 0 194.939
0.485663 0 0 0 197.518
0.487795 0 0 0 200.132
0.489938 0 0 0 202.78
0.492089 0 0 0 205.464
0.49425 0 0 0 208.182
0.496421 0 0 0 210.937
0.498601 0 0 0 213.729
0.500791 0 0 0 216.557
0.50299 0 0 0 219.422
0.505199 0 0 0 222.326
0.507418 0 0 0 225.268
0.509646 0 0 0 228.249
0.511884 0 0 0 231.269
0.514132 0 0 0 234.33
0.51639 0 0 0 237.431
0.518658 0 0 0 240.573
0.520936 0 0 0 243.756
0.523223 0 0 0 246.982
0.525521 0 0 0 250.25
0.527829 0 0 0 253.561
0.530147 0 0 0 256.917
0.532475 0 0 0 260.316
0.534814 0 0 0 263.761
0.537162 0 0 0 267.252
0.539522 0 0 0 270.788
0.541891 0 0 0 274.371
0.544271 0 0 0 278.002
0.546661 0 0 0 281.681
0.549062 0 0 0 285.408
0.551473 0 0 0 289.185
0.553895 0 0 0 293.012
0.556327 0 0 0 296.889
0.558771 0 0 0 300.818
0.561224 0 0 0 304.799
0.563689 0 0 0 308.832
0.566165 0 0 0 312.919
0.568651 0 0 0 317.059
0.571148 0 0 0 321.255
0.573657 0 0 0 325.506
0.576176 0 0 0 329.814
0.578706 0 0 0 334.178
0.581248 0 0 0 338.6
0.5838 0 0 0 343.081
0.586364 0 0 0 347.621
0.588939 0 0 0 352.221
0.591526 0 0 0 356.882
0.594124 0 0 0 361.604
0.596733 0 0 0 366.389
0.599353 0 0 0 371.238
0.601985 0 0 0 376.15
0.604629 0 0 0 381.128
0.607285 0 0 0 386.171
0.609951 0 0 0 391.281
0.61263 0 0 0 396.459
0.615321 0 0 0 401.705
0.618023 0 0 0 407.021
0.620737 0 0 0 412.407
0.623463 0 0 0 417.864
0.626201 0 0 0 423.394
0.628951 0 0 0 428.997
0.631713 0 0 0 434.674
0.634488 0 0 0 440.425
0.637274 0 0 0 446.254
0.640073 0 0 0 452.159
0.642884 0 0 0 458.142
0.645707 0 0 0 464.205
0.648543 0 0 0 470.347
0.651391 0 0 0 476.571
0.654252 0 0 0 482.878
0.657125 0 0 0 489.268
0.660011 0 0 0 495.742
0.662909 0 0 0 502.302
0.66582 0 0 0 508.949
0.668744 0 0 0 515.684
0.671681 0 0 0 522.508
0.674631 0 0 0 529.422
0.677594 0 0 0 536.428
0.68057 0 0 0 543.527
0.683558 0 0 0 550.719
0.68656 0 0 0 558.007
0.689575 0 0 0 565.391
0.692604 0 0 0 572.872
0.695646 0 0 0 580.453
0.698701 0 0 0 588.134
0.701769 0 0 0 595.917
0.704851 0 0 0 603.803
0.707946 0 0 0 611.793
0.711055 0 0 0 619.888
0.714178 0 0 0 628.091
0.717315 0 0 0 636.403
0.720465 0 0 0 644.824
0.723629 0 0 0 653.357
0.726807 0 0 0 662.003
0.729999 0 0 0 670.763
0.733204 0 0 0 679.639
0.736424 0 0 0 688.633
0.739659 0 0 0 697.745
0.742907 0 0 0 706.978
0.746169 0 0 0 716.334
0.749446 0 0 0 725.813
0.752738 0 0 0 735.418
0.756043 0 0 0 745.149
0.759364 0 0 0 755.01
0.762698 0 0 0 765.001
0.766048 0 0 0 775.124
0.769412 0 0 0 785.381
0.772791 0 0 0 795.774
0.776185 0 0 0 806.304
0.779594 0 0 0 816.974
0.783017 0 0 0 827.785
0.786456 0 0 0 838.739
0.78991 0 0 0 849.838
0.793379 0 0 0 861.083
0.796863 0 0 0 872.478
0.800363 0 0 0 884.023
0.803878 0 0 0 895.722
0.807408 0 0 0 907.575
0.810954 0 0 0 919.584
0.814515 0 0 0 931.753
0.818092 0 0 0 944.083
0.821685 0 0 0 956.576
0.825294 0 0 0 969.234
0.828918 0 0 0 982.06
0.832558 0 0 0 995.055
0.836215 0 0 0 1008.22
0.839887 0 0 0 1021.56
0.843575 0 0 0 1035.08
0.84728 0 0 0 1048.78
0.851001 0 0 0 1062.66
0.854738 0 0 0 1076.72
0.858492 0 0 0 1090.97
0.862262 0 0 0 1105.4
0.866049 0 0 0 1120.03
0.869852 0 0 0 1134.85
0.873673 0 0 0 1149.87
0.877509 0 0 0 1165.09
0.881363 0 0 0 1180.5
0.885234 0 0 0 1196.13
0.889121 0 0 0 1211.95
0.893026 0 0 0 1227.99
0.896948 0 0 0 1244.24
0.900887 0 0 0 1260.71
0.904843 0 0 0 1277.39
0.908817 0 0 0 1294.29
0.912808 0 0 0 1311.42
0.916817 0 0 0 1328.77
0.920843 0 0 0 1346.36
0.924887 0 0 0 1364.17
0.928949 0 0 0 1382.23
0.933029 0 0 0 1400.52
0.937126 0 0 0 1419.05
0.941242 0 0 0 1437.83
0.945375 0 0 0 1456.85
0.949527 0 0 0 1476.13
0.953697 0 0 0 1495.67
0.957885 0 0 0 1515.46
0.962092 0 0 0 1535.51
0.966317 0 0 0 1555.83
0.970561 0 0 0 1576.42
0.974823 0 0 0 1597.28
0.979104 0 0 0 1618.42
0.983404 0 0 0 1639.83
0.987723 0 0 0 1661.53
0.992061 0 0 0 1683.52
0.996418 0 0 0 1705.8
1.00079 0 0 0 1728.37
1.00519 0 0 0 1751.24
1.0096 0 0 0 1774.41
1.01404 0 0 0 1797.9
1.01849 0 0 0 1821.69
1.02296 0 0 0 1845.79
1.02746 0 0 0 1870.22
1.03197 0 0 0 1894.97
1.0365 0 0 0 1920.04
1.04105 0 0 0 1945.45
1.04562 0 0 0 1971.19
1.05022 0 0 0 1997.28
1.05483 0 0 0 2023.71
1.05946 0 0 0 2050.49
1.06411 0 0 0 2077.62
1.06879 0 0 0 2105.11
1.07348 0 0 0 2132.97
1.07819 0 0 0 2161.2
1.08293 0 0 0 2189.79
1.08769 0 0 0 2218.77
1.09246 0 0 0 2248.13
1.09726 0 0 0 2277.88
1.10208 0 0 0 2308.02
1.10692 0 0 0 2338.57
1.11178 0 0 0 2369.51
1.11666 0 0 0 2400.87
1.12157 0 0 0 2432.64
1.12649 0 0 0 2464.83
1.13144 0 0 0 2497.45
1.13641 0 0 0 2530.49
1.1414 0 0 0 2563.98
1.14641 0 0 0 2597.91
0.500085
2000
309756
     1259712000
0.000179913 0 0 0 1.00414e-08
0.000180703 0 0 0 1.01743e-08
0.000181497 0 0 0 1.03089e-08
0.000182294 0 0 0 1.04453e-08
0.000183095 0 0 0 1.05835e-08
0.000183899 0 0 0 1.07236e-08
0.000184706 0 0 0 1.08655e-08
0.000185518 0 0 0 1.10093e-08
0.000186332 0 0 0 1.11549e-08
0.000187151 0 0 0 1.13026e-08
0.000187972 0 0 0 1.14521e-08
0.000188798 0 0 0 1.16037e-08
0.000189627 0 0 0 1.17572e-08
0.00019046 0 0 0 1.19128e-08
0.000191296 0 0 0 1.20704e-08
0.000192136 0 0 0 1.22302e-08
0.00019298 0 0 0 1.2392e-08
0.000193828 0 0 0 1.2556e-08
0.000194679 0 0 0 1.27221e-08
0.000195534 0 0 0 1.28905e-08
0.000196393 0 0 0 1.30611e-08
0.000197255 0 0 0 1.32339e-08
0.000198121 0 0 0 1.3409e-08
0.000198991 0 0 0 1.35865e-08
0.000199865 0 0 0 1.37663e-08
0.000200743 0 0 0 1.39484e-08
0.000201625 0 0 0 1.4133e-08
0.00020251 0 0 0 1.432e-08
0.0002034 0 0 0 1.45095e-08
0.000204293 0 0 0 1.47015e-08
0.00020519 0 0 0 1.48961e-08
0.000206091 0 0 0 1.50932e-08
0.000206996 0 0 0 1.52929e-08
0.000207905 0 0 0 1.54953e-08
0.000208818 0 0 0 1.57003e-08
0.000209735 0 0 0 1.59081e-08
0.000210656 0 0 0 1.61186e-08
0.000211582 0 0 0 1.63319e-08
0.000212511 0 0 0 1.6548e-08
0.000213444 0 0 0 1.6767e-08
0.000214381 0 0 0 1.69889e-08
0.000215323 0 0 0 1.72137e-08
0.000216268 0 0 0 1.74414e-08
0.000217218 0 0 0 1.76722e-08
0.000218172 0 0 0 1.79061e-08
0.00021913 0 0 0 1.81431e-08
0.000220093 0 0 0 1.83831e-08
0.000221059 0 0 0 1.86264e-08
0.00022203 0 0 0 1.88729e-08
0.000223005 0 0 0 1.91226e-08
0.000223984 0 0 0 1.93757e-08
0.000224968 0 0 0 1.96321e-08
0.000225956 0 0 0 1.98919e-08
0.000226948 0 0 0 2.01551e-08
0.000227945 0 0 0 2.04218e-08
0.000228946 0 0 0 2.0692e-08
0.000229952 0 0 0 2.09658e-08
0.000230961 0 0 0 2.12433e-08
0.000231976 0 0 0 2.15244e-08
0.000232995 0 0 0 2.18092e-08
0.000234018 0 0 0 2.20978e-08
0.000235045 0 0 0 2.23902e-08
0.000236078 0 0 0 2.26865e-08
0.000237114 0 0 0 2.29867e-08
0.000238156 0 0 0 2.32909e-08
0.000239202 0 0 0 2.35991e-08
0.000240252 0 0 0 2.39114e-08
0.000241307 0 0 0 2.42278e-08
0.000242367 0 0 0 2.45484e-08
0.000243431 0 0 0 2.48733e-08
0.0002445 0 0 0 2.52024e-08
0.000245574 0 0 0 2.55359e-08
0.000246653 0 0 0 2.58738e-08
0.000247736 0 0 0 2.62162e-08
0.000248824 0 0 0 2.65631e-08
0.000249917 0 0 0 2.69146e-08
0.000251014 0 0 0 2.72708e-08
0.000252117 0 0 0 2.76317e-08
0.000253224 0 0 0 2.79973e-08
0.000254336 0 0 0 2.83678e-08
0.000255453 0 0 0 2.87432e-08
0.000256575 0 0 0 2.91235e-08
0.000257701 0 0 0 2.95089e-08
0.000258833 0 0 0 2.98994e-08
0.00025997 0 0 0 3.02951e-08
0.000261112 0 0 0 3.0696e-08
0.000262258 0 0 0 3.11022e-08
0.00026341 0 0 0 3.15137e-08
0.000264567 0 0 0 3.19307e-08
0.000265729 0 0 0 3.23533e-08
0.000266896 0 0 0 3.27814e-08
0.000268068 0 0 0 3.32152e-08
0.000269245 0 0 0 3.36547e-08
0.000270427 0 0 0 3.41001e-08
0.000271615 0 0 0 3.45513e-08
0.000272808 0 0 0 3.50085e-08
0.000274006 0 0 0 3.54718e-08
0.000275209 0 0 0 3.59412e-08
0.000276418 0 0 0 3.64168e-08
0.000277632 0 0 0 3.68987e-08
0.000278851 0 0 0 3.7387e-08
0.000280076 0 0 0 3.78817e-08
0.000281306 0 0 0 3.8383e-08
0.000282541 0 0 0 3.88909e-08
0.000283782 0 0 0 3.94055e-08
0.000285028 0 0 0 3.9927e-08
0.00028628 0 0 0 4.04553e-08
0.000287537 0 0 0 4.09907e-08
0.0002888 0 0 0 4.15331e-08
0.000290068 0 0 0 4.20827e-08
0.000291342 0 0 0 4.26396e-08
0.000292622 0 0 0 4.32038e-08
0.000293907 0 0 0 4.37755e-08
0.000295197 0 0 0 4.43548e-08
0.000296494 0 0 0 4.49418e-08
0.000297796 0 0 0 4.55365e-08
0.000299104 0 0 0 4.6139e-08
0.000300417 0 0 0 4.67496e-08
0.000301737 0 0 0 4.73682e-08
0.000303062 0 0 0 4.7995e-08
0.000304393 0 0 0 4.86302e-08
0.000305729 0 0 0 4.92737e-08
0.000307072 0 0 0 4.99257e-08
0.000308421 0 0 0 5.05864e-08
0.000309775 0 0 0 5.12558e-08
0.000311136 0 0 0 5.1934e-08
0.000312502 0 0 0 5.26213e-08
0.000313874 0 0 0 5.33176e-08
0.000315253 0 0 0 5.40231e-08
0.000316637 0 0 0 5.4738e-08
0.000318028 0 0 0 5.54624e-08
0.000319424 0 0 0 5.61963e-08
0.000320827 0 0 0 5.69399e-08
0.000322236 0 0 0 5.76934e-08
0.000323651 0 0 0 5.84568e-08
0.000325073 0 0 0 5.92304e-08
0.0003265 0 0 0 6.00142e-08
0.000327934 0 0 0 6.08083e-08
0.000329374 0 0 0 6.1613e-08
0.000330821 0 0 0 6.24283e-08
0.000332274 0 0 0 6.32544e-08
0.000333733 0 0 0 6.40915e-08
0.000335199 0 0 0 6.49396e-08
0.000336671 0 0 0 6.57989e-08
0.000338149 0 0 0 6.66696e-08
0.000339634 0 0 0 6.75519e-08
0.000341126 0 0 0 6.84458e-08
0.000342624 0 0 0 6.93515e-08
0.000344129 0 0 0 7.02692e-08
0.00034564 0 0 0 7.11991e-08
0.000347158 0 0 0 7.21413e-08
0.000348682 0 0 0 7.30959e-08
0.000350214 0 0 0 7.40632e-08
0.000351752 0 0 0 7.50432e-08
0.000353296 0 0 0 7.60363e-08
0.000354848 0 0 0 7.70424e-08
0.000356406 0 0 0 7.80619e-08
0.000357972 0 0 0 7.90949e-08
0.000359544 0 0 0 8.01416e-08
0.000361123 0 0 0 8.12021e-08
0.000362709 0 0 0 8.22766e-08
0.000364301 0 0 0 8.33654e-08
0.000365901 0 0 0 8.44685e-08
0.000367508 0 0 0 8.55863e-08
0.000369122 0 0 0 8.67188e-08
0.000370743 0 0 0 8.78664e-08
0.000372371 0 0 0 8.90291e-08
0.000374007 0 0 0 9.02072e-08
0.000375649 0 0 0 9.14009e-08
0.000377299 0 0 0 9.26104e-08
0.000378956 0 0 0 9.38359e-08
0.00038062 0 0 0 9.50776e-08
0.000382292 0 0 0 9.63358e-08
0.000383971 0 0 0 9.76106e-08
0.000385657 0 0 0 9.89023e-08
0.00038735 0 0 0 1.00211e-07
0.000389052 0 0 0 1.01537e-07
0.00039076 0 0 0 1.02881e-07
0.000392476 0 0 0 1.04242e-07
0.0003942 0 0 0 1.05622e-07
0.000395931 0 0 0 1.07019e-07
0.00039767 0 0 0 1.08435e-07
0.000399416 0 0 0 1.0987e-07
0.00040117 0 0 0 1.11324e-07
0.000402932 0 0 0 1.12797e-07
0.000404702 0 0 0 1.1429e-07
0.000406479 0 0 0 1.15802e-07
0.000408264 0 0 0 1.17335e-07
0.000410057 0 0 0 1.18887e-07
0.000411858 0 0 0 1.20461e-07
0.000413667 0 0 0 1.22055e-07
0.000415483 0 0 0 1.2367e-07
0.000417308 0 0 0 1.25306e-07
0.000419141 0 0 0 1.26965e-07
0.000420981 0 0 0 1.28645e-07
0.00042283 0 0 0 1.30347e-07
0.000424687 0 0 0 1.32072e-07
0.000426552 0 0 0 1.3382e-07
0.000428425 0 0 0 1.3559e-07
0.000430307 0 0 0 1.37385e-07
0.000432197 0 0 0 1.39203e-07
0.000434095 0 0 0 1.41045e-07
0.000436001 0 0 0 1.42911e-07
0.000437916 0 0 0 1.44802e-07
0.000439839 0 0 0 1.46718e-07
0.000441771 0 0 0 1.4866e-07
0.000443711 0 0 0 1.50627e-07
0.000445659 0 0 0 1.5262e-07
0.000447616 0 0 0 1.5464e-07
0.000449582 0 0 0 1.56686e-07
0.000451557 0 0 0 1.5876e-07
0.00045354 0 0 0 1.6086e-07
0.000455532 0 0 0 1.62989e-07
0.000457532 0 0 0 1.65146e-07
0.000459541 0 0 0 1.67331e-07
0.00046156 0 0 0 1.69546e-07
0.000463587 0 0 0 1.71789e-07
0.000465622 0 0 0 1.74062e-07
0.000467667 0 0 0 1.76366e-07
0.000469721 0 0 0 1.787e-07
0.000471784 0 0 0 1.81064e-07
0.000473856 0 0 0 1.8346e-07
0.000475937 0 0 0 1.85888e-07
0.000478027 0 0 0 1.88348e-07
0.000480126 0 0 0 1.9084e-07
0.000482235 0 0 0 1.93365e-07
0.000484353 0 0 0 1.95924e-07
0.00048648 0 0 0 1.98517e-07
0.000488616 0 0 0 2.01144e-07
0.000490762 0 0 0 2.03806e-07
0.000492917 0 0 0 2.06503e-07
0.000495082 0 0 0 2.09235e-07
0.000497256 0 0 0 2.12004e-07
0.00049944 0 0 0 2.14809e-07
0.000501633 0 0 0 2.17652e-07
0.000503836 0 0 0 2.20532e-07
0.000506049 0 0 0 2.2345e-07
0.000508271 0 0 0 2.26407e-07
0.000510504 0 0 0 2.29403e-07
0.000512746 0 0 0 2.32439e-07
0.000514997 0 0 0 2.35515e-07
0.000517259 0 0 0 2.38631e-07
0.000519531 0 0 0 2.41789e-07
0.000521812 0 0 0 2.44989e-07
0.000524104 0 0 0 2.4823e-07
0.000526405 0 0 0 2.51515e-07
0.000528717 0 0 0 2.54844e-07
0.000531039 0 0 0 2.58216e-07
0.000533371 0 0 0 2.61633e-07
0.000535714 0 0 0 2.65095e-07
0.000538066 0 0 0 2.68603e-07
0.000540429 0 0 0 2.72157e-07
0.000542803 0 0 0 2.75759e-07
0.000545187 0 0 0 2.79408e-07
0.000547581 0 0 0 2.83105e-07
0.000549986 0 0 0 2.86851e-07
0.000552401 0 0 0 2.90647e-07
0.000554827 0 0 0 2.94493e-07
0.000557263 0 0 0 2.9839e-07
0.000559711 0 0 0 3.02339e-07
0.000562169 0 0 0 3.0634e-07
0.000564638 0 0 0 3.10394e-07
0.000567117 0 0 0 3.14501e-07
0.000569608 0 0 0 3.18663e-07
0.000572109 0 0 0 3.2288e-07
0.000574622 0 0 0 3.27152e-07
0.000577145 0 0 0 3.31481e-07
0.00057968 0 0 0 3.35868e-07
0.000582226 0 0 0 3.40312e-07
0.000584783 0 0 0 3.44816e-07
0.000587351 0 0 0 3.49378e-07
0.00058993 0 0 0 3.54002e-07
0.000592521 0 0 0 3.58686e-07
0.000595123 0 0 0 3.63433e-07
0.000597737 0 0 0 3.68242e-07
0.000600362 0 0 0 3.73115e-07
0.000602998 0 0 0 3.78052e-07
0.000605647 0 0 0 3.83055e-07
0.000608306 0 0 0 3.88124e-07
0.000610978 0 0 0 3.9326e-07
0.000613661 0 0 0 3.98464e-07
0.000616356 0 0 0 4.03737e-07
0.000619063 0 0 0 4.09079e-07
0.000621782 0 0 0 4.14492e-07
0.000624512 0 0 0 4.19977e-07
0.000627255 0 0 0 4.25535e-07
0.00063001 0 0 0 4.31166e-07
0.000632776 0 0 0 4.36871e-07
0.000635555 0 0 0 4.42653e-07
0.000638346 0 0 0 4.4851e-07
0.00064115 0 0 0 4.54445e-07
0.000643965 0 0 0 4.60459e-07
0.000646793 0 0 0 4.66552e-07
0.000649634 0 0 0 4.72726e-07
0.000652487 0 0 0 4.78981e-07
0.000655352 0 0 0 4.8532e-07
0.000658231 0 0 0 4.91742e-07
0.000661121 0 0 0 4.98249e-07
0.000664025 0 0 0 5.04842e-07
0.000666941 0 0 0 5.11523e-07
0.00066987 0 0 0 5.18292e-07
0.000672812 0 0 0 5.2515e-07
0.000675766 0 0 0 5.32099e-07
0.000678734 0 0 0 5.39141e-07
0.000681715 0 0 0 5.46275e-07
0.000684709 0 0 0 5.53504e-07
0.000687716 0 0 0 5.60828e-07
0.000690736 0 0 0 5.6825e-07
0.000693769 0 0 0 5.75769e-07
0.000696816 0 0 0 5.83388e-07
0.000699876 0 0 0 5.91108e-07
0.00070295 0 0 0 5.9893e-07
0.000706037 0 0 0 6.06856e-07
0.000709138 0 0 0 6.14886e-07
0.000712252 0 0 0 6.23023e-07
0.00071538 0 0 0 6.31267e-07
0.000718522 0 0 0 6.39621e-07
0.000721677 0 0 0 6.48085e-07
0.000724846 0 0 0 6.56661e-07
0.00072803 0 0 0 6.6535e-07
0.000731227 0 0 0 6.74155e-07
0.000734438 0 0 0 6.83076e-07
0.000737664 0 0 0 6.92115e-07
0.000740903 0 0 0 7.01274e-07
0.000744157 0 0 0 7.10553e-07
0.000747425 0 0 0 7.19956e-07
0.000750707 0 0 0 7.29483e-07
0.000754004 0 0 0 7.39136e-07
0.000757316 0 0 0 7.48917e-07
0.000760641 0 0 0 7.58827e-07
0.000763982 0 0 0 7.68869e-07
0.000767337 0 0 0 7.79043e-07
0.000770707 0 0 0 7.89352e-07
0.000774092 0 0 0 7.99798e-07
0.000777491 0 0 0 8.10381e-07
0.000780906 0 0 0 8.21105e-07
0.000784335 0 0 0 8.31971e-07
0.00078778 0 0 0 8.4298e-07
0.000791239 0 0 0 8.54135e-07
0.000794714 0 0 0 8.65438e-07
0.000798204 0 0 0 8.7689e-07
0.00080171 0 0 0 8.88494e-07
0.00080523 0 0 0 9.00251e-07
0.000808767 0 0 0 9.12164e-07
0.000812318 0 0 0 9.24234e-07
0.000815886 0 0 0 9.36465e-07
0.000819469 0 0 0 9.48857e-07
0.000823068 0 0 0 9.61413e-07
0.000826682 0 0 0 9.74135e-07
0.000830313 0 0 0 9.87026e-07
0.000833959 0 0 0 1.00009e-06
0.000837622 0 0 0 1.01332e-06
0.0008413 0 0 0 1.02673e-06
0.000844995 0 0 0 1.04032e-06
0.000848706 0 0 0 1.05408e-06
0.000852433 0 0 0 1.06803e-06
0.000856177 0 0 0 1.08216e-06
0.000859937 0 0 0 1.09648e-06
0.000863713 0 0 0 1.11099e-06
0.000867506 0 0 0 1.1257e-06
0.000871316 0 0 0 1.14059e-06
0.000875143 0 0 0 1.15569e-06
0.000878986 0 0 0 1.17098e-06
0.000882846 0 0 0 1.18647e-06
0.000886723 0 0 0 1.20217e-06
0.000890617 0 0 0 1.21808e-06
0.000894529 0 0 0 1.2342e-06
0.000898457 0 0 0 1.25053e-06
0.000902403 0 0 0 1.26708e-06
0.000906366 0 0 0 1.28385e-06
0.000910346 0 0 0 1.30084e-06
0.000914344 0 0 0 1.31805e-06
0.00091836 0 0 0 1.33549e-06
0.000922393 0 0 0 1.35317e-06
0.000926444 0 0 0 1.37107e-06
0.000930512 0 0 0 1.38922e-06
0.000934599 0 0 0 1.4076e-06
0.000938703 0 0 0 1.42622e-06
0.000942826 0 0 0 1.4451e-06
0.000946966 0 0 0 1.46422e-06
0.000951125 0 0 0 1.4836e-06
0.000955302 0 0 0 1.50323e-06
0.000959497 0 0 0 1.52312e-06
0.000963711 0 0 0 1.54328e-06
0.000967943 0 0 0 1.5637e-06
0.000972194 0 0 0 1.58439e-06
0.000976464 0 0 0 1.60536e-06
0.000980752 0 0 0 1.6266e-06
0.000985059 0 0 0 1.64812e-06
0.000989385 0 0 0 1.66993e-06
0.00099373 0 0 0 1.69203e-06
0.000998094 0 0 0 1.71442e-06
0.00100248 0 0 0 1.73711e-06
0.00100688 0 0 0 1.7601e-06
0.0010113 0 0 0 1.78339e-06
0.00101574 0 0 0 1.80699e-06
0.0010202 0 0 0 1.8309e-06
0.00102468 0 0 0 1.85513e-06
0.00102918 0 0 0 1.87967e-06
0.0010337 0 0 0 1.90455e-06
0.00103824 0 0 0 1.92975e-06
0.0010428 0 0 0 1.95529e-06
0.00104738 0 0 0 1.98116e-06
0.00105198 0 0 0 2.00738e-06
0.0010566 0 0 0 2.03394e-06
0.00106124 0 0 0 2.06086e-06
0.0010659 0 0 0 2.08813e-06
0.00107058 0 0 0 2.11576e-06
0.00107529 0 0 0 2.14376e-06
0.00108001 0 0 0 2.17212e-06
0.00108475 0 0 0 2.20087e-06
0.00108952 0 0 0 2.22999e-06
0.0010943 0 0 0 2.2595e-06
0.00109911 0 0 0 2.2894e-06
0.00110393 0 0 0 2.3197e-06
0.00110878 0 0 0 2.35039e-06
0.00111365 0 0 0 2.38149e-06
0.00111854 0 0 0 2.41301e-06
0.00112345 0 0 0 2.44494e-06
0.00112839 0 0 0 2.47729e-06
0.00113334 0 0 0 2.51007e-06
0.00113832 0 0 0 2.54329e-06
0.00114332 0 0 0 2.57695e-06
0.00114834 0 0 0 2.61105e-06
0.00115338 0 0 0 2.6456e-06
0.00115845 0 0 0 2.68061e-06
0.00116354 0 0 0 2.71608e-06
0.00116865 0 0 0 2.75202e-06
0.00117378 0 0 0 2.78844e-06
0.00117893 0 0 0 2.82534e-06
0.00118411 0 0 0 2.86272e-06
0.00118931 0 0 0 2.9006e-06
0.00119453 0 0 0 2.93899e-06
0.00119978 0 0 0 2.97788e-06
0.00120505 0 0 0 3.01729e-06
0.00121034 0 0 0 3.05721e-06
0.00121566 0 0 0 3.09767e-06
0.00122099 0 0 0 3.13866e-06
0.00122636 0 0 0 3.18019e-06
0.00123174 0 0 0 3.22228e-06
0.00123715 0 0 0 3.26492e-06
0.00124258 0 0 0 3.30812e-06
0.00124804 0 0 0 3.3519e-06
0.00125352 0 0 0 3.39625e-06
0.00125903 0 0 0 3.44119e-06
0.00126456 0 0 0 3.48673e-06
0.00127011 0 0 0 3.53287e-06
0.00127569 0 0 0 3.57962e-06
0.00128129 0 0 0 3.62699e-06
0.00128692 0 0 0 3.67498e-06
0.00129257 0 0 0 3.72361e-06
0.00129825 0 0 0 3.77289e-06
0.00130395 0 0 0 3.82281e-06
0.00130967 0 0 0 3.8734e-06
0.00131543 0 0 0 3.92466e-06
0.0013212 0 0 0 3.97659e-06
0.001327 0 0 0 4.02921e-06
0.00133283 0 0 0 4.08253e-06
0.00133869 0 0 0 4.13656e-06
0.00134456 0 0 0 4.19129e-06
0.00135047 0 0 0 4.24676e-06
0.0013564 0 0 0 4.30295e-06
0.00136236 0 0 0 4.35989e-06
0.00136834 0 0 0 4.41759e-06
0.00137435 0 0 0 4.47605e-06
0.00138038 0 0 0 4.53528e-06
0.00138645 0 0 0 4.59529e-06
0.00139254 0 0 0 4.6561e-06
0.00139865 0 0 0 4.71771e-06
0.00140479 0 0 0 4.78014e-06
0.00141096 0 0 0 4.8434e-06
0.00141716 0 0 0 4.90749e-06
0.00142338 0 0 0 4.97243e-06
0.00142963 0 0 0 5.03823e-06
0.00143591 0 0 0 5.1049e-06
0.00144222 0 0 0 5.17245e-06
0.00144855 0 0 0 5.2409e-06
0.00145491 0 0 0 5.31025e-06
0.0014613 0 0 0 5.38052e-06
0.00146772 0 0 0 5.45172e-06
0.00147417 0 0 0 5.52386e-06
0.00148064 0 0 0 5.59696e-06
0.00148714 0 0 0 5.67102e-06
0.00149367 0 0 0 5.74607e-06
0.00150023 0 0 0 5.8221e-06
0.00150682 0 0 0 5.89915e-06
0.00151344 0 0 0 5.97721e-06
0.00152009 0 0 0 6.0563e-06
0.00152676 0 0 0 6.13645e-06
0.00153347 0 0 0 6.21765e-06
0.0015402 0 0 0 6.29993e-06
0.00154697 0 0 0 6.38329e-06
0.00155376 0 0 0 6.46776e-06
0.00156058 0 0 0 6.55335e-06
0.00156744 0 0 0 6.64007e-06
0.00157432 0 0 0 6.72794e-06
0.00158123 0 0 0 6.81697e-06
0.00158818 0 0 0 6.90717e-06
0.00159515 0 0 0 6.99858e-06
0.00160216 0 0 0 7.09119e-06
0.00160919 0 0 0 7.18502e-06
0.00161626 0 0 0 7.2801e-06
0.00162336 0 0 0 7.37644e-06
0.00163049 0 0 0 7.47405e-06
0.00163765 0 0 0 7.57295e-06
0.00164484 0 0 0 7.67317e-06
0.00165206 0 0 0 7.7747e-06
0.00165932 0 0 0 7.87759e-06
0.00166661 0 0 0 7.98183e-06
0.00167393 0 0 0 8.08745e-06
0.00168128 0 0 0 8.19447e-06
0.00168866 0 0 0 8.30291e-06
0.00169608 0 0 0 8.41278e-06
0.00170353 0 0 0 8.5241e-06
0.00171101 0 0 0 8.6369e-06
0.00171852 0 0 0 8.75119e-06
0.00172607 0 0 0 8.867e-06
0.00173365 0 0 0 8.98433e-06
0.00174126 0 0 0 9.10322e-06
0.00174891 0 0 0 9.22368e-06
0.00175659 0 0 0 9.34574e-06
0.0017643 0 0 0 9.46941e-06
0.00177205 0 0 0 9.59472e-06
0.00177983 0 0 0 9.72168e-06
0.00178765 0 0 0 9.85033e-06
0.0017955 0 0 0 9.98068e-06
0.00180339 0 0 0 1.01127e-05
0.00181131 0 0 0 1.02466e-05
0.00181926 0 0 0 1.03822e-05
0.00182725 0 0 0 1.05195e-05
0.00183527 0 0 0 1.06588e-05
0.00184333 0 0 0 1.07998e-05
0.00185143 0 0 0 1.09427e-05
0.00185956 0 0 0 1.10875e-05
0.00186773 0 0 0 1.12342e-05
0.00187593 0 0 0 1.13829e-05
0.00188417 0 0 0 1.15335e-05
0.00189244 0 0 0 1.16861e-05
0.00190075 0 0 0 1.18408e-05
0.0019091 0 0 0 1.19975e-05
0.00191748 0 0 0 1.21562e-05
0.00192591 0 0 0 1.23171e-05
0.00193436 0 0 0 1.24801e-05
0.00194286 0 0 0 1.26452e-05
0.00195139 0 0 0 1.28126e-05
0.00195996 0 0 0 1.29821e-05
0.00196857 0 0 0 1.31539e-05
0.00197721 0 0 0 1.3328e-05
0.0019859 0 0 0 1.35043e-05
0.00199462 0 0 0 1.3683e-05
0.00200338 0 0 0 1.38641e-05
0.00201218 0 0 0 1.40476e-05
0.00202101 0 0 0 1.42335e-05
0.00202989 0 0 0 1.44218e-05
0.0020388 0 0 0 1.46126e-05
0.00204776 0 0 0 1.4806e-05
0.00205675 0 0 0 1.50019e-05
0.00206578 0 0 0 1.52005e-05
0.00207485 0 0 0 1.54016e-05
0.00208397 0 0 0 1.56054e-05
0.00209312 0 0 0 1.58119e-05
0.00210231 0 0 0 1.60211e-05
0.00211154 0 0 0 1.62332e-05
0.00212082 0 0 0 1.6448e-05
0.00213013 0 0 0 1.66656e-05
0.00213948 0 0 0 1.68862e-05
0.00214888 0 0 0 1.71096e-05
0.00215832 0 0 0 1.7336e-05
0.0021678 0 0 0 1.75654e-05
0.00217732 0 0 0 1.77979e-05
0.00218688 0 0 0 1.80334e-05
0.00219648 0 0 0 1.8272e-05
0.00220613 0 0 0 1.85138e-05
0.00221582 0 0 0 1.87588e-05
0.00222555 0 0 0 1.9007e-05
0.00223532 0 0 0 1.92585e-05
0.00224514 0 0 0 1.95134e-05
0.002255 0 0 0 1.97716e-05
0.0022649 0 0 0 2.00332e-05
0.00227485 0 0 0 2.02983e-05
0.00228484 0 0 0 2.05669e-05
0.00229487 0 0 0 2.08391e-05
0.00230495 0 0 0 2.11149e-05
0.00231507 0 0 0 2.13943e-05
0.00232524 0 0 0 2.16774e-05
0.00233545 0 0 0 2.19642e-05
0.00234571 0 0 0 2.22549e-05
0.00235601 0 0 0 2.25494e-05
0.00236636 0 0 0 2.28478e-05
0.00237675 0 0 0 2.31501e-05
0.00238719 0 0 0 2.34565e-05
0.00239767 0 0 0 2.37669e-05
0.0024082 0 0 0 2.40814e-05
0.00241878 0 0 0 2.44e-05
0.0024294 0 0 0 2.47229e-05
0.00244007 0 0 0 2.50501e-05
0.00245078 0 0 0 2.53815e-05
0.00246155 0 0 0 2.57174e-05
0.00247236 0 0 0 2.60577e-05
0.00248321 0 0 0 2.64026e-05
0.00249412 0 0 0 2.67519e-05
0.00250507 0 0 0 2.71059e-05
0.00251607 0 0 0 2.74646e-05
0.00252712 0 0 0 2.78281e-05
0.00253822 0 0 0 2.81963e-05
0.00254937 0 0 0 2.85694e-05
0.00256057 0 0 0 2.89475e-05
0.00257181 0 0 0 2.93305e-05
0.00258311 0 0 0 2.97187e-05
0.00259445 0 0 0 3.01119e-05
0.00260584 0 0 0 3.05104e-05
0.00261729 0 0 0 3.09141e-05
0.00262878 0 0 0 3.13232e-05
0.00264033 0 0 0 3.17377e-05
0.00265192 0 0 0 3.21577e-05
0.00266357 0 0 0 3.25832e-05
0.00267526 0 0 0 3.30144e-05
0.00268701 0 0 0 3.34513e-05
0.00269881 0 0 0 3.38939e-05
0.00271067 0 0 0 3.43425e-05
0.00272257 0 0 0 3.47969e-05
0.00273453 0 0 0 3.52574e-05
0.00274654 0 0 0 3.57239e-05
0.0027586 0 0 0 3.61967e-05
0.00277071 0 0 0 3.66756e-05
0.00278288 0 0 0 3.7161e-05
0.0027951 0 0 0 3.76527e-05
0.00280738 0 0 0 3.8151e-05
0.00281971 0 0 0 3.86558e-05
0.00283209 0 0 0 3.91673e-05
0.00284453 0 0 0 3.96856e-05
0.00285702 0 0 0 4.02108e-05
0.00286957 28.3787 0.000552929 6 4.07429e-05
0.00288217 0 0 0 4.1282e-05
0.00289483 0 0 0 4.18283e-05
0.00290754 0 0 0 4.23818e-05
0.00292031 0 0 0 4.29427e-05
0.00293313 0 0 0 4.35109e-05
0.00294601 0 0 0 4.40867e-05
0.00295895 0 0 0 4.46701e-05
0.00297195 0 0 0 4.52612e-05
0.002985 0 0 0 4.58601e-05
0.00299811 0 0 0 4.6467e-05
0.00301127 0 0 0 4.70819e-05
0.0030245 0 0 0 4.77049e-05
0.00303778 0 0 0 4.83362e-05
0.00305112 0 0 0 4.89758e-05
0.00306452 0 0 0 4.96239e-05
0.00307798 0 0 0 5.02806e-05
0.0030915 0 0 0 5.09459e-05
0.00310507 0 0 0 5.16201e-05
0.00311871 0 0 0 5.23032e-05
0.00313241 0 0 0 5.29953e-05
0.00314616 0 0 0 5.36966e-05
0.00315998 0 0 0 5.44071e-05
0.00317386 0 0 0 5.51271e-05
0.0031878 0 0 0 5.58566e-05
0.00320179 0 0 0 5.65957e-05
0.00321586 0 0 0 5.73446e-05
0.00322998 0 0 0 5.81035e-05
0.00324416 0 0 0 5.88724e-05
0.00325841 0 0 0 5.96514e-05
0.00327272 0 0 0 6.04408e-05
0.00328709 0 0 0 6.12406e-05
0.00330153 0 0 0 6.2051e-05
0.00331603 0 0 0 6.28721e-05
0.00333059 0 0 0 6.3704e-05
0.00334522 0 0 0 6.4547e-05
0.00335991 0 0 0 6.54012e-05
0.00337466 0 0 0 6.62666e-05
0.00338948 0 0 0 6.71435e-05
0.00340437 0 0 0 6.8032e-05
0.00341932 0 0 0 6.89323e-05
0.00343434 0 0 0 6.98445e-05
0.00344942 0 0 0 7.07687e-05
0.00346457 0 0 0 7.17052e-05
0.00347978 0 0 0 7.2654e-05
0.00349507 0 0 0 7.36155e-05
0.00351041 0 0 0 7.45896e-05
0.00352583 0 0 0 7.55766e-05
0.00354132 0 0 0 7.65767e-05
0.00355687 0 0 0 7.75901e-05
0.00357249 0 0 0 7.86168e-05
0.00358818 0 0 0 7.96571e-05
0.00360393 0 0 0 8.07112e-05
0.00361976 0 0 0 8.17793e-05
0.00363566 0 0 0 8.28614e-05
0.00365163 0 0 0 8.39579e-05
0.00366766 0 0 0 8.50689e-05
0.00368377 0 0 0 8.61946e-05
0.00369995 0 0 0 8.73352e-05
0.0037162 0 0 0 8.84909e-05
0.00373252 0 0 0 8.96619e-05
0.00374891 0 0 0 9.08484e-05
0.00376537 0 0 0 9.20506e-05
0.00378191 0 0 0 9.32687e-05
0.00379852 0 0 0 9.45029e-05
0.0038152 0 0 0 9.57534e-05
0.00383195 0 0 0 9.70205e-05
0.00384878 0 0 0 9.83044e-05
0.00386568 0 0 0 9.96052e-05
0.00388266 0 0 0 0.000100923
0.00389971 0 0 0 0.000102259
0.00391684 0 0 0 0.000103612
0.00393404 0 0 0 0.000104983
0.00395132 0 0 0 0.000106372
0.00396867 0 0 0 0.00010778
0.0039861 0 0 0 0.000109206
0.0040036 0 0 0 0.000110651
0.00402119 0 0 0 0.000112115
0.00403885 0 0 0 0.000113599
0.00405658 49.8544 0.000343833 12 0.000115102
0.0040744 0 0 0 0.000116625
0.00409229 0 0 0 0.000118169
0.00411026 0 0 0 0.000119732
0.00412831 0 0 0 0.000121317
0.00414644 0 0 0 0.000122922
0.00416465 0 0 0 0.000124549
0.00418294 0 0 0 0.000126197
0.00420131 0 0 0 0.000127867
0.00421976 0 0 0 0.000129559
0.0042383 0 0 0 0.000131273
0.00425691 0 0 0 0.000133011
0.0042756 0 0 0 0.000134771
0.00429438 0 0 0 0.000136554
0.00431324 0 0 0 0.000138361
0.00433218 0 0 0 0.000140192
0.00435121 0 0 0 0.000142047
0.00437032 0 0 0 0.000143927
0.00438951 0 0 0 0.000145831
0.00440879 0 0 0 0.000147761
0.00442815 0 0 0 0.000149716
0.0044476 0 0 0 0.000151698
0.00446713 0 0 0 0.000153705
0.00448675 0 0 0 0.000155739
0.00450645 0 0 0 0.0001578
0.00452624 0 0 0 0.000159888
0.00454612 0 0 0 0.000162004
0.00456608 0 0 0 0.000164148
0.00458614 0 0 0 0.00016632
0.00460628 0 0 0 0.000168521
0.00462651 0 0 0 0.000170751
0.00464682 0 0 0 0.00017301
0.00466723 0 0 0 0.0001753
0.00468773 0 0 0 0.000177619
0.00470831 0 0 0 0.00017997
0.00472899 0 0 0 0.000182351
0.00474976 0 0 0 0.000184764
0.00477062 0 0 0 0.000187209
0.00479157 0 0 0 0.000189687
0.00481261 0 0 0 0.000192197
0.00483375 0 0 0 0.00019474
0.00485498 0 0 0 0.000197317
0.0048763 0 0 0 0.000199928
0.00489771 0 0 0 0.000202574
0.00491922 0 0 0 0.000205254
0.00494082 0 0 0 0.00020797
0.00496252 0 0 0 0.000210722
0.00498432 46.7313 0.000173747 8 0.000213511
0.00500621 0 0 0 0.000216336
0.00502819 0 0 0 0.000219199
0.00505027 0 0 0 0.0002221
0.00507245 0 0 0 0.000225039
0.00509473 0 0 0 0.000228016
0.0051171 0 0 0 0.000231034
0.00513958 0 0 0 0.000234091
0.00516215 0 0 0 0.000237189
0.00518482 0 0 0 0.000240327
0.00520759 0 0 0 0.000243508
0.00523046 0 0 0 0.00024673
0.00525343 0 0 0 0.000249995
0.0052765 0 0 0 0.000253303
0.00529967 0 0 0 0.000256655
0.00532294 0 0 0 0.000260051
0.00534632 0 0 0 0.000263492
0.0053698 0 0 0 0.000266979
0.00539338 0 0 0 0.000270512
0.00541707 0 0 0 0.000274092
0.00544086 0 0 0 0.000277719
0.00546475 0 0 0 0.000281394
0.00548875 0 0 0 0.000285117
0.00551286 0 0 0 0.00028889
0.00553707 0 0 0 0.000292713
0.00556138 0 0 0 0.000296587
0.00558581 0 0 0 0.000300511
0.00561034 0 0 0 0.000304488
0.00563498 0 0 0 0.000308517
0.00565972 0 0 0 0.0003126
0.00568458 0 0 0 0.000316736
0.00570954 0 0 0 0.000320928
0.00573462 33.577 8.19699e-05 6 0.000325175
0.0057598 0 0 0 0.000329478
0.0057851 0 0 0 0.000333837
0.0058105 0 0 0 0.000338255
0.00583602 0 0 0 0.000342731
0.00586165 0 0 0 0.000347266
0.00588739 0 0 0 0.000351862
0.00591325 0 0 0 0.000356518
0.00593922 0 0 0 0.000361236
0.0059653 0 0 0 0.000366016
0.0059915 0 0 0 0.000370859
0.00601781 0 0 0 0.000375767
0.00604424 0 0 0 0.000380739
0.00607078 0 0 0 0.000385778
0.00609744 0 0 0 0.000390883
0.00612422 0 0 0 0.000396055
0.00615112 0 0 0 0.000401296
0.00617813 0 0 0 0.000406606
0.00620526 0 0 0 0.000411987
0.00623251 0 0 0 0.000417439
0.00625988 0 0 0 0.000422963
0.00628737 0 0 0 0.00042856
0.00631499 0 0 0 0.000434231
0.00634272 0 0 0 0.000439977
0.00637057 0 0 0 0.000445799
0.00639855 0 0 0 0.000451698
0.00642665 93.1542 0.000161575 24 0.000457675
0.00645488 0 0 0 0.000463732
0.00648322 0 0 0 0.000469868
0.0065117 0 0 0 0.000476086
0.00654029 0 0 0 0.000482386
0.00656901 0 0 0 0.000488769
0.00659786 0 0 0 0.000495237
0.00662684 0 0 0 0.00050179
0.00665594 0 0 0 0.000508431
0.00668517 0 0 0 0.000515159
0.00671453 0 0 0 0.000521976
0.00674402 0 0 0 0.000528883
0.00677364 0 0 0 0.000535881
0.00680338 0 0 0 0.000542973
0.00683326 0 0 0 0.000550158
0.00686327 0 0 0 0.000557438
0.00689341 0 0 0 0.000564815
0.00692369 0 0 0 0.000572289
0.00695409 0 0 0 0.000579862
0.00698463 0 0 0 0.000587535
0.00701531 0 0 0 0.00059531
0.00704611 89.3549 0.000117597 24 0.000603187
0.00707706 0 0 0 0.000611169
0.00710814 0 0 0 0.000619257
0.00713935 0 0 0 0.000627451
0.00717071 0 0 0 0.000635754
0.0072022 0 0 0 0.000644167
0.00723383 0 0 0 0.000652691
0.0072656 0 0 0 0.000661328
0.00729751 0 0 0 0.00067008
0.00732955 0 0 0 0.000678947
0.00736174 0 0 0 0.000687931
0.00739407 0 0 0 0.000697034
0.00742654 0 0 0 0.000706258
0.00745916 0 0 0 0.000715604
0.00749192 0 0 0 0.000725073
0.00752482 0 0 0 0.000734668
0.00755786 0 0 0 0.00074439
0.00759106 0 0 0 0.00075424
0.00762439 0 0 0 0.000764221
0.00765788 0 0 0 0.000774334
0.00769151 0 0 0 0.000784581
0.00772529 0 0 0 0.000794963
0.00775921 0 0 0 0.000805483
0.00779329 0 0 0 0.000816141
0.00782751 0 0 0 0.000826941
0.00786189 0 0 0 0.000837884
0.00789642 0 0 0 0.000848972
0.00793109 0 0 0 0.000860206
0.00796592 0 0 0 0.000871589
0.00800091 0 0 0 0.000883123
0.00803605 0 0 0 0.000894809
0.00807134 0 0 0 0.00090665
0.00810678 138.708 0.000119862 12 0.000918647
0.00814239 0 0 0 0.000930804
0.00817814 0 0 0 0.000943121
0.00821406 0 0 0 0.000955601
0.00825013 0 0 0 0.000968246
0.00828636 0 0 0 0.000981059
0.00832275 0 0 0 0.000994041
0.00835931 0 0 0 0.0010072
0.00839602 0 0 0 0.00102052
0.00843289 0 0 0 0.00103403
0.00846992 0 0 0 0.00104771
0.00850712 0 0 0 0.00106158
0.00854448 0 0 0 0.00107562
0.008582 0 0 0 0.00108986
0.00861969 101.893 7.32475e-05 30 0.00110428
0.00865755 0 0 0 0.00111889
0.00869557 0 0 0 0.0011337
0.00873376 0 0 0 0.0011487
0.00877211 0 0 0 0.0011639
0.00881064 0 0 0 0.0011793
0.00884933 0 0 0 0.00119491
0.00888819 0 0 0 0.00121072
0.00892723 0 0 0 0.00122674
0.00896643 0 0 0 0.00124297
0.00900581 0 0 0 0.00125942
0.00904536 0 0 0 0.00127609
0.00908508 117.04 7.18578e-05 24 0.00129297
0.00912498 0 0 0 0.00131008
0.00916506 0 0 0 0.00132742
0.0092053 0 0 0 0.00134499
0.00924573 0 0 0 0.00136278
0.00928634 0 0 0 0.00138082
0.00932712 0 0 0 0.00139909
0.00936808 0 0 0 0.0014176
0.00940922 0 0 0 0.00143636
0.00945054 0 0 0 0.00145537
0.00949205 0 0 0 0.00147463
0.00953373 150.331 7.98704e-05 24 0.00149414
0.0095756 0 0 0 0.00151391
0.00961765 0 0 0 0.00153395
0.00965989 0 0 0 0.00155425
0.00970231 0 0 0 0.00157481
0.00974492 0 0 0 0.00159565
0.00978772 0 0 0 0.00161677
0.0098307 0 0 0 0.00163816
0.00987387 0 0 0 0.00165984
0.00991724 0 0 0 0.0016818
0.00996079 127.591 5.94378e-05 8 0.00170406
0.0100045 0 0 0 0.00172661
0.0100485 0 0 0 0.00174946
0.0100926 0 0 0 0.00177261
0.0101369 0 0 0 0.00179606
0.0101814 0 0 0 0.00181983
0.0102262 0 0 0 0.00184391
0.0102711 0 0 0 0.00186831
0.0103162 0 0 0 0.00189304
0.0103615 148.031 6.12653e-05 24 0.00191809
0.010407 0 0 0 0.00194347
0.0104527 0 0 0 0.00196918
0.0104986 0 0 0 0.00199524
0.0105447 0 0 0 0.00202165
0.010591 0 0 0 0.0020484
0.0106375 0 0 0 0.0020755
0.0106842 0 0 0 0.00210297
0.0107312 163.546 6.09292e-05 48 0.0021308
0.0107783 0 0 0 0.00215899
0.0108256 0 0 0 0.00218756
0.0108732 0 0 0 0.00221651
0.0109209 0 0 0 0.00224584
0.0109689 0 0 0 0.00227556
0.011017 0 0 0 0.00230567
0.0110654 0 0 0 0.00233618
0.011114 0 0 0 0.0023671
0.0111628 0 0 0 0.00239842
0.0112118 0 0 0 0.00243016
0.0112611 0 0 0 0.00246232
0.0113105 0 0 0 0.0024949
0.0113602 0 0 0 0.00252792
0.0114101 0 0 0 0.00256137
0.0114602 0 0 0 0.00259526
0.0115105 17.0356 5.14276e-06 6 0.0026296
0.0115611 0 0 0 0.0026644
0.0116119 0 0 0 0.00269966
0.0116629 0 0 0 0.00273538
0.0117141 0 0 0 0.00277158
0.0117655 0 0 0 0.00280826
0.0118172 158.769 4.42944e-05 48 0.00284542
0.0118691 0 0 0 0.00288307
0.0119212 0 0 0 0.00292122
0.0119736 0 0 0 0.00295988
0.0120262 0 0 0 0.00299905
0.012079 0 0 0 0.00303873
0.012132 0 0 0 0.00307894
0.0121853 193.289 4.91842e-05 36 0.00311969
0.0122388 0 0 0 0.00316097
0.0122926 0 0 0 0.0032028
0.0123465 0 0 0 0.00324518
0.0124008 0 0 0 0.00328812
0.0124552 0 0 0 0.00333163
0.0125099 272.111 6.39894e-05 24 0.00337572
0.0125649 0 0 0 0.00342039
0.01262 0 0 0 0.00346565
0.0126755 0 0 0 0.00351151
0.0127311 0 0 0 0.00355798
0.012787 0 0 0 0.00360506
0.0128432 130.269 2.83105e-05 24 0.00365277
0.0128996 0 0 0 0.00370111
0.0129562 0 0 0 0.00375008
0.0130131 0 0 0 0.00379971
0.0130703 0 0 0 0.00384999
0.0131277 0 0 0 0.00390093
0.0131853 169.924 3.41276e-05 48 0.00395255
0.0132433 0 0 0 0.00400486
0.0133014 0 0 0 0.00405785
0.0133598 0 0 0 0.00411155
0.0134185 0 0 0 0.00416596
0.0134774 166.312 3.12773e-05 24 0.00422109
0.0135366 0 0 0 0.00427694
0.0135961 0 0 0 0.00433354
0.0136558 0 0 0 0.00439088
0.0137157 0 0 0 0.00444899
0.013776 0 0 0 0.00450786
0.0138365 0 0 0 0.00456751
0.0138972 0 0 0 0.00462795
0.0139583 0 0 0 0.0046892
0.0140196 0 0 0 0.00475125
0.0140811 185.324 3.05593e-05 24 0.00481412
0.014143 0 0 0 0.00487782
0.0142051 0 0 0 0.00494237
0.0142675 0 0 0 0.00500777
0.0143301 0 0 0 0.00507404
0.0143931 185.284 2.86091e-05 30 0.00514118
0.0144563 0 0 0 0.00520922
0.0145198 0 0 0 0.00527815
0.0145835 0 0 0 0.005348
0.0146476 162.495 2.3805e-05 72 0.00541876
0.0147119 0 0 0 0.00549047
0.0147765 0 0 0 0.00556312
0.0148414 0 0 0 0.00563674
0.0149066 134.725 1.87258e-05 32 0.00571133
0.014972 0 0 0 0.00578691
0.0150378 0 0 0 0.00586349
0.0151038 0 0 0 0.00594108
0.0151702 0 0 0 0.00601969
0.0152368 0 0 0 0.00609935
0.0153037 0 0 0 0.00618006
0.0153709 0 0 0 0.00626184
0.0154384 234.546 2.93458e-05 72 0.00634471
0.0155062 0 0 0 0.00642866
0.0155743 0 0 0 0.00651373
0.0156427 0 0 0 0.00659993
0.0157114 135.657 1.61036e-05 48 0.00668727
0.0157804 0 0 0 0.00677576
0.0158497 0 0 0 0.00686542
0.0159193 0 0 0 0.00695627
0.0159892 0 0 0 0.00704832
0.0160594 0 0 0 0.00714159
0.01613 0 0 0 0.00723609
0.0162008 0 0 0 0.00733185
0.016272 307.941 3.29058e-05 12 0.00742887
0.0163434 0 0 0 0.00752718
0.0164152 0 0 0 0.00762678
0.0164873 234.008 2.40386e-05 48 0.00772771
0.0165597 0 0 0 0.00782997
0.0166324 0 0 0 0.00793358
0.0167055 0 0 0 0.00803856
0.0167788 173.53 1.69128e-05 48 0.00814494
0.0168525 0 0 0 0.00825272
0.0169265 0 0 0 0.00836192
0.0170009 317.099 2.97103e-05 48 0.00847258
0.0170755 0 0 0 0.00858469
0.0171505 0 0 0 0.00869829
0.0172258 144.054 1.29751e-05 30 0.0088134
0.0173015 0 0 0 0.00893002
0.0173775 0 0 0 0.00904819
0.0174538 285.874 2.47533e-05 24 0.00916793
0.0175304 0 0 0 0.00928924
0.0176074 0 0 0 0.00941217
0.0176847 229.927 1.9139e-05 72 0.00953672
0.0177624 0 0 0 0.00966291
0.0178404 0 0 0 0.00979078
0.0179188 0 0 0 0.00992034
0.0179974 0 0 0 0.0100516
0.0180765 0 0 0 0.0101846
0.0181559 221.021 1.70023e-05 24 0.0103194
0.0182356 0 0 0 0.010456
0.0183157 0 0 0 0.0105943
0.0183961 217.615 1.60929e-05 96 0.0107345
0.0184769 0 0 0 0.0108766
0.0185581 0 0 0 0.0110205
0.0186396 288.055 2.04783e-05 48 0.0111663
0.0187214 0 0 0 0.0113141
0.0188036 299.77 2.07581e-05 24 0.0114638
0.0188862 0 0 0 0.0116155
0.0189692 0 0 0 0.0117692
0.0190525 154.081 1.0257e-05 24 0.0119249
0.0191361 0 0 0 0.0120827
0.0192202 0 0 0 0.0122426
0.0193046 215.201 1.37718e-05 72 0.0124046
0.0193894 0 0 0 0.0125688
0.0194745 251.21 1.5659e-05 48 0.0127351
0.01956 0 0 0 0.0129036
0.0196459 0 0 0 0.0130744
0.0197322 0 0 0 0.0132474
0.0198189 0 0 0 0.0134227
0.0199059 434.199 2.53436e-05 8 0.0136003
0.0199933 0 0 0 0.0137803
0.0200811 214.881 1.22168e-05 54 0.0139626
0.0201693 0 0 0 0.0141474
0.0202579 0 0 0 0.0143346
0.0203469 229.16 1.25248e-05 84 0.0145243
0.0204362 0 0 0 0.0147165
0.020526 267.287 1.42296e-05 48 0.0149113
0.0206161 0 0 0 0.0151086
0.0207066 325.665 1.68876e-05 24 0.0153085
0.0207976 0 0 0 0.0155111
0.0208889 288.178 1.45559e-05 72 0.0157163
0.0209807 0 0 0 0.0159243
0.0210728 230.077 1.13196e-05 96 0.016135
0.0211653 0 0 0 0.0163485
0.0212583 0 0 0 0.0165649
0.0213517 0 0 0 0.0167841
0.0214454 0 0 0 0.0170062
0.0215396 270.738 1.24727e-05 48 0.0172312
0.0216342 0 0 0 0.0174592
0.0217292 248.305 1.11424e-05 48 0.0176903
0.0218246 0 0 0 0.0179244
0.0219205 417.534 1.82502e-05 24 0.0181616
0.0220167 270.361 1.1663e-05 72 0.0184019
0.0221134 0 0 0 0.0186454
0.0222105 0 0 0 0.0188921
0.0223081 0 0 0 0.0191421
0.0224061 224.834 9.20221e-06 72 0.0193954
0.0225045 0 0 0 0.0196521
0.0226033 210.192 8.37969e-06 96 0.0199121
0.0227026 0 0 0 0.0201756
0.0228023 0 0 0 0.0204426
0.0229024 0 0 0 0.0207131
0.023003 351.62 1.32999e-05 6 0.0209872
0.023104 0 0 0 0.0212649
0.0232055 223.33 8.22816e-06 96 0.0215463
0.0233074 289.884 1.05407e-05 96 0.0218315
0.0234097 0 0 0 0.0221204
0.0235125 415.85 1.47287e-05 24 0.0224131
0.0236158 0 0 0 0.0227097
0.0237195 285.66 9.85504e-06 48 0.0230102
0.0238237 323.022 1.09984e-05 96 0.0233147
0.0239283 0 0 0 0.0236232
0.0240334 261.601 8.676e-06 48 0.0239358
0.0241389 0 0 0 0.0242525
0.0242449 0 0 0 0.0245735
0.0243514 242.455 7.73008e-06 36 0.0248986
0.0244584 0 0 0 0.0252281
0.0245658 349.719 1.08606e-05 48 0.025562
0.0246737 278.12 8.52428e-06 120 0.0259002
0.024782 0 0 0 0.026243
0.0248908 304.48 9.09004e-06 56 0.0265902
0.0250002 228.108 6.72107e-06 24 0.0269421
0.0251099 0 0 0 0.0272986
0.0252202 305.74 8.77467e-06 96 0.0276598
0.025331 348.236 9.86378e-06 48 0.0280259
0.0254422 0 0 0 0.0283967
0.025554 0 0 0 0.0287725
0.0256662 248.938 6.77849e-06 24 0.0291532
0.0257789 0 0 0 0.029539
0.0258921 270.068 7.16303e-06 102 0.0299299
0.0260058 325.97 8.5328e-06 48 0.030326
0.02612 302.946 7.82655e-06 72 0.0307273
0.0262347 0 0 0 0.0311339
0.0263499 322.841 8.1241e-06 48 0.0315459
0.0264657 303.616 7.54052e-06 48 0.0319633
0.0265819 280.498 6.87539e-06 120 0.0323863
0.0266986 0 0 0 0.0328148
0.0268159 0 0 0 0.0332491
0.0269337 179.684 4.23399e-06 24 0.0336891
0.0270519 288.007 6.69782e-06 144 0.0341349
0.0271707 0 0 0 0.0345866
0.0272901 232.294 5.262e-06 120 0.0350442
0.0274099 249.893 5.58671e-06 48 0.035508
0.0275303 0 0 0 0.0359778
0.0276512 309.156 6.73229e-06 48 0.0364539
0.0277726 0 0 0 0.0369363
0.0278946 278.861 5.91498e-06 96 0.0374251
0.0280171 0 0 0 0.0379203
0.0281401 397.198 8.20644e-06 24 0.0384221
0.0282637 349.307 7.1227e-06 48 0.0389306
0.0283878 279.41 5.62304e-06 108 0.0394457
0.0285125 0 0 0 0.0399677
0.0286377 343.194 6.72744e-06 72 0.0404966
0.0287635 270.618 5.23549e-06 30 0.0410325
0.0288898 324.918 6.20391e-06 168 0.0415755
0.0290167 328.227 6.18524e-06 48 0.0421256
0.0291441 0 0 0 0.0426831
0.0292721 308.558 5.66371e-06 72 0.0432479
0.0294007 283.958 5.1441e-06 96 0.0438202
0.0295298 374.168 6.68977e-06 72 0.0444001
0.0296595 347.521 6.13221e-06 72 0.0449876
0.0297897 285.876 4.97857e-06 32 0.0455829
0.0299205 0 0 0 0.0461861
0.0300519 373.881 6.34222e-06 72 0.0467973
0.0301839 379.371 6.35131e-06 144 0.0474165
0.0303165 0 0 0 0.048044
0.0304496 0 0 0 0.0486798
0.0305833 258.855 4.16608e-06 96 0.0493239
0.0307176 371.771 5.90524e-06 96 0.0499766
0.0308525 370.398 5.8066e-06 48 0.050638
0.030988 365.694 5.65798e-06 72 0.051308
0.0311241 417.342 6.37273e-06 120 0.051987
0.0312608 346.518 5.22216e-06 72 0.0526749
0.0313981 407.293 6.05791e-06 48 0.053372
0.031536 267.971 3.93363e-06 78 0.0540782
0.0316745 352.114 5.10129e-06 120 0.0547938
0.0318136 379.038 5.41964e-06 48 0.0555189
0.0319533 0 0 0 0.0562536
0.0320936 325.397 4.53193e-06 144 0.056998
0.0322346 356.509 4.90039e-06 144 0.0577522
0.0323761 0 0 0 0.0585165
0.0325183 415.108 5.5578e-06 12 0.0592908
0.0326611 370.999 4.90236e-06 144 0.0600754
0.0328046 364.67 4.75579e-06 168 0.0608704
0.0329486 465.631 5.99315e-06 48 0.0616759
0.0330933 302.774 3.84612e-06 48 0.062492
0.0332387 327.051 4.10026e-06 168 0.063319
0.0333846 0 0 0 0.0641568
0.0335312 235.265 2.87299e-06 48 0.0650058
0.0336785 350.597 4.22547e-06 192 0.065866
0.0338264 398.598 4.74126e-06 72 0.0667376
0.033975 402.179 4.72137e-06 48 0.0676208
0.0341242 325.012 3.76564e-06 96 0.0685156
0.034274 349.113 3.99205e-06 48 0.0694222
0.0344245 224.213 2.53036e-06 30 0.0703409
0.0345757 397.934 4.43223e-06 96 0.0712717
0.0347276 315.041 3.46314e-06 192 0.0722148
0.0348801 419.113 4.54699e-06 80 0.0731704
0.0350333 298.47 3.19584e-06 168 0.0741387
0.0351871 363.869 3.84521e-06 120 0.0751198
0.0353416 353.687 3.68879e-06 72 0.0761138
0.0354969 292.376 3.00952e-06 144 0.077121
0.0356527 391.111 3.97325e-06 96 0.0781416
0.0358093 367.281 3.68244e-06 96 0.0791756
0.0359666 372.972 3.69066e-06 72 0.0802233
0.0361245 413.111 4.03446e-06 96 0.0812849
0.0362832 693.049 6.67996e-06 24 0.0823605
0.0364425 418.2 3.97818e-06 192 0.0834504
0.0366026 395.277 3.71101e-06 132 0.0845547
0.0367633 425.384 3.94151e-06 96 0.0856736
0.0369248 437.542 4.00122e-06 96 0.0868073
0.0370869 419.115 3.78265e-06 120 0.087956
0.0372498 323.575 2.88223e-06 48 0.0891199
0.0374134 383.974 3.37556e-06 222 0.0902992
0.0375777 336.499 2.91957e-06 120 0.0914941
0.0377427 410.816 3.51782e-06 192 0.0927049
0.0379085 400.747 3.38678e-06 144 0.0939316
0.0380749 385.728 3.21728e-06 24 0.0951746
0.0382422 416.747 3.43061e-06 144 0.096434
0.0384101 403.526 3.27839e-06 120 0.0977101
0.0385788 447.8 3.59057e-06 192 0.0990031
0.0387482 398.292 3.1519e-06 144 0.100313
0.0389184 343.016 2.67902e-06 48 0.101641
0.0390893 402.956 3.10606e-06 336 0.102986
0.039261 394.907 3.00426e-06 48 0.104348
0.0394334 409.037 3.07111e-06 192 0.105729
0.0396066 450.731 3.33996e-06 48 0.107128
0.0397805 261.645 1.91349e-06 8 0.108546
0.0399552 452.284 3.2645e-06 288 0.109982
0.0401307 438.449 3.12331e-06 150 0.111438
0.0403069 308.817 2.17114e-06 120 0.112912
0.0404839 395.057 2.74118e-06 120 0.114407
0.0406617 356.675 2.44254e-06 228 0.11592
0.0408403 459.587 3.10618e-06 168 0.117454
0.0410196 385.46 2.57116e-06 48 0.119009
0.0411998 445.89 2.93541e-06 336 0.120584
0.0413807 531.279 3.45187e-06 24 0.122179
0.0415624 413.77 2.65327e-06 336 0.123796
0.041745 380.779 2.40983e-06 144 0.125434
0.0419283 371.257 2.31888e-06 168 0.127094
0.0421124 0 0 0 0.128776
0.0422974 445.736 2.71183e-06 192 0.13048
0.0424831 353.766 2.12418e-06 216 0.132207
0.0426697 407.962 2.41761e-06 192 0.133956
0.0428571 415.544 2.43038e-06 144 0.135729
0.0430453 484.964 2.79935e-06 198 0.137525
0.0432344 505.466 2.87959e-06 216 0.139345
0.0434242 497.613 2.79783e-06 168 0.141188
0.0436149 434.742 2.41241e-06 240 0.143057
0.0438065 354.734 1.94274e-06 168 0.14495
0.0439988 517.701 2.79821e-06 264 0.146868
0.0441921 448.428 2.39213e-06 216 0.148811
0.0443862 575.026 3.0274e-06 96 0.150781
0.0445811 429.462 2.23151e-06 144 0.152776
0.0447769 536.461 2.75108e-06 308 0.154798
0.0449735 482.148 2.44026e-06 312 0.156846
0.045171 442.789 2.21178e-06 96 0.158921
0.0453694 499.67 2.46331e-06 288 0.161024
0.0455686 406.93 1.97992e-06 168 0.163155
0.0457688 451.394 2.16758e-06 240 0.165314
0.0459698 429.55 2.03574e-06 198 0.167502
0.0461716 377.455 1.76549e-06 192 0.169718
0.0463744 527.07 2.43309e-06 312 0.171964
0.0465781 387.94 1.76744e-06 168 0.17424
0.0467826 399.18 1.7949e-06 336 0.176546
0.0469881 331.903 1.4729e-06 72 0.178882
0.0471944 457.331 2.00302e-06 456 0.181249
0.0474017 498.496 2.15479e-06 144 0.183647
0.0476099 427.45 1.82356e-06 264 0.186078
0.0478189 409.855 1.72566e-06 336 0.18854
0.048029 559.687 2.32574e-06 48 0.191035
0.0482399 489.976 2.00947e-06 408 0.193563
0.0484517 534.695 2.16423e-06 192 0.196124
0.0486645 421.947 1.68557e-06 180 0.198719
0.0488782 464.358 1.83076e-06 342 0.201349
0.0490929 519.136 2.02e-06 360 0.204013
0.0493085 470.192 1.80566e-06 168 0.206713
0.049525 480.93 1.82277e-06 384 0.209449
0.0497425 539.513 2.01811e-06 344 0.21222
0.049961 528.958 1.95278e-06 144 0.215028
0.0501804 508.485 1.85268e-06 456 0.217874
0.0504008 561.219 2.01812e-06 312 0.220757
0.0506221 464.266 1.64768e-06 96 0.223678
0.0508444 454.165 1.59078e-06 456 0.226638
0.0510677 493.101 1.7046e-06 264 0.229637
0.051292 578.987 1.97536e-06 168 0.232676
0.0515172 519.514 1.7493e-06 432 0.235755
0.0517435 488.073 1.62197e-06 270 0.238875
0.0519707 500.114 1.64028e-06 312 0.242036
0.052199 469.905 1.52107e-06 456 0.245238
0.0524282 505.961 1.6164e-06 336 0.248484
0.0526584 397.55 1.25347e-06 144 0.251772
0.0528897 492.368 1.53215e-06 372 0.255103
0.053122 508.746 1.56244e-06 552 0.258479
0.0533553 447.807 1.35733e-06 336 0.2619
0.0535896 568.018 1.69921e-06 288 0.265365
0.0538249 503.174 1.48557e-06 264 0.268877
0.0540613 516.828 1.50596e-06 480 0.272435
0.0542987 483.739 1.39113e-06 312 0.27604
0.0545372 530.832 1.50662e-06 462 0.279693
0.0547767 593.038 1.6612e-06 392 0.283394
0.0550173 620.156 1.71447e-06 144 0.287144
0.0552589 568.97 1.55242e-06 624 0.290944
0.0555015 596.748 1.60695e-06 504 0.294794
0.0557453 607.853 1.61547e-06 480 0.298695
0.0559901 573.967 1.50549e-06 312 0.302647
0.056236 516.646 1.33744e-06 216 0.306652
0.056483 527.172 1.34687e-06 408 0.31071
0.056731 542.133 1.367e-06 456 0.314822
0.0569802 525.523 1.30782e-06 564 0.318988
0.0572304 517.353 1.27067e-06 384 0.323209
0.0574817 591.347 1.43344e-06 462 0.327486
0.0577342 513.049 1.2274e-06 432 0.331819
0.0579877 584.198 1.37936e-06 432 0.33621
0.0582424 588.953 1.37243e-06 336 0.340659
0.0584982 534.08 1.2283e-06 552 0.345167
0.0587551 512.612 1.16353e-06 552 0.349735
0.0590131 530.255 1.18786e-06 240 0.354363
0.0592723 514.313 1.1371e-06 744 0.359052
0.0595326 556.293 1.21385e-06 408 0.363803
0.059794 603.743 1.30018e-06 560 0.368617
0.0600566 651.61 1.38494e-06 408 0.373495
0.0603203 522.757 1.09656e-06 510 0.378438
0.0605852 629.51 1.30325e-06 600 0.383446
0.0608513 565.45 1.15534e-06 492 0.38852
0.0611186 636.251 1.28302e-06 552 0.393661
0.061387 644.492 1.28267e-06 504 0.39887
0.0616566 620.967 1.21971e-06 696 0.404148
0.0619273 529.899 1.02724e-06 360 0.409496
0.0621993 556.842 1.06537e-06 720 0.414915
0.0624724 591.889 1.11764e-06 576 0.420406
0.0627468 583.049 1.08657e-06 312 0.425969
0.0630224 576.029 1.05946e-06 576 0.431606
0.0632991 639.414 1.16068e-06 630 0.437317
0.0635771 621.219 1.11293e-06 792 0.443104
0.0638563 659.878 1.16675e-06 480 0.448968
0.0641368 653.651 1.14064e-06 600 0.454909
0.0644184 651.692 1.12237e-06 600 0.460928
0.0647013 613.989 1.04363e-06 800 0.467028
0.0649855 676.583 1.13501e-06 588 0.473208
0.0652709 567.324 9.39287e-07 624 0.47947
0.0655575 652.824 1.06673e-06 672 0.485815
0.0658454 668.717 1.07843e-06 504 0.492243
0.0661346 653.039 1.03939e-06 798 0.498757
0.066425 637.594 1.00155e-06 696 0.505357
0.0667167 707.96 1.09756e-06 456 0.512044
0.0670097 642.095 9.82451e-07 1008 0.51882
0.067304 699.933 1.05696e-06 696 0.525686
0.0675996 760.235 1.13303e-06 624 0.532642
0.0678965 719.598 1.05846e-06 744 0.53969
0.0681946 651.566 9.45873e-07 912 0.546832
0.0684941 760.776 1.08999e-06 744 0.554068
0.0687949 697.657 9.86502e-07 414 0.5614
0.0690971 713.816 9.9617e-07 924 0.568829
0.0694005 727.806 1.00243e-06 888 0.576356
0.0697053 708.328 9.6286e-07 656 0.583983
0.0700114 743.299 9.97201e-07 960 0.591711
0.0703189 759.202 1.00523e-06 600 0.599541
0.0706277 715.021 9.34371e-07 864 0.607475
0.0709379 812.595 1.04801e-06 792 0.615513
0.0712494 788.287 1.00338e-06 912 0.623658
0.0715623 745.235 9.36194e-07 744 0.631911
0.0718766 831.18 1.03052e-06 723 0.640273
0.0721922 795.598 9.73527e-07 1116 0.648746
0.0725093 914.936 1.10493e-06 624 0.657331
0.0728277 829.18 9.8829e-07 912 0.666029
0.0731475 826.336 9.72037e-07 1032 0.674842
0.0734688 774.518 8.99184e-07 828 0.683772
0.0737914 808.356 9.26212e-07 876 0.692821
0.0741155 790.395 8.93805e-07 816 0.701989
0.074441 870.479 9.71511e-07 732 0.711278
0.0747679 882.501 9.72064e-07 884 0.72069
0.0750963 823.139 8.94837e-07 960 0.730227
0.0754261 843.885 9.05409e-07 852 0.73989
0.0757573 937.804 9.93035e-07 780 0.749681
0.07609 927.935 9.69752e-07 720 0.759601
0.0764242 938.957 9.68455e-07 1044 0.769653
0.0767598 813.245 8.27839e-07 864 0.779838
0.0770969 954.223 9.58661e-07 648 0.790157
0.0774355 882.747 8.7527e-07 924 0.800613
0.0777755 930.428 9.10499e-07 912 0.811208
0.0781171 763.919 7.37793e-07 792 0.821942
0.0784602 864.086 8.23635e-07 996 0.832819
0.0788047 1013.66 9.53584e-07 828 0.84384
0.0791508 878.774 8.15899e-07 768 0.855006
0.0794984 812.252 7.44288e-07 596 0.86632
0.0798475 933.131 8.43886e-07 1128 0.877784
0.0801982 847.791 7.56694e-07 840 0.8894
0.0805504 960.057 8.45706e-07 732 0.901169
0.0809042 981.358 8.5318e-07 564 0.913094
0.0812595 904.374 7.75982e-07 924 0.925177
0.0816163 949.228 8.03832e-07 1080 0.93742
0.0819747 864.278 7.22336e-07 648 0.949825
0.0823347 1012.05 8.34791e-07 936 0.962393
0.0826963 1108.92 9.02751e-07 480 0.975129
0.0830595 1015.47 8.15878e-07 768 0.988032
0.0834243 977.488 7.75103e-07 984 1.00111
0.0837906 1005.63 7.87002e-07 972 1.01435
0.0841586 1079.01 8.33402e-07 552 1.02778
0.0845282 1035.1 7.89051e-07 908 1.04138
0.0848994 1137.65 8.55897e-07 576 1.05516
0.0852723 999.793 7.42356e-07 888 1.06912
0.0856468 1061.81 7.78105e-07 768 1.08327
0.0860229 1203.86 8.7068e-07 624 1.0976
0.0864007 1128.95 8.05837e-07 744 1.11213
0.0867801 1212.35 8.54069e-07 720 1.12684
0.0871612 1032.09 7.17586e-07 672 1.14176
0.087544 1092.87 7.4992e-07 816 1.15686
0.0879285 1097.47 7.43238e-07 816 1.17217
0.0883146 1128.17 7.54054e-07 660 1.18768
0.0887025 1227.57 8.09774e-07 648 1.2034
0.089092 1241.07 8.07987e-07 684 1.21933
0.0894833 1129.4 7.25687e-07 668 1.23546
0.0898763 1333.15 8.45413e-07 624 1.25181
0.090271 1267.54 7.93309e-07 804 1.26837
0.0906674 1268.69 7.83663e-07 504 1.28516
0.0910656 1244.11 7.58444e-07 504 1.30216
0.0914655 1249.8 7.51962e-07 804 1.3194
0.0918672 1424.58 8.45924e-07 684 1.33686
0.0922706 1365.19 8.00071e-07 624 1.35455
0.0926759 1392.55 8.05448e-07 432 1.37247
0.0930829 1427.97 8.15144e-07 648 1.39063
0.0934916 1320.55 7.43984e-07 660 1.40903
0.0939022 1426.83 7.93361e-07 540 1.42768
0.0943146 1360.68 7.46698e-07 540 1.44657
0.0947288 1423.49 7.70966e-07 512 1.46571
0.0951448 1380.83 7.38091e-07 552 1.48511
0.0955627 1581.38 8.34254e-07 516 1.50476
0.0959823 1621.38 8.44181e-07 552 1.52467
0.0964039 1487.65 7.64437e-07 456 1.54485
0.0968272 1582.77 8.02695e-07 540 1.56529
0.0972525 1585.45 7.93555e-07 288 1.58601
0.0976796 1590 7.85439e-07 552 1.60699
0.0981085 1655.99 8.07354e-07 456 1.62826
0.0985394 1630.78 7.84677e-07 456 1.64981
0.0989721 1648.21 7.82706e-07 288 1.67164
0.0994068 1793.11 8.40399e-07 368 1.69376
0.0998433 1825.76 8.44524e-07 432 1.71617
0.100282 1732.66 7.90993e-07 288 1.73888
0.100722 1589.74 7.16267e-07 384 1.76189
0.101165 1574.66 7.00208e-07 264 1.78521
0.101609 1946.16 8.54104e-07 375 1.80883
0.102055 1885.21 8.16549e-07 228 1.83277
0.102503 2175.89 9.30142e-07 258 1.85702
0.102953 1705.36 7.19479e-07 270 1.88159
0.103406 1786.63 7.43925e-07 294 1.90649
0.10386 1829.22 7.5171e-07 144 1.93172
0.104316 1916.89 7.77452e-07 206 1.95728
0.104774 1930.01 7.72547e-07 222 1.98318
0.105234 1714.49 6.77316e-07 228 2.00942
0.105696 2279.91 8.88924e-07 126 2.03602
0.10616 1910.61 7.3521e-07 198 2.06296
0.106627 1628.6 6.18505e-07 240 2.09026
0.107095 2848.58 1.0677e-06 102 2.11792
0.107565 2163.7 8.00401e-07 72 2.14594
0.108038 2311.05 8.43745e-07 198 2.17434
0.108512 2566.57 9.24794e-07 180 2.20311
0.108989 3050.01 1.08463e-06 54 2.23227
0.109467 2983 1.04695e-06 128 2.26181
0.109948 2134.57 7.39392e-07 144 2.29174
0.110431 2668.23 9.12176e-07 54 2.32206
0.110916 5028.37 1.69657e-06 48 2.35279
0.111403 3189.03 1.06193e-06 162 2.38392
0.111892 3299.81 1.08447e-06 48 2.41547
0.112384 3200.26 1.03801e-06 24 2.44743
0.112877 2588.41 8.28595e-07 126 2.47982
0.113373 1958.82 6.18863e-07 72 2.51263
0.113871 6066.9 1.89172e-06 6 2.54588
0.114371 2312.1 7.11519e-07 56 2.57957
0.114873 3147.41 9.55926e-07 84 2.61371
0.115377 3164.18 9.48468e-07 6 2.6483
0.115884 3382.15 1.00057e-06 24 2.68334
0.116393 3555.73 1.03818e-06 72 2.71885
0.116904 6653.68 1.91733e-06 6 2.75483
0.117418 0 0 0 2.79128
0.117933 3794.87 1.06516e-06 66 2.82822
0.118451 0 0 0 2.86564
0.118971 0 0 0 2.90356
0.119494 3932.5 1.0611e-06 38 2.94199
0.120019 0 0 0 2.98092
0.120546 0 0 0 3.02036
0.121075 4100.59 1.06367e-06 18 3.06033
0.121607 0 0 0 3.10083
0.122141 0 0 0 3.14186
0.122677 4150.9 1.03508e-06 6 3.18344
0.123216 0 0 0 3.22556
0.123757 0 0 0 3.26825
0.124301 769.059 1.84359e-07 1 3.31149
0.124847 0 0 0 3.35531
0.125395 0 0 0 3.39972
0.125946 0 0 0 3.4447
0.126499 0 0 0 3.49029
0.127054 0 0 0 3.53647
0.127612 0 0 0 3.58327
0.128173 0 0 0 3.63069
0.128736 0 0 0 3.67873
0.129301 0 0 0 3.72741
0.129869 0 0 0 3.77674
0.130439 0 0 0 3.82671
0.131012 0 0 0 3.87735
0.131587 0 0 0 3.92866
0.132165 0 0 0 3.98065
0.132746 0 0 0 4.03332
0.133329 0 0 0 4.0867
0.133914 0 0 0 4.14077
0.134502 0 0 0 4.19557
0.135093 0 0 0 4.25109
0.135686 0 0 0 4.30734
0.136282 0 0 0 4.36434
0.136881 0 0 0 4.42209
0.137482 0 0 0 4.48061
0.138085 0 0 0 4.5399
0.138692 0 0 0 4.59998
0.139301 0 0 0 4.66085
0.139913 0 0 0 4.72253
0.140527 0 0 0 4.78502
0.141144 0 0 0 4.84834
0.141764 0 0 0 4.91249
0.142387 0 0 0 4.9775
0.143012 0 0 0 5.04337
0.14364 0 0 0 5.11011
0.144271 0 0 0 5.17773
0.144904 0 0 0 5.24624
0.145541 0 0 0 5.31567
0.14618 0 0 0 5.38601
0.146822 0 0 0 5.45728
0.147467 0 0 0 5.5295
0.148114 0 0 0 5.60267
0.148765 0 0 0 5.67681
0.149418 0 0 0 5.75193
0.150074 0 0 0 5.82804
0.150733 0 0 0 5.90516
0.151395 0 0 0 5.98331
0.15206 0 0 0 6.06248
0.152728 0 0 0 6.14271
0.153399 0 0 0 6.22399
0.154072 0 0 0 6.30635
0.154749 0 0 0 6.3898
0.155429 0 0 0 6.47436
0.156111 0 0 0 6.56003
0.156797 0 0 0 6.64684
0.157485 0 0 0 6.7348
0.158177 0 0 0 6.82392
0.158872 0 0 0 6.91422
0.159569 0 0 0 7.00571
0.16027 0 0 0 7.09842
0.160974 0 0 0 7.19235
0.161681 0 0 0 7.28753
0.162391 0 0 0 7.38396
0.163104 0 0 0 7.48167
0.163821 0 0 0 7.58068
0.16454 0 0 0 7.68099
0.165263 0 0 0 7.78263
0.165988 0 0 0 7.88562
0.166717 0 0 0 7.98997
0.167449 0 0 0 8.0957
0.168185 0 0 0 8.20283
0.168923 0 0 0 8.31138
0.169665 0 0 0 8.42136
0.17041 0 0 0 8.5328
0.171159 0 0 0 8.64571
0.17191 0 0 0 8.76012
0.172665 0 0 0 8.87604
0.173424 0 0 0 8.9935
0.174185 0 0 0 9.11251
0.17495 0 0 0 9.23309
0.175719 0 0 0 9.35527
0.17649 0 0 0 9.47907
0.177265 0 0 0 9.6045
0.178044 0 0 0 9.7316
0.178826 0 0 0 9.86037
0.179611 0 0 0 9.99086
0.1804 0 0 0 10.1231
0.181192 0 0 0 10.257
0.181988 0 0 0 10.3928
0.182787 0 0 0 10.5303
0.18359 0 0 0 10.6696
0.184396 0 0 0 10.8108
0.185206 0 0 0 10.9539
0.186019 0 0 0 11.0988
0.186836 0 0 0 11.2457
0.187657 0 0 0 11.3945
0.188481 0 0 0 11.5453
0.189309 0 0 0 11.6981
0.19014 0 0 0 11.8529
0.190975 0 0 0 12.0097
0.191814 0 0 0 12.1686
0.192656 0 0 0 12.3297
0.193502 0 0 0 12.4928
0.194352 0 0 0 12.6581
0.195205 0 0 0 12.8256
0.196063 0 0 0 12.9954
0.196924 0 0 0 13.1673
0.197789 0 0 0 13.3416
0.198657 0 0 0 13.5181
0.19953 0 0 0 13.697
0.200406 0 0 0 13.8782
0.201286 0 0 0 14.0619
0.20217 0 0 0 14.248
0.203058 0 0 0 14.4365
0.20395 0 0 0 14.6275
0.204845 0 0 0 14.8211
0.205745 0 0 0 15.0172
0.206648 0 0 0 15.216
0.207556 0 0 0 15.4173
0.208467 0 0 0 15.6213
0.209383 0 0 0 15.828
0.210302 0 0 0 16.0375
0.211226 0 0 0 16.2497
0.212154 0 0 0 16.4647
0.213085 0 0 0 16.6826
0.214021 0 0 0 16.9034
0.214961 0 0 0 17.1271
0.215905 0 0 0 17.3537
0.216853 0 0 0 17.5833
0.217806 0 0 0 17.816
0.218762 0 0 0 18.0518
0.219723 0 0 0 18.2906
0.220688 0 0 0 18.5327
0.221657 0 0 0 18.7779
0.22263 0 0 0 19.0264
0.223608 0 0 0 19.2782
0.22459 0 0 0 19.5333
0.225577 0 0 0 19.7918
0.226567 0 0 0 20.0537
0.227562 0 0 0 20.319
0.228562 0 0 0 20.5879
0.229565 0 0 0 20.8604
0.230573 0 0 0 21.1364
0.231586 0 0 0 21.4161
0.232603 0 0 0 21.6995
0.233625 0 0 0 21.9866
0.234651 0 0 0 22.2776
0.235681 0 0 0 22.5724
0.236716 0 0 0 22.8711
0.237756 0 0 0 23.1737
0.2388 0 0 0 23.4804
0.239849 0 0 0 23.7911
0.240902 0 0 0 24.1059
0.24196 0 0 0 24.4249
0.243022 0 0 0 24.7481
0.24409 0 0 0 25.0756
0.245162 0 0 0 25.4074
0.246238 0 0 0 25.7437
0.24732 0 0 0 26.0843
0.248406 0 0 0 26.4295
0.249497 0 0 0 26.7792
0.250592 0 0 0 27.1336
0.251693 0 0 0 27.4926
0.252798 0 0 0 27.8564
0.253909 0 0 0 28.2251
0.255024 0 0 0 28.5986
0.256144 0 0 0 28.977
0.257268 0 0 0 29.3605
0.258398 0 0 0 29.749
0.259533 0 0 0 30.1426
0.260673 0 0 0 30.5415
0.261818 0 0 0 30.9457
0.262967 0 0 0 31.3552
0.264122 0 0 0 31.7701
0.265282 0 0 0 32.1905
0.266447 0 0 0 32.6165
0.267617 0 0 0 33.0481
0.268793 0 0 0 33.4854
0.269973 0 0 0 33.9285
0.271159 0 0 0 34.3775
0.27235 0 0 0 34.8324
0.273546 0 0 0 35.2933
0.274747 0 0 0 35.7604
0.275954 0 0 0 36.2336
0.277165 0 0 0 36.713
0.278383 0 0 0 37.1989
0.279605 0 0 0 37.6911
0.280833 0 0 0 38.1899
0.282066 0 0 0 38.6952
0.283305 0 0 0 39.2073
0.284549 0 0 0 39.7261
0.285799 0 0 0 40.2518
0.287054 0 0 0 40.7844
0.288315 0 0 0 41.3241
0.289581 0 0 0 41.871
0.290853 0 0 0 42.4251
0.29213 0 0 0 42.9865
0.293413 0 0 0 43.5553
0.294702 0 0 0 44.1317
0.295996 0 0 0 44.7156
0.297296 0 0 0 45.3074
0.298601 0 0 0 45.9069
0.299913 0 0 0 46.5144
0.30123 0 0 0 47.1299
0.302553 0 0 0 47.7536
0.303881 0 0 0 48.3855
0.305216 0 0 0 49.0258
0.306556 0 0 0 49.6745
0.307903 0 0 0 50.3319
0.309255 0 0 0 50.9979
0.310613 0 0 0 51.6727
0.311977 0 0 0 52.3565
0.313347 0 0 0 53.0493
0.314723 0 0 0 53.7513
0.316105 0 0 0 54.4626
0.317494 0 0 0 55.1833
0.318888 0 0 0 55.9135
0.320288 0 0 0 56.6534
0.321695 0 0 0 57.4031
0.323108 0 0 0 58.1627
0.324527 0 0 0 58.9324
0.325952 0 0 0 59.7122
0.327383 0 0 0 60.5024
0.328821 0 0 0 61.303
0.330265 0 0 0 62.1142
0.331716 0 0 0 62.9362
0.333172 0 0 0 63.769
0.334635 0 0 0 64.6129
0.336105 0 0 0 65.4679
0.337581 0 0 0 66.3342
0.339064 0 0 0 67.212
0.340553 0 0 0 68.1014
0.342048 0 0 0 69.0026
0.34355 0 0 0 69.9157
0.345059 0 0 0 70.8409
0.346575 0 0 0 71.7783
0.348097 0 0 0 72.7281
0.349625 0 0 0 73.6905
0.351161 0 0 0 74.6657
0.352703 0 0 0 75.6537
0.354252 0 0 0 76.6548
0.355808 0 0 0 77.6692
0.35737 0 0 0 78.697
0.35894 0 0 0 79.7384
0.360516 0 0 0 80.7935
0.362099 0 0 0 81.8627
0.363689 0 0 0 82.9459
0.365287 0 0 0 84.0436
0.366891 0 0 0 85.1557
0.368502 0 0 0 86.2825
0.37012 0 0 0 87.4243
0.371746 0 0 0 88.5812
0.373378 0 0 0 89.7534
0.375018 0 0 0 90.9411
0.376665 0 0 0 92.1445
0.378319 0 0 0 93.3638
0.379981 0 0 0 94.5993
0.381649 0 0 0 95.8511
0.383326 0 0 0 97.1195
0.385009 0 0 0 98.4047
0.3867 0 0 0 99.7068
0.388398 0 0 0 101.026
0.390104 0 0 0 102.363
0.391817 0 0 0 103.718
0.393538 0 0 0 105.09
0.395266 0 0 0 106.481
0.397002 0 0 0 107.89
0.398745 0 0 0 109.318
0.400496 0 0 0 110.764
0.402255 0 0 0 112.23
0.404022 0 0 0 113.715
0.405796 0 0 0 115.22
0.407578 0 0 0 116.744
0.409368 0 0 0 118.289
0.411166 0 0 0 119.855
0.412972 0 0 0 121.441
0.414785 0 0 0 123.048
0.416607 0 0 0 124.676
0.418436 0 0 0 126.326
0.420274 0 0 0 127.997
0.42212 0 0 0 129.691
0.423974 0 0 0 131.407
0.425836 0 0 0 133.146
0.427706 0 0 0 134.908
0.429584 0 0 0 136.693
0.431471 0 0 0 138.502
0.433365 0 0 0 140.335
0.435269 0 0 0 142.192
0.43718 0 0 0 144.074
0.4391 0 0 0 145.98
0.441028 0 0 0 147.912
0.442965 0 0 0 149.869
0.444911 0 0 0 151.852
0.446865 0 0 0 153.862
0.448827 0 0 0 155.898
0.450798 0 0 0 157.961
0.452778 0 0 0 160.051
0.454766 0 0 0 162.169
0.456763 0 0 0 164.315
0.458769 0 0 0 166.489
0.460784 0 0 0 168.692
0.462808 0 0 0 170.925
0.46484 0 0 0 173.187
0.466882 0 0 0 175.478
0.468932 0 0 0 177.8
0.470991 0 0 0 180.153
0.47306 0 0 0 182.537
0.475137 0 0 0 184.953
0.477224 0 0 0 187.4
0.47932 0 0 0 189.88
0.481425 0 0 0 192.393
0.483539 0 0 0 194.939
0.485663 0 0 0 197.518
0.487795 0 0 0 200.132
0.489938 0 0 0 202.78
0.492089 0 0 0 205.464
0.49425 0 0 0 208.182
0.496421 0 0 0 210.937
0.498601 0 0 0 213.729
0.500791 0 0 0 216.557
0.50299 0 0 0 219.422
0.505199 0 0 0 222.326
0.507418 0 0 0 225.268
0.509646 0 0 0 228.249
0.511884 0 0 0 231.269
0.514132 0 0 0 234.33
0.51639 0 0 0 237.431
0.518658 0 0 0 240.573
0.520936 0 0 0 243.756
0.523223 0 0 0 246.982
0.525521 0 0 0 250.25
0.527829 0 0 0 253.561
0.530147 0 0 0 256.917
0.532475 0 0 0 260.316
0.534814 0 0 0 263.761
0.537162 0 0 0 267.252
0.539522 0 0 0 270.788
0.541891 0 0 0 274.371
0.544271 0 0 0 278.002
0.546661 0 0 0 281.681
0.549062 0 0 0 285.408
0.551473 0 0 0 289.185
0.553895 0 0 0 293.012
0.556327 0 0 0 296.889
0.558771 0 0 0 300.818
0.561224 0 0 0 304.799
0.563689 0 0 0 308.832
0.566165 0 0 0 312.919
0.568651 0 0 0 317.059
0.571148 0 0 0 321.255
0.573657 0 0 0 325.506
0.576176 0 0 0 329.814
0.578706 0 0 0 334.178
0.581248 0 0 0 338.6
0.5838 0 0 0 343.081
0.586364 0 0 0 347.621
0.588939 0 0 0 352.221
0.591526 0 0 0 356.882
0.594124 0 0 0 361.604
0.596733 0 0 0 366.389
0.599353 0 0 0 371.238
0.601985 0 0 0 376.15
0.604629 0 0 0 381.128
0.607285 0 0 0 386.171
0.609951 0 0 0 391.281
0.61263 0 0 0 396.459
0.615321 0 0 0 401.705
0.618023 0 0 0 407.021
0.620737 0 0 0 412.407
0.623463 0 0 0 417.864
0.626201 0 0 0 423.394
0.628951 0 0 0 428.997
0.631713 0 0 0 434.674
0.634488 0 0 0 440.425
0.637274 0 0 0 446.254
0.640073 0 0 0 452.159
0.642884 0 0 0 458.142
0.645707 0 0 0 464.205
0.648543 0 0 0 470.347
0.651391 0 0 0 476.571
0.654252 0 0 0 482.878
0.657125 0 0 0 489.268
0.660011 0 0 0 495.742
0.662909 0 0 0 502.302
0.66582 0 0 0 508.949
0.668744 0 0 0 515.684
0.671681 0 0 0 522.508
0.674631 0 0 0 529.422
0.677594 0 0 0 536.428
0.68057 0 0 0 543.527
0.683558 0 0 0 550.719
0.68656 0 0 0 558.007
0.689575 0 0 0 565.391
0.692604 0 0 0 572.872
0.695646 0 0 0 580.453
0.698701 0 0 0 588.134
0.701769 0 0 0 595.917
0.704851 0 0 0 603.803
0.707946 0 0 0 611.793
0.711055 0 0 0 619.888
0.714178 0 0 0 628.091
0.717315 0 0 0 636.403
0.720465 0 0 0 644.824
0.723629 0 0 0 653.357
0.726807 0 0 0 662.003
0.729999 0 0 0 670.763
0.733204 0 0 0 679.639
0.736424 0 0 0 688.633
0.739659 0 0 0 697.745
0.742907 0 0 0 706.978
0.746169 0 0 0 716.334
0.749446 0 0 0 725.813
0.752738 0 0 0 735.418
0.756043 0 0 0 745.149
0.759364 0 0 0 755.01
0.762698 0 0 0 765.001
0.766048 0 0 0 775.124
0.769412 0 0 0 785.381
0.772791 0 0 0 795.774
0.776185 0 0 0 806.304
0.779594 0 0 0 816.974
0.783017 0 0 0 827.785
0.786456 0 0 0 838.739
0.78991 0 0 0 849.838
0.793379 0 0 0 861.083
0.796863 0 0 0 872.478
0.800363 0 0 0 884.023
0.803878 0 0 0 895.722
0.807408 0 0 0 907.575
0.810954 0 0 0 919.584
0.814515 0 0 0 931.753
0.818092 0 0 0 944.083
0.821685 0 0 0 956.576
0.825294 0 0 0 969.234
0.828918 0 0 0 982.06
0.832558 0 0 0 995.055
0.836215 0 0 0 1008.22
0.839887 0 0 0 1021.56
0.843575 0 0 0 1035.08
0.84728 0 0 0 1048.78
0.851001 0 0 0 1062.66
0.854738 0 0 0 1076.72
0.858492 0 0 0 1090.97
0.862262 0 0 0 1105.4
0.866049 0 0 0 1120.03
0.869852 0 0 0 1134.85
0.873673 0 0 0 1149.87
0.877509 0 0 0 1165.09
0.881363 0 0 0 1180.5
0.885234 0 0 0 1196.13
0.889121 0 0 0 1211.95
0.893026 0 0 0 1227.99
0.896948 0 0 0 1244.24
0.900887 0 0 0 1260.71
0.904843 0 0 0 1277.39
0.908817 0 0 0 1294.29
0.912808 0 0 0 1311.42
0.916817 0 0 0 1328.77
0.920843 0 0 0 1346.36
0.924887 0 0 0 1364.17
0.928949 0 0 0 1382.23
0.933029 0 0 0 1400.52
0.937126 0 0 0 1419.05
0.941242 0 0 0 1437.83
0.945375 0 0 0 1456.85
0.949527 0 0 0 1476.13
0.953697 0 0 0 1495.67
0.957885 0 0 0 1515.46
0.962092 0 0 0 1535.51
0.966317 0 0 0 1555.83
0.970561 0 0 0 1576.42
0.974823 0 0 0 1597.28
0.979104 0 0 0 1618.42
0.983404 0 0 0 1639.83
0.987723 0 0 0 1661.53
0.992061 0 0 0 1683.52
0.996418 0 0 0 1705.8
1.00079 0 0 0 1728.37
1.00519 0 0 0 1751.24
1.0096 0 0 0 1774.41
1.01404 0 0 0 1797.9
1.01849 0 0 0 1821.69
1.02296 0 0 0 1845.79
1.02746 0 0 0 1870.22
1.03197 0 0 0 1894.97
1.0365 0 0 0 1920.04
1.04105 0 0 0 1945.45
1.04562 0 0 0 1971.19
1.05022 0 0 0 1997.28
1.05483 0 0 0 2023.71
1.05946 0 0 0 2050.49
1.06411 0 0 0 2077.62
1.06879 0 0 0 2105.11
1.07348 0 0 0 2132.97
1.07819 0 0 0 2161.2
1.08293 0 0 0 2189.79
1.08769 0 0 0 2218.77
1.09246 0 0 0 2248.13
1.09726 0 0 0 2277.88
1.10208 0 0 0 2308.02
1.10692 0 0 0 2338.57
1.11178 0 0 0 2369.51
1.11666 0 0 0 2400.87
1.12157 0 0 0 2432.64
1.12649 0 0 0 2464.83
1.13144 0 0 0 2497.45
1.13641 0 0 0 2530.49
1.1414 0 0 0 2563.98
1.14641 0 0 0 2597.91
0.500085
2000
309756
     1259712000
0.000179913 0 0 0 1.00414e-08
0.000180703 0 0 0 1.01743e-08
0.000181497 0 0 0 1.03089e-08
0.000182294 0 0 0 1.04453e-08
0.000183095 0 0 0 1.05835e-08
0.000183899 0 0 0 1.07236e-08
0.000184706 0 0 0 1.08655e-08
0.000185518 0 0 0 1.10093e-08
0.000186332 0 0 0 1.11549e-08
0.000187151 0 0 0 1.13026e-08
0.000187972 0 0 0 1.14521e-08
0.000188798 0 0 0 1.16037e-08
0.000189627 0 0 0 1.17572e-08
0.00019046 0 0 0 1.19128e-08
0.000191296 0 0 0 1.20704e-08
0.000192136 0 0 0 1.22302e-08
0.00019298 0 0 0 1.2392e-08
0.000193828 0 0 0 1.2556e-08
0.000194679 0 0 0 1.27221e-08
0.000195534 0 0 0 1.28905e-08
0.000196393 0 0 0 1.30611e-08
0.000197255 0 0 0 1.32339e-08
0.000198121 0 0 0 1.3409e-08
0.000198991 0 0 0 1.35865e-08
0.000199865 0 0 0 1.37663e-08
0.000200743 0 0 0 1.39484e-08
0.000201625 0 0 0 1.4133e-08
0.00020251 0 0 0 1.432e-08
0.0002034 0 0 0 1.45095e-08
0.000204293 0 0 0 1.47015e-08
0.00020519 0 0 0 1.48961e-08
0.000206091 0 0 0 1.50932e-08
0.000206996 0 0 0 1.52929e-08
0.000207905 0 0 0 1.54953e-08
0.000208818 0 0 0 1.57003e-08
0.000209735 0 0 0 1.59081e-08
0.000210656 0 0 0 1.61186e-08
0.000211582 0 0 0 1.63319e-08
0.000212511 0 0 0 1.6548e-08
0.000213444 0 0 0 1.6767e-08
0.000214381 0 0 0 1.69889e-08
0.000215323 0 0 0 1.72137e-08
0.000216268 0 0 0 1.74414e-08
0.000217218 0 0 0 1.76722e-08
0.000218172 0 0 0 1.79061e-08
0.00021913 0 0 0 1.81431e-08
0.000220093 0 0 0 1.83831e-08
0.000221059 0 0 0 1.86264e-08
0.00022203 0 0 0 1.88729e-08
0.000223005 0 0 0 1.91226e-08
0.000223984 0 0 0 1.93757e-08
0.000224968 0 0 0 1.96321e-08
0.000225956 0 0 0 1.98919e-08
0.000226948 0 0 0 2.01551e-08
0.000227945 0 0 0 2.04218e-08
0.000228946 0 0 0 2.0692e-08
0.000229952 0 0 0 2.09658e-08
0.000230961 0 0 0 2.12433e-08
0.000231976 0 0 0 2.15244e-08
0.000232995 0 0 0 2.18092e-08
0.000234018 0 0 0 2.20978e-08
0.000235045 0 0 0 2.23902e-08
0.000236078 0 0 0 2.26865e-08
0.000237114 0 0 0 2.29867e-08
0.000238156 0 0 0 2.32909e-08
0.000239202 0 0 0 2.35991e-08
0.000240252 0 0 0 2.39114e-08
0.000241307 0 0 0 2.42278e-08
0.000242367 0 0 0 2.45484e-08
0.000243431 0 0 0 2.48733e-08
0.0002445 0 0 0 2.52024e-08
0.000245574 0 0 0 2.55359e-08
0.000246653 0 0 0 2.58738e-08
0.000247736 0 0 0 2.62162e-08
0.000248824 0 0 0 2.65631e-08
0.000249917 0 0 0 2.69146e-08
0.000251014 0 0 0 2.72708e-08
0.000252117 0 0 0 2.76317e-08
0.000253224 0 0 0 2.79973e-08
0.000254336 0 0 0 2.83678e-08
0.000255453 0 0 0 2.87432e-08
0.000256575 0 0 0 2.91235e-08
0.000257701 0 0 0 2.95089e-08
0.000258833 0 0 0 2.98994e-08
0.00025997 0 0 0 3.02951e-08
0.000261112 0 0 0 3.0696e-08
0.000262258 0 0 0 3.11022e-08
0.00026341 0 0 0 3.15137e-08
0.000264567 0 0 0 3.19307e-08
0.000265729 0 0 0 3.23533e-08
0.000266896 0 0 0 3.27814e-08
0.000268068 0 0 0 3.32152e-08
0.000269245 0 0 0 3.36547e-08
0.000270427 0 0 0 3.41001e-08
0.000271615 0 0 0 3.45513e-08
0.000272808 0 0 0 3.50085e-08
0.000274006 0 0 0 3.54718e-08
0.000275209 0 0 0 3.59412e-08
0.000276418 0 0 0 3.64168e-08
0.000277632 0 0 0 3.68987e-08
0.000278851 0 0 0 3.7387e-08
0.000280076 0 0 0 3.78817e-08
0.000281306 0 0 0 3.8383e-08
0.000282541 0 0 0 3.88909e-08
0.000283782 0 0 0 3.94055e-08
0.000285028 0 0 0 3.9927e-08
0.00028628 0 0 0 4.04553e-08
0.000287537 0 0 0 4.09907e-08
0.0002888 0 0 0 4.15331e-08
0.000290068 0 0 0 4.20827e-08
0.000291342 0 0 0 4.26396e-08
0.000292622 0 0 0 4.32038e-08
0.000293907 0 0 0 4.37755e-08
0.000295197 0 0 0 4.43548e-08
0.000296494 0 0 0 4.49418e-08
0.000297796 0 0 0 4.55365e-08
0.000299104 0 0 0 4.6139e-08
0.000300417 0 0 0 4.67496e-08
0.000301737 0 0 0 4.73682e-08
0.000303062 0 0 0 4.7995e-08
0.000304393 0 0 0 4.86302e-08
0.000305729 0 0 0 4.92737e-08
0.000307072 0 0 0 4.99257e-08
0.000308421 0 0 0 5.05864e-08
0.000309775 0 0 0 5.12558e-08
0.000311136 0 0 0 5.1934e-08
0.000312502 0 0 0 5.26213e-08
0.000313874 0 0 0 5.33176e-08
0.000315253 0 0 0 5.40231e-08
0.000316637 0 0 0 5.4738e-08
0.000318028 0 0 0 5.54624e-08
0.000319424 0 0 0 5.61963e-08
0.000320827 0 0 0 5.69399e-08
0.000322236 0 0 0 5.76934e-08
0.000323651 0 0 0 5.84568e-08
0.000325073 0 0 0 5.92304e-08
0.0003265 0 0 0 6.00142e-08
0.000327934 0 0 0 6.08083e-08
0.000329374 0 0 0 6.1613e-08
0.000330821 0 0 0 6.24283e-08
0.000332274 0 0 0 6.32544e-08
0.000333733 0 0 0 6.40915e-08
0.000335199 0 0 0 6.49396e-08
0.000336671 0 0 0 6.57989e-08
0.000338149 0 0 0 6.66696e-08
0.000339634 0 0 0 6.75519e-08
0.000341126 0 0 0 6.84458e-08
0.000342624 0 0 0 6.93515e-08
0.000344129 0 0 0 7.02692e-08
0.00034564 0 0 0 7.11991e-08
0.000347158 0 0 0 7.21413e-08
0.000348682 0 0 0 7.30959e-08
0.000350214 0 0 0 7.40632e-08
0.000351752 0 0 0 7.50432e-08
0.000353296 0 0 0 7.60363e-08
0.000354848 0 0 0 7.70424e-08
0.000356406 0 0 0 7.80619e-08
0.000357972 0 0 0 7.90949e-08
0.000359544 0 0 0 8.01416e-08
0.000361123 0 0 0 8.12021e-08
0.000362709 0 0 0 8.22766e-08
0.000364301 0 0 0 8.33654e-08
0.000365901 0 0 0 8.44685e-08
0.000367508 0 0 0 8.55863e-08
0.000369122 0 0 0 8.67188e-08
0.000370743 0 0 0 8.78664e-08
0.000372371 0 0 0 8.90291e-08
0.000374007 0 0 0 9.02072e-08
0.000375649 0 0 0 9.14009e-08
0.000377299 0 0 0 9.26104e-08
0.000378956 0 0 0 9.38359e-08
0.00038062 0 0 0 9.50776e-08
0.000382292 0 0 0 9.63358e-08
0.000383971 0 0 0 9.76106e-08
0.000385657 0 0 0 9.89023e-08
0.00038735 0 0 0 1.00211e-07
0.000389052 0 0 0 1.01537e-07
0.00039076 0 0 0 1.02881e-07
0.000392476 0 0 0 1.04242e-07
0.0003942 0 0 0 1.05622e-07
0.000395931 0 0 0 1.07019e-07
0.00039767 0 0 0 1.08435e-07
0.000399416 0 0 0 1.0987e-07
0.00040117 0 0 0 1.11324e-07
0.000402932 0 0 0 1.12797e-07
0.000404702 0 0 0 1.1429e-07
0.000406479 0 0 0 1.15802e-07
0.000408264 0 0 0 1.17335e-07
0.000410057 0 0 0 1.18887e-07
0.000411858 0 0 0 1.20461e-07
0.000413667 0 0 0 1.22055e-07
0.000415483 0 0 0 1.2367e-07
0.000417308 0 0 0 1.25306e-07
0.000419141 0 0 0 1.26965e-07
0.000420981 0 0 0 1.28645e-07
0.00042283 0 0 0 1.30347e-07
0.000424687 0 0 0 1.32072e-07
0.000426552 0 0 0 1.3382e-07
0.000428425 0 0 0 1.3559e-07
0.000430307 0 0 0 1.37385e-07
0.000432197 0 0 0 1.39203e-07
0.000434095 0 0 0 1.41045e-07
0.000436001 0 0 0 1.42911e-07
0.000437916 0 0 0 1.44802e-07
0.000439839 0 0 0 1.46718e-07
0.000441771 0 0 0 1.4866e-07
0.000443711 0 0 0 1.50627e-07
0.000445659 0 0 0 1.5262e-07
0.000447616 0 0 0 1.5464e-07
0.000449582 0 0 0 1.56686e-07
0.000451557 0 0 0 1.5876e-07
0.00045354 0 0 0 1.6086e-07
0.000455532 0 0 0 1.62989e-07
0.000457532 0 0 0 1.65146e-07
0.000459541 0 0 0 1.67331e-07
0.00046156 0 0 0 1.69546e-07
0.000463587 0 0 0 1.71789e-07
0.000465622 0 0 0 1.74062e-07
0.000467667 0 0 0 1.76366e-07
0.000469721 0 0 0 1.787e-07
0.000471784 0 0 0 1.81064e-07
0.000473856 0 0 0 1.8346e-07
0.000475937 0 0 0 1.85888e-07
0.000478027 0 0 0 1.88348e-07
0.000480126 0 0 0 1.9084e-07
0.000482235 0 0 0 1.93365e-07
0.000484353 0 0 0 1.95924e-07
0.00048648 0 0 0 1.98517e-07
0.000488616 0 0 0 2.01144e-07
0.000490762 0 0 0 2.03806e-07
0.000492917 0 0 0 2.06503e-07
0.000495082 0 0 0 2.09235e-07
0.000497256 0 0 0 2.12004e-07
0.00049944 0 0 0 2.14809e-07
0.000501633 0 0 0 2.17652e-07
0.000503836 0 0 0 2.20532e-07
0.000506049 0 0 0 2.2345e-07
0.000508271 0 0 0 2.26407e-07
0.000510504 0 0 0 2.29403e-07
0.000512746 0 0 0 2.32439e-07
0.000514997 0 0 0 2.35515e-07
0.000517259 0 0 0 2.38631e-07
0.000519531 0 0 0 2.41789e-07
0.000521812 0 0 0 2.44989e-07
0.000524104 0 0 0 2.4823e-07
0.000526405 0 0 0 2.51515e-07
0.000528717 0 0 0 2.54844e-07
0.000531039 0 0 0 2.58216e-07
0.000533371 0 0 0 2.61633e-07
0.000535714 0 0 0 2.65095e-07
0.000538066 0 0 0 2.68603e-07
0.000540429 0 0 0 2.72157e-07
0.000542803 0 0 0 2.75759e-07
0.000545187 0 0 0 2.79408e-07
0.000547581 0 0 0 2.83105e-07
0.000549986 0 0 0 2.86851e-07
0.000552401 0 0 0 2.90647e-07
0.000554827 0 0 0 2.94493e-07
0.000557263 0 0 0 2.9839e-07
0.000559711 0 0 0 3.02339e-07
0.000562169 0 0 0 3.0634e-07
0.000564638 0 0 0 3.10394e-07
0.000567117 0 0 0 3.14501e-07
0.000569608 0 0 0 3.18663e-07
0.000572109 0 0 0 3.2288e-07
0.000574622 0 0 0 3.27152e-07
0.000577145 0 0 0 3.31481e-07
0.00057968 0 0 0 3.35868e-07
0.000582226 0 0 0 3.40312e-07
0.000584783 0 0 0 3.44816e-07
0.000587351 0 0 0 3.49378e-07
0.00058993 0 0 0 3.54002e-07
0.000592521 0 0 0 3.58686e-07
0.000595123 0 0 0 3.63433e-07
0.000597737 0 0 0 3.68242e-07
0.000600362 0 0 0 3.73115e-07
0.000602998 0 0 0 3.78052e-07
0.000605647 0 0 0 3.83055e-07
0.000608306 0 0 0 3.88124e-07
0.000610978 0 0 0 3.9326e-07
0.000613661 0 0 0 3.98464e-07
0.000616356 0 0 0 4.03737e-07
0.000619063 0 0 0 4.09079e-07
0.000621782 0 0 0 4.14492e-07
0.000624512 0 0 0 4.19977e-07
0.000627255 0 0 0 4.25535e-07
0.00063001 0 0 0 4.31166e-07
0.000632776 0 0 0 4.36871e-07
0.000635555 0 0 0 4.42653e-07
0.000638346 0 0 0 4.4851e-07
0.00064115 0 0 0 4.54445e-07
0.000643965 0 0 0 4.60459e-07
0.000646793 0 0 0 4.66552e-07
0.000649634 0 0 0 4.72726e-07
0.000652487 0 0 0 4.78981e-07
0.000655352 0 0 0 4.8532e-07
0.000658231 0 0 0 4.91742e-07
0.000661121 0 0 0 4.98249e-07
0.000664025 0 0 0 5.04842e-07
0.000666941 0 0 0 5.11523e-07
0.00066987 0 0 0 5.18292e-07
0.000672812 0 0 0 5.2515e-07
0.000675766 0 0 0 5.32099e-07
0.000678734 0 0 0 5.39141e-07
0.000681715 0 0 0 5.46275e-07
0.000684709 0 0 0 5.53504e-07
0.000687716 0 0 0 5.60828e-07
0.000690736 0 0 0 5.6825e-07
0.000693769 0 0 0 5.75769e-07
0.000696816 0 0 0 5.83388e-07
0.000699876 0 0 0 5.91108e-07
0.00070295 0 0 0 5.9893e-07
0.000706037 0 0 0 6.06856e-07
0.000709138 0 0 0 6.14886e-07
0.000712252 0 0 0 6.23023e-07
0.00071538 0 0 0 6.31267e-07
0.000718522 0 0 0 6.39621e-07
0.000721677 0 0 0 6.48085e-07
0.000724846 0 0 0 6.56661e-07
0.00072803 0 0 0 6.6535e-07
0.000731227 0 0 0 6.74155e-07
0.000734438 0 0 0 6.83076e-07
0.000737664 0 0 0 6.92115e-07
0.000740903 0 0 0 7.01274e-07
0.000744157 0 0 0 7.10553e-07
0.000747425 0 0 0 7.19956e-07
0.000750707 0 0 0 7.29483e-07
0.000754004 0 0 0 7.39136e-07
0.000757316 0 0 0 7.48917e-07
0.000760641 0 0 0 7.58827e-07
0.000763982 0 0 0 7.68869e-07
0.000767337 0 0 0 7.79043e-07
0.000770707 0 0 0 7.89352e-07
0.000774092 0 0 0 7.99798e-07
0.000777491 0 0 0 8.10381e-07
0.000780906 0 0 0 8.21105e-07
0.000784335 0 0 0 8.31971e-07
0.00078778 0 0 0 8.4298e-07
0.000791239 0 0 0 8.54135e-07
0.000794714 0 0 0 8.65438e-07
0.000798204 0 0 0 8.7689e-07
0.00080171 0 0 0 8.88494e-07
0.00080523 0 0 0 9.00251e-07
0.000808767 0 0 0 9.12164e-07
0.000812318 0 0 0 9.24234e-07
0.000815886 0 0 0 9.36465e-07
0.000819469 0 0 0 9.48857e-07
0.000823068 0 0 0 9.61413e-07
0.000826682 0 0 0 9.74135e-07
0.000830313 0 0 0 9.87026e-07
0.000833959 0 0 0 1.00009e-06
0.000837622 0 0 0 1.01332e-06
0.0008413 0 0 0 1.02673e-06
0.000844995 0 0 0 1.04032e-06
0.000848706 0 0 0 1.05408e-06
0.000852433 0 0 0 1.06803e-06
0.000856177 0 0 0 1.08216e-06
0.000859937 0 0 0 1.09648e-06
0.000863713 0 0 0 1.11099e-06
0.000867506 0 0 0 1.1257e-06
0.000871316 0 0 0 1.14059e-06
0.000875143 0 0 0 1.15569e-06
0.000878986 0 0 0 1.17098e-06
0.000882846 0 0 0 1.18647e-06
0.000886723 0 0 0 1.20217e-06
0.000890617 0 0 0 1.21808e-06
0.000894529 0 0 0 1.2342e-06
0.000898457 0 0 0 1.25053e-06
0.000902403 0 0 0 1.26708e-06
0.000906366 0 0 0 1.28385e-06
0.000910346 0 0 0 1.30084e-06
0.000914344 0 0 0 1.31805e-06
0.00091836 0 0 0 1.33549e-06
0.000922393 0 0 0 1.35317e-06
0.000926444 0 0 0 1.37107e-06
0.000930512 0 0 0 1.38922e-06
0.000934599 0 0 0 1.4076e-06
0.000938703 0 0 0 1.42622e-06
0.000942826 0 0 0 1.4451e-06
0.000946966 0 0 0 1.46422e-06
0.000951125 0 0 0 1.4836e-06
0.000955302 0 0 0 1.50323e-06
0.000959497 0 0 0 1.52312e-06
0.000963711 0 0 0 1.54328e-06
0.000967943 0 0 0 1.5637e-06
0.000972194 0 0 0 1.58439e-06
0.000976464 0 0 0 1.60536e-06
0.000980752 0 0 0 1.6266e-06
0.000985059 0 0 0 1.64812e-06
0.000989385 0 0 0 1.66993e-06
0.00099373 0 0 0 1.69203e-06
0.000998094 0 0 0 1.71442e-06
0.00100248 0 0 0 1.73711e-06
0.00100688 0 0 0 1.7601e-06
0.0010113 0 0 0 1.78339e-06
0.00101574 0 0 0 1.80699e-06
0.0010202 0 0 0 1.8309e-06
0.00102468 0 0 0 1.85513e-06
0.00102918 0 0 0 1.87967e-06
0.0010337 0 0 0 1.90455e-06
0.00103824 0 0 0 1.92975e-06
0.0010428 0 0 0 1.95529e-06
0.00104738 0 0 0 1.98116e-06
0.00105198 0 0 0 2.00738e-06
0.0010566 0 0 0 2.03394e-06
0.00106124 0 0 0 2.06086e-06
0.0010659 0 0 0 2.08813e-06
0.00107058 0 0 0 2.11576e-06
0.00107529 0 0 0 2.14376e-06
0.00108001 0 0 0 2.17212e-06
0.00108475 0 0 0 2.20087e-06
0.00108952 0 0 0 2.22999e-06
0.0010943 0 0 0 2.2595e-06
0.00109911 0 0 0 2.2894e-06
0.00110393 0 0 0 2.3197e-06
0.00110878 0 0 0 2.35039e-06
0.00111365 0 0 0 2.38149e-06
0.00111854 0 0 0 2.41301e-06
0.00112345 0 0 0 2.44494e-06
0.00112839 0 0 0 2.47729e-06
0.00113334 0 0 0 2.51007e-06
0.00113832 0 0 0 2.54329e-06
0.00114332 0 0 0 2.57695e-06
0.00114834 0 0 0 2.61105e-06
0.00115338 0 0 0 2.6456e-06
0.00115845 0 0 0 2.68061e-06
0.00116354 0 0 0 2.71608e-06
0.00116865 0 0 0 2.75202e-06
0.00117378 0 0 0 2.78844e-06
0.00117893 0 0 0 2.82534e-06
0.00118411 0 0 0 2.86272e-06
0.00118931 0 0 0 2.9006e-06
0.00119453 0 0 0 2.93899e-06
0.00119978 0 0 0 2.97788e-06
0.00120505 0 0 0 3.01729e-06
0.00121034 0 0 0 3.05721e-06
0.00121566 0 0 0 3.09767e-06
0.00122099 0 0 0 3.13866e-06
0.00122636 0 0 0 3.18019e-06
0.00123174 0 0 0 3.22228e-06
0.00123715 0 0 0 3.26492e-06
0.00124258 0 0 0 3.30812e-06
0.00124804 0 0 0 3.3519e-06
0.00125352 0 0 0 3.39625e-06
0.00125903 0 0 0 3.44119e-06
0.00126456 0 0 0 3.48673e-06
0.00127011 0 0 0 3.53287e-06
0.00127569 0 0 0 3.57962e-06
0.00128129 0 0 0 3.62699e-06
0.00128692 0 0 0 3.67498e-06
0.00129257 0 0 0 3.72361e-06
0.00129825 0 0 0 3.77289e-06
0.00130395 0 0 0 3.82281e-06
0.00130967 0 0 0 3.8734e-06
0.00131543 0 0 0 3.92466e-06
0.0013212 0 0 0 3.97659e-06
0.001327 0 0 0 4.02921e-06
0.00133283 0 0 0 4.08253e-06
0.00133869 0 0 0 4.13656e-06
0.00134456 0 0 0 4.19129e-06
0.00135047 0 0 0 4.24676e-06
0.0013564 0 0 0 4.30295e-06
0.00136236 0 0 0 4.35989e-06
0.00136834 0 0 0 4.41759e-06
0.00137435 0 0 0 4.47605e-06
0.00138038 0 0 0 4.53528e-06
0.00138645 0 0 0 4.59529e-06
0.00139254 0 0 0 4.6561e-06
0.00139865 0 0 0 4.71771e-06
0.00140479 0 0 0 4.78014e-06
0.00141096 0 0 0 4.8434e-06
0.00141716 0 0 0 4.90749e-06
0.00142338 0 0 0 4.97243e-06
0.00142963 0 0 0 5.03823e-06
0.00143591 0 0 0 5.1049e-06
0.00144222 0 0 0 5.17245e-06
0.00144855 0 0 0 5.2409e-06
0.00145491 0 0 0 5.31025e-06
0.0014613 0 0 0 5.38052e-06
0.00146772 0 0 0 5.45172e-06
0.00147417 0 0 0 5.52386e-06
0.00148064 0 0 0 5.59696e-06
0.00148714 0 0 0 5.67102e-06
0.00149367 0 0 0 5.74607e-06
0.00150023 0 0 0 5.8221e-06
0.00150682 0 0 0 5.89915e-06
0.00151344 0 0 0 5.97721e-06
0.00152009 0 0 0 6.0563e-06
0.00152676 0 0 0 6.13645e-06
0.00153347 0 0 0 6.21765e-06
0.0015402 0 0 0 6.29993e-06
0.00154697 0 0 0 6.38329e-06
0.00155376 0 0 0 6.46776e-06
0.00156058 0 0 0 6.55335e-06
0.00156744 0 0 0 6.64007e-06
0.00157432 0 0 0 6.72794e-06
0.00158123 0 0 0 6.81697e-06
0.00158818 0 0 0 6.90717e-06
0.00159515 0 0 0 6.99858e-06
0.00160216 0 0 0 7.09119e-06
0.00160919 0 0 0 7.18502e-06
0.00161626 0 0 0 7.2801e-06
0.00162336 0 0 0 7.37644e-06
0.00163049 0 0 0 7.47405e-06
0.00163765 0 0 0 7.57295e-06
0.00164484 0 0 0 7.67317e-06
0.00165206 0 0 0 7.7747e-06
0.00165932 0 0 0 7.87759e-06
0.00166661 0 0 0 7.98183e-06
0.00167393 0 0 0 8.08745e-06
0.00168128 0 0 0 8.19447e-06
0.00168866 0 0 0 8.30291e-06
0.00169608 0 0 0 8.41278e-06
0.00170353 0 0 0 8.5241e-06
0.00171101 0 0 0 8.6369e-06
0.00171852 0 0 0 8.75119e-06
0.00172607 0 0 0 8.867e-06
0.00173365 0 0 0 8.98433e-06
0.00174126 0 0 0 9.10322e-06
0.00174891 0 0 0 9.22368e-06
0.00175659 0 0 0 9.34574e-06
0.0017643 0 0 0 9.46941e-06
0.00177205 0 0 0 9.59472e-06
0.00177983 0 0 0 9.72168e-06
0.00178765 0 0 0 9.85033e-06
0.0017955 0 0 0 9.98068e-06
0.00180339 0 0 0 1.01127e-05
0.00181131 0 0 0 1.02466e-05
0.00181926 0 0 0 1.03822e-05
0.00182725 0 0 0 1.05195e-05
0.00183527 0 0 0 1.06588e-05
0.00184333 0 0 0 1.07998e-05
0.00185143 0 0 0 1.09427e-05
0.00185956 0 0 0 1.10875e-05
0.00186773 0 0 0 1.12342e-05
0.00187593 0 0 0 1.13829e-05
0.00188417 0 0 0 1.15335e-05
0.00189244 0 0 0 1.16861e-05
0.00190075 0 0 0 1.18408e-05
0.0019091 0 0 0 1.19975e-05
0.00191748 0 0 0 1.21562e-05
0.00192591 0 0 0 1.23171e-05
0.00193436 0 0 0 1.24801e-05
0.00194286 0 0 0 1.26452e-05
0.00195139 0 0 0 1.28126e-05
0.00195996 0 0 0 1.29821e-05
0.00196857 0 0 0 1.31539e-05
0.00197721 0 0 0 1.3328e-05
0.0019859 0 0 0 1.35043e-05
0.00199462 0 0 0 1.3683e-05
0.00200338 0 0 0 1.38641e-05
0.00201218 0 0 0 1.40476e-05
0.00202101 0 0 0 1.42335e-05
0.00202989 0 0 0 1.44218e-05
0.0020388 0 0 0 1.46126e-05
0.00204776 0 0 0 1.4806e-05
0.00205675 0 0 0 1.50019e-05
0.00206578 0 0 0 1.52005e-05
0.00207485 0 0 0 1.54016e-05
0.00208397 0 0 0 1.56054e-05
0.00209312 0 0 0 1.58119e-05
0.00210231 0 0 0 1.60211e-05
0.00211154 0 0 0 1.62332e-05
0.00212082 0 0 0 1.6448e-05
0.00213013 0 0 0 1.66656e-05
0.00213948 0 0 0 1.68862e-05
0.00214888 0 0 0 1.71096e-05
0.00215832 0 0 0 1.7336e-05
0.0021678 0 0 0 1.75654e-05
0.00217732 0 0 0 1.77979e-05
0.00218688 0 0 0 1.80334e-05
0.00219648 0 0 0 1.8272e-05
0.00220613 0 0 0 1.85138e-05
0.00221582 0 0 0 1.87588e-05
0.00222555 0 0 0 1.9007e-05
0.00223532 0 0 0 1.92585e-05
0.00224514 0 0 0 1.95134e-05
0.002255 0 0 0 1.97716e-05
0.0022649 0 0 0 2.00332e-05
0.00227485 0 0 0 2.02983e-05
0.00228484 0 0 0 2.05669e-05
0.00229487 0 0 0 2.08391e-05
0.00230495 0 0 0 2.11149e-05
0.00231507 0 0 0 2.13943e-05
0.00232524 0 0 0 2.16774e-05
0.00233545 0 0 0 2.19642e-05
0.00234571 0 0 0 2.22549e-05
0.00235601 0 0 0 2.25494e-05
0.00236636 0 0 0 2.28478e-05
0.00237675 0 0 0 2.31501e-05
0.00238719 0 0 0 2.34565e-05
0.00239767 0 0 0 2.37669e-05
0.0024082 0 0 0 2.40814e-05
0.00241878 0 0 0 2.44e-05
0.0024294 0 0 0 2.47229e-05
0.00244007 0 0 0 2.50501e-05
0.00245078 0 0 0 2.53815e-05
0.00246155 0 0 0 2.57174e-05
0.00247236 0 0 0 2.60577e-05
0.00248321 0 0 0 2.64026e-05
0.00249412 0 0 0 2.67519e-05
0.00250507 0 0 0 2.71059e-05
0.00251607 0 0 0 2.74646e-05
0.00252712 0 0 0 2.78281e-05
0.00253822 0 0 0 2.81963e-05
0.00254937 0 0 0 2.85694e-05
0.00256057 0 0 0 2.89475e-05
0.00257181 0 0 0 2.93305e-05
0.00258311 0 0 0 2.97187e-05
0.00259445 0 0 0 3.01119e-05
0.00260584 0 0 0 3.05104e-05
0.00261729 0 0 0 3.09141e-05
0.00262878 0 0 0 3.13232e-05
0.00264033 0 0 0 3.17377e-05
0.00265192 0 0 0 3.21577e-05
0.00266357 0 0 0 3.25832e-05
0.00267526 0 0 0 3.30144e-05
0.00268701 0 0 0 3.34513e-05
0.00269881 0 0 0 3.38939e-05
0.00271067 0 0 0 3.43425e-05
0.00272257 0 0 0 3.47969e-05
0.00273453 0 0 0 3.52574e-05
0.00274654 0 0 0 3.57239e-05
0.0027586 0 0 0 3.61967e-05
0.00277071 0 0 0 3.66756e-05
0.00278288 0 0 0 3.7161e-05
0.0027951 0 0 0 3.76527e-05
0.00280738 0 0 0 3.8151e-05
0.00281971 0 0 0 3.86558e-05
0.00283209 0 0 0 3.91673e-05
0.00284453 0 0 0 3.96856e-05
0.00285702 0 0 0 4.02108e-05
0.00286957 0 0 0 4.07429e-05
0.00288217 0 0 0 4.1282e-05
0.00289483 0 0 0 4.18283e-05
0.00290754 0 0 0 4.23818e-05
0.00292031 0 0 0 4.29427e-05
0.00293313 0 0 0 4.35109e-05
0.00294601 0 0 0 4.40867e-05
0.00295895 0 0 0 4.46701e-05
0.00297195 0 0 0 4.52612e-05
0.002985 0 0 0 4.58601e-05
0.00299811 0 0 0 4.6467e-05
0.00301127 0 0 0 4.70819e-05
0.0030245 0 0 0 4.77049e-05
0.00303778 0 0 0 4.83362e-05
0.00305112 0 0 0 4.89758e-05
0.00306452 0 0 0 4.96239e-05
0.00307798 0 0 0 5.02806e-05
0.0030915 0 0 0 5.09459e-05
0.00310507 0 0 0 5.16201e-05
0.00311871 0 0 0 5.23032e-05
0.00313241 0 0 0 5.29953e-05
0.00314616 0 0 0 5.36966e-05
0.00315998 0 0 0 5.44071e-05
0.00317386 0 0 0 5.51271e-05
0.0031878 0 0 0 5.58566e-05
0.00320179 0 0 0 5.65957e-05
0.00321586 0 0 0 5.73446e-05
0.00322998 0 0 0 5.81035e-05
0.00324416 0 0 0 5.88724e-05
0.00325841 0 0 0 5.96514e-05
0.00327272 0 0 0 6.04408e-05
0.00328709 0 0 0 6.12406e-05
0.00330153 0 0 0 6.2051e-05
0.00331603 0 0 0 6.28721e-05
0.00333059 0 0 0 6.3704e-05
0.00334522 0 0 0 6.4547e-05
0.00335991 0 0 0 6.54012e-05
0.00337466 0 0 0 6.62666e-05
0.00338948 0 0 0 6.71435e-05
0.00340437 0 0 0 6.8032e-05
0.00341932 0 0 0 6.89323e-05
0.00343434 0 0 0 6.98445e-05
0.00344942 0 0 0 7.07687e-05
0.00346457 0 0 0 7.17052e-05
0.00347978 0 0 0 7.2654e-05
0.00349507 0 0 0 7.36155e-05
0.00351041 0 0 0 7.45896e-05
0.00352583 0 0 0 7.55766e-05
0.00354132 0 0 0 7.65767e-05
0.00355687 0 0 0 7.75901e-05
0.00357249 0 0 0 7.86168e-05
0.00358818 0 0 0 7.96571e-05
0.00360393 0 0 0 8.07112e-05
0.00361976 0 0 0 8.17793e-05
0.00363566 0 0 0 8.28614e-05
0.00365163 0 0 0 8.39579e-05
0.00366766 0 0 0 8.50689e-05
0.00368377 0 0 0 8.61946e-05
0.00369995 0 0 0 8.73352e-05
0.0037162 0 0 0 8.84909e-05
0.00373252 0 0 0 8.96619e-05
0.00374891 0 0 0 9.08484e-05
0.00376537 0 0 0 9.20506e-05
0.00378191 0 0 0 9.32687e-05
0.00379852 0 0 0 9.45029e-05
0.0038152 0 0 0 9.57534e-05
0.00383195 0 0 0 9.70205e-05
0.00384878 0 0 0 9.83044e-05
0.00386568 0 0 0 9.96052e-05
0.00388266 0 0 0 0.000100923
0.00389971 0 0 0 0.000102259
0.00391684 0 0 0 0.000103612
0.00393404 0 0 0 0.000104983
0.00395132 0 0 0 0.000106372
0.00396867 0 0 0 0.00010778
0.0039861 0 0 0 0.000109206
0.0040036 0 0 0 0.000110651
0.00402119 0 0 0 0.000112115
0.00403885 0 0 0 0.000113599
0.00405658 0 0 0 0.000115102
0.0040744 0 0 0 0.000116625
0.00409229 0 0 0 0.000118169
0.00411026 0 0 0 0.000119732
0.00412831 0 0 0 0.000121317
0.00414644 0 0 0 0.000122922
0.00416465 0 0 0 0.000124549
0.00418294 0 0 0 0.000126197
0.00420131 0 0 0 0.000127867
0.00421976 0 0 0 0.000129559
0.0042383 0 0 0 0.000131273
0.00425691 0 0 0 0.000133011
0.0042756 0 0 0 0.000134771
0.00429438 0 0 0 0.000136554
0.00431324 0 0 0 0.000138361
0.00433218 0 0 0 0.000140192
0.00435121 0 0 0 0.000142047
0.00437032 0 0 0 0.000143927
0.00438951 0 0 0 0.000145831
0.00440879 0 0 0 0.000147761
0.00442815 0 0 0 0.000149716
0.0044476 0 0 0 0.000151698
0.00446713 0 0 0 0.000153705
0.00448675 0 0 0 0.000155739
0.00450645 0 0 0 0.0001578
0.00452624 0 0 0 0.000159888
0.00454612 0 0 0 0.000162004
0.00456608 0 0 0 0.000164148
0.00458614 0 0 0 0.00016632
0.00460628 0 0 0 0.000168521
0.00462651 0 0 0 0.000170751
0.00464682 0 0 0 0.00017301
0.00466723 0 0 0 0.0001753
0.00468773 0 0 0 0.000177619
0.00470831 0 0 0 0.00017997
0.00472899 0 0 0 0.000182351
0.00474976 0 0 0 0.000184764
0.00477062 0 0 0 0.000187209
0.00479157 0 0 0 0.000189687
0.00481261 0 0 0 0.000192197
0.00483375 0 0 0 0.00019474
0.00485498 0 0 0 0.000197317
0.0048763 0 0 0 0.000199928
0.00489771 0 0 0 0.000202574
0.00491922 0 0 0 0.000205254
0.00494082 0 0 0 0.00020797
0.00496252 0 0 0 0.000210722
0.00498432 0 0 0 0.000213511
0.00500621 0 0 0 0.000216336
0.00502819 0 0 0 0.000219199
0.00505027 0 0 0 0.0002221
0.00507245 0 0 0 0.000225039
0.00509473 0 0 0 0.000228016
0.0051171 0 0 0 0.000231034
0.00513958 0 0 0 0.000234091
0.00516215 0 0 0 0.000237189
0.00518482 0 0 0 0.000240327
0.00520759 0 0 0 0.000243508
0.00523046 0 0 0 0.00024673
0.00525343 0 0 0 0.000249995
0.0052765 0 0 0 0.000253303
0.00529967 0 0 0 0.000256655
0.00532294 0 0 0 0.000260051
0.00534632 0 0 0 0.000263492
0.0053698 0 0 0 0.000266979
0.00539338 0 0 0 0.000270512
0.00541707 0 0 0 0.000274092
0.00544086 0 0 0 0.000277719
0.00546475 0 0 0 0.000281394
0.00548875 0 0 0 0.000285117
0.00551286 0 0 0 0.00028889
0.00553707 0 0 0 0.000292713
0.00556138 0 0 0 0.000296587
0.00558581 0 0 0 0.000300511
0.00561034 0 0 0 0.000304488
0.00563498 0 0 0 0.000308517
0.00565972 0 0 0 0.0003126
0.00568458 0 0 0 0.000316736
0.00570954 0 0 0 0.000320928
0.00573462 0 0 0 0.000325175
0.0057598 0 0 0 0.000329478
0.0057851 0 0 0 0.000333837
0.0058105 0 0 0 0.000338255
0.00583602 0 0 0 0.000342731
0.00586165 0 0 0 0.000347266
0.00588739 0 0 0 0.000351862
0.00591325 0 0 0 0.000356518
0.00593922 0 0 0 0.000361236
0.0059653 0 0 0 0.000366016
0.0059915 0 0 0 0.000370859
0.00601781 0 0 0 0.000375767
0.00604424 0 0 0 0.000380739
0.00607078 0 0 0 0.000385778
0.00609744 0 0 0 0.000390883
0.00612422 0 0 0 0.000396055
0.00615112 0 0 0 0.000401296
0.00617813 0 0 0 0.000406606
0.00620526 0 0 0 0.000411987
0.00623251 0 0 0 0.000417439
0.00625988 0 0 0 0.000422963
0.00628737 0 0 0 0.00042856
0.00631499 0 0 0 0.000434231
0.00634272 0 0 0 0.000439977
0.00637057 0 0 0 0.000445799
0.00639855 0 0 0 0.000451698
0.00642665 0 0 0 0.000457675
0.00645488 0 0 0 0.000463732
0.00648322 0 0 0 0.000469868
0.0065117 0 0 0 0.000476086
0.00654029 0 0 0 0.000482386
0.00656901 0 0 0 0.000488769
0.00659786 0 0 0 0.000495237
0.00662684 0 0 0 0.00050179
0.00665594 0 0 0 0.000508431
0.00668517 0 0 0 0.000515159
0.00671453 0 0 0 0.000521976
0.00674402 0 0 0 0.000528883
0.00677364 0 0 0 0.000535881
0.00680338 0 0 0 0.000542973
0.00683326 0 0 0 0.000550158
0.00686327 0 0 0 0.000557438
0.00689341 0 0 0 0.000564815
0.00692369 0 0 0 0.000572289
0.00695409 0 0 0 0.000579862
0.00698463 0 0 0 0.000587535
0.00701531 0 0 0 0.00059531
0.00704611 0 0 0 0.000603187
0.00707706 0 0 0 0.000611169
0.00710814 0 0 0 0.000619257
0.00713935 0 0 0 0.000627451
0.00717071 0 0 0 0.000635754
0.0072022 0 0 0 0.000644167
0.00723383 0 0 0 0.000652691
0.0072656 0 0 0 0.000661328
0.00729751 0 0 0 0.00067008
0.00732955 0 0 0 0.000678947
0.00736174 0 0 0 0.000687931
0.00739407 0 0 0 0.000697034
0.00742654 0 0 0 0.000706258
0.00745916 0 0 0 0.000715604
0.00749192 0 0 0 0.000725073
0.00752482 0 0 0 0.000734668
0.00755786 0 0 0 0.00074439
0.00759106 0 0 0 0.00075424
0.00762439 0 0 0 0.000764221
0.00765788 0 0 0 0.000774334
0.00769151 0 0 0 0.000784581
0.00772529 0 0 0 0.000794963
0.00775921 0 0 0 0.000805483
0.00779329 0 0 0 0.000816141
0.00782751 0 0 0 0.000826941
0.00786189 0 0 0 0.000837884
0.00789642 0 0 0 0.000848972
0.00793109 0 0 0 0.000860206
0.00796592 0 0 0 0.000871589
0.00800091 0 0 0 0.000883123
0.00803605 0 0 0 0.000894809
0.00807134 0 0 0 0.00090665
0.00810678 0 0 0 0.000918647
0.00814239 0 0 0 0.000930804
0.00817814 0 0 0 0.000943121
0.00821406 0 0 0 0.000955601
0.00825013 0 0 0 0.000968246
0.00828636 0 0 0 0.000981059
0.00832275 0 0 0 0.000994041
0.00835931 0 0 0 0.0010072
0.00839602 0 0 0 0.00102052
0.00843289 0 0 0 0.00103403
0.00846992 0 0 0 0.00104771
0.00850712 0 0 0 0.00106158
0.00854448 0 0 0 0.00107562
0.008582 0 0 0 0.00108986
0.00861969 0 0 0 0.00110428
0.00865755 0 0 0 0.00111889
0.00869557 0 0 0 0.0011337
0.00873376 0 0 0 0.0011487
0.00877211 0 0 0 0.0011639
0.00881064 0 0 0 0.0011793
0.00884933 0 0 0 0.00119491
0.00888819 0 0 0 0.00121072
0.00892723 0 0 0 0.00122674
0.00896643 0 0 0 0.00124297
0.00900581 0 0 0 0.00125942
0.00904536 0 0 0 0.00127609
0.00908508 0 0 0 0.00129297
0.00912498 0 0 0 0.00131008
0.00916506 0 0 0 0.00132742
0.0092053 0 0 0 0.00134499
0.00924573 0 0 0 0.00136278
0.00928634 0 0 0 0.00138082
0.00932712 0 0 0 0.00139909
0.00936808 0 0 0 0.0014176
0.00940922 0 0 0 0.00143636
0.00945054 0 0 0 0.00145537
0.00949205 0 0 0 0.00147463
0.00953373 0 0 0 0.00149414
0.0095756 0 0 0 0.00151391
0.00961765 0 0 0 0.00153395
0.00965989 0 0 0 0.00155425
0.00970231 0 0 0 0.00157481
0.00974492 0 0 0 0.00159565
0.00978772 0 0 0 0.00161677
0.0098307 0 0 0 0.00163816
0.00987387 0 0 0 0.00165984
0.00991724 0 0 0 0.0016818
0.00996079 0 0 0 0.00170406
0.0100045 0 0 0 0.00172661
0.0100485 0 0 0 0.00174946
0.0100926 0 0 0 0.00177261
0.0101369 0 0 0 0.00179606
0.0101814 0 0 0 0.00181983
0.0102262 0 0 0 0.00184391
0.0102711 0 0 0 0.00186831
0.0103162 0 0 0 0.00189304
0.0103615 0 0 0 0.00191809
0.010407 0 0 0 0.00194347
0.0104527 0 0 0 0.00196918
0.0104986 0 0 0 0.00199524
0.0105447 0 0 0 0.00202165
0.010591 0 0 0 0.0020484
0.0106375 0 0 0 0.0020755
0.0106842 0 0 0 0.00210297
0.0107312 0 0 0 0.0021308
0.0107783 0 0 0 0.00215899
0.0108256 0 0 0 0.00218756
0.0108732 0 0 0 0.00221651
0.0109209 0 0 0 0.00224584
0.0109689 0 0 0 0.00227556
0.011017 0 0 0 0.00230567
0.0110654 0 0 0 0.00233618
0.011114 0 0 0 0.0023671
0.0111628 0 0 0 0.00239842
0.0112118 0 0 0 0.00243016
0.0112611 0 0 0 0.00246232
0.0113105 0 0 0 0.0024949
0.0113602 0 0 0 0.00252792
0.0114101 0 0 0 0.00256137
0.0114602 0 0 0 0.00259526
0.0115105 0 0 0 0.0026296
0.0115611 0 0 0 0.0026644
0.0116119 0 0 0 0.00269966
0.0116629 0 0 0 0.00273538
0.0117141 0 0 0 0.00277158
0.0117655 0 0 0 0.00280826
0.0118172 0 0 0 0.00284542
0.0118691 0 0 0 0.00288307
0.0119212 0 0 0 0.00292122
0.0119736 0 0 0 0.00295988
0.0120262 0 0 0 0.00299905
0.012079 0 0 0 0.00303873
0.012132 0 0 0 0.00307894
0.0121853 0 0 0 0.00311969
0.0122388 0 0 0 0.00316097
0.0122926 0 0 0 0.0032028
0.0123465 0 0 0 0.00324518
0.0124008 0 0 0 0.00328812
0.0124552 0 0 0 0.00333163
0.0125099 0 0 0 0.00337572
0.0125649 0 0 0 0.00342039
0.01262 0 0 0 0.00346565
0.0126755 0 0 0 0.00351151
0.0127311 0 0 0 0.00355798
0.012787 0 0 0 0.00360506
0.0128432 0 0 0 0.00365277
0.0128996 0 0 0 0.00370111
0.0129562 0 0 0 0.00375008
0.0130131 0 0 0 0.00379971
0.0130703 0 0 0 0.00384999
0.0131277 0 0 0 0.00390093
0.0131853 0 0 0 0.00395255
0.0132433 0 0 0 0.00400486
0.0133014 0 0 0 0.00405785
0.0133598 0 0 0 0.00411155
0.0134185 0 0 0 0.00416596
0.0134774 0 0 0 0.00422109
0.0135366 0 0 0 0.00427694
0.0135961 0 0 0 0.00433354
0.0136558 0 0 0 0.00439088
0.0137157 0 0 0 0.00444899
0.013776 0 0 0 0.00450786
0.0138365 0 0 0 0.00456751
0.0138972 0 0 0 0.00462795
0.0139583 0 0 0 0.0046892
0.0140196 0 0 0 0.00475125
0.0140811 0 0 0 0.00481412
0.014143 0 0 0 0.00487782
0.0142051 0 0 0 0.00494237
0.0142675 0 0 0 0.00500777
0.0143301 0 0 0 0.00507404
0.0143931 0 0 0 0.00514118
0.0144563 0 0 0 0.00520922
0.0145198 0 0 0 0.00527815
0.0145835 0 0 0 0.005348
0.0146476 0 0 0 0.00541876
0.0147119 0 0 0 0.00549047
0.0147765 0 0 0 0.00556312
0.0148414 0 0 0 0.00563674
0.0149066 0 0 0 0.00571133
0.014972 0 0 0 0.00578691
0.0150378 0 0 0 0.00586349
0.0151038 0 0 0 0.00594108
0.0151702 0 0 0 0.00601969
0.0152368 0 0 0 0.00609935
0.0153037 0 0 0 0.00618006
0.0153709 0 0 0 0.00626184
0.0154384 0 0 0 0.00634471
0.0155062 0 0 0 0.00642866
0.0155743 0 0 0 0.00651373
0.0156427 0 0 0 0.00659993
0.0157114 0 0 0 0.00668727
0.0157804 0 0 0 0.00677576
0.0158497 0 0 0 0.00686542
0.0159193 0 0 0 0.00695627
0.0159892 0 0 0 0.00704832
0.0160594 0 0 0 0.00714159
0.01613 0 0 0 0.00723609
0.0162008 0 0 0 0.00733185
0.016272 0 0 0 0.00742887
0.0163434 0 0 0 0.00752718
0.0164152 0 0 0 0.00762678
0.0164873 0 0 0 0.00772771
0.0165597 0 0 0 0.00782997
0.0166324 0 0 0 0.00793358
0.0167055 0 0 0 0.00803856
0.0167788 0 0 0 0.00814494
0.0168525 0 0 0 0.00825272
0.0169265 0 0 0 0.00836192
0.0170009 0 0 0 0.00847258
0.0170755 0 0 0 0.00858469
0.0171505 0 0 0 0.00869829
0.0172258 0 0 0 0.0088134
0.0173015 0 0 0 0.00893002
0.0173775 0 0 0 0.00904819
0.0174538 0 0 0 0.00916793
0.0175304 0 0 0 0.00928924
0.0176074 0 0 0 0.00941217
0.0176847 0 0 0 0.00953672
0.0177624 0 0 0 0.00966291
0.0178404 0 0 0 0.00979078
0.0179188 0 0 0 0.00992034
0.0179974 0 0 0 0.0100516
0.0180765 0 0 0 0.0101846
0.0181559 0 0 0 0.0103194
0.0182356 0 0 0 0.010456
0.0183157 0 0 0 0.0105943
0.0183961 0 0 0 0.0107345
0.0184769 0 0 0 0.0108766
0.0185581 0 0 0 0.0110205
0.0186396 0 0 0 0.0111663
0.0187214 0 0 0 0.0113141
0.0188036 0 0 0 0.0114638
0.0188862 0 0 0 0.0116155
0.0189692 0 0 0 0.0117692
0.0190525 0 0 0 0.0119249
0.0191361 0 0 0 0.0120827
0.0192202 0 0 0 0.0122426
0.0193046 0 0 0 0.0124046
0.0193894 0 0 0 0.0125688
0.0194745 0 0 0 0.0127351
0.01956 0 0 0 0.0129036
0.0196459 0 0 0 0.0130744
0.0197322 0 0 0 0.0132474
0.0198189 0 0 0 0.0134227
0.0199059 0 0 0 0.0136003
0.0199933 0 0 0 0.0137803
0.0200811 0 0 0 0.0139626
0.0201693 0 0 0 0.0141474
0.0202579 0 0 0 0.0143346
0.0203469 0 0 0 0.0145243
0.0204362 0 0 0 0.0147165
0.020526 0 0 0 0.0149113
0.0206161 0 0 0 0.0151086
0.0207066 0 0 0 0.0153085
0.0207976 0 0 0 0.0155111
0.0208889 0 0 0 0.0157163
0.0209807 0 0 0 0.0159243
0.0210728 0 0 0 0.016135
0.0211653 0 0 0 0.0163485
0.0212583 0 0 0 0.0165649
0.0213517 0 0 0 0.0167841
0.0214454 0 0 0 0.0170062
0.0215396 0 0 0 0.0172312
0.0216342 0 0 0 0.0174592
0.0217292 0 0 0 0.0176903
0.0218246 0 0 0 0.0179244
0.0219205 0 0 0 0.0181616
0.0220167 0 0 0 0.0184019
0.0221134 0 0 0 0.0186454
0.0222105 0 0 0 0.0188921
0.0223081 0 0 0 0.0191421
0.0224061 0 0 0 0.0193954
0.0225045 0 0 0 0.0196521
0.0226033 0 0 0 0.0199121
0.0227026 0 0 0 0.0201756
0.0228023 0 0 0 0.0204426
0.0229024 0 0 0 0.0207131
0.023003 0 0 0 0.0209872
0.023104 0 0 0 0.0212649
0.0232055 0 0 0 0.0215463
0.0233074 0 0 0 0.0218315
0.0234097 0 0 0 0.0221204
0.0235125 0 0 0 0.0224131
0.0236158 0 0 0 0.0227097
0.0237195 0 0 0 0.0230102
0.0238237 0 0 0 0.0233147
0.0239283 0 0 0 0.0236232
0.0240334 0 0 0 0.0239358
0.0241389 0 0 0 0.0242525
0.0242449 0 0 0 0.0245735
0.0243514 0 0 0 0.0248986
0.0244584 0 0 0 0.0252281
0.0245658 0 0 0 0.025562
0.0246737 0 0 0 0.0259002
0.024782 0 0 0 0.026243
0.0248908 0 0 0 0.0265902
0.0250002 0 0 0 0.0269421
0.0251099 0 0 0 0.0272986
0.0252202 0 0 0 0.0276598
0.025331 0 0 0 0.0280259
0.0254422 0 0 0 0.0283967
0.025554 0 0 0 0.0287725
0.0256662 0 0 0 0.0291532
0.0257789 0 0 0 0.029539
0.0258921 0 0 0 0.0299299
0.0260058 0 0 0 0.030326
0.02612 0 0 0 0.0307273
0.0262347 0 0 0 0.0311339
0.0263499 0 0 0 0.0315459
0.0264657 0 0 0 0.0319633
0.0265819 0 0 0 0.0323863
0.0266986 0 0 0 0.0328148
0.0268159 0 0 0 0.0332491
0.0269337 0 0 0 0.0336891
0.0270519 0 0 0 0.0341349
0.0271707 0 0 0 0.0345866
0.0272901 0 0 0 0.0350442
0.0274099 0 0 0 0.035508
0.0275303 0 0 0 0.0359778
0.0276512 0 0 0 0.0364539
0.0277726 0 0 0 0.0369363
0.0278946 0 0 0 0.0374251
0.0280171 0 0 0 0.0379203
0.0281401 0 0 0 0.0384221
0.0282637 0 0 0 0.0389306
0.0283878 0 0 0 0.0394457
0.0285125 0 0 0 0.0399677
0.0286377 0 0 0 0.0404966
0.0287635 0 0 0 0.0410325
0.0288898 0 0 0 0.0415755
0.0290167 0 0 0 0.0421256
0.0291441 0 0 0 0.0426831
0.0292721 0 0 0 0.0432479
0.0294007 0 0 0 0.0438202
0.0295298 0 0 0 0.0444001
0.0296595 0 0 0 0.0449876
0.0297897 0 0 0 0.0455829
0.0299205 0 0 0 0.0461861
0.0300519 0 0 0 0.0467973
0.0301839 0 0 0 0.0474165
0.0303165 0 0 0 0.048044
0.0304496 0 0 0 0.0486798
0.0305833 0 0 0 0.0493239
0.0307176 0 0 0 0.0499766
0.0308525 0 0 0 0.050638
0.030988 0 0 0 0.051308
0.0311241 0 0 0 0.051987
0.0312608 0 0 0 0.0526749
0.0313981 0 0 0 0.053372
0.031536 0 0 0 0.0540782
0.0316745 0 0 0 0.0547938
0.0318136 0 0 0 0.0555189
0.0319533 0 0 0 0.0562536
0.0320936 0 0 0 0.056998
0.0322346 0 0 0 0.0577522
0.0323761 0 0 0 0.0585165
0.0325183 0 0 0 0.0592908
0.0326611 0 0 0 0.0600754
0.0328046 0 0 0 0.0608704
0.0329486 0 0 0 0.0616759
0.0330933 0 0 0 0.062492
0.0332387 0 0 0 0.063319
0.0333846 0 0 0 0.0641568
0.0335312 0 0 0 0.0650058
0.0336785 0 0 0 0.065866
0.0338264 0 0 0 0.0667376
0.033975 0 0 0 0.0676208
0.0341242 0 0 0 0.0685156
0.034274 0 0 0 0.0694222
0.0344245 0 0 0 0.0703409
0.0345757 0 0 0 0.0712717
0.0347276 0 0 0 0.0722148
0.0348801 0 0 0 0.0731704
0.0350333 0 0 0 0.0741387
0.0351871 0 0 0 0.0751198
0.0353416 0 0 0 0.0761138
0.0354969 0 0 0 0.077121
0.0356527 0 0 0 0.0781416
0.0358093 0 0 0 0.0791756
0.0359666 0 0 0 0.0802233
0.0361245 0 0 0 0.0812849
0.0362832 0 0 0 0.0823605
0.0364425 0 0 0 0.0834504
0.0366026 0 0 0 0.0845547
0.0367633 0 0 0 0.0856736
0.0369248 0 0 0 0.0868073
0.0370869 0 0 0 0.087956
0.0372498 0 0 0 0.0891199
0.0374134 0 0 0 0.0902992
0.0375777 0 0 0 0.0914941
0.0377427 0 0 0 0.0927049
0.0379085 0 0 0 0.0939316
0.0380749 0 0 0 0.0951746
0.0382422 0 0 0 0.096434
0.0384101 0 0 0 0.0977101
0.0385788 0 0 0 0.0990031
0.0387482 0 0 0 0.100313
0.0389184 0 0 0 0.101641
0.0390893 0 0 0 0.102986
0.039261 0 0 0 0.104348
0.0394334 0 0 0 0.105729
0.0396066 0 0 0 0.107128
0.0397805 0 0 0 0.108546
0.0399552 0 0 0 0.109982
0.0401307 0 0 0 0.111438
0.0403069 0 0 0 0.112912
0.0404839 0 0 0 0.114407
0.0406617 0 0 0 0.11592
0.0408403 0 0 0 0.117454
0.0410196 0 0 0 0.119009
0.0411998 0 0 0 0.120584
0.0413807 0 0 0 0.122179
0.0415624 0 0 0 0.123796
0.041745 0 0 0 0.125434
0.0419283 0 0 0 0.127094
0.0421124 0 0 0 0.128776
0.0422974 0 0 0 0.13048
0.0424831 0 0 0 0.132207
0.0426697 0 0 0 0.133956
0.0428571 0 0 0 0.135729
0.0430453 0 0 0 0.137525
0.0432344 0 0 0 0.139345
0.0434242 0 0 0 0.141188
0.0436149 0 0 0 0.143057
0.0438065 0 0 0 0.14495
0.0439988 0 0 0 0.146868
0.0441921 0 0 0 0.148811
0.0443862 0 0 0 0.150781
0.0445811 0 0 0 0.152776
0.0447769 0 0 0 0.154798
0.0449735 0 0 0 0.156846
0.045171 0 0 0 0.158921
0.0453694 0 0 0 0.161024
0.0455686 0 0 0 0.163155
0.0457688 0 0 0 0.165314
0.0459698 459.562 2.17797e-06 6 0.167502
0.0461716 0 0 0 0.169718
0.0463744 0 0 0 0.171964
0.0465781 0 0 0 0.17424
0.0467826 0 0 0 0.176546
0.0469881 0 0 0 0.178882
0.0471944 0 0 0 0.181249
0.0474017 0 0 0 0.183647
0.0476099 0 0 0 0.186078
0.0478189 0 0 0 0.18854
0.048029 0 0 0 0.191035
0.0482399 0 0 0 0.193563
0.0484517 0 0 0 0.196124
0.0486645 0 0 0 0.198719
0.0488782 0 0 0 0.201349
0.0490929 0 0 0 0.204013
0.0493085 0 0 0 0.206713
0.049525 0 0 0 0.209449
0.0497425 0 0 0 0.21222
0.049961 0 0 0 0.215028
0.0501804 0 0 0 0.217874
0.0504008 0 0 0 0.220757
0.0506221 0 0 0 0.223678
0.0508444 0 0 0 0.226638
0.0510677 0 0 0 0.229637
0.051292 0 0 0 0.232676
0.0515172 0 0 0 0.235755
0.0517435 0 0 0 0.238875
0.0519707 0 0 0 0.242036
0.052199 0 0 0 0.245238
0.0524282 0 0 0 0.248484
0.0526584 0 0 0 0.251772
0.0528897 0 0 0 0.255103
0.053122 0 0 0 0.258479
0.0533553 0 0 0 0.2619
0.0535896 0 0 0 0.265365
0.0538249 0 0 0 0.268877
0.0540613 0 0 0 0.272435
0.0542987 0 0 0 0.27604
0.0545372 0 0 0 0.279693
0.0547767 0 0 0 0.283394
0.0550173 0 0 0 0.287144
0.0552589 0 0 0 0.290944
0.0555015 0 0 0 0.294794
0.0557453 0 0 0 0.298695
0.0559901 0 0 0 0.302647
0.056236 0 0 0 0.306652
0.056483 0 0 0 0.31071
0.056731 0 0 0 0.314822
0.0569802 0 0 0 0.318988
0.0572304 0 0 0 0.323209
0.0574817 0 0 0 0.327486
0.0577342 0 0 0 0.331819
0.0579877 0 0 0 0.33621
0.0582424 0 0 0 0.340659
0.0584982 0 0 0 0.345167
0.0587551 0 0 0 0.349735
0.0590131 0 0 0 0.354363
0.0592723 0 0 0 0.359052
0.0595326 0 0 0 0.363803
0.059794 0 0 0 0.368617
0.0600566 0 0 0 0.373495
0.0603203 0 0 0 0.378438
0.0605852 0 0 0 0.383446
0.0608513 0 0 0 0.38852
0.0611186 0 0 0 0.393661
0.061387 0 0 0 0.39887
0.0616566 0 0 0 0.404148
0.0619273 0 0 0 0.409496
0.0621993 0 0 0 0.414915
0.0624724 0 0 0 0.420406
0.0627468 0 0 0 0.425969
0.0630224 0 0 0 0.431606
0.0632991 0 0 0 0.437317
0.0635771 0 0 0 0.443104
0.0638563 0 0 0 0.448968
0.0641368 0 0 0 0.454909
0.0644184 0 0 0 0.460928
0.0647013 0 0 0 0.467028
0.0649855 245.073 4.11123e-07 12 0.473208
0.0652709 0 0 0 0.47947
0.0655575 0 0 0 0.485815
0.0658454 0 0 0 0.492243
0.0661346 0 0 0 0.498757
0.066425 0 0 0 0.505357
0.0667167 0 0 0 0.512044
0.0670097 0 0 0 0.51882
0.067304 0 0 0 0.525686
0.0675996 0 0 0 0.532642
0.0678965 0 0 0 0.53969
0.0681946 0 0 0 0.546832
0.0684941 0 0 0 0.554068
0.0687949 0 0 0 0.5614
0.0690971 0 0 0 0.568829
0.0694005 0 0 0 0.576356
0.0697053 0 0 0 0.583983
0.0700114 0 0 0 0.591711
0.0703189 0 0 0 0.599541
0.0706277 0 0 0 0.607475
0.0709379 0 0 0 0.615513
0.0712494 0 0 0 0.623658
0.0715623 0 0 0 0.631911
0.0718766 0 0 0 0.640273
0.0721922 0 0 0 0.648746
0.0725093 0 0 0 0.657331
0.0728277 0 0 0 0.666029
0.0731475 0 0 0 0.674842
0.0734688 0 0 0 0.683772
0.0737914 0 0 0 0.692821
0.0741155 0 0 0 0.701989
0.074441 0 0 0 0.711278
0.0747679 0 0 0 0.72069
0.0750963 0 0 0 0.730227
0.0754261 0 0 0 0.73989
0.0757573 0 0 0 0.749681
0.07609 0 0 0 0.759601
0.0764242 0 0 0 0.769653
0.0767598 0 0 0 0.779838
0.0770969 0 0 0 0.790157
0.0774355 0 0 0 0.800613
0.0777755 0 0 0 0.811208
0.0781171 0 0 0 0.821942
0.0784602 0 0 0 0.832819
0.0788047 0 0 0 0.84384
0.0791508 0 0 0 0.855006
0.0794984 427.088 3.91352e-07 8 0.86632
0.0798475 0 0 0 0.877784
0.0801982 0 0 0 0.8894
0.0805504 0 0 0 0.901169
0.0809042 0 0 0 0.913094
0.0812595 0 0 0 0.925177
0.0816163 0 0 0 0.93742
0.0819747 0 0 0 0.949825
0.0823347 0 0 0 0.962393
0.0826963 0 0 0 0.975129
0.0830595 0 0 0 0.988032
0.0834243 0 0 0 1.00111
0.0837906 0 0 0 1.01435
0.0841586 0 0 0 1.02778
0.0845282 0 0 0 1.04138
0.0848994 0 0 0 1.05516
0.0852723 0 0 0 1.06912
0.0856468 0 0 0 1.08327
0.0860229 0 0 0 1.0976
0.0864007 0 0 0 1.11213
0.0867801 0 0 0 1.12684
0.0871612 0 0 0 1.14176
0.087544 0 0 0 1.15686
0.0879285 0 0 0 1.17217
0.0883146 0 0 0 1.18768
0.0887025 0 0 0 1.2034
0.089092 0 0 0 1.21933
0.0894833 0 0 0 1.23546
0.0898763 0 0 0 1.25181
0.090271 0 0 0 1.26837
0.0906674 0 0 0 1.28516
0.0910656 0 0 0 1.30216
0.0914655 0 0 0 1.3194
0.0918672 913.344 5.42349e-07 6 1.33686
0.0922706 0 0 0 1.35455
0.0926759 0 0 0 1.37247
0.0930829 0 0 0 1.39063
0.0934916 0 0 0 1.40903
0.0939022 0 0 0 1.42768
0.0943146 0 0 0 1.44657
0.0947288 0 0 0 1.46571
0.0951448 0 0 0 1.48511
0.0955627 0 0 0 1.50476
0.0959823 0 0 0 1.52467
0.0964039 0 0 0 1.54485
0.0968272 0 0 0 1.56529
0.0972525 0 0 0 1.58601
0.0976796 0 0 0 1.60699
0.0981085 0 0 0 1.62826
0.0985394 0 0 0 1.64981
0.0989721 0 0 0 1.67164
0.0994068 0 0 0 1.69376
0.0998433 0 0 0 1.71617
0.100282 0 0 0 1.73888
0.100722 0 0 0 1.76189
0.101165 0 0 0 1.78521
0.101609 0 0 0 1.80883
0.102055 0 0 0 1.83277
0.102503 0 0 0 1.85702
0.102953 707.075 2.98311e-07 24 1.88159
0.103406 0 0 0 1.90649
0.10386 0 0 0 1.93172
0.104316 0 0 0 1.95728
0.104774 0 0 0 1.98318
0.105234 0 0 0 2.00942
0.105696 0 0 0 2.03602
0.10616 0 0 0 2.06296
0.106627 0 0 0 2.09026
0.107095 0 0 0 2.11792
0.107565 0 0 0 2.14594
0.108038 0 0 0 2.17434
0.108512 0 0 0 2.20311
0.108989 0 0 0 2.23227
0.109467 0 0 0 2.26181
0.109948 0 0 0 2.29174
0.110431 0 0 0 2.32206
0.110916 0 0 0 2.35279
0.111403 0 0 0 2.38392
0.111892 0 0 0 2.41547
0.112384 508.113 1.64808e-07 24 2.44743
0.112877 0 0 0 2.47982
0.113373 0 0 0 2.51263
0.113871 0 0 0 2.54588
0.114371 0 0 0 2.57957
0.114873 0 0 0 2.61371
0.115377 0 0 0 2.6483
0.115884 0 0 0 2.68334
0.116393 0 0 0 2.71885
0.116904 0 0 0 2.75483
0.117418 0 0 0 2.79128
0.117933 0 0 0 2.82822
0.118451 0 0 0 2.86564
0.118971 0 0 0 2.90356
0.119494 0 0 0 2.94199
0.120019 0 0 0 2.98092
0.120546 0 0 0 3.02036
0.121075 0 0 0 3.06033
0.121607 0 0 0 3.10083
0.122141 0 0 0 3.14186
0.122677 0 0 0 3.18344
0.123216 0 0 0 3.22556
0.123757 0 0 0 3.26825
0.124301 0 0 0 3.31149
0.124847 0 0 0 3.35531
0.125395 0 0 0 3.39972
0.125946 0 0 0 3.4447
0.126499 0 0 0 3.49029
0.127054 0 0 0 3.53647
0.127612 0 0 0 3.58327
0.128173 0 0 0 3.63069
0.128736 0 0 0 3.67873
0.129301 0 0 0 3.72741
0.129869 724.242 1.52229e-07 12 3.77674
0.130439 0 0 0 3.82671
0.131012 0 0 0 3.87735
0.131587 0 0 0 3.92866
0.132165 0 0 0 3.98065
0.132746 0 0 0 4.03332
0.133329 0 0 0 4.0867
0.133914 0 0 0 4.14077
0.134502 0 0 0 4.19557
0.135093 0 0 0 4.25109
0.135686 0 0 0 4.30734
0.136282 0 0 0 4.36434
0.136881 0 0 0 4.42209
0.137482 0 0 0 4.48061
0.138085 929.112 1.62461e-07 30 4.5399
0.138692 0 0 0 4.59998
0.139301 0 0 0 4.66085
0.139913 0 0 0 4.72253
0.140527 0 0 0 4.78502
0.141144 0 0 0 4.84834
0.141764 0 0 0 4.91249
0.142387 0 0 0 4.9775
0.143012 0 0 0 5.04337
0.14364 0 0 0 5.11011
0.144271 0 0 0 5.17773
0.144904 0 0 0 5.24624
0.145541 584.756 8.73264e-08 24 5.31567
0.14618 0 0 0 5.38601
0.146822 0 0 0 5.45728
0.147467 0 0 0 5.5295
0.148114 0 0 0 5.60267
0.148765 0 0 0 5.67681
0.149418 0 0 0 5.75193
0.150074 0 0 0 5.82804
0.150733 0 0 0 5.90516
0.151395 0 0 0 5.98331
0.15206 0 0 0 6.06248
0.152728 1613.69 2.0854e-07 24 6.14271
0.153399 0 0 0 6.22399
0.154072 0 0 0 6.30635
0.154749 0 0 0 6.3898
0.155429 0 0 0 6.47436
0.156111 0 0 0 6.56003
0.156797 0 0 0 6.64684
0.157485 0 0 0 6.7348
0.158177 0 0 0 6.82392
0.158872 893.827 1.02622e-07 8 6.91422
0.159569 0 0 0 7.00571
0.16027 0 0 0 7.09842
0.160974 0 0 0 7.19235
0.161681 0 0 0 7.28753
0.162391 0 0 0 7.38396
0.163104 0 0 0 7.48167
0.163821 0 0 0 7.58068
0.16454 0 0 0 7.68099
0.165263 0 0 0 7.78263
0.165988 1466.96 1.47676e-07 24 7.88562
0.166717 0 0 0 7.98997
0.167449 0 0 0 8.0957
0.168185 0 0 0 8.20283
0.168923 0 0 0 8.31138
0.169665 0 0 0 8.42136
0.17041 0 0 0 8.5328
0.171159 0 0 0 8.64571
0.17191 1380.17 1.2507e-07 48 8.76012
0.172665 0 0 0 8.87604
0.173424 0 0 0 8.9935
0.174185 0 0 0 9.11251
0.17495 0 0 0 9.23309
0.175719 0 0 0 9.35527
0.17649 0 0 0 9.47907
0.177265 0 0 0 9.6045
0.178044 0 0 0 9.7316
0.178826 0 0 0 9.86037
0.179611 0 0 0 9.99086
0.1804 0 0 0 10.1231
0.181192 0 0 0 10.257
0.181988 0 0 0 10.3928
0.182787 0 0 0 10.5303
0.18359 849.947 6.32371e-08 6 10.6696
0.184396 0 0 0 10.8108
0.185206 0 0 0 10.9539
0.186019 0 0 0 11.0988
0.186836 0 0 0 11.2457
0.187657 0 0 0 11.3945
0.188481 0 0 0 11.5453
0.189309 1057.96 7.17935e-08 48 11.6981
0.19014 0 0 0 11.8529
0.190975 0 0 0 12.0097
0.191814 0 0 0 12.1686
0.192656 0 0 0 12.3297
0.193502 0 0 0 12.4928
0.194352 0 0 0 12.6581
0.195205 1208.96 7.48275e-08 36 12.8256
0.196063 0 0 0 12.9954
0.196924 0 0 0 13.1673
0.197789 0 0 0 13.3416
0.198657 0 0 0 13.5181
0.19953 0 0 0 13.697
0.200406 858.283 4.90936e-08 24 13.8782
0.201286 0 0 0 14.0619
0.20217 0 0 0 14.248
0.203058 0 0 0 14.4365
0.20395 0 0 0 14.6275
0.204845 0 0 0 14.8211
0.205745 1748.14 9.24093e-08 24 15.0172
0.206648 0 0 0 15.216
0.207556 0 0 0 15.4173
0.208467 0 0 0 15.6213
0.209383 0 0 0 15.828
0.210302 1790.81 8.86424e-08 48 16.0375
0.211226 0 0 0 16.2497
0.212154 0 0 0 16.4647
0.213085 0 0 0 16.6826
0.214021 0 0 0 16.9034
0.214961 0 0 0 17.1271
0.215905 1482.5 6.78161e-08 24 17.3537
0.216853 0 0 0 17.5833
0.217806 0 0 0 17.816
0.218762 0 0 0 18.0518
0.219723 0 0 0 18.2906
0.220688 0 0 0 18.5327
0.221657 0 0 0 18.7779
0.22263 0 0 0 19.0264
0.223608 0 0 0 19.2782
0.22459 0 0 0 19.5333
0.225577 1373.11 5.50745e-08 24 19.7918
0.226567 0 0 0 20.0537
0.227562 0 0 0 20.319
0.228562 0 0 0 20.5879
0.229565 1114.2 4.24005e-08 30 20.8604
0.230573 0 0 0 21.1364
0.231586 0 0 0 21.4161
0.232603 0 0 0 21.6995
0.233625 0 0 0 21.9866
0.234651 1306.18 4.65439e-08 72 22.2776
0.235681 0 0 0 22.5724
0.236716 0 0 0 22.8711
0.237756 0 0 0 23.1737
0.2388 1593.45 5.3872e-08 32 23.4804
0.239849 0 0 0 23.7911
0.240902 0 0 0 24.1059
0.24196 0 0 0 24.4249
0.243022 0 0 0 24.7481
0.24409 0 0 0 25.0756
0.245162 0 0 0 25.4074
0.246238 0 0 0 25.7437
0.24732 1894.22 5.76473e-08 72 26.0843
0.248406 0 0 0 26.4295
0.249497 0 0 0 26.7792
0.250592 0 0 0 27.1336
0.251693 2223.42 6.41999e-08 48 27.4926
0.252798 0 0 0 27.8564
0.253909 0 0 0 28.2251
0.255024 0 0 0 28.5986
0.256144 0 0 0 28.977
0.257268 0 0 0 29.3605
0.258398 0 0 0 29.749
0.259533 1107.85 2.91761e-08 12 30.1426
0.260673 0 0 0 30.5415
0.261818 0 0 0 30.9457
0.262967 0 0 0 31.3552
0.264122 2022.52 5.05363e-08 48 31.7701
0.265282 0 0 0 32.1905
0.266447 0 0 0 32.6165
0.267617 2053.23 4.93197e-08 48 33.0481
0.268793 0 0 0 33.4854
0.269973 0 0 0 33.9285
0.271159 0 0 0 34.3775
0.27235 1485.06 3.38447e-08 48 34.8324
0.273546 0 0 0 35.2933
0.274747 0 0 0 35.7604
0.275954 1477.21 3.23638e-08 30 36.2336
0.277165 0 0 0 36.713
0.278383 0 0 0 37.1989
0.279605 1047.33 2.20583e-08 24 37.6911
0.280833 0 0 0 38.1899
0.282066 0 0 0 38.6952
0.283305 1548.55 3.13536e-08 72 39.2073
0.284549 0 0 0 39.7261
0.285799 0 0 0 40.2518
0.287054 0 0 0 40.7844
0.288315 0 0 0 41.3241
0.289581 0 0 0 41.871
0.290853 1522.78 2.84934e-08 24 42.4251
0.29213 0 0 0 42.9865
0.293413 0 0 0 43.5553
0.294702 1658.78 2.98378e-08 96 44.1317
0.295996 0 0 0 44.7156
0.297296 1385.8 2.42807e-08 48 45.3074
0.298601 0 0 0 45.9069
0.299913 0 0 0 46.5144
0.30123 1450.69 2.44347e-08 24 47.1299
0.302553 0 0 0 47.7536
0.303881 0 0 0 48.3855
0.305216 2073.13 3.35684e-08 24 49.0258
0.306556 0 0 0 49.6745
0.307903 1928.78 3.04206e-08 72 50.3319
0.309255 0 0 0 50.9979
0.310613 0 0 0 51.6727
0.311977 1967.31 2.98284e-08 48 52.3565
0.313347 0 0 0 53.0493
0.314723 0 0 0 53.7513
0.316105 0 0 0 54.4626
0.317494 0 0 0 55.1833
0.318888 573.751 8.14582e-09 8 55.9135
0.320288 0 0 0 56.6534
0.321695 1675.83 2.31751e-08 54 57.4031
0.323108 0 0 0 58.1627
0.324527 1294.97 1.74436e-08 84 58.9324
0.325952 0 0 0 59.7122
0.327383 0 0 0 60.5024
0.328821 1497.37 1.93899e-08 48 61.303
0.330265 0 0 0 62.1142
0.331716 1202.47 1.51671e-08 24 62.9362
0.333172 0 0 0 63.769
0.334635 1784.26 2.19214e-08 72 64.6129
0.336105 0 0 0 65.4679
0.337581 1617.92 1.93619e-08 96 66.3342
0.339064 0 0 0 67.212
0.340553 0 0 0 68.1014
0.342048 0 0 0 69.0026
0.34355 1515.33 1.72053e-08 48 69.9157
0.345059 0 0 0 70.8409
0.346575 1508.46 1.66828e-08 48 71.7783
0.348097 0 0 0 72.7281
0.349625 1445.56 1.55723e-08 24 73.6905
0.351161 0 0 0 74.6657
0.352703 1564.72 1.64186e-08 72 75.6537
0.354252 0 0 0 76.6548
0.355808 0 0 0 77.6692
0.35737 0 0 0 78.697
0.35894 1234.72 1.22922e-08 72 79.7384
0.360516 0 0 0 80.7935
0.362099 1480.89 1.43604e-08 96 81.8627
0.363689 0 0 0 82.9459
0.365287 0 0 0 84.0436
0.366891 1277.93 1.1913e-08 6 85.1557
0.368502 0 0 0 86.2825
0.37012 2015.28 1.82991e-08 96 87.4243
0.371746 0 0 0 88.5812
0.373378 2099.98 1.85735e-08 96 89.7534
0.375018 0 0 0 90.9411
0.376665 1677.25 1.44496e-08 24 92.1445
0.378319 1628.92 1.385e-08 48 93.3638
0.379981 0 0 0 94.5993
0.381649 1494.97 1.23812e-08 96 95.8511
0.383326 0 0 0 97.1195
0.385009 1573.67 1.26948e-08 48 98.4047
0.3867 0 0 0 99.7068
0.388398 0 0 0 101.026
0.390104 2104.54 1.63208e-08 36 102.363
0.391817 1041.05 7.96796e-09 48 103.718
0.393538 0 0 0 105.09
0.395266 1464.27 1.09164e-08 120 106.481
0.397002 0 0 0 107.89
0.398745 1675.22 1.2165e-08 56 109.318
0.400496 1586.6 1.1371e-08 24 110.764
0.402255 0 0 0 112.23
0.404022 1685.69 1.17676e-08 96 113.715
0.405796 1790.77 1.23379e-08 48 115.22
0.407578 0 0 0 116.744
0.409368 0 0 0 118.289
0.411166 2804.85 1.85774e-08 24 119.855
0.412972 1768.62 1.15611e-08 102 121.441
0.414785 0 0 0 123.048
0.416607 2083.09 1.32634e-08 48 124.676
0.418436 1535.23 9.64742e-09 72 126.326
0.420274 0 0 0 127.997
0.42212 2004.84 1.22715e-08 48 129.691
0.423974 2271.37 1.37214e-08 48 131.407
0.425836 2348.5 1.4002e-08 120 133.146
0.427706 0 0 0 134.908
0.429584 0 0 0 136.693
0.431471 1342.2 7.6929e-09 24 138.502
0.433365 2107.99 1.19243e-08 144 140.335
0.435269 2090.78 1.16725e-08 120 142.192
0.43718 0 0 0 144.074
0.4391 2397.46 1.30373e-08 48 145.98
0.441028 0 0 0 147.912
0.442965 1841.3 9.75306e-09 48 149.869
0.444911 1625.55 8.49783e-09 96 151.852
0.446865 0 0 0 153.862
0.448827 0 0 0 155.898
0.450798 1463.38 7.3542e-09 24 157.961
0.452778 2194.83 1.08861e-08 48 160.051
0.454766 2208.78 1.08122e-08 108 162.169
0.456763 2053.97 9.92304e-09 72 164.315
0.458769 2468.48 1.17699e-08 30 166.489
0.460784 0 0 0 168.692
0.462808 2213.5 1.02802e-08 168 170.925
0.46484 1961.21 8.98955e-09 48 173.187
0.466882 0 0 0 175.478
0.468932 1976.49 8.82451e-09 72 177.8
0.470991 2167.05 9.54896e-09 96 180.153
0.47306 1613.24 7.01579e-09 72 182.537
0.475137 2024.96 8.6913e-09 72 184.953
0.477224 1560.56 6.61056e-09 32 187.4
0.47932 1692.7 7.07668e-09 72 189.88
0.481425 2118.99 8.7432e-09 144 192.393
0.483539 0 0 0 194.939
0.485663 0 0 0 197.518
0.487795 1874.81 7.4365e-09 96 200.132
0.489938 1926.99 7.54366e-09 96 202.78
0.492089 1637.06 6.32496e-09 48 205.464
0.49425 1653.57 6.30533e-09 72 208.182
0.496421 2110.5 7.94258e-09 120 210.937
0.498601 2512.06 9.33031e-09 72 213.729
0.500791 0 0 0 216.557
0.50299 1816.18 6.57063e-09 48 219.422
0.505199 1757.14 6.27402e-09 78 222.326
0.507418 1648.11 5.80784e-09 120 225.268
0.509646 2768.55 9.62879e-09 48 228.249
0.511884 0 0 0 231.269
0.514132 2694.67 9.12865e-09 144 234.33
0.51639 2226.98 7.44574e-09 144 237.431
0.518658 0 0 0 240.573
0.520936 2013.12 6.55608e-09 156 243.756
0.523223 2080.21 6.68608e-09 48 246.982
0.525521 2063.15 6.54464e-09 120 250.25
0.527829 1836.96 5.75102e-09 48 253.561
0.530147 2976.74 9.19767e-09 48 256.917
0.532475 2576.93 7.85832e-09 168 260.316
0.534814 2918.93 8.78498e-09 48 263.761
0.537162 2276.56 6.7622e-09 96 267.252
0.539522 1794.23 5.2599e-09 96 270.788
0.541891 2580.87 7.46716e-09 72 274.371
0.544271 2667.46 7.61691e-09 48 278.002
0.546661 2449.28 6.90257e-09 144 281.681
0.549062 0 0 0 285.408
0.551473 1640.17 4.50239e-09 30 289.185
0.553895 2587.27 7.00948e-09 96 293.012
0.556327 2073.68 5.54467e-09 248 296.889
0.558771 1731.04 4.56807e-09 24 300.818
0.561224 2375.41 6.18663e-09 168 304.799
0.563689 2168.6 5.57424e-09 120 308.832
0.566165 2453.26 6.22358e-09 72 312.919
0.568651 2278.77 5.70542e-09 144 317.059
0.571148 2572.84 6.35758e-09 192 321.255
0.573657 0 0 0 325.506
0.576176 1950.65 4.69505e-09 72 329.814
0.578706 2726.93 6.47775e-09 96 334.178
0.581248 1669.23 3.91344e-09 24 338.6
0.5838 2220.23 5.13724e-09 300 343.081
0.586364 3151.97 7.19789e-09 24 347.621
0.588939 2171.22 4.89348e-09 96 352.221
0.591526 2439.86 5.42712e-09 216 356.882
0.594124 0 0 0 361.604
0.596733 2671.27 5.78767e-09 126 366.389
0.599353 1956.71 4.1841e-09 144 371.238
0.601985 2596.85 5.48043e-09 144 376.15
0.604629 2387.29 4.97238e-09 168 381.128
0.607285 2416.72 4.96793e-09 144 386.171
0.609951 1600.48 3.24705e-09 24 391.281
0.61263 2021.13 4.04691e-09 144 396.459
0.615321 2393.39 4.72971e-09 192 401.705
0.618023 2537.6 4.9492e-09 120 407.021
0.620737 2618.97 5.04119e-09 144 412.407
0.623463 2338.91 4.44331e-09 48 417.864
0.626201 2896.17 5.4301e-09 336 423.394
0.628951 2489.84 4.6073e-09 48 428.997
0.631713 2395.03 4.37399e-09 192 434.674
0.634488 2172.3 3.91539e-09 48 440.425
0.637274 2697.46 4.79846e-09 56 446.254
0.640073 2627.22 4.61247e-09 240 452.159
0.642884 2396.63 4.15269e-09 150 458.142
0.645707 2908.44 4.9737e-09 240 464.205
0.648543 3029.71 5.11341e-09 84 470.347
0.651391 2172.26 3.61836e-09 144 476.571
0.654252 2621.37 4.30942e-09 168 482.878
0.657125 2909.16 4.72009e-09 144 489.268
0.660011 2771.96 4.43874e-09 240 495.742
0.662909 1881.18 2.97299e-09 24 502.302
0.66582 2452.11 3.82467e-09 336 508.949
0.668744 2472.89 3.80671e-09 144 515.684
0.671681 3176.23 4.82555e-09 168 522.508
0.674631 2591.71 3.88608e-09 96 529.422
0.677594 2902.85 4.29578e-09 216 536.428
0.68057 2223.21 3.24704e-09 96 543.527
0.683558 2566.09 3.69888e-09 336 550.719
0.68656 2694.88 3.83379e-09 48 558.007
0.689575 2395.78 3.36377e-09 246 565.391
0.692604 2508.22 3.47566e-09 168 572.872
0.695646 3048.45 4.16908e-09 360 580.453
0.698701 3468.48 4.68157e-09 24 588.134
0.701769 2912.83 3.88023e-09 360 595.917
0.704851 2748.75 3.61384e-09 120 603.803
0.707946 3170.51 4.1139e-09 240 611.793
0.711055 0 0 0 619.888
0.714178 2537.83 3.20752e-09 276 628.091
0.717315 2632.06 3.28317e-09 176 636.403
0.720465 2703.93 3.32876e-09 312 644.824
0.723629 2981.64 3.62271e-09 240 653.357
0.726807 2796.1 3.35291e-09 312 662.003
0.729999 2889.97 3.42021e-09 48 670.763
0.733204 2686.67 3.13809e-09 192 679.639
0.736424 3117.49 3.59373e-09 198 688.633
0.739659 2442.6 2.77897e-09 288 697.745
0.742907 2992.29 3.3599e-09 288 706.978
0.746169 3119.61 3.45712e-09 96 716.334
0.749446 2972.51 3.25108e-09 384 725.813
0.752738 3186.25 3.43933e-09 288 735.418
0.756043 2762.16 2.94262e-09 192 745.149
0.759364 3325.12 3.4961e-09 288 755.01
0.762698 2954.21 3.06555e-09 216 765.001
0.766048 2652.31 2.71633e-09 240 775.124
0.769412 2958.94 2.99078e-09 288 785.381
0.772791 2458.44 2.45245e-09 168 795.774
0.776185 3393.45 3.34096e-09 336 806.304
0.779594 2900.47 2.81831e-09 138 816.974
0.783017 3175.94 3.04568e-09 336 827.785
0.786456 2852.68 2.69995e-09 432 838.739
0.78991 3746.53 3.49963e-09 120 849.838
0.793379 3044.41 2.80664e-09 456 861.083
0.796863 2614.05 2.37842e-09 152 872.478
0.800363 3101.18 2.78478e-09 168 884.023
0.803878 3170.44 2.8098e-09 504 895.722
0.807408 3219.39 2.81592e-09 336 907.575
0.810954 3784.84 3.26727e-09 48 919.584
0.814515 3090.49 2.63302e-09 552 931.753
0.818092 3011.52 2.53223e-09 264 944.083
0.821685 3900.42 3.23684e-09 264 956.576
0.825294 3661.4 2.9988e-09 192 969.234
0.828918 3111.11 2.51481e-09 534 982.06
0.832558 3024.2 2.41264e-09 336 995.055
0.836215 3137.02 2.46996e-09 240 1008.22
0.839887 2850.26 2.21487e-09 264 1021.56
0.843575 3461.25 2.65452e-09 324 1035.08
0.84728 3183.52 2.40964e-09 528 1048.78
0.851001 3300.52 2.46557e-09 336 1062.66
0.854738 3326.36 2.45243e-09 336 1076.72
0.858492 2766.92 2.01333e-09 408 1090.97
0.862262 3428.12 2.46186e-09 216 1105.4
0.866049 3275.36 2.32144e-09 432 1120.03
0.869852 3824.45 2.67521e-09 168 1134.85
0.873673 3498.16 2.41501e-09 462 1149.87
0.877509 3661.41 2.4947e-09 536 1165.09
0.881363 3405.32 2.28991e-09 288 1180.5
0.885234 3332.81 2.21189e-09 384 1196.13
0.889121 3949.06 2.58664e-09 456 1211.95
0.893026 3364.92 2.17524e-09 552 1227.99
0.896948 3467.03 2.21198e-09 336 1244.24
0.900887 4121.42 2.59514e-09 120 1260.71
0.904843 3673.29 2.28276e-09 672 1277.39
0.908817 3210.94 1.96938e-09 300 1294.29
0.912808 3908.14 2.36568e-09 528 1311.42
0.916817 4026.05 2.40523e-09 312 1328.77
0.920843 3517.44 2.07393e-09 510 1346.36
0.924887 3515.64 2.0458e-09 576 1364.17
0.928949 3638.19 2.08946e-09 432 1382.23
0.933029 3674.33 2.08266e-09 384 1400.52
0.937126 4006.6 2.24134e-09 456 1419.05
0.941242 3902.63 2.15467e-09 528 1437.83
0.945375 3770.63 2.0546e-09 528 1456.85
0.949527 3531.84 1.89935e-09 408 1476.13
0.953697 3755.08 1.99303e-09 368 1495.67
0.957885 3656.01 1.91511e-09 600 1515.46
0.962092 4121.96 2.13098e-09 480 1535.51
0.966317 4525.74 2.30917e-09 486 1555.83
0.970561 4064.91 2.04695e-09 480 1576.42
0.974823 4200.95 2.08783e-09 636 1597.28
0.979104 4188.67 2.05454e-09 408 1618.42
0.983404 3722.02 1.8018e-09 696 1639.83
0.987723 4322.31 2.06508e-09 504 1661.53
0.992061 4286.24 2.0211e-09 648 1683.52
0.996418 3749.18 1.74477e-09 504 1705.8
1.00079 4282.52 1.96694e-09 504 1728.37
1.00519 4409.07 1.99862e-09 360 1751.24
1.0096 4267.62 1.90923e-09 606 1774.41
1.01404 4713.55 2.08119e-09 672 1797.9
1.01849 4433.56 1.932e-09 816 1821.69
1.02296 5143.37 2.21204e-09 624 1845.79
1.02746 4820.01 2.0459e-09 672 1870.22
1.03197 4387.66 1.83806e-09 576 1894.97
1.0365 4450.38 1.83999e-09 656 1920.04
1.04105 4312.16 1.75956e-09 540 1945.45
1.04562 3989.16 1.6065e-09 480 1971.19
1.05022 4339.8 1.72488e-09 792 1997.28
1.05483 4940.64 1.93805e-09 582 2023.71
1.05946 4868.42 1.88478e-09 744 2050.49
1.06411 4769.8 1.82248e-09 672 2077.62
1.06879 5526.82 2.08415e-09 624 2105.11
1.07348 4623.45 1.72072e-09 888 2132.97
1.07819 5248.99 1.92801e-09 624 2161.2
1.08293 4952.09 1.7952e-09 744 2189.79
1.08769 4791.12 1.71417e-09 624 2218.77
1.09246 5425.65 1.91584e-09 816 2248.13
1.09726 5443.94 1.89719e-09 744 2277.88
1.10208 5635.24 1.93821e-09 510 2308.02
1.10692 5679.6 1.92796e-09 1020 2338.57
1.11178 5267.69 1.76478e-09 864 2369.51
1.11666 5472.06 1.8093e-09 512 2400.87
1.12157 5479.46 1.78809e-09 1176 2432.64
1.12649 5925.26 1.90831e-09 768 2464.83
1.13144 5618.33 1.78583e-09 528 2497.45
1.13641 5994.93 1.88065e-09 1248 2530.49
1.1414 5841.55 1.8086e-09 504 2563.98
1.14641 5443.38 1.66331e-09 624 2597.91
