source_path,source_sha256,destination_path,destination_sha256,payload_sha256,method_id,status
results/Thesan-2/alternative_clumping/snapshot055_eq13.json,23ed8baff32753b6cb76d4b677fa820ab3c76846305e949ca9937f947d1d3b85,results/thesan/Thesan-2/alternative/alternative.raw-volume/gas/snapshot055/science-0f717852e434/execution-44136fa355b3_run001.json,4b9aa0835e6854dca8c056f2ab3285e1daf2468c0a54faa1a197a8a193319ee4,104aaaaf725b27cb49363c245065cc917b8ef3e72e49e517b8bc1ef0a576f846,alternative.raw-volume,migrated
results/Thesan-2/alternative_clumping/snapshot060_eq13.json,73b9bd91652a1e0b50ac52b2182d77ade07d3a3c4807f2aa1a26a596da37c6c0,results/thesan/Thesan-2/alternative/alternative.raw-volume/gas/snapshot060/science-0f717852e434/execution-44136fa355b3_run001.json,e516c3155e853f9052546d7720d817b30664ebd6684d3b39b374b89b17f68242,27497887589323667eb00eddb1f01227a26f25ae17c39b2a6ce74d581b191426,alternative.raw-volume,migrated
results/Thesan-2/alternative_clumping/snapshot065_eq13.json,559e2f28582f13066691a2739057d8d608039bba5c61d3f0ef079a5681e4ae02,results/thesan/Thesan-2/alternative/alternative.raw-volume/gas/snapshot065/science-0f717852e434/execution-44136fa355b3_run001.json,9996413247397fcd4495b6f297938dc975174d067c7ba8c467299f95f0af9c4d,415d2363376f48761a829ca42170c774301fb25baf8496d425495230a732b56f,alternative.raw-volume,migrated
results/Thesan-2/alternative_clumping/snapshot070_eq13.json,fac3c98c917642411c71971b46fdf7479f828d43205b42d15ac6355e305ba860,results/thesan/Thesan-2/alternative/alternative.raw-volume/gas/snapshot070/science-0f717852e434/execution-44136fa355b3_run001.json,3b59bb9beab91414fdfcfd4999d107e94a102354e78bde639080c04c0f9cb0e9,7580e1cf3f2f1cd66a9bb01ab0a3cea63cb475063e1636fd44f041a40f40ecd8,alternative.raw-volume,migrated
results/Thesan-2/alternative_clumping/snapshot075_eq13.json,8a0b59c9b04c02046ae9f1f4236393b214c9a81f50bc56c4214346617761beeb,results/thesan/Thesan-2/alternative/alternative.raw-volume/gas/snapshot075/science-0f717852e434/execution-44136fa355b3_run001.json,03480d86aeef960bd709794054eafc5b5dc3b13b0c16abd93fe156280b3cbb71,fe90bb237669ce2ee8d8321d98ff4a803d5e9b702786ca172c6397150968534b,alternative.raw-volume,migrated
results/Thesan-2/alternative_clumping/snapshot080_eq13.json,574319df4d46529950608ddb99479d44bb71822a70eb0ffc6cea3a9b98981b58,results/thesan/Thesan-2/alternative/alternative.raw-volume/gas/snapshot080/science-0f717852e434/execution-44136fa355b3_run001.json,aee4ce5b6bddb8d6945ce2f4e37c8a821da10878e1add3cd890f95c7720e70ce,6d9480f44ea4034e74961f5b277b704c6003acf3f1c131e14b85bcfe57598297,alternative.raw-volume,migrated
results/Thesan-2/gas/equation-tests/snapshot080.json,b8f56a1325a1787c797b47edd7f9baba4f0051414739e0154783207d1058d116,results/thesan/Thesan-2/diagnostics/diagnostics.equations/gas/snapshot080/science-16fdf1a8983e/execution-58def760728d_run001.json,0f2ca7ee69d1dc283a43bd856993ac55a7943e845f0780e347b0dce5c3ad7ffa,be35bb882807635f6d1a2b77cd6725bcf4ff90b80815475ad87555e7c087b4d3,diagnostics.equations,migrated
results/aida-tng-od100-uniform200/L35n1080_CDM/dm/pylians/snapshot017_grid256/threads8_batch1_run001.json,066ca56a582efc9add649fbb63665a91ae02772a3aab6ab05ae952ee1242b9c9,results/aida-tng/L35n1080_CDM/clumping/clumping.pylians/dm/snapshot017/science-e3868f3b4284/execution-cd9ea581b7f7_run001.json,5775d6fb98dde93669924350e9fd813c9bdab5a5af22428c1a5cd944a4355345,2f22686f3c4a0cb9434c626e3e049ed1b7ef83555c8ae08aa6bb239316cb771a,clumping.pylians,migrated
results/aida-tng-od100-uniform200/L35n1080_CDM/dm/pylians/snapshot025_grid256/threads8_batch1_run001.json,8ad44c7d55205369ccb8f78cbe2d3021656b3aea908b80aa6590e7a48248673c,results/aida-tng/L35n1080_CDM/clumping/clumping.pylians/dm/snapshot025/science-ebdecfb5e13f/execution-cd9ea581b7f7_run001.json,0d91b69d79f5195fb8da1a0b3d50c87f5cbe5cf7ff64db3c1c88df62129a8cac,38cd9bf88b2057f48eb72751615454ed706eafb23cf305b504d0b1b46b6c7aa2,clumping.pylians,migrated
results/aida-tng-od100-uniform200/L35n1080_CDM/dm/pylians/snapshot033_grid256/threads8_batch1_run001.json,c3f6a120dffa2ddc5efa9da123ad7213d54f11aa53a237a225477d5be094979c,results/aida-tng/L35n1080_CDM/clumping/clumping.pylians/dm/snapshot033/science-8c6e3e0f94a5/execution-cd9ea581b7f7_run001.json,cb5097523f5a9f0ac78f1f4d1863aac26a4b8fbf84b7f7a4d44dd50fcd2c5c08,e4fc53f4996978978f2ca2fb1ded7a4a9b9db2c2d9d9e764f3352fa624157e7e,clumping.pylians,migrated
results/aida-tng-od100-uniform200/L35n1080_CDM/dm/pylians/snapshot050_grid256/threads8_batch1_run001.json,ae0542cc096b59a74a07b3fcddc47a6a3e1208385148178ee0da90b9cd559c0e,results/aida-tng/L35n1080_CDM/clumping/clumping.pylians/dm/snapshot050/science-86b3801f109c/execution-cd9ea581b7f7_run001.json,5635ec20c4890e0ebc7cf560c1a0e3fb767f63f7de692b413f257144c9d2eaf8,4b9d5183e08d87760ee76c08556a8ac0b5e29e4c553a00ae92760bb384e121bc,clumping.pylians,migrated
results/aida-tng-od100-uniform200/L35n1080_CDM/dm/pylians/snapshot067_grid256/threads8_batch1_run001.json,1903dbf8284cb57dedfa5e5b1a7dc3d5c65aafe9155b4740b48a3ad040008429,results/aida-tng/L35n1080_CDM/clumping/clumping.pylians/dm/snapshot067/science-75738f9074d4/execution-cd9ea581b7f7_run001.json,f461e56c19b4d5e069c4fe65c28778eb02b35af14b223ee16e630f1b4126ff5a,102470de6da145e7f928d9515e28d50e003b19d7ef4029cb585965caaf8972d1,clumping.pylians,migrated
results/aida-tng-od100-uniform200/L35n1080_CDM/dm/pylians/snapshot084_grid256/threads8_batch1_run001.json,117b753c225f53ded905659c65fba694a413b46d56d2e3dcf417b0c9a7bdf12d,results/aida-tng/L35n1080_CDM/clumping/clumping.pylians/dm/snapshot084/science-54a11017cec4/execution-cd9ea581b7f7_run001.json,37886cb2ef175a6d2cd734f9c1dc61f4f29350fbd1555845fe2d1a3cdf0ecea9,b4523c93e318fb7dba36501790b155377b177cb7b9ea764c5c93e8d0e9f24984,clumping.pylians,migrated
results/aida-tng-od100-uniform200/L35n1080_CDM/dm/pylians/snapshot099_grid256/threads8_batch1_run001.json,9c7def9c8826fd0252d9b4a760fa99c8cf6931bda168f51221807038e0b3b8a5,results/aida-tng/L35n1080_CDM/clumping/clumping.pylians/dm/snapshot099/science-e6b1519b2b1a/execution-cd9ea581b7f7_run001.json,0e0fe5015adde98a607552eb56a20a7eef4ad5e6b7828c81041fee6144a9812d,aa859a769a592641d3a9d80f40921c4138056c6be4466fc17678c5da7b277759,clumping.pylians,migrated
results/aida-tng-od100-uniform200/L35n1080_SIDM1/dm/pylians/snapshot017_grid256/threads8_batch1_run001.json,0f775ce4a28592db98672691b522798aa75eb6868ce175325ec9a4c298126ef2,results/aida-tng/L35n1080_SIDM1/clumping/clumping.pylians/dm/snapshot017/science-d6d80207d33c/execution-cd9ea581b7f7_run001.json,3702ac0afc2b80dd37c8185f8d52cac490a5bcee6880401cef0b01ea7a6a43b4,9d17daef7de47dd20f82fc0ff4614b11a6a1c8760f325cf3a7ca029a4d68ab18,clumping.pylians,migrated
results/aida-tng-od100-uniform200/L35n1080_SIDM1/dm/pylians/snapshot025_grid256/threads8_batch1_run001.json,0bae04fc3182f916edf3adc6d9482681f0d67eee83b7930e5831e551d8689e0b,results/aida-tng/L35n1080_SIDM1/clumping/clumping.pylians/dm/snapshot025/science-8ca2822c591d/execution-cd9ea581b7f7_run001.json,8cfab0881594a0596054093d99d5b8d268386f750f118639be88a709e563a692,8c4e88481b7fa91f31de55e3f3cccd50c7108bb5f85abb14b233b181af3a9c21,clumping.pylians,migrated
results/aida-tng-od100-uniform200/L35n1080_SIDM1/dm/pylians/snapshot033_grid256/threads8_batch1_run001.json,b23ae44b0a19ed2e7b8583fb357efa160bf18ab56229bf67058d98339633e270,results/aida-tng/L35n1080_SIDM1/clumping/clumping.pylians/dm/snapshot033/science-bf536b78331c/execution-cd9ea581b7f7_run001.json,28cb97e07d32f3321fc22f19f170d2a87eb88a295a4c717666168257546e491d,9b28d1b9389ec3fc39ffeab7be84e1400fb81bc185564675d99ce772bc850ffb,clumping.pylians,migrated
results/aida-tng-od100-uniform200/L35n1080_SIDM1/dm/pylians/snapshot050_grid256/threads8_batch1_run001.json,9aef588223b4425548bcdb173aa5142cd0df51e0f21b59d1f835e60b743648be,results/aida-tng/L35n1080_SIDM1/clumping/clumping.pylians/dm/snapshot050/science-aa7e49723186/execution-cd9ea581b7f7_run001.json,1733fea3b3d7465cec9d01d0a23bbad022f36915c364c1372c97358848f0fa47,7d2268d0e20bfc07c6161fb8ee7dfc4e89afef5131e89b6256e5c6c55dff7332,clumping.pylians,migrated
results/aida-tng-od100-uniform200/L35n1080_SIDM1/dm/pylians/snapshot067_grid256/threads8_batch1_run001.json,cda9943ef05ce3f77ff7e8a4ea8a0e158bee172eaa8ccf3cc4c8b0e5d088e1f2,results/aida-tng/L35n1080_SIDM1/clumping/clumping.pylians/dm/snapshot067/science-59f8f5a8ca20/execution-cd9ea581b7f7_run001.json,d7044bb28d7b813e8cfdc92602d71535bdd5d9e5714ad864a1949343a62e2cb2,4bed562250cf42626a467212174189085e417182b839c0b696bf32e34c857527,clumping.pylians,migrated
results/aida-tng-od100-uniform200/L35n1080_SIDM1/dm/pylians/snapshot075_grid256/threads8_batch1_run001.json,538f668d1d0c4695dc58cd66e90c9e7eec3da4af78e9896c0c48e2daaa61d201,results/aida-tng/L35n1080_SIDM1/clumping/clumping.pylians/dm/snapshot075/science-111a0e139299/execution-cd9ea581b7f7_run001.json,3d863deb65af5bb1442bf3e526133018236afc799d3ad7948d07f2dee13b0d7b,3b6ba571028dbf23f23634db7ce08736393cc8f7b5bf9ed442a7d8396c7dd4b0,clumping.pylians,migrated
results/aida-tng-od100-uniform200/L35n1080_WDM3/dm/pylians/snapshot017_grid256/threads8_batch1_run001.json,1301cf84e08684b75280590c4d1fe56fbcd20c55b1e3b5321635032a6da9af8f,results/aida-tng/L35n1080_WDM3/clumping/clumping.pylians/dm/snapshot017/science-f90f7c18cbc0/execution-cd9ea581b7f7_run001.json,6fb15f04d794027211c35e3e714ed36fb965dcff13b4d073318661c88d147def,2c7c7bae6700487ac54ab58a8b54bce838964933ebcc62ba9d9735e3847a4bdb,clumping.pylians,migrated
results/aida-tng-od100-uniform200/L35n1080_WDM3/dm/pylians/snapshot025_grid256/threads8_batch1_run001.json,eba06648f0ca1c4746617b39beb6d191ce7c40ca2435265db19892a8974ea1ae,results/aida-tng/L35n1080_WDM3/clumping/clumping.pylians/dm/snapshot025/science-361a7267c911/execution-cd9ea581b7f7_run001.json,7bf1d69f8e207ea6d3d1850c62ef9cad2dc7ba21047e78d76a23be04451acd37,6cf79b789c7b92c9f4caac65cd78719a83ecc9731105c542d089250385e6c451,clumping.pylians,migrated
results/aida-tng-od100-uniform200/L35n1080_WDM3/dm/pylians/snapshot033_grid256/threads8_batch1_run001.json,e3d424033b2c9048025914a45ce13c6952a257f8633166f00e68e0cf4012b3b6,results/aida-tng/L35n1080_WDM3/clumping/clumping.pylians/dm/snapshot033/science-7b28e6682414/execution-cd9ea581b7f7_run001.json,b71d452f54c2f52547185ef7b71497fb3558bb2ce0d6bdcfd84fcbe2f2d30467,040256bd787a2b71b2485769524915fe88186642379326e11390f93fc90378b4,clumping.pylians,migrated
results/aida-tng-od100-uniform200/L35n1080_WDM3/dm/pylians/snapshot050_grid256/threads8_batch1_run001.json,43e7b163354201f4a98218a147de23bc744b387d5f2b6802e24703dec73b6f22,results/aida-tng/L35n1080_WDM3/clumping/clumping.pylians/dm/snapshot050/science-294421e4b747/execution-cd9ea581b7f7_run001.json,b95753c542afa1d76c46a84bdb03b4149957da36ed096822a935212ac4bf4cff,515a69779d8173232861f77c6a25084014296a6a12dfcec37598c8eca11acd7d,clumping.pylians,migrated
results/aida-tng-od100-uniform200/L35n1080_WDM3/dm/pylians/snapshot067_grid256/threads8_batch1_run001.json,d7881bb2c5ef18c5d805897b93b335fd4c6dca4c9f7174ba2bbaf2e2b761a6bc,results/aida-tng/L35n1080_WDM3/clumping/clumping.pylians/dm/snapshot067/science-99c17b7d77d3/execution-cd9ea581b7f7_run001.json,074112ab90d84a24e09cecf4f78867e66772dbb712b1765b4275efc2742875a7,accae0dbb66888636aea5fe22a9cb68cf277456897e64a91cbb519e55ac5e0ef,clumping.pylians,migrated
results/aida-tng-od100-uniform200/L35n1080_WDM3/dm/pylians/snapshot084_grid256/threads8_batch1_run001.json,2b8d9a73d9a70e73a95a97925fe6dfd5c5fdddfe2726fe494502911b45b71a53,results/aida-tng/L35n1080_WDM3/clumping/clumping.pylians/dm/snapshot084/science-550557a56c1a/execution-cd9ea581b7f7_run001.json,5de01c46ce066934b20587670e3d56fab70942baa739e9a06a33ee7df5f55f0f,2c672ecf53649a4bd28f8b2c842ded3065833b8b73b1a2f48bf4facabd47e91a,clumping.pylians,migrated
results/aida-tng-od100-uniform200/L35n1080_WDM3/dm/pylians/snapshot099_grid256/threads8_batch1_run001.json,43495cea67fd031463d77bab04a12c9d3a9cf8fd35525584e4d57a122dce1ccf,results/aida-tng/L35n1080_WDM3/clumping/clumping.pylians/dm/snapshot099/science-5ab9cb69a135/execution-cd9ea581b7f7_run001.json,59e049d47059769df255f9a03207b046e0598612dd0401f7615315617d1e20a8,73bbbb8948979c86151bb2983ff8636f2191a85a18f17dced611aa73740c0185,clumping.pylians,migrated
results/aida-tng-od100-uniform200/L35n1080_vSIDM/dm/pylians/snapshot017_grid256/threads8_batch1_run001.json,a10cc7c6594fc7bcec158dfbc422862e24522be8b17ae6641bcd46886f525a99,results/aida-tng/L35n1080_vSIDM/clumping/clumping.pylians/dm/snapshot017/science-b6cdafd9969a/execution-cd9ea581b7f7_run001.json,f16d7584de6868706362f9b3e27023c5673fc6305e097a51ba3a6dc4112576c1,823ebd99aecd3c73c4505647121865466f76ddc828df7379bfade08233250f87,clumping.pylians,migrated
results/aida-tng-od100-uniform200/L35n1080_vSIDM/dm/pylians/snapshot025_grid256/threads8_batch1_run001.json,8b15c9b4935dbbdf1eba6aabbf9532eda8c34bf0a835fa43e21774aea85609ef,results/aida-tng/L35n1080_vSIDM/clumping/clumping.pylians/dm/snapshot025/science-94ce7cc7ccf5/execution-cd9ea581b7f7_run001.json,7042840842c85a3d4adf7b718de00fd85f7ec9c474f683be5f63b39775f7de8c,19bbf89ab0fc6bb21c8a9b0b3f218a6027cefcd9548328dbcec51245638aa4f6,clumping.pylians,migrated
results/aida-tng-od100-uniform200/L35n1080_vSIDM/dm/pylians/snapshot033_grid256/threads8_batch1_run001.json,65e45d3cfa17945b20db20206a0802d4f2f5b0ea63ae9eef5120914035eefb44,results/aida-tng/L35n1080_vSIDM/clumping/clumping.pylians/dm/snapshot033/science-969a5610e05e/execution-cd9ea581b7f7_run001.json,758f506bf91e32a36f011b17c14d089ec63025b7c7cdd931691086deed713eec,46b1bb13bcb3af3889aab3fec34deb33614df72cc22c6c6732f6b7d84761468c,clumping.pylians,migrated
results/aida-tng-od100-uniform200/L35n1080_vSIDM/dm/pylians/snapshot050_grid256/threads8_batch1_run001.json,599f38df20a04b02d47741702c4be9ff8e36db1108b077cbd3a2bed2e5d35d21,results/aida-tng/L35n1080_vSIDM/clumping/clumping.pylians/dm/snapshot050/science-c7d21a0bd93d/execution-cd9ea581b7f7_run001.json,825d9796c25113794b88e1d3287a3ad0bd7d2cad864158cf1be66bc98bfc77a1,e2a4383c9eb1f5b3c223c4bd6ac42a30202934f58d08ba19c3454b4c9718be7f,clumping.pylians,migrated
results/aida-tng-od100-uniform200/L35n1080_vSIDM/dm/pylians/snapshot067_grid256/threads8_batch1_run001.json,b247e91c95ad7a9b38560d0eca8240af873a16cde82c526c506a1537379c33e1,results/aida-tng/L35n1080_vSIDM/clumping/clumping.pylians/dm/snapshot067/science-989b1b591c18/execution-cd9ea581b7f7_run001.json,4d98665e727ff21ca79c9118065f387e998f9bd63fa7bdb289e39ea046bb4c3a,263a322acd34e2bf15d1a34cdb7090fd09154201ebc6364b3eb3a4cee6d20799,clumping.pylians,migrated
results/aida-tng-od100-uniform200/L35n1080_vSIDM/dm/pylians/snapshot084_grid256/threads8_batch1_run001.json,e17e90023f2492eedde89ec0113e04382f1abc392fcc46d5d03072151ab127ee,results/aida-tng/L35n1080_vSIDM/clumping/clumping.pylians/dm/snapshot084/science-3a49e21f5c02/execution-cd9ea581b7f7_run001.json,90c0e2458a645cb07e16ca9ded1684df50925c5aefc31e4aad1427c1832eede1,0b9dbc336fac93c73b8e26bdc8bfae847ca53e77e450a4f026c6863c14c3a344,clumping.pylians,migrated
results/aida-tng-od100-uniform200/L35n1080_vSIDM/dm/pylians/snapshot099_grid256/threads8_batch1_run001.json,126d06c9702098b58bc8acc401a86b8d92667f2ba324f1a1415729dc75611d62,results/aida-tng/L35n1080_vSIDM/clumping/clumping.pylians/dm/snapshot099/science-4a2912171f60/execution-cd9ea581b7f7_run001.json,f0361f9af93c9866cecc6b97914ee46a9167d7fb8594b338b5c1f782df932a8f,ff063c2f94098341b4d3bcab300782d3efddccab93fc61b7b47650f9d34f4b0c,clumping.pylians,migrated
results/aida-tng-od100-uniform200/L75n910_CDM/dm/pylians/snapshot017_grid256/threads8_batch1_run001.json,7f6b9db151f98dea5ed236d8fae48abeba2206f17d0ecbac9dd972e250ff578f,results/aida-tng/L75n910_CDM/clumping/clumping.pylians/dm/snapshot017/science-615f317d1a2a/execution-cd9ea581b7f7_run001.json,7af44d023c08ca49351b4cab9b53f6bffa67d2bffffe6a03c6731a2e821f7496,ce7cb130335f7fd7f70893871369ca3f4ffdd504b42aebed058aa69ac75d3509,clumping.pylians,migrated
results/aida-tng-od100-uniform200/L75n910_CDM/dm/pylians/snapshot025_grid256/threads8_batch1_run001.json,e0521f616eeb1f465a2032e74508e8304c67089a2b2fe010e3d72c24e4c4087a,results/aida-tng/L75n910_CDM/clumping/clumping.pylians/dm/snapshot025/science-d50d550f4ab9/execution-cd9ea581b7f7_run001.json,c48d4e5e45b4a75c82c5a3776e7598ef5023899a8f62f550582c94b490dc2200,7b82d5115ed2aa786f81af534b5bab4c3e286f8ea8eaed88c732babc23721be5,clumping.pylians,migrated
results/aida-tng-od100-uniform200/L75n910_CDM/dm/pylians/snapshot033_grid256/threads8_batch1_run001.json,d94882760cd23b7f156da81013e74e2341065e3dd0484e68ec11fbfb4405bc03,results/aida-tng/L75n910_CDM/clumping/clumping.pylians/dm/snapshot033/science-7446353dcfba/execution-cd9ea581b7f7_run001.json,d3151e3291f7a5282a80a4e44e337b8b99d7c826c26f7047d010c6a4938674fe,54b866ba38b5e7ae06ccccfbad913e70682d6a2bd209d6047f3cdf6fdb1cce16,clumping.pylians,migrated
results/aida-tng-od100-uniform200/L75n910_CDM/dm/pylians/snapshot050_grid256/threads8_batch1_run001.json,32037daafe48b9e281b72f80ad6f013bc5c1a58ac72ab1cba5ed4fd85cf6f448,results/aida-tng/L75n910_CDM/clumping/clumping.pylians/dm/snapshot050/science-5cb59ddb0f22/execution-cd9ea581b7f7_run001.json,da041107de6775130a09c3ae1571daa2f2cbf69337df4e6e1d60aa0c1774dc98,1f873acfc3301f68c05722972e716fac3e0ab17772e1432ee5455b95730f6df0,clumping.pylians,migrated
results/aida-tng-od100-uniform200/L75n910_CDM/dm/pylians/snapshot067_grid256/threads8_batch1_run001.json,a12df743b677b1e9e25552e5b8bc1725ec18d379e1bdb0b9b777512ab55b3813,results/aida-tng/L75n910_CDM/clumping/clumping.pylians/dm/snapshot067/science-85a4a58d41fe/execution-cd9ea581b7f7_run001.json,fe04c51325526c07791be60199de6a9ddc0da6e52f5956e4381c810c1991d5d2,7f8bc6910c7230791c318eec81e00a49cf4eb721b0fa44eea8360acf02c359d2,clumping.pylians,migrated
results/aida-tng-od100-uniform200/L75n910_CDM/dm/pylians/snapshot084_grid256/threads8_batch1_run001.json,550ddf7f853563b13d25a7e600948215ce82d0a1979fa3ffaa4786392b23c1ed,results/aida-tng/L75n910_CDM/clumping/clumping.pylians/dm/snapshot084/science-98fca0ce4b1c/execution-cd9ea581b7f7_run001.json,1c98ceac87cfe14e7be87507ff94b803597ef08e2b2f58420e7656576e3e4109,1d7b2664a48cc16a673ef3fc7c9f16002a63e61ca46bba6b1fdee37a845e491b,clumping.pylians,migrated
results/aida-tng-od100-uniform200/L75n910_CDM/dm/pylians/snapshot099_grid256/threads8_batch1_run001.json,2e6ddc5f4ea1348b2fc959a09fa795fb0ec666382ba5993ae03f6ae14df228d3,results/aida-tng/L75n910_CDM/clumping/clumping.pylians/dm/snapshot099/science-37adef3a466b/execution-cd9ea581b7f7_run001.json,1c0b7c831d7ed53702e31c0cade794031807af572743176a52b40a15c118abb6,be8c591109b06b3bb74b71c48f4dd242b5f2d73b48c397098fca57f9a28e7ee8,clumping.pylians,migrated
results/aida-tng-od100-uniform200/L75n910_SIDM1/dm/pylians/snapshot017_grid256/threads8_batch1_run001.json,5c0f60457f57a4fc6671606f316da575527a67b76e476c1ae5e2c386c06a225c,results/aida-tng/L75n910_SIDM1/clumping/clumping.pylians/dm/snapshot017/science-cfb003d8ae1c/execution-cd9ea581b7f7_run001.json,70133f1cbc0662a46adf436961e4e7f3bbd821ec88bf51a4f19920a2c4ed873f,6912e7642bd920528391ecd52acee3f724ed8abe575e748dde7dd1545b62c1ec,clumping.pylians,migrated
results/aida-tng-od100-uniform200/L75n910_SIDM1/dm/pylians/snapshot025_grid256/threads8_batch1_run001.json,3c9576c8c294c46ed25d8b0d207f14de9f27a6dab8e4b59c89f94a300d48519b,results/aida-tng/L75n910_SIDM1/clumping/clumping.pylians/dm/snapshot025/science-ab60d0d142c1/execution-cd9ea581b7f7_run001.json,33a303204d544f84c23072224a16fd09edfb3037cde35c612ab6e3e070b86d28,401ab2db44290893e4eed00bedaf7583c7962556c976e8c112ec5ce1d9d25f78,clumping.pylians,migrated
results/aida-tng-od100-uniform200/L75n910_SIDM1/dm/pylians/snapshot033_grid256/threads8_batch1_run001.json,8ebad4a997cf7b39c776c311c9f9691eb4b9ab38029d3e706cce5a406d494fb6,results/aida-tng/L75n910_SIDM1/clumping/clumping.pylians/dm/snapshot033/science-2134dbee51f7/execution-cd9ea581b7f7_run001.json,416ee87e0b178c3ed82391402a8309814d6b69608e8532f9c06034da46ba6fad,ece3b98d8c3e9d507bdd773bbc34576e990cdff64e1aee517998bab967be6f73,clumping.pylians,migrated
results/aida-tng-od100-uniform200/L75n910_SIDM1/dm/pylians/snapshot050_grid256/threads8_batch1_run001.json,df0a888697bb6028737a3dded939d61a07324278800472fdc88519ce4aeb84fd,results/aida-tng/L75n910_SIDM1/clumping/clumping.pylians/dm/snapshot050/science-f237f3f1e904/execution-cd9ea581b7f7_run001.json,ae3aafa962b8e245b43d133301712b70ba927676d17f100eeb21f80a60ee510a,6dcf0a31576bec645494f614d4803c7539483a7c2f1cc82f58977472ab687400,clumping.pylians,migrated
results/aida-tng-od100-uniform200/L75n910_SIDM1/dm/pylians/snapshot067_grid256/threads8_batch1_run001.json,c4d1b16bb6f884fe8eaba57846d5859ddcfda31c65c020ea51e2e4533c158c1a,results/aida-tng/L75n910_SIDM1/clumping/clumping.pylians/dm/snapshot067/science-fdee9b2f27e4/execution-cd9ea581b7f7_run001.json,cbc6a995ce2ff4cdac46999f2e22a24bb986767580222cf76578fbf1710f5e8f,fc013a475c0ac6fa3067c47b771edfac34c9c10813d5be34eee198c5ca24c42e,clumping.pylians,migrated
results/aida-tng-od100-uniform200/L75n910_SIDM1/dm/pylians/snapshot084_grid256/threads8_batch1_run001.json,474616d7552a6bf7bd2dbf8fd2d2d4a362fbf873eb6e593e56565307c83a1980,results/aida-tng/L75n910_SIDM1/clumping/clumping.pylians/dm/snapshot084/science-7263c5c097b3/execution-cd9ea581b7f7_run001.json,6c14b637f4709a180abc0d0d51aa09617ff92d69f877e08cfe0eca740bd20e6f,5423dbbdb49379cc8b59cf334ed119bc043a9f02f4c0c113cc92ea8e59602661,clumping.pylians,migrated
results/aida-tng-od100-uniform200/L75n910_SIDM1/dm/pylians/snapshot099_grid256/threads8_batch1_run001.json,85aee3bcecaf21d695c99530d17a986fc9cd51cb4715f94eba5beee0b7e4158d,results/aida-tng/L75n910_SIDM1/clumping/clumping.pylians/dm/snapshot099/science-f96dc1c13523/execution-cd9ea581b7f7_run001.json,a3065378e3009c3390e00b602397cf0d563fc5510e0e74dd8494c0521da208c3,4a5372d0b190ee89967141049248b25d86872ae34c7b72c680395eee1ca66a16,clumping.pylians,migrated
results/aida-tng-od100-uniform200/L75n910_WDM3/dm/pylians/snapshot025_grid256/threads8_batch1_run001.json,e4e576bb719b9338b4fe4e2cf020ed3e2cc3244626fe50465d8e700b948e5626,results/aida-tng/L75n910_WDM3/clumping/clumping.pylians/dm/snapshot025/science-531b6fd7a971/execution-cd9ea581b7f7_run001.json,607d62d48d8aa1367c56231fd71172347f5c3808d0ce41513222b422283761e4,c19e79f5f65662707787bb2c740ca21a6585b19417bfb641e8c93d423528c84c,clumping.pylians,migrated
results/aida-tng-od100-uniform200/L75n910_WDM3/dm/pylians/snapshot033_grid256/threads8_batch1_run001.json,4092329dff141bc99b491810ae9a41eba3ab7c225d2350b8905315f5c1702f79,results/aida-tng/L75n910_WDM3/clumping/clumping.pylians/dm/snapshot033/science-9bd2b75ea429/execution-cd9ea581b7f7_run001.json,14b89c8fdf98cbd4174c32393d609596b7e41c8f2928f0736807e848064ba0a5,12a18b032d95908ee4fded3c5bdc4e27e0d897090977f68c4b6c671106910e77,clumping.pylians,migrated
results/aida-tng-od100-uniform200/L75n910_WDM3/dm/pylians/snapshot050_grid256/threads8_batch1_run001.json,78db0f177a0078ce2b195fcdf420a2f75b2c2bda38198567fb733fa92d58e504,results/aida-tng/L75n910_WDM3/clumping/clumping.pylians/dm/snapshot050/science-d29212a3aa71/execution-cd9ea581b7f7_run001.json,8302c8273ec7f8d4559381db84b99e440f0f9709429f9f9120ceaca145c8164d,b881ba49b9822e72fcd8ed5ab20e6a882a0da5cba03ee122cb1b2195c43911c1,clumping.pylians,migrated
results/aida-tng-od100-uniform200/L75n910_WDM3/dm/pylians/snapshot067_grid256/threads8_batch1_run001.json,57d92ee1dac6be57c39e88758a914fa6f5444800680e293d18716ddee85ef05b,results/aida-tng/L75n910_WDM3/clumping/clumping.pylians/dm/snapshot067/science-afd3545eb4ea/execution-cd9ea581b7f7_run001.json,0955240c64f968744cf2bd9548bc6a14229f4020077f043c77d0a6ce77293994,33fcf70b2b7dc79ba901a92eca8cc46e7efc3c41d5f8ffd37d10cb4702ac6f40,clumping.pylians,migrated
results/aida-tng-od100-uniform200/L75n910_WDM3/dm/pylians/snapshot084_grid256/threads8_batch1_run001.json,135cddbee251cd54206e824d33b75e6e94987c883ba810344c3704cf8217b9cc,results/aida-tng/L75n910_WDM3/clumping/clumping.pylians/dm/snapshot084/science-f2285016e64a/execution-cd9ea581b7f7_run001.json,b880038600a959d0e024fef94dc3d11b6768d681bc969831433b9b54979cbc50,6aa33777613e455e46e592b62620196dd75a23302913d11916dfa40668465a82,clumping.pylians,migrated
results/aida-tng-od100-uniform200/L75n910_WDM3/dm/pylians/snapshot099_grid256/threads8_batch1_run001.json,a33bd55271bad09b19f6d505c6dffc445d0762b6feab4e5aa618b6cd0ea55f68,results/aida-tng/L75n910_WDM3/clumping/clumping.pylians/dm/snapshot099/science-8ecb0d345f36/execution-cd9ea581b7f7_run001.json,79bc88db92164494ad218134bfc2b4b2b6d84355677ad234852794287925330c,daa10821e304037c1ae7091f66e5d2d24f5997e03da7bb2da4288a84d8417c20,clumping.pylians,migrated
results/aida-tng-od100-uniform200/L75n910_vSIDM/dm/pylians/snapshot017_grid256/threads8_batch1_run001.json,9cec21b39d6091d406160b8082dfdcaf140eb876e96c880e9d120b07cc900a16,results/aida-tng/L75n910_vSIDM/clumping/clumping.pylians/dm/snapshot017/science-fe3d8592b50b/execution-cd9ea581b7f7_run001.json,d02e2199a0f8053c2a999873bd0bac2811cbfd2b4d7d41ef704af55b58e10079,362b0aabfe6049446629a7241904df5067d07e81608bfc285d36a57c05cc0847,clumping.pylians,migrated
results/aida-tng-od100-uniform200/L75n910_vSIDM/dm/pylians/snapshot025_grid256/threads8_batch1_run001.json,31b62f14b5b2f0b319464790d4b28998e8276c963da29ec973951560e9b39e65,results/aida-tng/L75n910_vSIDM/clumping/clumping.pylians/dm/snapshot025/science-1d3061083e76/execution-cd9ea581b7f7_run001.json,258bc3f161c07205a4a92348c3073b6986cb0f3bbb890d3281879bbb6436af90,894a0b1e9b80c7f8061ab55a6e59199b196b69bb805c2077fece720716da3653,clumping.pylians,migrated
results/aida-tng-od100-uniform200/L75n910_vSIDM/dm/pylians/snapshot033_grid256/threads8_batch1_run001.json,a240b049a6ed08d5cd99f21d07fa04c7aba78a0bd24c11f56737cede41cba698,results/aida-tng/L75n910_vSIDM/clumping/clumping.pylians/dm/snapshot033/science-1095fad820be/execution-cd9ea581b7f7_run001.json,d4f484f89c51a7a9ab571873995ced494a3b7e67587b2bf4250c684ea0677929,50670c12a6672413cb58b2db60f5836d56c456d8ae581a144ce41c85f9c54fac,clumping.pylians,migrated
results/aida-tng-od100-uniform200/L75n910_vSIDM/dm/pylians/snapshot050_grid256/threads8_batch1_run001.json,31af1f8159776f81d09f4ae3ac4d7e52196aab1658856157a79f7e6d326ef43d,results/aida-tng/L75n910_vSIDM/clumping/clumping.pylians/dm/snapshot050/science-75d29e85e7c7/execution-cd9ea581b7f7_run001.json,4d481a12318dd6eb960ec0b51fca13d83726eb528529e45e34932e0377caf21e,e4dc3785b76d79d5fb1147a4d145742b17d85fc0da56675553032636e531fe5e,clumping.pylians,migrated
results/aida-tng-od100-uniform200/L75n910_vSIDM/dm/pylians/snapshot067_grid256/threads8_batch1_run001.json,8a9a83cb1d9bd705ee3cde40e6af286879ca2269652d886f6d6fd95bd200774e,results/aida-tng/L75n910_vSIDM/clumping/clumping.pylians/dm/snapshot067/science-dc03cc3ee600/execution-cd9ea581b7f7_run001.json,c7df975b1d08a11bb5fd9efae842188640f603a1599d0183492384a746627954,59477a9bc22f1c30601df88b732b3bba9144dc63b01220f8b600019c3fd034a8,clumping.pylians,migrated
results/aida-tng-od100-uniform200/L75n910_vSIDM/dm/pylians/snapshot084_grid256/threads8_batch1_run001.json,f8d22bcc923cd2ed2e5fe78acde5dca69764e04849e82ef15c21a32dd092c13a,results/aida-tng/L75n910_vSIDM/clumping/clumping.pylians/dm/snapshot084/science-e486af81c4f9/execution-cd9ea581b7f7_run001.json,394884f3529fd91898fb7331b7d9e1581f9f7bea45f2f8e32c8c7ec20cc857b4,fd93fed90f654b351ed72c4ab12b42c3717685b71f81eae8b8052c1dbb892e65,clumping.pylians,migrated
results/aida-tng-od100-uniform200/L75n910_vSIDM/dm/pylians/snapshot099_grid256/threads8_batch1_run001.json,69f9d074f5a9ebb235c4a04a0de57c39ed094dfefc7bb0d7e99a2ef7ff4131b8,results/aida-tng/L75n910_vSIDM/clumping/clumping.pylians/dm/snapshot099/science-ccd21c8ff27f/execution-cd9ea581b7f7_run001.json,11ea43bc737118804f0f21f9e64a1de887d2e0f13adcac6390ca290cbc28f721,ff73e979427c569424a0edf587ab443433304446939a5e7ea3c5deab43f695b0,clumping.pylians,migrated
results/aida-tng-raw-volume-od100-uniform200/L35n1080_CDM/gas/raw-volume/snapshot017_grid256/threads1_batch1_run001.json,f7874acc5a602123dd33a24832961c31f138878ec783b7ea306cd076efab5ab0,results/aida-tng/L35n1080_CDM/clumping/clumping.raw-volume-weighted/gas/snapshot017/science-b87722e58870/execution-83be40a864d4_run001.json,0c011de2b05ab1429f1c13cb333aef3e7560eefd19f54a923e30c36f4c988c74,52f26aaf3fbeccb82443598befb76283049aa182c8f85e07bc2b61de769826f6,clumping.raw-volume-weighted,migrated
results/aida-tng-raw-volume-od100-uniform200/L35n1080_CDM/gas/raw-volume/snapshot025_grid256/threads1_batch1_run001.json,ae72a91732842947f74c72e5804cb2419829af91d9f1aa24f7c44c26a634375f,results/aida-tng/L35n1080_CDM/clumping/clumping.raw-volume-weighted/gas/snapshot025/science-b87722e58870/execution-83be40a864d4_run001.json,3d0204b4907ab0ce4120b3a6e75f82df49938c816af28c33a848dec8109b152d,5227f624087b2570810bc16e9b82fce3e4b88ba6c7434f232195905b2052eb9e,clumping.raw-volume-weighted,migrated
results/aida-tng-raw-volume-od100-uniform200/L35n1080_CDM/gas/raw-volume/snapshot033_grid256/threads1_batch1_run001.json,e793ee3d823d3afadd2839ea340478008522149211b8003d1741461751c5515a,results/aida-tng/L35n1080_CDM/clumping/clumping.raw-volume-weighted/gas/snapshot033/science-b87722e58870/execution-83be40a864d4_run001.json,8eed4ccdb73563e7aa66b2338520e773f067bc4d3b3d90618046f012f07d9303,a94cdbecc1fa632965a2f2f8563c774b6bb645edb7a089f11cbb95a64fa6f25e,clumping.raw-volume-weighted,migrated
results/aida-tng-raw-volume-od100-uniform200/L35n1080_CDM/gas/raw-volume/snapshot050_grid256/threads1_batch1_run001.json,1536148496df76cb0c12bed27ca14fd6ea3be2fd9284c5b1efec06f9a7c9b2e5,results/aida-tng/L35n1080_CDM/clumping/clumping.raw-volume-weighted/gas/snapshot050/science-b87722e58870/execution-83be40a864d4_run001.json,ffe0b352ecb0e8a621cd6ee2694ea7185cb8b943349aa79b035ed46b33bffc55,165d7a65c6f8eade84d95610fde563a7bc63557ba26569cec3d72ce4a986ddbc,clumping.raw-volume-weighted,migrated
results/aida-tng-raw-volume-od100-uniform200/L35n1080_CDM/gas/raw-volume/snapshot067_grid256/threads1_batch1_run001.json,1e5da2b874d29ed0d7b5c01e827c20ab2da550d4f55ab40160fdaa07682127a6,results/aida-tng/L35n1080_CDM/clumping/clumping.raw-volume-weighted/gas/snapshot067/science-b87722e58870/execution-83be40a864d4_run001.json,6a909e8287fc656a8a42973a22aafb1bffae92899a40d82179688d0618879ac9,7845e893e201641cf4a1ff4b9dc44ea734fa126d35551b329c80405818c53839,clumping.raw-volume-weighted,migrated
results/aida-tng-raw-volume-od100-uniform200/L35n1080_CDM/gas/raw-volume/snapshot084_grid256/threads1_batch1_run001.json,0120f9a262ad57110e3c0ba2e4e2d7031eee752f12980f1577fbd5c5428d6842,results/aida-tng/L35n1080_CDM/clumping/clumping.raw-volume-weighted/gas/snapshot084/science-b87722e58870/execution-83be40a864d4_run001.json,485d8e760789689dfcf06d5d6b6844785ea22309e07c36689b17c5c48c971f69,f626074cf9028e9944343b6fbb5024d3c21067bae93c62ce9f03f86e1441c8a2,clumping.raw-volume-weighted,migrated
results/aida-tng-raw-volume-od100-uniform200/L35n1080_CDM/gas/raw-volume/snapshot099_grid256/threads1_batch1_run001.json,3146f1d24b33f37786a0764cc7244b70f138747de9b68bf21add0b2ecc683542,results/aida-tng/L35n1080_CDM/clumping/clumping.raw-volume-weighted/gas/snapshot099/science-b87722e58870/execution-83be40a864d4_run001.json,bf82e86f6a036632f8706235bc97a43d81f4c120d079ea7fa860f30e99f93916,97ca763d69d7fb8fa38ab9abcf12a4c7d26809a2547b86130205fb382cb56aeb,clumping.raw-volume-weighted,migrated
results/aida-tng-raw-volume-od100-uniform200/L35n1080_SIDM1/gas/raw-volume/snapshot017_grid256/threads1_batch1_run001.json,510f8d71c7e5988f66066f43b088683dc42a819fad841ee0692e53e6bbf7732e,results/aida-tng/L35n1080_SIDM1/clumping/clumping.raw-volume-weighted/gas/snapshot017/science-b87722e58870/execution-83be40a864d4_run001.json,adadd833b27d68d656fa18e378e4a322cfdafe17f9176872a898f07572e7e47e,f8c70cb36db57e4da6975c56f871c0550236f9e7d117b8551ad71562e37e633a,clumping.raw-volume-weighted,migrated
results/aida-tng-raw-volume-od100-uniform200/L35n1080_SIDM1/gas/raw-volume/snapshot025_grid256/threads1_batch1_run001.json,083b9de51c2f185ae3a998128e53a29d7a3ec614a27ea5569931038572cf274e,results/aida-tng/L35n1080_SIDM1/clumping/clumping.raw-volume-weighted/gas/snapshot025/science-b87722e58870/execution-83be40a864d4_run001.json,b032858a303ded40377edcbf9326cc50a486d57cad5be24b3945b1c842a8a46d,5e4457d0c9477df45cbda7dcd5733f7f1a20f1b53e8f496cb3c817248ed2dc2e,clumping.raw-volume-weighted,migrated
results/aida-tng-raw-volume-od100-uniform200/L35n1080_SIDM1/gas/raw-volume/snapshot033_grid256/threads1_batch1_run001.json,eba37e58861229ce183944809439e2d9a30b50f54e338bff0a535c080dfe43ac,results/aida-tng/L35n1080_SIDM1/clumping/clumping.raw-volume-weighted/gas/snapshot033/science-b87722e58870/execution-83be40a864d4_run001.json,0b56321473693d1e7ab492b9746eee3c0d7575423cdab30c94ab97594bffd730,7cda5f0abcb10f5b659d1403f9cf19208185901102c272392f18523d3c001622,clumping.raw-volume-weighted,migrated
results/aida-tng-raw-volume-od100-uniform200/L35n1080_SIDM1/gas/raw-volume/snapshot050_grid256/threads1_batch1_run001.json,bdf919d78080c266b848eb172807be88304143f65672085d2044d6f05bdc417a,results/aida-tng/L35n1080_SIDM1/clumping/clumping.raw-volume-weighted/gas/snapshot050/science-b87722e58870/execution-83be40a864d4_run001.json,445ac2a57aa4b30f61698cbf9c0873abec5755679465813c3d42c90ff729f8a7,0503215b4d11dd31388f543770d9cb2a888939f6d7b803dfb1156af00e7b23fd,clumping.raw-volume-weighted,migrated
results/aida-tng-raw-volume-od100-uniform200/L35n1080_SIDM1/gas/raw-volume/snapshot067_grid256/threads1_batch1_run001.json,8d0ba38daae885dbde08d42e457d8e2a057d3c06c14f828c93c2e330e2f14f8a,results/aida-tng/L35n1080_SIDM1/clumping/clumping.raw-volume-weighted/gas/snapshot067/science-b87722e58870/execution-83be40a864d4_run001.json,2c61bd759fdf3946ba74da37cc0f4a83fccd8e766961685d9f1695d79b4f8a68,5ddf0d3ae4c52533c3e74ec026af7ae3588ab3c381d4a6b18fdfc3b8ebf7ace5,clumping.raw-volume-weighted,migrated
results/aida-tng-raw-volume-od100-uniform200/L35n1080_SIDM1/gas/raw-volume/snapshot075_grid256/threads1_batch1_run001.json,8099935edd97129971d7a27b733c728e814d60954d2511359034291134dfa2b6,results/aida-tng/L35n1080_SIDM1/clumping/clumping.raw-volume-weighted/gas/snapshot075/science-b87722e58870/execution-83be40a864d4_run001.json,c89cc9a1459c6160091fb2cfc12ee1507e1e6d46b0d4a77310303eccdde0fe14,d30582d53bc7ae6e08c60c33614d72f1641766e12ce568b878b5fc2023687b2e,clumping.raw-volume-weighted,migrated
results/aida-tng-raw-volume-od100-uniform200/L35n1080_WDM3/gas/raw-volume/snapshot017_grid256/threads1_batch1_run001.json,d896b795fa5dbe68c08dd5cb8f7840ff77448f422de552e988af463112266382,results/aida-tng/L35n1080_WDM3/clumping/clumping.raw-volume-weighted/gas/snapshot017/science-b87722e58870/execution-83be40a864d4_run001.json,852f7bde60429f929ad26ddfb30eb4208075e62d52c1dea68c739ce75bcf27e9,38c00c587dd4a8e81f988eb6438dd43cc538654fd341fec4e02c3629c617f44a,clumping.raw-volume-weighted,migrated
results/aida-tng-raw-volume-od100-uniform200/L35n1080_WDM3/gas/raw-volume/snapshot025_grid256/threads1_batch1_run001.json,eabe9d2c0d978c67c303690aecf2988e29288833c57ec9da145e58b4e3376225,results/aida-tng/L35n1080_WDM3/clumping/clumping.raw-volume-weighted/gas/snapshot025/science-b87722e58870/execution-83be40a864d4_run001.json,37ad3da6fc0e413680d3b59253dd3d59be0c65aaace293015a01b84a527d96a6,a28d43ecbee1b4e28e9706145a48969171a8f84020e629dcf0747b8f2a854405,clumping.raw-volume-weighted,migrated
results/aida-tng-raw-volume-od100-uniform200/L35n1080_WDM3/gas/raw-volume/snapshot033_grid256/threads1_batch1_run001.json,0080291e3abcdf556446e7360e8e95de181f60ae29855157cce5b4052ff45978,results/aida-tng/L35n1080_WDM3/clumping/clumping.raw-volume-weighted/gas/snapshot033/science-b87722e58870/execution-83be40a864d4_run001.json,13efc14e6df2c8d36fae9a387703825b2905604d9695631cf96dcc17ad88c7a9,1844d59dd43f1e90114857308866e3f50b3ad81a63c577a0bef70bc7c7899e8a,clumping.raw-volume-weighted,migrated
results/aida-tng-raw-volume-od100-uniform200/L35n1080_WDM3/gas/raw-volume/snapshot050_grid256/threads1_batch1_run001.json,1f310b4d13724b4b5055b5d9dfca75eefe2777897d0d81828e5c81733022defc,results/aida-tng/L35n1080_WDM3/clumping/clumping.raw-volume-weighted/gas/snapshot050/science-b87722e58870/execution-83be40a864d4_run001.json,562f496b7bdc65314f28e250605dcc4b0f27378434da272a89f73ba4f44fc9c6,89fea396065da10f42e63de44c53b5d4baf5dd4a5a759810db99f7deaf28ee3c,clumping.raw-volume-weighted,migrated
results/aida-tng-raw-volume-od100-uniform200/L35n1080_WDM3/gas/raw-volume/snapshot067_grid256/threads1_batch1_run001.json,2f35789febabe25b509e3c7ab6e1ebf249f0c82776a4a45612e40097fd6272b5,results/aida-tng/L35n1080_WDM3/clumping/clumping.raw-volume-weighted/gas/snapshot067/science-b87722e58870/execution-83be40a864d4_run001.json,721471b0de69490fed91d6dd9e6675b393a19a68754f716149626811056f2950,d607f852f75ae0cc2d9301d3c95820ecc1e7292a12231f5e2dd5fba1c52325b8,clumping.raw-volume-weighted,migrated
results/aida-tng-raw-volume-od100-uniform200/L35n1080_WDM3/gas/raw-volume/snapshot084_grid256/threads1_batch1_run001.json,8e51d782a2e2801ae475e8195c7d901c3e2ee5f443852a01a8ce8fe560f5098a,results/aida-tng/L35n1080_WDM3/clumping/clumping.raw-volume-weighted/gas/snapshot084/science-b87722e58870/execution-83be40a864d4_run001.json,1e8a9defe981ba933bf42f75795c1a2f258f94cdb8580fa344ba6f9e3006eff0,709a742ada0b8cc759e3feaf3bf4960dac7bd0d75011a84eb0beba75b4a1a8ad,clumping.raw-volume-weighted,migrated
results/aida-tng-raw-volume-od100-uniform200/L35n1080_WDM3/gas/raw-volume/snapshot099_grid256/threads1_batch1_run001.json,870c6af744d6c56b9a435c79f56f54370ca9b710b1c3df587360cd15a49eaff3,results/aida-tng/L35n1080_WDM3/clumping/clumping.raw-volume-weighted/gas/snapshot099/science-b87722e58870/execution-83be40a864d4_run001.json,5fe4d1d83dafe2709cc0c0d50d6fd879eb4f058cbcbd897a8f65898bfdb640ac,eca98a8fdfcaf8eba4061791dfdcc48b8d24638634d8849d58cccbecf2abfd44,clumping.raw-volume-weighted,migrated
results/aida-tng-raw-volume-od100-uniform200/L35n1080_vSIDM/gas/raw-volume/snapshot017_grid256/threads1_batch1_run001.json,5687924ef817b72f6d60c0e0b8e3f6df0831b1964f6e809659005770d2ebbd87,results/aida-tng/L35n1080_vSIDM/clumping/clumping.raw-volume-weighted/gas/snapshot017/science-b87722e58870/execution-83be40a864d4_run001.json,5a814909d3026540f963cb0d59a501d7a3b970a58fd63aab4bde121dc93fc695,03bc49e6b541c438f3d72efaa005d219f815489d0ae5c193b8bd429f39e3e26e,clumping.raw-volume-weighted,migrated
results/aida-tng-raw-volume-od100-uniform200/L35n1080_vSIDM/gas/raw-volume/snapshot025_grid256/threads1_batch1_run001.json,914fc432dae81d421cf3fb416abaa72f7d621f588cc1164c3c4a68ac7cea3c8d,results/aida-tng/L35n1080_vSIDM/clumping/clumping.raw-volume-weighted/gas/snapshot025/science-b87722e58870/execution-83be40a864d4_run001.json,a450883a0e9eeda0b219044b63b5e1a6af733f22d6fa54d2f56a1bdac7b19917,150172175be65aa3a6a0311a7b2384859f2511ce57fa0a102d3783428c125844,clumping.raw-volume-weighted,migrated
results/aida-tng-raw-volume-od100-uniform200/L35n1080_vSIDM/gas/raw-volume/snapshot033_grid256/threads1_batch1_run001.json,55ad7b1d25464895c3cebf94c65761f1213e1e01a187c620af644adf327e3eb4,results/aida-tng/L35n1080_vSIDM/clumping/clumping.raw-volume-weighted/gas/snapshot033/science-b87722e58870/execution-83be40a864d4_run001.json,55fc292dad496241bb782a75c93b29dc646cf3f9b418631f2a683a59ebb97579,4a144d893854b20ff6d5596bb9390ce94f48d1d7ff5cabc3096ba20ff0fee2ff,clumping.raw-volume-weighted,migrated
results/aida-tng-raw-volume-od100-uniform200/L35n1080_vSIDM/gas/raw-volume/snapshot050_grid256/threads1_batch1_run001.json,65de3aede4876835658c806b5daa4f424ac7514b8c2494631ccc57aeaea645ec,results/aida-tng/L35n1080_vSIDM/clumping/clumping.raw-volume-weighted/gas/snapshot050/science-b87722e58870/execution-83be40a864d4_run001.json,456ab19f7d1ffa6ed1fd85483d5a35af614747e71034d04dc767e09176aeba83,cef8da01044b1f6f1f8097c584c32216ee9544eed902509053e1ae32fc8ebd01,clumping.raw-volume-weighted,migrated
results/aida-tng-raw-volume-od100-uniform200/L35n1080_vSIDM/gas/raw-volume/snapshot067_grid256/threads1_batch1_run001.json,2939bce5a35044708207bcdec3d58a75576d022ad682546ce98eecdfdd2103bd,results/aida-tng/L35n1080_vSIDM/clumping/clumping.raw-volume-weighted/gas/snapshot067/science-b87722e58870/execution-83be40a864d4_run001.json,8732c69b2565471cde4bfa0b9c9e21a025cfb3f1cd02f53587dfa558fb1285dd,7f6ff694194544854480941ad02db515ae3b3aafacc7dbf1c48ac65732196187,clumping.raw-volume-weighted,migrated
results/aida-tng-raw-volume-od100-uniform200/L35n1080_vSIDM/gas/raw-volume/snapshot084_grid256/threads1_batch1_run001.json,e76b8248794619ebde054609e12647b7ce722c0fc45ea48ef6c61857378f78d3,results/aida-tng/L35n1080_vSIDM/clumping/clumping.raw-volume-weighted/gas/snapshot084/science-b87722e58870/execution-83be40a864d4_run001.json,b341fd03d3272bb65d89cb0e9a61407668f412227beba4e8a01f2ee3f427c892,3a241fb109678784003a4578715f2eb619362750ff1f1212d4ecc18a7a3e6e86,clumping.raw-volume-weighted,migrated
results/aida-tng-raw-volume-od100-uniform200/L35n1080_vSIDM/gas/raw-volume/snapshot099_grid256/threads1_batch1_run001.json,58472ebc001ed4dd0380642022e33672d82712598a4cf55bda6367b27a0ec41e,results/aida-tng/L35n1080_vSIDM/clumping/clumping.raw-volume-weighted/gas/snapshot099/science-b87722e58870/execution-83be40a864d4_run001.json,46d84cb186d66a4386e7e375946509052e6fe6b24dc15313894efb2f89603732,79bc3824d1d809facd41829d329b388c780601b2426acb6fd602e23e678bf4bc,clumping.raw-volume-weighted,migrated
results/aida-tng-raw-volume-od100-uniform200/L75n910_CDM/gas/raw-volume/snapshot017_grid256/threads1_batch1_run001.json,6929772e5e1af95c15de0c3b836d82454a09591bd011030ecd2f6860d3b8e683,results/aida-tng/L75n910_CDM/clumping/clumping.raw-volume-weighted/gas/snapshot017/science-b87722e58870/execution-83be40a864d4_run001.json,ddb2ff1e8b9fa11815af0ebcf589918a1a65e1e6abe0ca28455ff72600a4bbbd,7b4e3e324d091308c8ee6dd481d0a03de16cd98714b5277678da1afd70b2be9a,clumping.raw-volume-weighted,migrated
results/aida-tng-raw-volume-od100-uniform200/L75n910_CDM/gas/raw-volume/snapshot025_grid256/threads1_batch1_run001.json,1393352a873a36d96d6ee9d9b2dc345b3af24b033d83afcbda128c62fabfdd81,results/aida-tng/L75n910_CDM/clumping/clumping.raw-volume-weighted/gas/snapshot025/science-b87722e58870/execution-83be40a864d4_run001.json,5878576740b8f8b5ee8c305236823ff85de0378a0e3b14a0e8c4c7ec75e1acae,96d8e6e9893c4905e1c2d1536d08f03b1ff14d146c42293ffe9b7dc3170b58cd,clumping.raw-volume-weighted,migrated
results/aida-tng-raw-volume-od100-uniform200/L75n910_CDM/gas/raw-volume/snapshot033_grid256/threads1_batch1_run001.json,e852982f4b29e2d6993b47819b9990ccb32d5c4dedd5e6606b6a39a1477d6cbf,results/aida-tng/L75n910_CDM/clumping/clumping.raw-volume-weighted/gas/snapshot033/science-b87722e58870/execution-83be40a864d4_run001.json,1d364bd86663d90f8f4e466e8ebb2d96c063df734719ebdb8b0d033a8892a9f6,79e8ea03043c1c86e66ebca8a15ddbf739fb9c79cc6c3ed00cfa7df759429ca3,clumping.raw-volume-weighted,migrated
results/aida-tng-raw-volume-od100-uniform200/L75n910_CDM/gas/raw-volume/snapshot050_grid256/threads1_batch1_run001.json,17de9f577089b4bb8260f7cb7683188abd9b17e62af42f4d4bdbff61afbddda2,results/aida-tng/L75n910_CDM/clumping/clumping.raw-volume-weighted/gas/snapshot050/science-b87722e58870/execution-83be40a864d4_run001.json,707f092af85b446c26c690c46bfa9120480d810495e66801ec44d7ea573832b3,304a3318deb980386afdf0b177f594dce535e9a0b534e54cd4df0e4d91bc65f6,clumping.raw-volume-weighted,migrated
results/aida-tng-raw-volume-od100-uniform200/L75n910_CDM/gas/raw-volume/snapshot067_grid256/threads1_batch1_run001.json,72cd91208da03e12b37d8ceee4fe04ae17b6a65c00c7db067d02196b2764ea6b,results/aida-tng/L75n910_CDM/clumping/clumping.raw-volume-weighted/gas/snapshot067/science-b87722e58870/execution-83be40a864d4_run001.json,874beaf975adf4fdb8d25fc034b26bc66ad578ab89868b16cf0d6cc4aab301b1,7609b883e67247712a078a16f1529e665b2fd7688b47b554cdd60fc7f2156f35,clumping.raw-volume-weighted,migrated
results/aida-tng-raw-volume-od100-uniform200/L75n910_CDM/gas/raw-volume/snapshot084_grid256/threads1_batch1_run001.json,5ec7c1008f794a9bb4ad83b2efa44eb2e0fa15bcdfe0e832171a4983b1256b85,results/aida-tng/L75n910_CDM/clumping/clumping.raw-volume-weighted/gas/snapshot084/science-b87722e58870/execution-83be40a864d4_run001.json,5de9b42f13fc7df0d8d6e33978ffbaf1d3a4e666dea79995c935ba7b5cfca218,8e805b94ec6ab1f92d4c7f0c726bea9e803a5e8b8fc4bbc71c97d2eb1d937af0,clumping.raw-volume-weighted,migrated
results/aida-tng-raw-volume-od100-uniform200/L75n910_CDM/gas/raw-volume/snapshot099_grid256/threads1_batch1_run001.json,7bef3df41750b0d0fddfee211887f2c844657dae040b8ed658a11bf02c13e99a,results/aida-tng/L75n910_CDM/clumping/clumping.raw-volume-weighted/gas/snapshot099/science-b87722e58870/execution-83be40a864d4_run001.json,1420994a5240351e510623536f0366001b24f196379e9970158db7b3e0ced2dc,6520b727b847e75320cc7d422e84254c6e9a6293af6f0087616ba3e5e04384c6,clumping.raw-volume-weighted,migrated
results/aida-tng-raw-volume-od100-uniform200/L75n910_SIDM1/gas/raw-volume/snapshot017_grid256/threads1_batch1_run001.json,0a54536369ac800721e79012aa1ba211a357eb82a087f20f76158bcfff6adb9b,results/aida-tng/L75n910_SIDM1/clumping/clumping.raw-volume-weighted/gas/snapshot017/science-b87722e58870/execution-83be40a864d4_run001.json,44d43e9fd891b986bb473b3eacd5f735c380edcdb74e14a818c7f2545c2e2cc9,b03b7771d05dd7e4ecd07e3b54231ea3d58bff1f64f3c15fb19695c8a4636126,clumping.raw-volume-weighted,migrated
results/aida-tng-raw-volume-od100-uniform200/L75n910_SIDM1/gas/raw-volume/snapshot025_grid256/threads1_batch1_run001.json,572747744bb84c87dec6ee0c4bcc789fe856dd1358aa6b01d24cc9dc0e510dc6,results/aida-tng/L75n910_SIDM1/clumping/clumping.raw-volume-weighted/gas/snapshot025/science-b87722e58870/execution-83be40a864d4_run001.json,836b8a49d94fca565b44fb73df37f1f6624afe7defc7742b80a8b92d1db0414b,c2ab3ca9b837ab33689841a90bbe5ee595565c7dbdc5993defa047e7e5b0c9e5,clumping.raw-volume-weighted,migrated
results/aida-tng-raw-volume-od100-uniform200/L75n910_SIDM1/gas/raw-volume/snapshot033_grid256/threads1_batch1_run001.json,8500c58c5661782e937e64b6eb83958c89311765320095d654eb88c5a6c465e4,results/aida-tng/L75n910_SIDM1/clumping/clumping.raw-volume-weighted/gas/snapshot033/science-b87722e58870/execution-83be40a864d4_run001.json,612a78cbe2fe405e54a189bbdb2e90ecc24468184b88b6b0979b607c0760a369,67681b5df79b9ab4fa8204109a66f36463ea8a26f8d5568f917373d04f1961e5,clumping.raw-volume-weighted,migrated
results/aida-tng-raw-volume-od100-uniform200/L75n910_SIDM1/gas/raw-volume/snapshot050_grid256/threads1_batch1_run001.json,3f5aad08bc1c49303e7e906c7d3afbc7163a8f7dea912b54dec460194a6d6260,results/aida-tng/L75n910_SIDM1/clumping/clumping.raw-volume-weighted/gas/snapshot050/science-b87722e58870/execution-83be40a864d4_run001.json,a175eb56c5aa820b43a851e507346d1e2ca50a4e70d72246242fe8996665244e,290131694544154e553a3215be3727c370df5babce50604f666837375255d07e,clumping.raw-volume-weighted,migrated
results/aida-tng-raw-volume-od100-uniform200/L75n910_SIDM1/gas/raw-volume/snapshot067_grid256/threads1_batch1_run001.json,31cf546a84a36d39bb95cd16668138c2defb7e9ec32ea0d02cc02c5e41f4b8e6,results/aida-tng/L75n910_SIDM1/clumping/clumping.raw-volume-weighted/gas/snapshot067/science-b87722e58870/execution-83be40a864d4_run001.json,ab99feab68569e1659302e15974c4e811744d9c057a4de3c854540fb964a70ef,91803bc3b453443c7fed43c555ee3e8389110b44f909f647e9af221ddb93cf02,clumping.raw-volume-weighted,migrated
results/aida-tng-raw-volume-od100-uniform200/L75n910_SIDM1/gas/raw-volume/snapshot084_grid256/threads1_batch1_run001.json,44a7723a13844e3e63c8dcd2d10c8ab7173d45b1f5f1ab9a8f849d423f2e4dcf,results/aida-tng/L75n910_SIDM1/clumping/clumping.raw-volume-weighted/gas/snapshot084/science-b87722e58870/execution-83be40a864d4_run001.json,c5b05eb6ef73a9559b820e754d10cad50a2f5939c47c7b7e724f8ead94e65e88,5260c9452172f12d93f6cf1304264eba07217f6679079cdd11e22032b8a96f36,clumping.raw-volume-weighted,migrated
results/aida-tng-raw-volume-od100-uniform200/L75n910_SIDM1/gas/raw-volume/snapshot099_grid256/threads1_batch1_run001.json,00a5c29deadff3ca943e1735b9dae741a7ec4df83eb0edcde36719bcfba972ce,results/aida-tng/L75n910_SIDM1/clumping/clumping.raw-volume-weighted/gas/snapshot099/science-b87722e58870/execution-83be40a864d4_run001.json,2ff4732cee57b8038704864c26c4dee2edc8ff3f6d197c31a3eb76a2ccd6dca3,c6f5c09dc46a5bb72acfbafea99f69f643567555455d1ed91e703ed81112c277,clumping.raw-volume-weighted,migrated
results/aida-tng-raw-volume-od100-uniform200/L75n910_WDM3/gas/raw-volume/snapshot025_grid256/threads1_batch1_run001.json,a5660ba6258c594b47bc81b84eac600edef6e884773a1aac3ae4c67b82ba45c5,results/aida-tng/L75n910_WDM3/clumping/clumping.raw-volume-weighted/gas/snapshot025/science-b87722e58870/execution-83be40a864d4_run001.json,b2ffaa3227ab34d4216ff1e21bce35bc208b9a68ca65f8f066dcf1a4893d1c78,d314f93bdc675e6c8efcedc2b8fb560328b43115625532651c92d3ccafd11c2f,clumping.raw-volume-weighted,migrated
results/aida-tng-raw-volume-od100-uniform200/L75n910_WDM3/gas/raw-volume/snapshot033_grid256/threads1_batch1_run001.json,964d37309ff2b8cc734d153820d34afbb45d84976ea1027d4e90be369b321c76,results/aida-tng/L75n910_WDM3/clumping/clumping.raw-volume-weighted/gas/snapshot033/science-b87722e58870/execution-83be40a864d4_run001.json,81ccf941fecee1f26235cf6e2b3b3d6a9456fa5721a39c9484f9ef65b73a0ff8,cf787c5f160f0604db499da725c377800635f17c18be14c1601f6458bff861bf,clumping.raw-volume-weighted,migrated
results/aida-tng-raw-volume-od100-uniform200/L75n910_WDM3/gas/raw-volume/snapshot050_grid256/threads1_batch1_run001.json,c8beddf6f54300fe0f21d183e903a7a6517063401923729ced73f46dc9f49ebd,results/aida-tng/L75n910_WDM3/clumping/clumping.raw-volume-weighted/gas/snapshot050/science-b87722e58870/execution-83be40a864d4_run001.json,18e426a91c1ba996594097c103d542cebef39954343ff9881b0a7c080554791b,9a400d543f52980dc8afbd820d2ae3dd3366ea21d3a7cd03ab0110b3d0721ff2,clumping.raw-volume-weighted,migrated
results/aida-tng-raw-volume-od100-uniform200/L75n910_WDM3/gas/raw-volume/snapshot067_grid256/threads1_batch1_run001.json,a90b573a6158a4ebecc66e7d005e000b8ddcebee1f70e8f6239ade2985b7d54d,results/aida-tng/L75n910_WDM3/clumping/clumping.raw-volume-weighted/gas/snapshot067/science-b87722e58870/execution-83be40a864d4_run001.json,1c2791b6133c3d56283aed9dbe6ba46b7edbd9ccc108bd83529b5ce6002b4e2a,7edeeac45ab3f5b71bd89c9b4ab9c315c97f7de481f037249ed03af87d821bdc,clumping.raw-volume-weighted,migrated
results/aida-tng-raw-volume-od100-uniform200/L75n910_WDM3/gas/raw-volume/snapshot084_grid256/threads1_batch1_run001.json,a7bb4b50884ffad24f67bafc7f6dbb9478b81aeb4860158d40bd83b4576ad722,results/aida-tng/L75n910_WDM3/clumping/clumping.raw-volume-weighted/gas/snapshot084/science-b87722e58870/execution-83be40a864d4_run001.json,5cf9a47f1ae4603ba70096ccd0c64cd3d511cef7440e54585f0e2f9bbbdb66d6,5333395857a5de2ea2b053d1ae166122906fdfe3b76c60cd32e136b3d6ac0e06,clumping.raw-volume-weighted,migrated
results/aida-tng-raw-volume-od100-uniform200/L75n910_WDM3/gas/raw-volume/snapshot099_grid256/threads1_batch1_run001.json,c5b36293484ec504ba93d59b711febefd8e9107d13f964189cb333085502c47e,results/aida-tng/L75n910_WDM3/clumping/clumping.raw-volume-weighted/gas/snapshot099/science-b87722e58870/execution-83be40a864d4_run001.json,1ea8f0a261e57ebb6f606aa756949be219837c681a958ba97d1e63b2cdaaa30a,d7ec44310374afe3c2ecd1c25f927787b9a89616456f19ce3286356c0a3d3e90,clumping.raw-volume-weighted,migrated
results/aida-tng-raw-volume-od100-uniform200/L75n910_vSIDM/gas/raw-volume/snapshot017_grid256/threads1_batch1_run001.json,8a301c280486e71291e1620219abcdab0032a352ed78b5e5c36391f28b578356,results/aida-tng/L75n910_vSIDM/clumping/clumping.raw-volume-weighted/gas/snapshot017/science-b87722e58870/execution-83be40a864d4_run001.json,98a8d57960b53a8b65fd63fbd37ad8a8fde6cf3b7d274ebdc5d300e7a5366e44,e46464b03aac83cbdc62b8ebe67645c4a466434b6cd91fb1a042dc299f64e6c9,clumping.raw-volume-weighted,migrated
results/aida-tng-raw-volume-od100-uniform200/L75n910_vSIDM/gas/raw-volume/snapshot025_grid256/threads1_batch1_run001.json,d4ccd743509d3f0e8f2207f4001ec148c33a96069013dc9be6a81fd3e8de71bf,results/aida-tng/L75n910_vSIDM/clumping/clumping.raw-volume-weighted/gas/snapshot025/science-b87722e58870/execution-83be40a864d4_run001.json,fc04aec541514ca6a4979acb1f2ca52d997f9df107adae79b3cbd933d638a8d9,0bd047d3b4096ef3a4b9ab089aec058dadedc719447d4acde0aebf3ae7c284a8,clumping.raw-volume-weighted,migrated
results/aida-tng-raw-volume-od100-uniform200/L75n910_vSIDM/gas/raw-volume/snapshot033_grid256/threads1_batch1_run001.json,741cc9155b5f851fe285ada7a551d88da9fb23f266603def622bf4b049c2b22d,results/aida-tng/L75n910_vSIDM/clumping/clumping.raw-volume-weighted/gas/snapshot033/science-b87722e58870/execution-83be40a864d4_run001.json,ace30ca7eac11781a8e80175594dbd5796fe50f7ae68635f2a650523cb4e9fd7,2a50b4731e218955706abf670d4443d0ef93c519e8685b390552df306853c65a,clumping.raw-volume-weighted,migrated
results/aida-tng-raw-volume-od100-uniform200/L75n910_vSIDM/gas/raw-volume/snapshot050_grid256/threads1_batch1_run001.json,26cb283eeb76b853a605e6762c509750f32189b18988f964d455b2d58168a5d5,results/aida-tng/L75n910_vSIDM/clumping/clumping.raw-volume-weighted/gas/snapshot050/science-b87722e58870/execution-83be40a864d4_run001.json,ba914af4626cbf6613b289f413bbc18804628925f4923b71181058893c57e0b9,7b29be6c1a338bb2f9f751d4cec05bebc7701b90c481b986b82b99bfc191989a,clumping.raw-volume-weighted,migrated
results/aida-tng-raw-volume-od100-uniform200/L75n910_vSIDM/gas/raw-volume/snapshot067_grid256/threads1_batch1_run001.json,7c4fc8267bcca2709023fd8b73adb0462fb74f288ef68bd1f6592bde2c8e1396,results/aida-tng/L75n910_vSIDM/clumping/clumping.raw-volume-weighted/gas/snapshot067/science-b87722e58870/execution-83be40a864d4_run001.json,9ebafb1343ee1dcfd0ab45f15b13c49a482369edb04fd65b8a1cc8b555af65b1,0fa238815831852da2bea3303a0b5369d5e767263813852c7187066ad3c7eb9a,clumping.raw-volume-weighted,migrated
results/aida-tng-raw-volume-od100-uniform200/L75n910_vSIDM/gas/raw-volume/snapshot084_grid256/threads1_batch1_run001.json,47d956d5dda5c4e86c176b9eef3319b445d537eebd52c622177f2bda4cc0afeb,results/aida-tng/L75n910_vSIDM/clumping/clumping.raw-volume-weighted/gas/snapshot084/science-b87722e58870/execution-83be40a864d4_run001.json,1448c13f7e62d47b76fc858ca0a8b5dbf2a71be77fc6aa219e3f9f95220494de,832d7397f5b324dcbe052cde3dcfdd19bc46e9f8a83580355d47601788ceea42,clumping.raw-volume-weighted,migrated
results/aida-tng-raw-volume-od100-uniform200/L75n910_vSIDM/gas/raw-volume/snapshot099_grid256/threads1_batch1_run001.json,52ebb898f02ac808616997f47081b60615445eca9133928666840f562b6b4f15,results/aida-tng/L75n910_vSIDM/clumping/clumping.raw-volume-weighted/gas/snapshot099/science-b87722e58870/execution-83be40a864d4_run001.json,2fc5aec0f5d03c442c4d5884d03c2a669208a1d0276f787ca4e5e414027c9252,e3fbfb235b51104859772aefc1c757650f8e9362d8e26147754509dd9a04e52b,clumping.raw-volume-weighted,migrated
results/aida-tng/L35n1080_CDM/dm/power-spectrum/mas-only_both/snapshot017_grid256/threads8_run001.json,c204e47184744d187733f872b63dfc4f52c2b86ec6dce1777d64a8b0b7c1cde6,results/aida-tng/L35n1080_CDM/power-spectrum/power-spectrum.combined/dm/snapshot017/science-903e658535c4/execution-dad87b62e8e5_run001.json,adebcff1d82b73e3bf4872a87b3d65ce16184e9e8d4bf325ad9e8473b7281fb5,d0a97acec16170452d12ad115d6e37ac832fa936ad28dc974c06f1efe0c52efd,power-spectrum.combined,migrated
results/aida-tng/L35n1080_CDM/dm/power-spectrum/mas-only_both/snapshot017_grid512/threads8_run001.json,959ae9a0320b2e3b0efe3a6549bc781c436c52e1b0db75e19eea2b37d46e59b5,results/aida-tng/L35n1080_CDM/power-spectrum/power-spectrum.combined/dm/snapshot017/science-2b27fc2b70ce/execution-dad87b62e8e5_run001.json,83c2e83f64230c4fe1c2794f4a717844fa43a3c9cdb81e64c9b6d9dcc65b74dc,2f282cc251c3be9d5145b90b1149b14caee3231cec7214217b8d37ad158b36ed,power-spectrum.combined,migrated
results/aida-tng/L35n1080_CDM/dm/power-spectrum/mas-only_both/snapshot025_grid256/threads8_run001.json,de73aa2b19656d03280f0227e41072cf070865daca3f2747bbd38fef76590bc3,results/aida-tng/L35n1080_CDM/power-spectrum/power-spectrum.combined/dm/snapshot025/science-3e9a2996f2b6/execution-dad87b62e8e5_run001.json,9f44ebcf3209210e0b01820356f01c0411b92a65598cc8656970eb0352abd0bd,b3cc771037dc6ab1c353ab6350ad0edd687e66a20ffd1f540e3f662a503a01e5,power-spectrum.combined,migrated
results/aida-tng/L35n1080_CDM/dm/power-spectrum/mas-only_both/snapshot025_grid512/threads8_run001.json,1d4e5fd42e829aaf3d4e0a25658cbeaa3d87488f6f98504a29a24ab015393f58,results/aida-tng/L35n1080_CDM/power-spectrum/power-spectrum.combined/dm/snapshot025/science-044bcde4a522/execution-dad87b62e8e5_run001.json,75e59ce250ea608388334707d99119dd7fdbb651590d0486eb625441dce42d30,811757f89a2482c76278757c7b6e303651e2cfc8e0f6474d2d0b8efa0e229b96,power-spectrum.combined,migrated
results/aida-tng/L35n1080_CDM/dm/power-spectrum/mas-only_both/snapshot033_grid256/threads8_run001.json,c78bde8f74d1de383fa5b2fa0c3f1b6662feb1537edc26abbfe8838218327de1,results/aida-tng/L35n1080_CDM/power-spectrum/power-spectrum.combined/dm/snapshot033/science-93391e481f04/execution-dad87b62e8e5_run001.json,62667f3c2ac87270169423b09a016a322926d302bd9e610242a88b0b96931fd1,e499444603ed393aee7441bcdba4b96345f855cfb31973457da3aac8f8225a58,power-spectrum.combined,migrated
results/aida-tng/L35n1080_CDM/dm/power-spectrum/mas-only_both/snapshot033_grid512/threads8_run001.json,63a1dc015960c82b31853171de1dcb591cf21217a88ba55ba47f43204a800909,results/aida-tng/L35n1080_CDM/power-spectrum/power-spectrum.combined/dm/snapshot033/science-2a1cc8832246/execution-dad87b62e8e5_run001.json,da90bb6b45fa4ca65c8ea5499334fe8ed0af1458752f7d296b50d9118fa17d0b,d768605926a71dbbd17ee87b73f4bdbb6f7727afa23ce992536e635b7a356e24,power-spectrum.combined,migrated
results/aida-tng/L35n1080_CDM/dm/power-spectrum/mas-only_both/snapshot050_grid256/threads8_run001.json,64940bc82f9f063bddb8d9c90b70a17fc6e27e08fe56fbd0f1ad39e41556a3e4,results/aida-tng/L35n1080_CDM/power-spectrum/power-spectrum.combined/dm/snapshot050/science-7493019084de/execution-dad87b62e8e5_run001.json,a759df7693dd544d2c944388c772ad30e5476a41d201f290fb55a0e2eef6af50,90e188e5cd4a3887be62f3e0996e9375f2da6259b9f82e21b487085d89e3eda6,power-spectrum.combined,migrated
results/aida-tng/L35n1080_CDM/dm/power-spectrum/mas-only_both/snapshot050_grid512/threads8_run001.json,0b4c2f68cf5cb6ccb205b22044c09b1342aa3c0c1987725195eed58c60f9d043,results/aida-tng/L35n1080_CDM/power-spectrum/power-spectrum.combined/dm/snapshot050/science-c7c518b407e3/execution-dad87b62e8e5_run001.json,fdd9172483061f7c32298ac317cea907cbeaf7eef325e56cf721b5e377dd757e,19b85171a61a9b037ecf82d13c5da52fc4775f5bf727a102a732717a57c47c6c,power-spectrum.combined,migrated
results/aida-tng/L35n1080_CDM/dm/power-spectrum/mas-only_both/snapshot067_grid256/threads8_run001.json,9c8181357cafe5fbd30033e385ad2f07612318e6f06ef2151502db3c77eeaccc,results/aida-tng/L35n1080_CDM/power-spectrum/power-spectrum.combined/dm/snapshot067/science-6216bbc11ad0/execution-dad87b62e8e5_run001.json,7e50637439a4532be89b7f8ed358e05112056eed22d8d833b5d736842cfd1f77,fdb88fd694d58a9b81cd0f0d2bbc021363b86d6edce355da298ced4ad280b94c,power-spectrum.combined,migrated
results/aida-tng/L35n1080_CDM/dm/power-spectrum/mas-only_both/snapshot067_grid512/threads8_run001.json,855ab18e24ac719959b2002221c9832b535b33eeff754ad6aa43bdcbff76f787,results/aida-tng/L35n1080_CDM/power-spectrum/power-spectrum.combined/dm/snapshot067/science-10074efa417e/execution-dad87b62e8e5_run001.json,e5fce6b0e7e25f789df0841df6988dee4c967bdd9dc94285cc0785915181d50a,9056b861fe2b2aa085648fa364c912c962b6dcc4c0a93c0cde5bd071b875f9d2,power-spectrum.combined,migrated
results/aida-tng/L35n1080_CDM/dm/power-spectrum/mas-only_both/snapshot084_grid256/threads8_run001.json,320180afc104d5ed1a17aa412ee4bbd59619ca384db965bacf12a96d2a40ef3c,results/aida-tng/L35n1080_CDM/power-spectrum/power-spectrum.combined/dm/snapshot084/science-a32c17842190/execution-dad87b62e8e5_run001.json,9af70c7beacb606e345d312d59483dc5da9321f3ba365bdde36724b4e2f9238f,408cb4bbcd200a5f5d32f39ac9ef1f6ebe6c4aea8ec25e577ad98b1064ec45bf,power-spectrum.combined,migrated
results/aida-tng/L35n1080_CDM/dm/power-spectrum/mas-only_both/snapshot084_grid512/threads8_run001.json,d26dd9c85701d0091bdb87f3cdc7ffa38616b0959b4a2321cabee99236094ede,results/aida-tng/L35n1080_CDM/power-spectrum/power-spectrum.combined/dm/snapshot084/science-ddbdcebd2d89/execution-dad87b62e8e5_run001.json,6edf96624826c9b62410aac7a4273acea535b5be13da35ede985763705a66711,8e8c2582aa0c5cefd6d3e92003c651439af3967baf9bdff1b9540f6d37290dea,power-spectrum.combined,migrated
results/aida-tng/L35n1080_CDM/dm/power-spectrum/mas-only_both/snapshot099_grid256/threads8_run001.json,f87cfbbd00a29298dd93156e8d848f7136a1e0b5d13555aae6d27a440228744b,results/aida-tng/L35n1080_CDM/power-spectrum/power-spectrum.combined/dm/snapshot099/science-98c165960a56/execution-dad87b62e8e5_run001.json,92d8b9879bf7df88e64e1e68e2b9f83752234d84f68c9444c95c4afb8d1128ca,bb92dbdc100ba5ddf942830d0e499ecec1c3c3f8f26d8aa6ecb91618f22ace51,power-spectrum.combined,migrated
results/aida-tng/L35n1080_CDM/dm/power-spectrum/mas-only_both/snapshot099_grid512/threads8_run001.json,d3cb61384faf3dd45a5dc6f6e4b954607ae2eb2e0ea259464ed90f9e4e27da03,results/aida-tng/L35n1080_CDM/power-spectrum/power-spectrum.combined/dm/snapshot099/science-ed9bf439d419/execution-dad87b62e8e5_run001.json,b65ac62e8d77863b6a135711b01929a887a40b1213c15a41863cf822250e55c0,43cc240c34f297464589845ccf9e5ea92daec239915029101ed67c4a4f3e4ebc,power-spectrum.combined,migrated
results/aida-tng/L35n1080_CDM/dm/power-spectrum/smoothed-pylians_both/snapshot017_grid256/threads8_run001.json,4010e81a6541cebd00b0f680dc847424dd5b5b3ac7c853d1ce547d59d58ef367,results/aida-tng/L35n1080_CDM/power-spectrum/power-spectrum.combined/dm/snapshot017/science-1e9cabdbb53c/execution-9c0eeb45174c_run001.json,4f4ec30d41d12b40bdbbeaa18592c96834f9222be7397db091861d7d4dda9b49,260b0b4a9517e6a3b63aa573ee2fe70c552f20d9c63d3ffcf194fd554b4f5c35,power-spectrum.combined,migrated
results/aida-tng/L35n1080_CDM/dm/power-spectrum/smoothed-pylians_both/snapshot017_grid512/threads8_run001.json,1226fe57654247181b4f1dc47cfaca544adb2240bdb0e519b77bb70858f9d458,results/aida-tng/L35n1080_CDM/power-spectrum/power-spectrum.combined/dm/snapshot017/science-43f24d057acd/execution-9c0eeb45174c_run001.json,d45bff40e4d0c93da9f5a606541ba8a2a9e8dc8f33d1053699d7aa9552a04cb5,bc66c9c44cf194079aa4ee9d74914472f9f214a5711de4e3fd39a10b668b0db8,power-spectrum.combined,migrated
results/aida-tng/L35n1080_CDM/dm/power-spectrum/smoothed-pylians_both/snapshot025_grid256/threads8_run001.json,1005423af9f1e64dfb6f329c37916c1597b9d4b9aee9ea01ade33f13328de385,results/aida-tng/L35n1080_CDM/power-spectrum/power-spectrum.combined/dm/snapshot025/science-75bdae0b598e/execution-9c0eeb45174c_run001.json,6609b9943822c41c2ca075092ea6c1a24849ef6f7381c3ca8068075e42d6493a,cdd5bf46be29c13dfc046a5cc742c2629194b95b9e993005703f48c55938768f,power-spectrum.combined,migrated
results/aida-tng/L35n1080_CDM/dm/power-spectrum/smoothed-pylians_both/snapshot025_grid512/threads8_run001.json,41b9e3b6195308ccd8941cfe5f94132d900e9f0f730147851f9acc382c37c201,results/aida-tng/L35n1080_CDM/power-spectrum/power-spectrum.combined/dm/snapshot025/science-739f2b101dd5/execution-9c0eeb45174c_run001.json,6ea2f5895ae23222883a430ea1771270ee2874b23b2fecddbd91aa9fcba12288,a6d8c2d948bcb12b1810432a6e2fa6e9c6c0602972f130cdb0bee09507becf48,power-spectrum.combined,migrated
results/aida-tng/L35n1080_CDM/dm/power-spectrum/smoothed-pylians_both/snapshot033_grid256/threads8_run001.json,fa89e58854db4c060946c52f51165f102ca8a8545415e073af6ed6280ab9693c,results/aida-tng/L35n1080_CDM/power-spectrum/power-spectrum.combined/dm/snapshot033/science-470b9622f2c8/execution-9c0eeb45174c_run001.json,ffb19af842fcba496a0c56d9fc793ede1ee76620f77b3f929ef72959ab4ac5c0,65ae0a8373bab345dcd653f3144f5e719ea6985e575c1286c93e7907d8481adb,power-spectrum.combined,migrated
results/aida-tng/L35n1080_CDM/dm/power-spectrum/smoothed-pylians_both/snapshot033_grid512/threads8_run001.json,2d373c5a7c80212798955b7b1f64dd93258cf50e100c1a22146c80cc4e40bb99,results/aida-tng/L35n1080_CDM/power-spectrum/power-spectrum.combined/dm/snapshot033/science-38a0b085e23c/execution-9c0eeb45174c_run001.json,64195d9159db03275ddd317b969886b38e334c483abe6d7601ab9bfe161d6443,a72ffc998056c9555f971c3f5cfc77f2b8b880ddc8e215ccfd91aa65b6aa6766,power-spectrum.combined,migrated
results/aida-tng/L35n1080_CDM/dm/power-spectrum/smoothed-pylians_both/snapshot050_grid256/threads8_run001.json,9846d9ef4306fe2aad90f9b93cf5923573fbdcc3398441cb82c76bc0a16d6740,results/aida-tng/L35n1080_CDM/power-spectrum/power-spectrum.combined/dm/snapshot050/science-e85275c43d1f/execution-9c0eeb45174c_run001.json,730fc651cad39ef5e9c9b6126347c3715c7824d83ad60f158c3e08f91d608137,084203f671c40a2816996bdc72ded972cff5d3a7390f370c5a13577dd86b2ae4,power-spectrum.combined,migrated
results/aida-tng/L35n1080_CDM/dm/power-spectrum/smoothed-pylians_both/snapshot050_grid512/threads8_run001.json,3dfa1c50af26a5a75219cd456ef011028589cfbda87fcdc42f0489834a76d426,results/aida-tng/L35n1080_CDM/power-spectrum/power-spectrum.combined/dm/snapshot050/science-7e6d33e82f90/execution-9c0eeb45174c_run001.json,780127e8dd9be79c838a8312b7ceb5fce830bd77fa6aa8eca0d12171e199b6b8,8d3d908f165d2fdb7f22a85a4cbdad57f02015ff48cb35ca0a8c672047bce163,power-spectrum.combined,migrated
results/aida-tng/L35n1080_CDM/dm/power-spectrum/smoothed-pylians_both/snapshot067_grid256/threads8_run001.json,a138bf6cd6554700b3263ef4cb210c0c9f8bbe8166cd9f703a8815df305b6ddf,results/aida-tng/L35n1080_CDM/power-spectrum/power-spectrum.combined/dm/snapshot067/science-ffc219c5ca2b/execution-9c0eeb45174c_run001.json,e1cdee7b35bfa0f265a5588db33cae5a51f0bbeca6b620b307222dfc8b1f2585,7e1461f2d8cfa3843c0e65cb14283f5974cfac8d86a8c2ef7bd6bcc3ae64d52f,power-spectrum.combined,migrated
results/aida-tng/L35n1080_CDM/dm/power-spectrum/smoothed-pylians_both/snapshot067_grid512/threads8_run001.json,806dc50ab77462861743d5d2c1c88c4256be1c45ce70afb9fd72c12852c77325,results/aida-tng/L35n1080_CDM/power-spectrum/power-spectrum.combined/dm/snapshot067/science-80520a410a4e/execution-9c0eeb45174c_run001.json,298ca80a2f454a742c2fb2d8b799af1ed2696f16a3938031a21b2e01fd2114a6,b06389cfd96aa22fa5ccd92b0abaeb0f69875feca869b80b2ce661f4326a739f,power-spectrum.combined,migrated
results/aida-tng/L35n1080_CDM/dm/power-spectrum/smoothed-pylians_both/snapshot084_grid256/threads8_run001.json,7e13fe8b71a4a8a4bdcd3bd2faa0e53a58ebe2e42a6363364e5a6bdeb6a25976,results/aida-tng/L35n1080_CDM/power-spectrum/power-spectrum.combined/dm/snapshot084/science-1bb540be4cd2/execution-9c0eeb45174c_run001.json,7a00062ab1620fd96dddd40020bded6b77e95e9b0087bd621a53a7ed9d8db6de,dd951b1e9816fadf594ba141d5177f0368ffa35a241d53d106bb7a2476300c7b,power-spectrum.combined,migrated
results/aida-tng/L35n1080_CDM/dm/power-spectrum/smoothed-pylians_both/snapshot084_grid512/threads8_run001.json,590a1b98fb545fc96966ee63ee90a2871098b6a45283b528451182d517881c78,results/aida-tng/L35n1080_CDM/power-spectrum/power-spectrum.combined/dm/snapshot084/science-32d56db9495d/execution-9c0eeb45174c_run001.json,53ba8eba0c94eebbef7a1e53c5fd56f2cdea86d68682d3cb7a706dcad386070d,1c90406f35d5d42c61eade68ae5bc2264436dadb5cb578ca3fba3a283e14a5c0,power-spectrum.combined,migrated
results/aida-tng/L35n1080_CDM/dm/power-spectrum/smoothed-pylians_both/snapshot099_grid256/threads8_run001.json,820533882d6bad1f697462237066e831c12ec6667116fbe5e23dede3908c68e2,results/aida-tng/L35n1080_CDM/power-spectrum/power-spectrum.combined/dm/snapshot099/science-eb3c8a122784/execution-9c0eeb45174c_run001.json,c27b6ddfcf572fa8c4449944fe974ea6d1aeb2399df6ee74396685ce47447b94,923fc2a37e7fe0e778d925937f372eed266552793f1882958429802eb212dc1b,power-spectrum.combined,migrated
results/aida-tng/L35n1080_CDM/dm/power-spectrum/smoothed-pylians_both/snapshot099_grid512/threads8_run001.json,9ff6bbc76b41d00e761c65547f5f768aaf8716c152b109bc1f58df74719cbf40,results/aida-tng/L35n1080_CDM/power-spectrum/power-spectrum.combined/dm/snapshot099/science-b46ea7204151/execution-9c0eeb45174c_run001.json,069edb02f898e07b1bb56835c28ea070f4ec2a89f02195bcf7e94c997cf923c3,c0fa625e6ad366be7f424d21eb97c4f1a2f3997ce5fa55cdc3e2ec1639028026,power-spectrum.combined,migrated
results/aida-tng/L35n1080_CDM/dm/power-spectrum/smoothed-sphere_both/snapshot017_grid256/threads8_run001.json,a6dfa27f6804f34a333ce33350d08ed8a74ff1eb46775fb4fa607a41ccc3bef9,results/aida-tng/L35n1080_CDM/power-spectrum/power-spectrum.combined/dm/snapshot017/science-1a4ccb9095b2/execution-9c0eeb45174c_run001.json,52e9433acd866eee2fa525309010265f8855bd0299fa95a5b9474e2fbcbe4709,3e4e417a8795782cd3fa24a308ddba604ce5c1d3802e0b8ddb250ef5761c546c,power-spectrum.combined,migrated
results/aida-tng/L35n1080_CDM/dm/power-spectrum/smoothed-sphere_both/snapshot017_grid512/threads8_run001.json,70a916c7e9dee8f0254c54ba3a3f31b5de63dbcfb66518110028d038ac9eb69d,results/aida-tng/L35n1080_CDM/power-spectrum/power-spectrum.combined/dm/snapshot017/science-eae2ed4e657f/execution-9c0eeb45174c_run001.json,cd4396ad22dc3bd138a0904f73e19ce328b5d1182abeb0eeb5d69e69539b2ea5,9ac5ec3ee8f1b6b7052c722dd1a0b09f12a170af7208ebc50fc0f81a0e9dd33c,power-spectrum.combined,migrated
results/aida-tng/L35n1080_CDM/dm/power-spectrum/smoothed-sphere_both/snapshot025_grid256/threads8_run001.json,66f90ec9d220fb4a54e7c9b75690054680276a401818e3d340e99dfd49fc781f,results/aida-tng/L35n1080_CDM/power-spectrum/power-spectrum.combined/dm/snapshot025/science-fc3e97db15db/execution-9c0eeb45174c_run001.json,daf539bacc623e499f66242aa3c02ebb688d8888b21e302b68682ad4f06859e9,0271ec807e52b3e22b006f32817cefd7a67be33bf0564d91ea1a3b21477f9971,power-spectrum.combined,migrated
results/aida-tng/L35n1080_CDM/dm/power-spectrum/smoothed-sphere_both/snapshot025_grid512/threads8_run001.json,2cfe586c732a9efcc6e7b81ef95a0c3f28004ed18471e25f4047b78daf54d99b,results/aida-tng/L35n1080_CDM/power-spectrum/power-spectrum.combined/dm/snapshot025/science-62ee6828383e/execution-9c0eeb45174c_run001.json,2ff166c1d2e3be79dbfa837b5af8eaf1581785fbafc7060f0d401ec95181cf4b,03774590441cd5fc564951a5b0102ce672e84d77059ac3b90982f3e47d7f9795,power-spectrum.combined,migrated
results/aida-tng/L35n1080_CDM/dm/power-spectrum/smoothed-sphere_both/snapshot033_grid256/threads8_run001.json,c73b86dd9eff85a2079a75bed3b9821acc90b1955c2b92edb5fda4ddc22af44e,results/aida-tng/L35n1080_CDM/power-spectrum/power-spectrum.combined/dm/snapshot033/science-338347a8be92/execution-9c0eeb45174c_run001.json,1709f4a4cfbd04d1d5d7b2467c01dc59fba6e9f0151875b0c534dfcc57620200,21f11ea9cd26e3bede48b2c4ed76193f87da0dbd21e217b53ae778d4c8f97bad,power-spectrum.combined,migrated
results/aida-tng/L35n1080_CDM/dm/power-spectrum/smoothed-sphere_both/snapshot033_grid512/threads8_run001.json,8f53433d5f3514a93bca9253988e4ff10744ced2311b1b16602a8f83ae20ef3b,results/aida-tng/L35n1080_CDM/power-spectrum/power-spectrum.combined/dm/snapshot033/science-e5cfd73b9891/execution-9c0eeb45174c_run001.json,2d0a508836719821f7be5e33ff7f4b8345001e0c6d7585360f6f26a1ed78741a,d5735a87a882fdec6851e98424390f78e20b302820a8ef2ed697bfc73175666b,power-spectrum.combined,migrated
results/aida-tng/L35n1080_CDM/dm/power-spectrum/smoothed-sphere_both/snapshot050_grid256/threads8_run001.json,5a3ebb949fd4510b94ed2bb457d59cc147be4b310a4255a0ec321b5b56a040e3,results/aida-tng/L35n1080_CDM/power-spectrum/power-spectrum.combined/dm/snapshot050/science-d9743f027a05/execution-9c0eeb45174c_run001.json,e44c0a019b093a4227821bb41aa959aeec19f19019df4999232227f7e54d3724,95d7cb142ba195ad4fb16b451322392fa233bb7e136541c5856b34895f6ea725,power-spectrum.combined,migrated
results/aida-tng/L35n1080_CDM/dm/power-spectrum/smoothed-sphere_both/snapshot050_grid512/threads8_run001.json,0ed4adb7719850c57274c40d4a372990f814ac310492d5a0b0ef4f335c18a564,results/aida-tng/L35n1080_CDM/power-spectrum/power-spectrum.combined/dm/snapshot050/science-33dcd1afa664/execution-9c0eeb45174c_run001.json,42cb6d854cc4e7ea83eba78b9d20dec355a8dfcefb18efe4d27064dc1f760a77,899ffb04104b2f5d83001a177714bbc5538aca1be9d072fc133eb65cfdaabb4f,power-spectrum.combined,migrated
results/aida-tng/L35n1080_CDM/dm/power-spectrum/smoothed-sphere_both/snapshot067_grid256/threads8_run001.json,7a5d6cf4f5b39a1b8fd3f59c6cc9608a6f5304d97e51d80b2130334b54fe3140,results/aida-tng/L35n1080_CDM/power-spectrum/power-spectrum.combined/dm/snapshot067/science-3e4711593616/execution-9c0eeb45174c_run001.json,ef89f584e995067af32337784ef2860501849790324f6685d66be378d434fa2b,aee9f80bc775b1b91306b863aad297d8cc5964e164c7bd8920fdfb99ef0dfb9f,power-spectrum.combined,migrated
results/aida-tng/L35n1080_CDM/dm/power-spectrum/smoothed-sphere_both/snapshot067_grid512/threads8_run001.json,9104ccff8678829253bb00ed8157a5ac0be6468e4c3b11c52947705f2f2a798c,results/aida-tng/L35n1080_CDM/power-spectrum/power-spectrum.combined/dm/snapshot067/science-655cdf6df2e7/execution-9c0eeb45174c_run001.json,6ee8b4f6797f818a11a986127a24631e62cf28f5bc857054f8469c87fd48cfc9,2136dd81cab3b6bbbf9f5d52f85b38ac4ab3eeef4a26d93e76284a0048da7dca,power-spectrum.combined,migrated
results/aida-tng/L35n1080_CDM/dm/power-spectrum/smoothed-sphere_both/snapshot084_grid256/threads8_run001.json,a69389ea78042f01ebebb230465c3fd38c05156e404e70fa0949275d05d2d865,results/aida-tng/L35n1080_CDM/power-spectrum/power-spectrum.combined/dm/snapshot084/science-a2f11c1c2723/execution-9c0eeb45174c_run001.json,d04c851d72fb2585d817f94797457d33bb81edd839f7fa8c93157e4c9dd3ea83,c96d2a1f4175077803bc17666a2b73bc99ddd41aa28cbdac1b1804486cec7c5e,power-spectrum.combined,migrated
results/aida-tng/L35n1080_CDM/dm/power-spectrum/smoothed-sphere_both/snapshot084_grid512/threads8_run001.json,cbafb176fe4e1f63147c008358c1eec40c5da6fddbe0f584b57bd3c8658dabc8,results/aida-tng/L35n1080_CDM/power-spectrum/power-spectrum.combined/dm/snapshot084/science-14225f0b7944/execution-9c0eeb45174c_run001.json,d2dec87a642a353e37e5e83e32dd252f24e3e29a3640dee2fcd799e73f59da73,34c6a1f83deaa6d4f44bfca3a5d69c78b412a316c1c3a1b5132e288b1303916f,power-spectrum.combined,migrated
results/aida-tng/L35n1080_CDM/dm/power-spectrum/smoothed-sphere_both/snapshot099_grid256/threads8_run001.json,03a912da1c1e7162815d3d8a2bab619b354e34891819857d76d0d0a082052cbd,results/aida-tng/L35n1080_CDM/power-spectrum/power-spectrum.combined/dm/snapshot099/science-74550cdd5b46/execution-9c0eeb45174c_run001.json,5e324c8d1419dd248a227b3224dab854a4fb91531870acdb71289df0113c112c,f389bf472e7cbf16ee4b5119e2755dc6ff60733d3a693514cb1d0efb1ccbcc91,power-spectrum.combined,migrated
results/aida-tng/L35n1080_CDM/dm/power-spectrum/smoothed-sphere_both/snapshot099_grid512/threads8_run001.json,a3726d07a67ba7ba3dabe22c67ae3f85b801083d91df1251139faa53e340f325,results/aida-tng/L35n1080_CDM/power-spectrum/power-spectrum.combined/dm/snapshot099/science-ee57a3af6ba3/execution-9c0eeb45174c_run001.json,1b4f4667bd27584f17a67938cb4c2fe96f92456a3df36ac2402e0bfcb698e9bf,447a7f7ff745e640bcc02f9b3125911bafef25db1a3e871b1a55d33dca9e68ae,power-spectrum.combined,migrated
results/aida-tng/L35n1080_CDM/dm/pylians/snapshot017_grid256/threads8_batch1_run001.json,250f2b4a1c4874b13f7263669987a881bcacf4ea5a8feaebab6b69204997883f,results/aida-tng/L35n1080_CDM/clumping/clumping.pylians/dm/snapshot017/science-99af58f16d06/execution-cd9ea581b7f7_run001.json,76ae596f903a50635ee2a23737db98f436314977dd8ccc5ae0c2be3e0c15a3f1,559f5afec03e4a92ec7b64e2a52d092e0c6f67b2d0f7e4924a31d50ed0ba4083,clumping.pylians,migrated
results/aida-tng/L35n1080_CDM/dm/pylians/snapshot017_grid512/threads8_batch1_run001.json,4ea604d2c49a5a8d4afa065522287272e5dedf1a45a681ed0d168b641b93b499,results/aida-tng/L35n1080_CDM/clumping/clumping.pylians/dm/snapshot017/science-3afb19260f1e/execution-97fe92315af2_run001.json,7d26d7f8771e0e103c21eb9bff54006de37a9a41737ee55ec0e5f73b0d59c57c,d4b28b336f8f1d02e92df845a823c6728ccf2175a2e7289923044f750670b961,clumping.pylians,migrated
results/aida-tng/L35n1080_CDM/dm/pylians/snapshot025_grid256/threads8_batch1_run001.json,a2f40f67385f3cb3fd6a38fac45baf0f9ede20999fc875fdb15426febb7c6dfa,results/aida-tng/L35n1080_CDM/clumping/clumping.pylians/dm/snapshot025/science-fa9e28f4f94b/execution-cd9ea581b7f7_run001.json,0e28e46fa27e1955f93ad63dc2a42d5409dadadcd454137d380c9c0e754cbc04,38f8c30a836d67685d3343f9fb338dece1be063705ab03db3c6cf4f074ef7c29,clumping.pylians,migrated
results/aida-tng/L35n1080_CDM/dm/pylians/snapshot025_grid512/threads8_batch1_run001.json,4cbaf7b37bad55430a1384d18af5cf7a559e425a3a400ebc6c736c02b9ebb3cc,results/aida-tng/L35n1080_CDM/clumping/clumping.pylians/dm/snapshot025/science-cd552353d6fa/execution-97fe92315af2_run001.json,26fc891dbc9ad570956aca9cd728ac79c6874cf5182f8cff025fe5b1dc661f1f,562c3c30817754a44ab49131d3da6611572a34d0a2119d9f5ad11079c130f018,clumping.pylians,migrated
results/aida-tng/L35n1080_CDM/dm/pylians/snapshot033_grid256/threads8_batch1_run001.json,8ae43876e41e5214b3b6e6c31ff4cc7ac77c7cd22c258d13ec9db730aa52600f,results/aida-tng/L35n1080_CDM/clumping/clumping.pylians/dm/snapshot033/science-7cb63ea76ab8/execution-cd9ea581b7f7_run001.json,c0483cadb026c0e4c337adbef450a6e1b211ac01a297eed1e577c36aa052a5f9,0fd9e188630375b21516d394a76638d5e776b6de2dc5df40f5c0e771e94e8ad0,clumping.pylians,migrated
results/aida-tng/L35n1080_CDM/dm/pylians/snapshot033_grid512/threads8_batch1_run001.json,e9287f3b6098a54eca56ae42fb7c9850b07754d660494365f11e3a75a7463feb,results/aida-tng/L35n1080_CDM/clumping/clumping.pylians/dm/snapshot033/science-c72a06c0cc7e/execution-97fe92315af2_run001.json,2d070e71c6287d7d369b755742ad4aa6e631df66603b26e6f3aafd39be47e538,85b75dec4d80b2878a57c155739676edc19dd0446d168caa09547861452520b5,clumping.pylians,migrated
results/aida-tng/L35n1080_CDM/dm/pylians/snapshot050_grid256/threads8_batch1_run001.json,77df527e0e7f5748ff35c7a79cf6609d9044b22bde94d8704fc451d3d1ac3bbd,results/aida-tng/L35n1080_CDM/clumping/clumping.pylians/dm/snapshot050/science-7ac316853bf9/execution-cd9ea581b7f7_run001.json,be4be9d5b6f9b90377734a194c9c60a4faa2519c25a2a908e319a72731c36748,616802661af9aeb519d65314e21f033f9b419b2931e0f4871ec56322e67de62f,clumping.pylians,migrated
results/aida-tng/L35n1080_CDM/dm/pylians/snapshot050_grid512/threads8_batch1_run001.json,70c6f7816410c2b7d7f188e240090eee3b4f56b0e70beee0c5db6bec2b61155b,results/aida-tng/L35n1080_CDM/clumping/clumping.pylians/dm/snapshot050/science-f5511e79a7a5/execution-97fe92315af2_run001.json,3cfa0e4119b16d1bddd178e7bb26e059cb87af7cff662d57ed0c7d6f1b5e1710,67a3a27ea1e1e59fe89d4ac12ceec6ba1e78616e3ad5123f226a2102c64f1aa4,clumping.pylians,migrated
results/aida-tng/L35n1080_CDM/dm/pylians/snapshot067_grid256/threads8_batch1_run001.json,bbe1586febee5e17add8136ac7b2937d66bfd830eeca7b0b33763f8ab0100614,results/aida-tng/L35n1080_CDM/clumping/clumping.pylians/dm/snapshot067/science-65bcb67532ea/execution-cd9ea581b7f7_run001.json,62ce23bf389bfbf070644c2c2e841d2a090ab26a0a355c43f2d9b3ba3dfdfc9b,9314b3438e499f6317e6936bd5db45479f815fe6e3858d34ff2e0ed2380f80e9,clumping.pylians,migrated
results/aida-tng/L35n1080_CDM/dm/pylians/snapshot067_grid512/threads8_batch1_run001.json,6574bb3a698fedbd10105face8694e0d50cf73b426d7a9225bedf29f4d93b954,results/aida-tng/L35n1080_CDM/clumping/clumping.pylians/dm/snapshot067/science-9792c87ade9a/execution-97fe92315af2_run001.json,c70818518120d79e37a301ab519e7361c0511b5faa6d3c3571b51ab7af122407,f65bc9b3cdce2c5cfee9c0138bce63cd4c02c38c21f135585abb10e751e226e0,clumping.pylians,migrated
results/aida-tng/L35n1080_CDM/dm/pylians/snapshot084_grid256/threads8_batch1_run001.json,10e33d2ebd044e4ffefa0204318f743fea0d747a9d06e3c110d0d5ede30746a9,results/aida-tng/L35n1080_CDM/clumping/clumping.pylians/dm/snapshot084/science-37c2523df694/execution-cd9ea581b7f7_run001.json,47fd3d4e36adba0527d7176e72881c067f3db3867b38bc3abc14fa1e7d7d04b4,4d5d29cea88551f666659b4b38fa76a3a23e424b44abd8359d0a2c30f9b1a08c,clumping.pylians,migrated
results/aida-tng/L35n1080_CDM/dm/pylians/snapshot084_grid512/threads8_batch1_run001.json,9f4c0d63133aa3ae2e8696232173cf0e10b6fd59a91c754265ef5660b28a6e94,results/aida-tng/L35n1080_CDM/clumping/clumping.pylians/dm/snapshot084/science-853aed1ea4c6/execution-97fe92315af2_run001.json,714bc89ec6e593ad6c79d13d5c771e257ae6b7cfd6834f0f2761777100f58dd7,ef6d98ab7ddc3cae3d26f776b5ff5d5acf8f5898c55ed320eb5e3cf1ecfa9a1c,clumping.pylians,migrated
results/aida-tng/L35n1080_CDM/dm/pylians/snapshot099_grid256/threads8_batch1_run001.json,5901990d28a181ad355be14cfa9cfcd43041e1e32fa1c83673c1e06ed4965056,results/aida-tng/L35n1080_CDM/clumping/clumping.pylians/dm/snapshot099/science-1dbcf2007cdd/execution-cd9ea581b7f7_run001.json,382e4df3db91a8399221471bc988f31ed9d5e282ac6fa044f1eba33ea8a262b3,bf8d1fd27e8306876635a1ccc9bf038dd5e5c93729df9e9c8eb100c47265facb,clumping.pylians,migrated
results/aida-tng/L35n1080_CDM/dm/pylians/snapshot099_grid512/threads8_batch1_run001.json,cc6231afc8d6d338e630ebebb09653fb4b4579821f5314d26ea834fe49532285,results/aida-tng/L35n1080_CDM/clumping/clumping.pylians/dm/snapshot099/science-11f955943c8c/execution-97fe92315af2_run001.json,a6418b953a5201b3a0f7e91d345e1f62055fd1c203aeecc1dde37ba9d502ba52,a2cd5423b690fe10639306b5195bcdbfb8849a2b9e19d323c0ce04306b09f408,clumping.pylians,migrated
results/aida-tng/L35n1080_CDM/gas/cube/snapshot017_grid256/threads8_batch1_run001.json,e472be5de7c29028ab95d4c651b40a130ffd99d84725b92900d0e626044e7ac1,results/aida-tng/L35n1080_CDM/clumping/clumping.cube/gas/snapshot017/science-5a1e1a977a5e/execution-97fe92315af2_run001.json,1ce25ee8d3168e265ae23fa2c6d4c6c03ebac5194b8a2750c8b0d45641b0b2ef,57d3b94e151a33c251574f7be8cc770bcdb1c78b38a05a792b3df245eb788919,clumping.cube,migrated
results/aida-tng/L35n1080_CDM/gas/cube/snapshot017_grid512/threads8_batch1_run001.json,faad5ceecd0086760bedbdba4fab862f0a76c4dcf2bda2b86c05759dfb374a7f,results/aida-tng/L35n1080_CDM/clumping/clumping.cube/gas/snapshot017/science-3bd9b2fd253c/execution-7f2a6ce7505e_run001.json,a89896c302b137b7f00137a36821cb64c64703e487a84258c924375abb7698db,82d9b240107c809f9bae7fcbbb55fd33f0a7aaa02c7d37a38063e89c095ea611,clumping.cube,migrated
results/aida-tng/L35n1080_CDM/gas/cube/snapshot099_grid256/threads8_batch1_run001.json,8d099c70228dd1ad28192d8097e46b7f39816e2e718e3322f2ebf72e0a8e4d6c,results/aida-tng/L35n1080_CDM/clumping/clumping.cube/gas/snapshot099/science-7831b26bd44c/execution-97fe92315af2_run001.json,5b58b1f73fb47abce395aa67605b3362fc7aac24ace752db074ea91afaca4fb4,ba342334eefdf78c9a19e016c25998f5823b451fcec01f4427704ab898e844ac,clumping.cube,migrated
results/aida-tng/L35n1080_CDM/gas/cube/snapshot099_grid512/threads8_batch1_run001.json,714f6b2d17029e5dca8621d461de998cdb3b371c65d5bea240551d8b57c8ed77,results/aida-tng/L35n1080_CDM/clumping/clumping.cube/gas/snapshot099/science-d82cde4c1d82/execution-7f2a6ce7505e_run001.json,854221903f85f3494c9305612b1755a9df39a2d876e4d2629c584b82277921e6,d79f71f5635e55c6acc7322a0665929a8adced564bf586bf4713b42276e65df2,clumping.cube,migrated
results/aida-tng/L35n1080_CDM/gas/ionized-sweep/snapshot017_nogrid/threads1_batch1_run001.json,2a65511ab901169eb43d120a3fda0b89545fde504d1cf02c8ae427a566fc3669,results/aida-tng/L35n1080_CDM/alternative/alternative.ionized-sweep/gas/snapshot017/science-954d63724d6d/execution-58def760728d_run001.json,c4fd23c689a5994c7fc82a7e61e651f35b77fa21c9abaf8aca39916cf547d6cc,d8a5f9e5b985aba79df452408300305eabe775f43ded4ffdf1d459fee84aa460,alternative.ionized-sweep,migrated
results/aida-tng/L35n1080_CDM/gas/ionized-sweep/snapshot099_nogrid/threads1_batch1_run001.json,57c2e9f9280f01450c10eb20b22cbfdc484c01d5562950a5c72659c29e5f5fc6,results/aida-tng/L35n1080_CDM/alternative/alternative.ionized-sweep/gas/snapshot099/science-954d63724d6d/execution-58def760728d_run001.json,208b55aff12cdcbe8cea10bc12fd334c63f0c08a1dc9c3478d47ffefe57a4c96,091be6b140aa115bdad8ec519ac2aff651ea1265b3c4ce3bcb9586fb66b1e3bc,alternative.ionized-sweep,migrated
results/aida-tng/L35n1080_CDM/gas/power-spectrum/mas-only_both/snapshot017_grid256/threads8_run001.json,d1c9deaac32137f6affbd9d05a1572a6f20d3983410cff971efad93ed4002775,results/aida-tng/L35n1080_CDM/power-spectrum/power-spectrum.combined/gas/snapshot017/science-d9cafc769465/execution-dad87b62e8e5_run001.json,ec432191753afa8599cc608ba76a32d4845209a395b0e00b62c0cdc30411b2ed,d0d3cd095d2b0070e69a72cd1d1bf919334bc630e1e2f155c59e20282b4d6956,power-spectrum.combined,migrated
results/aida-tng/L35n1080_CDM/gas/power-spectrum/mas-only_both/snapshot017_grid512/threads8_run001.json,1f49ec3f5c0a68eabd36cf02ab8967793722cb891c70cdaae63ad7a2412f3142,results/aida-tng/L35n1080_CDM/power-spectrum/power-spectrum.combined/gas/snapshot017/science-062df2f3247c/execution-dad87b62e8e5_run001.json,04d6a08ac7082474aad1dbc83081a20efca6fcf2348c7b3232becfeb18f3a3ae,1381b7aefe2977682877918fd7f0f03c439de92fa51bb00a27ed76d5bd4a9e3f,power-spectrum.combined,migrated
results/aida-tng/L35n1080_CDM/gas/power-spectrum/mas-only_both/snapshot025_grid256/threads8_run001.json,a007404cfcfb57d699f52cbab0fcac2461ba8a87abd5b409479113cb350d1b66,results/aida-tng/L35n1080_CDM/power-spectrum/power-spectrum.combined/gas/snapshot025/science-1047630c20f0/execution-dad87b62e8e5_run001.json,963211ee1a8c943c243df7cfe5ea4d22d8c34c3a4e1a50148191a6248a75c38f,5acea8cfa8e0b92d55d13a4d1bd99d1926d7aada0036ab0326b5f29f9546f4fe,power-spectrum.combined,migrated
results/aida-tng/L35n1080_CDM/gas/power-spectrum/mas-only_both/snapshot025_grid512/threads8_run001.json,20a86c9c303708414c84f8dce6b12813e41b63af63faab8698bd5c99ac266c10,results/aida-tng/L35n1080_CDM/power-spectrum/power-spectrum.combined/gas/snapshot025/science-59cd832c7878/execution-dad87b62e8e5_run001.json,856294056f87da50be74cae85f7a5f6b5ccc39476fb6da13b6d553132fc29064,42f42750fb92389f6f32a93b91674ba97fc7377f6baafa3a31df4f2585a87f48,power-spectrum.combined,migrated
results/aida-tng/L35n1080_CDM/gas/power-spectrum/mas-only_both/snapshot033_grid256/threads8_run001.json,a653ad6c552c99ddae829eef5ac47b5678f39de00df10f7a4a2f2848d2d7acb7,results/aida-tng/L35n1080_CDM/power-spectrum/power-spectrum.combined/gas/snapshot033/science-699d79ee67f7/execution-dad87b62e8e5_run001.json,4efe35a4f609d79bf63af055fbc369e34fda0bc5fbf7faf8c427749619a2280a,3758335fdf68006ef38c45c1aa118d62be272530ec6cc2b8dd19ec83cbd4342e,power-spectrum.combined,migrated
results/aida-tng/L35n1080_CDM/gas/power-spectrum/mas-only_both/snapshot033_grid512/threads8_run001.json,187ff3b7e8920873f7e7b2cfb3c9b14373107eb80c0d81ed7c7d2cd2a6ae88e9,results/aida-tng/L35n1080_CDM/power-spectrum/power-spectrum.combined/gas/snapshot033/science-eb3b11e5eefa/execution-dad87b62e8e5_run001.json,c60a4868fd86d067718b40103f7de410d5b7c32b79b685c34a33174f4fd0e121,461ecea4320b3fe8cb9772d6e85133a2d420260a28686db1ad9703b41f47e6f2,power-spectrum.combined,migrated
results/aida-tng/L35n1080_CDM/gas/power-spectrum/mas-only_both/snapshot050_grid256/threads8_run001.json,17319003545fa593b8f30487e3ce1fed5930bf82a4bcfbe2eb69ab2e33f533ce,results/aida-tng/L35n1080_CDM/power-spectrum/power-spectrum.combined/gas/snapshot050/science-5d6861a45520/execution-dad87b62e8e5_run001.json,d13213a4213e14ee4d512ff5385da634692a039bc89f9fcd9f5f1cf9aef92f23,f996e61e071b014a2e21518544e392504dfff1d6ef68c2d1900be46a8982a63a,power-spectrum.combined,migrated
results/aida-tng/L35n1080_CDM/gas/power-spectrum/mas-only_both/snapshot050_grid512/threads8_run001.json,24dd4b85c0db4c4fb8aafb8beeab788530e9359db50643f20b1404d17b5ee781,results/aida-tng/L35n1080_CDM/power-spectrum/power-spectrum.combined/gas/snapshot050/science-b6d59f38dfda/execution-dad87b62e8e5_run001.json,fb1ec4a13b12a8856369f89bd5c4287990ae0fdf05adf593e47383c44bc8aca1,76f1c26d0784feb03a532a5d82b2b701bae94732d765d10b1109addd4f8891ca,power-spectrum.combined,migrated
results/aida-tng/L35n1080_CDM/gas/power-spectrum/mas-only_both/snapshot067_grid256/threads8_run001.json,c14dfaf4fb8885dbce31916f6d0b47607506b8691500539c028022746c628b6a,results/aida-tng/L35n1080_CDM/power-spectrum/power-spectrum.combined/gas/snapshot067/science-9da4a1a7d09e/execution-dad87b62e8e5_run001.json,d6e62b54eee9ac8178d9aa570c758279eba9908b591ce0d15f43b426063deb17,acdcbae4422fad3a9dfee4ea1f02b5d184945ca7227c9bef8bc42f4bf1f3e0c3,power-spectrum.combined,migrated
results/aida-tng/L35n1080_CDM/gas/power-spectrum/mas-only_both/snapshot067_grid512/threads8_run001.json,d09d474729c9cf9d8d24570dcf2d70d26855fb7f2d33e3b4506a5448db939c49,results/aida-tng/L35n1080_CDM/power-spectrum/power-spectrum.combined/gas/snapshot067/science-8a769f5597fa/execution-dad87b62e8e5_run001.json,0e5f71304c06da301eb0476f84f76acc3016d43110281328cd14f995afc0540b,9533162d02999e7952129130f826af3169858f115b5efcff09f4d0342c78ab82,power-spectrum.combined,migrated
results/aida-tng/L35n1080_CDM/gas/power-spectrum/mas-only_both/snapshot084_grid256/threads8_run001.json,e1ddff56435ef1e3593f68fc470b8b55ae442ab833244326bcf31481fec538d4,results/aida-tng/L35n1080_CDM/power-spectrum/power-spectrum.combined/gas/snapshot084/science-8655b85fc745/execution-dad87b62e8e5_run001.json,0758becde637638de703f6dbfddb0ab19db8cc27af12ab15e38f9ddd0746ff40,285abceb3831941e59b06deb52ce4bdbc9bfcc86855c7f9eb960fcf8b3eb2f6c,power-spectrum.combined,migrated
results/aida-tng/L35n1080_CDM/gas/power-spectrum/mas-only_both/snapshot084_grid512/threads8_run001.json,db56b55415847dcb91d9220d8c69088aee2fe2c1f6b9a92e1b12f9357527bc5b,results/aida-tng/L35n1080_CDM/power-spectrum/power-spectrum.combined/gas/snapshot084/science-03291cfe5da6/execution-dad87b62e8e5_run001.json,fe58503e21c0d95381da591564812e575629ca9201aa2b338b1c8365144c0739,dc32816a4980445dba14be4af0fe46bafa6586284e9876c9d96a57f333a8c8e2,power-spectrum.combined,migrated
results/aida-tng/L35n1080_CDM/gas/power-spectrum/mas-only_both/snapshot099_grid256/threads8_run001.json,82a38f188120679c218d0ee1eff52076a10a7de7594dc575dff8f50b34565a69,results/aida-tng/L35n1080_CDM/power-spectrum/power-spectrum.combined/gas/snapshot099/science-38f945c20d13/execution-dad87b62e8e5_run001.json,9917bf6af525fc84afcaeadd89889d43a1026fbeab2e9808a1a7c0eaef67244d,7210676cf246a9c06d599e062e33488feda6cdf41fe2df8dbbb95b45070a5a3a,power-spectrum.combined,migrated
results/aida-tng/L35n1080_CDM/gas/power-spectrum/mas-only_both/snapshot099_grid512/threads8_run001.json,5ef653b8f38b266fcbe9bce0f50cd28c7a3814e3e7a738fc22f3d33448821d1d,results/aida-tng/L35n1080_CDM/power-spectrum/power-spectrum.combined/gas/snapshot099/science-7a548182d9af/execution-dad87b62e8e5_run001.json,7202d3ce13291be6f9b2c70662f1636456a37edb6008384324ec52c7b4f17c82,980cfefaf87264200d01437b5e8f566642fd7f07867854814599af30954a0d8d,power-spectrum.combined,migrated
results/aida-tng/L35n1080_CDM/gas/power-spectrum/smoothed-pylians_both/snapshot017_grid256/threads8_run001.json,cd08b4e90c76df4568a649447c779064258614836e0242937b8a4411243579be,results/aida-tng/L35n1080_CDM/power-spectrum/power-spectrum.combined/gas/snapshot017/science-fb5150a5dec8/execution-9c0eeb45174c_run001.json,fe7cf1ec1f5026f6f7629c66491ff8eda020de4365144915872456ca92ab9934,90cebffc0e727063090b9760f12e662c5dca489229644b77ecb04cb5af059194,power-spectrum.combined,migrated
results/aida-tng/L35n1080_CDM/gas/power-spectrum/smoothed-pylians_both/snapshot017_grid512/threads8_run001.json,6c402fc7778eb066f91987e09f56bae5e1b5306f9ada9f9480d5908cd2951306,results/aida-tng/L35n1080_CDM/power-spectrum/power-spectrum.combined/gas/snapshot017/science-7a1e71aa8b40/execution-9c0eeb45174c_run001.json,5147f72912d71e6db8db48b600c3cee30c94663d2b633027feb69633304179fa,2f72ba2df603597816c6b48dad38f5fa3dd587ca36042f2922fcf8ba68269bb3,power-spectrum.combined,migrated
results/aida-tng/L35n1080_CDM/gas/power-spectrum/smoothed-pylians_both/snapshot025_grid256/threads8_run001.json,92205307c6815b19bcd5aecd928dbfce4ae53d046835d13422dd12fda7ffa585,results/aida-tng/L35n1080_CDM/power-spectrum/power-spectrum.combined/gas/snapshot025/science-2ee08c16af4f/execution-9c0eeb45174c_run001.json,d6f9cf4a6efc3f07143c3030f59bd471fdbe65b748b8a5c0959ee12c98ef995f,d4f9d29b40c86c705f270e5b166fd1876bd7d712b19dc186553c965d384d7c6c,power-spectrum.combined,migrated
results/aida-tng/L35n1080_CDM/gas/power-spectrum/smoothed-pylians_both/snapshot025_grid512/threads8_run001.json,04eb0221cbd7590d693e0be8c7a49eb2a2d1840a262938619db0ef53e9a6b3d8,results/aida-tng/L35n1080_CDM/power-spectrum/power-spectrum.combined/gas/snapshot025/science-14a30401ae31/execution-9c0eeb45174c_run001.json,b4a8e1769de0cfcb1d60848c3c7a75f9201951e2c6c4989098f2cbc4caa4c002,530166cf86ba7b61aaa459e0629f5ebb96e151baebe74d69de6bf57969d81e57,power-spectrum.combined,migrated
results/aida-tng/L35n1080_CDM/gas/power-spectrum/smoothed-pylians_both/snapshot033_grid256/threads8_run001.json,6f67ac4e71bb2e7380cd6f56e3195590a7ec61affbf3d88780c832eecd487d5b,results/aida-tng/L35n1080_CDM/power-spectrum/power-spectrum.combined/gas/snapshot033/science-0d85a01ee34a/execution-9c0eeb45174c_run001.json,621317d381845801a15ed926e2b49db8d7638429d00e022311e2d9cd2dd46dd2,3c527cab72291a61e2e1efa52ec3be714e670949b8ef6d2a2624cc1ea9e3ff55,power-spectrum.combined,migrated
results/aida-tng/L35n1080_CDM/gas/power-spectrum/smoothed-pylians_both/snapshot033_grid512/threads8_run001.json,755c32c4b646fddd7f06f9dc603b87bcaf94250b4c7c76f93291c3b00afa56f9,results/aida-tng/L35n1080_CDM/power-spectrum/power-spectrum.combined/gas/snapshot033/science-6842cfbf43c1/execution-9c0eeb45174c_run001.json,f2e1034f1cb033fb132000c1b88722dad70e4a671f29bb2880b011c61b4dd124,2cde1f94cc0e5a8b66839e3d8bdf5274a8c677c1d60f78b81b777761fb87c359,power-spectrum.combined,migrated
results/aida-tng/L35n1080_CDM/gas/power-spectrum/smoothed-pylians_both/snapshot050_grid256/threads8_run001.json,f49ef28ebed81f5c3314b72149d87432086833289d92344e4c98f870dbd4d0da,results/aida-tng/L35n1080_CDM/power-spectrum/power-spectrum.combined/gas/snapshot050/science-3a9ff6070d3e/execution-9c0eeb45174c_run001.json,fd4f18988140278e10b9ff64647358eab833bb589ec4fdac51d186ef5267da52,abbca5faa324178c0b74f52574ff37fba71e87796b9bac6711b9ad2843d4ee1e,power-spectrum.combined,migrated
results/aida-tng/L35n1080_CDM/gas/power-spectrum/smoothed-pylians_both/snapshot050_grid512/threads8_run001.json,263651f8efa837637b83ad84443850d3fd843f9a943164e67305eebee9e913cc,results/aida-tng/L35n1080_CDM/power-spectrum/power-spectrum.combined/gas/snapshot050/science-714b4553fed0/execution-9c0eeb45174c_run001.json,b20f16f60fb4cbd054d83dab82073b4eac4ab88ce3c04c70357072ba58e43c9d,509d872807a23fe96338f4c27bb5eca68a2f2503e39e8ab68abdc4fc724806bd,power-spectrum.combined,migrated
results/aida-tng/L35n1080_CDM/gas/power-spectrum/smoothed-pylians_both/snapshot067_grid256/threads8_run001.json,c3c16779823c62555d131de5a7cccc825a8e452620c88911741c4200f5eb5464,results/aida-tng/L35n1080_CDM/power-spectrum/power-spectrum.combined/gas/snapshot067/science-e547fbb8557c/execution-9c0eeb45174c_run001.json,1bbb2e8393ab79f6f1c3aa5b1a8409f3a826570a3f63c6e5c672ac789adf5915,6504ceee27d900d65c93f5d770026a8d96ccf8acd0967611a12313e5311ceeaa,power-spectrum.combined,migrated
results/aida-tng/L35n1080_CDM/gas/power-spectrum/smoothed-pylians_both/snapshot067_grid512/threads8_run001.json,e0565db4bdf60cd403cd94033d4026470fbbc013bac07504520d77ac27df504b,results/aida-tng/L35n1080_CDM/power-spectrum/power-spectrum.combined/gas/snapshot067/science-2c5e987ff1d3/execution-9c0eeb45174c_run001.json,e75b62e34c6935633eef2d80fd628fbf72df4c8c1170b82a18a386173c25b863,c66755e3c4559195642876366a84fedbabf3599a3c232b8a81b2251cb4e25f79,power-spectrum.combined,migrated
results/aida-tng/L35n1080_CDM/gas/power-spectrum/smoothed-pylians_both/snapshot084_grid256/threads8_run001.json,ef8b4ea6042292fa96f0e98b2a92268cda0ddb0712b55e3a6a029acd01b8399b,results/aida-tng/L35n1080_CDM/power-spectrum/power-spectrum.combined/gas/snapshot084/science-d4627ecd0aae/execution-9c0eeb45174c_run001.json,47c74ee0010b70a3d6de93d1c8c03aa79ba95c6488459e4be441b2a8e20aa1ac,862a09777ef881603477bd6f7fb2f67a3eefb3f63a3d2fa566814a0f52ffee45,power-spectrum.combined,migrated
results/aida-tng/L35n1080_CDM/gas/power-spectrum/smoothed-pylians_both/snapshot084_grid512/threads8_run001.json,5e3b71aaf4df4b07d56d7717ce8862be5a130e756910d417acc7e14626ae2d3a,results/aida-tng/L35n1080_CDM/power-spectrum/power-spectrum.combined/gas/snapshot084/science-f66700f76d4e/execution-9c0eeb45174c_run001.json,47b7ae8a38f425bf85fafdf7fc3f019756cd0515a12d4f7a63090718d9a03bab,0917802b6fab61e656de0a74eedc40b67b20f9cc2fe25dc21b689f84f49d0728,power-spectrum.combined,migrated
results/aida-tng/L35n1080_CDM/gas/power-spectrum/smoothed-pylians_both/snapshot099_grid256/threads8_run001.json,50e229771476d4fb0dbf624f455380ef1b8a26f570b7e483d8d7566bc61ed460,results/aida-tng/L35n1080_CDM/power-spectrum/power-spectrum.combined/gas/snapshot099/science-992dfec64f29/execution-9c0eeb45174c_run001.json,7b82f2ed2e6db289f0fb6661eee28f97057d957c4672770392038097e50f550e,ce410dc12f39b1792fdccf0af757e979eb7fae52192dcfd51adf362af61a31e8,power-spectrum.combined,migrated
results/aida-tng/L35n1080_CDM/gas/power-spectrum/smoothed-pylians_both/snapshot099_grid512/threads8_run001.json,a6244698ad45211151c3834f13b5829df0cb5a95f06a12bbd9af2b00ebfb1ecb,results/aida-tng/L35n1080_CDM/power-spectrum/power-spectrum.combined/gas/snapshot099/science-ca18ba6b0664/execution-9c0eeb45174c_run001.json,6b10ace69c1059b945d214a4350f3c13c83d584832e7a89a633a4d40a0f40f29,ea3272695af2a0ad85e923647d38cf9d4997d2b334a35c9c1323a5d85c7761b1,power-spectrum.combined,migrated
results/aida-tng/L35n1080_CDM/gas/power-spectrum/smoothed-sphere_both/snapshot017_grid256/threads8_run001.json,8538cea2dd6b113d8b1be498c15a5973465de0dd5ac6d2dd56d36e115e01fb5e,results/aida-tng/L35n1080_CDM/power-spectrum/power-spectrum.combined/gas/snapshot017/science-37660be9374a/execution-9c0eeb45174c_run001.json,9b57e45621f4fd0d1b395f86d4e4b5760d65bc5a6110497280b6b548ac1281b5,4586859a0aba35cd472b541feb9d5d5f8439e23114a600e6684bab6ef036ecca,power-spectrum.combined,migrated
results/aida-tng/L35n1080_CDM/gas/power-spectrum/smoothed-sphere_both/snapshot017_grid512/threads8_run001.json,d248b20d87f0c4e4b5c39fa67835dded7350eba82edeba835a99ca77eb46870f,results/aida-tng/L35n1080_CDM/power-spectrum/power-spectrum.combined/gas/snapshot017/science-57265eeeacff/execution-9c0eeb45174c_run001.json,00fdf98a6ae5bff581852e26efa46a12ddeb3962e85b7895eccd515d09d8694a,9d72ec3b2d974ea8020b6f52beadb3c13d89bf5d3a6b942766c088ba8519678d,power-spectrum.combined,migrated
results/aida-tng/L35n1080_CDM/gas/power-spectrum/smoothed-sphere_both/snapshot025_grid256/threads8_run001.json,00b38ff06192253c67ee1bfefd549e380e9462ec84d9d038a43f1f9e28c61acd,results/aida-tng/L35n1080_CDM/power-spectrum/power-spectrum.combined/gas/snapshot025/science-19ee8f311a73/execution-9c0eeb45174c_run001.json,ba10c02c2c65689a6d65bc8aeea67a4af86bdc987d9a7897acea7d437506ef06,9921da23df1af2af23419ef6c6d7d4bcf7a41cd1e46b78a3ecca081a3e02f9aa,power-spectrum.combined,migrated
results/aida-tng/L35n1080_CDM/gas/power-spectrum/smoothed-sphere_both/snapshot025_grid512/threads8_run001.json,fbfba262d97b71bc4415d524ded324c90b0a78927e9ff796ad68d69a65d06e53,results/aida-tng/L35n1080_CDM/power-spectrum/power-spectrum.combined/gas/snapshot025/science-fbbd308ee891/execution-9c0eeb45174c_run001.json,6f4e61dbcdf3511d1497e356bab4ba0cdae218d3b2568f4a9c35926f8e303f69,da563ac693e352b9177079c770fcb5a200d4bcc72cf36fe2ac0399201ce2ce2f,power-spectrum.combined,migrated
results/aida-tng/L35n1080_CDM/gas/power-spectrum/smoothed-sphere_both/snapshot033_grid256/threads8_run001.json,044afe1c587d09cc6d69566052cd82f0a3edd1d56fa5baca4a477ce66a30963c,results/aida-tng/L35n1080_CDM/power-spectrum/power-spectrum.combined/gas/snapshot033/science-599afb376aff/execution-9c0eeb45174c_run001.json,7254b3a48874df6e443439d7b409ae48dceb9574e3af7c004a137d8a5e71d1a3,43ad63814f24ee8a5056d7fed5fe814e4af4701f46cd73e6c8662fc6042feb6f,power-spectrum.combined,migrated
results/aida-tng/L35n1080_CDM/gas/power-spectrum/smoothed-sphere_both/snapshot033_grid512/threads8_run001.json,d1f7be47fed79e6a4f219f33874cf6ce2e1265eb8f453eb4f463d9e3556ef609,results/aida-tng/L35n1080_CDM/power-spectrum/power-spectrum.combined/gas/snapshot033/science-ac16aa3f2a26/execution-9c0eeb45174c_run001.json,afd272fab84efc99bcfa767fc51e000b1607f8021dc1e42155e1c9ef0cf2b529,73178f5122b415f4949511e91a7cbd5e982220da1fd4f69774856f5b3932cffb,power-spectrum.combined,migrated
results/aida-tng/L35n1080_CDM/gas/power-spectrum/smoothed-sphere_both/snapshot050_grid256/threads8_run001.json,c5d8570a09c831e7d78d27f047f542db7a63884760668880e67730712d00a205,results/aida-tng/L35n1080_CDM/power-spectrum/power-spectrum.combined/gas/snapshot050/science-128cd666903e/execution-9c0eeb45174c_run001.json,e17a2051f7e8ef826734faacc9d94e38072e809b100135ded491ae1f1becea13,9e113d773e8283b69647353afffcc9d1c6a9bb41d7ccfca675fa027cac000df2,power-spectrum.combined,migrated
results/aida-tng/L35n1080_CDM/gas/power-spectrum/smoothed-sphere_both/snapshot050_grid512/threads8_run001.json,50dedd1c643be11bab4de9e97edc6ab8739ca1394140eb9b6c9ebc896d2dc035,results/aida-tng/L35n1080_CDM/power-spectrum/power-spectrum.combined/gas/snapshot050/science-1b53ec533d0c/execution-9c0eeb45174c_run001.json,db3a22d7eb6004e57032b07ee19ef93d86a2abd166aa670860c721bf4d138687,b2c58a765f9d4bdb4b749ec182f649b53a6b85f05f1d1edc6464cf73c869e101,power-spectrum.combined,migrated
results/aida-tng/L35n1080_CDM/gas/power-spectrum/smoothed-sphere_both/snapshot067_grid256/threads8_run001.json,8723b62dbe2c0884dbe317fa12fd4ec4706c3b67a5ec437404caf88bff22ce67,results/aida-tng/L35n1080_CDM/power-spectrum/power-spectrum.combined/gas/snapshot067/science-c44fd9dd5e5e/execution-9c0eeb45174c_run001.json,6f22fc38119b03d619b8b2be19d0b60c3c04b6d6d0ed3ab94847b106831a49d7,1bde4370e51087ca708330f20e7bd30991f38d3c1d7d5e3435eda983b510b2a1,power-spectrum.combined,migrated
results/aida-tng/L35n1080_CDM/gas/power-spectrum/smoothed-sphere_both/snapshot067_grid512/threads8_run001.json,413a45b4e60475fd3b7a426a4f98ed1eaa12fff59ea8ef1a5d8fd540cca4e699,results/aida-tng/L35n1080_CDM/power-spectrum/power-spectrum.combined/gas/snapshot067/science-acbedf7e2572/execution-9c0eeb45174c_run001.json,17fb56ad42f94a12772062e47070bd7b6be16190f54af6c0e27fc4ade59e1bb3,1a8630e26fbcef1ba7d8ae594a62a2a61f18d2f1ebf5bf1d489db5352cef04b9,power-spectrum.combined,migrated
results/aida-tng/L35n1080_CDM/gas/power-spectrum/smoothed-sphere_both/snapshot084_grid256/threads8_run001.json,5024962a6e39d74f79c27e27066533fb200b5a1673cbbcfae5d630df79885214,results/aida-tng/L35n1080_CDM/power-spectrum/power-spectrum.combined/gas/snapshot084/science-6a60f61dab1c/execution-9c0eeb45174c_run001.json,4a27acb3e2db7b0574983667dcb443af600a4fd9232fad4e43bbb9d7b41f8c5e,822b0f043055ab6b17d267274d6b54e6a507a1d3a2a87712d26fcd8bb16178f4,power-spectrum.combined,migrated
results/aida-tng/L35n1080_CDM/gas/power-spectrum/smoothed-sphere_both/snapshot084_grid512/threads8_run001.json,f5eb2bd40fa88e0b739b80f2d9761f06b92c31e0e0123d04c7e38c409f8149e3,results/aida-tng/L35n1080_CDM/power-spectrum/power-spectrum.combined/gas/snapshot084/science-928bb081f4fd/execution-9c0eeb45174c_run001.json,4ab013f6c311720bead1d4aff0afd40dece281c7882b5abfd2a7ee3a7e81bbbb,430aa59cb0745eb958a1c4e381cb270eb1ebd35e33641e3b15d033003f7a4479,power-spectrum.combined,migrated
results/aida-tng/L35n1080_CDM/gas/power-spectrum/smoothed-sphere_both/snapshot099_grid256/threads8_run001.json,878129fb70473380b4b2411e0ecd649bbe217324048f195d905f6b8d23fb10c6,results/aida-tng/L35n1080_CDM/power-spectrum/power-spectrum.combined/gas/snapshot099/science-9b8191066439/execution-9c0eeb45174c_run001.json,d81b484c1a1b083f4600d9bcd191d3c296000093e79c8f0dcaa3880e9823b030,a6d5998c2c1961d88636fbc62377dc599f391a3708a01565b50fd2abdd8395a7,power-spectrum.combined,migrated
results/aida-tng/L35n1080_CDM/gas/power-spectrum/smoothed-sphere_both/snapshot099_grid512/threads8_run001.json,c5d758b7b5eec8150c742a82c0a0bcb46a2de31712818d21cf626b9c9a6b87ff,results/aida-tng/L35n1080_CDM/power-spectrum/power-spectrum.combined/gas/snapshot099/science-34c30eb09596/execution-9c0eeb45174c_run001.json,97ea9671a8622b58e2a8971c378d1fafac27dae1d5405f73d4f2df270bdee7d9,49729de5c98ced6fe1bede1c45c9d020d5bd8c666a7710af1539d0cc74335c46,power-spectrum.combined,migrated
results/aida-tng/L35n1080_CDM/gas/pylians/snapshot017_grid256/threads8_batch1_run001.json,c472fb3a30b128fc942c5e259630ab6c6cfb27ebcee0266b0b302e9dde83b722,results/aida-tng/L35n1080_CDM/clumping/clumping.pylians/gas/snapshot017/science-9d8104788a81/execution-97fe92315af2_run001.json,e7a51bc63b5ad239fe3d6cb2a46ed1e5258bef166557c327b020b120168ab4b2,97828c6d99fc8558ac30d5bef9e2b1d9abef218c5ce7079f9274bdbf055b4ed4,clumping.pylians,migrated
results/aida-tng/L35n1080_CDM/gas/pylians/snapshot017_grid512/threads8_batch1_run001.json,c7c9b30678b48b9e35e611e514a3fade9eb79f5f76dd3d2e195f8593e36da689,results/aida-tng/L35n1080_CDM/clumping/clumping.pylians/gas/snapshot017/science-a3d7882292d1/execution-7f2a6ce7505e_run001.json,8512d118f86033005968f6ee3bd15d1b3b893ae8f52b91805c6c86d4b548b1ef,27c42b22385f252f1eea0fe6eb9afaf447c952380143d20182dbbcf88ec3af50,clumping.pylians,migrated
results/aida-tng/L35n1080_CDM/gas/pylians/snapshot099_grid256/threads8_batch1_run001.json,9a0f79f598be3cfb343ebec25fd551e356c892e6c24146ec2d763635868524ea,results/aida-tng/L35n1080_CDM/clumping/clumping.pylians/gas/snapshot099/science-70178e8f15b2/execution-97fe92315af2_run001.json,8d71d3c139e550d4a96112b1cbc215c9ecff24bef894caf8f3b349759a368e85,64b40732849155a33a9eac09ba5fc7b27d40061199de53f679d888534ebdb6c2,clumping.pylians,migrated
results/aida-tng/L35n1080_CDM/gas/pylians/snapshot099_grid512/threads8_batch1_run001.json,532884ac5e1edf98139a7d13de4327322bc5431dcce2ee36b92a445fb293fabd,results/aida-tng/L35n1080_CDM/clumping/clumping.pylians/gas/snapshot099/science-293839c3c8f8/execution-7f2a6ce7505e_run001.json,4f8b29c03d93d1850ea46f83830134b5255861fe5d5ad4646b8a297b612cafbe,93f5f262056679af30ee133266afa8f55a8f036f34653e2d5a82e328deef224d,clumping.pylians,migrated
results/aida-tng/L35n1080_CDM/gas/raw-volume/snapshot017_grid256/threads1_batch1_run001.json,0f8764213306e50b592d03ba249e87d28119df9afd109be7f3945305696efe62,results/aida-tng/L35n1080_CDM/clumping/clumping.raw-volume-weighted/gas/snapshot017/science-7ca015b94dba/execution-83be40a864d4_run001.json,6487c10bf13ef47864340a8153888986f0de06e8d9f12f167f8b88550f380fe0,226950a3e76408896d81e22bbf76bd4873d062f042af54c1426c4e21095e4e06,clumping.raw-volume-weighted,migrated
results/aida-tng/L35n1080_CDM/gas/raw-volume/snapshot017_grid256/threads1_batch1_run001_rawmode-electron-hii.json,81fa434c2dee585b69d0f907de3b1dc936ab934dd40554e885e95796b7fab93a,results/aida-tng/L35n1080_CDM/clumping/clumping.raw-volume-weighted/gas/snapshot017/science-a49c35ec8aaf/execution-83be40a864d4_run001.json,a877ee72234fc88cffa051045b9343e18734f98b4b199a66265ccf215c09db18,2ad77cf21d51e72b795abc75b1f0cd9a62cebac64107fbd7a7bd47b0be58f62c,clumping.raw-volume-weighted,migrated
results/aida-tng/L35n1080_CDM/gas/raw-volume/snapshot017_grid512/threads1_batch1_run001.json,b33e9549a322dd2cc4c2eb840766983624a02bf72a6f7d85392a687f1105fb0b,results/aida-tng/L35n1080_CDM/clumping/clumping.raw-volume-weighted/gas/snapshot017/science-7ca015b94dba/execution-83be40a864d4_run001.json,6487c10bf13ef47864340a8153888986f0de06e8d9f12f167f8b88550f380fe0,226950a3e76408896d81e22bbf76bd4873d062f042af54c1426c4e21095e4e06,clumping.raw-volume-weighted,deduplicated
results/aida-tng/L35n1080_CDM/gas/raw-volume/snapshot025_grid256/threads1_batch1_run001.json,4748d48ce93f4abc94cfe1e763f9a205c00d0ed16f41b38f26ae7f85825e7986,results/aida-tng/L35n1080_CDM/clumping/clumping.raw-volume-weighted/gas/snapshot025/science-7ca015b94dba/execution-83be40a864d4_run001.json,f6ca76a8e20002df6cc3f7cd67d4245f46c5563cc4f6f70cf6dee1a60378de40,c560376543f4e831926e24e81158e7f9982e95ee296b0b386b3d7fad9ba614cc,clumping.raw-volume-weighted,migrated
results/aida-tng/L35n1080_CDM/gas/raw-volume/snapshot025_grid512/threads1_batch1_run001.json,b5db2d108700dfd7972faee8919ef74e9bbb251d8067c7d92961d6f2c5802b06,results/aida-tng/L35n1080_CDM/clumping/clumping.raw-volume-weighted/gas/snapshot025/science-7ca015b94dba/execution-83be40a864d4_run001.json,f6ca76a8e20002df6cc3f7cd67d4245f46c5563cc4f6f70cf6dee1a60378de40,c560376543f4e831926e24e81158e7f9982e95ee296b0b386b3d7fad9ba614cc,clumping.raw-volume-weighted,deduplicated
results/aida-tng/L35n1080_CDM/gas/raw-volume/snapshot033_grid256/threads1_batch1_run001.json,8760121156f483b3fe34c561e205cfcaa06668b05022af4b8b042bc82067d7c6,results/aida-tng/L35n1080_CDM/clumping/clumping.raw-volume-weighted/gas/snapshot033/science-7ca015b94dba/execution-83be40a864d4_run001.json,fef766b693df194882d1766543cfbf5744501a48c848ef1a9389678939da261f,77e4d9a366ed420775d18d01499ee1a7a1e4e431a96025eb1dc5129db246817f,clumping.raw-volume-weighted,migrated
results/aida-tng/L35n1080_CDM/gas/raw-volume/snapshot033_grid512/threads1_batch1_run001.json,eaa7e267980133f1a07b5007e410f1e7c71b065f4112e1064875f8c87cfe72b7,results/aida-tng/L35n1080_CDM/clumping/clumping.raw-volume-weighted/gas/snapshot033/science-7ca015b94dba/execution-83be40a864d4_run001.json,fef766b693df194882d1766543cfbf5744501a48c848ef1a9389678939da261f,77e4d9a366ed420775d18d01499ee1a7a1e4e431a96025eb1dc5129db246817f,clumping.raw-volume-weighted,deduplicated
results/aida-tng/L35n1080_CDM/gas/raw-volume/snapshot050_grid256/threads1_batch1_run001.json,1a602f176f8e9bae2fe71eb38f41e6388eb0ffbcace052fbb5a10f83e064c01c,results/aida-tng/L35n1080_CDM/clumping/clumping.raw-volume-weighted/gas/snapshot050/science-7ca015b94dba/execution-83be40a864d4_run001.json,ece1ebe5ec4e97b3e37888684854c06cf98b8ecedf500301f9aef18fecb37149,ebf22c7eeddc52fffd85257b170c02f41cf4e3700fe6f179ebe1980cc0fd9403,clumping.raw-volume-weighted,migrated
results/aida-tng/L35n1080_CDM/gas/raw-volume/snapshot050_grid512/threads1_batch1_run001.json,a836457ebf00fb349b588942152fca398dd4c528cfed185e99cedb1310fb009a,results/aida-tng/L35n1080_CDM/clumping/clumping.raw-volume-weighted/gas/snapshot050/science-7ca015b94dba/execution-83be40a864d4_run001.json,ece1ebe5ec4e97b3e37888684854c06cf98b8ecedf500301f9aef18fecb37149,ebf22c7eeddc52fffd85257b170c02f41cf4e3700fe6f179ebe1980cc0fd9403,clumping.raw-volume-weighted,deduplicated
results/aida-tng/L35n1080_CDM/gas/raw-volume/snapshot067_grid256/threads1_batch1_run001.json,199818d00d646cbee7ce0c2561a7dacea8a39190541c6cd679344410ab3147b0,results/aida-tng/L35n1080_CDM/clumping/clumping.raw-volume-weighted/gas/snapshot067/science-7ca015b94dba/execution-83be40a864d4_run001.json,cb604a26ea975ca41d4965701cd58ce3055655a8c0fd28d0c72326dc0e082048,b38bd297d8329006bed74fc6ecfe91175d6a609fc86871d263fddc412e0aeb47,clumping.raw-volume-weighted,migrated
results/aida-tng/L35n1080_CDM/gas/raw-volume/snapshot067_grid512/threads1_batch1_run001.json,612cf1ec5c77bc49c9a41a18abdb7c14ed45466e2a4f81e95c28d492ddbdf082,results/aida-tng/L35n1080_CDM/clumping/clumping.raw-volume-weighted/gas/snapshot067/science-7ca015b94dba/execution-83be40a864d4_run001.json,cb604a26ea975ca41d4965701cd58ce3055655a8c0fd28d0c72326dc0e082048,b38bd297d8329006bed74fc6ecfe91175d6a609fc86871d263fddc412e0aeb47,clumping.raw-volume-weighted,deduplicated
results/aida-tng/L35n1080_CDM/gas/raw-volume/snapshot084_grid256/threads1_batch1_run001.json,0c6d77254ca746e03bee333b373077f34d1b6c08a8d866e2f40d6eb3d716c736,results/aida-tng/L35n1080_CDM/clumping/clumping.raw-volume-weighted/gas/snapshot084/science-7ca015b94dba/execution-83be40a864d4_run001.json,74b48912a90cf8f9847672022d7f8166a46812dd07be69ef71051baf92a7e515,8fc17a0ec872da99b46493d719ffdd9e046a6c755db71b2dbf61a2d2d406dc47,clumping.raw-volume-weighted,migrated
results/aida-tng/L35n1080_CDM/gas/raw-volume/snapshot084_grid512/threads1_batch1_run001.json,27a62a6772ce0c5e153a2741cee1fc16e0e50c7a2130fd24e05830ad07e1563c,results/aida-tng/L35n1080_CDM/clumping/clumping.raw-volume-weighted/gas/snapshot084/science-7ca015b94dba/execution-83be40a864d4_run001.json,74b48912a90cf8f9847672022d7f8166a46812dd07be69ef71051baf92a7e515,8fc17a0ec872da99b46493d719ffdd9e046a6c755db71b2dbf61a2d2d406dc47,clumping.raw-volume-weighted,deduplicated
results/aida-tng/L35n1080_CDM/gas/raw-volume/snapshot099_grid256/threads1_batch1_run001.json,6dc7f608974a3ea230d1b4b2c6de49ae14ea952e26ad8ba5627054690d5e8ed8,results/aida-tng/L35n1080_CDM/clumping/clumping.raw-volume-weighted/gas/snapshot099/science-7ca015b94dba/execution-83be40a864d4_run001.json,e0d0232fb4d50f82ee7fb28ba8e00c0fba1a07e9217ecec515de6549733d239e,4f3782e1a56c5779df3b3a1700071ee066fd411a9761e9067f21feefb76a5e2a,clumping.raw-volume-weighted,migrated
results/aida-tng/L35n1080_CDM/gas/raw-volume/snapshot099_grid256/threads1_batch1_run001_rawmode-electron-hii.json,b74c4c5f7cc650b8bf8b2f65fc0bb399612744cd230b7982196371339b08c9e6,results/aida-tng/L35n1080_CDM/clumping/clumping.raw-volume-weighted/gas/snapshot099/science-a49c35ec8aaf/execution-83be40a864d4_run001.json,92fce4379f12a89ad94fdeac6a939d5fcde2222523757e517883fbbe40a03026,5000fd96500141c112a7bee54cfa7ec29984d92166821e24e39d0a577ea623b9,clumping.raw-volume-weighted,migrated
results/aida-tng/L35n1080_CDM/gas/raw-volume/snapshot099_grid512/threads1_batch1_run001.json,4c48dcb75082304473ce08fcd3ee691b33c17f0b0975f136ccb05a956df7e5d7,results/aida-tng/L35n1080_CDM/clumping/clumping.raw-volume-weighted/gas/snapshot099/science-7ca015b94dba/execution-83be40a864d4_run001.json,e0d0232fb4d50f82ee7fb28ba8e00c0fba1a07e9217ecec515de6549733d239e,4f3782e1a56c5779df3b3a1700071ee066fd411a9761e9067f21feefb76a5e2a,clumping.raw-volume-weighted,deduplicated
results/aida-tng/L35n1080_CDM/gas/sphere/snapshot017_grid256/threads8_batch1_run001.json,fade243365af527d2cbc7fea5aefb883880ea5159866e0fdc162d26fd0705b03,results/aida-tng/L35n1080_CDM/clumping/clumping.sphere/gas/snapshot017/science-512cb82793fc/execution-97fe92315af2_run001.json,9b53f53388c29b764e9cfb145c67c9131543562f7b081192a747a42f38d0df49,b1e37651a07c8809c62bc36b76a5a79801250c1c1bd10e6c936122e594e8e49e,clumping.sphere,migrated
results/aida-tng/L35n1080_CDM/gas/sphere/snapshot017_grid512/threads8_batch1_run001.json,a8a9023c5fc1fe1889f9fe2152a98540d5d9b467781b83b40a78c554b6855d69,results/aida-tng/L35n1080_CDM/clumping/clumping.sphere/gas/snapshot017/science-3a07c9c20e12/execution-7f2a6ce7505e_run001.json,639494ba481c1980b484d4ac8e4afad4931d0e3fb8c4cb99aac2c91bdea86d5a,c06fb23fa1a5edd6599fa8c0ed537bf51a8302109aa831d499c4a86b244a5f9b,clumping.sphere,migrated
results/aida-tng/L35n1080_CDM/gas/sphere/snapshot099_grid256/threads8_batch1_run001.json,3eaca25880e433f39f09074e71b0f69d2cdeb0cd2bdb0fbb4ca843cf86f45f3a,results/aida-tng/L35n1080_CDM/clumping/clumping.sphere/gas/snapshot099/science-8187733c1894/execution-97fe92315af2_run001.json,b4fdbd345ce2046cf3c07db25d99765184682fdbf1f72219e0aa0c53f09b9abe,7422001f75acf5b002fb444f7f5716f7fc5334b401db4dbaea66ca2521dec32b,clumping.sphere,migrated
results/aida-tng/L35n1080_CDM/gas/sphere/snapshot099_grid512/threads8_batch1_run001.json,e61c63506540632f7d48ff466a7a20e2de4caeddd9d969377f64d97da7ee17d4,results/aida-tng/L35n1080_CDM/clumping/clumping.sphere/gas/snapshot099/science-ed62c297d6cf/execution-7f2a6ce7505e_run001.json,720f65ff081726134c569f0f76de37628ca7ae471c9c74d9cbe5e7a4a46a989a,8f82ebbb7df1bf320df953569636580d047c1bd543e7b92a5bbdd91e40d00c00,clumping.sphere,migrated
results/aida-tng/L35n1080_SIDM1/dm/power-spectrum/mas-only_both/snapshot017_grid256/threads8_run001.json,f2cf394d185d412d56186d51f09670a53376a3ed653a85c7c2f464ec0c335b81,results/aida-tng/L35n1080_SIDM1/power-spectrum/power-spectrum.combined/dm/snapshot017/science-55c2985811e5/execution-dad87b62e8e5_run001.json,426bf82e567bb66d9641c179dce474355b378e26a15409b5433911445a95e9b9,45f6c91364b1008af091fa5f307ef0a374199f6c5a61b3f184faec3b19c0673e,power-spectrum.combined,migrated
results/aida-tng/L35n1080_SIDM1/dm/power-spectrum/mas-only_both/snapshot017_grid512/threads8_run001.json,d9a10051ab54d46866112bebfe8502151fb65a2e447292dccb2ad08dbbc878f1,results/aida-tng/L35n1080_SIDM1/power-spectrum/power-spectrum.combined/dm/snapshot017/science-d7dee0b62cda/execution-dad87b62e8e5_run001.json,b1f513ae10b3642ff1511b4943d16b487c792b0cae9931c29f7d0fb8455de092,e3f47c43e07d68b63b59501aa8f786863ce98eff430d7e0afdc94e7343edcac0,power-spectrum.combined,migrated
results/aida-tng/L35n1080_SIDM1/dm/power-spectrum/mas-only_both/snapshot025_grid256/threads8_run001.json,474a0a913dcd117b8cee849881183ec8afce59383fcd1dff4bc8c713d809c3bc,results/aida-tng/L35n1080_SIDM1/power-spectrum/power-spectrum.combined/dm/snapshot025/science-7ffb41b8e29a/execution-dad87b62e8e5_run001.json,fa73252d5845ac2909ab4d63ceafd0f4088d45e84035dd39db5763664177d658,10edecba78c9ed8c5043bf39209063536ebb5a44c86f5a7ea90e694a92cbf50e,power-spectrum.combined,migrated
results/aida-tng/L35n1080_SIDM1/dm/power-spectrum/mas-only_both/snapshot025_grid512/threads8_run001.json,66cbc3434a2b250fc54b4d69299738a9bd4a07b4a63eda96d5894c12c4d11e02,results/aida-tng/L35n1080_SIDM1/power-spectrum/power-spectrum.combined/dm/snapshot025/science-de6ccd45c9bc/execution-dad87b62e8e5_run001.json,35c648496322cba68c00aa2f358a4de1447a5c8fe93d223e9b2986d7beecfdd9,7c43e5f7a0bdc2585fb03737c44c3b8f6593b0d157bc2d0b9fdb73362f1e69dd,power-spectrum.combined,migrated
results/aida-tng/L35n1080_SIDM1/dm/power-spectrum/mas-only_both/snapshot033_grid256/threads8_run001.json,7dec25f4426c781ce388c05e8aea00fb04321249e72a76b9a5621197c8b7a094,results/aida-tng/L35n1080_SIDM1/power-spectrum/power-spectrum.combined/dm/snapshot033/science-94bff115b5a0/execution-dad87b62e8e5_run001.json,ef49fa34e86c04054b07e0bbea81c2591c93f636a0b3c049bab51cb8a63edf11,d8153b33c1d168034960d6500c8ec32724cea34487bc0459c1de032acab9eea0,power-spectrum.combined,migrated
results/aida-tng/L35n1080_SIDM1/dm/power-spectrum/mas-only_both/snapshot033_grid512/threads8_run001.json,41a4777c3a6d33bba2ae130cfcef389cbe9b167edfa4c62b2be6cbc9be0855fd,results/aida-tng/L35n1080_SIDM1/power-spectrum/power-spectrum.combined/dm/snapshot033/science-38e4e55d3d27/execution-dad87b62e8e5_run001.json,36612ade2ac1278c8cb49ca2bc7c94d5a6fd6042d6d1784ef4200c17e88d3de1,d3591dd18e9ac9789febce7423a2203caca0c1f3ffe74f7b6537240ee8846b32,power-spectrum.combined,migrated
results/aida-tng/L35n1080_SIDM1/dm/power-spectrum/mas-only_both/snapshot050_grid256/threads8_run001.json,7d9c8645c123d4e0284093e3c52a7b131a02af74e32cf7c5768169e52a796346,results/aida-tng/L35n1080_SIDM1/power-spectrum/power-spectrum.combined/dm/snapshot050/science-764497cdd2e9/execution-dad87b62e8e5_run001.json,a602910d221f6a8e19768591ee80c774edbc3618275e20b912d31a3d44c6f8d1,a8127e6d426221601e7b718adc9bc24c71c599d5131998b3dc9837b9013ae0db,power-spectrum.combined,migrated
results/aida-tng/L35n1080_SIDM1/dm/power-spectrum/mas-only_both/snapshot050_grid512/threads8_run001.json,96ae5befc70a940e7d7c8de4284f671882921e803eac4235bc0b33af645b3021,results/aida-tng/L35n1080_SIDM1/power-spectrum/power-spectrum.combined/dm/snapshot050/science-993da7249dea/execution-dad87b62e8e5_run001.json,6b58f33e033e9fe1412681414200de095efab044434bb8b8e6b23566e687c8c4,419f4a259885a6de05bd2544b45a84cd57c9e16cd39c4aa29d2dd405e96db4c6,power-spectrum.combined,migrated
results/aida-tng/L35n1080_SIDM1/dm/power-spectrum/mas-only_both/snapshot067_grid256/threads8_run001.json,057288017e712e3bd4040aad047c2fe2a4bf2d0532e6f4d90d6c5605f9e4bcbd,results/aida-tng/L35n1080_SIDM1/power-spectrum/power-spectrum.combined/dm/snapshot067/science-18ca20e93029/execution-dad87b62e8e5_run001.json,50562fee1c3f682bb661380cbe4a8f83b30ad82be59a248c515f3bf745f1c173,1afe141144bc698330146f5283f44eee3c80a8a7d296965b072fcf68ea7abf32,power-spectrum.combined,migrated
results/aida-tng/L35n1080_SIDM1/dm/power-spectrum/mas-only_both/snapshot067_grid512/threads8_run001.json,278745222fa467933b77c2cc94f8d778bd90dac455585a4216bf8786ada29df4,results/aida-tng/L35n1080_SIDM1/power-spectrum/power-spectrum.combined/dm/snapshot067/science-b707439836dd/execution-dad87b62e8e5_run001.json,41bf4a15ddaf5e40b036d09312862342070de38a8b3e35253ca5b9b5052562ad,78d17dd38f5221a6906cb3ff079417d18888211b0ac54802bf76c9b69277107e,power-spectrum.combined,migrated
results/aida-tng/L35n1080_SIDM1/dm/power-spectrum/mas-only_both/snapshot075_grid256/threads8_run001.json,ff5d7cd6df9ed80d8a0eb79e2708a2621f2f50c7d2c345113747e9917584f157,results/aida-tng/L35n1080_SIDM1/power-spectrum/power-spectrum.combined/dm/snapshot075/science-d18d04133521/execution-dad87b62e8e5_run001.json,3ee917ac70d698a8c1fcc1c74f46e1745f8ac915652634b6cb66cac202cad7a0,86454c1b79fb6502b1207c00b82eb1dd8434a723ae2480f8133188d769d8d212,power-spectrum.combined,migrated
results/aida-tng/L35n1080_SIDM1/dm/power-spectrum/mas-only_both/snapshot075_grid512/threads8_run001.json,b32eea99067acf70643c44a8adcdab71e473c7e8279ef77bba0f34281a971b7f,results/aida-tng/L35n1080_SIDM1/power-spectrum/power-spectrum.combined/dm/snapshot075/science-51a8c7526712/execution-dad87b62e8e5_run001.json,f37cfb9d63939658331542cd5115b0c2a03517abcc3d53b883c8e7aa8d0bfef7,c92afbd32be0d36bdacba8e4a8a407fb51ba4cb33e3f93478f508e5281d2e312,power-spectrum.combined,migrated
results/aida-tng/L35n1080_SIDM1/dm/power-spectrum/smoothed-pylians_both/snapshot017_grid256/threads8_run001.json,0c1b991d8a8509888af8561c24bfa3c0fdfc57ed582dc8db211fbb12445dd007,results/aida-tng/L35n1080_SIDM1/power-spectrum/power-spectrum.combined/dm/snapshot017/science-48821717ca9e/execution-9c0eeb45174c_run001.json,bead9ddab7f7e5a83efdc7ab9827b8640ba1c61a8dc5c2c2296b9209df42994c,f3030667ae6073c2df3590ef0be55985c452251a6f9f432c471f3d7f23c04929,power-spectrum.combined,migrated
results/aida-tng/L35n1080_SIDM1/dm/power-spectrum/smoothed-pylians_both/snapshot017_grid512/threads8_run001.json,d4c859b649caa8b56d982e4ffb36b5f86a8f9833632e102a4786f69c7e31ca08,results/aida-tng/L35n1080_SIDM1/power-spectrum/power-spectrum.combined/dm/snapshot017/science-67da94f9247c/execution-9c0eeb45174c_run001.json,8973cff49b5fb09eb819c09244eb06f0925618aeb1df3d00e4cb92b1e9035022,ecde9a0691e6e4e78801a016085d80390f3c338970517fae3525addb6bf5f174,power-spectrum.combined,migrated
results/aida-tng/L35n1080_SIDM1/dm/power-spectrum/smoothed-pylians_both/snapshot025_grid256/threads8_run001.json,a9ce96f2f71fe7dbd45549da4fde603eaa978a60e08c702953d3c51b043f0835,results/aida-tng/L35n1080_SIDM1/power-spectrum/power-spectrum.combined/dm/snapshot025/science-6d1218b7ccdf/execution-9c0eeb45174c_run001.json,68457b30455bb07e3383736509c9a229b687d13b8f184d4b620da24f5fdcd267,9e2e15bf505259c1f39c537bbd87d7db147846796bb073dbc07116c23a1a36d6,power-spectrum.combined,migrated
results/aida-tng/L35n1080_SIDM1/dm/power-spectrum/smoothed-pylians_both/snapshot025_grid512/threads8_run001.json,0f8d9c0bc1007aa7adb7bf35c828496acbdc0c96682bf10e0df667fb87485e1a,results/aida-tng/L35n1080_SIDM1/power-spectrum/power-spectrum.combined/dm/snapshot025/science-eb530ead0a21/execution-9c0eeb45174c_run001.json,e3be0936660eaf10ef51997fef3a8b20caeae14ab05ea736ee9be60df561ec4f,1e6218164feaf77a952881b6ea9abc942848dd735ac53e08169d3aaedc725875,power-spectrum.combined,migrated
results/aida-tng/L35n1080_SIDM1/dm/power-spectrum/smoothed-pylians_both/snapshot033_grid256/threads8_run001.json,efe0efbb9f2d69489f47a369fc84fc765e353f85c29dbf81f04f5f45ccdc1073,results/aida-tng/L35n1080_SIDM1/power-spectrum/power-spectrum.combined/dm/snapshot033/science-fc4ce738528d/execution-9c0eeb45174c_run001.json,68db4f49b44d0d353e14dd3a9bd0b65a3cff4b271ece61d1f06f4aa7973dd811,5cbf76c83975b4104cb561f78237099f916472b4058f0e8018d274fc4005a92e,power-spectrum.combined,migrated
results/aida-tng/L35n1080_SIDM1/dm/power-spectrum/smoothed-pylians_both/snapshot033_grid512/threads8_run001.json,ad1e80ee665147272cc0bf13fe52e42e051047b6318f5dc4f170ade99cf8dc63,results/aida-tng/L35n1080_SIDM1/power-spectrum/power-spectrum.combined/dm/snapshot033/science-2190620f923e/execution-9c0eeb45174c_run001.json,77efd3c552525ca0222a1e85b7c421ee339c0a6bbc3eaf4441e7f3a83767ccc3,69776f9063dbbfddc243981af06f8759d1aa24753e37aa62715a6e277ed15576,power-spectrum.combined,migrated
results/aida-tng/L35n1080_SIDM1/dm/power-spectrum/smoothed-pylians_both/snapshot050_grid256/threads8_run001.json,b7fdb604cebc5490ab578a38acd707c538355ae258ff05db80060d6daa37072a,results/aida-tng/L35n1080_SIDM1/power-spectrum/power-spectrum.combined/dm/snapshot050/science-7d12edc57043/execution-9c0eeb45174c_run001.json,5804f8ac11fd076a158db366e66f20f07ec2c478ec3825c78e868fec9af64655,435f1cb93eabc7c1414edf5def7396b10e18ae5c40cdf60f26b239ce45eddd5a,power-spectrum.combined,migrated
results/aida-tng/L35n1080_SIDM1/dm/power-spectrum/smoothed-pylians_both/snapshot050_grid512/threads8_run001.json,5d19960293a143a83d7d064cfd2594955c77dda4cc7359e9c273e11a85fe1157,results/aida-tng/L35n1080_SIDM1/power-spectrum/power-spectrum.combined/dm/snapshot050/science-109c25461389/execution-9c0eeb45174c_run001.json,c390e53d10697dd64071b9dd05fdbe275589ac6c93978bbe0dd04caa287f23d5,e4c94e6a36f7d3701128653bcb292cffe8652eb70fd2d1056cd73974fb3c2591,power-spectrum.combined,migrated
results/aida-tng/L35n1080_SIDM1/dm/power-spectrum/smoothed-pylians_both/snapshot067_grid256/threads8_run001.json,6a31d53851a28fa62be6b981601348acdaaba5df28c0e68ee155a9f7a9fc7299,results/aida-tng/L35n1080_SIDM1/power-spectrum/power-spectrum.combined/dm/snapshot067/science-8191c581893b/execution-9c0eeb45174c_run001.json,89bc803079052558f70263edb4c40849b5673c73ac53018c3c3e1bf39de2284e,2c16bd7d8f8c474b2d53dc11bd12be9438f2476ce9a2a43e9883c219428fa264,power-spectrum.combined,migrated
results/aida-tng/L35n1080_SIDM1/dm/power-spectrum/smoothed-pylians_both/snapshot067_grid512/threads8_run001.json,7d1827a59bc81a41eb0b7273b23869cd48646bc8c012b8cebcd0a1b2d9aedd39,results/aida-tng/L35n1080_SIDM1/power-spectrum/power-spectrum.combined/dm/snapshot067/science-3d4951c90fbb/execution-9c0eeb45174c_run001.json,3aca5d830d37decc1285e3a5697bebc0ffbdc3e236400bef9e741935d7a36dd4,6a77c3017fca5982a95a9dfdd2222dbae0c6803cd1606c25f63c19f5beaf86e8,power-spectrum.combined,migrated
results/aida-tng/L35n1080_SIDM1/dm/power-spectrum/smoothed-pylians_both/snapshot075_grid256/threads8_run001.json,ba8358913ffa744f8fc4368c253edca56007cb9445e619a4e5652d1c05880ac6,results/aida-tng/L35n1080_SIDM1/power-spectrum/power-spectrum.combined/dm/snapshot075/science-9370144b2b97/execution-9c0eeb45174c_run001.json,d2bc3896a1f9f70f7aa6a15634246aea47e7dc6f90befba662c94b7b07b54ddc,43a555a460bddcb384f0a1cbd6d368d1c886efbd5c6254965ef06796fbd3bab1,power-spectrum.combined,migrated
results/aida-tng/L35n1080_SIDM1/dm/power-spectrum/smoothed-pylians_both/snapshot075_grid512/threads8_run001.json,47cfe16e4e928107a68b21df5ac6582acb5e4b5f3c368f9530fa5136068e82e8,results/aida-tng/L35n1080_SIDM1/power-spectrum/power-spectrum.combined/dm/snapshot075/science-e2c886f836b9/execution-9c0eeb45174c_run001.json,7ee2d2f239bdd480ad8372f7899369f56934711a93e44a0b86faa1b5be7e30d9,f5632cd96d2258facb8cb0ffe4d9b63981068b3513d4df921b7c4bb74d4594ab,power-spectrum.combined,migrated
results/aida-tng/L35n1080_SIDM1/dm/power-spectrum/smoothed-sphere_both/snapshot017_grid256/threads8_run001.json,88dfd47b0a954a8bfed11dd97b67baf7203be13c0c083529ca0479c04ba0c431,results/aida-tng/L35n1080_SIDM1/power-spectrum/power-spectrum.combined/dm/snapshot017/science-98f75b459c6a/execution-9c0eeb45174c_run001.json,879bf1d7f7bf80f11b1b99896f381eeb5fd80f691c58a4a60bdc05a3d0e0bccc,576e1bcf91a8677aef0231b17b36683244a2feadc1b812d0f81503e14a504625,power-spectrum.combined,migrated
results/aida-tng/L35n1080_SIDM1/dm/power-spectrum/smoothed-sphere_both/snapshot017_grid512/threads8_run001.json,5fe126dc9422a9b0b6e341197ee05cc1892ab6a94ed4e8191f8f62f5bae7c3b9,results/aida-tng/L35n1080_SIDM1/power-spectrum/power-spectrum.combined/dm/snapshot017/science-31e9cbd02d36/execution-9c0eeb45174c_run001.json,91659861538007c593d07b3f5d25f779581630c58ba5c8caad84d8b986e8ea9c,30744e57656453b964684210e78b1e176f97b4b8fbad35353d64565217cc05a7,power-spectrum.combined,migrated
results/aida-tng/L35n1080_SIDM1/dm/power-spectrum/smoothed-sphere_both/snapshot025_grid256/threads8_run001.json,aa238e76cfa7f9e495e922488d75ae8bdae861d9d5fbb7ec3cac80069dc99102,results/aida-tng/L35n1080_SIDM1/power-spectrum/power-spectrum.combined/dm/snapshot025/science-28e9d03347e4/execution-9c0eeb45174c_run001.json,2761070fe3d03a589d62132daca973a323d4e59c6792eef6791d6b9e5c0b8faf,b84b56729b2f60f359cfa085b8ca74a7de3d040c56443981c48da33a520c7293,power-spectrum.combined,migrated
results/aida-tng/L35n1080_SIDM1/dm/power-spectrum/smoothed-sphere_both/snapshot025_grid512/threads8_run001.json,598d65313c65e73c2eeb00cc2e0550f298e18102a1495bf154c3c64bf62f58df,results/aida-tng/L35n1080_SIDM1/power-spectrum/power-spectrum.combined/dm/snapshot025/science-3b1b0e1fad6a/execution-9c0eeb45174c_run001.json,e3abdaf88eaecc53676a6f61387a16acf5767f60e30040ffe0789594e114ff29,9a18a1ed563d88fc866c6616c1ac0f9afd76b25f801ed7cd4c5a00c403fc1b65,power-spectrum.combined,migrated
results/aida-tng/L35n1080_SIDM1/dm/power-spectrum/smoothed-sphere_both/snapshot033_grid256/threads8_run001.json,820c6b9b15c47c8c4a6a96b4cdcc5a300b15aa915cb1c8362bf4631d128c0ef4,results/aida-tng/L35n1080_SIDM1/power-spectrum/power-spectrum.combined/dm/snapshot033/science-ee9ee67334b0/execution-9c0eeb45174c_run001.json,2905f417bf8ae4e7e9be92d27c6148fa78f283390894e090b8efa2a578c8816e,908013d4a81e3862f0ba03988e1027a370be749aa64c22b9709bdb35655b23a7,power-spectrum.combined,migrated
results/aida-tng/L35n1080_SIDM1/dm/power-spectrum/smoothed-sphere_both/snapshot033_grid512/threads8_run001.json,59c461ba406b3f59712056e59cb6044940b0aa258c3c35080da8ff41d31d27e3,results/aida-tng/L35n1080_SIDM1/power-spectrum/power-spectrum.combined/dm/snapshot033/science-3a679d7421fb/execution-9c0eeb45174c_run001.json,ea919c8871bd2b5150470a3b6214707259db8c5b0f6f04ce489cd85e6e0eafa9,0503d220dc747baae115eb758770f5e3a964219b95b0a816a9e73148adb4bd85,power-spectrum.combined,migrated
results/aida-tng/L35n1080_SIDM1/dm/power-spectrum/smoothed-sphere_both/snapshot050_grid256/threads8_run001.json,24155a81a36c5080f20251abdce14a23229236b14abcc0d42ec109cc4c92a5c5,results/aida-tng/L35n1080_SIDM1/power-spectrum/power-spectrum.combined/dm/snapshot050/science-e6498214f55c/execution-9c0eeb45174c_run001.json,df910fde330b7f14021f7cc3b3337d35d5d2a90005104545b5c75f3d02fae1e0,a33ce1fa3bf7453d4173bc988d8967f2dea95098dff01461fe2c77dddd487061,power-spectrum.combined,migrated
results/aida-tng/L35n1080_SIDM1/dm/power-spectrum/smoothed-sphere_both/snapshot050_grid512/threads8_run001.json,ab7c37339b80780b8c5cf9eb7ec1c9bec8c2e93b32c9b0edeba3a7d4beeff412,results/aida-tng/L35n1080_SIDM1/power-spectrum/power-spectrum.combined/dm/snapshot050/science-6ebce18b2f3c/execution-9c0eeb45174c_run001.json,a35967d924c83b390b0b949331324631cc947a44ec60c197d3a142a3d06069ea,43343221b921c7cbe606092c04a01a40e26ba7a531b6500332b15b93c40590ba,power-spectrum.combined,migrated
results/aida-tng/L35n1080_SIDM1/dm/power-spectrum/smoothed-sphere_both/snapshot067_grid256/threads8_run001.json,f0b7d1dd3a921c80ec109e8b054ec822b56bf6439a96b12829472c4b4f5c0cad,results/aida-tng/L35n1080_SIDM1/power-spectrum/power-spectrum.combined/dm/snapshot067/science-adf6867b367d/execution-9c0eeb45174c_run001.json,71fcdd47b1743f70b242ff6377aa8b257864b746cfe9010a5137b1fffbfcefa5,a8225c5564c8db973c752e99d78c7aea9ff769d5c5282063e69110d2b3018803,power-spectrum.combined,migrated
results/aida-tng/L35n1080_SIDM1/dm/power-spectrum/smoothed-sphere_both/snapshot067_grid512/threads8_run001.json,e759d10bf6b39d6aea6ca2275c6c1b2c0b290ffc7098d22ee83203370cb419db,results/aida-tng/L35n1080_SIDM1/power-spectrum/power-spectrum.combined/dm/snapshot067/science-03e6ed122f8a/execution-9c0eeb45174c_run001.json,eb99b9fc2f608d6a6f5fee7144781feb6793e67949ff8252119a9abd7da0b079,8a5b0e17de9bc38f0cbd1d2bec893d2929458bd42ecb5efb17985d66b889a8c8,power-spectrum.combined,migrated
results/aida-tng/L35n1080_SIDM1/dm/power-spectrum/smoothed-sphere_both/snapshot075_grid256/threads8_run001.json,ee400a394f7767e9acdd1ae9cc096d9a69f5ea5138f7a53384428b21ab35b900,results/aida-tng/L35n1080_SIDM1/power-spectrum/power-spectrum.combined/dm/snapshot075/science-5319d0c0975e/execution-9c0eeb45174c_run001.json,3a0891a874e7860b29b3d0a90b5d7402fd5ea0a83531ab680a1c49e5ac21e012,aac0330cfaeca05e4d8be69db4f96a92581d2f027e05ca6fae433675f200d30f,power-spectrum.combined,migrated
results/aida-tng/L35n1080_SIDM1/dm/power-spectrum/smoothed-sphere_both/snapshot075_grid512/threads8_run001.json,e9b0d06977354328c3116a47127cc98cf8e4b7a1a58b614f3231cc852be44fdf,results/aida-tng/L35n1080_SIDM1/power-spectrum/power-spectrum.combined/dm/snapshot075/science-2e65710cb394/execution-9c0eeb45174c_run001.json,917919bbcade65b12bfab89394799c05cf57246c0dcab656272b2cda40260ff2,37826829b004ba188881e0128b4256b35c32b99aa7b9a8083164cbb5d5f53e3a,power-spectrum.combined,migrated
results/aida-tng/L35n1080_SIDM1/dm/pylians/snapshot017_grid256/threads8_batch1_run001.json,8c458d1c54888487da7c15eb6d60000435ee85ac195ddda05dc50bf7f37ea6a8,results/aida-tng/L35n1080_SIDM1/clumping/clumping.pylians/dm/snapshot017/science-54f4d6a667bd/execution-cd9ea581b7f7_run001.json,2864fb8410cdcd5977ed80bc3a3054b0411435bca20f28f35f81faee8aa7215f,3574e1230e36b0ffcb499142f94395567937ec848424f276f54727e5037eca40,clumping.pylians,migrated
results/aida-tng/L35n1080_SIDM1/dm/pylians/snapshot017_grid512/threads8_batch1_run001.json,cb3779b14f8586ae0bad2df5a6e129c3068b59525800196693dc25bacd2b24f9,results/aida-tng/L35n1080_SIDM1/clumping/clumping.pylians/dm/snapshot017/science-99cd797b2069/execution-97fe92315af2_run001.json,5203ecfe702ed8e1990fa82e8045fb752ce18832dbba76db38e318ff1a5ff95f,a36545b4c5a5a91d6d6a983d02ae1aede091bc7ea8d221cecded6b9b26207076,clumping.pylians,migrated
results/aida-tng/L35n1080_SIDM1/dm/pylians/snapshot025_grid256/threads8_batch1_run001.json,9883815f8ba70e2e0627422096b34b8bf7ce2a840c512c28bed180b6f04405ef,results/aida-tng/L35n1080_SIDM1/clumping/clumping.pylians/dm/snapshot025/science-c7042fcef620/execution-cd9ea581b7f7_run001.json,1a8ddf9d946d65e6fd9964f68096d33fa13067caf2feee9b43d12df81ecdf5c1,cefd8a27cbfe5aa2491e2e3deda25feae8ca7caec2dbfcf497680fe74249210c,clumping.pylians,migrated
results/aida-tng/L35n1080_SIDM1/dm/pylians/snapshot025_grid512/threads8_batch1_run001.json,41a0471d956482ab07eeced466fdb57bd379875c465ce27bbd19ccdf17ff3ba9,results/aida-tng/L35n1080_SIDM1/clumping/clumping.pylians/dm/snapshot025/science-96741ff2af71/execution-97fe92315af2_run001.json,f84861fdd73aec0d915252323c924f32513ab5c15ae4283db2b90ee143a3138f,a470128d38221add1541983a246697ec5cdb9d5253184587b2c5472385464f8b,clumping.pylians,migrated
results/aida-tng/L35n1080_SIDM1/dm/pylians/snapshot033_grid256/threads8_batch1_run001.json,0354bf70c09ac1c2ade645f39a4717aeb4dfc8cbd629639ca8212ead9f92ce0f,results/aida-tng/L35n1080_SIDM1/clumping/clumping.pylians/dm/snapshot033/science-2e9519b12130/execution-cd9ea581b7f7_run001.json,0438cc4a26f79d12fe3feaebba33f8f5d77abe68470c12e5d71c3966fd4bf2b7,13bd6c1178b6bba20dde73e330ffe3a88d28f5a927cdabcd4af907375ed46a6f,clumping.pylians,migrated
results/aida-tng/L35n1080_SIDM1/dm/pylians/snapshot033_grid512/threads8_batch1_run001.json,c1f167e79ff63ccc6f5ff5a53a41f66cb140f94ad46587b9a89e4776aaf2cbba,results/aida-tng/L35n1080_SIDM1/clumping/clumping.pylians/dm/snapshot033/science-ec622c870ce9/execution-97fe92315af2_run001.json,9890ebc1de0281333c4fae822358e82fef6735cae68c490bff326d8b3992cf28,9fcb49b1a76ea1e4a518c29f07a2c8c1ee953ab9f47b2a0d53e2a291e08e5fe4,clumping.pylians,migrated
results/aida-tng/L35n1080_SIDM1/dm/pylians/snapshot050_grid256/threads8_batch1_run001.json,b480f28f8aba93bbcbd0af6e1ab8c057b980d469122203b2ba42766c4911159f,results/aida-tng/L35n1080_SIDM1/clumping/clumping.pylians/dm/snapshot050/science-db731dd4746c/execution-cd9ea581b7f7_run001.json,c6515d86c98d44151dab7c28ba823f0e68c14fc40667a6339fcbcdf44d152ce2,6074781e15814f00f4e6e415e6ef3a6d95bb147c51f7a564945a26518cc312bc,clumping.pylians,migrated
results/aida-tng/L35n1080_SIDM1/dm/pylians/snapshot050_grid512/threads8_batch1_run001.json,4b9a056cf31cff45b55485d980fb5cc88267056e026591ab58908b102969146e,results/aida-tng/L35n1080_SIDM1/clumping/clumping.pylians/dm/snapshot050/science-e29a956fc851/execution-97fe92315af2_run001.json,2fb4367344cf7e7dcabdeca7641f7172742768ee60cfc72dfc5d90d1c3714430,7727392502c5d4b090e8e198816ed2e52e70ba3841fbba41929d4d4fdd26215c,clumping.pylians,migrated
results/aida-tng/L35n1080_SIDM1/dm/pylians/snapshot067_grid256/threads8_batch1_run001.json,435a2ab7bd4577a517616f5cb639168fe0442576670a100098e3de707f64c086,results/aida-tng/L35n1080_SIDM1/clumping/clumping.pylians/dm/snapshot067/science-0ad71ba7f152/execution-cd9ea581b7f7_run001.json,4c36f338299e17289990a884aa31caaa7142902d63314d784d1444af778713fe,ae421474fc9e8dd4442ae0d9a44b3e7898760075159d5a03ffce30a8eaab9336,clumping.pylians,migrated
results/aida-tng/L35n1080_SIDM1/dm/pylians/snapshot067_grid512/threads8_batch1_run001.json,af3a0a9b4c0bb97efeb3fa3804bbfc7a7f928c73956c2b7405412c80f3d2345e,results/aida-tng/L35n1080_SIDM1/clumping/clumping.pylians/dm/snapshot067/science-ac21f8a24e8c/execution-97fe92315af2_run001.json,ea1e1adad120d994ed8d1ced182e3f64a0da23edb94b5d4cdee67ad1b5eb2715,e3f1245bdb7141e67826735da45d394c87ab877d9dc7c5ae7d6954ec372c0821,clumping.pylians,migrated
results/aida-tng/L35n1080_SIDM1/dm/pylians/snapshot075_grid256/threads8_batch1_run001.json,ffa7a996a27e5b515bf2af50d162955a80047740b69d7475be34a3e0d86badfa,results/aida-tng/L35n1080_SIDM1/clumping/clumping.pylians/dm/snapshot075/science-f06462e6f780/execution-cd9ea581b7f7_run001.json,96b6125a62e82eec92132723049c27ed29db953668ef5e856c776cd6f6c882a6,53f645536e564554b783d2159ae2102f729c787db0faed642f65faa948dab251,clumping.pylians,migrated
results/aida-tng/L35n1080_SIDM1/dm/pylians/snapshot075_grid512/threads8_batch1_run001.json,0bf05a15fad2ce6394f89d4fcd957c486b6231f638c6900ee4589d1f77b93dae,results/aida-tng/L35n1080_SIDM1/clumping/clumping.pylians/dm/snapshot075/science-e58dab606177/execution-97fe92315af2_run001.json,3bc3c8d536c111dd45a090c6793ac5ad8f8b2c1e98fdd7676faaf20b63886c73,264075360d9226b89d210e236d24ac80d143404385d94f1a05b34e6ac0e32436,clumping.pylians,migrated
results/aida-tng/L35n1080_SIDM1/gas/cube/snapshot017_grid256/threads8_batch1_run001.json,f60115f72266da5bf6b2e330f7be4553e1c121db9c7611655ffbdbfc9b260321,results/aida-tng/L35n1080_SIDM1/clumping/clumping.cube/gas/snapshot017/science-e16b947e4dfa/execution-97fe92315af2_run001.json,90482e4ad55368bd23fd14bc965e775c74398a2561fb35c0c00073dd281705fd,8aa9adfbd3ccea0eb5f24ef1aad2a92e4a49cd2b24d4c1bb54a36624041ab154,clumping.cube,migrated
results/aida-tng/L35n1080_SIDM1/gas/cube/snapshot017_grid512/threads8_batch1_run001.json,916b88bd5dfc9cb7e877136366dae6aa2886f63f2196453fbd7dbaa6007dbbc6,results/aida-tng/L35n1080_SIDM1/clumping/clumping.cube/gas/snapshot017/science-432290193c0a/execution-7f2a6ce7505e_run001.json,aad4767d4993f5215797fef67d9816d53454d470885722cb1c7369dab762b4b6,4892769ce18d855b45847abd4dcf7e4cccf36dcb5edc0a58684982883c38836a,clumping.cube,migrated
results/aida-tng/L35n1080_SIDM1/gas/ionized-sweep/snapshot017_nogrid/threads1_batch1_run001.json,33cd6f700fd891854b78ac9c6ee03b50056299cf0d62a705424b1804f857bf3f,results/aida-tng/L35n1080_SIDM1/alternative/alternative.ionized-sweep/gas/snapshot017/science-954d63724d6d/execution-58def760728d_run001.json,c4c063af4463e224855e8131ec34ae752ba5ed23aaa2892a919c4f5038678316,7348daa5a133aed4035b0da7b0045034508f68b187847ee1887948a89ab88538,alternative.ionized-sweep,migrated
results/aida-tng/L35n1080_SIDM1/gas/power-spectrum/mas-only_both/snapshot017_grid256/threads8_run001.json,96160ca88a6ba040a9f815ba70812cf562f0ffb79ef0a5b7ae946976b16a4377,results/aida-tng/L35n1080_SIDM1/power-spectrum/power-spectrum.combined/gas/snapshot017/science-8af913c9dad3/execution-dad87b62e8e5_run001.json,e4812ba56fe6fd70e371aad6a4f2088f9b040422e54f93ab5dcb04552b207321,27e01d3225e98af621dc1b93edf16d2d13f0b38ffed948d8f579bc3238123bdb,power-spectrum.combined,migrated
results/aida-tng/L35n1080_SIDM1/gas/power-spectrum/mas-only_both/snapshot017_grid512/threads8_run001.json,cb99156703d5181481ac1b24ff3f56124c9e7e084800b66e182681031f6899e5,results/aida-tng/L35n1080_SIDM1/power-spectrum/power-spectrum.combined/gas/snapshot017/science-748bd91a63e4/execution-dad87b62e8e5_run001.json,ca738e41ba17286f45d1654d3e9f9a625fc715b2fe88743b122d2fee850c1eea,94c9eb7d2aceb76eca3371aef2069e1360eeed46e33e264c571562deecd1bb09,power-spectrum.combined,migrated
results/aida-tng/L35n1080_SIDM1/gas/power-spectrum/mas-only_both/snapshot025_grid256/threads8_run001.json,ef9fbdc5212edc11005157e6e07c60f3be4c1f5672671031765f36239b3acc41,results/aida-tng/L35n1080_SIDM1/power-spectrum/power-spectrum.combined/gas/snapshot025/science-b5931197e07c/execution-dad87b62e8e5_run001.json,7aabdafeba3c3efe7e6642128f189c3cf1955a431cacf6cbb7d89da016f3a309,a67caf1169dbccfb5dea4fb48ef942fbb57817ab3312f34459cc40f2ca2df74e,power-spectrum.combined,migrated
results/aida-tng/L35n1080_SIDM1/gas/power-spectrum/mas-only_both/snapshot025_grid512/threads8_run001.json,97cbf45f52b838fd8a1d4b2374c2823888cbf9324fde82207b324046471cc462,results/aida-tng/L35n1080_SIDM1/power-spectrum/power-spectrum.combined/gas/snapshot025/science-6de0c4a62755/execution-dad87b62e8e5_run001.json,08f8e45e2187e8a4250bddc07a3dc8a07009733de1f7ea63e5f1fcc6b488ff43,5cd689f9b8a6ae6e1ba48bab0e0dbfb3dff3cd718e1b8b7e7f7effeb2454a33a,power-spectrum.combined,migrated
results/aida-tng/L35n1080_SIDM1/gas/power-spectrum/mas-only_both/snapshot033_grid256/threads8_run001.json,8a22424dba6aa3c53cbb09cd78b2580b15e8d6d2f92c5d26214ba698638b52c4,results/aida-tng/L35n1080_SIDM1/power-spectrum/power-spectrum.combined/gas/snapshot033/science-02fe1c75e160/execution-dad87b62e8e5_run001.json,43a53f9347a125f6c8efd1d255370a98699c93aae5e04153dae24a95ab004985,2db039597bfe75a827d1c5a21402175b7d8ead26e925f8ca57206c67d6d7ac69,power-spectrum.combined,migrated
results/aida-tng/L35n1080_SIDM1/gas/power-spectrum/mas-only_both/snapshot033_grid512/threads8_run001.json,9ebdd6c3d0557169472235719ba4a8102733a6ba85039795654bc5d71c508669,results/aida-tng/L35n1080_SIDM1/power-spectrum/power-spectrum.combined/gas/snapshot033/science-9afc7b7c6de8/execution-dad87b62e8e5_run001.json,2a87fa7c8e003ff819e603f8daf795a94bb936eb97cb6a4ce0c8956ddc5f30ea,440438320dd26f31753884be65ca861d5702078c066bcde22301b9a1fd082cd4,power-spectrum.combined,migrated
results/aida-tng/L35n1080_SIDM1/gas/power-spectrum/mas-only_both/snapshot050_grid256/threads8_run001.json,0d0e9c9c47449b6e2a8d2ec79e7d033eae7f2f614a26fe8f257c015ef98c405b,results/aida-tng/L35n1080_SIDM1/power-spectrum/power-spectrum.combined/gas/snapshot050/science-7d1fca3fb222/execution-dad87b62e8e5_run001.json,7354c0304c02806118c1550b39af837c54a334103b170cf15c767a54dcdcf754,8921e0b66826cd634c503fbac020592df9d3ba55ec4c83f8c4eb623e7b2bfe2d,power-spectrum.combined,migrated
results/aida-tng/L35n1080_SIDM1/gas/power-spectrum/mas-only_both/snapshot050_grid512/threads8_run001.json,78b23c188666ad1d8a0042daaec361f8649bebdd11103f9bb00b5492ef00bb66,results/aida-tng/L35n1080_SIDM1/power-spectrum/power-spectrum.combined/gas/snapshot050/science-8bf030fbe89a/execution-dad87b62e8e5_run001.json,ca6a16971742b8a47df25905113bac544045af84f0bda5ec6fa6e20e3b6bafee,f3083adddfbcb942af65930887f69d23fe09615b2003a06531eceb1aa4761958,power-spectrum.combined,migrated
results/aida-tng/L35n1080_SIDM1/gas/power-spectrum/mas-only_both/snapshot067_grid256/threads8_run001.json,9fe3a9e39f9de99e68b139222b352276ef8e058a8623670a6f065c9ef658c7e3,results/aida-tng/L35n1080_SIDM1/power-spectrum/power-spectrum.combined/gas/snapshot067/science-e58cdb06ef45/execution-dad87b62e8e5_run001.json,b1e84cd424cf386adb7a534c40aea09d60e2cb4bde53acdef42295cbb1591fa6,67751025fbe89b281adbd0a7137674282ad1a4ca039c569e7dcec7078522cdd9,power-spectrum.combined,migrated
results/aida-tng/L35n1080_SIDM1/gas/power-spectrum/mas-only_both/snapshot067_grid512/threads8_run001.json,3e346b77ddbb533a4969c9196839049a523b1db06d3436b6ae96d430666f9971,results/aida-tng/L35n1080_SIDM1/power-spectrum/power-spectrum.combined/gas/snapshot067/science-2fd2c3e8d214/execution-dad87b62e8e5_run001.json,c7e2956e8869a2c6a1151c222905aa6bfce500f7df62d416c546f5ec3b9c7ce2,b13da8efe227555219257651a090be4912a434ede48a376b84f4914b96368787,power-spectrum.combined,migrated
results/aida-tng/L35n1080_SIDM1/gas/power-spectrum/mas-only_both/snapshot075_grid256/threads8_run001.json,7778e5a4e8bf5fefbd05fa9a2dc2e5c75f5d80d61a231b191bd17295b1fc4f35,results/aida-tng/L35n1080_SIDM1/power-spectrum/power-spectrum.combined/gas/snapshot075/science-488618628722/execution-dad87b62e8e5_run001.json,5a477261b2a5f4d51a6519dc22e2a6755d88623fd7e602a8afb4fecbf02831ee,3e52c10e9e6edbc5a235136f501a3299fe407ac7a599d067bf9f51f7760e3f93,power-spectrum.combined,migrated
results/aida-tng/L35n1080_SIDM1/gas/power-spectrum/mas-only_both/snapshot075_grid512/threads8_run001.json,53311120e8357d5684e430c1a8f38fbbd4f2d0dc90bf832a68dfece249ee182b,results/aida-tng/L35n1080_SIDM1/power-spectrum/power-spectrum.combined/gas/snapshot075/science-c46f90d4fd5a/execution-dad87b62e8e5_run001.json,346eaaa339adf46b155111b6ce46fec63b563186198ae74e4d86d6fcc1b7f822,34e383eb25fe65bafb361c2d0fdebfe0db15fc2bf125d8553d49623decd1e130,power-spectrum.combined,migrated
results/aida-tng/L35n1080_SIDM1/gas/power-spectrum/smoothed-pylians_both/snapshot017_grid256/threads8_run001.json,712e17926d0c8d99930c2e62678dedd09cdaa75d2064eb181ad341d9a202e1ac,results/aida-tng/L35n1080_SIDM1/power-spectrum/power-spectrum.combined/gas/snapshot017/science-8699b33bce55/execution-9c0eeb45174c_run001.json,9e1a7dc8df4e1ed8f9918b8403487ecf3764505280396033803b2b48ef620830,e12b7cd415d6106e4d94d31fb8af15670d77ea122e7b79b47a6417863d94ae3b,power-spectrum.combined,migrated
results/aida-tng/L35n1080_SIDM1/gas/power-spectrum/smoothed-pylians_both/snapshot017_grid512/threads8_run001.json,f9bf8b55c26458c2c29667bdd78725496dcefb828f8845cc6407d3f387d77420,results/aida-tng/L35n1080_SIDM1/power-spectrum/power-spectrum.combined/gas/snapshot017/science-9f7bcf62fd19/execution-9c0eeb45174c_run001.json,6c11d7c104187bcfa3b704ee3c625cd6feea9488e3f1a55523e26f1015cc2929,a74a2bc57e96f8efc15a86113de13f16e74c9793ab2134e800356441c8278b8d,power-spectrum.combined,migrated
results/aida-tng/L35n1080_SIDM1/gas/power-spectrum/smoothed-pylians_both/snapshot025_grid256/threads8_run001.json,58c23557789f51f4e62bae2db234e602b5ff7a8f17a5b5be2800645352a8636f,results/aida-tng/L35n1080_SIDM1/power-spectrum/power-spectrum.combined/gas/snapshot025/science-029c93aee882/execution-9c0eeb45174c_run001.json,59bc223d6ac7fc5a09efe220c7b7c414e9d379ce3faad5678871f20fe47971ff,2009e7d11b59612f70d50868b388ac189ddbea3e78f04562d25d74a7d5c2764d,power-spectrum.combined,migrated
results/aida-tng/L35n1080_SIDM1/gas/power-spectrum/smoothed-pylians_both/snapshot025_grid512/threads8_run001.json,701e71ef606befa901bad8357c2c9e4c6648837861c7076022d6dbee8555267a,results/aida-tng/L35n1080_SIDM1/power-spectrum/power-spectrum.combined/gas/snapshot025/science-b9eb7b208dfc/execution-9c0eeb45174c_run001.json,c9516b030bbee04e348952aa894abce174c54acd16b3b7960d8afc23c6ec0ca8,a1fe452e078e404ed82d038fb096c8d1f449f591eca4944e38590ba802fbcef4,power-spectrum.combined,migrated
results/aida-tng/L35n1080_SIDM1/gas/power-spectrum/smoothed-pylians_both/snapshot033_grid256/threads8_run001.json,4da52090c863ffcd2af11840f9c3fab6b7e422f155c0c298cd2e984f81ede043,results/aida-tng/L35n1080_SIDM1/power-spectrum/power-spectrum.combined/gas/snapshot033/science-778c6dbd95f1/execution-9c0eeb45174c_run001.json,14c9cb34a49253b5358f9d09bd45b7fc0348f946aebf67a1cae18a5f9da8e706,c9b29ce3fd134f292c5432a3abbc04cc7912fd1ce8c0da1faa3efd556631d556,power-spectrum.combined,migrated
results/aida-tng/L35n1080_SIDM1/gas/power-spectrum/smoothed-pylians_both/snapshot033_grid512/threads8_run001.json,189aa32b84a3e42f4e6ae48c5eb48824ab1dae5ad8951dc5a512befed2a7326b,results/aida-tng/L35n1080_SIDM1/power-spectrum/power-spectrum.combined/gas/snapshot033/science-beae337bdd9a/execution-9c0eeb45174c_run001.json,683442e8cceece9ab460abd27824f7510eef1984a7b3ffffc64ce4bf589b9407,7eeecbb62a9192276a40e0d204aa541c6f9086eb138d52b8f53bba6e753443cc,power-spectrum.combined,migrated
results/aida-tng/L35n1080_SIDM1/gas/power-spectrum/smoothed-pylians_both/snapshot050_grid256/threads8_run001.json,36f89995e6a538931011b47ac2261b39f4bd7e61aad3dba2f5c3bd5afccaecca,results/aida-tng/L35n1080_SIDM1/power-spectrum/power-spectrum.combined/gas/snapshot050/science-cb38179ee9c6/execution-9c0eeb45174c_run001.json,5bcc5fe732f4d94af71ecc7d5729c3accdb2ecb6541c80d5eb7f44bfa4cad944,21ad611a932a317139ad5e76190f1d535bcaa49ebe3627d3b7bfd7ea3b4b0605,power-spectrum.combined,migrated
results/aida-tng/L35n1080_SIDM1/gas/power-spectrum/smoothed-pylians_both/snapshot050_grid512/threads8_run001.json,18e8d095777985a645f2589fbc52d8830a93b15cba9ae353d3f3f9875ca7230f,results/aida-tng/L35n1080_SIDM1/power-spectrum/power-spectrum.combined/gas/snapshot050/science-b2ba58a610db/execution-9c0eeb45174c_run001.json,b7daebcce932fbb42cacb289fbab8f75f3885a85ed400a3e8894aff07856a1d2,469c1575921543ed40edeefd664399b185b1d31867097421ee3b8ddb27223964,power-spectrum.combined,migrated
results/aida-tng/L35n1080_SIDM1/gas/power-spectrum/smoothed-pylians_both/snapshot067_grid256/threads8_run001.json,b592a0d2c3005f3aa41dece18bcc02e51711a79156f36c8aae536cf8d23ba2a0,results/aida-tng/L35n1080_SIDM1/power-spectrum/power-spectrum.combined/gas/snapshot067/science-37ca84633479/execution-9c0eeb45174c_run001.json,5aab60733dd0d424599b8d72437b0b5bb1c98b5542f7f8963e12f5ce40bec11e,0a18eb793501e4678ef587477fff133ae880a89e19e796eb8f6ae244e0e08a34,power-spectrum.combined,migrated
results/aida-tng/L35n1080_SIDM1/gas/power-spectrum/smoothed-pylians_both/snapshot067_grid512/threads8_run001.json,dfb80c4e02298f523eec7f000bf2671e7f1562f8012c9d65071978293b59a066,results/aida-tng/L35n1080_SIDM1/power-spectrum/power-spectrum.combined/gas/snapshot067/science-86dffdce02d7/execution-9c0eeb45174c_run001.json,de218f1982fd639573f037b959ac3d2d480024acc3485789087d951abb59f714,039ebcfe7a4f6c08cc013f51d55fd0c9a1b3510c52da9636f4819e236b4db9de,power-spectrum.combined,migrated
results/aida-tng/L35n1080_SIDM1/gas/power-spectrum/smoothed-pylians_both/snapshot075_grid256/threads8_run001.json,239baf5cf3fc8715273d947ed22b5e03d2722054ca58797b5386f9b49017ad1a,results/aida-tng/L35n1080_SIDM1/power-spectrum/power-spectrum.combined/gas/snapshot075/science-582c3bfeaac2/execution-9c0eeb45174c_run001.json,9f33df5f1be973bc5ecd6b7b691085682ae49b71c053f8839b6708fc7ecec1df,64cba5183c3584c6a049da85d11f2bb8380c2568eddfe582fa7ee27056958eb8,power-spectrum.combined,migrated
results/aida-tng/L35n1080_SIDM1/gas/power-spectrum/smoothed-pylians_both/snapshot075_grid512/threads8_run001.json,0b8f88bc65630e536d8e5a82a1c52d7ccf2d103b65100ac5a7db04c2276efac4,results/aida-tng/L35n1080_SIDM1/power-spectrum/power-spectrum.combined/gas/snapshot075/science-54dcded38693/execution-9c0eeb45174c_run001.json,4a33e8b14b38d241ee18275f3a603781c9a79ee59c0db5eeaa7ae0b8349ba899,ab923c8912d26f66afbd975d0138b509202513fc1213efbbfc3dc4a33f406a9b,power-spectrum.combined,migrated
results/aida-tng/L35n1080_SIDM1/gas/power-spectrum/smoothed-sphere_both/snapshot017_grid256/threads8_run001.json,31fdd08e79eeb502e0fb919d8aebe9be110bef381988a2b9d03fea66551aaf9a,results/aida-tng/L35n1080_SIDM1/power-spectrum/power-spectrum.combined/gas/snapshot017/science-0f934d18f36a/execution-9c0eeb45174c_run001.json,fa432669c5aabb27245a3f2d756639b905c5f3fac12887c8c61d0af3d19461c2,70cf4116ffce2a9714d148e54de5da2a179f897daa5840212bb63e01ac22d477,power-spectrum.combined,migrated
results/aida-tng/L35n1080_SIDM1/gas/power-spectrum/smoothed-sphere_both/snapshot017_grid512/threads8_run001.json,4581b6ac804850c533df60276878c5f7f527a3287e7251173807867159047dc3,results/aida-tng/L35n1080_SIDM1/power-spectrum/power-spectrum.combined/gas/snapshot017/science-c8b32e8c4bb6/execution-9c0eeb45174c_run001.json,a34fafc0e7bb3ec16f410dc92d3f6667ee87b602b887aac48528ef6d2591fb4e,63e860919c31cc8641c2bbf0d030ed9acf071e49d933f2e9441badac8bb0397c,power-spectrum.combined,migrated
results/aida-tng/L35n1080_SIDM1/gas/power-spectrum/smoothed-sphere_both/snapshot025_grid256/threads8_run001.json,7599857ebc6e48dea1fb5c6771076e18f630e68b33cd48c6b4c065f1c0b6fc9c,results/aida-tng/L35n1080_SIDM1/power-spectrum/power-spectrum.combined/gas/snapshot025/science-cfd200acb322/execution-9c0eeb45174c_run001.json,425b755de34758a784a6ca2cbf7fc08301ef0892e73a5c9986b08e6f579ae79b,76b1497db0dfd4ab710dbe1ecf1f864d1163b8cc18f94e1c84a6b1745c102887,power-spectrum.combined,migrated
results/aida-tng/L35n1080_SIDM1/gas/power-spectrum/smoothed-sphere_both/snapshot025_grid512/threads8_run001.json,f3fa32a7117947a431c651921089fc2195e608533ca325e721f696d9a93b1ad0,results/aida-tng/L35n1080_SIDM1/power-spectrum/power-spectrum.combined/gas/snapshot025/science-c7e119fe930c/execution-9c0eeb45174c_run001.json,ecb12e4dc1aea937a0c2590f60f632194d473b3cc5e724feb9f8deaf12b79610,17f0ab7223694ac3c5de337f65503c6734109eaea60643ca5967c0407a3ff1cd,power-spectrum.combined,migrated
results/aida-tng/L35n1080_SIDM1/gas/power-spectrum/smoothed-sphere_both/snapshot033_grid256/threads8_run001.json,6cda50cd36cdd994cb6a74af6ef96eac9df0dcfbb357b22726c2176d1415ec65,results/aida-tng/L35n1080_SIDM1/power-spectrum/power-spectrum.combined/gas/snapshot033/science-71e62da4da3a/execution-9c0eeb45174c_run001.json,ebdaefc3f463f914ab47da8d67056acaebfcccf1c9d437f8a7377da346eb9246,43fa6d54bfbb39f003b040fad33f3e4dde12231ee592f12ca48383aba3a4daf3,power-spectrum.combined,migrated
results/aida-tng/L35n1080_SIDM1/gas/power-spectrum/smoothed-sphere_both/snapshot033_grid512/threads8_run001.json,d475cb074c46e2297306d942e620eb19e58570925f36bed1d679da5ffcdc2038,results/aida-tng/L35n1080_SIDM1/power-spectrum/power-spectrum.combined/gas/snapshot033/science-62f432f158c3/execution-9c0eeb45174c_run001.json,f7cf40eee6a5d2c1aee2fe9c9536453c0b74f8641cbb888dcff1b28f0c60d5ce,aa016bf326ce1aaac58d9d376f03bfcdfd7038acea96ce83879208b69439c19b,power-spectrum.combined,migrated
results/aida-tng/L35n1080_SIDM1/gas/power-spectrum/smoothed-sphere_both/snapshot050_grid256/threads8_run001.json,e783957cb4ab63db398d046f1d0910ad3029dd3d0e677dfce0b7daec21277ed9,results/aida-tng/L35n1080_SIDM1/power-spectrum/power-spectrum.combined/gas/snapshot050/science-a5891664a8e5/execution-9c0eeb45174c_run001.json,2927d4ed50aef2877c4758892142c94e5145a07cab0eac7d94236135c7686af7,7c24302f049bd6288c9d954673b427ee183f5aaac6ad27b9357afd9d2cd70d50,power-spectrum.combined,migrated
results/aida-tng/L35n1080_SIDM1/gas/power-spectrum/smoothed-sphere_both/snapshot050_grid512/threads8_run001.json,a275960f92324e5c4b080217705c6ee6108875e188f09cacd8acb43b01ede9ca,results/aida-tng/L35n1080_SIDM1/power-spectrum/power-spectrum.combined/gas/snapshot050/science-2f5027d643c8/execution-9c0eeb45174c_run001.json,45a0865ff277284d59bd42aee4cb82920607a02c32b82cd57e2f48b74b801494,0cc704e05bbdf6855bf7028e65d688df048716d2c65166023cee6a3c03b52624,power-spectrum.combined,migrated
results/aida-tng/L35n1080_SIDM1/gas/power-spectrum/smoothed-sphere_both/snapshot067_grid256/threads8_run001.json,724ffb83c560d61a7ae944bd9fd1246e79d59efae02d911fb3d3ba8b5f20ab22,results/aida-tng/L35n1080_SIDM1/power-spectrum/power-spectrum.combined/gas/snapshot067/science-02d046b30a22/execution-9c0eeb45174c_run001.json,fddbbf8a67f527209c8f3c6348df49e1e6fb9c6ef54849d360f94d540d1fda4a,b543a7a4838401b396df2beb1c2d7e3f351491c879b674df0722f9faabff10e7,power-spectrum.combined,migrated
results/aida-tng/L35n1080_SIDM1/gas/power-spectrum/smoothed-sphere_both/snapshot067_grid512/threads8_run001.json,fbfa3a11ac1cce6f9e7e632774b8ab6f5b52cf2483597591c1e1907aca235fe5,results/aida-tng/L35n1080_SIDM1/power-spectrum/power-spectrum.combined/gas/snapshot067/science-186918e018eb/execution-9c0eeb45174c_run001.json,0f9fd237c7d4bae40c2994b946e2b1762c0f3447bdb950b5d79e0cbecf1cfb3b,8202fe006906a673d1d8abaadc2c8cc7435b20ce708297870950830d21770a98,power-spectrum.combined,migrated
results/aida-tng/L35n1080_SIDM1/gas/power-spectrum/smoothed-sphere_both/snapshot075_grid256/threads8_run001.json,88803fc0fddc891d4cdea1b95994d0c0dd62cd782d9b1e9b62c1227a74e00dac,results/aida-tng/L35n1080_SIDM1/power-spectrum/power-spectrum.combined/gas/snapshot075/science-09b0eeda2489/execution-9c0eeb45174c_run001.json,d6bf8e774be4dc3aa5de77642330f3dbb1e7588ba95e313d5b44e2f6bfad7238,59977f1bd7fd859df12b8c362e88ddee101ef84b9b0fff6859925747b3978f0b,power-spectrum.combined,migrated
results/aida-tng/L35n1080_SIDM1/gas/power-spectrum/smoothed-sphere_both/snapshot075_grid512/threads8_run001.json,3784d1ac95ac9a23851bc50a37cdf38fbff69c621750b830655b81ac70bb94a2,results/aida-tng/L35n1080_SIDM1/power-spectrum/power-spectrum.combined/gas/snapshot075/science-4f8fc9c85d13/execution-9c0eeb45174c_run001.json,58982d8d54f2ffa7853800cb992e37613c813e3d38be33dac712a47fc2888fd7,b31c6404e0f553c17d8902f2ba21e0129288c1902209c29f42059fbb2b12a001,power-spectrum.combined,migrated
results/aida-tng/L35n1080_SIDM1/gas/pylians/snapshot017_grid256/threads8_batch1_run001.json,db2a99cac4b9074bd344bb216a9783e95de71d6e23d62e1abcf57fbea4002f80,results/aida-tng/L35n1080_SIDM1/clumping/clumping.pylians/gas/snapshot017/science-79c3da14654b/execution-97fe92315af2_run001.json,29327de9ceb440fe1c9bccc5e0934f3a53fb610c4547234d96105d6c377841b4,52be8637719f22faada62afb5dd7dcf6a96226ab801794269a7b2dff0913548c,clumping.pylians,migrated
results/aida-tng/L35n1080_SIDM1/gas/pylians/snapshot017_grid512/threads8_batch1_run001.json,858b7906faa8100cb4d4780a2f7d806610a3914202f93411b3780caebf6d0d4f,results/aida-tng/L35n1080_SIDM1/clumping/clumping.pylians/gas/snapshot017/science-607400ba514e/execution-7f2a6ce7505e_run001.json,1315f425310caf60dee7245ed912f2eee9d197b8cd7cd71679a8e2003bd4ee7c,d242f35a5478b9458a3ae393b607ec89a8db91dcf5a81d24b7b1e7d9df34caa6,clumping.pylians,migrated
results/aida-tng/L35n1080_SIDM1/gas/raw-volume/snapshot017_grid256/threads1_batch1_run001.json,7108fc83d213d04bc5b139ae9555b140ccbcd43f601fc904f2fec13f22d506ac,results/aida-tng/L35n1080_SIDM1/clumping/clumping.raw-volume-weighted/gas/snapshot017/science-7ca015b94dba/execution-83be40a864d4_run001.json,e34e0890f7e603cbbc837c6de7818089edd9fcfc2259aaa59fd9eb60f7a92fcd,319c89c6742207ac98340775883a6628d8a42102b17131042b86f86994c01243,clumping.raw-volume-weighted,migrated
results/aida-tng/L35n1080_SIDM1/gas/raw-volume/snapshot017_grid256/threads1_batch1_run001_rawmode-electron-hii.json,c10721d08112a7af7b062fdbcc280c7f31467a5fea2934f56bb36154eb7e796d,results/aida-tng/L35n1080_SIDM1/clumping/clumping.raw-volume-weighted/gas/snapshot017/science-a49c35ec8aaf/execution-83be40a864d4_run001.json,00fb3143b239aeebac319e5a87ad0eb6c680fb39af4943a1ea717de91f509043,78d02b04f1ac2bd44f1cad4d9441206edf97f7cf1c58be0209e93d35b8f6403c,clumping.raw-volume-weighted,migrated
results/aida-tng/L35n1080_SIDM1/gas/raw-volume/snapshot017_grid512/threads1_batch1_run001.json,6d2eb80e4700d0725e11a1c5d0d58066dbc01864c65c21e88d3a1691b8e2a2b4,results/aida-tng/L35n1080_SIDM1/clumping/clumping.raw-volume-weighted/gas/snapshot017/science-7ca015b94dba/execution-83be40a864d4_run001.json,e34e0890f7e603cbbc837c6de7818089edd9fcfc2259aaa59fd9eb60f7a92fcd,319c89c6742207ac98340775883a6628d8a42102b17131042b86f86994c01243,clumping.raw-volume-weighted,deduplicated
results/aida-tng/L35n1080_SIDM1/gas/raw-volume/snapshot025_grid256/threads1_batch1_run001.json,ed2cb888eca24678fdd04b32407565d392b03c887ec97dea8626f9b18b261fcb,results/aida-tng/L35n1080_SIDM1/clumping/clumping.raw-volume-weighted/gas/snapshot025/science-7ca015b94dba/execution-83be40a864d4_run001.json,6821879b93502d7055a2e920a32e7f2154048bb1f7bed31f7da4d3af7e09b924,244d9030e5cc2965015d04a4f34c070140b02dd65df7b58b83507eadf30bb40c,clumping.raw-volume-weighted,migrated
results/aida-tng/L35n1080_SIDM1/gas/raw-volume/snapshot025_grid512/threads1_batch1_run001.json,77b82ebdd20334ad1f3cd30058f68414b701b1af06c3025912b195d6d3134b71,results/aida-tng/L35n1080_SIDM1/clumping/clumping.raw-volume-weighted/gas/snapshot025/science-7ca015b94dba/execution-83be40a864d4_run001.json,6821879b93502d7055a2e920a32e7f2154048bb1f7bed31f7da4d3af7e09b924,244d9030e5cc2965015d04a4f34c070140b02dd65df7b58b83507eadf30bb40c,clumping.raw-volume-weighted,deduplicated
results/aida-tng/L35n1080_SIDM1/gas/raw-volume/snapshot033_grid256/threads1_batch1_run001.json,407f6e99d544a02db6ffbcef68db6b68de447a3fde8ca9fb6df559369306b68e,results/aida-tng/L35n1080_SIDM1/clumping/clumping.raw-volume-weighted/gas/snapshot033/science-7ca015b94dba/execution-83be40a864d4_run001.json,339a9ee46cf6c1af4e798c9b8be20a3a6c8f4d20e4d35b43891e871340fe17ee,1a2b9204ce80204dcd46865e59b344e875484812f91684077a976e8a2e815a83,clumping.raw-volume-weighted,migrated
results/aida-tng/L35n1080_SIDM1/gas/raw-volume/snapshot033_grid512/threads1_batch1_run001.json,ac005bb7d502aefe64cb43bdf6cb8aaa0a6af5ee0cfb59b8399d298cff029746,results/aida-tng/L35n1080_SIDM1/clumping/clumping.raw-volume-weighted/gas/snapshot033/science-7ca015b94dba/execution-83be40a864d4_run001.json,339a9ee46cf6c1af4e798c9b8be20a3a6c8f4d20e4d35b43891e871340fe17ee,1a2b9204ce80204dcd46865e59b344e875484812f91684077a976e8a2e815a83,clumping.raw-volume-weighted,deduplicated
results/aida-tng/L35n1080_SIDM1/gas/raw-volume/snapshot050_grid256/threads1_batch1_run001.json,64142978906299dc46a00998f4c00797a4cc74b76400d31d8154856daccf7264,results/aida-tng/L35n1080_SIDM1/clumping/clumping.raw-volume-weighted/gas/snapshot050/science-7ca015b94dba/execution-83be40a864d4_run001.json,0b5fa8d7940028c9a0e4cb24025090fad1e027c62f5d923cc686326e6a813864,3309dc77c80aa1caf14506053de75f3ebde583136ba73a44746ae0f944a32fc4,clumping.raw-volume-weighted,migrated
results/aida-tng/L35n1080_SIDM1/gas/raw-volume/snapshot050_grid512/threads1_batch1_run001.json,9ca187d253348811021e68db396507a85f434da21ec4e761fbe7eed5b092c42e,results/aida-tng/L35n1080_SIDM1/clumping/clumping.raw-volume-weighted/gas/snapshot050/science-7ca015b94dba/execution-83be40a864d4_run001.json,0b5fa8d7940028c9a0e4cb24025090fad1e027c62f5d923cc686326e6a813864,3309dc77c80aa1caf14506053de75f3ebde583136ba73a44746ae0f944a32fc4,clumping.raw-volume-weighted,deduplicated
results/aida-tng/L35n1080_SIDM1/gas/raw-volume/snapshot067_grid256/threads1_batch1_run001.json,2470b965d04fab0881f7a366838eaed358020ab16ac5157d6f45a779facf3737,results/aida-tng/L35n1080_SIDM1/clumping/clumping.raw-volume-weighted/gas/snapshot067/science-7ca015b94dba/execution-83be40a864d4_run001.json,49ccc974daa2ec02016b3a6580bce1a9aa6d2e48409c39f510d926df0dcc2e3e,f68908470e9995c2bf63e75d11524d492b3c1f990a316829bcb120635c2dd67a,clumping.raw-volume-weighted,migrated
results/aida-tng/L35n1080_SIDM1/gas/raw-volume/snapshot067_grid512/threads1_batch1_run001.json,e82e0efb86d38df189359ab7c1d39d2fdbd3bb5db602fddf5cf3b619c00ef4fc,results/aida-tng/L35n1080_SIDM1/clumping/clumping.raw-volume-weighted/gas/snapshot067/science-7ca015b94dba/execution-83be40a864d4_run001.json,49ccc974daa2ec02016b3a6580bce1a9aa6d2e48409c39f510d926df0dcc2e3e,f68908470e9995c2bf63e75d11524d492b3c1f990a316829bcb120635c2dd67a,clumping.raw-volume-weighted,deduplicated
results/aida-tng/L35n1080_SIDM1/gas/raw-volume/snapshot075_grid256/threads1_batch1_run001.json,aa6aa938e8c55488aee4ecca054dafbcddc36cbd662cd61b04fe5ea317272297,results/aida-tng/L35n1080_SIDM1/clumping/clumping.raw-volume-weighted/gas/snapshot075/science-7ca015b94dba/execution-83be40a864d4_run001.json,ec542680e33d2cf7975ce1f9dbb54e94146b9b567711b0a7097e162501572b35,f71fdfe1ca42a7a1dd35348afc5905e76df36fbd164dcb44ff6d947334899c3f,clumping.raw-volume-weighted,migrated
results/aida-tng/L35n1080_SIDM1/gas/raw-volume/snapshot075_grid512/threads1_batch1_run001.json,0037aca7c07661079897200a665423cbf6d90ea437b51f5fa20a8f1e06201d86,results/aida-tng/L35n1080_SIDM1/clumping/clumping.raw-volume-weighted/gas/snapshot075/science-7ca015b94dba/execution-83be40a864d4_run001.json,ec542680e33d2cf7975ce1f9dbb54e94146b9b567711b0a7097e162501572b35,f71fdfe1ca42a7a1dd35348afc5905e76df36fbd164dcb44ff6d947334899c3f,clumping.raw-volume-weighted,deduplicated
results/aida-tng/L35n1080_SIDM1/gas/sphere/snapshot017_grid256/threads8_batch1_run001.json,0ef78dce9caa8a2e963ad78ec895c3c23d76f7f4177853773f778510328c1d6d,results/aida-tng/L35n1080_SIDM1/clumping/clumping.sphere/gas/snapshot017/science-e8f77440b976/execution-97fe92315af2_run001.json,f64694298e9fefcce94011aac8405a68791942667c8fff92dd13ddb027abbfad,0ea162e29a8da39d29e83aaaaf59b55042bf4f3a0f6fff3a7b130800eac5ead6,clumping.sphere,migrated
results/aida-tng/L35n1080_SIDM1/gas/sphere/snapshot017_grid512/threads8_batch1_run001.json,091dcda4b89b843bb0083e35bf0be4261f31abcc3540caa7eed0b5dffc58ec94,results/aida-tng/L35n1080_SIDM1/clumping/clumping.sphere/gas/snapshot017/science-124ba285fbd3/execution-7f2a6ce7505e_run001.json,26484af3b3abe9132ec09616003ca02d22d308516fdfd6cee11a61f87ad38299,43210ab2e457086c90a758266e91da71ad3cbcba6603148b13cd43dbbe67af00,clumping.sphere,migrated
results/aida-tng/L35n1080_WDM3/dm/power-spectrum/mas-only_both/snapshot017_grid256/threads8_run001.json,64967a0c4bf5bc462303477c6703f8f17803ac66cb5e3b105211e66254217905,results/aida-tng/L35n1080_WDM3/power-spectrum/power-spectrum.combined/dm/snapshot017/science-d708484bfe62/execution-dad87b62e8e5_run001.json,e6468d9b34e273035d977ecc5b1a6d6d45cf613a3520baf720ee3ba84ddd35b3,46d0a48f8cf32e6dcf70da1f4f42b185d283f8567ab3f285fde48d0a461c199a,power-spectrum.combined,migrated
results/aida-tng/L35n1080_WDM3/dm/power-spectrum/mas-only_both/snapshot017_grid512/threads8_run001.json,8c55217d4990fe619c388cf448571fc0b2e2fc3995fba9f660d8692a92a23224,results/aida-tng/L35n1080_WDM3/power-spectrum/power-spectrum.combined/dm/snapshot017/science-b931ca6f262a/execution-dad87b62e8e5_run001.json,6aee947f2afa41b51a4cc3c5506d85a3495a3d2e7d1ced862c92daca0fafed22,da859c814a791ba4f85333e92be8afbfc6b759fedb77a12b3492ac8b5c49cc35,power-spectrum.combined,migrated
results/aida-tng/L35n1080_WDM3/dm/power-spectrum/mas-only_both/snapshot025_grid256/threads8_run001.json,ea637ab026da2c6343b603f18b19a90f2e8ba8404e81c1b35c35adf1e6488211,results/aida-tng/L35n1080_WDM3/power-spectrum/power-spectrum.combined/dm/snapshot025/science-599a8ac046b7/execution-dad87b62e8e5_run001.json,ec8bbfb78804ae1ee9dfe985860eb6dea8eb4eecf919c6478087aa0c206b13dc,f184fba823a2b3d7dfc5d83d42294b63fa7577d4f00bfd4198421c3a123e7634,power-spectrum.combined,migrated
results/aida-tng/L35n1080_WDM3/dm/power-spectrum/mas-only_both/snapshot025_grid512/threads8_run001.json,2ebe6970722f4ec79ba3c0c55ad767504eefdd1aba352c6d777185adfd03e8b9,results/aida-tng/L35n1080_WDM3/power-spectrum/power-spectrum.combined/dm/snapshot025/science-84a2407e83bc/execution-dad87b62e8e5_run001.json,2e9971f84209e8f162802366d9b8fb2594a69909315fbb9a87e552dacec5c2e7,736b9617a3386528e9a2dc0d8c2a931b485cd8dd5b2d02da1bbf93298d340cbe,power-spectrum.combined,migrated
results/aida-tng/L35n1080_WDM3/dm/power-spectrum/mas-only_both/snapshot033_grid256/threads8_run001.json,c8aecc68996adb94b170f60c297859b28f22a332aae6dfe2a48347af96b695b7,results/aida-tng/L35n1080_WDM3/power-spectrum/power-spectrum.combined/dm/snapshot033/science-2c9c6534a3d1/execution-dad87b62e8e5_run001.json,153ae6fa582831eeda7840dbdec1ebdd41b66e7d0109c98648dc555be660dec0,a37de797d37cd7fffd3a52b59b3f092624245dd1ae5c4e17e68ffe9546402e2f,power-spectrum.combined,migrated
results/aida-tng/L35n1080_WDM3/dm/power-spectrum/mas-only_both/snapshot033_grid512/threads8_run001.json,667392e2d438bf434eea8f130185ed2564c8045de4e99eaef0d51bbcf2ca60dc,results/aida-tng/L35n1080_WDM3/power-spectrum/power-spectrum.combined/dm/snapshot033/science-382b2bd13949/execution-dad87b62e8e5_run001.json,3112f61492536c9c12b2e8ef46b21c406354b018fd95a09fb308a6bb7bbf9878,d3e928e16a25299e01d3dcecbf552568ed524664be22b260e63f0ffe6b29321f,power-spectrum.combined,migrated
results/aida-tng/L35n1080_WDM3/dm/power-spectrum/mas-only_both/snapshot050_grid256/threads8_run001.json,7ec0f8507511518e6b9140588eb482ee0ffdac0b8c0ba41cb2afb5f4e3e9e506,results/aida-tng/L35n1080_WDM3/power-spectrum/power-spectrum.combined/dm/snapshot050/science-c40e129c25d1/execution-dad87b62e8e5_run001.json,1a3ffe0ab95e42caaf07a829a98e7d0e4ded8ad83cff71cacea0382c3e89ccb8,f3c805f103b677f1e5e7cb2ed7ab2a500c9d01c65f5e85aa95d79147f44cdb6f,power-spectrum.combined,migrated
results/aida-tng/L35n1080_WDM3/dm/power-spectrum/mas-only_both/snapshot050_grid512/threads8_run001.json,70fb6c269a05f28551dd65e6da55266198e9af7b0d227b821935e489daef3e91,results/aida-tng/L35n1080_WDM3/power-spectrum/power-spectrum.combined/dm/snapshot050/science-a3e8a73ee324/execution-dad87b62e8e5_run001.json,9e52c46fa8fac6e8b035c2384a013426fff84d1978d9a8c8785c96b23be96a5c,320598bd914ccd3a8424e65ab914b676ec8682f220ce7f71582c526973e28288,power-spectrum.combined,migrated
results/aida-tng/L35n1080_WDM3/dm/power-spectrum/mas-only_both/snapshot067_grid256/threads8_run001.json,34677eb2440742cd3a6ca1afb129b877bb8278542ea3e3ff5c58cd9407f5c52b,results/aida-tng/L35n1080_WDM3/power-spectrum/power-spectrum.combined/dm/snapshot067/science-bf9e999fc62e/execution-dad87b62e8e5_run001.json,ce347836ab57ccfaa3d891712571c15862a5c1043e34d1d1a1eaaab511a82683,0ec341b06957cd4674aba327cdc3223f9e95389d6d2ae4c52bc622e560b75f7b,power-spectrum.combined,migrated
results/aida-tng/L35n1080_WDM3/dm/power-spectrum/mas-only_both/snapshot067_grid512/threads8_run001.json,c6c710ad3a05debe3d64af4272b1573705a4c5fb77d59f2f38c81f9a13158fa3,results/aida-tng/L35n1080_WDM3/power-spectrum/power-spectrum.combined/dm/snapshot067/science-8a622f80a7c5/execution-dad87b62e8e5_run001.json,7275fc9ca4557aa787a845e4a1c661f2419bfa6696e2aaf1c1847bc09f5e19f2,286db73858a76bb792fd7927c4c9114cbe3b9d36578708c0b4ffe430bce89d7a,power-spectrum.combined,migrated
results/aida-tng/L35n1080_WDM3/dm/power-spectrum/mas-only_both/snapshot084_grid256/threads8_run001.json,2c701b63d551b21fc1a4a98a05f086054105ac10c20e64032f1ac8a2059b853c,results/aida-tng/L35n1080_WDM3/power-spectrum/power-spectrum.combined/dm/snapshot084/science-11a445a50cfc/execution-dad87b62e8e5_run001.json,e3b33605f5ab6fed886da101d79e9e9633e6c1b1ace4868af82a2427affeb2e5,d38784dc8bc5161d298a57c9cd30eb0106c367c996b01dd9e4ca7223c91b48df,power-spectrum.combined,migrated
results/aida-tng/L35n1080_WDM3/dm/power-spectrum/mas-only_both/snapshot084_grid512/threads8_run001.json,ee45093a3f3f4cb11c9c30ed5fe9850d763c0d3ae4821a1ec8751a665122cf72,results/aida-tng/L35n1080_WDM3/power-spectrum/power-spectrum.combined/dm/snapshot084/science-516ca068adcd/execution-dad87b62e8e5_run001.json,f60d7dcd91ba639698e548b0c42918a35092451177325d61eeff5ad84e7018d9,6d54b8926a993d10bee68b36997ef7f6241afb09d0139b02442f68048241e9c4,power-spectrum.combined,migrated
results/aida-tng/L35n1080_WDM3/dm/power-spectrum/mas-only_both/snapshot099_grid256/threads8_run001.json,61a4601671b3cbb5696a62b58126f2314e9137244e7de06c2728275c065bfee3,results/aida-tng/L35n1080_WDM3/power-spectrum/power-spectrum.combined/dm/snapshot099/science-090d0969b6a2/execution-dad87b62e8e5_run001.json,c5da4cdda9714a32e3592ddd38d782f9c8dbffdb81e01bcf1d73de6074b3a170,fabf87981738415d0851820999c06f1fd19388cfc2c426755c6136cb2d9288bb,power-spectrum.combined,migrated
results/aida-tng/L35n1080_WDM3/dm/power-spectrum/mas-only_both/snapshot099_grid512/threads8_run001.json,fa967ee6a139ca41188305bf25e763ce5aa506da6b631c9eb8fa921f187d32c1,results/aida-tng/L35n1080_WDM3/power-spectrum/power-spectrum.combined/dm/snapshot099/science-1919c751eba9/execution-dad87b62e8e5_run001.json,52d34ab6b967cbee78da3e80a95754a26832e7e32214c70937c7881739cf8cbd,fd5552bf032ec24d7e999ffe93bc3d1a31db1668619739d9f521a9fb0247bd01,power-spectrum.combined,migrated
results/aida-tng/L35n1080_WDM3/dm/power-spectrum/smoothed-pylians_both/snapshot017_grid256/threads8_run001.json,df646a95f2c86fb6d4292cf626a8a381f85e77c87700930106b528776579ddda,results/aida-tng/L35n1080_WDM3/power-spectrum/power-spectrum.combined/dm/snapshot017/science-d0a9e34c9e02/execution-9c0eeb45174c_run001.json,9ca8bdb991fefb832ec8749aaeaaab5c3e998cf053d59ecf54872b4561f8735c,a137ae862f201cd5fda4ef00e33c5d052910e7ff78c93dfa82fce74e9b2ab081,power-spectrum.combined,migrated
results/aida-tng/L35n1080_WDM3/dm/power-spectrum/smoothed-pylians_both/snapshot017_grid512/threads8_run001.json,923fe1c6e882a824d53cac14001b85225a64ad356fd5d017e2401d0ee4db71fc,results/aida-tng/L35n1080_WDM3/power-spectrum/power-spectrum.combined/dm/snapshot017/science-868ef332e7cb/execution-9c0eeb45174c_run001.json,d6f1f2f89eada520f1820ae4b99a2e6e4a09c62eede5229fe465a50c18eaacb9,7531453c7d55d71c4177388eacc992e8a212aaaeb0d80d32a62d09f2f22355e2,power-spectrum.combined,migrated
results/aida-tng/L35n1080_WDM3/dm/power-spectrum/smoothed-pylians_both/snapshot025_grid256/threads8_run001.json,45d9fa29a046da31c6836f14c1350d115af44fb6ada349efc99819c91efa49b3,results/aida-tng/L35n1080_WDM3/power-spectrum/power-spectrum.combined/dm/snapshot025/science-a674c8f1ffd5/execution-9c0eeb45174c_run001.json,df69d4c7ffa8a9e4d64221db6194173f03ab3065e5ee724ac46d2d556f18e221,5f9b5738c0de87768cad010fa112ed8f803fd198c8f2bf3567b4a27df6091226,power-spectrum.combined,migrated
results/aida-tng/L35n1080_WDM3/dm/power-spectrum/smoothed-pylians_both/snapshot025_grid512/threads8_run001.json,66216ff2826157ceeeeb21323b63a40ef56d7c6aa6984a79e93279fa78275538,results/aida-tng/L35n1080_WDM3/power-spectrum/power-spectrum.combined/dm/snapshot025/science-47a89913c424/execution-9c0eeb45174c_run001.json,cd353ef61df208836dac4012d61ca1dad9a2d44e97449c54cc94952d945b0f0f,2166b4d9fd2d6c8b3e05c993041cfd52f37938af30ad406f7ecf3ec03f69b448,power-spectrum.combined,migrated
results/aida-tng/L35n1080_WDM3/dm/power-spectrum/smoothed-pylians_both/snapshot033_grid256/threads8_run001.json,bfade144c87acdfa460b63291c4e7eb55d3a7203d0cc238ab3bd1e2793ec074f,results/aida-tng/L35n1080_WDM3/power-spectrum/power-spectrum.combined/dm/snapshot033/science-be46574c4939/execution-9c0eeb45174c_run001.json,fbc1c0e4a5757c72470c9508566dd672e3b74f02a95d4063df45c1f648f90cfe,d368566ede77faaad6d26f22aca8b6710fa9af6981f7481fe4c91a47d7b6823b,power-spectrum.combined,migrated
results/aida-tng/L35n1080_WDM3/dm/power-spectrum/smoothed-pylians_both/snapshot033_grid512/threads8_run001.json,51fe22736267db0b75d88a752103e49e654d2a4c38eb8ad0a964201d90d8595d,results/aida-tng/L35n1080_WDM3/power-spectrum/power-spectrum.combined/dm/snapshot033/science-97626079113f/execution-9c0eeb45174c_run001.json,ee27e0da1d72c6e327a366784c50d274a35764214c017e52679729d1963469f8,5d46a36447720f3969a8889bd3afe37f83fcc1193d525ec95ed713df59e6b17e,power-spectrum.combined,migrated
results/aida-tng/L35n1080_WDM3/dm/power-spectrum/smoothed-pylians_both/snapshot050_grid256/threads8_run001.json,099955a50e7989d2e490b3e43e1ae38c92e0c1900ef0680d377541732a4626fe,results/aida-tng/L35n1080_WDM3/power-spectrum/power-spectrum.combined/dm/snapshot050/science-05a2bac20ab9/execution-9c0eeb45174c_run001.json,10e34ae48c7a1a94b62df5115b9d736cc47d9ab08cb50d391e18633c4a14b308,39a848cf30141e58a64751ce56d5dc4272bfec3d730ad1d294ef9c274a8632ad,power-spectrum.combined,migrated
results/aida-tng/L35n1080_WDM3/dm/power-spectrum/smoothed-pylians_both/snapshot050_grid512/threads8_run001.json,959bbdcf37036c28b7b6d8e27530b3e5ad07d17b4019a514ec9195ec208646cf,results/aida-tng/L35n1080_WDM3/power-spectrum/power-spectrum.combined/dm/snapshot050/science-8b14217b341b/execution-9c0eeb45174c_run001.json,49180c13baa81f11031456b6422ca87108fc8ab1ca13efe3c81f68ae732c5dcd,1ce850529ff5d8589abc6c8952fc1e72c89b193d9fc7dfdb4a29af8321a01716,power-spectrum.combined,migrated
results/aida-tng/L35n1080_WDM3/dm/power-spectrum/smoothed-pylians_both/snapshot067_grid256/threads8_run001.json,fb2b4e30ba73a564e430ebc91d6b7837d67040336445c15139d386a58e3d8b3c,results/aida-tng/L35n1080_WDM3/power-spectrum/power-spectrum.combined/dm/snapshot067/science-6a9401e82bea/execution-9c0eeb45174c_run001.json,f91e2d70254bb5bb0bb8da3affb4394d0bfc6ad659f0e1ae8faf9ede471e4883,8d5d07d6cb443a01fbc57f73f8fb73e35c4a19020ad56d421350c057529bd224,power-spectrum.combined,migrated
results/aida-tng/L35n1080_WDM3/dm/power-spectrum/smoothed-pylians_both/snapshot067_grid512/threads8_run001.json,0fad93c8effebc2bc28884befdc24b843bd436d7627dcb531e782340021897ff,results/aida-tng/L35n1080_WDM3/power-spectrum/power-spectrum.combined/dm/snapshot067/science-53430c0ea57c/execution-9c0eeb45174c_run001.json,3cff268ecefac6c72d517dd7c7ca79dcbcdf54b0db363fe8e19f06720b394988,3e9e4227f97903fbe703eac01173d1a59a29b6b07d57904297186931ed2a5cff,power-spectrum.combined,migrated
results/aida-tng/L35n1080_WDM3/dm/power-spectrum/smoothed-pylians_both/snapshot084_grid256/threads8_run001.json,dc9ece1f034531a86aa2498ad81f4fd8bd540b937bc9a45f9ab08c538f77b78b,results/aida-tng/L35n1080_WDM3/power-spectrum/power-spectrum.combined/dm/snapshot084/science-e844218f42df/execution-9c0eeb45174c_run001.json,47a3e3f6b9c941a225c1e3c3fb97f2181b7449ea62a42638b405553528cf7d3f,aa048cec17961b9f295fd09c7e5d2dcd9381ee9c444e0a0575d39089a8b464ed,power-spectrum.combined,migrated
results/aida-tng/L35n1080_WDM3/dm/power-spectrum/smoothed-pylians_both/snapshot084_grid512/threads8_run001.json,20100dd5d1600f3f4507eec0de4ffc9b8748ab119461115cbaa4d57fd9483775,results/aida-tng/L35n1080_WDM3/power-spectrum/power-spectrum.combined/dm/snapshot084/science-4390980e6294/execution-9c0eeb45174c_run001.json,74e3b89a9339455dbbe3cc15119a842e7083811995a6d5358921b63c19221b69,744405cb1e7614fbab6a6ca871c4f2627c80d8f898030812da16b218ab7a8af1,power-spectrum.combined,migrated
results/aida-tng/L35n1080_WDM3/dm/power-spectrum/smoothed-pylians_both/snapshot099_grid256/threads8_run001.json,decfdc72bbbb71d4025da67bb1f03fcf6685b289ea99ae36b1755ab97cc18b7f,results/aida-tng/L35n1080_WDM3/power-spectrum/power-spectrum.combined/dm/snapshot099/science-d34abd3af463/execution-9c0eeb45174c_run001.json,a433de6d7e80ff2d883f47c6bcb83d3184508dd3f2f18c4719efb2dbe35ecb37,b9c6b068697372bd1c996d3ea006a6927385569b4ca72a6a6e349e5608f0b4bf,power-spectrum.combined,migrated
results/aida-tng/L35n1080_WDM3/dm/power-spectrum/smoothed-pylians_both/snapshot099_grid512/threads8_run001.json,64ff328fea8577ce3a665596e708aafd1e2c882f8d00756792b5390b856ce414,results/aida-tng/L35n1080_WDM3/power-spectrum/power-spectrum.combined/dm/snapshot099/science-7912220dc109/execution-9c0eeb45174c_run001.json,5a08e36a5b8708fec0f0ce3903c2f3751c97a9fd3be120a1b8b0c8bc5c949b11,7a4002df025e8fe7fd9786de261aeabf55e5729a41afd5445ff2b8b7d2f85a40,power-spectrum.combined,migrated
results/aida-tng/L35n1080_WDM3/dm/power-spectrum/smoothed-sphere_both/snapshot017_grid256/threads8_run001.json,fab007685d701eb13ab2448d2a9996c082f72478a6e651720c65ebeedbc5d0b0,results/aida-tng/L35n1080_WDM3/power-spectrum/power-spectrum.combined/dm/snapshot017/science-e387d50b038d/execution-9c0eeb45174c_run001.json,d5cfcb75c0519da067b24a39a38a59ecdfe56c2a3375f65398bc43597be0f4f3,2de45c087ab20899d07e4d45bede08f327a9599cccf3df698a0a934eb83d0188,power-spectrum.combined,migrated
results/aida-tng/L35n1080_WDM3/dm/power-spectrum/smoothed-sphere_both/snapshot017_grid512/threads8_run001.json,e1cff761950082cc3b07675f16dc6a3ffdc493b28fb74b412f99ad4cc10a115a,results/aida-tng/L35n1080_WDM3/power-spectrum/power-spectrum.combined/dm/snapshot017/science-a65969642e5f/execution-9c0eeb45174c_run001.json,18de8ea0b9e7a69df72b8b332e3b80231d43d92de8d27fbf9852fdd49c4aca43,8437f6e71627ec16b880f4c3926d592f9f3ac586da389a4150b589c36d69d423,power-spectrum.combined,migrated
results/aida-tng/L35n1080_WDM3/dm/power-spectrum/smoothed-sphere_both/snapshot025_grid256/threads8_run001.json,9d17e55c4ae327aac47107a38789127293f1abb0e5564430f0e2604a4c8e299d,results/aida-tng/L35n1080_WDM3/power-spectrum/power-spectrum.combined/dm/snapshot025/science-962654f99aec/execution-9c0eeb45174c_run001.json,0fe18f30211e93c5cedabd07d1ee80fe86e224cc29b0eecec2f4f40a50ed1fb7,4e889b8a7a763fbdd7806e09759fb9df507598892ed26461d82777793291fd79,power-spectrum.combined,migrated
results/aida-tng/L35n1080_WDM3/dm/power-spectrum/smoothed-sphere_both/snapshot025_grid512/threads8_run001.json,d79f6cfcc24af7c922315d4ba44b4a8c3068555a9d265926667fdda90f2e89c3,results/aida-tng/L35n1080_WDM3/power-spectrum/power-spectrum.combined/dm/snapshot025/science-6d8496ba7787/execution-9c0eeb45174c_run001.json,51086b78d7b34fe24811b07130f4f3076be23f63a173c464d2d29a3641115986,2de94686034e746a7ca9b46e52485ecef7c527663e148960538b3425bb60a318,power-spectrum.combined,migrated
results/aida-tng/L35n1080_WDM3/dm/power-spectrum/smoothed-sphere_both/snapshot033_grid256/threads8_run001.json,6b874d1bf481ba7a8c97ebe4bab0adb68978cccfe42e0e9efeb3a2290842571b,results/aida-tng/L35n1080_WDM3/power-spectrum/power-spectrum.combined/dm/snapshot033/science-a0eccae8c793/execution-9c0eeb45174c_run001.json,b8435afffde411d0c13b50edf84a08b27d58dbb23f0076c75fb50dcaebeb232c,4f477fb00b15097d4a1f401c6d771d7413913bf7e152da69f1fcf5569c0bc11b,power-spectrum.combined,migrated
results/aida-tng/L35n1080_WDM3/dm/power-spectrum/smoothed-sphere_both/snapshot033_grid512/threads8_run001.json,fc9ebb69f23c55c26e502e5906037995f4f3d90d292da6c1980254353446abfe,results/aida-tng/L35n1080_WDM3/power-spectrum/power-spectrum.combined/dm/snapshot033/science-a27c9fcd1d50/execution-9c0eeb45174c_run001.json,79be826ae3134d09ae873a2ea241d4a716c21c7f1b849b2ae2b16ca4eb631077,f49f0f5c6b4b9250f4e87749730fe8d5bc33046acff1cbd09ea621fbb493bf87,power-spectrum.combined,migrated
results/aida-tng/L35n1080_WDM3/dm/power-spectrum/smoothed-sphere_both/snapshot050_grid256/threads8_run001.json,a14b2593c5c517d6d24c70eb32ba2a447e241e2b8fab67ad5672c17d3ca6ad80,results/aida-tng/L35n1080_WDM3/power-spectrum/power-spectrum.combined/dm/snapshot050/science-2669fea39f85/execution-9c0eeb45174c_run001.json,15bfbbb9bbda1a5fa8d251a012e1327852c436d22dfa8fc9188c1a8844c633a5,4f9f99d00ba051f136ca27e4654f5ad824591e5253bb97e2113615ccde297752,power-spectrum.combined,migrated
results/aida-tng/L35n1080_WDM3/dm/power-spectrum/smoothed-sphere_both/snapshot050_grid512/threads8_run001.json,b3eaf8820b62a7462576a5413a531921f7e1ca11b6887f351febdf9439c68e26,results/aida-tng/L35n1080_WDM3/power-spectrum/power-spectrum.combined/dm/snapshot050/science-bb54ee4ba0eb/execution-9c0eeb45174c_run001.json,f5d794cd4a16edb62e80502fcd3fa7dd62f2407c85cf2e602dc03d2d9f705621,73de925fc28a364a3fe8099539d6c34cd18d13b7b1b8f31f00b5f64e68a1a483,power-spectrum.combined,migrated
results/aida-tng/L35n1080_WDM3/dm/power-spectrum/smoothed-sphere_both/snapshot067_grid256/threads8_run001.json,8c771df4f9c221f13a2cbdd11a9505a0aa7231e85bef5da076fdfccf2ce6fdd8,results/aida-tng/L35n1080_WDM3/power-spectrum/power-spectrum.combined/dm/snapshot067/science-bb753e9d60bb/execution-9c0eeb45174c_run001.json,b6de4a240dcadd24a60225c838520acca6ca1a59ec017c630293981b052a40d3,e5f0a784659bcdae51758bed1d557ee3774fbb85092da60795c512acae973876,power-spectrum.combined,migrated
results/aida-tng/L35n1080_WDM3/dm/power-spectrum/smoothed-sphere_both/snapshot067_grid512/threads8_run001.json,21bc247cae4315ba0c3a9a5e02ce528289ff7c5b77448356bf2133cb6377b189,results/aida-tng/L35n1080_WDM3/power-spectrum/power-spectrum.combined/dm/snapshot067/science-8a1a81db2267/execution-9c0eeb45174c_run001.json,24c4dc5cca7a369c3e321e22201603baa45de9983f28adfd87edbf31feb1b556,37770678cf3b0bf2d151b1035eb9d669428977e7938512e1c8ed7869f1cc0e9c,power-spectrum.combined,migrated
results/aida-tng/L35n1080_WDM3/dm/power-spectrum/smoothed-sphere_both/snapshot084_grid256/threads8_run001.json,d842b12bc7a4a730aecc5110523eec03b779695e9f4dc5598d5fa7afe7f22bf2,results/aida-tng/L35n1080_WDM3/power-spectrum/power-spectrum.combined/dm/snapshot084/science-6d7d5b5df98b/execution-9c0eeb45174c_run001.json,13d0b0f3cbec7c558f18c0a7c3c3d2c916bb0e060d37033e5506500e1668542b,f0b27c0d76155f1788d2d311ec53e97758415331c429928b7225b9564e78ea87,power-spectrum.combined,migrated
results/aida-tng/L35n1080_WDM3/dm/power-spectrum/smoothed-sphere_both/snapshot084_grid512/threads8_run001.json,36936ddcf5468edde5cff677fe3331bb90c63ca8e46eb78a64e4c76f64a4bf9d,results/aida-tng/L35n1080_WDM3/power-spectrum/power-spectrum.combined/dm/snapshot084/science-1cc68a49b683/execution-9c0eeb45174c_run001.json,79a973b00ce23eb13be7cbfe383517aed4ef24a2301d73ac9708373b869eb15b,f6fd20debe0b066b167e47879a70adcdc9ec37afb05ef595fd6c170ad03eb947,power-spectrum.combined,migrated
results/aida-tng/L35n1080_WDM3/dm/power-spectrum/smoothed-sphere_both/snapshot099_grid256/threads8_run001.json,dc95e74fb9936faa7e7c66727b2fbe7f2ee4dacf84efca1b4ca8610c5d90e3ba,results/aida-tng/L35n1080_WDM3/power-spectrum/power-spectrum.combined/dm/snapshot099/science-1e137a4434e1/execution-9c0eeb45174c_run001.json,3c95400a5deb4d2f90c9c311b8cc7037ccbdca180d3393ddba9a08aef08c27aa,e4e0abb2cad341e7506bdafbc2213c81d0f87889d442fc2506169a2051a67071,power-spectrum.combined,migrated
results/aida-tng/L35n1080_WDM3/dm/power-spectrum/smoothed-sphere_both/snapshot099_grid512/threads8_run001.json,494af7cb04c34758eb00eeae2e0241522f1a2766974ae00761eb6322983551f8,results/aida-tng/L35n1080_WDM3/power-spectrum/power-spectrum.combined/dm/snapshot099/science-3eae75e4144a/execution-9c0eeb45174c_run001.json,8c0767873bef5267ad7c67d5ce43de6daf3d11ba3a871808e2983478b3b1147b,cbfb38d5b9aaebbaa7ccab163a72ed4f887bc58caab09478d6537da1e8f75412,power-spectrum.combined,migrated
results/aida-tng/L35n1080_WDM3/dm/pylians/snapshot017_grid256/threads8_batch1_run001.json,60ebe6d5c09d2869c951343ca384c5b05f8d759a5d48e860950c912435224f5e,results/aida-tng/L35n1080_WDM3/clumping/clumping.pylians/dm/snapshot017/science-944fc6379411/execution-cd9ea581b7f7_run001.json,311795d5b71ba1bbd2eacf53b0a6537fe2400ad50e1989a072bc36ff4220f00f,b74bc165d148f841a9f8ec7c5efaac0593e9b7130a266e5e4a1e8a1d0d433cc7,clumping.pylians,migrated
results/aida-tng/L35n1080_WDM3/dm/pylians/snapshot017_grid512/threads8_batch1_run001.json,9dcc230f88bfd5a93df3b35bdc8893defda97ba7b7600a56bf1f063e46499c18,results/aida-tng/L35n1080_WDM3/clumping/clumping.pylians/dm/snapshot017/science-70c4d9f73d24/execution-97fe92315af2_run001.json,9cff5dbf9fba4c633ecc0197d63f3e559ef46ffb6555754b89a046a1e5b8fa07,5cebd641e80007504b0c41e11645022659d260875e9591d628e4191efcc888c0,clumping.pylians,migrated
results/aida-tng/L35n1080_WDM3/dm/pylians/snapshot025_grid256/threads8_batch1_run001.json,1fc71ecde15183db174fcdc860b8d9de6787b9734b023f8baa19f3a18103cd25,results/aida-tng/L35n1080_WDM3/clumping/clumping.pylians/dm/snapshot025/science-6b28cdca6fbc/execution-cd9ea581b7f7_run001.json,4431c3dbbde2301f430244f68636d270407a807e3486407dff2f9fe7d5e8fc11,283325a070878752620e5ccbed96137d7cf9470b3c65e73eb058023ca4ecbf5c,clumping.pylians,migrated
results/aida-tng/L35n1080_WDM3/dm/pylians/snapshot025_grid512/threads8_batch1_run001.json,306245a17311e206d435c53415702a794259ba2fe5e5e4f1f7737fd4c07ce969,results/aida-tng/L35n1080_WDM3/clumping/clumping.pylians/dm/snapshot025/science-cc875b8b0d01/execution-97fe92315af2_run001.json,0a19feb38b817a5dd5223ce2c4ce332e1da46be10a44f4fbca0584169c6dd673,d6abd1a331a9dbb08a2d040752689379d782100f8543d99a20d80ace7f59b151,clumping.pylians,migrated
results/aida-tng/L35n1080_WDM3/dm/pylians/snapshot033_grid256/threads8_batch1_run001.json,b0c6de6b279c6672f802371a3e1e60481e887bee41523800fc312dcc4754bb16,results/aida-tng/L35n1080_WDM3/clumping/clumping.pylians/dm/snapshot033/science-b6ac9573e3bd/execution-cd9ea581b7f7_run001.json,51b5c4ea01aa793b81691145112aaa1802bc0df3e356480b5dba278f406840d2,88c72b25ad3bdb1967e9ab6707dd7cb0aacc1ba17138505182031f1b4de4b1ad,clumping.pylians,migrated
results/aida-tng/L35n1080_WDM3/dm/pylians/snapshot033_grid512/threads8_batch1_run001.json,fc64c62b830e3252fd409f4ca0fbb68c510225b735c129c8d474b7fc46cb6f8a,results/aida-tng/L35n1080_WDM3/clumping/clumping.pylians/dm/snapshot033/science-a0965f7a3157/execution-97fe92315af2_run001.json,145695166af66e04588522d1f2f56ff67c4baa21c07e5fa40c7fabed0a22a8e1,3fefbf4a9dbf6fcd1d20046a87675ab1845c2bf9f01e4782bfe57222bae97962,clumping.pylians,migrated
results/aida-tng/L35n1080_WDM3/dm/pylians/snapshot050_grid256/threads8_batch1_run001.json,da8a7c63bc074a2661cdba889a988867f8668470d63c7f2b733fa5645347b9f6,results/aida-tng/L35n1080_WDM3/clumping/clumping.pylians/dm/snapshot050/science-9eaf3a99155d/execution-cd9ea581b7f7_run001.json,eee1abfefe1d956f606e93986c4b86bf20c89e49b32028df481fed80375ef001,fcc8b4889c1279c6ca6207819a3709933dc9d2c9f711d622e47ffd70acad4cca,clumping.pylians,migrated
results/aida-tng/L35n1080_WDM3/dm/pylians/snapshot050_grid512/threads8_batch1_run001.json,ff0e81649f65ef96749e61dee05870f1ffa5756fc6996c807eda1f6af3a173d9,results/aida-tng/L35n1080_WDM3/clumping/clumping.pylians/dm/snapshot050/science-cf306755b7d0/execution-97fe92315af2_run001.json,59f29d658258d05b68eba3c8d797da9a92e9df3468d74453fbc0d47fbd45e81d,83a3581215f832988c04de77fec7b2532da301e267f45523a2e841d55f031c5f,clumping.pylians,migrated
results/aida-tng/L35n1080_WDM3/dm/pylians/snapshot067_grid256/threads8_batch1_run001.json,07f1e15c0f4847bfe2820babd51fb7ee1f5d520cd06de9ea45af187e9bd05cf0,results/aida-tng/L35n1080_WDM3/clumping/clumping.pylians/dm/snapshot067/science-3e168ffb4acb/execution-cd9ea581b7f7_run001.json,1ee24997381ac978a6791d2f5cb857d8fe24e159660dd59138c76087cc29b4dd,ae2915315eea2bc72bc179d6c940816d12ad360f34857849afd3d6f5d76f42d4,clumping.pylians,migrated
results/aida-tng/L35n1080_WDM3/dm/pylians/snapshot067_grid512/threads8_batch1_run001.json,2eca889b30d4bc7c3c2a58379b511554c487aab221c2aa3aac643dc25cc63dd1,results/aida-tng/L35n1080_WDM3/clumping/clumping.pylians/dm/snapshot067/science-3a8299a8e8bc/execution-97fe92315af2_run001.json,b16b620d098590c09e7a7d50682ea0a9803a8d9e7a6d07db00e1a8d6f1d662f8,6b48cc3b3993b14042683a6f3fb0855035255823afdc14d53eb8f16bdc2bdd28,clumping.pylians,migrated
results/aida-tng/L35n1080_WDM3/dm/pylians/snapshot084_grid256/threads8_batch1_run001.json,a84a8d934cc36f7c29bcd2d3e7a2145e0e73113bd1d8332c30999b0d0238045f,results/aida-tng/L35n1080_WDM3/clumping/clumping.pylians/dm/snapshot084/science-429047a08201/execution-cd9ea581b7f7_run001.json,7d9733ae21f7608a630c50791c58ce065e757a6f1a344b7f586fd10ea39e2cf2,94d6bae47e92fec312d33d8341e640a5670ad9eb2432c3360b0969036176b5b4,clumping.pylians,migrated
results/aida-tng/L35n1080_WDM3/dm/pylians/snapshot084_grid512/threads8_batch1_run001.json,c56320ddef5259edce918105a1cf88fd2d0725522e3b36472b070333400ed7dc,results/aida-tng/L35n1080_WDM3/clumping/clumping.pylians/dm/snapshot084/science-507dba41f721/execution-97fe92315af2_run001.json,f8f0ffabcdc1b20d5b32e5fe53fa8716cbbcdb587d8aed5b9122d4e288b18870,b0da794ba9e90fe4bee340e4e26f1920809afc4539935d16f502ca45312ccc66,clumping.pylians,migrated
results/aida-tng/L35n1080_WDM3/dm/pylians/snapshot099_grid256/threads8_batch1_run001.json,739663ff1c5a0137a69f4c5b73dc255a90392ad2a208e0b636ad50709172b8e5,results/aida-tng/L35n1080_WDM3/clumping/clumping.pylians/dm/snapshot099/science-e530532d30d5/execution-cd9ea581b7f7_run001.json,6a4a3b29a1a00abf98a8821ee4cc0ca757e3a7e03f1909a93d397a6711118368,e0065aac1f49ef9747306d4306be3697c43975120bbbe0a8d83b772a57fe1d31,clumping.pylians,migrated
results/aida-tng/L35n1080_WDM3/dm/pylians/snapshot099_grid512/threads8_batch1_run001.json,68eaf8ae5de88b82c8e1c75488285ff631b4a85e753b64ff14859c00f1506862,results/aida-tng/L35n1080_WDM3/clumping/clumping.pylians/dm/snapshot099/science-a0e4a761a9d7/execution-97fe92315af2_run001.json,fbee84f6f03a1a54884fe76920925e2809e9954db7daeca65a348ea5284cd3e6,797363a58360a2c13422a59a291e08c917ec9df3aab0dd8ad6e072741ca511cd,clumping.pylians,migrated
results/aida-tng/L35n1080_WDM3/gas/cube/snapshot017_grid256/threads8_batch1_run001.json,72bc52164ddf88770b10267a98183ec5f62dc23f3a26e86d35bb7dd491260f48,results/aida-tng/L35n1080_WDM3/clumping/clumping.cube/gas/snapshot017/science-3663b31f79a9/execution-97fe92315af2_run001.json,e6afcba00a88eb1f9ee9dbd94d5ca911c778460cf4b1abf5600bbe0530190bf6,8ecbe38179de1f2cd254574836d7eb7f2853700aefaceaaa0264a3f432da51e8,clumping.cube,migrated
results/aida-tng/L35n1080_WDM3/gas/cube/snapshot017_grid512/threads8_batch1_run001.json,77cdb66d4d528af4d1b68d343443fce187c0eeed63927637960a5cb3a2bf6478,results/aida-tng/L35n1080_WDM3/clumping/clumping.cube/gas/snapshot017/science-2d1483fc1bf3/execution-7f2a6ce7505e_run001.json,12e08c126145a23976327525471d76bcf5d949830783c64c81df2fac31428e57,e186b2c23ea4397b7163c35658758795a9ec63083d3ea7552bf3aeaf4edf45bd,clumping.cube,migrated
results/aida-tng/L35n1080_WDM3/gas/cube/snapshot099_grid256/threads8_batch1_run001.json,09db08be5db824342c33723a520dd1bbc294898a4039b7305e3c0a894b166b46,results/aida-tng/L35n1080_WDM3/clumping/clumping.cube/gas/snapshot099/science-095e81d42f58/execution-97fe92315af2_run001.json,cab9eec6812f4bf474ff9a0a2a8bbf5142d6d3c80226aaf2cf7c43cefa70c9ed,fe382f3d7dc3572c2d70471fd9fe0d574f1eae4a2fec721440ffcec87faabbea,clumping.cube,migrated
results/aida-tng/L35n1080_WDM3/gas/cube/snapshot099_grid512/threads8_batch1_run001.json,f033aebebb19e2f1f8e636cd3961e8bbe51fbd35e6f45f2f1551593482b99f04,results/aida-tng/L35n1080_WDM3/clumping/clumping.cube/gas/snapshot099/science-7d10b797f705/execution-7f2a6ce7505e_run001.json,60cc11ac5793489b5b07eceeafa8f820f78917731dd5f7564ec146445cb6a154,2b5ff354015a531a7243c685f00d4dff2eba963ec3ab2a83f21fcb77c2f6567e,clumping.cube,migrated
results/aida-tng/L35n1080_WDM3/gas/ionized-sweep/snapshot017_nogrid/threads1_batch1_run001.json,3f21daab92c533dd6a04b1038eb739f395077533d23a2e46932c03ae5563eb78,results/aida-tng/L35n1080_WDM3/alternative/alternative.ionized-sweep/gas/snapshot017/science-954d63724d6d/execution-58def760728d_run001.json,9d5740f2274400a1aa41acfa2fb6dea130e2be3dbe4d17e3ce4707e654b0e41a,0fdc917230231b35a577b42affadd9a6909442afc4808f999e98794a6f5dcbc4,alternative.ionized-sweep,migrated
results/aida-tng/L35n1080_WDM3/gas/ionized-sweep/snapshot099_nogrid/threads1_batch1_run001.json,c8b97aa419b9bb3d1d50b0f3ee6f75e3096a696dc7ff5949ba1c8890d01292cf,results/aida-tng/L35n1080_WDM3/alternative/alternative.ionized-sweep/gas/snapshot099/science-954d63724d6d/execution-58def760728d_run001.json,1c7e7955047789be46a6ff937bf61820aecd7c66a88704b3a7fb5570d12f834f,0e56950f33446a1656deabe3a0b2bcfceacfa2e7e2d2867c9ecb1b2e356f6563,alternative.ionized-sweep,migrated
results/aida-tng/L35n1080_WDM3/gas/power-spectrum/mas-only_both/snapshot017_grid256/threads8_run001.json,8352b2df59a72b5a8f8deec1d95b9817811b9f83e7c9f58829c69a7e83e7b52d,results/aida-tng/L35n1080_WDM3/power-spectrum/power-spectrum.combined/gas/snapshot017/science-5c94ebe2dcc6/execution-dad87b62e8e5_run001.json,0b4fc6fb05ebfd57a6ed43f725aa8decfc4426a2e303cdb270dbe194d1c4dd65,4f44a2b304004fbb181ab2089bcea1b514d9279d20fe5ce5e633c94a722f7d95,power-spectrum.combined,migrated
results/aida-tng/L35n1080_WDM3/gas/power-spectrum/mas-only_both/snapshot017_grid512/threads8_run001.json,254bd719bc6a7f05d0c88b05b9b16cd174c8a7ae688a1cc5b516966d90949304,results/aida-tng/L35n1080_WDM3/power-spectrum/power-spectrum.combined/gas/snapshot017/science-9febc2ddcbc1/execution-dad87b62e8e5_run001.json,cada904a0ca778bafa087b317b78610e5e3aac1d7f7b881765ef9d2562265420,3966899533d774d9bfee1041349b537dd3fff2ae9fa3f8f1cadafb0338a44137,power-spectrum.combined,migrated
results/aida-tng/L35n1080_WDM3/gas/power-spectrum/mas-only_both/snapshot025_grid256/threads8_run001.json,6a8caeead636563fc563caa3394d5d7ec22f3d015264208714ee34c058f9035b,results/aida-tng/L35n1080_WDM3/power-spectrum/power-spectrum.combined/gas/snapshot025/science-040c36f1489d/execution-dad87b62e8e5_run001.json,d7b8c1587a7aa0afbbf49511f077ce773026ef126cb7eadf7fe2e4efb5c3001b,d57fb139ad82be40a0e1eb48ba99275a49068f2e4213b18b576f38e3463847ab,power-spectrum.combined,migrated
results/aida-tng/L35n1080_WDM3/gas/power-spectrum/mas-only_both/snapshot025_grid512/threads8_run001.json,9c794472682040ee80e500edf2d24b79868701e9758000ae3113d4c31dfdbad8,results/aida-tng/L35n1080_WDM3/power-spectrum/power-spectrum.combined/gas/snapshot025/science-6b847a406dd7/execution-dad87b62e8e5_run001.json,6cff64fe7fb0709ec5d58910e6757670c7bd456373f02a83425ecb21c10e801a,1b9824d07be348d16a96d5f4bb54b9b7ce98d88c00698dd86ead047d2361b48c,power-spectrum.combined,migrated
results/aida-tng/L35n1080_WDM3/gas/power-spectrum/mas-only_both/snapshot033_grid256/threads8_run001.json,16e25df63e572364de6f08324614805fbdd3f0edd964d09d99758d16b740fed8,results/aida-tng/L35n1080_WDM3/power-spectrum/power-spectrum.combined/gas/snapshot033/science-2aa68ef72d0c/execution-dad87b62e8e5_run001.json,39d1ec6bf84d10ce11fb9d983725fa9bf0c6312abb6e9274ccaf0310d3fedf48,7087649bae813f87dc430732900c2ae0917c84667cfeaffbcf869bd5ed602cda,power-spectrum.combined,migrated
results/aida-tng/L35n1080_WDM3/gas/power-spectrum/mas-only_both/snapshot033_grid512/threads8_run001.json,7e7124964b2c96e21393f8590ef6a942d55865b45610557b37793efe5dc257c1,results/aida-tng/L35n1080_WDM3/power-spectrum/power-spectrum.combined/gas/snapshot033/science-278948af1087/execution-dad87b62e8e5_run001.json,849a836eba85c5b786e4270d524fd135d9f9182f2ec29a2029f5c235ccb948b0,383381caecbb9fe0a7e280fa3745fd58c6aba1bbf212d94a98bddc071ea9ae7b,power-spectrum.combined,migrated
results/aida-tng/L35n1080_WDM3/gas/power-spectrum/mas-only_both/snapshot050_grid256/threads8_run001.json,20848c72f3a44c4021e6e4359a203dbb4017514cb8c75abde6bcf75edd1da252,results/aida-tng/L35n1080_WDM3/power-spectrum/power-spectrum.combined/gas/snapshot050/science-3c5978182511/execution-dad87b62e8e5_run001.json,d963dc4f2f7f9c21ac7b04213e2044c1bf08c00b10939ebd290b98ad31649a49,550c2ebfaeb6b85cc55798ecdb564ed26bc0105df260f207578d7922a1689140,power-spectrum.combined,migrated
results/aida-tng/L35n1080_WDM3/gas/power-spectrum/mas-only_both/snapshot050_grid512/threads8_run001.json,a50ca9ce977b98611c018ab7bc80bc7701e7fe022f9eea20685e011833aea9ed,results/aida-tng/L35n1080_WDM3/power-spectrum/power-spectrum.combined/gas/snapshot050/science-e8368a0eecad/execution-dad87b62e8e5_run001.json,bc7c6f26f78ec17a09d3186c92e57d0c9109941958a3230fe654ae4bb89717c4,8c2f4385dbb3077024cc1ccfcaeeda6c1f5753299407070a41b8f6944f51f5d4,power-spectrum.combined,migrated
results/aida-tng/L35n1080_WDM3/gas/power-spectrum/mas-only_both/snapshot067_grid256/threads8_run001.json,0d1a861ce6c68ae3ef74bea5a48b20152eeb60cd9920a60e41932a27ea4317c2,results/aida-tng/L35n1080_WDM3/power-spectrum/power-spectrum.combined/gas/snapshot067/science-de707a05f1ec/execution-dad87b62e8e5_run001.json,5082bec1d2926239e477886dd1a19cbf1ad811d2340c3beb1095e096041e76c3,92d7afd0d44acd9f39a65948eaa93d6db42ab529aa7c9344ea259dce55edea40,power-spectrum.combined,migrated
results/aida-tng/L35n1080_WDM3/gas/power-spectrum/mas-only_both/snapshot067_grid512/threads8_run001.json,ce2c859510052d66b384fb2ae76a12861730a63502419ea1e0e326ade5404e57,results/aida-tng/L35n1080_WDM3/power-spectrum/power-spectrum.combined/gas/snapshot067/science-81efaedcfa72/execution-dad87b62e8e5_run001.json,fb31ac5770ae8787441cf327458b9b748b3c562bdc472be22227fafb1f10aba9,2c2671736f5d09775db65fcf5aeee3e387cf0ad7c6f04648f0ef41315323fced,power-spectrum.combined,migrated
results/aida-tng/L35n1080_WDM3/gas/power-spectrum/mas-only_both/snapshot084_grid256/threads8_run001.json,2062711db1f9c8e42b75b3e01a902202e13f093dcfe3d795dd13d514e0b56177,results/aida-tng/L35n1080_WDM3/power-spectrum/power-spectrum.combined/gas/snapshot084/science-faaf3dfb8105/execution-dad87b62e8e5_run001.json,41307f1bc56074f11d8e77394dcf76e2a848333db9449f022c5ac10422a3aeb8,546d83ee6fb49e486f3272a1da38ea80d183e3dba7fe8ee71e0a747d17c121ce,power-spectrum.combined,migrated
results/aida-tng/L35n1080_WDM3/gas/power-spectrum/mas-only_both/snapshot084_grid512/threads8_run001.json,a2ba04819e5e5d73bc25c31d6e6baf1dff80f736f39577abe9300ab2a6acee9a,results/aida-tng/L35n1080_WDM3/power-spectrum/power-spectrum.combined/gas/snapshot084/science-2c8b88a7ea55/execution-dad87b62e8e5_run001.json,0eaddf8dfc6379c6d351934e654db7f04857afeaf12ae07f691649e3966ca9d3,31a6f17f36a627c3433a686e9ac9bcc5a76da1b3758730daa3fb9bc2d87c8b64,power-spectrum.combined,migrated
results/aida-tng/L35n1080_WDM3/gas/power-spectrum/mas-only_both/snapshot099_grid256/threads8_run001.json,fc95db89c78d25f447454da063f79d8014109de0ad0d178fec351823af19ebc1,results/aida-tng/L35n1080_WDM3/power-spectrum/power-spectrum.combined/gas/snapshot099/science-5e1b1d07034e/execution-dad87b62e8e5_run001.json,7e968da15385001db8dcc6efef069faf433f90ee94d3eea5ad556b8ed09b0fd8,70d156de0fda9ec4196738a2332a6d61c3589e79e8a762fffc716b58e107f36d,power-spectrum.combined,migrated
results/aida-tng/L35n1080_WDM3/gas/power-spectrum/mas-only_both/snapshot099_grid512/threads8_run001.json,6cc0ca70078a7916df34d0b968838ab054aabce7531d3e46b6bdd9e96d989f4a,results/aida-tng/L35n1080_WDM3/power-spectrum/power-spectrum.combined/gas/snapshot099/science-d59b2ee36462/execution-dad87b62e8e5_run001.json,92f2403c959d817b9902360cab68af61b2aee363efd8bd1a8a6ecf16d434f233,95c00001f6802e0c87b217ec68d8f5d0d7550857052e871b0d7465f05d56eb44,power-spectrum.combined,migrated
results/aida-tng/L35n1080_WDM3/gas/power-spectrum/smoothed-pylians_both/snapshot017_grid256/threads8_run001.json,8dd317bbfd86a7fc4b9c17fc9f25efb1304f0d039ad749a99fa6dad693dfba55,results/aida-tng/L35n1080_WDM3/power-spectrum/power-spectrum.combined/gas/snapshot017/science-6caa92489480/execution-9c0eeb45174c_run001.json,d9ea53a78d9bbc5318cc7fa7fb49b33a9230ad5fcf53dbce916aa23a5a3ef572,f2a91afa0a5ebe685231891251c5511bc61b4596a1f99f2ecb66943404c064f0,power-spectrum.combined,migrated
results/aida-tng/L35n1080_WDM3/gas/power-spectrum/smoothed-pylians_both/snapshot017_grid512/threads8_run001.json,e49e4a4f5b17d862321b9dd93bb9206ad531b3ead25f8c184eb5905f88093b3b,results/aida-tng/L35n1080_WDM3/power-spectrum/power-spectrum.combined/gas/snapshot017/science-4ccb906dfad2/execution-9c0eeb45174c_run001.json,27938c37ced57df4b2905e26f36f343703f8ba698f5b39bd6e8bd4808122f571,08652b0117d5c5036d1cdf760ab8407c8c1efd1122d1218ece5feefc71f4e106,power-spectrum.combined,migrated
results/aida-tng/L35n1080_WDM3/gas/power-spectrum/smoothed-pylians_both/snapshot025_grid256/threads8_run001.json,9ad13d690ebe426ffdf019f3bd6156b9a763d255ee3d16301655cb9b7f293e7a,results/aida-tng/L35n1080_WDM3/power-spectrum/power-spectrum.combined/gas/snapshot025/science-a20f8792649c/execution-9c0eeb45174c_run001.json,2025b629c077dd32abec80b8d0866d1c67e0a7830aec5c955bfb709109276eb1,bf68eb860f514643c275297929d9ce746a805ccdf40eb18a31b91433d3714dec,power-spectrum.combined,migrated
results/aida-tng/L35n1080_WDM3/gas/power-spectrum/smoothed-pylians_both/snapshot025_grid512/threads8_run001.json,af4ed360b154d879e68daaf984d2d4be979b6d900b470a426d6edc8d4ebae16e,results/aida-tng/L35n1080_WDM3/power-spectrum/power-spectrum.combined/gas/snapshot025/science-469e111d83c1/execution-9c0eeb45174c_run001.json,8dc3519380155ab819d17bb02871342c9a2b69e2d13161b27c54048231cacf6f,b23132e90c25244cc6140db4fb0478526862a6877d93f3ea7c901c4eee9af646,power-spectrum.combined,migrated
results/aida-tng/L35n1080_WDM3/gas/power-spectrum/smoothed-pylians_both/snapshot033_grid256/threads8_run001.json,c7c951255a43226b05941ad3b121a1a19f4b8854cd7356183b13d25221cc6695,results/aida-tng/L35n1080_WDM3/power-spectrum/power-spectrum.combined/gas/snapshot033/science-ef5a5a52c1ae/execution-9c0eeb45174c_run001.json,068f44f6be46fd68a2bb6b5a173ba6dca0ec3603baf5e2c5317060dcb2938836,2cdd23c0f25f765885dbd40a14e574f649a1974914d3f6a0064f96c230fee101,power-spectrum.combined,migrated
results/aida-tng/L35n1080_WDM3/gas/power-spectrum/smoothed-pylians_both/snapshot033_grid512/threads8_run001.json,b2967d4e88483e14c2545cf8b51d1a2d2001d6ab928c91b1fa44592cfac5a1d1,results/aida-tng/L35n1080_WDM3/power-spectrum/power-spectrum.combined/gas/snapshot033/science-b00aa906abe6/execution-9c0eeb45174c_run001.json,f022805baa8d0ed6070f0a38035ec2796f1a74cd2049d51c127918362f5c2a3b,d86a54be0245ff0ca61448fbc7ad6a9c9675df94dd6ca67cfbf8a2c9aa718684,power-spectrum.combined,migrated
results/aida-tng/L35n1080_WDM3/gas/power-spectrum/smoothed-pylians_both/snapshot050_grid256/threads8_run001.json,509806722b3ca2a348ac8b980fbb5a0f775d063a1301df5826b09f69f8d11f15,results/aida-tng/L35n1080_WDM3/power-spectrum/power-spectrum.combined/gas/snapshot050/science-103aa90e7f3e/execution-9c0eeb45174c_run001.json,15379c28c03272da9aabebeb86a8ccdd72f96bd11e8fa1bc1c92dde27b5ad2ec,7a93c7c9571583e94a6bdb4d03592ea1041ad7d2dfca11484f3603643ed5dbb4,power-spectrum.combined,migrated
results/aida-tng/L35n1080_WDM3/gas/power-spectrum/smoothed-pylians_both/snapshot050_grid512/threads8_run001.json,5a57df3078959ee63b9ddf8c554b06a0bd71905c8716753d7bbf28f6e011eac6,results/aida-tng/L35n1080_WDM3/power-spectrum/power-spectrum.combined/gas/snapshot050/science-576d8b9735b8/execution-9c0eeb45174c_run001.json,fbfcd8dc84e2fd6c807863a040e2c30ebfd8ed80c83fdaa2bd1bbf13210144a9,4b9a9f80107ab74294ad196e455c7577abfd8512bcc66862fe77d793e17bc9f0,power-spectrum.combined,migrated
results/aida-tng/L35n1080_WDM3/gas/power-spectrum/smoothed-pylians_both/snapshot067_grid256/threads8_run001.json,f516919ec75d77eca07bdbf0ba22a326b6fa0431ea70dbb36a214b3532d31b8a,results/aida-tng/L35n1080_WDM3/power-spectrum/power-spectrum.combined/gas/snapshot067/science-e5498f7e5b98/execution-9c0eeb45174c_run001.json,96ff8d866f0f1585805db320afb5488a9f96678111d15e5887eeb3e3af16ee2c,f0c59de8ea595226304ab8743f9954ba385f8bedb05770b2dd10fc380e4ec023,power-spectrum.combined,migrated
results/aida-tng/L35n1080_WDM3/gas/power-spectrum/smoothed-pylians_both/snapshot067_grid512/threads8_run001.json,224309934078ba3445fdea6c887cc9297b089e93d4eb295763209492eaef3059,results/aida-tng/L35n1080_WDM3/power-spectrum/power-spectrum.combined/gas/snapshot067/science-6d7bceccd9d7/execution-9c0eeb45174c_run001.json,0679403a65c7a3da5253245fbc8115558eb333da41c87bb932fcdc0262f20908,f6024b74a0393f7483b5db38c11ca5ee16ccbb9fe722035980bfdf90794e3f43,power-spectrum.combined,migrated
results/aida-tng/L35n1080_WDM3/gas/power-spectrum/smoothed-pylians_both/snapshot084_grid256/threads8_run001.json,f6481cde573f6b49f252b58ccf7aa7e5192b583c2499923924aa94d2e7289550,results/aida-tng/L35n1080_WDM3/power-spectrum/power-spectrum.combined/gas/snapshot084/science-c33ce2550d85/execution-9c0eeb45174c_run001.json,951108797c3e1e2839a3bcaeb8b7d70e0d90c6739a8b7ead147b1e995a550fe4,1b3bb6ffb38eae5e39acfacb36962bb9a9f176feea4839acd9c72ec97851cebc,power-spectrum.combined,migrated
results/aida-tng/L35n1080_WDM3/gas/power-spectrum/smoothed-pylians_both/snapshot084_grid512/threads8_run001.json,9b7bbf45b0319c285ff09ed4130f046cfdc755c58dcbcbc9f340b19b2cd28ec5,results/aida-tng/L35n1080_WDM3/power-spectrum/power-spectrum.combined/gas/snapshot084/science-9bc0a315c8d5/execution-9c0eeb45174c_run001.json,c2925f8204586af235275b8c27f55db4e0344dfd1d8f6198299961628b592dca,3396608ba01d443f91262968d7b0c845fb7b8760b0db628f83280208abd34e60,power-spectrum.combined,migrated
results/aida-tng/L35n1080_WDM3/gas/power-spectrum/smoothed-pylians_both/snapshot099_grid256/threads8_run001.json,0f51f15e134d95372e0c97279a90d79ceab52a74a68865dfd929e35b0fe99a61,results/aida-tng/L35n1080_WDM3/power-spectrum/power-spectrum.combined/gas/snapshot099/science-39a262d9fd80/execution-9c0eeb45174c_run001.json,6775e08ef71c2169ed2c178227629478e1e63425b67445dde6736fc88f862e9f,9869687e6fb8625793a47a4105e73760a4976a086894dc48d2dc175e5f9e440e,power-spectrum.combined,migrated
results/aida-tng/L35n1080_WDM3/gas/power-spectrum/smoothed-pylians_both/snapshot099_grid512/threads8_run001.json,5ab9e22b5be509f2d2c0007c8f65e58ef55a43b5f6675566e1096e2fe0793336,results/aida-tng/L35n1080_WDM3/power-spectrum/power-spectrum.combined/gas/snapshot099/science-d74af354273a/execution-9c0eeb45174c_run001.json,10ab99e620f9ba1f18b50e264210d4f36c4455f3c40a8e41e70f02505d01581b,a147e5b74ea050ce33de5c9fee529b62be4f4f7e048383f86fcc8b1dc90816cb,power-spectrum.combined,migrated
results/aida-tng/L35n1080_WDM3/gas/power-spectrum/smoothed-sphere_both/snapshot017_grid256/threads8_run001.json,897758e0caf98b5bf4cccef72a66eac02ef976a733705460ebc7aa5900ad812a,results/aida-tng/L35n1080_WDM3/power-spectrum/power-spectrum.combined/gas/snapshot017/science-429ae7874a81/execution-9c0eeb45174c_run001.json,c0059db136dd73d6cfae90852cd2956884d1cb2e1125a860c00d043adb572fb2,0eba80be9e71f6532d41c77720d29a90d8bbd73a750cfb79dcd16d5d820a9294,power-spectrum.combined,migrated
results/aida-tng/L35n1080_WDM3/gas/power-spectrum/smoothed-sphere_both/snapshot017_grid512/threads8_run001.json,2804ce0eae26fc839634e67862b9fabac53b8c8a6a332ff1820870c9720d2dfd,results/aida-tng/L35n1080_WDM3/power-spectrum/power-spectrum.combined/gas/snapshot017/science-0826cd4d0d2e/execution-9c0eeb45174c_run001.json,7985b9515ae98dd31e3b856b3e6580473a31c91a43d13b97fac65ce80fb47b42,3eff23b10e9ba56201a5aeae3feaac5446c5233fffef92ed6a730da77f2192f9,power-spectrum.combined,migrated
results/aida-tng/L35n1080_WDM3/gas/power-spectrum/smoothed-sphere_both/snapshot025_grid256/threads8_run001.json,e9956e5174d04df13869883fd9868e0e48ce6c47ee644ff0ba10ee7cd5be6ef0,results/aida-tng/L35n1080_WDM3/power-spectrum/power-spectrum.combined/gas/snapshot025/science-39e2f6fbf330/execution-9c0eeb45174c_run001.json,08e8f4f288fd2884386ab3bd37528fe6752a11b6cd6ce6b325e7661a650d309e,96eccf49b575b0a793bccaa0ec4dad2a90b5327841db306f0050b15515aa94b6,power-spectrum.combined,migrated
results/aida-tng/L35n1080_WDM3/gas/power-spectrum/smoothed-sphere_both/snapshot025_grid512/threads8_run001.json,c59fc41fb7a466979d4cee667dea4618a99781f5bd66bcbdf38bcdf31cbaaf79,results/aida-tng/L35n1080_WDM3/power-spectrum/power-spectrum.combined/gas/snapshot025/science-176c296ab564/execution-9c0eeb45174c_run001.json,bd222e5545cbab70ba815d04068955a6c8aabe36c1456588d9956f2fd12d4032,57ee4132a18c7a3910e2f8301b8e14893f9bf2c06071d12dff1e44ec24163550,power-spectrum.combined,migrated
results/aida-tng/L35n1080_WDM3/gas/power-spectrum/smoothed-sphere_both/snapshot033_grid256/threads8_run001.json,e596633e1b9fdb251cd74c9dcca313d8c1e6ebbcb8ebf64f5d889fcdf9f177b0,results/aida-tng/L35n1080_WDM3/power-spectrum/power-spectrum.combined/gas/snapshot033/science-92e3b46c597c/execution-9c0eeb45174c_run001.json,eaae2e3f82c8f3c4636292e8c626bc3047ab3338fb979fd99d05f31585cff43a,44ff2342a3607c1427d0b50b150bd9d42c73f8836937c2c4ee58071085650ae2,power-spectrum.combined,migrated
results/aida-tng/L35n1080_WDM3/gas/power-spectrum/smoothed-sphere_both/snapshot033_grid512/threads8_run001.json,a284f542cb79aa5dbae4b9950b88212e904393f417fabb7bccd175c98b90636c,results/aida-tng/L35n1080_WDM3/power-spectrum/power-spectrum.combined/gas/snapshot033/science-08f005a2ffea/execution-9c0eeb45174c_run001.json,d9c785ebc779ecc01dfa8d3f427df7ff589eadf95372275fff830c78f39c11f7,58903718af6c1862471899d06b16318b57f2ce548e5ec7692195490c1c014df1,power-spectrum.combined,migrated
results/aida-tng/L35n1080_WDM3/gas/power-spectrum/smoothed-sphere_both/snapshot050_grid256/threads8_run001.json,ae0dc1c487158713109fc781e016ae3269049d8dcd4f6a7d1c3236b5055fdff6,results/aida-tng/L35n1080_WDM3/power-spectrum/power-spectrum.combined/gas/snapshot050/science-6be0fdc5e356/execution-9c0eeb45174c_run001.json,82505fc1810c63b1f492741cc278a6b017c419f5a0d9cde02d73f47ae28aa27a,bd3a6bd8f507b80213508f1b7d5ad724dda4614e81ae43a5991f579587f5ce2b,power-spectrum.combined,migrated
results/aida-tng/L35n1080_WDM3/gas/power-spectrum/smoothed-sphere_both/snapshot050_grid512/threads8_run001.json,7db937224200fa8f047dfe903ea90d44dee131fd09cf10e50404debfe682c340,results/aida-tng/L35n1080_WDM3/power-spectrum/power-spectrum.combined/gas/snapshot050/science-b53afc5d8f3d/execution-9c0eeb45174c_run001.json,4709f7b0a5e2b2fb8fae73800607c2c103b29abdb05db5fc6966895afc49eef1,c73c0904259a870427361ee777f30f7e414dc9e91d2b302fdc71d1ad6e72f5c3,power-spectrum.combined,migrated
results/aida-tng/L35n1080_WDM3/gas/power-spectrum/smoothed-sphere_both/snapshot067_grid256/threads8_run001.json,7d42ceeadb919051c5284529dd09dfd8c877f45b15e00a54c3ede29c042c305a,results/aida-tng/L35n1080_WDM3/power-spectrum/power-spectrum.combined/gas/snapshot067/science-4a1d16588eeb/execution-9c0eeb45174c_run001.json,8a9fdc7f2034c182b3fb8ea6c88b3139e2ad5df5780ecc320cb803fb88964a86,bc75b0d729b6f53ecd22b39c0246988908fa02324d941f82b373ba94a76a2f4a,power-spectrum.combined,migrated
results/aida-tng/L35n1080_WDM3/gas/power-spectrum/smoothed-sphere_both/snapshot067_grid512/threads8_run001.json,ef72664fb91bf4b2ec145f84a2bd4735eae31e918be7fb883b8b1763671a54ad,results/aida-tng/L35n1080_WDM3/power-spectrum/power-spectrum.combined/gas/snapshot067/science-f61568f88d81/execution-9c0eeb45174c_run001.json,7d75ce97185b7fb616dd5d04b824a3889f0ff69bd5716794bbf2b956ba2ec75f,ad5fd7fb53da4b55c6d9567fa656e19687200cc6e5404674ee639e1b0e31447f,power-spectrum.combined,migrated
results/aida-tng/L35n1080_WDM3/gas/power-spectrum/smoothed-sphere_both/snapshot084_grid256/threads8_run001.json,925715fa62c727ad486b6c4f9890a50f6e11a4e26a6a62cdabbfef9816ec0108,results/aida-tng/L35n1080_WDM3/power-spectrum/power-spectrum.combined/gas/snapshot084/science-1e1dc7d3e8b2/execution-9c0eeb45174c_run001.json,a4639775621bdba5784cc35ca49b3fabb335ffb2ec1c3c0433df36828086604f,77696ddfea4f66d1cc499e82e8b868ee868a4cd8903748f97cbeac2458ad2ea9,power-spectrum.combined,migrated
results/aida-tng/L35n1080_WDM3/gas/power-spectrum/smoothed-sphere_both/snapshot084_grid512/threads8_run001.json,d89b1b96694db6fa8210633b3c847204260ce2d75d73a520ab6d5375515305f1,results/aida-tng/L35n1080_WDM3/power-spectrum/power-spectrum.combined/gas/snapshot084/science-0841328c48cd/execution-9c0eeb45174c_run001.json,68988ffc7c01585c6ad803587ebf778cf2df91b7feb53e1a72ba17d85fd6bb6b,9a29d6a0472e83f56ab24162b93b7d7cd9d3e40f419a89f0b48e56b93665f3b8,power-spectrum.combined,migrated
results/aida-tng/L35n1080_WDM3/gas/power-spectrum/smoothed-sphere_both/snapshot099_grid256/threads8_run001.json,5070578340e31390068c89ee940fc02e8c92cb1d011291733a67fd61911ec9e4,results/aida-tng/L35n1080_WDM3/power-spectrum/power-spectrum.combined/gas/snapshot099/science-c96d9a2ad839/execution-9c0eeb45174c_run001.json,9dec182f17c90c540ef7fe4e9f175d461f45f3731a4f487b89a4f9d74e66dd8d,62d20a6fbfc72fe50ddb79853b6298a455a157a9c2fc335c26ad494e81ce7cb5,power-spectrum.combined,migrated
results/aida-tng/L35n1080_WDM3/gas/power-spectrum/smoothed-sphere_both/snapshot099_grid512/threads8_run001.json,aa42e76ba7c28816bee807e1bdc7f67cecc1507766925eaff9810cad3f00e0dc,results/aida-tng/L35n1080_WDM3/power-spectrum/power-spectrum.combined/gas/snapshot099/science-39111e9658aa/execution-9c0eeb45174c_run001.json,a16d0c5e2540673561457743145a274e381a01d792d11a89c86625d87fe8e0bf,642ed4011eb314adcb3a2b8a7777b69583545a3e9f36ec3e9cc5fff598e3b7ba,power-spectrum.combined,migrated
results/aida-tng/L35n1080_WDM3/gas/pylians/snapshot017_grid256/threads8_batch1_run001.json,0272878e3bd80735658a41c5e82b1205fca8be2aa13c31c2f3c254405987f8ff,results/aida-tng/L35n1080_WDM3/clumping/clumping.pylians/gas/snapshot017/science-482ad0e6bfaf/execution-97fe92315af2_run001.json,ada7c8882050265e28fd6ee88582170ad0390e2a7374cf547c09f658bfeebeda,260fe24adeff6e61519f341824bc675284f8ac884b0997b7b3ed3fa476ef448c,clumping.pylians,migrated
results/aida-tng/L35n1080_WDM3/gas/pylians/snapshot017_grid512/threads8_batch1_run001.json,86cbaa74f8bb6a05bdafc31a04d72bc8d285be451de3683245d27d407025d906,results/aida-tng/L35n1080_WDM3/clumping/clumping.pylians/gas/snapshot017/science-3ac223d076ac/execution-7f2a6ce7505e_run001.json,54f69e7263b9517fbf9c557fbc45c793f4ada70a77a15d810129c31eaa9652cc,4fa5bee4794f23c4c064458cbffd3206369af4095e8bf82c3739354390b353a1,clumping.pylians,migrated
results/aida-tng/L35n1080_WDM3/gas/pylians/snapshot099_grid256/threads8_batch1_run001.json,a4afa65d628fa7169bdb44dd8d4cf553a3176858a8270eadd7788aa97f65631c,results/aida-tng/L35n1080_WDM3/clumping/clumping.pylians/gas/snapshot099/science-5732d0754567/execution-97fe92315af2_run001.json,1979eedf19287f63b3498866b8694fba690f099825af2e2f28ad76e040aca178,5e4ccff0801b5c6050afc13ddeca3b026ffcb1eba0425c05360b7891309e117c,clumping.pylians,migrated
results/aida-tng/L35n1080_WDM3/gas/pylians/snapshot099_grid512/threads8_batch1_run001.json,f6921aeb7223b049ce614d27cd822fc419748ae1ee22a9e083bb59c583a67be8,results/aida-tng/L35n1080_WDM3/clumping/clumping.pylians/gas/snapshot099/science-590bac21888e/execution-7f2a6ce7505e_run001.json,ad678216e2750de1c589a65eb457c3e230409d4dd24d1187b4748b7881180e35,08fd12d098a386851ff50b0a28d8468e337312cf8dd04b3e79f2824318d555d6,clumping.pylians,migrated
results/aida-tng/L35n1080_WDM3/gas/raw-volume/snapshot017_grid256/threads1_batch1_run001.json,d80417d175998df734e38daa0879f65595e7bd7354c588f9a68fea149e053348,results/aida-tng/L35n1080_WDM3/clumping/clumping.raw-volume-weighted/gas/snapshot017/science-7ca015b94dba/execution-83be40a864d4_run001.json,00f3940390545e604e41c2b83e23d7413f32fe25d29ea6f7ede37c5113e18b24,7838e35caf8cc62c63298158c638ce03f74475649b75895b815af80156d9db13,clumping.raw-volume-weighted,migrated
results/aida-tng/L35n1080_WDM3/gas/raw-volume/snapshot017_grid256/threads1_batch1_run001_rawmode-electron-hii.json,893df098ba46e39b09ef957f91ae5f66a079f30d18aacf089f86008d53bbfe5e,results/aida-tng/L35n1080_WDM3/clumping/clumping.raw-volume-weighted/gas/snapshot017/science-a49c35ec8aaf/execution-83be40a864d4_run001.json,72127e160658a798c15d8e97c82e011515f556478d59536446290c148909a797,cf661ae7ca7e0dd09e3803a5cfbcb06c3026c33793ba49144905be90e2f5851d,clumping.raw-volume-weighted,migrated
results/aida-tng/L35n1080_WDM3/gas/raw-volume/snapshot017_grid512/threads1_batch1_run001.json,021b6fb60d7944df5754061794be4e6bb7934ede429491185ea69ff03c8e2f0e,results/aida-tng/L35n1080_WDM3/clumping/clumping.raw-volume-weighted/gas/snapshot017/science-7ca015b94dba/execution-83be40a864d4_run001.json,00f3940390545e604e41c2b83e23d7413f32fe25d29ea6f7ede37c5113e18b24,7838e35caf8cc62c63298158c638ce03f74475649b75895b815af80156d9db13,clumping.raw-volume-weighted,deduplicated
results/aida-tng/L35n1080_WDM3/gas/raw-volume/snapshot025_grid256/threads1_batch1_run001.json,0ffae82c98c79ed73d615df82be633b8ab29d6b94f974de4b268c25eed625094,results/aida-tng/L35n1080_WDM3/clumping/clumping.raw-volume-weighted/gas/snapshot025/science-7ca015b94dba/execution-83be40a864d4_run001.json,56585b3d17e39b7636f8f8474a4a9d6be621906fd6eb98ec35ac0db0d6ec04ae,8883d09b1bd378827c552001e6bd6010e44cb3981c166e5fd54d675b82e983ab,clumping.raw-volume-weighted,migrated
results/aida-tng/L35n1080_WDM3/gas/raw-volume/snapshot025_grid512/threads1_batch1_run001.json,114328c3808033da694e321a2e691772e2a084eeb86f3b7e178c73545ec655c6,results/aida-tng/L35n1080_WDM3/clumping/clumping.raw-volume-weighted/gas/snapshot025/science-7ca015b94dba/execution-83be40a864d4_run001.json,56585b3d17e39b7636f8f8474a4a9d6be621906fd6eb98ec35ac0db0d6ec04ae,8883d09b1bd378827c552001e6bd6010e44cb3981c166e5fd54d675b82e983ab,clumping.raw-volume-weighted,deduplicated
results/aida-tng/L35n1080_WDM3/gas/raw-volume/snapshot033_grid256/threads1_batch1_run001.json,c106b5c9f08b8bf9d59a187317be805061aab0fa68ee33fbfb2aff21ad240b4b,results/aida-tng/L35n1080_WDM3/clumping/clumping.raw-volume-weighted/gas/snapshot033/science-7ca015b94dba/execution-83be40a864d4_run001.json,086a239a31050c7d00e8e9ae12f577e6b39ecd5f160dac120ebcb43e257b007d,ce3785d7be7b838f9b5d1e6f7dfdb3b3c4e48e4570f6d8d131d50a0f6c9061b1,clumping.raw-volume-weighted,migrated
results/aida-tng/L35n1080_WDM3/gas/raw-volume/snapshot033_grid512/threads1_batch1_run001.json,3a7aa9aaeae7586803b335d8f3fb2cd9395a3c9cdad21535df147a159f204674,results/aida-tng/L35n1080_WDM3/clumping/clumping.raw-volume-weighted/gas/snapshot033/science-7ca015b94dba/execution-83be40a864d4_run001.json,086a239a31050c7d00e8e9ae12f577e6b39ecd5f160dac120ebcb43e257b007d,ce3785d7be7b838f9b5d1e6f7dfdb3b3c4e48e4570f6d8d131d50a0f6c9061b1,clumping.raw-volume-weighted,deduplicated
results/aida-tng/L35n1080_WDM3/gas/raw-volume/snapshot050_grid256/threads1_batch1_run001.json,114d7c71b125e4798cca11e05e1c1b9b8eed9569d27759f8dfe28f47e0f13dd0,results/aida-tng/L35n1080_WDM3/clumping/clumping.raw-volume-weighted/gas/snapshot050/science-7ca015b94dba/execution-83be40a864d4_run001.json,a1f2007fe2119328b1b85027f10cbf9f092bdbbcd29b27ce1ace3b4cdddce6c1,997a6787333d2a60283cbcd945bb30ce2fc6de9c951beb75a62a4abe34ea138a,clumping.raw-volume-weighted,migrated
results/aida-tng/L35n1080_WDM3/gas/raw-volume/snapshot050_grid512/threads1_batch1_run001.json,262ffd9768b766f0c1db412b4aec1897c3dba7adb85c5bbfc31159492094f792,results/aida-tng/L35n1080_WDM3/clumping/clumping.raw-volume-weighted/gas/snapshot050/science-7ca015b94dba/execution-83be40a864d4_run001.json,a1f2007fe2119328b1b85027f10cbf9f092bdbbcd29b27ce1ace3b4cdddce6c1,997a6787333d2a60283cbcd945bb30ce2fc6de9c951beb75a62a4abe34ea138a,clumping.raw-volume-weighted,deduplicated
results/aida-tng/L35n1080_WDM3/gas/raw-volume/snapshot067_grid256/threads1_batch1_run001.json,ec466ed0126c0d6dac34e3d45b5d0770c395a3b2a628ce80018b627be23defec,results/aida-tng/L35n1080_WDM3/clumping/clumping.raw-volume-weighted/gas/snapshot067/science-7ca015b94dba/execution-83be40a864d4_run001.json,d0abb4741427a4de82d4e2368157cf1b3c57f9ad1792dfc798e99f14f36d22c9,1132fa86e8ad8b34e73c31ecd4e9d09e8b86976591ac7c05ff08906a411894c0,clumping.raw-volume-weighted,migrated
results/aida-tng/L35n1080_WDM3/gas/raw-volume/snapshot067_grid512/threads1_batch1_run001.json,2468597bc7f1c0efd70a1394c131c71118a1d9098ba8334bfa7b6f380d7c89ba,results/aida-tng/L35n1080_WDM3/clumping/clumping.raw-volume-weighted/gas/snapshot067/science-7ca015b94dba/execution-83be40a864d4_run001.json,d0abb4741427a4de82d4e2368157cf1b3c57f9ad1792dfc798e99f14f36d22c9,1132fa86e8ad8b34e73c31ecd4e9d09e8b86976591ac7c05ff08906a411894c0,clumping.raw-volume-weighted,deduplicated
results/aida-tng/L35n1080_WDM3/gas/raw-volume/snapshot084_grid256/threads1_batch1_run001.json,f46857c0891ef10c626a188d9d2d159c67fa612de6d10252f7d64f736ba7d670,results/aida-tng/L35n1080_WDM3/clumping/clumping.raw-volume-weighted/gas/snapshot084/science-7ca015b94dba/execution-83be40a864d4_run001.json,2a83b74cf3cb1fd4880c6aa7a05e97a0cc7146dc4d94a3a3ddf7be3ac961e6a9,f2f0569fff429200594106b41a55df10bde5af1b06fa028fd9b62e963fc98580,clumping.raw-volume-weighted,migrated
results/aida-tng/L35n1080_WDM3/gas/raw-volume/snapshot084_grid512/threads1_batch1_run001.json,dcc3235c99edd2d2f3d7f5b7d7326eb7f7f32b101a481d80605f203bca2c5146,results/aida-tng/L35n1080_WDM3/clumping/clumping.raw-volume-weighted/gas/snapshot084/science-7ca015b94dba/execution-83be40a864d4_run001.json,2a83b74cf3cb1fd4880c6aa7a05e97a0cc7146dc4d94a3a3ddf7be3ac961e6a9,f2f0569fff429200594106b41a55df10bde5af1b06fa028fd9b62e963fc98580,clumping.raw-volume-weighted,deduplicated
results/aida-tng/L35n1080_WDM3/gas/raw-volume/snapshot099_grid256/threads1_batch1_run001.json,7e2b0d094c3831d701f355f8c06d822c1c82ae88778257cfbb3cc78aede95cbf,results/aida-tng/L35n1080_WDM3/clumping/clumping.raw-volume-weighted/gas/snapshot099/science-7ca015b94dba/execution-83be40a864d4_run001.json,a7e4201c0b20a971ac350db7bf825f239ef91a567637dc6b555d8af5df491e0a,d2ccdd3933a1adfae1213ffc4cd11540dd53f884e619b851188031c8f3748c0f,clumping.raw-volume-weighted,migrated
results/aida-tng/L35n1080_WDM3/gas/raw-volume/snapshot099_grid256/threads1_batch1_run001_rawmode-electron-hii.json,6b56bc67cd3b1c5247059fea3a28d9caa08078f14c376ecd69568daf9c454ee7,results/aida-tng/L35n1080_WDM3/clumping/clumping.raw-volume-weighted/gas/snapshot099/science-a49c35ec8aaf/execution-83be40a864d4_run001.json,962c8f717d8950368350894b48b331d81cb17d511553aeed5c3f057380f78535,8ef1a47483fc5fa07017a62023d8a960a80e2ea6acc2d9c95c00970a1265614a,clumping.raw-volume-weighted,migrated
results/aida-tng/L35n1080_WDM3/gas/raw-volume/snapshot099_grid512/threads1_batch1_run001.json,d36eeb0ef54985a25af1b1af16f679c5520c5a33b6a6b0e8c7c97237e2f7620f,results/aida-tng/L35n1080_WDM3/clumping/clumping.raw-volume-weighted/gas/snapshot099/science-7ca015b94dba/execution-83be40a864d4_run001.json,a7e4201c0b20a971ac350db7bf825f239ef91a567637dc6b555d8af5df491e0a,d2ccdd3933a1adfae1213ffc4cd11540dd53f884e619b851188031c8f3748c0f,clumping.raw-volume-weighted,deduplicated
results/aida-tng/L35n1080_WDM3/gas/sphere/snapshot017_grid256/threads8_batch1_run001.json,4ebc0ceffeaa24bdf2e6b1fb2163c2d02f3c3e3733352a1f5b3d37d41c09ef08,results/aida-tng/L35n1080_WDM3/clumping/clumping.sphere/gas/snapshot017/science-6fe6080b2015/execution-97fe92315af2_run001.json,536fbe0da71d5b81bfc5a0fcf02c3a1e33891b1c0fa3e9421000e74101551b0a,56b30e2c0f6d3e0e2263415f4338753ce0bea87f98bc9f02e57bc24ffe4f2cc8,clumping.sphere,migrated
results/aida-tng/L35n1080_WDM3/gas/sphere/snapshot017_grid512/threads8_batch1_run001.json,17ed6c60a1d3dc119f7d630e00d759a233c07c7aac43beba4baee6d61c30394d,results/aida-tng/L35n1080_WDM3/clumping/clumping.sphere/gas/snapshot017/science-21d2b52c3d23/execution-7f2a6ce7505e_run001.json,b826d1ee0f6df4cfcc07b7794e6ba140372bd3b44f17da5aa60b0244c09a960f,d569bcc620941952091e6774ea367587b9796b476b9d22567ec90ac44b390caa,clumping.sphere,migrated
results/aida-tng/L35n1080_WDM3/gas/sphere/snapshot099_grid256/threads8_batch1_run001.json,223bd7b4e18a7cb82fcbd971956b77bc5f58e94447caeed7cc423bc175561199,results/aida-tng/L35n1080_WDM3/clumping/clumping.sphere/gas/snapshot099/science-4e0f92eab0b7/execution-97fe92315af2_run001.json,20a306656e6c8cb1357b4db7b3c056e525a9fcbef2de0e7926657fc8260b974f,7c359d4a20448a385b7c2cba102ace4be38275db485e0dbc9b3488d60cad3079,clumping.sphere,migrated
results/aida-tng/L35n1080_WDM3/gas/sphere/snapshot099_grid512/threads8_batch1_run001.json,18f14b62a890df00a3db12249b6056c0115839864a7280fd557ca325c0f7975e,results/aida-tng/L35n1080_WDM3/clumping/clumping.sphere/gas/snapshot099/science-e779b554284e/execution-7f2a6ce7505e_run001.json,0499340d9a3544f895019849a1e30f9bf6f7bebbab5c9f97556981a79d9da816,429ab34fd3271897b1340999fbf383249e86205d8d8e341405b832a3e841ebc4,clumping.sphere,migrated
results/aida-tng/L35n1080_vSIDM/dm/power-spectrum/mas-only_both/snapshot017_grid256/threads8_run001.json,d59a53f72f0754b58f843d3ae639bb6eb1408e618697a50b3fed6abc5a9cef3f,results/aida-tng/L35n1080_vSIDM/power-spectrum/power-spectrum.combined/dm/snapshot017/science-c3cd898403ed/execution-dad87b62e8e5_run001.json,2cc9b94a1a1b56c0a9b1fbf91e49a5d41f4633c4be6c60981ad397707109a3e1,12dde8c94aba2db4007115149b998795c58b88f4fcb77a8faac2e553e0921096,power-spectrum.combined,migrated
results/aida-tng/L35n1080_vSIDM/dm/power-spectrum/mas-only_both/snapshot017_grid512/threads8_run001.json,9d78958f70ca1a181f3916de573ab27242fd176a0e302f4eebac5366b73c4b2d,results/aida-tng/L35n1080_vSIDM/power-spectrum/power-spectrum.combined/dm/snapshot017/science-dcd38981e2f9/execution-dad87b62e8e5_run001.json,222524a95dcdedb097999c92b73415cd791e2ee1dc3538990568ed9aa5117a6a,488ef2981c104fb3a01e13af13680c9cb67fd53a51f63e4aeecd789d28233a56,power-spectrum.combined,migrated
results/aida-tng/L35n1080_vSIDM/dm/power-spectrum/mas-only_both/snapshot025_grid256/threads8_run001.json,d1106b4cb23582c8a82fa21f978eda7a53b22cf2ec7bafce107ba359186db950,results/aida-tng/L35n1080_vSIDM/power-spectrum/power-spectrum.combined/dm/snapshot025/science-9b7a93c9851b/execution-dad87b62e8e5_run001.json,1d93df65f694c458796da4bfdb99a9144dc9798757eaa76e8049a0d9fe6d15a2,2cd6d92f9c308e3b4b25b9086a0280b617205903d2e9071a759ff33c06c3850e,power-spectrum.combined,migrated
results/aida-tng/L35n1080_vSIDM/dm/power-spectrum/mas-only_both/snapshot025_grid512/threads8_run001.json,6354632679dfe85060f233d7166d9df86f67522d069d7988586ad4e8295ccf03,results/aida-tng/L35n1080_vSIDM/power-spectrum/power-spectrum.combined/dm/snapshot025/science-d11f7c7372c2/execution-dad87b62e8e5_run001.json,8499d978a826c89d6b42c49ed7ec138e9c453ad26ec76b0311557221a7b167d9,b446382464687a90575335233897f06540b0f4128a5bf9d7837a2f1cc2721633,power-spectrum.combined,migrated
results/aida-tng/L35n1080_vSIDM/dm/power-spectrum/mas-only_both/snapshot033_grid256/threads8_run001.json,a3b90339e101c31c1660bfce8b35ee20ffd9674598ae104311c5fe513ae65806,results/aida-tng/L35n1080_vSIDM/power-spectrum/power-spectrum.combined/dm/snapshot033/science-91f278e3476d/execution-dad87b62e8e5_run001.json,8120550124ba4169cfe33e7f03ab602a804d1bb2d3355685b5434e0e5c5750c5,7e102481184239aedc120b9c0d3ba6e8d648a7a1ec044ee75f2ebbf906ac4dcb,power-spectrum.combined,migrated
results/aida-tng/L35n1080_vSIDM/dm/power-spectrum/mas-only_both/snapshot033_grid512/threads8_run001.json,c278c22437e30a695a5f739d3f161fb7b0563dfed018329af5e02845148301ee,results/aida-tng/L35n1080_vSIDM/power-spectrum/power-spectrum.combined/dm/snapshot033/science-5d84a247eff0/execution-dad87b62e8e5_run001.json,44c4b50684df3ea1827700fc6a5def62f899f53a4db7e827d4518f72eb5b9e04,7ca6ae7119817e5f5330eb199cd1d51dd7ddc9fe988c64a109f03191bc1dd875,power-spectrum.combined,migrated
results/aida-tng/L35n1080_vSIDM/dm/power-spectrum/mas-only_both/snapshot050_grid256/threads8_run001.json,501e0308bd33994c9879a8fd1f5f908017d13ce132fe2bb17e0569744cbd7498,results/aida-tng/L35n1080_vSIDM/power-spectrum/power-spectrum.combined/dm/snapshot050/science-cc36bf2932d5/execution-dad87b62e8e5_run001.json,1536974748ac086fb131068c611afca00d4ea7057282991ba5abdc1421194b29,92c0206987281d900a2f60f145011a51b627a1ceaa55335db40c8b01eed96ee5,power-spectrum.combined,migrated
results/aida-tng/L35n1080_vSIDM/dm/power-spectrum/mas-only_both/snapshot050_grid512/threads8_run001.json,7a87cc0f85e4da6ac05366772053e67f9dbafeecf5e73425df68e99feb6cd126,results/aida-tng/L35n1080_vSIDM/power-spectrum/power-spectrum.combined/dm/snapshot050/science-626279a84644/execution-dad87b62e8e5_run001.json,c9141a1dad6095661e11ca0893c728b6ed466257a28f260b65096ef68dc57235,cc2f6d06c4ca2b5028ff586701335c10e4a729a67ca890094cffd2a93008e611,power-spectrum.combined,migrated
results/aida-tng/L35n1080_vSIDM/dm/power-spectrum/mas-only_both/snapshot067_grid256/threads8_run001.json,6c15fc2c692b79f58b13899b9275096edf7c25d6e91344ad65f3fbb6beb3854f,results/aida-tng/L35n1080_vSIDM/power-spectrum/power-spectrum.combined/dm/snapshot067/science-66a6e2d4a0c7/execution-dad87b62e8e5_run001.json,dddcc4d5ba02a9e6dd01025037332ce59d00d2d41b1207f942991fb8b031c8f0,7eaf53df758f7edebbd646d4480792233475976eb2f77557cf921a8a1e42dc22,power-spectrum.combined,migrated
results/aida-tng/L35n1080_vSIDM/dm/power-spectrum/mas-only_both/snapshot067_grid512/threads8_run001.json,fb537c8888769c28b903c56b90291bafbb29928d4b964b173badcfc720d489a7,results/aida-tng/L35n1080_vSIDM/power-spectrum/power-spectrum.combined/dm/snapshot067/science-5b6f6acd9246/execution-dad87b62e8e5_run001.json,c31aa80f87896b1b8173f4e0af5fc581d387c40e9ce11a7dbcbac1852a0947f1,a89d580c476fb65c6f16d6eb5dd330a6cf556e288abd313505a107396b306f5b,power-spectrum.combined,migrated
results/aida-tng/L35n1080_vSIDM/dm/power-spectrum/mas-only_both/snapshot084_grid256/threads8_run001.json,5d01b926f10dbc200fe57880d4bc6587015d4f9a1e94fc0ae06d4b0db2314c43,results/aida-tng/L35n1080_vSIDM/power-spectrum/power-spectrum.combined/dm/snapshot084/science-398df0229606/execution-dad87b62e8e5_run001.json,6ebe2bfe3bd2f2decde633516e47a86bfa7bafa1a1b47369ae6f631613baa871,a2372e5b9879ed68a22b597cad37a2c90efc7ef6c34e5a97c69a742cd95a255e,power-spectrum.combined,migrated
results/aida-tng/L35n1080_vSIDM/dm/power-spectrum/mas-only_both/snapshot084_grid512/threads8_run001.json,25a458db7ca2db3c1379e088db7d362abdeac76b1c21edf0560e11f88516c0ea,results/aida-tng/L35n1080_vSIDM/power-spectrum/power-spectrum.combined/dm/snapshot084/science-ed9581f297a8/execution-dad87b62e8e5_run001.json,718c2b8e651102b35db4a2c9c23e8a29878d6876def1b2490fef3007e22f6b63,7da910e72b57af1126e8f5abe37c2f3dfd318dcbaaa240c3a15b9353e6d79eea,power-spectrum.combined,migrated
results/aida-tng/L35n1080_vSIDM/dm/power-spectrum/mas-only_both/snapshot099_grid256/threads8_run001.json,e33db4137b8157e290982c7ad4f63848e850fb1e0a486722d9d37ab6b58cb184,results/aida-tng/L35n1080_vSIDM/power-spectrum/power-spectrum.combined/dm/snapshot099/science-98682b0cad49/execution-dad87b62e8e5_run001.json,f9ef49f449f9cb87633c25d7ae152d2087cda09b684ee519bac9fadf6582e24f,9a2e7d0adeaff989a98192aa6b910f23f085df1dfb19aab30a2d0f55357704d7,power-spectrum.combined,migrated
results/aida-tng/L35n1080_vSIDM/dm/power-spectrum/mas-only_both/snapshot099_grid512/threads8_run001.json,b00ce7459cc8c607da4a6f1d473652fa3bd77ee7083a9bfa00d7fadc7ed69d66,results/aida-tng/L35n1080_vSIDM/power-spectrum/power-spectrum.combined/dm/snapshot099/science-12e146a253ed/execution-dad87b62e8e5_run001.json,bd7a78f4d8500f85c653c0b430fc31b60397a040d39f69bf871cd9a7851e7715,1fb370a06a5dfa735635c801122f0a889bece52ed9dc4e24361094cc462f5107,power-spectrum.combined,migrated
results/aida-tng/L35n1080_vSIDM/dm/power-spectrum/smoothed-pylians_both/snapshot017_grid256/threads8_run001.json,b5916a91feb5ab06b5af26cec07e8f3a9209bff27e4046eab72c3b2222611e78,results/aida-tng/L35n1080_vSIDM/power-spectrum/power-spectrum.combined/dm/snapshot017/science-26fe42455e12/execution-9c0eeb45174c_run001.json,f512e5378e8c7dbcaf416571fef198900887a1e249eff53677a5645eef2a56ee,3a1a24b5c51ab0f9c0119262bee51ada6673a2aeab962dbf58755cce1b0184cb,power-spectrum.combined,migrated
results/aida-tng/L35n1080_vSIDM/dm/power-spectrum/smoothed-pylians_both/snapshot017_grid512/threads8_run001.json,a3ea892499ef70009e9470385444ea6cb5c1d4c328a877df8d739ffc3ed7ae6e,results/aida-tng/L35n1080_vSIDM/power-spectrum/power-spectrum.combined/dm/snapshot017/science-d2d7c2f5d269/execution-9c0eeb45174c_run001.json,b8880e1f9aa0a9160192fac38e69bbd3eb8baabc6e4ef9e4d01cee23789d1b14,8697249d73c81a4dba3ec837e6f32d05dd6f49c386032503224b96467f8ee77e,power-spectrum.combined,migrated
results/aida-tng/L35n1080_vSIDM/dm/power-spectrum/smoothed-pylians_both/snapshot025_grid256/threads8_run001.json,3a14020aa0ccf94f9dd012ce79a698a0de52fc1d64b28f51135344c6bda49197,results/aida-tng/L35n1080_vSIDM/power-spectrum/power-spectrum.combined/dm/snapshot025/science-97c61a2f9ff2/execution-9c0eeb45174c_run001.json,9e71f567d6b34bc6db30a07537b4a11ebbf6deb009062818ca536994732c9035,a0f8915f27e2cc61d3cade61432a999d49c05c5d52258604b7147cbef508c02b,power-spectrum.combined,migrated
results/aida-tng/L35n1080_vSIDM/dm/power-spectrum/smoothed-pylians_both/snapshot025_grid512/threads8_run001.json,290193fd7a4aa5e46d8404bff99f683e26b8f98d4621358ea0ea9dd9e402ec50,results/aida-tng/L35n1080_vSIDM/power-spectrum/power-spectrum.combined/dm/snapshot025/science-5c5d201ae22a/execution-9c0eeb45174c_run001.json,0a8300d3f81a350f5e58065e581dd5407e71d5319aa5dbd871fd317e3ae7e8ae,d64c66b4700071e3550293de30cddcb0c33effdabec31dd5622472ffdd2556fd,power-spectrum.combined,migrated
results/aida-tng/L35n1080_vSIDM/dm/power-spectrum/smoothed-pylians_both/snapshot033_grid256/threads8_run001.json,b14553e60ca0c6a82565950d7994199588151939a430e736566839cfa63cfc92,results/aida-tng/L35n1080_vSIDM/power-spectrum/power-spectrum.combined/dm/snapshot033/science-2e2eaa51571c/execution-9c0eeb45174c_run001.json,73a4c3a063a7ad7d61a4b900177cf9f8a93218afb853ac2ad8fd402d7aed58e9,df3fb4ae7e6e700f12de8805f4e0c61081c37bea8b368909c49a693f8c44a300,power-spectrum.combined,migrated
results/aida-tng/L35n1080_vSIDM/dm/power-spectrum/smoothed-pylians_both/snapshot033_grid512/threads8_run001.json,dc105c9e9cab7b598c8ec40d991b53e4c89a5e3ad63f0a2871685a058d10c4dc,results/aida-tng/L35n1080_vSIDM/power-spectrum/power-spectrum.combined/dm/snapshot033/science-eee8a84ab0e0/execution-9c0eeb45174c_run001.json,d307c55a3ace723617f7a4961747e3764184f03a0b28f58397a8de726edf20b2,578d7836e1c63cc20d9c9169d98b36c40e69484a8cb55c9fdb8e1ee1d72f3bee,power-spectrum.combined,migrated
results/aida-tng/L35n1080_vSIDM/dm/power-spectrum/smoothed-pylians_both/snapshot050_grid256/threads8_run001.json,2c41be26bc9008e658a28184a77b3d7d930ff8c1398311d6a222f57f4ced591b,results/aida-tng/L35n1080_vSIDM/power-spectrum/power-spectrum.combined/dm/snapshot050/science-db1ee2258a95/execution-9c0eeb45174c_run001.json,673c2b82fd9c252bb70c95fef49a500f01ec5a4e731548e0dc8e872c5fcda70d,4547b0d686d44ea06444f4e157acd34adcdeabdeb0c8739f419f8114804bb6d7,power-spectrum.combined,migrated
results/aida-tng/L35n1080_vSIDM/dm/power-spectrum/smoothed-pylians_both/snapshot050_grid512/threads8_run001.json,d54132d0e8dfa4e110b776d94964a9f6ff08cc904a4c53de504f320f580fa1ef,results/aida-tng/L35n1080_vSIDM/power-spectrum/power-spectrum.combined/dm/snapshot050/science-9c5db6420ce9/execution-9c0eeb45174c_run001.json,88c64c9bf37f8f4607a5ddbf57784c965353e25cf06e9e5f32c29a1b0e2bed48,a8956daa10e929066febf78f6665bb98e75c2e7472ebb82d6f73e4e30c448bc7,power-spectrum.combined,migrated
results/aida-tng/L35n1080_vSIDM/dm/power-spectrum/smoothed-pylians_both/snapshot067_grid256/threads8_run001.json,bee012116bd02e03ec2fd9d8adca9fd099f4d1f4cdde83fef6ec5baebd4c5e11,results/aida-tng/L35n1080_vSIDM/power-spectrum/power-spectrum.combined/dm/snapshot067/science-2d1033d08047/execution-9c0eeb45174c_run001.json,4ba1bb44fe60b689769e0abf856d3f7a49794e2c32d2389f83a4d7225a395209,757317f856f36214eefdd3a7d0f89c2d8b12b7ac11dcb2fb796a32236c59d550,power-spectrum.combined,migrated
results/aida-tng/L35n1080_vSIDM/dm/power-spectrum/smoothed-pylians_both/snapshot067_grid512/threads8_run001.json,cad9fe4d2d0e0f89b1f374e56ea0d7ec13e8a9c83463b4f44abc91d51fff614b,results/aida-tng/L35n1080_vSIDM/power-spectrum/power-spectrum.combined/dm/snapshot067/science-075c01ed7d87/execution-9c0eeb45174c_run001.json,8268a7fbc23a2c488dff24e402fde8cf6832e640ce995533f4ef6ca586e023d3,077615eeef34615a560dfbcec27989d3c8fb7f55ccf3255eebf460151df4f9f7,power-spectrum.combined,migrated
results/aida-tng/L35n1080_vSIDM/dm/power-spectrum/smoothed-pylians_both/snapshot084_grid256/threads8_run001.json,2b3b397a312ff378d369fe52d437ba3753874cbb149104e2e77c7d1ca7a1af16,results/aida-tng/L35n1080_vSIDM/power-spectrum/power-spectrum.combined/dm/snapshot084/science-2112e8b4f36a/execution-9c0eeb45174c_run001.json,2b27948ae07385f47c4be36b9e22a0e5e09c04df8da7969c58d09c013db1ba55,94611568a668c6794439363c3b1aa30af6b964786e2953c13ff1549ed44a227d,power-spectrum.combined,migrated
results/aida-tng/L35n1080_vSIDM/dm/power-spectrum/smoothed-pylians_both/snapshot084_grid512/threads8_run001.json,4c95d085a013cb5963604e56690a234e71a8eade5b6b3ef1c4dff6a7c206ebdf,results/aida-tng/L35n1080_vSIDM/power-spectrum/power-spectrum.combined/dm/snapshot084/science-13ffc8610124/execution-9c0eeb45174c_run001.json,c37779af8acae823d76a877725d1239f1116964d929a844667e16336875ca0db,f1604f340d1a2ddaf66c3c343c86a981a6299954b98c8d3b45741ef41c9613ba,power-spectrum.combined,migrated
results/aida-tng/L35n1080_vSIDM/dm/power-spectrum/smoothed-pylians_both/snapshot099_grid256/threads8_run001.json,50b792305e74840b339a61114109602427d5f510ac255f060bcf5dfe62b6e889,results/aida-tng/L35n1080_vSIDM/power-spectrum/power-spectrum.combined/dm/snapshot099/science-911f0f041a3d/execution-9c0eeb45174c_run001.json,8bd8fe1b1c37c073ce672210c3f26b07b37f4e04f116a55d780ac628bd481ab9,c1eaa18ba9c714c81cd7ebdd3f8c26ffcfc23e8433e135bcfe60e9e3ac6a3e98,power-spectrum.combined,migrated
results/aida-tng/L35n1080_vSIDM/dm/power-spectrum/smoothed-pylians_both/snapshot099_grid512/threads8_run001.json,75942ff6b5086f00f1b33aebe08fd8b1f6f988a138079565fd67ccc23c2ec198,results/aida-tng/L35n1080_vSIDM/power-spectrum/power-spectrum.combined/dm/snapshot099/science-aeebd99ca643/execution-9c0eeb45174c_run001.json,29330e4578aba2fcd022314b1ff7fecabab74bcb7e1f1cb53d75603e0f608bbe,7b728925198bda3d15c7393ee426935867b4ab6c76821daf20966092d38c5008,power-spectrum.combined,migrated
results/aida-tng/L35n1080_vSIDM/dm/power-spectrum/smoothed-sphere_both/snapshot017_grid256/threads8_run001.json,049e2c73bfd5945c89aa363d00cc8f25a60395960648ef34592b54189d010920,results/aida-tng/L35n1080_vSIDM/power-spectrum/power-spectrum.combined/dm/snapshot017/science-b876152ff8ac/execution-9c0eeb45174c_run001.json,f4c21d04c0abfe08c8e16b133b442224288c7b5adbac502e0f7fbc088cccfd90,51c5832e2dc1a8711c53a6775bb24046240526c6a2c40dcbc765b26417e8b158,power-spectrum.combined,migrated
results/aida-tng/L35n1080_vSIDM/dm/power-spectrum/smoothed-sphere_both/snapshot017_grid512/threads8_run001.json,a7c73aeeb947476f98e30426d41247f445cbb82fd414cd6df6d4c39191081104,results/aida-tng/L35n1080_vSIDM/power-spectrum/power-spectrum.combined/dm/snapshot017/science-2c3f39cdc9eb/execution-9c0eeb45174c_run001.json,2ce69fe3e921607cd4c75c3f44416c5ab2b60cb0abac65991c3c5dd5d4dbfc8f,784fc18035a58d1a6d3cfe4e055ed528a791cf84c36113e50bc92172c312258b,power-spectrum.combined,migrated
results/aida-tng/L35n1080_vSIDM/dm/power-spectrum/smoothed-sphere_both/snapshot025_grid256/threads8_run001.json,c6321e127c1c007ad9dfdabc269e312e0ee62b6bcdbd45d8474fbfd4c5b7b364,results/aida-tng/L35n1080_vSIDM/power-spectrum/power-spectrum.combined/dm/snapshot025/science-fcf2f0b726c5/execution-9c0eeb45174c_run001.json,a244f4e1e37c324f36e4e451d78708217d866561ac4de47de6775b619245d902,a4b9c548cb7e11b273d62eaf90fd95197129c4ef9613721b28f4cdcbc167f35d,power-spectrum.combined,migrated
results/aida-tng/L35n1080_vSIDM/dm/power-spectrum/smoothed-sphere_both/snapshot025_grid512/threads8_run001.json,e7c89f610284d692ba046d911e697ec26cd8cbf607a1ee0cee732bdfd55df0ab,results/aida-tng/L35n1080_vSIDM/power-spectrum/power-spectrum.combined/dm/snapshot025/science-4421ed9d7c90/execution-9c0eeb45174c_run001.json,7057552bdea134ce2e76e4a47b740bb8804f891fd62b206af7f273afd71ca9e4,693743a2dd02b411d5fd0183e1855b9fabe16ec363516a4d9784ed8e21e8dad6,power-spectrum.combined,migrated
results/aida-tng/L35n1080_vSIDM/dm/power-spectrum/smoothed-sphere_both/snapshot033_grid256/threads8_run001.json,ba86f298d2f1acfa5c795e8fce09f957f854f1940fc8562b6a0d8fed0500664b,results/aida-tng/L35n1080_vSIDM/power-spectrum/power-spectrum.combined/dm/snapshot033/science-2c49df4508aa/execution-9c0eeb45174c_run001.json,e07d15ae4dbd7b6690bea71e0e9829f678ddfa6e8811795496e21b34eb829050,b6507fd76b5be0c55396f7cfb4d9b884a701bbe7b8e21f5dbba1b8100a95a348,power-spectrum.combined,migrated
results/aida-tng/L35n1080_vSIDM/dm/power-spectrum/smoothed-sphere_both/snapshot033_grid512/threads8_run001.json,7edeb84615c501421c4f1bd149cc10cb4f38824394c127b2c791d6e017db26c5,results/aida-tng/L35n1080_vSIDM/power-spectrum/power-spectrum.combined/dm/snapshot033/science-59d53f9b35ef/execution-9c0eeb45174c_run001.json,1718a38fb217c7a0526c6b0a7b957dd0b6685eba60a1c53de18d11d81e65d6fd,44a8e4e800619431e90519ca30d565852713df966cfe8f63afecadc4327127f6,power-spectrum.combined,migrated
results/aida-tng/L35n1080_vSIDM/dm/power-spectrum/smoothed-sphere_both/snapshot050_grid256/threads8_run001.json,df12266301f92bd5a9a6fb617f0a76ea64d4afd7b069221ed660a6387fc3216e,results/aida-tng/L35n1080_vSIDM/power-spectrum/power-spectrum.combined/dm/snapshot050/science-92d8fb072a53/execution-9c0eeb45174c_run001.json,10425b9743eb48417c17199b297b6310bf8bf8737b87536560edc98da73ec898,3069a02c2c5fcb81707b26503a96240c12a4baf968e5d39e5f9b342046665e14,power-spectrum.combined,migrated
results/aida-tng/L35n1080_vSIDM/dm/power-spectrum/smoothed-sphere_both/snapshot050_grid512/threads8_run001.json,f42187a0e964b18b01e9e18a5f77da96c2626ed8db98fe6d4389757543bcf7f3,results/aida-tng/L35n1080_vSIDM/power-spectrum/power-spectrum.combined/dm/snapshot050/science-0c29fa2a69eb/execution-9c0eeb45174c_run001.json,35aab32b312687c3c09f873a654ccbbea4c0695d3eee3222acab22d319944a2d,287c678a2f05e912148b211a6fb8451971e15eaf6e4e7abf1c3234f56d696bc9,power-spectrum.combined,migrated
results/aida-tng/L35n1080_vSIDM/dm/power-spectrum/smoothed-sphere_both/snapshot067_grid256/threads8_run001.json,c1490b0c1248f016e184164866504ece89515c080f0bda750f8fe64664a421c2,results/aida-tng/L35n1080_vSIDM/power-spectrum/power-spectrum.combined/dm/snapshot067/science-f72823ee8cde/execution-9c0eeb45174c_run001.json,706157e97527b7462aaf512b5377c1e6ba4b277d10741c44d389ea25fbcdc4ca,f1fbadbf07342b1d65e49e02b4c5ce7e979495daf3c8d7a6d78cc23ed5b3944d,power-spectrum.combined,migrated
results/aida-tng/L35n1080_vSIDM/dm/power-spectrum/smoothed-sphere_both/snapshot067_grid512/threads8_run001.json,547ce4f90c15f9173f2fb4c5f3ac3f3f41a700ca55b77abc7bae3d315d92026c,results/aida-tng/L35n1080_vSIDM/power-spectrum/power-spectrum.combined/dm/snapshot067/science-e1c46472dfa2/execution-9c0eeb45174c_run001.json,ea603f887409787b01d93b648d839bacc204a7f66461fe14bcd605adbdc85896,0352098d7286eb9eb9d69e3207a4fc55456a567b7134a36a769f248444b73c18,power-spectrum.combined,migrated
results/aida-tng/L35n1080_vSIDM/dm/power-spectrum/smoothed-sphere_both/snapshot084_grid256/threads8_run001.json,aa75de37a5ebb3f42812a6c240ae1c1d2562cd79c2a6452c8850f3ef45063a9c,results/aida-tng/L35n1080_vSIDM/power-spectrum/power-spectrum.combined/dm/snapshot084/science-34522c455161/execution-9c0eeb45174c_run001.json,afa67055446d06b570c8937b4ffda8dfbbef721696829191e2d020f5063096ac,bea11df65b34e6b343189d23439dd818cf574574992bab5d8df96683457009db,power-spectrum.combined,migrated
results/aida-tng/L35n1080_vSIDM/dm/power-spectrum/smoothed-sphere_both/snapshot084_grid512/threads8_run001.json,5e01f27c3ee750eb6408f5b8789e57d1bc0e9a9dc56a167ea0982789f258429b,results/aida-tng/L35n1080_vSIDM/power-spectrum/power-spectrum.combined/dm/snapshot084/science-39ac2249ec8d/execution-9c0eeb45174c_run001.json,89914fd33073e1c95fced713a15d27540eefd9525b85ae7a10afb1e88823d66d,a1946e2212669ee84289f38e4051471e11464e3ed06808d006763f21264c0a30,power-spectrum.combined,migrated
results/aida-tng/L35n1080_vSIDM/dm/power-spectrum/smoothed-sphere_both/snapshot099_grid256/threads8_run001.json,5214c914bd4d7396020317ec4fa1c974577e6b9b03718647383af3f69cb02b38,results/aida-tng/L35n1080_vSIDM/power-spectrum/power-spectrum.combined/dm/snapshot099/science-527937425a1b/execution-9c0eeb45174c_run001.json,8b023115b0d68f2e8a4f939249616bcd97649ae31d31e14e0d2bba4c00a21156,7d0b0914db87266c428f146947869f2486423888969f1285a25b8590d84a826f,power-spectrum.combined,migrated
results/aida-tng/L35n1080_vSIDM/dm/power-spectrum/smoothed-sphere_both/snapshot099_grid512/threads8_run001.json,09e14b69981755a0896b56b6aeaf05eb7eb6d4c9930577108298866e433c560d,results/aida-tng/L35n1080_vSIDM/power-spectrum/power-spectrum.combined/dm/snapshot099/science-5cdc019a1a2b/execution-9c0eeb45174c_run001.json,9c01eebda0c510ae103bbd98babf26451a53eaa298a8496fdc4d42d0d349162d,2f283ec96ff32322e4c9bb18842a7b690fc942a8e85e8571ec76013a4d72a9b1,power-spectrum.combined,migrated
results/aida-tng/L35n1080_vSIDM/dm/pylians/snapshot017_grid256/threads8_batch1_run001.json,20cdcc6344782882b3d6bcf948185a5aee60ebf778b17a7ce8324284c1c73c3a,results/aida-tng/L35n1080_vSIDM/clumping/clumping.pylians/dm/snapshot017/science-024cddab465f/execution-cd9ea581b7f7_run001.json,80ca420e913671fd4e2ed9da34ca4b1ace8ef9a815fb82a6a6d7ecb9d3027acf,e83a8ceb793ea33ea673d4ba533695b47e7fc10140b7763e5b4dfea499ef2b2f,clumping.pylians,migrated
results/aida-tng/L35n1080_vSIDM/dm/pylians/snapshot017_grid512/threads8_batch1_run001.json,66e22e4bb7a466a742b74d2437eaa35b1871ab0e2bfcb1f0550c3045fe6de963,results/aida-tng/L35n1080_vSIDM/clumping/clumping.pylians/dm/snapshot017/science-c9065f7a5b5d/execution-97fe92315af2_run001.json,b877755197365016874900e78357c4db3250e3c94abc366090a99b9eea0d316e,7f78e666227ccb15991533887c824443e6f2758c313a10b8228b75edf99f2365,clumping.pylians,migrated
results/aida-tng/L35n1080_vSIDM/dm/pylians/snapshot025_grid256/threads8_batch1_run001.json,43bad28f19e15dc4fc6c9a81fa8c3f07db52478bf581ce82cda25ad331bfaa3a,results/aida-tng/L35n1080_vSIDM/clumping/clumping.pylians/dm/snapshot025/science-ddf9bcf690ea/execution-cd9ea581b7f7_run001.json,fe82aa9e7388c683019b67cab8ff7e18bd98023faa996943c25ef053a3607157,479ae2f5559e3dfe749b335e00e82a4ff0bfdd03260b5a5063e0d1e20eddbb1f,clumping.pylians,migrated
results/aida-tng/L35n1080_vSIDM/dm/pylians/snapshot025_grid512/threads8_batch1_run001.json,843d0f0e954dd92ab4c73c2f2cfca9037c959e12a8ffaf5224121131cbda0599,results/aida-tng/L35n1080_vSIDM/clumping/clumping.pylians/dm/snapshot025/science-529d1da43bff/execution-97fe92315af2_run001.json,d4f071ef84a9d9dd1eae139af81905b44f6bdb724cd167398c339268dbf7f80d,d78e815cd9e9e6c3c69865f852e8bea806d914bde281ee2c4853bd8500a6b0f4,clumping.pylians,migrated
results/aida-tng/L35n1080_vSIDM/dm/pylians/snapshot033_grid256/threads8_batch1_run001.json,66bad0dd795e141a8829dc85403b9de935a8ffdc7e4ff832eefdfc84738e1667,results/aida-tng/L35n1080_vSIDM/clumping/clumping.pylians/dm/snapshot033/science-af983354e360/execution-cd9ea581b7f7_run001.json,a773010963eb56a6aa61fac67cdfb07e532521c0cb2be384391f6d2b6602d214,bd161380931ebc309a3258be0f47d0f0d1a617986d6c69edba66d6c1ec823e31,clumping.pylians,migrated
results/aida-tng/L35n1080_vSIDM/dm/pylians/snapshot033_grid512/threads8_batch1_run001.json,3394c2883a4bb75c64df8e198ac73d2058d68b1abb0ae0071e1d078845e105fc,results/aida-tng/L35n1080_vSIDM/clumping/clumping.pylians/dm/snapshot033/science-51e4a16db7a4/execution-97fe92315af2_run001.json,72f027ae7774f3282d2e892bc8b01a513014b79c2ea80eca25c22ba2b1d3a30b,70d8f8d631bf16fed923c2938ffb4f48804e3ad8bd16a3e79e98b810814d7046,clumping.pylians,migrated
results/aida-tng/L35n1080_vSIDM/dm/pylians/snapshot050_grid256/threads8_batch1_run001.json,a9762234da543e5d52b361d56bc8f3b065ecc0249a46773a3ee60cab0899db4d,results/aida-tng/L35n1080_vSIDM/clumping/clumping.pylians/dm/snapshot050/science-aa3685317680/execution-cd9ea581b7f7_run001.json,cb81978c722e03f609dd2840a01ebace9e595c407b9597cbe5dabfc7695e0bf1,2a5bcf93f98697c84409c714e8164c33108c554da133a856dcc1b7c950eb6b3d,clumping.pylians,migrated
results/aida-tng/L35n1080_vSIDM/dm/pylians/snapshot050_grid512/threads8_batch1_run001.json,a66aaa361b59c0f63cfef6ae9a6a811a9b42e921c26747ab9d2dbdcc55f2e5a3,results/aida-tng/L35n1080_vSIDM/clumping/clumping.pylians/dm/snapshot050/science-aef9c78226db/execution-97fe92315af2_run001.json,84ffc8bced1637ec69eaffa16aeafea9cc102e84dca74166d72a37896bb8bce8,9a61f9c53e580f523128b61e5b1ae29986ead87b9b1d5e74b7560bb7442f63fa,clumping.pylians,migrated
results/aida-tng/L35n1080_vSIDM/dm/pylians/snapshot067_grid256/threads8_batch1_run001.json,6da5aa1980ea9810071189d99f5ae2bcb8d097994e49e26efc271ca0d4c9ab12,results/aida-tng/L35n1080_vSIDM/clumping/clumping.pylians/dm/snapshot067/science-d587186ad466/execution-cd9ea581b7f7_run001.json,7a415d4d2ee1e03de5b0d8a627e25329c3f78f6a7aabdb9619b07e314d8c1638,a0c0daec55ab4910c00688276e4f7945f709960f761c11438defe91c9367fce5,clumping.pylians,migrated
results/aida-tng/L35n1080_vSIDM/dm/pylians/snapshot067_grid512/threads8_batch1_run001.json,a9ad221bdb7750f2dd212b355fc3b20b748a599fb07e48c42e4e1bb83a76292f,results/aida-tng/L35n1080_vSIDM/clumping/clumping.pylians/dm/snapshot067/science-dfaaf0459db0/execution-97fe92315af2_run001.json,4aa797931c320133eb3bce94942553b22068f5a17f357384bc39e3b3d24bce07,400c5cd3bd6abb3dc552a440c86c3a012695bf9b0887aed8f24fe415344e3479,clumping.pylians,migrated
results/aida-tng/L35n1080_vSIDM/dm/pylians/snapshot084_grid256/threads8_batch1_run001.json,ef1cc211e24e15368ce61d1d8442c658e198254ebe0445d06f9f5c2f68f3990e,results/aida-tng/L35n1080_vSIDM/clumping/clumping.pylians/dm/snapshot084/science-d37370e775d4/execution-cd9ea581b7f7_run001.json,a96222708f703f2f2c67f7e8c8f92f4f28593bc637bf6c3b520a5ab4250efbdb,79330b2b419259a25d7ddfa8ceaee12566778a812c4e45782ed4b8b48b59f63e,clumping.pylians,migrated
results/aida-tng/L35n1080_vSIDM/dm/pylians/snapshot084_grid512/threads8_batch1_run001.json,93a3c9ad89afa8ad0c1d0862058bda2c1107e88eff4eff5aa097e0adf82c3d4a,results/aida-tng/L35n1080_vSIDM/clumping/clumping.pylians/dm/snapshot084/science-1134e4d0667c/execution-97fe92315af2_run001.json,1648b407ce5eaf4377e455ddee9f9573dfb24f00cf380cabe4991a0232a124c7,da846c927dc434cc2ba757c31c405f90566c5418b82d487ed370f563f51d8007,clumping.pylians,migrated
results/aida-tng/L35n1080_vSIDM/dm/pylians/snapshot099_grid256/threads8_batch1_run001.json,120fea4ec417ebebd6f7c79398723004f6c05fc5b96feda1d14399c0a825d23a,results/aida-tng/L35n1080_vSIDM/clumping/clumping.pylians/dm/snapshot099/science-db4c81dbabf1/execution-cd9ea581b7f7_run001.json,189db95bc65d98ac2a8091737cd3e246a67cdf5cacd1c6c77f5c9b675527e32f,01848590fdd664c93244bd731eed326b8bfc56ae7eb044215293ab6f8d005127,clumping.pylians,migrated
results/aida-tng/L35n1080_vSIDM/dm/pylians/snapshot099_grid512/threads8_batch1_run001.json,3e114558a133e8ded9454aa3a42dcde1240ce1e3a0c5da25b4a886e794ea8835,results/aida-tng/L35n1080_vSIDM/clumping/clumping.pylians/dm/snapshot099/science-5ff63b97bbea/execution-97fe92315af2_run001.json,3a46d8a7dcb0fd2ad3ac1e487a0605241b5d67df28bcc1313de80a7cdc915211,db14ac43cb95efde81eb3c864b0bd3470165645cd0d80e07bd2715892cff3af0,clumping.pylians,migrated
results/aida-tng/L35n1080_vSIDM/gas/cube/snapshot017_grid256/threads8_batch1_run001.json,05ce69ff1e13afcacc272bf0a72be412634bfc1cdc37dfc9f46ffb6500be2474,results/aida-tng/L35n1080_vSIDM/clumping/clumping.cube/gas/snapshot017/science-9d0b59645248/execution-97fe92315af2_run001.json,62bd619c64d7eb5b0fdfece14614dbe7b913ece9e7ebe1e8eaa8bb16ae893853,fd7d6e794a9db2d5829fdab08ce245e34eff53d6e0f6a3da3cb78851104819f2,clumping.cube,migrated
results/aida-tng/L35n1080_vSIDM/gas/cube/snapshot017_grid512/threads8_batch1_run001.json,0c9fff62c2217bdc6099768316c46e30968039355f5bb980bacd6b1fd9618d4e,results/aida-tng/L35n1080_vSIDM/clumping/clumping.cube/gas/snapshot017/science-9bb8f1a35608/execution-7f2a6ce7505e_run001.json,d691a8da3d661bb4c6dfba17ab9576cfb37ac180bc7133b3bda2624906820aa9,30a2a4a988a6f3b407f56710d010f218ad81c8cd1a0efea3dfcad48ff65b037f,clumping.cube,migrated
results/aida-tng/L35n1080_vSIDM/gas/cube/snapshot099_grid256/threads8_batch1_run001.json,eb3d107ee3b357bfa559bd6f0d41bf735f60b4483229f38022afd298cf5db9ac,results/aida-tng/L35n1080_vSIDM/clumping/clumping.cube/gas/snapshot099/science-ef8853095d85/execution-97fe92315af2_run001.json,8ccb6298a68140a6d87f2cf59d3d8b9417d2f66c5d2ee4c064c0a6f2d6311337,bc6a5c81fce6dcc2ceea3aa82ccae44fae482fa218bf179e37d60ba7633a2a76,clumping.cube,migrated
results/aida-tng/L35n1080_vSIDM/gas/cube/snapshot099_grid512/threads8_batch1_run001.json,1f3db658f1dd3c6aba3333dfd901e4eb2740a9f019bfd63b600f3fec9cc8c66d,results/aida-tng/L35n1080_vSIDM/clumping/clumping.cube/gas/snapshot099/science-322867b5dc26/execution-7f2a6ce7505e_run001.json,afe470c96892ab3224657abd94e8522616f225fee5daeaa741218af641444327,d91e1a0207aac45cd98eabcfa9b74aac4a8cf32659166a34a4a5a89a7a87635a,clumping.cube,migrated
results/aida-tng/L35n1080_vSIDM/gas/ionized-sweep/snapshot017_nogrid/threads1_batch1_run001.json,b0ab99ebc01ce322da23bed916362a179f9da0dd2d63fc11188015c9be03603e,results/aida-tng/L35n1080_vSIDM/alternative/alternative.ionized-sweep/gas/snapshot017/science-954d63724d6d/execution-58def760728d_run001.json,f214edd015b4ed55c56e341dfac7fdd5f38fa602d4287013755d602973c73ac9,34a18d4e0036d3db210ac5012261414edad9e4aa646c4fad0c2cd87b0cb2def6,alternative.ionized-sweep,migrated
results/aida-tng/L35n1080_vSIDM/gas/ionized-sweep/snapshot099_nogrid/threads1_batch1_run001.json,b36a7fb124da2e35cdda795238f2bba1f7799fb4efb7f4d2714f2ee2393fc269,results/aida-tng/L35n1080_vSIDM/alternative/alternative.ionized-sweep/gas/snapshot099/science-954d63724d6d/execution-58def760728d_run001.json,5661caa212f55364217e0cd277567b9bbf14edd68237432905ff7f527ddf7aea,f01d19ba8df797a80858b436ca16faa3d36a59634aab2cd499b7b6007897e640,alternative.ionized-sweep,migrated
results/aida-tng/L35n1080_vSIDM/gas/power-spectrum/mas-only_both/snapshot017_grid256/threads8_run001.json,5c393bf38d119e5a070fcd33543dcdd8fabd2e98004880da36e11684a4930a7c,results/aida-tng/L35n1080_vSIDM/power-spectrum/power-spectrum.combined/gas/snapshot017/science-4518ea534a99/execution-dad87b62e8e5_run001.json,70a5707451815fbbbcf248bc0730fe4d7933e855112eb52ab89ac3523adf2d91,5fa981e787947677a765c6916600bd38c282e4d93d4f3a5a0e854406db4b05a5,power-spectrum.combined,migrated
results/aida-tng/L35n1080_vSIDM/gas/power-spectrum/mas-only_both/snapshot017_grid512/threads8_run001.json,00ebb146f4c8e8f09aef7aef0fbd6875d6290c7c95fad06875bceab71378cff2,results/aida-tng/L35n1080_vSIDM/power-spectrum/power-spectrum.combined/gas/snapshot017/science-d716c3374e4e/execution-dad87b62e8e5_run001.json,96ff69158329185d4541788e0d53d40ae03fd25a51ed7648cbad6584ab78c302,a9d8d897b053c5512318169e75a14cc381b3b43a33fde4f5b30de3c6a498749a,power-spectrum.combined,migrated
results/aida-tng/L35n1080_vSIDM/gas/power-spectrum/mas-only_both/snapshot025_grid256/threads8_run001.json,b0af58687f47042d343904c45351cce3738e9e65343c83f2a166e30afca6db8f,results/aida-tng/L35n1080_vSIDM/power-spectrum/power-spectrum.combined/gas/snapshot025/science-16f011125330/execution-dad87b62e8e5_run001.json,5ff5c91d8a80e49a78b4aeddc76a4ba2f29b6b759ae8a4cdf12c13e88df575cb,64c4ffce96e87c5a908f8414755750084846d59d9c9c1aeb02e2ea555d057316,power-spectrum.combined,migrated
results/aida-tng/L35n1080_vSIDM/gas/power-spectrum/mas-only_both/snapshot025_grid512/threads8_run001.json,031f3d093222b0f3651733366b692ad0a068f443065dacf3e1195def43d00c07,results/aida-tng/L35n1080_vSIDM/power-spectrum/power-spectrum.combined/gas/snapshot025/science-6d85472eed86/execution-dad87b62e8e5_run001.json,d97dbb63bf8bc71609843dd0656f9ac5da1eef334e1178c267dcfab59aa2e805,323925ae747b1793b8f6765c213b3a3e3f44ce15f99c8f8652feb3b78609973b,power-spectrum.combined,migrated
results/aida-tng/L35n1080_vSIDM/gas/power-spectrum/mas-only_both/snapshot033_grid256/threads8_run001.json,b14dbf0008b3f39a6422b2e9f108a819d33598ee733ff6d1bb550ce8291163d9,results/aida-tng/L35n1080_vSIDM/power-spectrum/power-spectrum.combined/gas/snapshot033/science-299a927ef027/execution-dad87b62e8e5_run001.json,67ac45965eeb8182fd683fa0ef159c31d5131b172d4787f5a7ef9768857895c0,fec62fec56d58a3a67898ace97ed6663f2d4fccd9fbc6c4c012d2384cadff91b,power-spectrum.combined,migrated
results/aida-tng/L35n1080_vSIDM/gas/power-spectrum/mas-only_both/snapshot033_grid512/threads8_run001.json,fdea20c57e0e13b6c8695d25712ae2b11019f6afbb23428c2db1f6c7182c0bc5,results/aida-tng/L35n1080_vSIDM/power-spectrum/power-spectrum.combined/gas/snapshot033/science-c87269e1f138/execution-dad87b62e8e5_run001.json,780122b4002d021a2635d3c624da470e2befb40f2a7d6951793f8aa2b428d5ed,655cc24f04ac0a35e00f56c17745e90a7a4bab3a3b4eb231b65a004d16df4cfb,power-spectrum.combined,migrated
results/aida-tng/L35n1080_vSIDM/gas/power-spectrum/mas-only_both/snapshot050_grid256/threads8_run001.json,a666c562b808c793b1e2dfdc0ec230d655aeb176378c8081e5b20f979884ba74,results/aida-tng/L35n1080_vSIDM/power-spectrum/power-spectrum.combined/gas/snapshot050/science-94f41096f32a/execution-dad87b62e8e5_run001.json,520302d2e97cb47034044c233863847b0936a8bcf519856df0faef2a658db284,5588e30d6610b54dc81d7690948e9a4516defd3acbda6581a87170a5dc67a210,power-spectrum.combined,migrated
results/aida-tng/L35n1080_vSIDM/gas/power-spectrum/mas-only_both/snapshot050_grid512/threads8_run001.json,6c4e5653ea11a154cfd82ca2d1d603c13d107cdec0aa71a95269c2bcb63ea108,results/aida-tng/L35n1080_vSIDM/power-spectrum/power-spectrum.combined/gas/snapshot050/science-905846abed93/execution-dad87b62e8e5_run001.json,dac544ee75795f849a75ea8644df769e9823330bcfd195de23eda4d54b9c1e12,291aeaaad31baca185e65c3e5f35657a426c5e25fb11150b7c6d4200b7f4f159,power-spectrum.combined,migrated
results/aida-tng/L35n1080_vSIDM/gas/power-spectrum/mas-only_both/snapshot067_grid256/threads8_run001.json,eec3dca47921cd22a4dcccca1410204589ce5166c98e321ee41cd33c404f939e,results/aida-tng/L35n1080_vSIDM/power-spectrum/power-spectrum.combined/gas/snapshot067/science-f22e87e6c5d0/execution-dad87b62e8e5_run001.json,1a05726fd3c383dfd73e19454496e5d15217266ef17b44071f4a81a4db1ced35,1c59a7865bc567a4aa070518121c99e4a02f38c876a195faf8a9ce27a6a8a90b,power-spectrum.combined,migrated
results/aida-tng/L35n1080_vSIDM/gas/power-spectrum/mas-only_both/snapshot067_grid512/threads8_run001.json,ccd4a0b3f593c7b0c26691e0dcbfef07fe70b88f8abeeee40c57a5c9c51f4085,results/aida-tng/L35n1080_vSIDM/power-spectrum/power-spectrum.combined/gas/snapshot067/science-92424dc4d98c/execution-dad87b62e8e5_run001.json,bd8335fcf781cb45d6fd2dc1e3d507fd194080674b9ad178f9ffd1b34ba61834,5b30e8b668a92e3fdd32a7dc83ca64b5538bd1044646621eafc9edc5f13f6dc3,power-spectrum.combined,migrated
results/aida-tng/L35n1080_vSIDM/gas/power-spectrum/mas-only_both/snapshot084_grid256/threads8_run001.json,493106050490b2e98d7fb1b22fe589447ec58f5608a2778231f7fcdbc70a40d2,results/aida-tng/L35n1080_vSIDM/power-spectrum/power-spectrum.combined/gas/snapshot084/science-ca93c4e320d1/execution-dad87b62e8e5_run001.json,afcb8e20b5940c55b369cc3f7dfe3c334f1c4442df69cd69a9586be0d8e665ee,86f22699fc1dd21d1f4a6d8ad12490ab15a44de9e009534c6ac65a6ef6e0650e,power-spectrum.combined,migrated
results/aida-tng/L35n1080_vSIDM/gas/power-spectrum/mas-only_both/snapshot084_grid512/threads8_run001.json,7497715bb1c741730ad666bd45194e315e8071acefee47d36587d058f3a13985,results/aida-tng/L35n1080_vSIDM/power-spectrum/power-spectrum.combined/gas/snapshot084/science-fcaf134148f0/execution-dad87b62e8e5_run001.json,3102f9999d454580c78dc5bbcab7a635d7dc483ae661dedf845e7f325eeeff32,3787cd697788d0844775fa543bacd71b6e3768c34dcdc83dc7e4b9f62995ec30,power-spectrum.combined,migrated
results/aida-tng/L35n1080_vSIDM/gas/power-spectrum/mas-only_both/snapshot099_grid256/threads8_run001.json,f3402312e74793d27a9132bbab9572ab9adb265e664696b2a34ce40452cfce97,results/aida-tng/L35n1080_vSIDM/power-spectrum/power-spectrum.combined/gas/snapshot099/science-ebf38fe8a5e7/execution-dad87b62e8e5_run001.json,3384eff8d411240c304fd4ef149c3ebac7d2e367b2ad2a18fd1a2a913c1cb434,4c82e52beb81e7ec163ed53f1f9defa213896bc3fe094505a1ae9c72af07e6f0,power-spectrum.combined,migrated
results/aida-tng/L35n1080_vSIDM/gas/power-spectrum/mas-only_both/snapshot099_grid512/threads8_run001.json,08ef921ba3ad7aa016728bce21bb708ffc4db64cb01af743bc62a5ccc63ea69d,results/aida-tng/L35n1080_vSIDM/power-spectrum/power-spectrum.combined/gas/snapshot099/science-756738d10506/execution-dad87b62e8e5_run001.json,7396356d7639ba301501e8e7fab4781b01030d884f8881d86722bc4cb8ce7ec7,a31053583a5bf40ee96df45647e123339866d427165ac82ee8b57c13e245d454,power-spectrum.combined,migrated
results/aida-tng/L35n1080_vSIDM/gas/power-spectrum/smoothed-pylians_both/snapshot017_grid256/threads8_run001.json,3994da2ca8188b10e61008fc00fb36db5faa5402c9213c144122b0a06a98be55,results/aida-tng/L35n1080_vSIDM/power-spectrum/power-spectrum.combined/gas/snapshot017/science-bc833a07734b/execution-9c0eeb45174c_run001.json,13c5c5b26b74b4524d9d003b9666d65caceb9b70029b58c1a2f8206d55b8ef4b,d6cb11073305e117a180ab32676e1eb954ec49d1ffe0afea33279b1e27542bad,power-spectrum.combined,migrated
results/aida-tng/L35n1080_vSIDM/gas/power-spectrum/smoothed-pylians_both/snapshot017_grid512/threads8_run001.json,183731da58ed8d8267affdb230204e91e180860a7d3e8445dcd41fef4a794505,results/aida-tng/L35n1080_vSIDM/power-spectrum/power-spectrum.combined/gas/snapshot017/science-9aaa0c9448d9/execution-9c0eeb45174c_run001.json,05842933cded3a15df2d9e98f1caa3118f82a786fd49326289c955d1d116c995,d4caf1fe351b588fb577168b2a18cbb4aa9aee1bc2204a9b1ad3a1e55a380466,power-spectrum.combined,migrated
results/aida-tng/L35n1080_vSIDM/gas/power-spectrum/smoothed-pylians_both/snapshot025_grid256/threads8_run001.json,66c835fd1254483c7c1d72268279d8f39e7dd8b5591bfdf8b32eaeb02a583ece,results/aida-tng/L35n1080_vSIDM/power-spectrum/power-spectrum.combined/gas/snapshot025/science-f7a90bc89855/execution-9c0eeb45174c_run001.json,522f6b606651feb40f8de18ce804c448cd65e6f1d9f88fec57b567c355887304,63734ad686b05c66b0a42a9f5b8db9b962d7ad880ca39b8c13e2d48d3e67c20f,power-spectrum.combined,migrated
results/aida-tng/L35n1080_vSIDM/gas/power-spectrum/smoothed-pylians_both/snapshot025_grid512/threads8_run001.json,454d81aba0eab7094be46ae7bc21971345b0adcdcf1795a9d5962d142a41f4ca,results/aida-tng/L35n1080_vSIDM/power-spectrum/power-spectrum.combined/gas/snapshot025/science-571183eaa968/execution-9c0eeb45174c_run001.json,9d994d019bcf9ef58243c8418f1e237b59bfc307b6fc8e1e64a8d13599543cd9,1860c0c94b877d7fcc147ef8671e8f1c18491dbea1574d3ff60b1b815eb46357,power-spectrum.combined,migrated
results/aida-tng/L35n1080_vSIDM/gas/power-spectrum/smoothed-pylians_both/snapshot033_grid256/threads8_run001.json,16bfe31228584db6d11ab51edeee8a283d685af3f12899cd597ebc3fc3a7c49d,results/aida-tng/L35n1080_vSIDM/power-spectrum/power-spectrum.combined/gas/snapshot033/science-8c6f01662d1e/execution-9c0eeb45174c_run001.json,9d129bc159cbda017712c96aca0d6d8c709aeb9fbdeffb89b6fa8b987424a152,4697bfa572f28b98dfe09e1078e1538bff1b712e550c927ec961dd729c98787d,power-spectrum.combined,migrated
results/aida-tng/L35n1080_vSIDM/gas/power-spectrum/smoothed-pylians_both/snapshot033_grid512/threads8_run001.json,d66f349be68d95a81f8e4bc4379c8e83f90f0a85815ef2c8856a26cb7116fa81,results/aida-tng/L35n1080_vSIDM/power-spectrum/power-spectrum.combined/gas/snapshot033/science-64a46387c9ad/execution-9c0eeb45174c_run001.json,bf709cb82966cb9bfa6b2a7fb0b90104dcb5754d276d5666bbfa5e310955e998,2d8ce614e2881677b11b1139f30192247fd65c97cb9daf27afa0ecc760335f59,power-spectrum.combined,migrated
results/aida-tng/L35n1080_vSIDM/gas/power-spectrum/smoothed-pylians_both/snapshot050_grid256/threads8_run001.json,ca6c895f15bccb15c82f48cbb51fae38a17de52da180b3cb2c01a9b6c2f579e4,results/aida-tng/L35n1080_vSIDM/power-spectrum/power-spectrum.combined/gas/snapshot050/science-6f639a6adccc/execution-9c0eeb45174c_run001.json,20efae31aa6b1bf5ebfc5a26a4cc64041f450048ad8c2f3425d28fa96fdbdcf7,8522126df1eb97e7f5a038cf96f9023d107de4e520d50d9b1d2bd6d0133562ef,power-spectrum.combined,migrated
results/aida-tng/L35n1080_vSIDM/gas/power-spectrum/smoothed-pylians_both/snapshot050_grid512/threads8_run001.json,b00521296eaaa1546a7d2b488046579f72f508084794eac6cf62acf8e1eaf9b8,results/aida-tng/L35n1080_vSIDM/power-spectrum/power-spectrum.combined/gas/snapshot050/science-ee38b8c96e6a/execution-9c0eeb45174c_run001.json,50d77d1d9c9b7a7d77ea5067e6829c542aa71a4808b2a3b1b489db2045b5f552,aacc0841787a91a0d4532404251e19c4d38ebc59db4ceb64c882a65eb116c46f,power-spectrum.combined,migrated
results/aida-tng/L35n1080_vSIDM/gas/power-spectrum/smoothed-pylians_both/snapshot067_grid256/threads8_run001.json,d24f4d44c36a9910e0995aa1c97907d917946498c6ec2ca4deecc1c227b25e67,results/aida-tng/L35n1080_vSIDM/power-spectrum/power-spectrum.combined/gas/snapshot067/science-6e1d73c12c5a/execution-9c0eeb45174c_run001.json,a68372195bb065b986d87af056ecf35b03c799f065929f5d7c83a11c725d6355,1f51112a7475e09c365dee65d00dbf1528138745bcb42da391e5d15b3a1544a4,power-spectrum.combined,migrated
results/aida-tng/L35n1080_vSIDM/gas/power-spectrum/smoothed-pylians_both/snapshot067_grid512/threads8_run001.json,aeb974de6473111f3d20893d1dfa00202c662e64ec00dee72ffda600b31fb4d0,results/aida-tng/L35n1080_vSIDM/power-spectrum/power-spectrum.combined/gas/snapshot067/science-c11d3679e4e0/execution-9c0eeb45174c_run001.json,be3264ffaf5e3a4950e89ecd19f620a0725e937586c4ca032cfe7c4400ddfd75,c13b9538729d297f593255c916a30e0c308885477dbb407d7f0fe6784a65aeae,power-spectrum.combined,migrated
results/aida-tng/L35n1080_vSIDM/gas/power-spectrum/smoothed-pylians_both/snapshot084_grid256/threads8_run001.json,6763ef5e85b23e01911969316c78d129468b3a36e76623dc39f5327e853a863b,results/aida-tng/L35n1080_vSIDM/power-spectrum/power-spectrum.combined/gas/snapshot084/science-c948b64f883a/execution-9c0eeb45174c_run001.json,b2eee1aec71a96fd0a6a306c87eb7eabbafe9a9a0d6cde43d89a188f618ae8dc,5ad152f38d926f0ca072c4956397e048248c1da3c102a72b8289153316b832e8,power-spectrum.combined,migrated
results/aida-tng/L35n1080_vSIDM/gas/power-spectrum/smoothed-pylians_both/snapshot084_grid512/threads8_run001.json,fd9d9306ed48af268740bc27d27d2851ae0eb713e44c92aa73f0471800e852dd,results/aida-tng/L35n1080_vSIDM/power-spectrum/power-spectrum.combined/gas/snapshot084/science-9d91a66854ea/execution-9c0eeb45174c_run001.json,1784a65f2ff8e38dca8e8ce6d3e98b960ef93712d4a1a109d361cc5c1bd00269,60cad8e545c341d457ed7f7cd32a28aa384a9f670af1ddd45bc77709ec73e0bb,power-spectrum.combined,migrated
results/aida-tng/L35n1080_vSIDM/gas/power-spectrum/smoothed-pylians_both/snapshot099_grid256/threads8_run001.json,322ca899ecc5d3835abed1763760705a065c4ee80b100d043d57c467e4c3280e,results/aida-tng/L35n1080_vSIDM/power-spectrum/power-spectrum.combined/gas/snapshot099/science-8959054333b0/execution-9c0eeb45174c_run001.json,d5be93e942f2ec83422c0625e268a001b498c80dc9b06023342b275a6ef78b03,feb99c15979c8e43eba67d4ce4a73ff531017de52812b440875410a02a11c5ef,power-spectrum.combined,migrated
results/aida-tng/L35n1080_vSIDM/gas/power-spectrum/smoothed-pylians_both/snapshot099_grid512/threads8_run001.json,d9bdf614a2cc1aa01252207b7d1ceeee3c8e759ab0d99e4b27d85bdb0ad6df3d,results/aida-tng/L35n1080_vSIDM/power-spectrum/power-spectrum.combined/gas/snapshot099/science-10134e3a8570/execution-9c0eeb45174c_run001.json,d49b204d7e75a353f7b62406c19adffdddaa1bd425cc0ac0d62d75133d330f10,8e4800fb652c00a61fe7f7d378440d061fe526fc763b0238711d560df8755539,power-spectrum.combined,migrated
results/aida-tng/L35n1080_vSIDM/gas/power-spectrum/smoothed-sphere_both/snapshot017_grid256/threads8_run001.json,91247e2aebee0e25709432dec5af11f9f063846dc27eae455d6c81d14f0906a5,results/aida-tng/L35n1080_vSIDM/power-spectrum/power-spectrum.combined/gas/snapshot017/science-49aa91da8dc6/execution-9c0eeb45174c_run001.json,3b8dea1cdb41c1d2128bcd660b33ab33081fda8f7f5c8d9555e7ced83b2089f6,65ade285bdfaff6d071b07c04756ba36398014e2b4d8c4bee9b29905f1cece31,power-spectrum.combined,migrated
results/aida-tng/L35n1080_vSIDM/gas/power-spectrum/smoothed-sphere_both/snapshot017_grid512/threads8_run001.json,5ed6b65958eb44e9a1980b0c0376f5a7a46afe1c3057c07bb6338288ee63be8b,results/aida-tng/L35n1080_vSIDM/power-spectrum/power-spectrum.combined/gas/snapshot017/science-2f5e759c4dfa/execution-9c0eeb45174c_run001.json,0803e7f79a456e62d5a0ccf5d5722fe04b07680f3bf7dc8b033b0fdd52ab77b3,3cea07b42c92ca4e4170e5aa237a6234ee6a473e020a000fdc7d7a4248ab1c87,power-spectrum.combined,migrated
results/aida-tng/L35n1080_vSIDM/gas/power-spectrum/smoothed-sphere_both/snapshot025_grid256/threads8_run001.json,014aa7af243fe2d883b258b3944c57a2afef824ec9c8153a48aafca731732b18,results/aida-tng/L35n1080_vSIDM/power-spectrum/power-spectrum.combined/gas/snapshot025/science-d3b48725ee65/execution-9c0eeb45174c_run001.json,14df2bd092c891024b2abc7464c153ed99ac88fa6b2cca8c73bc0ddfb935ff17,b40210b743f99f83a4571963f9e5174394cff9c92ebdd3a2261bf0a1b7549354,power-spectrum.combined,migrated
results/aida-tng/L35n1080_vSIDM/gas/power-spectrum/smoothed-sphere_both/snapshot025_grid512/threads8_run001.json,e87ffe39b1348fc787beb9d25721e07b11f369c5a35cb171456692bbf89329aa,results/aida-tng/L35n1080_vSIDM/power-spectrum/power-spectrum.combined/gas/snapshot025/science-3a941ee04d72/execution-9c0eeb45174c_run001.json,cecc5f1eef6d765d2a995e364847876494b6856dbaa683bbea9437a166da7769,bfd365b2f097b8e6e73108368246d5ef13f406fa48201000883da7393bc9cec0,power-spectrum.combined,migrated
results/aida-tng/L35n1080_vSIDM/gas/power-spectrum/smoothed-sphere_both/snapshot033_grid256/threads8_run001.json,330f246e07bc2a6a1660cf43eb9f48a3835dab5ed028e8f1c7a69defe66df4ac,results/aida-tng/L35n1080_vSIDM/power-spectrum/power-spectrum.combined/gas/snapshot033/science-2e7310fcdf7c/execution-9c0eeb45174c_run001.json,952bf71ce9b1dabcfaad7af9f2b1d7cfc71cdea17b91246f9bfa4b960aee9704,90beddd56a2cdd8969c0c3e2dfbd718dc1a9d90df3cdae77835d91461ef2cd0b,power-spectrum.combined,migrated
results/aida-tng/L35n1080_vSIDM/gas/power-spectrum/smoothed-sphere_both/snapshot033_grid512/threads8_run001.json,5cbd9bec9043fc886dcbd8b8d7f2798e9f1d9f5edb1ca582bcd4db6dba70a0d0,results/aida-tng/L35n1080_vSIDM/power-spectrum/power-spectrum.combined/gas/snapshot033/science-05f663f21e9f/execution-9c0eeb45174c_run001.json,2019cde5869156b5424f4546d67eb8ab151a94871b57954a4ba698eaab7f76a2,0d2f052345330f37894a95ec661cfa51629a9417a393d42d9a732551d362d1a8,power-spectrum.combined,migrated
results/aida-tng/L35n1080_vSIDM/gas/power-spectrum/smoothed-sphere_both/snapshot050_grid256/threads8_run001.json,0befd8205bd315ed9aaf1be85e63926eeb11fc32ecaa71faa595da07e8ddca35,results/aida-tng/L35n1080_vSIDM/power-spectrum/power-spectrum.combined/gas/snapshot050/science-6cbf78892918/execution-9c0eeb45174c_run001.json,eaf72c5586245dfb7f62dd772f2d8a27e9a28288172023c926318ced3d95bf0f,1a7d2300038a0e2e302120ff2745ae197af206dbdc12c7a5ed12b11baffb3767,power-spectrum.combined,migrated
results/aida-tng/L35n1080_vSIDM/gas/power-spectrum/smoothed-sphere_both/snapshot050_grid512/threads8_run001.json,05e0d35bd17ad3034e605e760eac452397c3037dd1a0129cd846c7840aee95e4,results/aida-tng/L35n1080_vSIDM/power-spectrum/power-spectrum.combined/gas/snapshot050/science-9fc5e7ff4d7e/execution-9c0eeb45174c_run001.json,0647986619bc0709000e2c5bc444c29fe7774a08a1ac037710fdc6232500db44,da6d73253aa3f05235735e5643c9c0bf57834cf197e5c5958c5dc3f0c3bbf3d7,power-spectrum.combined,migrated
results/aida-tng/L35n1080_vSIDM/gas/power-spectrum/smoothed-sphere_both/snapshot067_grid256/threads8_run001.json,f12da8e518ffbd5d67f018e5d04a22e2e14a3930593db0a93ddccb72ac66fb3b,results/aida-tng/L35n1080_vSIDM/power-spectrum/power-spectrum.combined/gas/snapshot067/science-4f1cb293f96f/execution-9c0eeb45174c_run001.json,604b593982a224e3b8327e976baa7b605105ce265802b193818ce4be73d68d96,db852292c94be16541cac6fa98fad9478bc68540f26776b87d73b6ed16c90f2d,power-spectrum.combined,migrated
results/aida-tng/L35n1080_vSIDM/gas/power-spectrum/smoothed-sphere_both/snapshot067_grid512/threads8_run001.json,d2d161d18b5d282d75b472ad904d6bc2517205a0d030bf7cd499c452038ab5e3,results/aida-tng/L35n1080_vSIDM/power-spectrum/power-spectrum.combined/gas/snapshot067/science-56e93f22f812/execution-9c0eeb45174c_run001.json,9b8bf75e0a2cea625cba126ad8240d2090f9605446bc4956a46f89747e22776b,f00ec27a1c601d4fc2d49d73d6c79a450a6f9fcd21e246c5a3df587d277a1d98,power-spectrum.combined,migrated
results/aida-tng/L35n1080_vSIDM/gas/power-spectrum/smoothed-sphere_both/snapshot084_grid256/threads8_run001.json,3ba233b1f4f4e368e0a19a55c41b58a405e530cf7eb48e077f25ef31344efb1e,results/aida-tng/L35n1080_vSIDM/power-spectrum/power-spectrum.combined/gas/snapshot084/science-c87ce5e156fd/execution-9c0eeb45174c_run001.json,9421d8c2c8cfe070ef39fc6370f259c93ca70e16f91c71d3926fc4c205fe3030,939dabec90a4af9bdba834e60d043a731f7e2d29928a7fcf40218d571d11b466,power-spectrum.combined,migrated
results/aida-tng/L35n1080_vSIDM/gas/power-spectrum/smoothed-sphere_both/snapshot084_grid512/threads8_run001.json,90097f9ddd357f4dcafc7fb491dd3df8663fac183a3c8924b08131b3112d696f,results/aida-tng/L35n1080_vSIDM/power-spectrum/power-spectrum.combined/gas/snapshot084/science-a45843e49227/execution-9c0eeb45174c_run001.json,3fab499e5aaa54fa5dfcfd603ab2f583b5c32376391a9d879620ceec0d09ae80,0264e5c51b023c1c5f5d9a6060151aad5eb07c79f860be45a70ccde807f0a799,power-spectrum.combined,migrated
results/aida-tng/L35n1080_vSIDM/gas/power-spectrum/smoothed-sphere_both/snapshot099_grid256/threads8_run001.json,cd0b8e91864781ef322fa51c2a16842def4f72ac62031dffa4739dcde3c11b12,results/aida-tng/L35n1080_vSIDM/power-spectrum/power-spectrum.combined/gas/snapshot099/science-c6f9dbb19e1f/execution-9c0eeb45174c_run001.json,96b576bcd900c7125c6b4a5b34bcd0dbc43adc6cfb11c0203622768c52332551,63dbddd0c8a0e660cfed2acdff0e8eca3f9afbae1d8efe6a2528bb795146faa8,power-spectrum.combined,migrated
results/aida-tng/L35n1080_vSIDM/gas/power-spectrum/smoothed-sphere_both/snapshot099_grid512/threads8_run001.json,2e40311a39e1b3e6c07ff6197dda9acac352394091b9ada7b832f4165c82e12b,results/aida-tng/L35n1080_vSIDM/power-spectrum/power-spectrum.combined/gas/snapshot099/science-b956d88fb63f/execution-9c0eeb45174c_run001.json,f16dc98f6a2a1b4b915990db1346864486612ad0d2dd9725423bedb5053b12d4,9b5c79e20af951a9bb39236472d8e6a6e294d5679bc425bf736fb7cf78af5a2c,power-spectrum.combined,migrated
results/aida-tng/L35n1080_vSIDM/gas/pylians/snapshot017_grid256/threads8_batch1_run001.json,4760021b2ecfb53847fc79f3b7be9480e20bde1207772737c825b3db7419cddc,results/aida-tng/L35n1080_vSIDM/clumping/clumping.pylians/gas/snapshot017/science-02046941a111/execution-97fe92315af2_run001.json,dd9e5e7c87c4d8e46d71ebde099aa4aa224da0ee0b63733b8fb0c03c387c5ce8,5d70e0ebf0282f7d99fce1e41637508d8e57800977612fc926240fa7e9f33d7c,clumping.pylians,migrated
results/aida-tng/L35n1080_vSIDM/gas/pylians/snapshot017_grid512/threads8_batch1_run001.json,b0f2aaeb083a80c2a95d29c33443f18174b95ee3e2aaae36f7128521bc28cfe3,results/aida-tng/L35n1080_vSIDM/clumping/clumping.pylians/gas/snapshot017/science-8a3c568ace1c/execution-7f2a6ce7505e_run001.json,0682f26a6a9d8c3ff993bf5510b4a6ed66203b9de1803ac496d0ca792adf2536,afcfae444366ef0fd04b4b8510094c5f29f2dad151724268ba6d52acfc2b69ca,clumping.pylians,migrated
results/aida-tng/L35n1080_vSIDM/gas/pylians/snapshot099_grid256/threads8_batch1_run001.json,92bb602f5d177b8bb419ba4eacf89ccbef774f0ad1df107544fa556b69750cd7,results/aida-tng/L35n1080_vSIDM/clumping/clumping.pylians/gas/snapshot099/science-789ca82b493f/execution-97fe92315af2_run001.json,c924e9b8860d5319be4a693500a42a37dc58dfda4723d5978cd697bcd37c268a,5d22b83a02b939c9bf9b2bc77df70815bbac94fe49dbf581ab0946bf5da7e41c,clumping.pylians,migrated
results/aida-tng/L35n1080_vSIDM/gas/pylians/snapshot099_grid512/threads8_batch1_run001.json,8ff4f81c6866a9dddccbaa96d604403f2fb19b1d36a942c39c7679c6aa2b502d,results/aida-tng/L35n1080_vSIDM/clumping/clumping.pylians/gas/snapshot099/science-e5027668ebad/execution-7f2a6ce7505e_run001.json,e9a24c32e9ebee24c452cc21b25f4b64c74a02259f88227bfb00aad002a474cd,044809424e53786906dbff64ccfac6ffbeab2a0093371ea6cbbee2ccc5f9741e,clumping.pylians,migrated
results/aida-tng/L35n1080_vSIDM/gas/raw-volume/snapshot017_grid256/threads1_batch1_run001.json,b8a3f4790108d160e4c4f5aad94b93debe61be7f0385ed2ac46874905f654b15,results/aida-tng/L35n1080_vSIDM/clumping/clumping.raw-volume-weighted/gas/snapshot017/science-7ca015b94dba/execution-83be40a864d4_run001.json,a2f90da0f5ef29b63d2853adb990849feb30509ab8cbd21d3679dc6358fad17c,d6e6b0ea55de3e50e88d669a4ed6315c74c6d67526eebd91a2425087a54503dd,clumping.raw-volume-weighted,migrated
results/aida-tng/L35n1080_vSIDM/gas/raw-volume/snapshot017_grid256/threads1_batch1_run001_rawmode-electron-hii.json,a5bedd4d993f51fef72ad4e3ab3d0999b8d59ab53a4087998d4a5b0cfbf9628e,results/aida-tng/L35n1080_vSIDM/clumping/clumping.raw-volume-weighted/gas/snapshot017/science-a49c35ec8aaf/execution-83be40a864d4_run001.json,9d1f83af2707b687f9bede1991a7cc1af48a0af4700feda10e43a48572c5aa11,355d70af0687a50728150530aa58205d7fa81ad0bbfd7bffb66b6350a55560ba,clumping.raw-volume-weighted,migrated
results/aida-tng/L35n1080_vSIDM/gas/raw-volume/snapshot017_grid512/threads1_batch1_run001.json,c775f69627fcdb112c5cd5bc5c143ae03646c3a42d3d66274a69a418631578dc,results/aida-tng/L35n1080_vSIDM/clumping/clumping.raw-volume-weighted/gas/snapshot017/science-7ca015b94dba/execution-83be40a864d4_run001.json,a2f90da0f5ef29b63d2853adb990849feb30509ab8cbd21d3679dc6358fad17c,d6e6b0ea55de3e50e88d669a4ed6315c74c6d67526eebd91a2425087a54503dd,clumping.raw-volume-weighted,deduplicated
results/aida-tng/L35n1080_vSIDM/gas/raw-volume/snapshot025_grid256/threads1_batch1_run001.json,f1ec1e22f0f6208382a3fa0cc72c3f5449185755961c104eae7d057f51717450,results/aida-tng/L35n1080_vSIDM/clumping/clumping.raw-volume-weighted/gas/snapshot025/science-7ca015b94dba/execution-83be40a864d4_run001.json,9e2bfc0dc88ee6ebff7bc580bd3ee6a410afb22a6b4ad3e182cec11ac50251e3,52ef318b6a9bb9bb4cb723b92baf67a7a5e9966036326eba978d005c36c02648,clumping.raw-volume-weighted,migrated
results/aida-tng/L35n1080_vSIDM/gas/raw-volume/snapshot025_grid512/threads1_batch1_run001.json,e77651b58dd961c6050b0c95296fcdb6e29bcd6d1d4013cfcfda6acebf7a2da1,results/aida-tng/L35n1080_vSIDM/clumping/clumping.raw-volume-weighted/gas/snapshot025/science-7ca015b94dba/execution-83be40a864d4_run001.json,9e2bfc0dc88ee6ebff7bc580bd3ee6a410afb22a6b4ad3e182cec11ac50251e3,52ef318b6a9bb9bb4cb723b92baf67a7a5e9966036326eba978d005c36c02648,clumping.raw-volume-weighted,deduplicated
results/aida-tng/L35n1080_vSIDM/gas/raw-volume/snapshot033_grid256/threads1_batch1_run001.json,d067172a7cfed7415e673af50a311ad51e4da4d4de69ed097b7d7d387fed9d0c,results/aida-tng/L35n1080_vSIDM/clumping/clumping.raw-volume-weighted/gas/snapshot033/science-7ca015b94dba/execution-83be40a864d4_run001.json,d0b0e0fa2ed7ff6c01641f8787c95817066a4d5c3af9268827e43fb054c35dcc,f0f181ef140a418db25db7447577e392d5167aec3f6f3939338dd4fd4ee0d2c7,clumping.raw-volume-weighted,migrated
results/aida-tng/L35n1080_vSIDM/gas/raw-volume/snapshot033_grid512/threads1_batch1_run001.json,060600bff68f6d6e29d543e5ada50ca4b16b88ccdaf23ccf4426cdc1e2453f10,results/aida-tng/L35n1080_vSIDM/clumping/clumping.raw-volume-weighted/gas/snapshot033/science-7ca015b94dba/execution-83be40a864d4_run001.json,d0b0e0fa2ed7ff6c01641f8787c95817066a4d5c3af9268827e43fb054c35dcc,f0f181ef140a418db25db7447577e392d5167aec3f6f3939338dd4fd4ee0d2c7,clumping.raw-volume-weighted,deduplicated
results/aida-tng/L35n1080_vSIDM/gas/raw-volume/snapshot050_grid256/threads1_batch1_run001.json,3f255e99264067d1ef3fef15f0467728b75d32eb7ea1890d6008ae6339d8c95f,results/aida-tng/L35n1080_vSIDM/clumping/clumping.raw-volume-weighted/gas/snapshot050/science-7ca015b94dba/execution-83be40a864d4_run001.json,1c87215a1a9681eaec570aa4136ebcb54e3bfce440dbd0c1bf3ebfb74298ee40,64165d1a32e7e7b146bea35ef511486f0c523c5190996f1149d40427579b8ee0,clumping.raw-volume-weighted,migrated
results/aida-tng/L35n1080_vSIDM/gas/raw-volume/snapshot050_grid512/threads1_batch1_run001.json,4b909fe370af285cb62294e08483780980154202b1774f52594de0550b39343b,results/aida-tng/L35n1080_vSIDM/clumping/clumping.raw-volume-weighted/gas/snapshot050/science-7ca015b94dba/execution-83be40a864d4_run001.json,1c87215a1a9681eaec570aa4136ebcb54e3bfce440dbd0c1bf3ebfb74298ee40,64165d1a32e7e7b146bea35ef511486f0c523c5190996f1149d40427579b8ee0,clumping.raw-volume-weighted,deduplicated
results/aida-tng/L35n1080_vSIDM/gas/raw-volume/snapshot067_grid256/threads1_batch1_run001.json,bb0caa5438db3ea31e283867e942aaf6b846d74d6da9229de3ee96f51c093ccf,results/aida-tng/L35n1080_vSIDM/clumping/clumping.raw-volume-weighted/gas/snapshot067/science-7ca015b94dba/execution-83be40a864d4_run001.json,8f4ca029b56040d1201d6dcb0270af787fa189b55b5795a3a378465827f7decf,c809a6fd2ba5706739719fd45f231929a2c9d12ceb7805c4dcc64afc001c20e3,clumping.raw-volume-weighted,migrated
results/aida-tng/L35n1080_vSIDM/gas/raw-volume/snapshot067_grid512/threads1_batch1_run001.json,506e4b0868dddf2b5cfc3e51f0f8cb3a43ba12a76f19032e68ddb4a8a8c47f20,results/aida-tng/L35n1080_vSIDM/clumping/clumping.raw-volume-weighted/gas/snapshot067/science-7ca015b94dba/execution-83be40a864d4_run001.json,8f4ca029b56040d1201d6dcb0270af787fa189b55b5795a3a378465827f7decf,c809a6fd2ba5706739719fd45f231929a2c9d12ceb7805c4dcc64afc001c20e3,clumping.raw-volume-weighted,deduplicated
results/aida-tng/L35n1080_vSIDM/gas/raw-volume/snapshot084_grid256/threads1_batch1_run001.json,0dca95f344615d33a2d7cd36eee095a2a18ee77ff553eb26612a9344247ea8eb,results/aida-tng/L35n1080_vSIDM/clumping/clumping.raw-volume-weighted/gas/snapshot084/science-7ca015b94dba/execution-83be40a864d4_run001.json,3c711f115e0046aee1dd33cb81dbbc4a72aefb8fa806e9bd80e7436709ed03bf,846e5bdd72aaef8728dce52b1c82f2a26c58960f50cc41388bab7ef9b0de047b,clumping.raw-volume-weighted,migrated
results/aida-tng/L35n1080_vSIDM/gas/raw-volume/snapshot084_grid512/threads1_batch1_run001.json,a9b07140986ad8971d2b44f8cf4a13b9da7c6b8814898f685d4ce80e50e14912,results/aida-tng/L35n1080_vSIDM/clumping/clumping.raw-volume-weighted/gas/snapshot084/science-7ca015b94dba/execution-83be40a864d4_run001.json,3c711f115e0046aee1dd33cb81dbbc4a72aefb8fa806e9bd80e7436709ed03bf,846e5bdd72aaef8728dce52b1c82f2a26c58960f50cc41388bab7ef9b0de047b,clumping.raw-volume-weighted,deduplicated
results/aida-tng/L35n1080_vSIDM/gas/raw-volume/snapshot099_grid256/threads1_batch1_run001.json,e10ebd5bbab3ce251c258d178ffa067192a05100dc05c41d92b849b0cfa1b05b,results/aida-tng/L35n1080_vSIDM/clumping/clumping.raw-volume-weighted/gas/snapshot099/science-7ca015b94dba/execution-83be40a864d4_run001.json,e2c3ee41211d80fdd41db0469816390d5c2b4c78d05402da0eda12d59477e8ad,15cb1867e623ff7553a2049132553918bac5c504ae04b2a9723a3018a6aaf980,clumping.raw-volume-weighted,migrated
results/aida-tng/L35n1080_vSIDM/gas/raw-volume/snapshot099_grid256/threads1_batch1_run001_rawmode-electron-hii.json,fb9409dae5188f9046c1e99a13e11c4ff17a915d10cb522a1173c3c8244e969f,results/aida-tng/L35n1080_vSIDM/clumping/clumping.raw-volume-weighted/gas/snapshot099/science-a49c35ec8aaf/execution-83be40a864d4_run001.json,358308bf7880f3fe2383ab8d08899972f0d688821de479a24fae89f3e55d8aa1,307685405325c2f6307646bb498ff8b3ed4122d30238d9cd594924aad03e7ebc,clumping.raw-volume-weighted,migrated
results/aida-tng/L35n1080_vSIDM/gas/raw-volume/snapshot099_grid512/threads1_batch1_run001.json,5d4bd5f6691eb0e11f5087ebf96d9846c245e583805cbdbee49a0a8d9baccb07,results/aida-tng/L35n1080_vSIDM/clumping/clumping.raw-volume-weighted/gas/snapshot099/science-7ca015b94dba/execution-83be40a864d4_run001.json,e2c3ee41211d80fdd41db0469816390d5c2b4c78d05402da0eda12d59477e8ad,15cb1867e623ff7553a2049132553918bac5c504ae04b2a9723a3018a6aaf980,clumping.raw-volume-weighted,deduplicated
results/aida-tng/L35n1080_vSIDM/gas/sphere/snapshot017_grid256/threads8_batch1_run001.json,ccaee797d2eb0f30ab47a6b37e17e4e70a9752e1b2eb500c585275101441020e,results/aida-tng/L35n1080_vSIDM/clumping/clumping.sphere/gas/snapshot017/science-15691638e80b/execution-97fe92315af2_run001.json,207543e29a574f07820cf63ce65c788334bc97f57ea0e3b186cd727f6e7b3186,6a5b7584240ed18858c3fe06460f1bc71a6f3594aef71936b836726a247d9a0a,clumping.sphere,migrated
results/aida-tng/L35n1080_vSIDM/gas/sphere/snapshot017_grid512/threads8_batch1_run001.json,e2c5e6600be26a1b25df24e9432eb22ba45f7a8a50b4fe6588c6fe056b355168,results/aida-tng/L35n1080_vSIDM/clumping/clumping.sphere/gas/snapshot017/science-8c3b8f6c220b/execution-7f2a6ce7505e_run001.json,5f9c9ec6095b364976a3d857f6da7c4a06159ad0f055cc817620fde335c96c1a,f005d916fafdedb38619b9ca65b6936fc8fe6183993cd53af3900e44c5ff5b14,clumping.sphere,migrated
results/aida-tng/L35n1080_vSIDM/gas/sphere/snapshot099_grid256/threads8_batch1_run001.json,dd494d1d74153e994ce47cd7acac53247345b6534dd4b30a4ee7ca9b56468ba3,results/aida-tng/L35n1080_vSIDM/clumping/clumping.sphere/gas/snapshot099/science-746768960a49/execution-97fe92315af2_run001.json,886cfadfc13db983114cea7300b8b12a2f63783165f370183d6064382c3dacf3,9b9022a088c94572ffd8da83f5e5d2fb6c9efd8bff7ffdd795d53d20c2140047,clumping.sphere,migrated
results/aida-tng/L35n1080_vSIDM/gas/sphere/snapshot099_grid512/threads8_batch1_run001.json,e68a7842da7b09ac077cd75eb6e629e94b05096d9ffaee252ed555487376fd4b,results/aida-tng/L35n1080_vSIDM/clumping/clumping.sphere/gas/snapshot099/science-0c5c801fbc8f/execution-7f2a6ce7505e_run001.json,f9b1d9ce9f3b0080f6ed855e7e3017079c910273e0d4dc210470e53bc0f201c4,16619cde5177742c82b9a96fca5ea71ee520ba3310c2188022af5d4e88b3ed59,clumping.sphere,migrated
results/aida-tng/L75n910_CDM/dm/power-spectrum/mas-only_both/snapshot017_grid256/threads8_run001.json,6d8ba87d9599fec5087ac10beb8a2ff8da356b9a6cc9523010cc9bda88e7f217,results/aida-tng/L75n910_CDM/power-spectrum/power-spectrum.combined/dm/snapshot017/science-197dc5ed2012/execution-dad87b62e8e5_run001.json,1df53fa9ee22e614878ae0ccadced560db8af4b02073efe608076eeb0a9a3aa8,3c63236b8f10582846c623de529fcf88c1e88c81fa2fe9087708207dae5eba57,power-spectrum.combined,migrated
results/aida-tng/L75n910_CDM/dm/power-spectrum/mas-only_both/snapshot017_grid512/threads8_run001.json,fdc999a76b11927583f0b029919af6b634ce5829b2548fd3f38027d78a52c0ee,results/aida-tng/L75n910_CDM/power-spectrum/power-spectrum.combined/dm/snapshot017/science-dd74c9268aa9/execution-dad87b62e8e5_run001.json,eb77480dc88ff0e1edfffddcd95583f23084d56a3aea0ba548864a1f56bfffa7,bb76775786e3d59dec47c09b991dbea684907eaabf5864713b431c160bb57f28,power-spectrum.combined,migrated
results/aida-tng/L75n910_CDM/dm/power-spectrum/mas-only_both/snapshot025_grid256/threads8_run001.json,17f8091db3bbbe307a3a3edc02996b7a92f0480cc1ceacb0dd1301993a172ed2,results/aida-tng/L75n910_CDM/power-spectrum/power-spectrum.combined/dm/snapshot025/science-18ebcbb91bae/execution-dad87b62e8e5_run001.json,f3e38586760e260b714a69592ece80c969d55bea1cbc67a75a312a19a062bb33,0cccbe5e61ab19c87e441151cc56c6eda9de92eae03b6bef7baff58b0e19711b,power-spectrum.combined,migrated
results/aida-tng/L75n910_CDM/dm/power-spectrum/mas-only_both/snapshot025_grid512/threads8_run001.json,b805fb31531fc59cf5676016db853e53871ed44a3a2bb7b2cd33e0b6b56954b9,results/aida-tng/L75n910_CDM/power-spectrum/power-spectrum.combined/dm/snapshot025/science-f8741bb08fc2/execution-dad87b62e8e5_run001.json,364c588b8b689c5d7308ea3e14798b7909c95d058e33dbcff7a97423a884df68,dd57153eb3ac3de9ee4f9379ba840e8fb8359c74c118de6a0a59b0ef4dad2344,power-spectrum.combined,migrated
results/aida-tng/L75n910_CDM/dm/power-spectrum/mas-only_both/snapshot033_grid256/threads8_run001.json,e33c992c43a34e5132225b61d60cb0365091cb4ecd693f46c36e3dd02bb85f52,results/aida-tng/L75n910_CDM/power-spectrum/power-spectrum.combined/dm/snapshot033/science-18ebcbb91bae/execution-dad87b62e8e5_run001.json,772d31703b08a0b1dde1bf33840576e63091f72e47de5a2d95e980b1ee1932d7,cc15eff90174d2cbb2873658a52a6593467365500817fdb1499bb0f1610b87b8,power-spectrum.combined,migrated
results/aida-tng/L75n910_CDM/dm/power-spectrum/mas-only_both/snapshot033_grid512/threads8_run001.json,50bd3db84070677fedd0835a0864f7952b1407bd8e82c38b2b1a5ef4e4e7ba82,results/aida-tng/L75n910_CDM/power-spectrum/power-spectrum.combined/dm/snapshot033/science-9a7bd8941470/execution-dad87b62e8e5_run001.json,aebeb28c80109d52cc8816b4fa6e4cd710ca518c9ca2d84bb66e99a0f3e5482e,0d80590689553b67f65a9d5487f2f67321c775699a27329d9005a381c21217da,power-spectrum.combined,migrated
results/aida-tng/L75n910_CDM/dm/power-spectrum/mas-only_both/snapshot050_grid256/threads8_run001.json,3496bcb4af2ec372e7757c8bcad8d8a3790aa6214069658f5c0fb21ab53c87d1,results/aida-tng/L75n910_CDM/power-spectrum/power-spectrum.combined/dm/snapshot050/science-3d96298d6e55/execution-dad87b62e8e5_run001.json,826b9fe811e53dc9104d620548be811d155483b1dd79221dff3aca7e75526eb4,89688cb30071b1242feff7394ec1eae2a8230188bb81e4d38b5a46f6b602e79e,power-spectrum.combined,migrated
results/aida-tng/L75n910_CDM/dm/power-spectrum/mas-only_both/snapshot050_grid512/threads8_run001.json,80011f02118707e3469697cc58133d9f00220906932aceedd8aecba08e0099cf,results/aida-tng/L75n910_CDM/power-spectrum/power-spectrum.combined/dm/snapshot050/science-a39868d15b3b/execution-dad87b62e8e5_run001.json,88ba7af734b985de3ff1f5fcd894c837cfc0fb1c8842814c77978d821a4e0a04,972181aaa70691a659a7fa323f5bb2680417269bfd0063f15d6df264108bcd61,power-spectrum.combined,migrated
results/aida-tng/L75n910_CDM/dm/power-spectrum/mas-only_both/snapshot067_grid256/threads8_run001.json,9670c67a220407f3685043917105a0728d88ed676d492e90833155a8b5c51d76,results/aida-tng/L75n910_CDM/power-spectrum/power-spectrum.combined/dm/snapshot067/science-3c027c7ec521/execution-dad87b62e8e5_run001.json,ac3fb3091c97203aeb868b93571b22218d5f4d9965bfc637ea3e3c808b59c5e8,74937963b2a3c4183c5d9f4ac261c0281457beb343f273c3d16faf64543ffbc9,power-spectrum.combined,migrated
results/aida-tng/L75n910_CDM/dm/power-spectrum/mas-only_both/snapshot067_grid512/threads8_run001.json,7364c9c9973fca4c33c8e426c84d38a56b81144618aed8ba600d60a5e83bc69e,results/aida-tng/L75n910_CDM/power-spectrum/power-spectrum.combined/dm/snapshot067/science-cfc68b7ca07c/execution-dad87b62e8e5_run001.json,3aa74c7a90d1a32f5479d6be1c2feb93d9ef37ba1a90f2fd062c4793a4df45bf,1e196a30e145c68184e2f6f5278879967005dbdbba7982cbd5b2869ec595c186,power-spectrum.combined,migrated
results/aida-tng/L75n910_CDM/dm/power-spectrum/mas-only_both/snapshot084_grid256/threads8_run001.json,a89c8940bdcd77c749c62eefcff5b336bed6634a77c886d7816e77ab51e42108,results/aida-tng/L75n910_CDM/power-spectrum/power-spectrum.combined/dm/snapshot084/science-8fc795810d52/execution-dad87b62e8e5_run001.json,c7525191b72fd00d3a78c2506b16edae9a2c02b92fba6b86bd79f008f9645e0f,3d4ba5851ebae320dc7233d21f70e327627f722d43199e486b797e6ab2cd379d,power-spectrum.combined,migrated
results/aida-tng/L75n910_CDM/dm/power-spectrum/mas-only_both/snapshot084_grid512/threads8_run001.json,31ef79fb6815d0c930a33ae14a2f62f3ff861ad8c0f2507678468b007529f141,results/aida-tng/L75n910_CDM/power-spectrum/power-spectrum.combined/dm/snapshot084/science-3cbbc6684deb/execution-dad87b62e8e5_run001.json,26fb4e9974bd1b9a6555ebbe3590e8d13ec4b238d15b86011dec142cfe2efacc,bc71fd2cb2209025ebde5b849be756a0941d45f02c4509f62ffe75dbfbf22c6b,power-spectrum.combined,migrated
results/aida-tng/L75n910_CDM/dm/power-spectrum/mas-only_both/snapshot099_grid1024/threads8_run001.json,16e8cbbc84f045b4b4cb9b7e8516c224367e485a011206851b69c94e6d8bc0d2,results/aida-tng/L75n910_CDM/power-spectrum/power-spectrum.combined/dm/snapshot099/science-ef513e017f21/execution-828951378904_run001.json,4ab62b5f3c1767f716ecdf13bb02b787650439e14efe21f940cbf9bb241226d3,65a7d5186d335df902fc5b4600048006e9ef0873298e3cba01086e0f14adeed2,power-spectrum.combined,migrated
results/aida-tng/L75n910_CDM/dm/power-spectrum/mas-only_both/snapshot099_grid256/threads8_run001.json,0f4c2694cb02b26443c43763c51b40375543425bb7ea92059c29102f902db988,results/aida-tng/L75n910_CDM/power-spectrum/power-spectrum.combined/dm/snapshot099/science-21023fd213c1/execution-828951378904_run001.json,4f621b6ef4f0038e2701efb579447756902a76c0142768b65e54e5d293469e0d,48f9416293831e28cf370f4750bbc5d45824e9b665c813efd78a19066b7386a5,power-spectrum.combined,migrated
results/aida-tng/L75n910_CDM/dm/power-spectrum/mas-only_both/snapshot099_grid512/threads8_run001.json,35c1477de6dd50fff3b1aae550a742d2dc8d7233d7b5702327f4f3d0edf035cc,results/aida-tng/L75n910_CDM/power-spectrum/power-spectrum.combined/dm/snapshot099/science-a2fec7070901/execution-828951378904_run001.json,53580d87c0fc89944516441a8a7d2e2aa2dd97ca7d0e4ad314d1bafee07c76da,70d6e93dfc756ed4bb63c600303e6acb86a84cf3faeca030d7fabd124fc24b45,power-spectrum.combined,migrated
results/aida-tng/L75n910_CDM/dm/power-spectrum/smoothed-cube_both/snapshot099_grid1024/threads8_run001.json,997228a6942aa82dffd39f15ac22a80531d298400c6849faef83b5230d0cd294,results/aida-tng/L75n910_CDM/power-spectrum/power-spectrum.combined/dm/snapshot099/science-8a49ce135021/execution-97bb77bc24f0_run001.json,3c95ddaa24ea629df64feeb951420c3dc828751864c8af8a79caa93a756f324d,084b842f467c97c725c1d1ba535ccd7d5abfd6c8b9266698bff1f51a30dea313,power-spectrum.combined,migrated
results/aida-tng/L75n910_CDM/dm/power-spectrum/smoothed-cube_both/snapshot099_grid256/threads8_run001.json,dcadfd04813d7e7f78864624793b2527aeea9857db7dcfb9c1b4b56d4318cdb1,results/aida-tng/L75n910_CDM/power-spectrum/power-spectrum.combined/dm/snapshot099/science-72356e7b956a/execution-97bb77bc24f0_run001.json,e05cf00bf3fa96827a8249f28b37ca65e96fa0fe983e61b8b5abf70547d0cf83,b0a5285704c8b39f692f8e3fe8d02b6df591c4d7a3fad186f5999b78abb22b91,power-spectrum.combined,migrated
results/aida-tng/L75n910_CDM/dm/power-spectrum/smoothed-cube_both/snapshot099_grid512/threads8_run001.json,a045037b61ed275e310b60524dd538a06fbbb254cc6b6d87f25ed879f18981dc,results/aida-tng/L75n910_CDM/power-spectrum/power-spectrum.combined/dm/snapshot099/science-27273b88e94c/execution-97bb77bc24f0_run001.json,f11a825504323431ae864c1ebdc0f669d0d8ce003103282d76e941811fdb69c3,5ffbf393dab5ccb0627009ef1a7ac8f99651206d1076830f756cb437a245788b,power-spectrum.combined,migrated
results/aida-tng/L75n910_CDM/dm/power-spectrum/smoothed-pylians_both/snapshot017_grid256/threads8_run001.json,6680133b050ca7da4825420b25447dfb0dd4d47d768819178b5357a574076ba0,results/aida-tng/L75n910_CDM/power-spectrum/power-spectrum.combined/dm/snapshot017/science-70c12d0643d1/execution-9c0eeb45174c_run001.json,7be90dc6ce43e8963e4feace900aa20e5c558f62ef59e5a82a873c6e076232ea,5816aea6f5710c6415ed3bdcb6432fffda7a785fb98fc172fbe87e19f53e238c,power-spectrum.combined,migrated
results/aida-tng/L75n910_CDM/dm/power-spectrum/smoothed-pylians_both/snapshot017_grid512/threads8_run001.json,df05e92c7c0059ac9f3bfc9d0eb496bfdb311d4a51bfe740e96b01c4539f1ef7,results/aida-tng/L75n910_CDM/power-spectrum/power-spectrum.combined/dm/snapshot017/science-733d2579d96e/execution-9c0eeb45174c_run001.json,d7a7e4767e8bcf73348c2994e4b33c1464c7ac894b352a324dee87739a9602ed,b07cc2e17635cdf52e454f9ce544ce028fc3b3dc87152cb6a5a429cbbe5a499f,power-spectrum.combined,migrated
results/aida-tng/L75n910_CDM/dm/power-spectrum/smoothed-pylians_both/snapshot025_grid256/threads8_run001.json,0371bba458f899e49534b0b38f437b82bcfd52b1f0596740bd6448fa4e1748d6,results/aida-tng/L75n910_CDM/power-spectrum/power-spectrum.combined/dm/snapshot025/science-1e82c6f58c4a/execution-9c0eeb45174c_run001.json,efab7d339da92369031d1fabef6ecc4ba6e57b61135a9307a61b62a4f770cb9f,03e44bedda33d7568a05c00735b6430961c11d1b8d58b0343cae9ae26a18dbd2,power-spectrum.combined,migrated
results/aida-tng/L75n910_CDM/dm/power-spectrum/smoothed-pylians_both/snapshot025_grid512/threads8_run001.json,5b64cf616a66bce715c67ab38a3575b94735a12a3feb18c3a4668e7f83dfc450,results/aida-tng/L75n910_CDM/power-spectrum/power-spectrum.combined/dm/snapshot025/science-44f9fb74554a/execution-9c0eeb45174c_run001.json,c332fcc8e9f280d20bc97479d979a90d519f42244eb183fb70319d18472d0156,309cfb6b8fb594733dc643803021cd9a91637c29709afb26617aac7341f878ff,power-spectrum.combined,migrated
results/aida-tng/L75n910_CDM/dm/power-spectrum/smoothed-pylians_both/snapshot033_grid256/threads8_run001.json,bdfb6de7525f1624462917990b4619905b8c6d0e03d8fc20de4ae9217f8b5661,results/aida-tng/L75n910_CDM/power-spectrum/power-spectrum.combined/dm/snapshot033/science-233dfb7274f3/execution-9c0eeb45174c_run001.json,d2fdaf1578223b10582431c9cf0c28231fa470fbc39ff99e4f14dee1fb4bc598,bf94ff5589500bb48d3df9b7ae64d388fbb8a663fb1ed079e59dec91e3e3618b,power-spectrum.combined,migrated
results/aida-tng/L75n910_CDM/dm/power-spectrum/smoothed-pylians_both/snapshot033_grid512/threads8_run001.json,d69556071a068f2176c9eb8fbf0254658f4b343c841ca90413f1ef5dae60a83d,results/aida-tng/L75n910_CDM/power-spectrum/power-spectrum.combined/dm/snapshot033/science-d77078559fe8/execution-9c0eeb45174c_run001.json,cf9b95a61c842ed0e82406adf56d06915e4f11e258e586525e767ed3e97e57dd,c49f827da9d81d725bdee4c714eda0fcd476a97f9fe6bf6089a9fe4dade9eeff,power-spectrum.combined,migrated
results/aida-tng/L75n910_CDM/dm/power-spectrum/smoothed-pylians_both/snapshot050_grid256/threads8_run001.json,56a5a13f5730c1fffe62b0a53e8184dfe453a9495817a717828b9d4d005c7020,results/aida-tng/L75n910_CDM/power-spectrum/power-spectrum.combined/dm/snapshot050/science-e51760c88357/execution-9c0eeb45174c_run001.json,da38b51b1e8485179658c80ceb45234382cf869ea42892b56d9fc9ead12009df,0881a15b6711a82ff36326620144350a898fcd149f7064044662e4bd2c11e5ed,power-spectrum.combined,migrated
results/aida-tng/L75n910_CDM/dm/power-spectrum/smoothed-pylians_both/snapshot050_grid512/threads8_run001.json,fbeff92a9116c21b66e84d84161b1293b8fbccedfe35f56cd1e828260c08f0e9,results/aida-tng/L75n910_CDM/power-spectrum/power-spectrum.combined/dm/snapshot050/science-18c06f2deaae/execution-9c0eeb45174c_run001.json,7652e285ebb04fff651060367e63211a905712d1d87ea81b93d7f5bdbdc7a7cd,0ce7c146933458dc84cd2321f1941d347050b92476ec0314a2cd9774bcce3036,power-spectrum.combined,migrated
results/aida-tng/L75n910_CDM/dm/power-spectrum/smoothed-pylians_both/snapshot067_grid256/threads8_run001.json,3ad7096d649ed82c2895dfbeb70728e2897ffef35a26067858f68537ff32e04a,results/aida-tng/L75n910_CDM/power-spectrum/power-spectrum.combined/dm/snapshot067/science-621b13953ee2/execution-9c0eeb45174c_run001.json,72b71a562a39e2324c7f6b968c73a64b04c6437e238469fbf31c1d98c03dfd2a,08c792275969f76bfca9f1e97e4df4889f883fea26e650e6922ee149d0862578,power-spectrum.combined,migrated
results/aida-tng/L75n910_CDM/dm/power-spectrum/smoothed-pylians_both/snapshot067_grid512/threads8_run001.json,ae2295bc2a5eae25804fe971e47f95beecec434032982b49d97768a905bd1dd4,results/aida-tng/L75n910_CDM/power-spectrum/power-spectrum.combined/dm/snapshot067/science-fa2f90295754/execution-9c0eeb45174c_run001.json,53315612019487c9b363a236528d7128ab18f1beada06ecb82b38ac3c25885f9,47cc18f1f60ea8b5205e27a98a6b8c00d32f1fd01adde29d884d7554bded56ea,power-spectrum.combined,migrated
results/aida-tng/L75n910_CDM/dm/power-spectrum/smoothed-pylians_both/snapshot084_grid256/threads8_run001.json,b266253847151c11cc75908119f99a57f166146dfc47e625a65be9e1913a3d64,results/aida-tng/L75n910_CDM/power-spectrum/power-spectrum.combined/dm/snapshot084/science-8e000803d781/execution-9c0eeb45174c_run001.json,fc55193387e53826b7ee5d71191181f4cebb446c76db09289e43b6e6bdeb594e,bc039ad108ecdad2e9242a54263edb84681980a404ac5715f77eea9c81c64cd2,power-spectrum.combined,migrated
results/aida-tng/L75n910_CDM/dm/power-spectrum/smoothed-pylians_both/snapshot084_grid512/threads8_run001.json,8b5df3de4f706bf726a09b8589236f84d9303ed682582e5997123d8c78d9ad78,results/aida-tng/L75n910_CDM/power-spectrum/power-spectrum.combined/dm/snapshot084/science-eb872a81f7c2/execution-9c0eeb45174c_run001.json,2cee957dfddff49159eb52cd82fe14c5f5164f511c613e470ed22d4079a04f8a,1aa7ca9381937bd32844245b6a074b4aed8af6aff2f7f06f6d3206b3fcec7675,power-spectrum.combined,migrated
results/aida-tng/L75n910_CDM/dm/power-spectrum/smoothed-pylians_both/snapshot099_grid1024/threads8_run001.json,832eed500f3f8b3afe5f3162309efe5bb2e31df6014a3cbf1b6c76cbd051eb4b,results/aida-tng/L75n910_CDM/power-spectrum/power-spectrum.combined/dm/snapshot099/science-8f67e8593aaf/execution-97bb77bc24f0_run001.json,4cd5fe712b03d67fda1dbd4131feeb226a8a190449c175ed640db6827d0c08de,a153005ad09434d31fe985d5c4be234eb00893d74f5d2ef236166776e11c6f09,power-spectrum.combined,migrated
results/aida-tng/L75n910_CDM/dm/power-spectrum/smoothed-pylians_both/snapshot099_grid256/threads8_run001.json,b4738b818bacb49ab0529b1b07beab4564865f1ac5bfb0077aa18a55e6ff3032,results/aida-tng/L75n910_CDM/power-spectrum/power-spectrum.combined/dm/snapshot099/science-944c33f54d98/execution-97bb77bc24f0_run001.json,7a324ac2bb940f804b039e276f78927aad292955a3e4001120eaaa0ff6a7e456,6731545ad53a6b49d7c70d0dd86f3e3488d73107afc187380c779094958edee5,power-spectrum.combined,migrated
results/aida-tng/L75n910_CDM/dm/power-spectrum/smoothed-pylians_both/snapshot099_grid512/threads8_run001.json,20677c755ad38d68d66c2fa4b1f32623b681c56e8d4461f042a4ab6724aa8f1f,results/aida-tng/L75n910_CDM/power-spectrum/power-spectrum.combined/dm/snapshot099/science-50110d5f921d/execution-97bb77bc24f0_run001.json,3fc5e13762c5e8dbf295cf1e302e2781b1f1d3b01e60826d2d6000f2316f454f,c010004a54011bc08604e7cb60ba52b4f0f19edb79afdeadcd34dabae82325e6,power-spectrum.combined,migrated
results/aida-tng/L75n910_CDM/dm/power-spectrum/smoothed-pylians_pylians/snapshot099_grid1024/threads8_run001.json,f329ab6a6a8b68d13457f6647d14fc43099f981b980be136c0cb0a06d0f1ca5f,results/aida-tng/L75n910_CDM/power-spectrum/power-spectrum.pylians/dm/snapshot099/science-8a887a7b1a4b/execution-97bb77bc24f0_run001.json,724545295cb9dc5f8b16dd743cb1b19e09db1fa0d4de5622b3a98cb8d4e28ca7,ac2d82f3db8b6a6335cd58c2446ead70a0293fc3ee7c422f6e46f18dbdbe6987,power-spectrum.pylians,migrated
results/aida-tng/L75n910_CDM/dm/power-spectrum/smoothed-pylians_pylians/snapshot099_grid256/threads8_run001.json,1b5529e3871881d93a271f226b736f24707028d265c54ffa60d39860eadd25d4,results/aida-tng/L75n910_CDM/power-spectrum/power-spectrum.pylians/dm/snapshot099/science-be38b5c39f8c/execution-97bb77bc24f0_run001.json,4b11fff48f9fd469d7d8b02579cf6cabbaf95457e4c3f31478d2b9bb77185d3b,4e954fb7d4f946e51b7bd72e2e8db0192af7f8f88a5e7be8255a8958a6c00440,power-spectrum.pylians,migrated
results/aida-tng/L75n910_CDM/dm/power-spectrum/smoothed-pylians_pylians/snapshot099_grid512/threads8_run001.json,d14c52afabdc7a9e85574e657da52c7fbd2b2b2a6aa9084935b4ea92f21f40e2,results/aida-tng/L75n910_CDM/power-spectrum/power-spectrum.pylians/dm/snapshot099/science-6c8f7494bbda/execution-97bb77bc24f0_run001.json,d65a0d9987d1932ca4002dce1da7d1458ca6ef53ef92de9008de368b9eb4d21b,5d361cc7263a13a6adc724162c9829267be165198661cbbed0ff2f632fd712cd,power-spectrum.pylians,migrated
results/aida-tng/L75n910_CDM/dm/power-spectrum/smoothed-sphere_both/snapshot017_grid256/threads8_run001.json,0382b39b0ca4796509d16f70974f3f4a35b87c2cdc66b8b1ca8868c96b6d7a2c,results/aida-tng/L75n910_CDM/power-spectrum/power-spectrum.combined/dm/snapshot017/science-a7c011eb944e/execution-9c0eeb45174c_run001.json,7579a8a99c19a11a8e9e0d38b8d95d18e2f16c3650169159d3d61007dc83a962,8dc625e07b1c597c4524dc6c5c1135450647e5aedbc1c7cb630bfa8abe6a570e,power-spectrum.combined,migrated
results/aida-tng/L75n910_CDM/dm/power-spectrum/smoothed-sphere_both/snapshot017_grid512/threads8_run001.json,ea8434431694863fee9d9ed0b330b69d10f3d40d04a763a0594bbf56687ed5d0,results/aida-tng/L75n910_CDM/power-spectrum/power-spectrum.combined/dm/snapshot017/science-2b7d359cd029/execution-9c0eeb45174c_run001.json,00318fb5ff0a298661936c7269f5c12d677379630dee0e44860767d31f4ab867,7d61d09f768667cf1c1ed3fcde219387094c8d5b25680fb5f46137d14d50b4ea,power-spectrum.combined,migrated
results/aida-tng/L75n910_CDM/dm/power-spectrum/smoothed-sphere_both/snapshot025_grid256/threads8_run001.json,2e65707fb47986e110517cf5b2d3569f07a67b48c313750cbbcad204c47bf148,results/aida-tng/L75n910_CDM/power-spectrum/power-spectrum.combined/dm/snapshot025/science-640f393189cc/execution-9c0eeb45174c_run001.json,fa1c1dbaa02ce5cddba0e4c8f8cd2aada909a8828868e5d70327f4f7a60df8a8,8bf32a33fb948747148e2838efcfd9ac2e53cacddd9702215b49f93d1c8c45f9,power-spectrum.combined,migrated
results/aida-tng/L75n910_CDM/dm/power-spectrum/smoothed-sphere_both/snapshot025_grid512/threads8_run001.json,458f60c70b4a77bc9780f3cdf2d611872b9ab63572c7fec4241fb4a01b938af7,results/aida-tng/L75n910_CDM/power-spectrum/power-spectrum.combined/dm/snapshot025/science-7e1b6149b65f/execution-9c0eeb45174c_run001.json,3c871bd42fcdfefabab09d35d48f580e79a61dee29d818de0377d92589634bbe,00bee5040e6a1acbef42fb52af54b94e2b37ce94f28eaa34ffe6b1199070406f,power-spectrum.combined,migrated
results/aida-tng/L75n910_CDM/dm/power-spectrum/smoothed-sphere_both/snapshot033_grid256/threads8_run001.json,add4cd3e6f1c75959a854edef2beac193d9d14e307fb79bdc60c781fd83bf06a,results/aida-tng/L75n910_CDM/power-spectrum/power-spectrum.combined/dm/snapshot033/science-5450373f6196/execution-9c0eeb45174c_run001.json,79baf4af837419f6c529c909de13291c4135918b1153844bd78add0d048ae211,cafc1b85bb8d050eae2515c9618c82505b80b7af23008e24324e2a84565f4962,power-spectrum.combined,migrated
results/aida-tng/L75n910_CDM/dm/power-spectrum/smoothed-sphere_both/snapshot033_grid512/threads8_run001.json,ce39bd08a306a857ff361558857773e129880324c23ee3e0fab8e89acd65114d,results/aida-tng/L75n910_CDM/power-spectrum/power-spectrum.combined/dm/snapshot033/science-8f1f63c6049a/execution-9c0eeb45174c_run001.json,4f3d6010aab6bc2fb4c8a0b8540df65b8599ceb8b690b8366d50927bc6a1353d,165e2e19cdde3015fbe29d74e6dc9ca5dd69ef24857746c90c953640d6c8e11a,power-spectrum.combined,migrated
results/aida-tng/L75n910_CDM/dm/power-spectrum/smoothed-sphere_both/snapshot050_grid256/threads8_run001.json,4a6f7aa20f5b8f11b4295a778eb19f10fc8aa6459190b86f7f18b723d96974a3,results/aida-tng/L75n910_CDM/power-spectrum/power-spectrum.combined/dm/snapshot050/science-991c322cc9cb/execution-9c0eeb45174c_run001.json,9889c0a3ee6565fd301c61730d78177ea0483cfaf53d7ff0b5cf8597900ebf1a,0965488ef99d335e5498b7cdd620bcd19760ddbec64b4a13780259c2e2839ebd,power-spectrum.combined,migrated
results/aida-tng/L75n910_CDM/dm/power-spectrum/smoothed-sphere_both/snapshot050_grid512/threads8_run001.json,df5103a13ce03407d4ba93150cf61ff5d1ff648e2eded2667a5004823192c098,results/aida-tng/L75n910_CDM/power-spectrum/power-spectrum.combined/dm/snapshot050/science-1e96a325ea40/execution-9c0eeb45174c_run001.json,522acdd1db9e64445b7643ad745931e69a755c07e5fb1fc0c4745a82527be53e,09965cffee11ffe889949037d42430705e192b282798e9c25118c5e425a58996,power-spectrum.combined,migrated
results/aida-tng/L75n910_CDM/dm/power-spectrum/smoothed-sphere_both/snapshot067_grid256/threads8_run001.json,fe2b6934cd6fc2395265fe166c132ecfef2a04ba28b201c78c078e978ed43f8a,results/aida-tng/L75n910_CDM/power-spectrum/power-spectrum.combined/dm/snapshot067/science-36c89fed3fe9/execution-9c0eeb45174c_run001.json,2619349af7e45bf665ac0ef0f77283253520ec2d688ed50bae640ace56b20def,32aa717849a1c285e8b282836049d68e68b583bdcaf7189e16357c0540b10d6a,power-spectrum.combined,migrated
results/aida-tng/L75n910_CDM/dm/power-spectrum/smoothed-sphere_both/snapshot067_grid512/threads8_run001.json,447f5ad80d313c83d13af79ebc27ef33651bbf651e7e9a21cebc09a943f64925,results/aida-tng/L75n910_CDM/power-spectrum/power-spectrum.combined/dm/snapshot067/science-1793e2587ce5/execution-9c0eeb45174c_run001.json,28d0069947f67567ff47037bd3f7c3d7fa814ecd0fb38cf134b609519493f37b,86c97160e36f2151bc18028be738a4a73e66dca19ad323adfa2b1a69ca0e2097,power-spectrum.combined,migrated
results/aida-tng/L75n910_CDM/dm/power-spectrum/smoothed-sphere_both/snapshot084_grid256/threads8_run001.json,a893891e36b89dc750d93cea5748ed9bb1c37455b6eaa7d0e5a9018a4173506b,results/aida-tng/L75n910_CDM/power-spectrum/power-spectrum.combined/dm/snapshot084/science-331a07cb9ffe/execution-9c0eeb45174c_run001.json,50d942f99b4f455e1b61540979a61bdc25512583bddfbe4a3b88e5e147eb7c9d,a1015c7cdf77683dadeb939e7d9a32afce3f336d407f1693e47371ea20c86eaf,power-spectrum.combined,migrated
results/aida-tng/L75n910_CDM/dm/power-spectrum/smoothed-sphere_both/snapshot084_grid512/threads8_run001.json,31b92dc6d0c9e5b5e8a9c11b1a51a76db3da71b4b8da990e924dd78c85d0e775,results/aida-tng/L75n910_CDM/power-spectrum/power-spectrum.combined/dm/snapshot084/science-2e8f5e01dca5/execution-9c0eeb45174c_run001.json,8db8cd213da8db99b1396086afdccb55a3bf6584bf7f928d24ffbef58a3cfa18,44a3d6bad18f96f0037ed3ec56c932ce481a48b61fc210628cecd23c05059603,power-spectrum.combined,migrated
results/aida-tng/L75n910_CDM/dm/power-spectrum/smoothed-sphere_both/snapshot099_grid1024/threads8_run001.json,21262ee91852e972f4655b1fc912dce1aaec3604e873e92a1e41cb6cd1c543f2,results/aida-tng/L75n910_CDM/power-spectrum/power-spectrum.combined/dm/snapshot099/science-fa1d96beedb7/execution-97bb77bc24f0_run001.json,d62cd74e35e045a9da0ff7149accb1970fa062a218a13b8ad607f8f6a136311f,5c724895ada1565aa046da98baac8719d192d3c3f2802cca77cecf8a29fb4d8f,power-spectrum.combined,migrated
results/aida-tng/L75n910_CDM/dm/power-spectrum/smoothed-sphere_both/snapshot099_grid256/threads8_run001.json,12c8e031a775acab9043dea9b6261ba24f3228ebe0bc2e7817d07df6f453000c,results/aida-tng/L75n910_CDM/power-spectrum/power-spectrum.combined/dm/snapshot099/science-6256e30950d6/execution-97bb77bc24f0_run001.json,0da1ac291793629d850bcff9a719a3e73e2e37d842a8b257357347200d163579,af09699b072fbd94dc9910308bd8b356935695d3b465f511b21e1d0e7e3575e0,power-spectrum.combined,migrated
results/aida-tng/L75n910_CDM/dm/power-spectrum/smoothed-sphere_both/snapshot099_grid512/threads8_run001.json,4aa0348a90b0b3e353b3f52e1663800e3b76309ed57d5b2da55cb507a11c58a3,results/aida-tng/L75n910_CDM/power-spectrum/power-spectrum.combined/dm/snapshot099/science-38f6b98140b2/execution-97bb77bc24f0_run001.json,aa183a51f9d6fc0f20833b5170eaed47866629cce1fcb6283f5956cb22253698,95ce3721d049e0dde02b795335d9ffe2b85dbc25b1add502dc8cf4131047f1b4,power-spectrum.combined,migrated
results/aida-tng/L75n910_CDM/dm/pylians/snapshot017_grid256/threads8_batch1_run001.json,7f00faa2c412811d0e3e308b56c8d2494e09686b4d2f8b01cb72ee14f8dc9367,results/aida-tng/L75n910_CDM/clumping/clumping.pylians/dm/snapshot017/science-de3b5fe18768/execution-cd9ea581b7f7_run001.json,f5ef5bc829eeeba26eecd3b5919e0ed2bf2698d07b08ef6ffd73f1f6bbb9f01a,730ed6115dce69ffec8247747ba9aa57a1116380eb0b9b5f418380234dc120ba,clumping.pylians,migrated
results/aida-tng/L75n910_CDM/dm/pylians/snapshot017_grid512/threads8_batch1_run001.json,248e415696644c8f91b37b3c1985cca9c28a7ba16bdf065b043526b797cc3637,results/aida-tng/L75n910_CDM/clumping/clumping.pylians/dm/snapshot017/science-2f22f84eae5a/execution-97fe92315af2_run001.json,23be4c6abdc9134130b7a36318382c8844980d7c34997ae1482178a6e8e64567,24a8bf6a3ffe9da4396a7c3234cda8d8660b67df9ac10d64617ec878176200d0,clumping.pylians,migrated
results/aida-tng/L75n910_CDM/dm/pylians/snapshot025_grid256/threads8_batch1_run001.json,c9c8b86144e76bbecebd026b558bc59a7c215ff8ef5b77d1d8205833e92b273e,results/aida-tng/L75n910_CDM/clumping/clumping.pylians/dm/snapshot025/science-bca8b7a7deec/execution-cd9ea581b7f7_run001.json,1d0acabf281b9561161332fd9293e027f64144d7fd58297ff99e381424fbcd53,60f98679a964b69dace924da3f480fce89fd16b731575bc8c82caa9c066782ae,clumping.pylians,migrated
results/aida-tng/L75n910_CDM/dm/pylians/snapshot025_grid512/threads8_batch1_run001.json,294154234b80ebf6dfb4d72d6ad2948ec1acfe0bdd4daf3e8e637f69464ed92d,results/aida-tng/L75n910_CDM/clumping/clumping.pylians/dm/snapshot025/science-c1a4723182b1/execution-97fe92315af2_run001.json,048af2d4e7523f453a54a66dca8b27ba7d66a312633ac26f40e6ee4125234865,1d40126fd8f3563218177b7468ceeff595234dd165d721909de2348ac0a3c1ad,clumping.pylians,migrated
results/aida-tng/L75n910_CDM/dm/pylians/snapshot033_grid256/threads8_batch1_run001.json,0007a22ccf5bccc8db27ef47ba8dd91f9b7c17689ffd60357ec62526225bd88b,results/aida-tng/L75n910_CDM/clumping/clumping.pylians/dm/snapshot033/science-3a02cc573a91/execution-cd9ea581b7f7_run001.json,af1879b1ed3148a5aa96680ddb421b526513105e2da1688a4092b6e8db110af7,100d2d18fb295aecd30e3595b8dc23b35ec9b6e5625d6cd02c44620732ce4d4a,clumping.pylians,migrated
results/aida-tng/L75n910_CDM/dm/pylians/snapshot033_grid512/threads8_batch1_run001.json,1ef78d5a0fcf6add3fd954e904d158c265cf06aec2a51b9007dba1ef6332a393,results/aida-tng/L75n910_CDM/clumping/clumping.pylians/dm/snapshot033/science-3f2e1be72b50/execution-97fe92315af2_run001.json,96b156557ba3c7bc32f3c70ad1e8d2fb760c206c735488a240d1c6ede25e9498,48e78b5a4c2ae8f02eaa76da1a2304f7c46209d54ae83110353577b54f0e875a,clumping.pylians,migrated
results/aida-tng/L75n910_CDM/dm/pylians/snapshot050_grid256/threads8_batch1_run001.json,2f46e2437c83e83db8ce82d8c9ad67b7880d17b7b102c437eef3654e78f2f87a,results/aida-tng/L75n910_CDM/clumping/clumping.pylians/dm/snapshot050/science-8b7eac43000e/execution-cd9ea581b7f7_run001.json,bba0f6e9a167c53e32e5fcb959b043ea56fad579f118e1993d0fe8b37cd831e3,1ae323a4e2980ce16d3b93d69ce94de35d0eea98986744c7dcf0b7ce483ad07c,clumping.pylians,migrated
results/aida-tng/L75n910_CDM/dm/pylians/snapshot050_grid512/threads8_batch1_run001.json,d8b7de1696a01f6e3a7d664587070bbed7023ca1ef80d9776835e76b6877e14d,results/aida-tng/L75n910_CDM/clumping/clumping.pylians/dm/snapshot050/science-51b4c6815f03/execution-97fe92315af2_run001.json,6ce8205d0990e624663c349b49980ba48b310a79f67a24b85217d0d68778687d,31c8b464cfb531b5a4e548dc098ab097d3e3c6a9037ba0fbbf03239916abae19,clumping.pylians,migrated
results/aida-tng/L75n910_CDM/dm/pylians/snapshot067_grid256/threads8_batch1_run001.json,a53bb107b4d5d1f3afdf34462c56dbae1a178221b29aeb3da2232da88beb570c,results/aida-tng/L75n910_CDM/clumping/clumping.pylians/dm/snapshot067/science-f5e19fcd1bc8/execution-cd9ea581b7f7_run001.json,8802e32e29f5b02a25b37fdebdbc4a3881ff5336b401239555ec42f4740a7a49,855d04ea8a93d004f6167bd79b9aa269e2db617d445ba732bf92319d19931e0d,clumping.pylians,migrated
results/aida-tng/L75n910_CDM/dm/pylians/snapshot067_grid512/threads8_batch1_run001.json,45562912f81eb9e934c8178bf66308f885f61cd00c9b65662073a82a98f3e845,results/aida-tng/L75n910_CDM/clumping/clumping.pylians/dm/snapshot067/science-e8f67213eb95/execution-97fe92315af2_run001.json,ff5224a346bd744e872805e72268d11c757cc830c51e42b4ffa94f4d1dc10ade,e490556d5cfe7d4753ad07913ea965283064915adedf9d3789143dba4f50a6a1,clumping.pylians,migrated
results/aida-tng/L75n910_CDM/dm/pylians/snapshot084_grid256/threads8_batch1_run001.json,220d34ed0e1fcbbdf4dc2e9c7d88669f08e20782fd304c88f526b7b2d96f0194,results/aida-tng/L75n910_CDM/clumping/clumping.pylians/dm/snapshot084/science-97e0b2a49ff4/execution-cd9ea581b7f7_run001.json,4e4d51afc1e2529b2149e470f10a34db941128253b72402e7a8c067a8366831b,9607e6ac226206ec469437e65f620632668dffad094c093b46f2f2d372d9ead5,clumping.pylians,migrated
results/aida-tng/L75n910_CDM/dm/pylians/snapshot084_grid512/threads8_batch1_run001.json,52fdb8809a750674718b6a4fa362736a699aabb3b5243fc3339ff1c0913cfd29,results/aida-tng/L75n910_CDM/clumping/clumping.pylians/dm/snapshot084/science-de64e28dc9a0/execution-97fe92315af2_run001.json,5939e3216dc4c6a6119f4c181233c6c81f3caeb293b72813b7b6439f77948233,a75a08731812be6a0f1f938d93cd04704bca85db01487f20528f483c3b0c0756,clumping.pylians,migrated
results/aida-tng/L75n910_CDM/dm/pylians/snapshot099_grid256/threads8_batch1_run001.json,fb1a161f063d6113af1280257cbd0a45d3b128a037577ae0af487ab07338d823,results/aida-tng/L75n910_CDM/clumping/clumping.pylians/dm/snapshot099/science-12155f497929/execution-cd9ea581b7f7_run001.json,57b817d7c9b289c4bc0d8c37fafcac3eefc9fe1f43ee75d3449b4702c246da44,aab1863e179a668e32e6d3f4b63fa744ab2ade140e81a7fc6f64efa82a53832d,clumping.pylians,migrated
results/aida-tng/L75n910_CDM/dm/pylians/snapshot099_grid512/threads8_batch1_run001.json,f7469260fd8f5d4742778b707a2e0034916f17608e2c321be1ad0feb6e67d380,results/aida-tng/L75n910_CDM/clumping/clumping.pylians/dm/snapshot099/science-98a44df6f829/execution-97fe92315af2_run001.json,904ab37036a9ae9d05a8f5aeb9eff4c62521ae960f8d1494362d272622bed636,b7aee81d4622076c54f0ae3d1235f1539afc9ccf77e36ef6142746d47904633e,clumping.pylians,migrated
results/aida-tng/L75n910_CDM/gas/cube/snapshot099_grid256/threads8_batch1_run001.json,001d39ca94741b4e4ad6b8f88593280c87ae7c92b6556b2c767cc8ff04176048,results/aida-tng/L75n910_CDM/clumping/clumping.cube/gas/snapshot099/science-e73ab6e5c1a6/execution-97fe92315af2_run001.json,549958e9dd42dbe8256f1e1678a5ac0eebeccc756368df3fad79a3b04b61d9ab,3bd1acb86d65b1d61bfa39f6b25f349313e1463c00e312a32514dbbdef4b9d23,clumping.cube,migrated
results/aida-tng/L75n910_CDM/gas/cube/snapshot099_grid512/threads8_batch1_run001.json,bdcc9cebe57901ab7673cdbdd92564c75d1ec7b243d250846b16f9adb2121f6c,results/aida-tng/L75n910_CDM/clumping/clumping.cube/gas/snapshot099/science-6b19154f3c68/execution-7f2a6ce7505e_run001.json,06ce9f3eadfdfa5e37a0807e6c3c71f3c31ce2d5a30343ef9a64814cef1d59f7,932bb98702016d5d64f0363046496803a0b8fa3e1ae4806a2912794c370c5844,clumping.cube,migrated
results/aida-tng/L75n910_CDM/gas/ionized-sweep/snapshot099_nogrid/threads1_batch1_run001.json,3e4c2f2bf6b011707b15700bc66effc0f601f1eee63a9f601d27b30a3c8b3ea6,results/aida-tng/L75n910_CDM/alternative/alternative.ionized-sweep/gas/snapshot099/science-954d63724d6d/execution-58def760728d_run001.json,097b15464ba40a73f5c9e46dd138226c2002954d617604eaa6a65a856dd2b632,dca7c122bf782b4d898606155f163f237b73fc2eefde4572313b753c5e23a7d3,alternative.ionized-sweep,migrated
results/aida-tng/L75n910_CDM/gas/power-spectrum/mas-only_both/snapshot017_grid256/threads8_run001.json,32c8f0a08191e6c958f241c9b2e46b01899da6784616bb569bf58a3d26133f36,results/aida-tng/L75n910_CDM/power-spectrum/power-spectrum.combined/gas/snapshot017/science-cd5cb9da1a4a/execution-dad87b62e8e5_run001.json,5167d6bcb50c5bba325cf75e6866ed6f97cd35e5e34ebdec0a4fbfa5739588a3,cc4dd962344101953003dc0355b3120c781bcafce59c6cb9bc3e167b77637a7a,power-spectrum.combined,migrated
results/aida-tng/L75n910_CDM/gas/power-spectrum/mas-only_both/snapshot017_grid512/threads8_run001.json,2402a3ddfbd04253b52742cdccc1c6612f43990f7d929f0eb47d5a20dfabe218,results/aida-tng/L75n910_CDM/power-spectrum/power-spectrum.combined/gas/snapshot017/science-11cb377bee40/execution-dad87b62e8e5_run001.json,4e3faad1983ad8f616efd136b2a6b4635f953f1d3a7e5a7addaecefbfde58a09,f2d0c97bb60b93bafdfbd5f1c857ee284fc9c92d87c584429e9f948e2da2f2c4,power-spectrum.combined,migrated
results/aida-tng/L75n910_CDM/gas/power-spectrum/mas-only_both/snapshot025_grid256/threads8_run001.json,eefcb8055c105045a2668dc6cb4f7f3cd4c9d2b5b7e978edca0b2d533fc4c494,results/aida-tng/L75n910_CDM/power-spectrum/power-spectrum.combined/gas/snapshot025/science-40c5e731024f/execution-dad87b62e8e5_run001.json,3bc96ed9ab368803699e5806e00ba9e973cc9a54b01f6f1e6298f422604cdd66,45442f71e470f9d830f4b4678a333b0082330fb2cc46a53ca3e2ca3bd527558f,power-spectrum.combined,migrated
results/aida-tng/L75n910_CDM/gas/power-spectrum/mas-only_both/snapshot025_grid512/threads8_run001.json,81e6f3ffe41d77a439406c67a9fe42cf6f5a3f6a4a8ea497db0e672c2b04a1b7,results/aida-tng/L75n910_CDM/power-spectrum/power-spectrum.combined/gas/snapshot025/science-eccc4606e540/execution-dad87b62e8e5_run001.json,81d83117ff997145e1903344d7ae45705ad43f79c768e501f33a3dc5652b0d2a,ed74dfedbb2a0002b28677ddd8a6e40428132faeedb50f27cd2ec6f3dc0d8b80,power-spectrum.combined,migrated
results/aida-tng/L75n910_CDM/gas/power-spectrum/mas-only_both/snapshot033_grid256/threads8_run001.json,13fd47181934ba9b98f9a01341b38a118b5e0358fce5839fb0b2c4119381890f,results/aida-tng/L75n910_CDM/power-spectrum/power-spectrum.combined/gas/snapshot033/science-eed1cb57771d/execution-dad87b62e8e5_run001.json,f4a27c920ec105465c6bf3b5bb50e3432c84b428f9e3231bca9507e2d6450e0f,7847d740af83e7d5273d0ab261c05888f516e44d10469111ee7a39594b67296a,power-spectrum.combined,migrated
results/aida-tng/L75n910_CDM/gas/power-spectrum/mas-only_both/snapshot033_grid512/threads8_run001.json,f82c743139bb5655cc1bcb549b27aae38d66d60aada6fd1ab252d346a339a1a3,results/aida-tng/L75n910_CDM/power-spectrum/power-spectrum.combined/gas/snapshot033/science-d942a6b76767/execution-dad87b62e8e5_run001.json,1cdde1d889325e8dea38db1e9bced6e0582275e43a374c742568ff34bf4ed0b0,8f865711963c5d2a67b82bb6353dcb0cb9308c19c0392f8c3d9e32935f747e07,power-spectrum.combined,migrated
results/aida-tng/L75n910_CDM/gas/power-spectrum/mas-only_both/snapshot050_grid256/threads8_run001.json,940750b07f0c744feef34090cc7a897719f5cfa9ff57bca9546a19caec7545f5,results/aida-tng/L75n910_CDM/power-spectrum/power-spectrum.combined/gas/snapshot050/science-b62a304bb16a/execution-dad87b62e8e5_run001.json,7ad28b67484234fe0f2ee05221e72bb7ad7ed6b5930c9d26281707c4a2ec2f5b,6eaac81d31641e6933c58e856da47f50e1c60c226e4275357c053391306ee85b,power-spectrum.combined,migrated
results/aida-tng/L75n910_CDM/gas/power-spectrum/mas-only_both/snapshot050_grid512/threads8_run001.json,fbf8359332312c8899c8cb071cb93c5e2dc5df1bd3d2ac901022cba595819c64,results/aida-tng/L75n910_CDM/power-spectrum/power-spectrum.combined/gas/snapshot050/science-490cbe467b10/execution-dad87b62e8e5_run001.json,54f9dfa1e782b21a51df341d1a772a16eca6b99cf75d426191a9e9d9f56b83b3,caf165fb0f0d5af408882867f829cb7540a864a380a65001d08fe52d47bcbe9c,power-spectrum.combined,migrated
results/aida-tng/L75n910_CDM/gas/power-spectrum/mas-only_both/snapshot067_grid256/threads8_run001.json,f212680ac0c7bc5022340cb77cbed9b5884bb494bb05b71361e8e4712e5416bb,results/aida-tng/L75n910_CDM/power-spectrum/power-spectrum.combined/gas/snapshot067/science-d7722d6f9423/execution-dad87b62e8e5_run001.json,10b62b652ad91f5286650b8f0c39039b1fbab1c48a8517b96755efefd40cf080,723e6d9020c8cffe8ba8e332490ded0460b2a8ab10ab3ce53930a7d2b4068637,power-spectrum.combined,migrated
results/aida-tng/L75n910_CDM/gas/power-spectrum/mas-only_both/snapshot067_grid512/threads8_run001.json,c0e1c4d7e9e43c62d8240746f354360f2744d1d43c88f5d38956ae95381d6707,results/aida-tng/L75n910_CDM/power-spectrum/power-spectrum.combined/gas/snapshot067/science-d000fbabbab9/execution-dad87b62e8e5_run001.json,9b01bbf14b18a9caa876ceaf2f4421a3f2eec12d004e672c099acd394967b39e,876927c70304d3220b8ddaca89ec55c9974e78b4991ef1d083fb59e7a5ca2e4a,power-spectrum.combined,migrated
results/aida-tng/L75n910_CDM/gas/power-spectrum/mas-only_both/snapshot084_grid256/threads8_run001.json,74291c43218f1e74b4d180ef1beb6cb9fceead4888f01cf3548e67405cd8d88a,results/aida-tng/L75n910_CDM/power-spectrum/power-spectrum.combined/gas/snapshot084/science-6abc81334631/execution-dad87b62e8e5_run001.json,f53239fcf9576850858c69615438da4ef5d48b3bd86a9d8818e9065a7b968259,0b63516f605ff6c2a7a9a878240c294daf1d4f610f2a0dd80c0b5f5a396ccd00,power-spectrum.combined,migrated
results/aida-tng/L75n910_CDM/gas/power-spectrum/mas-only_both/snapshot084_grid512/threads8_run001.json,fb6d485df49129a0c0284a6aab3a511217f76b3f051ef4a230ee68dca61d127e,results/aida-tng/L75n910_CDM/power-spectrum/power-spectrum.combined/gas/snapshot084/science-63748041aafd/execution-dad87b62e8e5_run001.json,a9e29e7f9dc73bcc2636b6150ecff3c4d2b992d2d1f418d3798a77d609a71cff,fb620352db98052e37e954423f0bd02791a7a2f8e2bc805a5c6042547d51a171,power-spectrum.combined,migrated
results/aida-tng/L75n910_CDM/gas/power-spectrum/mas-only_both/snapshot099_grid1024/threads8_run001.json,3db20d2bfde56e80547289164535f9de777771399ff751d5d95fa26673e56551,results/aida-tng/L75n910_CDM/power-spectrum/power-spectrum.combined/gas/snapshot099/science-6d428719f0f6/execution-828951378904_run001.json,cd03cbe8b7723f3a203f2d158692e01988b4668612ea44d7db0719c5c07efa05,99c495f6027b3a1179fb4aa98f8317d0b8432a8803f8f859dd26bf3cef2f0d31,power-spectrum.combined,migrated
results/aida-tng/L75n910_CDM/gas/power-spectrum/mas-only_both/snapshot099_grid256/threads8_run001.json,aac07897e4b2fc6a1b674132399123a4a3ec3b4172f8a8e6270dcf8d8f14c9a2,results/aida-tng/L75n910_CDM/power-spectrum/power-spectrum.combined/gas/snapshot099/science-f64590610fe6/execution-828951378904_run001.json,c689e007e86a651a6d142f772506e7708a4ada463bcf39acee9b5620369eb62c,7f07bd621eb9db7f24b247eaac98cca06fc1c74c923d92751bf304d429bc41e7,power-spectrum.combined,migrated
results/aida-tng/L75n910_CDM/gas/power-spectrum/mas-only_both/snapshot099_grid512/threads8_run001.json,9b58715bc2b782bc47614e865a7a0bdebf3776cb9feab5c3c27a982172465fe9,results/aida-tng/L75n910_CDM/power-spectrum/power-spectrum.combined/gas/snapshot099/science-5a837e0df5eb/execution-828951378904_run001.json,d6ad1ccd739d6056a7806ba92ee1e5d49ce264f649a8ecc32651a5a32fe0479e,1b6e1d9d8e64700621548986faf22667e5c6571deab58d89273afe30db73c4aa,power-spectrum.combined,migrated
results/aida-tng/L75n910_CDM/gas/power-spectrum/smoothed-cube_both/snapshot099_grid1024/threads8_run001.json,04fd342cca9204fcf52d7e6c5a848d1d4dd11a57d363d6d620cb85928c24c18a,results/aida-tng/L75n910_CDM/power-spectrum/power-spectrum.combined/gas/snapshot099/science-f0b8ff1a6dba/execution-97bb77bc24f0_run001.json,f2d3a8a645e37005189d6ebd652d50b752a507999cc23d868c345dceb2505c40,78f245dc1b39876a47f7b8346b51e6d91c045de9839b85e95b12b04d19e5f499,power-spectrum.combined,migrated
results/aida-tng/L75n910_CDM/gas/power-spectrum/smoothed-cube_both/snapshot099_grid256/threads8_run001.json,6daadb24a949edaf00073e33f583fda035172b99502c6636ce6081f99240d142,results/aida-tng/L75n910_CDM/power-spectrum/power-spectrum.combined/gas/snapshot099/science-c93659b3d72f/execution-97bb77bc24f0_run001.json,f9c0737733f68f8157d9ecbc2d5f301b26754624e34a2dd25a0af75ca09705a5,ae889644214e124173500aa031ccffe92b3f264d30094dee0921328dc91c7c1e,power-spectrum.combined,migrated
results/aida-tng/L75n910_CDM/gas/power-spectrum/smoothed-cube_both/snapshot099_grid512/threads8_run001.json,0adb88e92864495799bfac7aa7acb1ce7ae236b2668435629409b15646c8d836,results/aida-tng/L75n910_CDM/power-spectrum/power-spectrum.combined/gas/snapshot099/science-873da45a1cd8/execution-97bb77bc24f0_run001.json,1803813f204f6408de4a5a49455e10c8543283e8826f3a89d10547bf88c838c6,1118b6084fe4f8c1c04de4d1a3b879783addab74c51cebdc9c9314cc6b4ec1a4,power-spectrum.combined,migrated
results/aida-tng/L75n910_CDM/gas/power-spectrum/smoothed-pylians_both/snapshot017_grid256/threads8_run001.json,6097f8eff983fd4c880312233484ef7593bff49e27f8f0f7ccd8d02386d1856f,results/aida-tng/L75n910_CDM/power-spectrum/power-spectrum.combined/gas/snapshot017/science-6aaed3c8012b/execution-9c0eeb45174c_run001.json,d5866bf391288876405a8b9667d46ac468a2a2975f634967e7143177116ac6b0,10fe2c177c33fba990e1acf413fd487448e0e606776734f40f0aae1143418ba5,power-spectrum.combined,migrated
results/aida-tng/L75n910_CDM/gas/power-spectrum/smoothed-pylians_both/snapshot017_grid512/threads8_run001.json,f843f5d48a88de8570afaf25b9662a48a712bb3bee96dffc55529d0814366c46,results/aida-tng/L75n910_CDM/power-spectrum/power-spectrum.combined/gas/snapshot017/science-0de2b41f4ed7/execution-9c0eeb45174c_run001.json,318e132211963bfd9b549b3ad3c6bd5655585cffad8968fb7fe8381185c60580,337a34c564a32aa5432f0ff5221ceee264f85b2a62538ba3e5272ba070f5eea9,power-spectrum.combined,migrated
results/aida-tng/L75n910_CDM/gas/power-spectrum/smoothed-pylians_both/snapshot025_grid256/threads8_run001.json,95b8147f86b43279c242083f879434cfc5065ac863a5b78f6242720758f91857,results/aida-tng/L75n910_CDM/power-spectrum/power-spectrum.combined/gas/snapshot025/science-af90570abb13/execution-9c0eeb45174c_run001.json,7adbe046bba6faa22101e9b74eddcc261730f77c14802509729f96c4c07186c9,2a148a69e4894f751fff6b81c120985b3425e9fc898ba65321386a29a1d0eafc,power-spectrum.combined,migrated
results/aida-tng/L75n910_CDM/gas/power-spectrum/smoothed-pylians_both/snapshot025_grid512/threads8_run001.json,abe5de70aa7cf9f5b6e0daf6b397936727e8daaedf4e0858564da75b9bcbd339,results/aida-tng/L75n910_CDM/power-spectrum/power-spectrum.combined/gas/snapshot025/science-96dff7b4f3f0/execution-9c0eeb45174c_run001.json,daf6f47ddee4077e86e4df4c25167d8c46758652a314ed126f46bd1dfa7f8e34,c50ef8f610b7a690b2530047199c73c62b8c9edc3b7ec380988dc658dbc1e836,power-spectrum.combined,migrated
results/aida-tng/L75n910_CDM/gas/power-spectrum/smoothed-pylians_both/snapshot033_grid256/threads8_run001.json,049f8bfa05be04ca2acb3d02cfd07d283761ed7968571be37b94d0a14faf41fc,results/aida-tng/L75n910_CDM/power-spectrum/power-spectrum.combined/gas/snapshot033/science-e093d5d0255f/execution-9c0eeb45174c_run001.json,c7705311ff3858cceceae816b803eeccca69836cc829f251ab63dbaa197ff833,dfa065137ac06d1364912914ec1e508aebced3a0c285ebdb222831add15d8e92,power-spectrum.combined,migrated
results/aida-tng/L75n910_CDM/gas/power-spectrum/smoothed-pylians_both/snapshot033_grid512/threads8_run001.json,8bc70f8318920ae588fc8a7a62ae334072247c071c374be796442d7ce959d1be,results/aida-tng/L75n910_CDM/power-spectrum/power-spectrum.combined/gas/snapshot033/science-2212a18c2274/execution-9c0eeb45174c_run001.json,1d56f0d88458a3d40e4791ce1bfc2a09b886dd6ab7c3438e820e7a5079f649f4,a01ea8a6c936e7b20ba209f2fbb548ac4f096ff40771de08dc482ea10e9f575f,power-spectrum.combined,migrated
results/aida-tng/L75n910_CDM/gas/power-spectrum/smoothed-pylians_both/snapshot050_grid256/threads8_run001.json,bd059aecb14896b2c875d06707a140134abe981a232195b180880adb2cd98ffd,results/aida-tng/L75n910_CDM/power-spectrum/power-spectrum.combined/gas/snapshot050/science-b7e837d82103/execution-9c0eeb45174c_run001.json,76a58d6561d6918dd2ddd15762d7e0fa35163b9f5f21fe670e961fa1bbf40aa6,4f6a58d5f4025c54f3866e23cf42688f9f7defc947346663f64e61f7102cd3fc,power-spectrum.combined,migrated
results/aida-tng/L75n910_CDM/gas/power-spectrum/smoothed-pylians_both/snapshot050_grid512/threads8_run001.json,d6e73eb0fc02c5217cf977a1ac1a244cc6ece88c8232ea2c3889a602472b8b21,results/aida-tng/L75n910_CDM/power-spectrum/power-spectrum.combined/gas/snapshot050/science-2aa63ead0fc5/execution-9c0eeb45174c_run001.json,2d5338cdd711ac6931896c41837eba39c2bb9301b59da613af6ed2ee66476ffe,025aa7e41ab6b60c500c47414a17c25e52d634afd2d734b03536f906c4ff6e9c,power-spectrum.combined,migrated
results/aida-tng/L75n910_CDM/gas/power-spectrum/smoothed-pylians_both/snapshot067_grid256/threads8_run001.json,ba99daeb66512cb81cd8b99165b660303d432a5c2c9d843674728307bd16fb48,results/aida-tng/L75n910_CDM/power-spectrum/power-spectrum.combined/gas/snapshot067/science-d458029b9808/execution-9c0eeb45174c_run001.json,cb52beeabecf4e50583749252f1d82974b6c96216dbb7208173a5f5698a77af1,c39625e2f1df2f5b05c0daafd56009434fa09b55695dbdbfd7c30f8c2393e521,power-spectrum.combined,migrated
results/aida-tng/L75n910_CDM/gas/power-spectrum/smoothed-pylians_both/snapshot067_grid512/threads8_run001.json,dfd4b2323a86b2cd5dc393bd51a7b1a90f36077fc941cd27443c7eb910af24b7,results/aida-tng/L75n910_CDM/power-spectrum/power-spectrum.combined/gas/snapshot067/science-46d750b6ffb9/execution-9c0eeb45174c_run001.json,7a58c06bb19e124697f4b5b37425030627a6341e371e2791015770386e69bf4c,53d7a0517b116fb070615be1e4b3192e16c887e49dbe5ea37281ff96acf42fc5,power-spectrum.combined,migrated
results/aida-tng/L75n910_CDM/gas/power-spectrum/smoothed-pylians_both/snapshot084_grid256/threads8_run001.json,71031893e43a1d3fab3a867498d0f79c2fcc107e3b7e5bd7d091192d434153ea,results/aida-tng/L75n910_CDM/power-spectrum/power-spectrum.combined/gas/snapshot084/science-11a7c4c79959/execution-9c0eeb45174c_run001.json,71040d65dc3b3e6895f533c373f5e6351c16f90eafe84f86245f7fce2235da9e,1178d328111b3f76b3c8b902bdecd9301122b287a23967bf3a4f61d64bd694b2,power-spectrum.combined,migrated
results/aida-tng/L75n910_CDM/gas/power-spectrum/smoothed-pylians_both/snapshot084_grid512/threads8_run001.json,00286746ce2933deef68e8d0e7208ce4b12cafe0941fc6c954fe3ef1757b5497,results/aida-tng/L75n910_CDM/power-spectrum/power-spectrum.combined/gas/snapshot084/science-92b43f0fe36d/execution-9c0eeb45174c_run001.json,fbb46d02900ae7e173b0a19748b730c8046ddf912b5f36dda1e4f4074c18e6af,ba169e5d30014c415ddf48cbdba9c5784d408ab1cf886a6b9b5b3e7fe88d521e,power-spectrum.combined,migrated
results/aida-tng/L75n910_CDM/gas/power-spectrum/smoothed-pylians_both/snapshot099_grid1024/threads8_run001.json,2b2e3e43e445b44684382d5e56b6260f8080a661e3b4bcc5cc2f1c87de43b7ab,results/aida-tng/L75n910_CDM/power-spectrum/power-spectrum.combined/gas/snapshot099/science-4aaeda77a5cf/execution-97bb77bc24f0_run001.json,73c93419f881d5db017939f923c2873c7aff8c9c92c11a1ab6e4fe4a7555cf37,7fe1b58b8a6b8ef729374b9ed3f4a60f37c5619e0351f01be3caeeb622a30122,power-spectrum.combined,migrated
results/aida-tng/L75n910_CDM/gas/power-spectrum/smoothed-pylians_both/snapshot099_grid256/threads8_run001.json,7174afbe03edcaa6e6fc07a462003024fcd3bf1abc05eac593bdfc99016e0f09,results/aida-tng/L75n910_CDM/power-spectrum/power-spectrum.combined/gas/snapshot099/science-de6c9c7ed09b/execution-97bb77bc24f0_run001.json,7f67521f4b85955eebb3c5244ad97277526a01b856c0c0fd6da14030f5ecb5ae,aa51df7e58527bb612691fb7e1af4ea1919f094f65c3862be1f3ad548e8d93d2,power-spectrum.combined,migrated
results/aida-tng/L75n910_CDM/gas/power-spectrum/smoothed-pylians_both/snapshot099_grid512/threads8_run001.json,d856587cc9e8bbd64fbc638d368b361a39b1390922750cc1c361e7f80c079b4e,results/aida-tng/L75n910_CDM/power-spectrum/power-spectrum.combined/gas/snapshot099/science-fb113847a6c9/execution-97bb77bc24f0_run001.json,4b95f46a54e1a7190c1f1884c037fe4eddd7590344f68c01ba5aae66690ccd1c,2723de9fa8146d71ea3e30108b902bb87fcef25abe14d14ffd7da1535716fa38,power-spectrum.combined,migrated
results/aida-tng/L75n910_CDM/gas/power-spectrum/smoothed-sphere_both/snapshot017_grid256/threads8_run001.json,bf0b4a72f7d789f94b4fa0257a4b5ea02616484c9f166439ca0322c662ede3d2,results/aida-tng/L75n910_CDM/power-spectrum/power-spectrum.combined/gas/snapshot017/science-5c0e67544e8f/execution-9c0eeb45174c_run001.json,a57a8408518c4ed3884078b070a7b4da679d5e219255bdc4d18726ba178e7a5c,ec583232072830f5c6c6306c7e9a2dedadf28fa2ee9a1a7a2790496267de4fc7,power-spectrum.combined,migrated
results/aida-tng/L75n910_CDM/gas/power-spectrum/smoothed-sphere_both/snapshot017_grid512/threads8_run001.json,58e04eb2de5ab7b22ab8ef2cae358acd1e92fae8c2728286f07cf6d111700b80,results/aida-tng/L75n910_CDM/power-spectrum/power-spectrum.combined/gas/snapshot017/science-5b923a2bf056/execution-9c0eeb45174c_run001.json,f1225260f8f52dda14293c8c052e6c78c49e72a0a39fe65ed5888c265ebe74d6,dc07d724f4e2820e273445f7fba5cc30b13c057168acf18d7899be32ff68788c,power-spectrum.combined,migrated
results/aida-tng/L75n910_CDM/gas/power-spectrum/smoothed-sphere_both/snapshot025_grid256/threads8_run001.json,1b5383c2dcd03df72f9339475c316941ff24ce0cad69733c3e8f9c528c7a1402,results/aida-tng/L75n910_CDM/power-spectrum/power-spectrum.combined/gas/snapshot025/science-40ae27f5acd2/execution-9c0eeb45174c_run001.json,18d1fd58029aaed4053ccdfaabdec1e9a8642a2a76b9fd34a0c84f4d21bdad60,2e90d63428d92fbc8adf4401aad75e4f1b09e93eed1c2069d98c472094ad5cd9,power-spectrum.combined,migrated
results/aida-tng/L75n910_CDM/gas/power-spectrum/smoothed-sphere_both/snapshot025_grid512/threads8_run001.json,e4848feae0ae8c8736043b767c794c42e74e84480b330728c820589b9a42fdbf,results/aida-tng/L75n910_CDM/power-spectrum/power-spectrum.combined/gas/snapshot025/science-9a8493cd0398/execution-9c0eeb45174c_run001.json,7c0adacff1c43001c4c2c6dc4ab94e01b94ea2a130960186a2039de5e3bdcef8,60aa61e9c2d79fbd9510a65fda3658b4c670309613db7230a7d91ee6ef0fedd3,power-spectrum.combined,migrated
results/aida-tng/L75n910_CDM/gas/power-spectrum/smoothed-sphere_both/snapshot033_grid256/threads8_run001.json,ce37d3876eee0526722445461b60a6ffbc89bf038a07a1ce96bdbf406268e809,results/aida-tng/L75n910_CDM/power-spectrum/power-spectrum.combined/gas/snapshot033/science-1b92436b06e3/execution-9c0eeb45174c_run001.json,cde332b45e6ad8e797f87feb721c3c59199fc1799a29c41310ad65f1a7b3dece,b9277e83dcfffe91002eb68fe9e5a4e915caeeb0e8985f2b082a782d0560fd83,power-spectrum.combined,migrated
results/aida-tng/L75n910_CDM/gas/power-spectrum/smoothed-sphere_both/snapshot033_grid512/threads8_run001.json,a0e64ed3e5aed494474f686c59b517140fe159cbb9c372ebdcae0857063f7636,results/aida-tng/L75n910_CDM/power-spectrum/power-spectrum.combined/gas/snapshot033/science-a9d47477058c/execution-9c0eeb45174c_run001.json,a28d9c5c9f78e8fd04415ffdd897ce4e6c2bdca61a1f9d6af3e1dfd3f0f322ed,b99b9aff8c63b7cf5eb34c900c4454b823885dc3db143b8146ecfe4319ed0e6f,power-spectrum.combined,migrated
results/aida-tng/L75n910_CDM/gas/power-spectrum/smoothed-sphere_both/snapshot050_grid256/threads8_run001.json,559d74b9942953e4f3e95004bfc6e703fe35d0b3e3bc65a4642900c512b5f43b,results/aida-tng/L75n910_CDM/power-spectrum/power-spectrum.combined/gas/snapshot050/science-6f742edbcc2e/execution-9c0eeb45174c_run001.json,47d8415a5ecd321330e55b8c3e6c6af6fcf38b395652a0e3dba5594e586c2496,4c74954c1f9909310aa1acbb43a876260c74f76bc1ab9dec159d6fe06091ebba,power-spectrum.combined,migrated
results/aida-tng/L75n910_CDM/gas/power-spectrum/smoothed-sphere_both/snapshot050_grid512/threads8_run001.json,c725f3505a1bd656d2b9adf16266056bc976f178621e64ba981eeed18918e5cf,results/aida-tng/L75n910_CDM/power-spectrum/power-spectrum.combined/gas/snapshot050/science-9a2fd9a11434/execution-9c0eeb45174c_run001.json,c27d920746487e0cd72ece51cd917a07b0a099da428e1ce78d74cb6c52897f60,b0ecbc6c1e5359aeaaf1c2903aa0665d4cddd1a50031b3f5d4b4c854d9636e1b,power-spectrum.combined,migrated
results/aida-tng/L75n910_CDM/gas/power-spectrum/smoothed-sphere_both/snapshot067_grid256/threads8_run001.json,47136778e936638f713640e2d79540594d0a9ce1416dfcd6a73506f4a6057a72,results/aida-tng/L75n910_CDM/power-spectrum/power-spectrum.combined/gas/snapshot067/science-a297a506f8ca/execution-9c0eeb45174c_run001.json,c7847d429c91ed328cfe4c53dc4f6bb7e730842fef89e0f3b1c5559b6498a0dd,9e57142acf38bac71528f1855adf7ef1d5c4a9d921d94fc15139a8e086a9766e,power-spectrum.combined,migrated
results/aida-tng/L75n910_CDM/gas/power-spectrum/smoothed-sphere_both/snapshot067_grid512/threads8_run001.json,c44c8d7ae7178c747645496ae6fb20cccbd6455b6d2cbf7046dbc438bc5405a8,results/aida-tng/L75n910_CDM/power-spectrum/power-spectrum.combined/gas/snapshot067/science-bcb940f00369/execution-9c0eeb45174c_run001.json,2ca797eee25016782ff09762d073f821a3003b9ac6123b9231db5130ac6199be,f1f000580a95ebca66348727e999b5af009de396d1c6164227c571dca0b59421,power-spectrum.combined,migrated
results/aida-tng/L75n910_CDM/gas/power-spectrum/smoothed-sphere_both/snapshot084_grid256/threads8_run001.json,af16655f03cf24ce89494628278cda7f648eb90d02475d14c16898be2154ef49,results/aida-tng/L75n910_CDM/power-spectrum/power-spectrum.combined/gas/snapshot084/science-309f37f9b334/execution-9c0eeb45174c_run001.json,9b3ea141f7ec885a284a60cc5d355e6a6bcfd4292329a4ae958d5d81aeb71ea7,e8b9d14fda06ba4d2bfa9fed7864e3d7833d968d989f0c2596d1cc65f990efd5,power-spectrum.combined,migrated
results/aida-tng/L75n910_CDM/gas/power-spectrum/smoothed-sphere_both/snapshot084_grid512/threads8_run001.json,2d1025e2d0b93b77126b444b386153f257363e25d0d2356eba83759089fa0117,results/aida-tng/L75n910_CDM/power-spectrum/power-spectrum.combined/gas/snapshot084/science-c286e42c14f2/execution-9c0eeb45174c_run001.json,b7d4deb4ec577042d159d8130fee280de1e6b50d33668925f7f2054db405ccba,5dc02aac35d6c84e3b4d558a53eb0e4ed265ab4e3d8b5e6b244f00f1721b6791,power-spectrum.combined,migrated
results/aida-tng/L75n910_CDM/gas/power-spectrum/smoothed-sphere_both/snapshot099_grid1024/threads8_run001.json,8e9b562e71b01e0626131cb0f707fee38f19bbbaf2d7197db0c7c41bd37a3cc2,results/aida-tng/L75n910_CDM/power-spectrum/power-spectrum.combined/gas/snapshot099/science-e1ee02289548/execution-97bb77bc24f0_run001.json,cd8a8fef945bca873a8911f473f32b09e68c6923c4ef0437ec8e464a15c5c235,f34a7f489541441c69879d1f36b96e6a7672ee8cf62e50b3ffbce51236bc3d8a,power-spectrum.combined,migrated
results/aida-tng/L75n910_CDM/gas/power-spectrum/smoothed-sphere_both/snapshot099_grid256/threads2_run001.json,a8db688c3acb6d008128dcdeea4df90cb3eee791dde1d488c0b00ec5760738dd,results/aida-tng/L75n910_CDM/power-spectrum/power-spectrum.combined/gas/snapshot099/science-f40bb75469c9/execution-2f0f12d59183_run001.json,9fe745195cdd2146153a59cfa786facbd5aeecc41a3d72a1b44cec760c9a96ac,10dae30824c702788c9a8755c8e5b276acaacaf8ba8cc7ada7dd38de4f5bd1bd,power-spectrum.combined,migrated
results/aida-tng/L75n910_CDM/gas/power-spectrum/smoothed-sphere_both/snapshot099_grid256/threads8_run001.json,e9aac90aa794835e3c449e0f67e57e42e17f6beb9957f665b64960450c926db6,results/aida-tng/L75n910_CDM/power-spectrum/power-spectrum.combined/gas/snapshot099/science-4c393bf70589/execution-97bb77bc24f0_run001.json,e70b7852482402838a4e28dc98c3e8c2a7bf7050cd75fdbfa82599b141760758,d7ea5e3d46d286540b6c92ae1fd4b9a47a2d9ce1f2b59003fa6a02ea5ee172c7,power-spectrum.combined,migrated
results/aida-tng/L75n910_CDM/gas/power-spectrum/smoothed-sphere_both/snapshot099_grid512/threads8_run001.json,753f1871623093d69510f468a332db383c41d080c4001ec17e54bda03227b031,results/aida-tng/L75n910_CDM/power-spectrum/power-spectrum.combined/gas/snapshot099/science-b00dbf236a21/execution-97bb77bc24f0_run001.json,cc4e9e79e059ceddaa8479afcfa416f3ea9ab4bd21f5dea15b5669b7beb9a7d9,3c8c24c5cb9918daf4528857759fa406330ee67445c326cab914348705ed72dc,power-spectrum.combined,migrated
results/aida-tng/L75n910_CDM/gas/pylians/snapshot099_grid256/threads8_batch1_run001.json,4babc9e899f8ec892e3234602d56d3774a41166e63989b330365c609f9a6052f,results/aida-tng/L75n910_CDM/clumping/clumping.pylians/gas/snapshot099/science-43a31223cd90/execution-97fe92315af2_run001.json,d1176af3f8a223bfae7e8c9b5479f3b025f96bd81305242272870f3f367f9d64,c54068eb2c9e6c30afa730dd24cfb9325a746b914b903a2fe597af5ec0ebde49,clumping.pylians,migrated
results/aida-tng/L75n910_CDM/gas/pylians/snapshot099_grid512/threads8_batch1_run001.json,b30ac33490f22a4c51863a8b4eeeb33c1fd313b6c305e192cce1808e35672e9a,results/aida-tng/L75n910_CDM/clumping/clumping.pylians/gas/snapshot099/science-4b7fb3d3dcd4/execution-7f2a6ce7505e_run001.json,522ac970ed062ac09f3966678317f6c634e2e0b81a8b9f6d8e7b341876b8f8d3,4684bf7ce60f3b4122b6fa844ded1106d6195a8d7b0e3d2f8b311da137d9133d,clumping.pylians,migrated
results/aida-tng/L75n910_CDM/gas/raw-volume/snapshot017_grid256/threads1_batch1_run001.json,8ef0f075b52a6bd32a40d0bd2ff4fc60f599570cbcf208b085277481c7c22312,results/aida-tng/L75n910_CDM/clumping/clumping.raw-volume-weighted/gas/snapshot017/science-7ca015b94dba/execution-83be40a864d4_run001.json,f7255d0495a032d19ccb41192a53eaf5739e5da95e257ea3147017be68c08da4,86b625cc5446e1c1bee3e6c301e8f400da22f90dcbf06dbbfeb7c3e7cddda2ca,clumping.raw-volume-weighted,migrated
results/aida-tng/L75n910_CDM/gas/raw-volume/snapshot017_grid512/threads1_batch1_run001.json,9ffaeb5c58cc5249ba4a4ef410e7ceec132285195c86d7f55f2176a190dd197d,results/aida-tng/L75n910_CDM/clumping/clumping.raw-volume-weighted/gas/snapshot017/science-7ca015b94dba/execution-83be40a864d4_run001.json,f7255d0495a032d19ccb41192a53eaf5739e5da95e257ea3147017be68c08da4,86b625cc5446e1c1bee3e6c301e8f400da22f90dcbf06dbbfeb7c3e7cddda2ca,clumping.raw-volume-weighted,deduplicated
results/aida-tng/L75n910_CDM/gas/raw-volume/snapshot025_grid256/threads1_batch1_run001.json,7b2cbbcb55a26ed30c0049140b7ce1a36cc956b987cff81227af63f55be118d7,results/aida-tng/L75n910_CDM/clumping/clumping.raw-volume-weighted/gas/snapshot025/science-7ca015b94dba/execution-83be40a864d4_run001.json,bf5e0984195bf1316c6bfcf74853d929d1963c2790cdde2e611fbdcc26831ba7,1dc163c349e116ffbe255aa36bc47fec9bfc8a7e1e7349e8fa223a938c419d18,clumping.raw-volume-weighted,migrated
results/aida-tng/L75n910_CDM/gas/raw-volume/snapshot025_grid512/threads1_batch1_run001.json,51095048af0e2f1ccabfd17c57643401c762d23df7c8a065c4aed9ae433cb6b1,results/aida-tng/L75n910_CDM/clumping/clumping.raw-volume-weighted/gas/snapshot025/science-7ca015b94dba/execution-83be40a864d4_run001.json,bf5e0984195bf1316c6bfcf74853d929d1963c2790cdde2e611fbdcc26831ba7,1dc163c349e116ffbe255aa36bc47fec9bfc8a7e1e7349e8fa223a938c419d18,clumping.raw-volume-weighted,deduplicated
results/aida-tng/L75n910_CDM/gas/raw-volume/snapshot033_grid256/threads1_batch1_run001.json,ee30fd527105f20cb310212e344b606b8dceb3587d7f7659ce8024eba94f37a3,results/aida-tng/L75n910_CDM/clumping/clumping.raw-volume-weighted/gas/snapshot033/science-7ca015b94dba/execution-83be40a864d4_run001.json,d3b588f9e63d5321e75273dc5e2a9dc4d492e03ae522d99b17f231bd257f0baa,21d69422344a4fc0ad1213fc0b227ce7c07763a880d4e9dd4a8138f5f0d81927,clumping.raw-volume-weighted,migrated
results/aida-tng/L75n910_CDM/gas/raw-volume/snapshot033_grid512/threads1_batch1_run001.json,72f2207442f95992a6725a398abdc376536ef16657e2f02127d62b91ba38a4e7,results/aida-tng/L75n910_CDM/clumping/clumping.raw-volume-weighted/gas/snapshot033/science-7ca015b94dba/execution-83be40a864d4_run001.json,d3b588f9e63d5321e75273dc5e2a9dc4d492e03ae522d99b17f231bd257f0baa,21d69422344a4fc0ad1213fc0b227ce7c07763a880d4e9dd4a8138f5f0d81927,clumping.raw-volume-weighted,deduplicated
results/aida-tng/L75n910_CDM/gas/raw-volume/snapshot050_grid256/threads1_batch1_run001.json,35b8a3fe5f8990b9ec7871dff25fceb4bb8e11eabde06ce20a1c88d7816d1810,results/aida-tng/L75n910_CDM/clumping/clumping.raw-volume-weighted/gas/snapshot050/science-7ca015b94dba/execution-83be40a864d4_run001.json,2346b86e00c35f71284eb1f003c90ddfd9d083a195e2f193112a88ee17115078,2c41a437dd7734a6e6066dd63c726e166bffbde32e83a70bb012de22c6a0bc2b,clumping.raw-volume-weighted,migrated
results/aida-tng/L75n910_CDM/gas/raw-volume/snapshot050_grid512/threads1_batch1_run001.json,1346c81bb6ccb1c5ab9d0e9e51804d07a4a8553566d5af1c23f9ab234445f84e,results/aida-tng/L75n910_CDM/clumping/clumping.raw-volume-weighted/gas/snapshot050/science-7ca015b94dba/execution-83be40a864d4_run001.json,2346b86e00c35f71284eb1f003c90ddfd9d083a195e2f193112a88ee17115078,2c41a437dd7734a6e6066dd63c726e166bffbde32e83a70bb012de22c6a0bc2b,clumping.raw-volume-weighted,deduplicated
results/aida-tng/L75n910_CDM/gas/raw-volume/snapshot067_grid256/threads1_batch1_run001.json,b50943e66b42eedda4ebd1cf06254e7f90531245b7d42de238f30244e819f6b3,results/aida-tng/L75n910_CDM/clumping/clumping.raw-volume-weighted/gas/snapshot067/science-7ca015b94dba/execution-83be40a864d4_run001.json,8e111bb252b639b380169c4d78d3862deb76cdf41f4ccb7e9f531e72590cf718,5ba6b7ac5286a864047802aa210f4b06d6e4c7611f1c41ad8caa391e7f0e9294,clumping.raw-volume-weighted,migrated
results/aida-tng/L75n910_CDM/gas/raw-volume/snapshot067_grid512/threads1_batch1_run001.json,d27bcbdc0feb29e7c0e65b1fdbb31ca23297450db24683cdbeba9c26924d654d,results/aida-tng/L75n910_CDM/clumping/clumping.raw-volume-weighted/gas/snapshot067/science-7ca015b94dba/execution-83be40a864d4_run001.json,8e111bb252b639b380169c4d78d3862deb76cdf41f4ccb7e9f531e72590cf718,5ba6b7ac5286a864047802aa210f4b06d6e4c7611f1c41ad8caa391e7f0e9294,clumping.raw-volume-weighted,deduplicated
results/aida-tng/L75n910_CDM/gas/raw-volume/snapshot084_grid256/threads1_batch1_run001.json,12d0d9b1ae6e03886c6cffe69590e0742cad5d9e74285cb8b031bac3712e9cd2,results/aida-tng/L75n910_CDM/clumping/clumping.raw-volume-weighted/gas/snapshot084/science-7ca015b94dba/execution-83be40a864d4_run001.json,cb073b43f93b8cc96627e8bb4d2589c5b8a2fe9ce60b6534b1076515878b3dc6,fa6e76faae99d79db270ec68538de0a5bc0a95dd5ca81d3579890957e252412d,clumping.raw-volume-weighted,migrated
results/aida-tng/L75n910_CDM/gas/raw-volume/snapshot084_grid512/threads1_batch1_run001.json,54338ccdd4cf70caaea90c18b0611fc80bf69d9bf54f5fb0790f66f87d440b4f,results/aida-tng/L75n910_CDM/clumping/clumping.raw-volume-weighted/gas/snapshot084/science-7ca015b94dba/execution-83be40a864d4_run001.json,cb073b43f93b8cc96627e8bb4d2589c5b8a2fe9ce60b6534b1076515878b3dc6,fa6e76faae99d79db270ec68538de0a5bc0a95dd5ca81d3579890957e252412d,clumping.raw-volume-weighted,deduplicated
results/aida-tng/L75n910_CDM/gas/raw-volume/snapshot099_grid256/threads1_batch1_run001.json,f636ffdbee69e5d55f6f596126ba3f5956e8554fce1b630bb78293e3e5885fec,results/aida-tng/L75n910_CDM/clumping/clumping.raw-volume-weighted/gas/snapshot099/science-7ca015b94dba/execution-83be40a864d4_run001.json,78d4e880bed8f219653277a5de5f5f39646d87af2bb7ef7c2d40b6dbf12c6172,cc63413cc36c2ec684cda6809f4903b1be351fe76be5ea3930f18b432866d213,clumping.raw-volume-weighted,migrated
results/aida-tng/L75n910_CDM/gas/raw-volume/snapshot099_grid256/threads1_batch1_run001_rawmode-electron-hii.json,8b96a39f37fc6a33d759051cd99d7fd571e08da0d3dfa3428c19b38816b21139,results/aida-tng/L75n910_CDM/clumping/clumping.raw-volume-weighted/gas/snapshot099/science-a49c35ec8aaf/execution-83be40a864d4_run001.json,0f68f824d6f1196464fbcd457cdcaa65c7f9418665e0dbcc1711f1e78c84536d,9a27b730c11fc04417fea81492ebc773bf5bd07c21d03cf89ffe91d8f212acbf,clumping.raw-volume-weighted,migrated
results/aida-tng/L75n910_CDM/gas/raw-volume/snapshot099_grid512/threads1_batch1_run001.json,6aec9aa5db6949c77f1f49cc283827a985221f6c2f98ba6a8957217ea38fb401,results/aida-tng/L75n910_CDM/clumping/clumping.raw-volume-weighted/gas/snapshot099/science-7ca015b94dba/execution-83be40a864d4_run001.json,78d4e880bed8f219653277a5de5f5f39646d87af2bb7ef7c2d40b6dbf12c6172,cc63413cc36c2ec684cda6809f4903b1be351fe76be5ea3930f18b432866d213,clumping.raw-volume-weighted,deduplicated
results/aida-tng/L75n910_CDM/gas/sphere/snapshot099_grid256/threads8_batch1_run001.json,fc53dfdec9e3a98404c382c39497183b8fbe0b1c83f25d289c32dcbad0134297,results/aida-tng/L75n910_CDM/clumping/clumping.sphere/gas/snapshot099/science-dbc318760466/execution-97fe92315af2_run001.json,32e8a93eca94a86b2646b5e39b6add91279a886257bdb88dd1d1728ae90ff0bc,e44f1ef16640254bad8fe49789f6ee07d46259b622563d85cedb503e2164800d,clumping.sphere,migrated
results/aida-tng/L75n910_CDM/gas/sphere/snapshot099_grid512/threads8_batch1_run001.json,a3f3ca3ce67a587704066a7c0b85be61f1446c9b9ceada05020054c78c597d45,results/aida-tng/L75n910_CDM/clumping/clumping.sphere/gas/snapshot099/science-feb0d6179238/execution-7f2a6ce7505e_run001.json,7bce66a9997cd4ca3f7b273cff821bb1bcd5338ad2fd4e9c111f537cf99e8f2a,aa0d10af2b8c58bcc12d02ee7e9fe8a1c29ebc41a8639e27712816a24c7764c2,clumping.sphere,migrated
results/aida-tng/L75n910_SIDM1/dm/power-spectrum/mas-only_both/snapshot017_grid256/threads8_run001.json,722cee0e3b8a85e5a41edf44d277ed09bbc29ccea83fb988d1e6bdca9a1819ca,results/aida-tng/L75n910_SIDM1/power-spectrum/power-spectrum.combined/dm/snapshot017/science-b1cc7f50620a/execution-dad87b62e8e5_run001.json,b663c2ed93859f1b7d1bda1b70698153714f35100230bb559df18c70a0a12336,53678fb136b758afa5aba121c4608f01aa8c869465ec4ca570fc9ac319fdf6d3,power-spectrum.combined,migrated
results/aida-tng/L75n910_SIDM1/dm/power-spectrum/mas-only_both/snapshot017_grid512/threads8_run001.json,0d87820f40b398266925f9259123a39284e17830519ce58fc22d7499b88f4ca6,results/aida-tng/L75n910_SIDM1/power-spectrum/power-spectrum.combined/dm/snapshot017/science-2aebec6aaa14/execution-dad87b62e8e5_run001.json,821c783a04693c9b2e8f8a55cbe7346a2ee716d691de54e3e56efa52042780ad,f63ea0f3d27ec6526aefcf36449f29b0c3b1db47eb7178892ba0bc15f17db0dc,power-spectrum.combined,migrated
results/aida-tng/L75n910_SIDM1/dm/power-spectrum/mas-only_both/snapshot025_grid256/threads8_run001.json,82b6770d5f863026f96cda2f019119594fc757b9a96ce1313080962f072817fa,results/aida-tng/L75n910_SIDM1/power-spectrum/power-spectrum.combined/dm/snapshot025/science-3aa2dd63d3ec/execution-dad87b62e8e5_run001.json,3b7da32ce508589f9a59b3d5b6be1ab8936896997e93000031d8f6b7d5ef9981,31392459f80162defcd8c00f41cc399441efba796f7c7c36630f7ca51d9501ce,power-spectrum.combined,migrated
results/aida-tng/L75n910_SIDM1/dm/power-spectrum/mas-only_both/snapshot025_grid512/threads8_run001.json,c934c979faf0ed6d14c36145263ff4dd737b748a2d790cfc03b2aef5f041523d,results/aida-tng/L75n910_SIDM1/power-spectrum/power-spectrum.combined/dm/snapshot025/science-640c02b34f04/execution-dad87b62e8e5_run001.json,13d799f5d8093f884f7b4e74578cb8da1f0ad6bca1388edb3b23747c79399c72,3b0a131a6168f7df1c36545d38c19110bc84c7eebf63a5ac8691c069cd835c5a,power-spectrum.combined,migrated
results/aida-tng/L75n910_SIDM1/dm/power-spectrum/mas-only_both/snapshot033_grid256/threads8_run001.json,25370b9871c0f0197aef116927a6603a95757762418d39d13e5075979cb01d13,results/aida-tng/L75n910_SIDM1/power-spectrum/power-spectrum.combined/dm/snapshot033/science-3d96298d6e55/execution-dad87b62e8e5_run001.json,27f40483874c3101e4288d3c80fec4e17c5aa2645427c0956af2d4227e2b661b,205efd6fccb487facb6a68e7f8e0a56671bca12a81c0babf70b638cf3d320a4d,power-spectrum.combined,migrated
results/aida-tng/L75n910_SIDM1/dm/power-spectrum/mas-only_both/snapshot033_grid512/threads8_run001.json,403bfeeec3c3616da99f99d79e5334bb023c2f51e470718ac72a829a0a8a7f1e,results/aida-tng/L75n910_SIDM1/power-spectrum/power-spectrum.combined/dm/snapshot033/science-58093a27fa7d/execution-dad87b62e8e5_run001.json,3b6e48692cae6b27d73b6fd00ff08a6e8518d3fe77a117746175dac3967094be,c29a37040f78253d515ff7237f32899c651cf74236c9fbef6c894f826fb3cf19,power-spectrum.combined,migrated
results/aida-tng/L75n910_SIDM1/dm/power-spectrum/mas-only_both/snapshot050_grid256/threads8_run001.json,b32ff9bf1b23ddfccf4932c16b6b6ff7a65d8e6a01d01b373174d6684c769c39,results/aida-tng/L75n910_SIDM1/power-spectrum/power-spectrum.combined/dm/snapshot050/science-8e7ee315a4a9/execution-dad87b62e8e5_run001.json,5d715acad2aa88e437471c780ccd49379154f9ff8fda4e4d281c335a295382c4,16c8982a453b11abbeb5f18df0e04b342ffa039304ddb19e1c6ee7b29345ff54,power-spectrum.combined,migrated
results/aida-tng/L75n910_SIDM1/dm/power-spectrum/mas-only_both/snapshot050_grid512/threads8_run001.json,cdabed47e9bbf209c4bf2fc95dc198d550af12952c90bdea11455f65502b4f6c,results/aida-tng/L75n910_SIDM1/power-spectrum/power-spectrum.combined/dm/snapshot050/science-0f4ce2868630/execution-dad87b62e8e5_run001.json,38ad86da4407f814272ff76e3668522f4c17a246faf14fbf604fe6d0e9c6db21,b4e513dddf64d9c6e30804fdb36d6a5026b282ef0ac4bafc2f5a294cbf8b32f8,power-spectrum.combined,migrated
results/aida-tng/L75n910_SIDM1/dm/power-spectrum/mas-only_both/snapshot067_grid256/threads8_run001.json,a0f8bb5611643606fefaa1bbb93a1517c0e9f936b23fad9f7f37a9c220668576,results/aida-tng/L75n910_SIDM1/power-spectrum/power-spectrum.combined/dm/snapshot067/science-850a28ae86a1/execution-dad87b62e8e5_run001.json,37520819fe0adf023e676e8a928cd7017a1a2a1fa28798788647995479297653,452acf2a4b0aff32184d1a9de0ec45ce3069cb043994e17d8479363b472a6b8a,power-spectrum.combined,migrated
results/aida-tng/L75n910_SIDM1/dm/power-spectrum/mas-only_both/snapshot067_grid512/threads8_run001.json,1784a8a18f701dda4bf2be7ea0d14a1654f7b7652a3b2918cd5b2d5e942af4dc,results/aida-tng/L75n910_SIDM1/power-spectrum/power-spectrum.combined/dm/snapshot067/science-2e576fde3500/execution-dad87b62e8e5_run001.json,0f7c93661765fea12b6f389a5de0605414de6103800a7717ffcaf168839d143c,4e7c70dd1b481e92a6d085a058566dab9d9ceae1998a6e19d05691fd1737c646,power-spectrum.combined,migrated
results/aida-tng/L75n910_SIDM1/dm/power-spectrum/mas-only_both/snapshot084_grid256/threads8_run001.json,c0a9340c1386ecbb6726aa6de166c1c93d63513601b9e25d2d870fa16dbbb1fa,results/aida-tng/L75n910_SIDM1/power-spectrum/power-spectrum.combined/dm/snapshot084/science-18ebcbb91bae/execution-dad87b62e8e5_run001.json,ffce7e5cb38a106705522c4967c931a787395ee8b78d1df0df671b01a80fa17a,6dfc1eeab5643d303ea00fe8412b2b7619eb641442d6f83830aff78c339e6e16,power-spectrum.combined,migrated
results/aida-tng/L75n910_SIDM1/dm/power-spectrum/mas-only_both/snapshot084_grid512/threads8_run001.json,4b6665b6de5541b26aad174fb40fdf86f26c48432f4ebc8284f9bdbf249b37cd,results/aida-tng/L75n910_SIDM1/power-spectrum/power-spectrum.combined/dm/snapshot084/science-36fc8d29f77b/execution-dad87b62e8e5_run001.json,8180637b136816293e39e6bf60380a48976c40e388d24f1b9c7295b3589134ca,caba00936527ca71c8c81a98635fb39a73f387a88469f75de9ae74d7977c62be,power-spectrum.combined,migrated
results/aida-tng/L75n910_SIDM1/dm/power-spectrum/mas-only_both/snapshot099_grid1024/threads8_run001.json,f39d13f7970d83ddafc7c416ade8d1995161fc4e2cbfac9db79b35227ef4b7d5,results/aida-tng/L75n910_SIDM1/power-spectrum/power-spectrum.combined/dm/snapshot099/science-034caf594e2c/execution-828951378904_run001.json,474bf3112d53531baaab8f970aa67508409a9c852544321454ad1e5f5ee9db5e,5b27f5e1b71da109abef398b3bc53877b3ec68a9b8deb006bc82b5cf615bc83c,power-spectrum.combined,migrated
results/aida-tng/L75n910_SIDM1/dm/power-spectrum/mas-only_both/snapshot099_grid256/threads8_run001.json,83fadfcc04dcbc9c7e4865c4a75361243ff88c0878a87e88562f7d752d46c8f1,results/aida-tng/L75n910_SIDM1/power-spectrum/power-spectrum.combined/dm/snapshot099/science-fa85ed902fb1/execution-828951378904_run001.json,5de935c3a54718be06a48503fcba02fe397534dbecfa3c9b065f8d03a1ba7337,e4d470d01c0af65200256d08dd3f31699f0f13a259e6f0b3a4cf986b5d30df56,power-spectrum.combined,migrated
results/aida-tng/L75n910_SIDM1/dm/power-spectrum/mas-only_both/snapshot099_grid512/threads8_run001.json,65d430a0836248fe4e6d245c214e2ce31440f48c3374f14e5821d84a28b7da98,results/aida-tng/L75n910_SIDM1/power-spectrum/power-spectrum.combined/dm/snapshot099/science-88f5e95cfea9/execution-828951378904_run001.json,21bde63e18fd7d55e6812b02387e9673125d35d101bad219383f4f2c97811bb1,aea14b3baeebe365922fe892fb6e146f718c800c721df5cc7cb4ec1cea1bbf0f,power-spectrum.combined,migrated
results/aida-tng/L75n910_SIDM1/dm/power-spectrum/smoothed-cube_both/snapshot099_grid1024/threads8_run001.json,964e33b2607b9adbef3df24a2d3f18304fbd312037e08695db4860b33ded51d0,results/aida-tng/L75n910_SIDM1/power-spectrum/power-spectrum.combined/dm/snapshot099/science-88780f2561c6/execution-97bb77bc24f0_run001.json,f599bfd7cc43cd7d67574dd5438c3c489bee16987a175990beafb405f2b71745,e80a4410ff0c13b3589ac70e5aebb79243c34a489a05ea19ec7f0257b01c5d4f,power-spectrum.combined,migrated
results/aida-tng/L75n910_SIDM1/dm/power-spectrum/smoothed-cube_both/snapshot099_grid256/threads8_run001.json,123f1a1971611494b4bb9cc14c5eba1dec16113833a07368c0104a248df63de0,results/aida-tng/L75n910_SIDM1/power-spectrum/power-spectrum.combined/dm/snapshot099/science-5d0ae9024bb2/execution-97bb77bc24f0_run001.json,1e09e03d0236d6e76c39c7e33edef102334b0949b16ef42b404da82d10e7f13e,93fb8b781085d2a8c0057419875f5004502e27794cae21b51c19a9b173f5f495,power-spectrum.combined,migrated
results/aida-tng/L75n910_SIDM1/dm/power-spectrum/smoothed-cube_both/snapshot099_grid512/threads8_run001.json,d5237f02717aa89a4ef242e4712471754f1d83265fb4919ee622d7a426c74026,results/aida-tng/L75n910_SIDM1/power-spectrum/power-spectrum.combined/dm/snapshot099/science-2318123942ba/execution-97bb77bc24f0_run001.json,e3d2ec302944b1dd36a7fd55db6be307975d467fdafb10aa998a0aa823162b95,783236e033bf88906e2a5696de9086156532c6c776068634f115890400bd6e24,power-spectrum.combined,migrated
results/aida-tng/L75n910_SIDM1/dm/power-spectrum/smoothed-pylians_both/snapshot017_grid256/threads8_run001.json,7313630a5585399ccb595357c378c8b797f4f366ad8deba5947cff0ca52e8a9d,results/aida-tng/L75n910_SIDM1/power-spectrum/power-spectrum.combined/dm/snapshot017/science-1a61c94b6133/execution-9c0eeb45174c_run001.json,7d2a004f86cc78e9318b66b2a06b108121d814e9ff22066f3e2e4f3e45bc089b,1d105b0ee28004c83627ef554ce24356c988c25010929443b904a9fe6954bdef,power-spectrum.combined,migrated
results/aida-tng/L75n910_SIDM1/dm/power-spectrum/smoothed-pylians_both/snapshot017_grid512/threads8_run001.json,ecb5f452b1b748bdabcc7ab7da3836cb57e8dd0a05d2d40f48c042e7191c42a3,results/aida-tng/L75n910_SIDM1/power-spectrum/power-spectrum.combined/dm/snapshot017/science-e80cd0aa2069/execution-9c0eeb45174c_run001.json,96a98d2ed28ce1de612c9e0f8d9eb2481cba8360f251342f58909a8c97069109,46d84f0fadd8d59f0136e91950f33a90acbc0f278898b0cea247ec17467abce4,power-spectrum.combined,migrated
results/aida-tng/L75n910_SIDM1/dm/power-spectrum/smoothed-pylians_both/snapshot025_grid256/threads8_run001.json,0b4f0209d38b17048f87a8ec0b96ad51a64ff4c78938db742aa8d5328bfa5ec5,results/aida-tng/L75n910_SIDM1/power-spectrum/power-spectrum.combined/dm/snapshot025/science-0978935a2620/execution-9c0eeb45174c_run001.json,e90dd45250315344994afe1557c3e5a5c63d087fc4d6e46798ec159b08daa0f0,b13fb25ae4e36dde7f0004a2c7dcc3e57d1d3ddf1109742017d1e09a8e9ac7bd,power-spectrum.combined,migrated
results/aida-tng/L75n910_SIDM1/dm/power-spectrum/smoothed-pylians_both/snapshot025_grid512/threads8_run001.json,87fb93f54c8169164791320f08a6571befd6c2b61ae2f94cfe0b1fa19ce19ff6,results/aida-tng/L75n910_SIDM1/power-spectrum/power-spectrum.combined/dm/snapshot025/science-264ea71db1ed/execution-9c0eeb45174c_run001.json,886df6b526df861d46eb0036e05801fa719fcfcfca6ca760331012c40d7b0d45,b42160dd50d743644c6597f9f45065211d113c2578ed21046709f47866c34e7f,power-spectrum.combined,migrated
results/aida-tng/L75n910_SIDM1/dm/power-spectrum/smoothed-pylians_both/snapshot033_grid256/threads8_run001.json,6a9aa10ba4d12b2ee37af2cf4125f2e3bec826ffde6ecd1bb9f84cc9896018a7,results/aida-tng/L75n910_SIDM1/power-spectrum/power-spectrum.combined/dm/snapshot033/science-7fd955de0577/execution-9c0eeb45174c_run001.json,4693f67177c5c9e49ad920169a2417d1bc6844315389a7df737ffd3a074ddf1c,18125275ba9d8d2fa9923b11da6cc761e3e0318f3e4a93d15ac181597ed1558d,power-spectrum.combined,migrated
results/aida-tng/L75n910_SIDM1/dm/power-spectrum/smoothed-pylians_both/snapshot033_grid512/threads8_run001.json,6eb20f2c2189b8a99d26b7612d8c1c2c4c032bdfe5caf98324bbcef3f3c4b19b,results/aida-tng/L75n910_SIDM1/power-spectrum/power-spectrum.combined/dm/snapshot033/science-f1926809bdaf/execution-9c0eeb45174c_run001.json,f6970c11708b2aa5a61dbc99aeccff5504e2a5762979f847b08d53834279cfe9,bb2317b3036f1970b9a8e528bf4bd4d20d4ce6c84eb83883091e5822c76e768a,power-spectrum.combined,migrated
results/aida-tng/L75n910_SIDM1/dm/power-spectrum/smoothed-pylians_both/snapshot050_grid256/threads8_run001.json,2e10d043b249b26bc56ce92221840914cae2faea1ef6f8f02f0d13a6e27a1093,results/aida-tng/L75n910_SIDM1/power-spectrum/power-spectrum.combined/dm/snapshot050/science-495327b7633f/execution-9c0eeb45174c_run001.json,d32470f2867c830d346e4779580c431d7e66c43f0edb33aa7f45d8eed950563a,fb992640aea4b9b2a81dc24c8c3ac899b52af48b9eef318402f47a94734d43e6,power-spectrum.combined,migrated
results/aida-tng/L75n910_SIDM1/dm/power-spectrum/smoothed-pylians_both/snapshot050_grid512/threads8_run001.json,fdb5dd0fccf6b99bebd59025a01d10406825af91d75cadae486b287953e2aa9a,results/aida-tng/L75n910_SIDM1/power-spectrum/power-spectrum.combined/dm/snapshot050/science-e6e34e98e82b/execution-9c0eeb45174c_run001.json,c6e1216e853d3a8b6b1ab60b1cbff4bedb86bbdf46dcef12e64e4a4d8c09795d,00188c9425f8b660ecd36a1dcaba6b0fe2f824ed3f63d626434f9c507e0d77d8,power-spectrum.combined,migrated
results/aida-tng/L75n910_SIDM1/dm/power-spectrum/smoothed-pylians_both/snapshot067_grid256/threads8_run001.json,38a26b695eb57c548dea5ffbf4eb647325f5656ae450f8e717f170b50e852385,results/aida-tng/L75n910_SIDM1/power-spectrum/power-spectrum.combined/dm/snapshot067/science-f8f23cf9a645/execution-9c0eeb45174c_run001.json,457faa7f62110c31e5f56d674264026b46b3cbe6919671e6abf9bd53b1ca72ef,cab71fb4fa8b1ff9fcabfc8db8a76cf2a9c1c596d72aeb52d34bb530b5aaf109,power-spectrum.combined,migrated
results/aida-tng/L75n910_SIDM1/dm/power-spectrum/smoothed-pylians_both/snapshot067_grid512/threads8_run001.json,b52ede05c40d6015509970b3235517e3aea1ebbe919c0520dc0834bfd2bc4848,results/aida-tng/L75n910_SIDM1/power-spectrum/power-spectrum.combined/dm/snapshot067/science-e49a92fc9ba6/execution-9c0eeb45174c_run001.json,c9cc3e1cb10962cea033951c943e921b23ecd883084c9fa1cc6009bc849f0fea,af962b0e6c289e9d2af8739cd86caf9e0c12c0260cfd2438df990fe64baeabf9,power-spectrum.combined,migrated
results/aida-tng/L75n910_SIDM1/dm/power-spectrum/smoothed-pylians_both/snapshot084_grid256/threads8_run001.json,9280cdd70a56cebef1fe1cf4dd9ecf883894b52e2ae4cf7fc3629284e3c55bfe,results/aida-tng/L75n910_SIDM1/power-spectrum/power-spectrum.combined/dm/snapshot084/science-df566664f549/execution-9c0eeb45174c_run001.json,ee3b10352835ac2046387edd0c0cf36f8288947f396c1fcd684d08c3474ed7e2,d1324770f7fac635c9d4f443ff770b426c51716819f45b1f3335949e89f1489d,power-spectrum.combined,migrated
results/aida-tng/L75n910_SIDM1/dm/power-spectrum/smoothed-pylians_both/snapshot084_grid512/threads8_run001.json,815881b612621b6a5d49eabd895e1e3325d05f1322c5db18b9e7e059231daf24,results/aida-tng/L75n910_SIDM1/power-spectrum/power-spectrum.combined/dm/snapshot084/science-59b054454989/execution-9c0eeb45174c_run001.json,93f7cd2018df77496a0b0d99cfadaae583165c1098513eced689d92f287561b2,35ecff2a6313e912f45404d878a519393a2e56a1346626015d5f51cb67016b02,power-spectrum.combined,migrated
results/aida-tng/L75n910_SIDM1/dm/power-spectrum/smoothed-pylians_both/snapshot099_grid1024/threads8_run001.json,0b94e00c555b6a4a02fc315674d5f2428336224e298a22ec7f910b859810056e,results/aida-tng/L75n910_SIDM1/power-spectrum/power-spectrum.combined/dm/snapshot099/science-c1495c1d5856/execution-97bb77bc24f0_run001.json,9d0bff70385dc4c28b1164f4ad49e79d7f8a0e26c0e2658fc556ac6def3b9925,036db85070e9f3b6fb939690d542d16e088c819fa880a466cc9f62dd12a7abcc,power-spectrum.combined,migrated
results/aida-tng/L75n910_SIDM1/dm/power-spectrum/smoothed-pylians_both/snapshot099_grid256/threads8_run001.json,fac435786a198c81bed879226c614651ea8e4a9ead0cbc89e2ef5acf6b13db57,results/aida-tng/L75n910_SIDM1/power-spectrum/power-spectrum.combined/dm/snapshot099/science-89fe73e21697/execution-97bb77bc24f0_run001.json,17e5876758e37eeb072dad26f9dfaa78b37032450cd116d44791b60be4a4c31b,b6e25ec6b634748fde4e985e4f9d50b9847b6bc16f283ec0ee7019509230fd87,power-spectrum.combined,migrated
results/aida-tng/L75n910_SIDM1/dm/power-spectrum/smoothed-pylians_both/snapshot099_grid512/threads8_run001.json,fb60d6b5c2d1205d37e1ea6c6dbf6cccb3d30ebe7be4c3ab0b847c4a0cca1b3c,results/aida-tng/L75n910_SIDM1/power-spectrum/power-spectrum.combined/dm/snapshot099/science-616668ff45eb/execution-97bb77bc24f0_run001.json,dfe8b3c4e620cff65c144f12ccfaaa807aefd9c9cf1423eb0669d74f986fa087,7ee95c62b4dffca3581e92dfe42d7cbb2748c57fa0c810f5288495b63acf96a8,power-spectrum.combined,migrated
results/aida-tng/L75n910_SIDM1/dm/power-spectrum/smoothed-pylians_pylians/snapshot099_grid1024/threads8_run001.json,59089325d7be169849ff0fe63e56b5495e313cda09e7e1e95390d788e619efef,results/aida-tng/L75n910_SIDM1/power-spectrum/power-spectrum.pylians/dm/snapshot099/science-c0901c1ef60f/execution-97bb77bc24f0_run001.json,18b86a6d58415c78624c8110a7902fffb012944be399708cc81d4f986a20931f,077715ae5bdda63c1bc615e950c716b00be359114644baa3d2fc038275643c0a,power-spectrum.pylians,migrated
results/aida-tng/L75n910_SIDM1/dm/power-spectrum/smoothed-pylians_pylians/snapshot099_grid256/threads8_run001.json,a8d96fff0c8f1e62d95c239b15b554f65e564e03daf1f268041dc52ef78a0d20,results/aida-tng/L75n910_SIDM1/power-spectrum/power-spectrum.pylians/dm/snapshot099/science-744b8bf18d37/execution-97bb77bc24f0_run001.json,0e0ffedf35221b902ba1d3838c503f810fd05ea3ab7ce77277bef2568a1e3395,39a51422ed730aaa13806e2a8c9342fefa8be73e7740fed049b2d93524f1bc06,power-spectrum.pylians,migrated
results/aida-tng/L75n910_SIDM1/dm/power-spectrum/smoothed-pylians_pylians/snapshot099_grid512/threads8_run001.json,4f4d4efba83053beb3e921aebbfcbc3693d66327059bf35de5a2cd914c0f9ce3,results/aida-tng/L75n910_SIDM1/power-spectrum/power-spectrum.pylians/dm/snapshot099/science-847e1bb80d03/execution-97bb77bc24f0_run001.json,6b31e575a2dabcb7879db8357d79b76817fbe142f4e24b32dd710b1c4b98a701,c3c95c2c6c5a14939698dac46396d336ec63291185b7ae57c87dd8e48611e6a4,power-spectrum.pylians,migrated
results/aida-tng/L75n910_SIDM1/dm/power-spectrum/smoothed-sphere_both/snapshot017_grid256/threads8_run001.json,de16ab601278a8e59f6844c82c21f67d5c9301adb1026ff6614a6b20941f4940,results/aida-tng/L75n910_SIDM1/power-spectrum/power-spectrum.combined/dm/snapshot017/science-680f0d9ae472/execution-9c0eeb45174c_run001.json,b7ed50191652c99345f42bf936f7727b4be926d19d836076ccfd187a3e8ae0fe,c7b04973ac223ae51a4d60b4c292fafaef6d5953d03cbcd5d5a06a2ed59868f1,power-spectrum.combined,migrated
results/aida-tng/L75n910_SIDM1/dm/power-spectrum/smoothed-sphere_both/snapshot017_grid512/threads8_run001.json,09260f62c58dcec791e7ca9aa365485b57e60abd71c14b5a11891e109f94d903,results/aida-tng/L75n910_SIDM1/power-spectrum/power-spectrum.combined/dm/snapshot017/science-256aba634fe2/execution-9c0eeb45174c_run001.json,33d93b120828ac68839a2e976bac0903415e51c0e33db70a6e0611cde77cb16d,d8d06500669362aa3c1779333605f6d17e801c26855fe9d9b677e8b87091b497,power-spectrum.combined,migrated
results/aida-tng/L75n910_SIDM1/dm/power-spectrum/smoothed-sphere_both/snapshot025_grid256/threads8_run001.json,31ed644241f06c46760ce666741544cbd0a327416901fc04fdd3053b1ed7c6f5,results/aida-tng/L75n910_SIDM1/power-spectrum/power-spectrum.combined/dm/snapshot025/science-6cf5e95dd6c0/execution-9c0eeb45174c_run001.json,7e68beb56022fd381273f0e8142b17ba566e56939b1055b87ea4f90d5bcfd31c,1acc0b8a59c36f737faa0f879f7dd545ba85849f6f09daae2ecd2fc5bee0c2ea,power-spectrum.combined,migrated
results/aida-tng/L75n910_SIDM1/dm/power-spectrum/smoothed-sphere_both/snapshot025_grid512/threads8_run001.json,b0ec31e2d18f00b844425adfc55d2b9642851ddba7716be6686a84bc1e2812c9,results/aida-tng/L75n910_SIDM1/power-spectrum/power-spectrum.combined/dm/snapshot025/science-c7f729080db5/execution-9c0eeb45174c_run001.json,866fa1e77a08341e4d0cd6b7891de83db4f56d9d1457e37c16dfbb9c718ebb3b,68295cdc6e7a5586f800b6650556e00b8395f0e783b245a5746f753b70fe98cf,power-spectrum.combined,migrated
results/aida-tng/L75n910_SIDM1/dm/power-spectrum/smoothed-sphere_both/snapshot033_grid256/threads8_run001.json,de5793db8f5233862e2edfc4fb158d92289719cd81bfa3535fabf98921e97893,results/aida-tng/L75n910_SIDM1/power-spectrum/power-spectrum.combined/dm/snapshot033/science-e42fbe667dd1/execution-9c0eeb45174c_run001.json,0ba93ec8df3b8c53d3b5483cafb4430a9e7b931882fbf5dba78fdc134d9fa57e,9eaaba382a31a2b55c63dfa4acfeb691469b89459d8907d4904b2fa623c8e620,power-spectrum.combined,migrated
results/aida-tng/L75n910_SIDM1/dm/power-spectrum/smoothed-sphere_both/snapshot033_grid512/threads8_run001.json,408812b0ece5017381c089db0b5f34101d62fe3898857a162ffea7e5f461ae6b,results/aida-tng/L75n910_SIDM1/power-spectrum/power-spectrum.combined/dm/snapshot033/science-961b884b7373/execution-9c0eeb45174c_run001.json,ef3d31cc1de193c852114f587d510053a5de021fcdab79417137998a1607e9d0,7496dbf2fe6c33b9d6afcb6f8e45c9cdd87ab19ec3c6b2ab78d6b93a8658a267,power-spectrum.combined,migrated
results/aida-tng/L75n910_SIDM1/dm/power-spectrum/smoothed-sphere_both/snapshot050_grid256/threads8_run001.json,f4cedb6a459065f90b002905114a5f386c215b74ee053fa6a5e13607f9a39d1c,results/aida-tng/L75n910_SIDM1/power-spectrum/power-spectrum.combined/dm/snapshot050/science-5a2c8b08e27e/execution-9c0eeb45174c_run001.json,636dfc4a55bd373992e5b4f8f6eb588baadfe9ea366999f80887bc3edba37bff,74b1316f2411d7921a1966f1a5791f46d85f77a638a4665ff00eacb4bedb7e3e,power-spectrum.combined,migrated
results/aida-tng/L75n910_SIDM1/dm/power-spectrum/smoothed-sphere_both/snapshot050_grid512/threads8_run001.json,f62a14b7fdae90de37e179de3e2a3d1ddbf13a860b59275550ddf6e77cd08f99,results/aida-tng/L75n910_SIDM1/power-spectrum/power-spectrum.combined/dm/snapshot050/science-6de66fcdd41d/execution-9c0eeb45174c_run001.json,7947597934ace044ea9044f6c49e8c4dac948747784ea81cea0319ee90bfc729,295e6b4e36118927ba197c1ee4c2deb855245822c1f4d430fa5783e6d1b3763c,power-spectrum.combined,migrated
results/aida-tng/L75n910_SIDM1/dm/power-spectrum/smoothed-sphere_both/snapshot067_grid256/threads8_run001.json,a8f044ee5227b8e435b11bc2cf08f021128bb985effcdd098ecefd651d965848,results/aida-tng/L75n910_SIDM1/power-spectrum/power-spectrum.combined/dm/snapshot067/science-504288f1c97c/execution-9c0eeb45174c_run001.json,d7ff38f8e48dfab51a39891f4f891529c613c089bcbbe49720c95402b077a1cc,93bda0ff48e4f883891430cd7025f45184955d278d9b33cf499574f2c396f936,power-spectrum.combined,migrated
results/aida-tng/L75n910_SIDM1/dm/power-spectrum/smoothed-sphere_both/snapshot067_grid512/threads8_run001.json,c4939e09266bfc76e2c07ac8699b258b6fca2e613eb51c900eb338f3e0afee0e,results/aida-tng/L75n910_SIDM1/power-spectrum/power-spectrum.combined/dm/snapshot067/science-2ac6ced24fac/execution-9c0eeb45174c_run001.json,17cc6faf077f1dc0303f9072eb7455636e1d98d624adcd5c396c6533cccf39b0,1cb9b284a60f59ae745afdbbe289ddfb0e849dbec35a97adc13c09ddeaaddfef,power-spectrum.combined,migrated
results/aida-tng/L75n910_SIDM1/dm/power-spectrum/smoothed-sphere_both/snapshot084_grid256/threads8_run001.json,bc3ff076f472e15a1e5b149b46b5bdc72d83582052572198be17b71266477be7,results/aida-tng/L75n910_SIDM1/power-spectrum/power-spectrum.combined/dm/snapshot084/science-4dd5bd6f06d7/execution-9c0eeb45174c_run001.json,391d80f838379622570ceb755867422e7e56ac98b2c5471b62fe5692cbeff810,ada188882674709aa92c0ea45e80da735ff1718eab6ad271f549be31411ef8e8,power-spectrum.combined,migrated
results/aida-tng/L75n910_SIDM1/dm/power-spectrum/smoothed-sphere_both/snapshot084_grid512/threads8_run001.json,557304eb18a44938443941c0cd481813f073b2b4987f61094f5dc3d1ac868049,results/aida-tng/L75n910_SIDM1/power-spectrum/power-spectrum.combined/dm/snapshot084/science-5a7a7b3e278f/execution-9c0eeb45174c_run001.json,ee9ec9e3bbcea083643c49e39bc838425ce1679d128bebbc9f12979700e0a48c,677f20387e6e3a01168157568bf97a670d6b4c038b5f8a07058fdbbc376d58de,power-spectrum.combined,migrated
results/aida-tng/L75n910_SIDM1/dm/power-spectrum/smoothed-sphere_both/snapshot099_grid1024/threads8_run001.json,fdd2626f8b8f66d03883cf9df0c6373ece6e71462b8ad3b2e18c1953933aef04,results/aida-tng/L75n910_SIDM1/power-spectrum/power-spectrum.combined/dm/snapshot099/science-c54ae06b1ccf/execution-97bb77bc24f0_run001.json,41f0782a0d6cd228e0f075f35aab09ebd2a69bcb90b4841e3411908917930e97,f1dc0010d8ffea14b8d356eb5a0cf4321dc0225c267e50b11eadbc6a96da79e1,power-spectrum.combined,migrated
results/aida-tng/L75n910_SIDM1/dm/power-spectrum/smoothed-sphere_both/snapshot099_grid256/threads8_run001.json,2d1b6f8a7d1bca79fdda9457eb30163ed4295c986e71d7161687719da7439df5,results/aida-tng/L75n910_SIDM1/power-spectrum/power-spectrum.combined/dm/snapshot099/science-6541a6fa20d0/execution-97bb77bc24f0_run001.json,707302cffadadeeaf8365a3f4ad8b433613f0589d614380e83ea1b10049d150e,0b083063acd6f0963108516ba13fbb9fc38e6264a85a8f42b1d9fd786896af73,power-spectrum.combined,migrated
results/aida-tng/L75n910_SIDM1/dm/power-spectrum/smoothed-sphere_both/snapshot099_grid512/threads8_run001.json,ff27eeaec2a77ebe76e100c2b629d949437b1c17bc82bd42e482eceb0e0c7460,results/aida-tng/L75n910_SIDM1/power-spectrum/power-spectrum.combined/dm/snapshot099/science-551c7a4810d7/execution-97bb77bc24f0_run001.json,be693cd59ea991fe31e2967157333da6a8293804e17b712ed1507059dc0f7885,6e2317d4a1bb33ee7895bcec35c754540d89f48018a159d0e77f4df882573062,power-spectrum.combined,migrated
results/aida-tng/L75n910_SIDM1/dm/pylians/snapshot017_grid256/threads8_batch1_run001.json,d73c8508e0cf6c1ccb4a4a383236b0d03d71f8cb83a342816323bba3e862f673,results/aida-tng/L75n910_SIDM1/clumping/clumping.pylians/dm/snapshot017/science-38d0f6d0d11d/execution-cd9ea581b7f7_run001.json,33631ebdd62b62ca15fb0fe9ac37c791a6b9dace8e047756d387a06cb6b255e8,892a0f3b289f396c702cbdb858670b38d9cd7471067fcd23715e04aedd753b24,clumping.pylians,migrated
results/aida-tng/L75n910_SIDM1/dm/pylians/snapshot017_grid512/threads8_batch1_run001.json,d79d50673a7392f808c337c975ef040c934299f4cdfb51e3ebed1621c0ac560f,results/aida-tng/L75n910_SIDM1/clumping/clumping.pylians/dm/snapshot017/science-5d9761389111/execution-97fe92315af2_run001.json,f82a6f8377578506e0894a0c7e9d548fd3201bbebd4396eaf7ddcf278ce9bf54,d1a43a0611c1a49f52651ca7ffb049fb396bc1f2acda2fa299a47360dc9a6e81,clumping.pylians,migrated
results/aida-tng/L75n910_SIDM1/dm/pylians/snapshot025_grid256/threads8_batch1_run001.json,6ed716c39e7ed34a551730a1f798bd7ecd6ac0dc9351874e53e0e76ecf21af4e,results/aida-tng/L75n910_SIDM1/clumping/clumping.pylians/dm/snapshot025/science-1404c823c902/execution-cd9ea581b7f7_run001.json,48fef398980afb6722f0a5eab7f2014fee94f71c47a8bd7038d939f157853f9d,39a4df6e59d2c40f44c3ce7423b94333bce1e2587297e838a0ab2de830604cea,clumping.pylians,migrated
results/aida-tng/L75n910_SIDM1/dm/pylians/snapshot025_grid512/threads8_batch1_run001.json,8ccc96f9007ab17307f6ec9fb90653d004575bc2353e97e035babe3467452dda,results/aida-tng/L75n910_SIDM1/clumping/clumping.pylians/dm/snapshot025/science-e22a837f6b59/execution-97fe92315af2_run001.json,a54f5e00c4a3c7d689eef3b16a5a5d69ad2cc64da1f6ac8b640d29a71a7bc75e,ffe2becd82c72b1592064c327725ac5cb1bab8c1fa54b38f18dca1f04f534fcd,clumping.pylians,migrated
results/aida-tng/L75n910_SIDM1/dm/pylians/snapshot033_grid256/threads8_batch1_run001.json,1aceff66fef155ac3b3df51e1f65caaba57e06711f5833b8c14cebcdce16cde1,results/aida-tng/L75n910_SIDM1/clumping/clumping.pylians/dm/snapshot033/science-4d965dd5a77f/execution-cd9ea581b7f7_run001.json,870b80c8574fa26d031a70d58340546fcc21a3f74e20ee865cfebd66c7cd84e6,3eea0b02b39dd0ef5763bc8a1af03c3bccc428023dd35d65c87faabd812a0a5d,clumping.pylians,migrated
results/aida-tng/L75n910_SIDM1/dm/pylians/snapshot033_grid512/threads8_batch1_run001.json,e13f19ab2551a8be0155dd823e172054963fdea31524f934d150fa65f36d731d,results/aida-tng/L75n910_SIDM1/clumping/clumping.pylians/dm/snapshot033/science-7e647f71dfce/execution-97fe92315af2_run001.json,139e8ba4a9c944e080be67d5b364987a7dfb0c40c4688d330b6601f360416995,6ca1fc6d4369cad0dd8bd4ce2cf8c472bc1abebc03cfcd541bb7f4e4aa916143,clumping.pylians,migrated
results/aida-tng/L75n910_SIDM1/dm/pylians/snapshot050_grid256/threads8_batch1_run001.json,7a19609612adf620d11651d312876361b3c7139cb67e835ce270676d61736303,results/aida-tng/L75n910_SIDM1/clumping/clumping.pylians/dm/snapshot050/science-4eb21cc5aa07/execution-cd9ea581b7f7_run001.json,5767a2c5a2ea4ab184f90725caae8e9485cbd60012c9971c4516092a01550b5c,e7fac1cccb0fd0e9ab789baa0b856570954b6762f49283f96db15965b2ba8550,clumping.pylians,migrated
results/aida-tng/L75n910_SIDM1/dm/pylians/snapshot050_grid512/threads8_batch1_run001.json,eb2855db4222f00a7dc0f7d4621ce931d4aa3c03d0878ad6394143f5ce56309c,results/aida-tng/L75n910_SIDM1/clumping/clumping.pylians/dm/snapshot050/science-3be7fdf5f542/execution-97fe92315af2_run001.json,24537c3cc19a8821368af64a7b3ed88c0f4799e75f4e4e2c2641a37e97982489,26c17da2446705533a60e81c89fdb13e2d738f75dd4da84f40776a6e85a13479,clumping.pylians,migrated
results/aida-tng/L75n910_SIDM1/dm/pylians/snapshot067_grid256/threads8_batch1_run001.json,3b7215a6ff609ebf69f52421d782810e41cb68147d7989eeabbeecec309c2ef9,results/aida-tng/L75n910_SIDM1/clumping/clumping.pylians/dm/snapshot067/science-065b81d061ab/execution-cd9ea581b7f7_run001.json,3000624f0b6bf98bcca79de8a750243035479c78e5885526990796142e211ec9,794a9ff9364f6af7c547b4f58e0e958170af67a6d1ea5c6beeb1c23d5f856c6c,clumping.pylians,migrated
results/aida-tng/L75n910_SIDM1/dm/pylians/snapshot067_grid512/threads8_batch1_run001.json,ffb99d9818a068350a9e4e35fdd6967cb9e115bde9e2b89331318497c62f4d75,results/aida-tng/L75n910_SIDM1/clumping/clumping.pylians/dm/snapshot067/science-9446c8616cac/execution-97fe92315af2_run001.json,aa0410f1f95adf3495aa6d0fdb675e05082524819c742c005c8c05f467a8d504,4a733d263082b60f629a01db96b82ad7ee019b15a65ce0ba89dbe43b97566477,clumping.pylians,migrated
results/aida-tng/L75n910_SIDM1/dm/pylians/snapshot084_grid256/threads8_batch1_run001.json,271dd50fa63eb666a2be3f08cde5c61cdb7eca826ecb9ee386cfcb71a54f57aa,results/aida-tng/L75n910_SIDM1/clumping/clumping.pylians/dm/snapshot084/science-2bdee271ceaa/execution-cd9ea581b7f7_run001.json,8c513964e2985547670ba1dbea6b1adee914c7d5cb0972af8debcfaf3965b415,b298274918bd2d9a9636b87ca02974b55eb57791faa2a7977cace98a680f45d4,clumping.pylians,migrated
results/aida-tng/L75n910_SIDM1/dm/pylians/snapshot084_grid512/threads8_batch1_run001.json,50e8138ff91a2ecddec68ee453a4a4d6f24cf155ea03293eef8ae72cb84d76a6,results/aida-tng/L75n910_SIDM1/clumping/clumping.pylians/dm/snapshot084/science-1ba26ad98d41/execution-97fe92315af2_run001.json,cae0ba84c2018d7c6e7ccb72ef94554d0a3827ec7d3246b362cef2814e5303c2,ba06b2192b913abc8bf1e197b6edafb75a9709086c95816d35f67d22b616dbf2,clumping.pylians,migrated
results/aida-tng/L75n910_SIDM1/dm/pylians/snapshot099_grid256/threads8_batch1_run001.json,b2ee43a8ceb9d8221884f7be8a327a0156fa2f11929edbacb2a9b138d247c80a,results/aida-tng/L75n910_SIDM1/clumping/clumping.pylians/dm/snapshot099/science-24c9f1eb9a05/execution-cd9ea581b7f7_run001.json,e166de44b36cfbf83402cb6a2f8892207924de67076c577fccdc6095f1ac66dc,6e266c02d7300e6e36c41952bf60f70e90f4a881ead8f35d7ba168da6fa13697,clumping.pylians,migrated
results/aida-tng/L75n910_SIDM1/dm/pylians/snapshot099_grid512/threads8_batch1_run001.json,4ddba0c929d65d3e00d280bf6200492cfd2c30a546d32bb4b2c9d21b50878a2f,results/aida-tng/L75n910_SIDM1/clumping/clumping.pylians/dm/snapshot099/science-7963621b85e8/execution-97fe92315af2_run001.json,6bf96c47c26b0148c9b9830b07a3bfbf5288aa12842e7b9d9b48236544c14611,9679132aafb795240aac88fad647fe1916ed68189012802618d34201cff8a4c3,clumping.pylians,migrated
results/aida-tng/L75n910_SIDM1/gas/cube/snapshot017_grid256/threads8_batch1_run001.json,d71e163b71922ab3d5fea866ec8a3011d6e3228a2866cd5b86fde72c4cbd356d,results/aida-tng/L75n910_SIDM1/clumping/clumping.cube/gas/snapshot017/science-41145269db7b/execution-97fe92315af2_run001.json,7f4dd7cfcb11358c65525abb24c71b1f24bdacb887902bee5c8b6c3de7d4886a,15864c25184f54a869b939a551008a56e9fe3aef444ea55d06068806e1a2332c,clumping.cube,migrated
results/aida-tng/L75n910_SIDM1/gas/cube/snapshot017_grid512/threads8_batch1_run001.json,1aef2f8a4a3d82672958c59871bb23c0193736ce75bb8a1f9c12e9cc91120b7b,results/aida-tng/L75n910_SIDM1/clumping/clumping.cube/gas/snapshot017/science-b764bf53eb19/execution-7f2a6ce7505e_run001.json,a0d80c02e4c82d54d03729e56be1eb9738e90101d910555350e65051a86453ec,d5ee847dc9328e2aa4076a88f55836316e5a7daafcc6a5a8ee15a344b1dbaf94,clumping.cube,migrated
results/aida-tng/L75n910_SIDM1/gas/cube/snapshot099_grid256/threads8_batch1_run001.json,68750941926a7263733ea1860e93cb93eccc3c17cf94cb5b9c7863a8a7aab5d1,results/aida-tng/L75n910_SIDM1/clumping/clumping.cube/gas/snapshot099/science-3216fb2382e1/execution-97fe92315af2_run001.json,5a856ca75266d5e76023a01338c70488ce81e572c07a3aee31865741fa549233,726234cf892ab30afe4a4b94ec13ea2e87bbfc24234b2b2be58915e6056fd7fc,clumping.cube,migrated
results/aida-tng/L75n910_SIDM1/gas/cube/snapshot099_grid512/threads8_batch1_run001.json,9346e86866cd23a3b836f565eea9a012d7783ba99e230179a410d3fded186fd6,results/aida-tng/L75n910_SIDM1/clumping/clumping.cube/gas/snapshot099/science-813fd9d29f67/execution-7f2a6ce7505e_run001.json,bc9cd17866daed500131d78b717b99e38d5c8f9262b64a727bbda514cb8404bc,e59fa0c4a0812a2c62e1ec240f3ff053d355056c91214dc71ac91dfe528faf9d,clumping.cube,migrated
results/aida-tng/L75n910_SIDM1/gas/ionized-sweep/snapshot017_nogrid/threads1_batch1_run001.json,8c207e25e2a0ff6e64dd5eed75e56a5a65285f8d0725c00a9018ffaba78d6802,results/aida-tng/L75n910_SIDM1/alternative/alternative.ionized-sweep/gas/snapshot017/science-954d63724d6d/execution-58def760728d_run001.json,5e7b054877d7c392b87d1a7e5a5cecf29aea9fc9deda5e8ca9a306367d72ad5a,ad6ecf2cb1377420f97e546ba38791c4fc30d4002a7ab9ba67e7d0fe7fc79e1c,alternative.ionized-sweep,migrated
results/aida-tng/L75n910_SIDM1/gas/ionized-sweep/snapshot099_nogrid/threads1_batch1_run001.json,0ffba949015710977fe992b59d7aa1926ca70b4705359cd2113334de3472b044,results/aida-tng/L75n910_SIDM1/alternative/alternative.ionized-sweep/gas/snapshot099/science-954d63724d6d/execution-58def760728d_run001.json,f287166bdac73d00da34c3987a866cfb97f4aefa3cf00697aa3ac439fc05db12,326b0033ad108e07cbc086bdd46117b657f42b14367c71ca72972d23e1a8335c,alternative.ionized-sweep,migrated
results/aida-tng/L75n910_SIDM1/gas/power-spectrum/mas-only_both/snapshot017_grid256/threads8_run001.json,6a73030d2388c76f40f32f7d414d2f1d760b0010eac3dd4cbfb16efed8c3d628,results/aida-tng/L75n910_SIDM1/power-spectrum/power-spectrum.combined/gas/snapshot017/science-927e5dd77b14/execution-dad87b62e8e5_run001.json,f560ba78ba79892b69240f2060af27e7f17753508ea988f3c2b63652b2754665,f5524cca484b535f689d955672df46ae559468403390c71ff520cc798eca9592,power-spectrum.combined,migrated
results/aida-tng/L75n910_SIDM1/gas/power-spectrum/mas-only_both/snapshot017_grid512/threads8_run001.json,be011b52026127500e74234bbb6e9074b81a341774a9e9a1970dc06977ff341f,results/aida-tng/L75n910_SIDM1/power-spectrum/power-spectrum.combined/gas/snapshot017/science-4ab2578b85fa/execution-dad87b62e8e5_run001.json,57773a2e347aeb8691842d461e460cf3e64ddc277caf2b1517fbbced762c7f77,1559248070da6b177260d1e3696c6bdc2dda3cc93e0c9c81f42fb6ce6dae8e0f,power-spectrum.combined,migrated
results/aida-tng/L75n910_SIDM1/gas/power-spectrum/mas-only_both/snapshot025_grid256/threads8_run001.json,2022fe0e911fe039218520fa068c51ad71bed77d23d3cb71d55e1ac868dfef1f,results/aida-tng/L75n910_SIDM1/power-spectrum/power-spectrum.combined/gas/snapshot025/science-8f22b874136d/execution-dad87b62e8e5_run001.json,c243dad9a01682b7db1920e04462555723945534b24a5d5c968c47f4b6fd7a43,f9f5457f1d241e19906d5d842fe910d51c6e57b7dfb5b868312167e901c80b2b,power-spectrum.combined,migrated
results/aida-tng/L75n910_SIDM1/gas/power-spectrum/mas-only_both/snapshot025_grid512/threads8_run001.json,57bdeb4c47d017f26e44e03fbee82aaa01f6a3cbcc4990890d35a3ac141fb0f7,results/aida-tng/L75n910_SIDM1/power-spectrum/power-spectrum.combined/gas/snapshot025/science-825c5836f5ef/execution-dad87b62e8e5_run001.json,a8fb3c0be8cdb6c566b86754c4b63a844fe245123cdfc48d4e9f3524db355945,484e93925ccfaa7b033e36524812a3b89616046701abeaf9d91a3771eb0a98b2,power-spectrum.combined,migrated
results/aida-tng/L75n910_SIDM1/gas/power-spectrum/mas-only_both/snapshot033_grid256/threads8_run001.json,f38d328d74bbc7416e2d1efaa53630ed7fc0321c79ee4b50c57829af0cb4fa71,results/aida-tng/L75n910_SIDM1/power-spectrum/power-spectrum.combined/gas/snapshot033/science-7a9b7892d623/execution-dad87b62e8e5_run001.json,bed042afcbe6facacdbaadff15d164b72119bd56b07ee6a2453d40027e49c11c,5f4ea4108de0f796184716b297da0a31affc66825efca7f405eee3a1b18ce007,power-spectrum.combined,migrated
results/aida-tng/L75n910_SIDM1/gas/power-spectrum/mas-only_both/snapshot033_grid512/threads8_run001.json,e495f520561c2657815b976d7bfb7cdf8030f76df2b178a203ac6923b5788b61,results/aida-tng/L75n910_SIDM1/power-spectrum/power-spectrum.combined/gas/snapshot033/science-2c75349ba98a/execution-dad87b62e8e5_run001.json,baffa7a00cd936053516bc95b70827ee1c1292dfc618e57826d1e8ae36c4bc94,ec189d0a385dae6b45b835022f71860d731b6fd1c5bb3f0d5be27f862cc85f60,power-spectrum.combined,migrated
results/aida-tng/L75n910_SIDM1/gas/power-spectrum/mas-only_both/snapshot050_grid256/threads8_run001.json,c9c138ab6150b175c64d1f35cea6ade7c08451aadbb0aedafa4488b7ce8c1152,results/aida-tng/L75n910_SIDM1/power-spectrum/power-spectrum.combined/gas/snapshot050/science-4bb9bc9099df/execution-dad87b62e8e5_run001.json,b060b2d503977ef3a9ef1807fb166e7ec6aeda4389c79e08a94c8cda64043ae5,d0a20b260ae0390bda640e2eb5b65630f0eef7187efa45476d598347c0f5cb48,power-spectrum.combined,migrated
results/aida-tng/L75n910_SIDM1/gas/power-spectrum/mas-only_both/snapshot050_grid512/threads8_run001.json,ba4af6bae02a62a70b5e087a4b3ea1d920b15987a95248f4454e23873d174835,results/aida-tng/L75n910_SIDM1/power-spectrum/power-spectrum.combined/gas/snapshot050/science-41c9feb989a3/execution-dad87b62e8e5_run001.json,e54a6fe5edbe57eda4410cf9fdda60766002cfd2642810139d680b7503b246b3,13e643473ace60b23881f4b70e23584bef21689fc1644d15bee42b8e63fd3e35,power-spectrum.combined,migrated
results/aida-tng/L75n910_SIDM1/gas/power-spectrum/mas-only_both/snapshot067_grid256/threads8_run001.json,34d375fe192b5a620e93d4233a8fa69e4f20b33cbe5149fd1cb788ae0ec4ec17,results/aida-tng/L75n910_SIDM1/power-spectrum/power-spectrum.combined/gas/snapshot067/science-eb9e42ae95a0/execution-dad87b62e8e5_run001.json,b7f414548b705d3d4e33ad412f9e7776d5b6f3aac2d3848e4f41ff5565fb14fa,9bcfb832e65da1cd8ed2d6477e32415fe43d3a2e433f56266a38b6948ec5e09b,power-spectrum.combined,migrated
results/aida-tng/L75n910_SIDM1/gas/power-spectrum/mas-only_both/snapshot067_grid512/threads8_run001.json,6d82ab34b9a753feffd0ce0ba9ef8843c6013b8b071d776d1d9e455ed5589a9f,results/aida-tng/L75n910_SIDM1/power-spectrum/power-spectrum.combined/gas/snapshot067/science-e40db82b70a7/execution-dad87b62e8e5_run001.json,81308479c6b1b858e070cc05ab8bc0fd7d5cded82e9d32bb06055d85a4c7a50c,f141384242c2de63e1cff0581974f2a1c2ecd311c87fa6070b45b6cd888c5725,power-spectrum.combined,migrated
results/aida-tng/L75n910_SIDM1/gas/power-spectrum/mas-only_both/snapshot084_grid256/threads8_run001.json,0f3f9746ecea7826caa51556f8b8bfe228409c1c90f1bb78bacaafc4ee516028,results/aida-tng/L75n910_SIDM1/power-spectrum/power-spectrum.combined/gas/snapshot084/science-ed93813baeb1/execution-dad87b62e8e5_run001.json,563e566ac1cafa43a830c7b73aa37209ad249833106717fdd0bae241164af84a,3c9c2ad9a6e6ebc0930054b1691f55bd547312be9500478be576e0f9b6ab7cc8,power-spectrum.combined,migrated
results/aida-tng/L75n910_SIDM1/gas/power-spectrum/mas-only_both/snapshot084_grid512/threads8_run001.json,f8deba5fc7627905874a92ce15af138f13f76352b4436805e1a7c8482e01dbaa,results/aida-tng/L75n910_SIDM1/power-spectrum/power-spectrum.combined/gas/snapshot084/science-6879c7e2204d/execution-dad87b62e8e5_run001.json,3ae2eb398ab164c0a05e62290645dd149ba4be3928754712ed0063a448e9d0cd,b52ef290dfb02245a93ad27a7e08c9c3ddfe953b50ac6fab509a2ce0480d22f9,power-spectrum.combined,migrated
results/aida-tng/L75n910_SIDM1/gas/power-spectrum/mas-only_both/snapshot099_grid1024/threads8_run001.json,33be52622c77de463e32e2883d5d9911e490ce8743ee173c71c1afec860e97af,results/aida-tng/L75n910_SIDM1/power-spectrum/power-spectrum.combined/gas/snapshot099/science-ed4b32e95b76/execution-828951378904_run001.json,655098d4b3a9d1d41f45e4f41965125dc04155f1c259abac5ef6ed1e9375696c,433a8a3efbcfc7e8fe1c4e12592752578f9f27a05b188b980c1a84eb21949af5,power-spectrum.combined,migrated
results/aida-tng/L75n910_SIDM1/gas/power-spectrum/mas-only_both/snapshot099_grid256/threads8_run001.json,97eda083660a3e307a78b3830929b8401d10ccb044ddc4be2df85dd58c8a39c9,results/aida-tng/L75n910_SIDM1/power-spectrum/power-spectrum.combined/gas/snapshot099/science-0a4fb732424c/execution-828951378904_run001.json,67da8e8bdaaf72f54b38344c11cab03960473cd3ddcfd5071b3bcabc6d5f80b7,5e04452fe15cb0b3630991e0d7fb286747ef70abfb47044e3515494c15edbecb,power-spectrum.combined,migrated
results/aida-tng/L75n910_SIDM1/gas/power-spectrum/mas-only_both/snapshot099_grid512/threads8_run001.json,dabb8dd6dd56abac3eb7cfc7a83e4d5986bbb7c0b14b5bea62b5019dcf14eb76,results/aida-tng/L75n910_SIDM1/power-spectrum/power-spectrum.combined/gas/snapshot099/science-28e226efdf52/execution-828951378904_run001.json,3c0b5971f9b64a52d8cc8bbc4f6961ac3e580a12e36eb88bf1bc00b7b8be38a4,79d3c24de6dacd737a14b9facc5c4fa10cb0dfaebff671257e1180fb8aaa208c,power-spectrum.combined,migrated
results/aida-tng/L75n910_SIDM1/gas/power-spectrum/smoothed-cube_both/snapshot099_grid1024/threads8_run001.json,61973f21ad5e7f14db9d8affdf7ccb7dbb8ce81d7c6acc9c2341a3d9f24896fa,results/aida-tng/L75n910_SIDM1/power-spectrum/power-spectrum.combined/gas/snapshot099/science-1d8ffb139b95/execution-97bb77bc24f0_run001.json,562ad70926cd48a8acc5620d457b55e02eed1e98aa01c4f43fed70d6f7b1b1f2,19d67ebbd5df4bb8032578343a394ac0ceae5d2f457a57da86c2adaaa381d328,power-spectrum.combined,migrated
results/aida-tng/L75n910_SIDM1/gas/power-spectrum/smoothed-cube_both/snapshot099_grid256/threads8_run001.json,39fb810183997b69eefd43af53a64b106c85148c98260f5c75a002d89124d574,results/aida-tng/L75n910_SIDM1/power-spectrum/power-spectrum.combined/gas/snapshot099/science-0991ad47e08c/execution-97bb77bc24f0_run001.json,28e23649ec1e7fe73e2fd25cadc45915f7bdc841f7222e5a43a2fd11f5fc62d2,09e9480aa1526591d6244b8d1877ccafdf3c5488e818ec0b1f7ce22d821b29b8,power-spectrum.combined,migrated
results/aida-tng/L75n910_SIDM1/gas/power-spectrum/smoothed-cube_both/snapshot099_grid512/threads8_run001.json,2b7701764a406a4b76416c56b3636227a977b75c16ca9216de77ed50235e6902,results/aida-tng/L75n910_SIDM1/power-spectrum/power-spectrum.combined/gas/snapshot099/science-b8f88d9800ab/execution-97bb77bc24f0_run001.json,b3a4677c94260b549cd110024df328442d3c134eb08f56b1ce92a456752992f2,0170fb1558fc4be6b017f43af14fb8b627faca8b89097492877415afefbf38db,power-spectrum.combined,migrated
results/aida-tng/L75n910_SIDM1/gas/power-spectrum/smoothed-pylians_both/snapshot017_grid256/threads8_run001.json,05859df10368fc1b28713799df3fad968731182b248b216dd921e2bbf3bd4408,results/aida-tng/L75n910_SIDM1/power-spectrum/power-spectrum.combined/gas/snapshot017/science-cdeb06858518/execution-9c0eeb45174c_run001.json,8392048e166a3b07256f0e2d17ebe71ee2efc1149fc11b3751ff62e9514a9028,205c99255ab19db92eca79627351129b832f19756e8e8734eea9149dce41d430,power-spectrum.combined,migrated
results/aida-tng/L75n910_SIDM1/gas/power-spectrum/smoothed-pylians_both/snapshot017_grid512/threads8_run001.json,b9e5b6505f8cfb06435fe36cd31de16fd423446a538eb0f9639586a5518c1a7d,results/aida-tng/L75n910_SIDM1/power-spectrum/power-spectrum.combined/gas/snapshot017/science-649dd7bce07c/execution-9c0eeb45174c_run001.json,ffa84145cb5587b7c2aa9505a8959b6ed3914e076eade77466ec8c7fd0c6e80f,a04ffc9bd46595cb5baa0547df423bd58a8bfdea679a51cb1eb3da5a9c276d61,power-spectrum.combined,migrated
results/aida-tng/L75n910_SIDM1/gas/power-spectrum/smoothed-pylians_both/snapshot025_grid256/threads8_run001.json,9c20ba048429f64194a3bf001b7899079897e6fb3b9799b0bed25d12f37865d8,results/aida-tng/L75n910_SIDM1/power-spectrum/power-spectrum.combined/gas/snapshot025/science-c2a073eff2d3/execution-9c0eeb45174c_run001.json,6d37e07350d8ba1b6150abfa01616c0e50e54a0ccdd23d5576eb5f2e8a5fd6f6,3fdcb7ff94929123f482354864d1117758cfa163b17e466e7d6c2f40ec7cb490,power-spectrum.combined,migrated
results/aida-tng/L75n910_SIDM1/gas/power-spectrum/smoothed-pylians_both/snapshot025_grid512/threads8_run001.json,1168733c24d8237c4cdd8343cfc3e4bee0f9043029b707e111c6fe373850cad0,results/aida-tng/L75n910_SIDM1/power-spectrum/power-spectrum.combined/gas/snapshot025/science-36ce5d06c78b/execution-9c0eeb45174c_run001.json,f2053d209c4d0dac7af6ff6956c1fc2e6525a24240bcab16263338d3acd0880b,624278caf2ce81d5c9d4f7f3ee62c3b6d37b4620a40de9bb083a7e91b22a2d33,power-spectrum.combined,migrated
results/aida-tng/L75n910_SIDM1/gas/power-spectrum/smoothed-pylians_both/snapshot033_grid256/threads8_run001.json,f4a64594060ee60831591ce4a492eb9e8c368509c8cba86a2911f809c95553da,results/aida-tng/L75n910_SIDM1/power-spectrum/power-spectrum.combined/gas/snapshot033/science-94f7072ffde0/execution-9c0eeb45174c_run001.json,ac03442a3451b5b4d0b7914c9498df8f026e18568d5045841939abea04b41875,45a78baaf1a90ca54c8207be2fe65331b562f6668660f035f4f38eafc1472aad,power-spectrum.combined,migrated
results/aida-tng/L75n910_SIDM1/gas/power-spectrum/smoothed-pylians_both/snapshot033_grid512/threads8_run001.json,913bc2e3961ba9b4d2d3b3df63dced9b93b5a2777785ab4527e809eeec4ea135,results/aida-tng/L75n910_SIDM1/power-spectrum/power-spectrum.combined/gas/snapshot033/science-c7494a7adf00/execution-9c0eeb45174c_run001.json,9847b2a662689441ca05d73e2ebe7e8e22baef1b47254a56297743df02273c2f,f88c3b771667017bfb0a07e0d268e2f61fc31609840d128785ed1855f45ae432,power-spectrum.combined,migrated
results/aida-tng/L75n910_SIDM1/gas/power-spectrum/smoothed-pylians_both/snapshot050_grid256/threads8_run001.json,c6242c7656ca897d2ee68747b386bdda97765a4013f98d286a18fe8370f36ffa,results/aida-tng/L75n910_SIDM1/power-spectrum/power-spectrum.combined/gas/snapshot050/science-0757616a4f5f/execution-9c0eeb45174c_run001.json,726e8ebb5e8d3b77cef172b64861c8987c4b8940132dbb998b58d55abc9a5f61,b46adb322c2c97044424613eac2eee49c826661cdeb4acf75036278663a7be9d,power-spectrum.combined,migrated
results/aida-tng/L75n910_SIDM1/gas/power-spectrum/smoothed-pylians_both/snapshot050_grid512/threads8_run001.json,765bdeb4099991ad2f5fcfb95e827391777f34d56395f1f2085544572ede965e,results/aida-tng/L75n910_SIDM1/power-spectrum/power-spectrum.combined/gas/snapshot050/science-2887523912bf/execution-9c0eeb45174c_run001.json,249ee821bdf68c147c05ae01d46fe6603be022ddb5f860bcf2986a319d0daa03,482467ae7cc2afae50cf27360ae18b59694dd5a3d87ff7de3b5923aeb0885595,power-spectrum.combined,migrated
results/aida-tng/L75n910_SIDM1/gas/power-spectrum/smoothed-pylians_both/snapshot067_grid256/threads8_run001.json,4bf85136a8d4c9a3bcb45a2bd1892f76b809c5b96cc7087a16f8658a3e6296e2,results/aida-tng/L75n910_SIDM1/power-spectrum/power-spectrum.combined/gas/snapshot067/science-9212945d16a8/execution-9c0eeb45174c_run001.json,f5a624c6d6c0e468f125cfd6ce0ab6b14ceb97b91badc3ed1bbfc17000e58b65,30906923a6311f45f122daefda2416ff0d84a7adf1507c63141ddf26b5a110fd,power-spectrum.combined,migrated
results/aida-tng/L75n910_SIDM1/gas/power-spectrum/smoothed-pylians_both/snapshot067_grid512/threads8_run001.json,94bfc9ea794e4feb2dbb0410e1afa5cfc5531fb0e2f815b2aca5411cae4d7513,results/aida-tng/L75n910_SIDM1/power-spectrum/power-spectrum.combined/gas/snapshot067/science-817a48631472/execution-9c0eeb45174c_run001.json,52918d7cb9901dacaa4db0734ec556051878c1c01290ec59f872afcb96f6f1ef,1b7d6291a43a3046465ce21f731614a46617d26a6f1389e6d807de5f592024f2,power-spectrum.combined,migrated
results/aida-tng/L75n910_SIDM1/gas/power-spectrum/smoothed-pylians_both/snapshot084_grid256/threads8_run001.json,cceab27d36cc9668241fc2454dc45622a091200b60303156e4897b3910998e1d,results/aida-tng/L75n910_SIDM1/power-spectrum/power-spectrum.combined/gas/snapshot084/science-64ff8c4c5735/execution-9c0eeb45174c_run001.json,bf5ef3757d156fa49b6fb4f7ffb52bb67e67dad32012e277a08c8ec1b0f9cfd1,7b2941b481070483bbadd0473d93dd3ac56f7833832569b9893d2c52728c5388,power-spectrum.combined,migrated
results/aida-tng/L75n910_SIDM1/gas/power-spectrum/smoothed-pylians_both/snapshot084_grid512/threads8_run001.json,c69af0c1ded196060579ac41086536bda5f547db6f9add9cbfeca836d7d057d4,results/aida-tng/L75n910_SIDM1/power-spectrum/power-spectrum.combined/gas/snapshot084/science-71d2fc4a2571/execution-9c0eeb45174c_run001.json,97589f9b156a29a8b63a4812ac6bcc9e7e50788af590f817bd3582292027a6c9,1aa2831b975e0fa379668e25fb6e471c522b5d50ac43bd854098ac42eafcd3fd,power-spectrum.combined,migrated
results/aida-tng/L75n910_SIDM1/gas/power-spectrum/smoothed-pylians_both/snapshot099_grid1024/threads8_run001.json,09517949339bf38487eeba740e605220b33024a3d1abec781ce85da24aa85328,results/aida-tng/L75n910_SIDM1/power-spectrum/power-spectrum.combined/gas/snapshot099/science-a18438c293da/execution-97bb77bc24f0_run001.json,211e655face6b3b7ebb5c6028fb86d02a1ffd9686fffa255c97876b9c4854644,a518a5b890a6828bc7dd13f067e70b99fb9b8915332d38a912c9bd74c3a0ca56,power-spectrum.combined,migrated
results/aida-tng/L75n910_SIDM1/gas/power-spectrum/smoothed-pylians_both/snapshot099_grid256/threads8_run001.json,15ef54ccff2669d86c9b56827eae25f7468b1a4b1624cd341fe74df729e71b5e,results/aida-tng/L75n910_SIDM1/power-spectrum/power-spectrum.combined/gas/snapshot099/science-929874b37a63/execution-97bb77bc24f0_run001.json,0713aa5533792c5dca2afedae1beeaa4293d8aca4c59890508579277758b6b1f,503f309b08a5b0ff280a92584619776a9fcc8b5111387c1158653f28f45d4a85,power-spectrum.combined,migrated
results/aida-tng/L75n910_SIDM1/gas/power-spectrum/smoothed-pylians_both/snapshot099_grid512/threads8_run001.json,f20772db47a928a4987d9371d0438c6dffad13f6bc1c5f56b184e6347c583ace,results/aida-tng/L75n910_SIDM1/power-spectrum/power-spectrum.combined/gas/snapshot099/science-dafff0248c63/execution-97bb77bc24f0_run001.json,bd6b6d515dac06d5f7edc0e660d840ae6ce9bacc449b393c28a2b8d4f2d377f5,d64e9c110bb04917e56003327aa3aa9e8e39c530898c2f88ed799ee8050013cb,power-spectrum.combined,migrated
results/aida-tng/L75n910_SIDM1/gas/power-spectrum/smoothed-sphere_both/snapshot017_grid256/threads8_run001.json,ae88a65f2e109ec1e3097531a818c648599f921d8b200c261a8311e9b10d90d7,results/aida-tng/L75n910_SIDM1/power-spectrum/power-spectrum.combined/gas/snapshot017/science-ce7350b73c44/execution-9c0eeb45174c_run001.json,cf428c7782448edf6df7effa195527661e4b0e6c921808f167b29bf119322a32,7c0293c5b9b674b82d55cb2093fbdc303e2deafdcdbd6e2915c2995dfc726d85,power-spectrum.combined,migrated
results/aida-tng/L75n910_SIDM1/gas/power-spectrum/smoothed-sphere_both/snapshot017_grid512/threads8_run001.json,14184934e2f4309df7a338f6a4c9a70a7d95fc01456c71f2815237c45a81d03d,results/aida-tng/L75n910_SIDM1/power-spectrum/power-spectrum.combined/gas/snapshot017/science-5eddf7a2db9b/execution-9c0eeb45174c_run001.json,494a6970400e5ad4191ea730e79fa78c2d79d860ed110442fac9a7c752008bf9,0109d8aaffe6df803f2699fccee392dbd61081ec73ec7b1e884ac4b2755f12a6,power-spectrum.combined,migrated
results/aida-tng/L75n910_SIDM1/gas/power-spectrum/smoothed-sphere_both/snapshot025_grid256/threads8_run001.json,3a38f65d19fdfe39f7ef5c9a4c6cf1bfc8ccd4d314f3ddf990b0cf1ee695815c,results/aida-tng/L75n910_SIDM1/power-spectrum/power-spectrum.combined/gas/snapshot025/science-f8cdf674872c/execution-9c0eeb45174c_run001.json,deaa890e48dad6bd9183fa8d7bd1b2b5a5832e34ece32953640b3163e0d759a6,21d4ed54558b0441ca0e3c204eda9086baa2efbf7a476e3501d5ec0ecedc623b,power-spectrum.combined,migrated
results/aida-tng/L75n910_SIDM1/gas/power-spectrum/smoothed-sphere_both/snapshot025_grid512/threads8_run001.json,f7f07afb50e2d5872d6fb886112a069cce683c37acce3ab8c82ea56057d44823,results/aida-tng/L75n910_SIDM1/power-spectrum/power-spectrum.combined/gas/snapshot025/science-ccc0e6dbdec1/execution-9c0eeb45174c_run001.json,a726c2a2bee18ab09e38f6f4326161587b88532c6049a4eb3c7d6899ea096b2d,8ecb6f4156dfc3d43b9c97568970945ac5ee02e7b7fec066ef99f4c02c3991c2,power-spectrum.combined,migrated
results/aida-tng/L75n910_SIDM1/gas/power-spectrum/smoothed-sphere_both/snapshot033_grid256/threads8_run001.json,d10a9fc4e050dbf43af4bddfc75bbfd1b9d92aca1461d5afcee8f978a05f14a8,results/aida-tng/L75n910_SIDM1/power-spectrum/power-spectrum.combined/gas/snapshot033/science-c8dbaea1e0e8/execution-9c0eeb45174c_run001.json,150c2800af7a6b2c7d83926214bef5275b283913c2a90b3580b38a83d6940ca8,1af1af7b32235e2e9398a1bc91d6b432a4d3e069a82b232b61f35533b6e34d30,power-spectrum.combined,migrated
results/aida-tng/L75n910_SIDM1/gas/power-spectrum/smoothed-sphere_both/snapshot033_grid512/threads8_run001.json,a9e0a30d2754bb7b53ea18bc080950bdb4d3559aa8e8dbc03f6ce0995a3e7abd,results/aida-tng/L75n910_SIDM1/power-spectrum/power-spectrum.combined/gas/snapshot033/science-b5bf08559b22/execution-9c0eeb45174c_run001.json,9e4dd7b98a927badd30817368104dd303a1687335249f791e0974ff321a8a4e1,2db9cb80bf76b1b543181efd50a6b5832270fd42b2b54cd8494d65f8f65ab4c7,power-spectrum.combined,migrated
results/aida-tng/L75n910_SIDM1/gas/power-spectrum/smoothed-sphere_both/snapshot050_grid256/threads8_run001.json,eb0fc312f22382601e0805cd384a1bbc32ecb71479173e3d49013afbd6bd256e,results/aida-tng/L75n910_SIDM1/power-spectrum/power-spectrum.combined/gas/snapshot050/science-b8e0beac9891/execution-9c0eeb45174c_run001.json,afbb3c305334fea2ba4dd317c861c4675ed777acb910e1791c5193381161c3ad,12c8696f0273f70a5b078419396ec7f5338b55bdecc7c7420e64819bf30394d6,power-spectrum.combined,migrated
results/aida-tng/L75n910_SIDM1/gas/power-spectrum/smoothed-sphere_both/snapshot050_grid512/threads8_run001.json,66a15aba032aa28e4f4b3c7dc45d8b9b87ff1cd2ff5cda9cb8ad0f83e84e9b6d,results/aida-tng/L75n910_SIDM1/power-spectrum/power-spectrum.combined/gas/snapshot050/science-6c0cab0fc822/execution-9c0eeb45174c_run001.json,9046a65ab399123fd09ba39c0b88da0634b2732e862a27bb74fd661dd44faab4,6ca2b3717f1beb51a5ed6a783ab27d0a06a87bad596be2a20d45b744abb0fd00,power-spectrum.combined,migrated
results/aida-tng/L75n910_SIDM1/gas/power-spectrum/smoothed-sphere_both/snapshot067_grid256/threads8_run001.json,7a202c529d3a82ce3c7868b35d8b2af61e8162ec9f3615ec9ed3aa2bb4cf478a,results/aida-tng/L75n910_SIDM1/power-spectrum/power-spectrum.combined/gas/snapshot067/science-413bef2dea33/execution-9c0eeb45174c_run001.json,4bc29595e706b4469b8272093baac5fe34ec096df1cd5acdc4938af31e1b425f,aa71119aa23c379e9ad6d3e727d9fa7348f68158942fb4252cf4ade7e1732ffe,power-spectrum.combined,migrated
results/aida-tng/L75n910_SIDM1/gas/power-spectrum/smoothed-sphere_both/snapshot067_grid512/threads8_run001.json,f892532b8943b35279449dd8e007c2f8b00a9ca33672181d4f6b7b7e58587ab3,results/aida-tng/L75n910_SIDM1/power-spectrum/power-spectrum.combined/gas/snapshot067/science-3151f0fcd54a/execution-9c0eeb45174c_run001.json,b94fb4b24f49e60b0c3e8f769cf7c8cd61e426f0b17f5ff607237e8d2e9d589c,1d90d723c1911cee84afc5f5988a189498b0550b83f45de3983d7c82d2e79ba9,power-spectrum.combined,migrated
results/aida-tng/L75n910_SIDM1/gas/power-spectrum/smoothed-sphere_both/snapshot084_grid256/threads8_run001.json,79fc2351ff467dadd59b6ae12279e0820de8776ccd37357624cc19836706fb7d,results/aida-tng/L75n910_SIDM1/power-spectrum/power-spectrum.combined/gas/snapshot084/science-782ad7825bf7/execution-9c0eeb45174c_run001.json,0bb0bd269c183cb7d0ac4ad2934bfca46719f3cde7b54017dfb9174db535cdb6,1801c6d74e5bdfa74925d5d8770b7771d3b48e6ea2a6197399ee73cc9b306754,power-spectrum.combined,migrated
results/aida-tng/L75n910_SIDM1/gas/power-spectrum/smoothed-sphere_both/snapshot084_grid512/threads8_run001.json,b28bb18ff6696cf2e6665d9c92a9caccf6350518b134f148000bf9bbea3e40dc,results/aida-tng/L75n910_SIDM1/power-spectrum/power-spectrum.combined/gas/snapshot084/science-044b75ff5c67/execution-9c0eeb45174c_run001.json,b0ac8661babe250406784303ca4ed68a78fd048a796364164475f669969dd168,760644428294cb2e03ca4d1878ed8b8ead84647c80e65862370a0dacd3264e04,power-spectrum.combined,migrated
results/aida-tng/L75n910_SIDM1/gas/power-spectrum/smoothed-sphere_both/snapshot099_grid1024/threads8_run001.json,ef867d94cf6d271a1008367273ae186623c21817523e66fafc05bffcfefcc012,results/aida-tng/L75n910_SIDM1/power-spectrum/power-spectrum.combined/gas/snapshot099/science-a4a905264e43/execution-97bb77bc24f0_run001.json,5c3b5015d76b0f05d010cbb822e02fa4499da0f702fa321f391bf0b22fc27c5f,71790ca43c984d01ed4884b8994e57462feb0e33410534172b553fb071bb5043,power-spectrum.combined,migrated
results/aida-tng/L75n910_SIDM1/gas/power-spectrum/smoothed-sphere_both/snapshot099_grid256/threads2_run001.json,5a226bac1e7dbf1cf053376d2814140dad955ae2a3e0318fc8696aaefe4414f9,results/aida-tng/L75n910_SIDM1/power-spectrum/power-spectrum.combined/gas/snapshot099/science-9a90d14f6a46/execution-2f0f12d59183_run001.json,02dfc22dee5482011ee9f3e0e4b21979a45b9892f0b584cadb82efb68eda7090,ffbac34b1310b54a00efe50586394fa2924e81e548023e1e426a587524e79649,power-spectrum.combined,migrated
results/aida-tng/L75n910_SIDM1/gas/power-spectrum/smoothed-sphere_both/snapshot099_grid256/threads8_run001.json,a6f643f9368046e051d75e29a0e57565795204d526278b57dfb7e51f2b014548,results/aida-tng/L75n910_SIDM1/power-spectrum/power-spectrum.combined/gas/snapshot099/science-7105e189f246/execution-97bb77bc24f0_run001.json,e95c6f8bebc36440411066074910649f3aa7cd0e9459b928c6ee3c68e289507b,3bd881b31cfa4bc4e0123ca2b8a2ae687bd899d62430103ac17a59add18b5e2f,power-spectrum.combined,migrated
results/aida-tng/L75n910_SIDM1/gas/power-spectrum/smoothed-sphere_both/snapshot099_grid512/threads8_run001.json,a1de663cad147cb34c427ce33161d53a3827bb2a9612ed28886017d9e1f321d7,results/aida-tng/L75n910_SIDM1/power-spectrum/power-spectrum.combined/gas/snapshot099/science-274bb9ca5a75/execution-97bb77bc24f0_run001.json,2670ea5f970d64c2e8a0861782379d20d157529ab4c990fa3961b2ea576a6d55,cf78da42c93db8ef8d9f6d4cb8bcf51bfa3da8b5d0d8513d2da31d0c8918b50f,power-spectrum.combined,migrated
results/aida-tng/L75n910_SIDM1/gas/pylians/snapshot017_grid256/threads8_batch1_run001.json,257143f49f7ff6a9864908c0182d6f22ecf5c2036ed6f4ce66c6baca72152df2,results/aida-tng/L75n910_SIDM1/clumping/clumping.pylians/gas/snapshot017/science-7c4b0ed014f2/execution-97fe92315af2_run001.json,8494be0ef1778cf65ee01e0ab9d4d4c24064e6a50e4c0a6e66b5688e9d884762,45933b92484cbfc0b9e37629f9e53d53c22dba0b01e52aac5098567d3d1db1c2,clumping.pylians,migrated
results/aida-tng/L75n910_SIDM1/gas/pylians/snapshot017_grid512/threads8_batch1_run001.json,3fe217603fe76f9a79193a67a6e3ea61402443c3514c78522cedaba9c20684f4,results/aida-tng/L75n910_SIDM1/clumping/clumping.pylians/gas/snapshot017/science-2a5a512b3d8e/execution-7f2a6ce7505e_run001.json,5cdcc79cc67bd7e77bf8a7bb042be618f42fbd972ce1fdc7fd87c0770e27760e,31aa1f487bddd2745ed19a462f08b527d108ca0c05773f4972c04b7ae0589afb,clumping.pylians,migrated
results/aida-tng/L75n910_SIDM1/gas/pylians/snapshot099_grid256/threads8_batch1_run001.json,c23498c9865b7aa05988cfadb143630ef873af8ad1f10f282b2ada769ebfda3d,results/aida-tng/L75n910_SIDM1/clumping/clumping.pylians/gas/snapshot099/science-35491bdad3cb/execution-97fe92315af2_run001.json,d3c8e7434105b658ea54f6f2e42abeeab52649156f0ff2de4747be647b087f3c,6360e2c70aa99db7f963e26686701d9cb1163614026351e8ff92261a909dfa60,clumping.pylians,migrated
results/aida-tng/L75n910_SIDM1/gas/pylians/snapshot099_grid512/threads8_batch1_run001.json,8de67fed71f7486f05dc0c9909cb355f897c2dc6be6d3fe849c4f34fdd640ec6,results/aida-tng/L75n910_SIDM1/clumping/clumping.pylians/gas/snapshot099/science-fcafc57b9e67/execution-7f2a6ce7505e_run001.json,3ff215b29c02f25499ab02c8367620ed74854d4f46ab70e0670846d4a381b6b3,8fe353824f263b624d3527b434f984630aa5522d95a4dae96b449b185240035c,clumping.pylians,migrated
results/aida-tng/L75n910_SIDM1/gas/raw-volume/snapshot017_grid256/threads1_batch1_run001.json,13b5e409603b0dfa1df9fbb61521f4d96c258ee680fd14e6855adf1ae830a73d,results/aida-tng/L75n910_SIDM1/clumping/clumping.raw-volume-weighted/gas/snapshot017/science-7ca015b94dba/execution-83be40a864d4_run001.json,397d93679fa51e13026c2e1ae0bb1355df4ec231c285976c5d6e061021257936,4f0bdcf8e4865c7e29e16f2944859af364153fc66d4f6d87dbac8d1b5a944eb4,clumping.raw-volume-weighted,migrated
results/aida-tng/L75n910_SIDM1/gas/raw-volume/snapshot017_grid256/threads1_batch1_run001_rawmode-electron-hii.json,042a3ac482e0cf32e7738877c097089fd84c60b6ae364b9b1615b3061528b877,results/aida-tng/L75n910_SIDM1/clumping/clumping.raw-volume-weighted/gas/snapshot017/science-a49c35ec8aaf/execution-83be40a864d4_run001.json,272f2b2684ceea76a3aaf0874e03e3cbd460e817ea8fd8f5975e906d9c09d5a2,40d2f68af32f1a4715c6c4e0c6837968b75719e8d26fbc251f39583180bd327d,clumping.raw-volume-weighted,migrated
results/aida-tng/L75n910_SIDM1/gas/raw-volume/snapshot017_grid512/threads1_batch1_run001.json,7cb23071df9511014c02ff00f5407102229771ecaa96185763259f205e0e1925,results/aida-tng/L75n910_SIDM1/clumping/clumping.raw-volume-weighted/gas/snapshot017/science-7ca015b94dba/execution-83be40a864d4_run001.json,397d93679fa51e13026c2e1ae0bb1355df4ec231c285976c5d6e061021257936,4f0bdcf8e4865c7e29e16f2944859af364153fc66d4f6d87dbac8d1b5a944eb4,clumping.raw-volume-weighted,deduplicated
results/aida-tng/L75n910_SIDM1/gas/raw-volume/snapshot025_grid256/threads1_batch1_run001.json,7f2a89c7c374bed37b77f34b5fc85b36ab2f1f000fab9fe78e1dad87e4048324,results/aida-tng/L75n910_SIDM1/clumping/clumping.raw-volume-weighted/gas/snapshot025/science-7ca015b94dba/execution-83be40a864d4_run001.json,3e1e4933ec297a3c1c5d7ef1c3f130f6e17094d368fe43047943400099a0f86d,0e5b4664acfaa2ec467b95b2f7edd577e7cec0a1503dd30936fc10450c65476b,clumping.raw-volume-weighted,migrated
results/aida-tng/L75n910_SIDM1/gas/raw-volume/snapshot025_grid512/threads1_batch1_run001.json,8f6082a8062de0a3f01b95f588b06515d8de4d9b6e734670b1c41fd369bdcc46,results/aida-tng/L75n910_SIDM1/clumping/clumping.raw-volume-weighted/gas/snapshot025/science-7ca015b94dba/execution-83be40a864d4_run001.json,3e1e4933ec297a3c1c5d7ef1c3f130f6e17094d368fe43047943400099a0f86d,0e5b4664acfaa2ec467b95b2f7edd577e7cec0a1503dd30936fc10450c65476b,clumping.raw-volume-weighted,deduplicated
results/aida-tng/L75n910_SIDM1/gas/raw-volume/snapshot033_grid256/threads1_batch1_run001.json,52c863242a4eacf63e1956812758b898bab9f32feaf38dfcc7795728dae2a9f8,results/aida-tng/L75n910_SIDM1/clumping/clumping.raw-volume-weighted/gas/snapshot033/science-7ca015b94dba/execution-83be40a864d4_run001.json,0840a0d2b6bc9dd024b3dd79628af7375c585addfef810b74731d1e2e8dc6d86,4643872a5b0b7fd46e105ebc912bca6c9e55f4a4849c0e846276ce5b2099f195,clumping.raw-volume-weighted,migrated
results/aida-tng/L75n910_SIDM1/gas/raw-volume/snapshot033_grid512/threads1_batch1_run001.json,0f156f9fc2c93c9e83ed2dc6da34363d2a9b1571c3aeaaf7e315cc6f7f67d483,results/aida-tng/L75n910_SIDM1/clumping/clumping.raw-volume-weighted/gas/snapshot033/science-7ca015b94dba/execution-83be40a864d4_run001.json,0840a0d2b6bc9dd024b3dd79628af7375c585addfef810b74731d1e2e8dc6d86,4643872a5b0b7fd46e105ebc912bca6c9e55f4a4849c0e846276ce5b2099f195,clumping.raw-volume-weighted,deduplicated
results/aida-tng/L75n910_SIDM1/gas/raw-volume/snapshot050_grid256/threads1_batch1_run001.json,455df139ad6089b3b2d6a11edb8121b7de0b03f9ae4d167ae611c991b8adc43d,results/aida-tng/L75n910_SIDM1/clumping/clumping.raw-volume-weighted/gas/snapshot050/science-7ca015b94dba/execution-83be40a864d4_run001.json,db96a9866d82608f8f1e5546728cb7f453f5e7142395b1428c65c01e02c840c3,4846c768bef251c2eabff73de92b4bb098b037b2100cf9e325ec3386be1946f5,clumping.raw-volume-weighted,migrated
results/aida-tng/L75n910_SIDM1/gas/raw-volume/snapshot050_grid512/threads1_batch1_run001.json,df86bd9544e18e09c023a7a56a5e53fc8d5a973c82516a27aec802bf3c71149b,results/aida-tng/L75n910_SIDM1/clumping/clumping.raw-volume-weighted/gas/snapshot050/science-7ca015b94dba/execution-83be40a864d4_run001.json,db96a9866d82608f8f1e5546728cb7f453f5e7142395b1428c65c01e02c840c3,4846c768bef251c2eabff73de92b4bb098b037b2100cf9e325ec3386be1946f5,clumping.raw-volume-weighted,deduplicated
results/aida-tng/L75n910_SIDM1/gas/raw-volume/snapshot067_grid256/threads1_batch1_run001.json,e6101215ab57cc4a450bb6c37e7ebf5051fcf26fb00c98ab770642268819f530,results/aida-tng/L75n910_SIDM1/clumping/clumping.raw-volume-weighted/gas/snapshot067/science-7ca015b94dba/execution-83be40a864d4_run001.json,c82879f3073cb6fff9489b3cbe4bf322a2d51ffdd095ad474de4aa9d0ebaa8d2,6b13c5e45e44a57a99a6969841f2d002bc1ee9b7d93b8859d8667157673c550d,clumping.raw-volume-weighted,migrated
results/aida-tng/L75n910_SIDM1/gas/raw-volume/snapshot067_grid512/threads1_batch1_run001.json,6d3e8dab4e75117c14ff81cc288b9a68d1cb468d310f9bf2c66f16e405615d4e,results/aida-tng/L75n910_SIDM1/clumping/clumping.raw-volume-weighted/gas/snapshot067/science-7ca015b94dba/execution-83be40a864d4_run001.json,c82879f3073cb6fff9489b3cbe4bf322a2d51ffdd095ad474de4aa9d0ebaa8d2,6b13c5e45e44a57a99a6969841f2d002bc1ee9b7d93b8859d8667157673c550d,clumping.raw-volume-weighted,deduplicated
results/aida-tng/L75n910_SIDM1/gas/raw-volume/snapshot084_grid256/threads1_batch1_run001.json,2e85b6ae71aa9b2f41434696bbe9ec299c29f0202025bc87496ee8aa214e9e47,results/aida-tng/L75n910_SIDM1/clumping/clumping.raw-volume-weighted/gas/snapshot084/science-7ca015b94dba/execution-83be40a864d4_run001.json,187c1616caa5666b10a92c553d4a6085399e06551be178672da6f8d9c2564365,5ff466e9056b57e3118e987c4a473ab9e674c83348d5ddc1d2eea552e785c055,clumping.raw-volume-weighted,migrated
results/aida-tng/L75n910_SIDM1/gas/raw-volume/snapshot084_grid512/threads1_batch1_run001.json,745f2ae6f42407bb9d7a7c0f1b5ce97933d56c6b1452166d653659d536d3654f,results/aida-tng/L75n910_SIDM1/clumping/clumping.raw-volume-weighted/gas/snapshot084/science-7ca015b94dba/execution-83be40a864d4_run001.json,187c1616caa5666b10a92c553d4a6085399e06551be178672da6f8d9c2564365,5ff466e9056b57e3118e987c4a473ab9e674c83348d5ddc1d2eea552e785c055,clumping.raw-volume-weighted,deduplicated
results/aida-tng/L75n910_SIDM1/gas/raw-volume/snapshot099_grid256/threads1_batch1_run001.json,73435be3b2bec67f4f6bdabd8e23bee64be2007fc1f8ea3bd37b7a62c4cbbc50,results/aida-tng/L75n910_SIDM1/clumping/clumping.raw-volume-weighted/gas/snapshot099/science-7ca015b94dba/execution-83be40a864d4_run001.json,4197a9f7654bf9bff8e09dc351f073c7f932ade52a17be1232bbfcfe85e9b6db,dac11bc4d660a7ab48681d4145ba0a1705f31b27ace221302c837b289bc0bf46,clumping.raw-volume-weighted,migrated
results/aida-tng/L75n910_SIDM1/gas/raw-volume/snapshot099_grid256/threads1_batch1_run001_rawmode-electron-hii.json,02f6fd4759b7e27faccaf067d17a3d26b6e9318915328b3f74c094b893daff37,results/aida-tng/L75n910_SIDM1/clumping/clumping.raw-volume-weighted/gas/snapshot099/science-a49c35ec8aaf/execution-83be40a864d4_run001.json,f050f561d1057b8aff24d13573ed091bd25533a65f9328410b5a1361a238d47e,4c3adbb317d2d38ee4d56f7e49fc89c91cb1f40167c4ad5606d75467eed66ed6,clumping.raw-volume-weighted,migrated
results/aida-tng/L75n910_SIDM1/gas/raw-volume/snapshot099_grid512/threads1_batch1_run001.json,023e631318457d3a3a9aa142a73e6e840038e3acff6b18a7fe26d42dbdfafd8f,results/aida-tng/L75n910_SIDM1/clumping/clumping.raw-volume-weighted/gas/snapshot099/science-7ca015b94dba/execution-83be40a864d4_run001.json,4197a9f7654bf9bff8e09dc351f073c7f932ade52a17be1232bbfcfe85e9b6db,dac11bc4d660a7ab48681d4145ba0a1705f31b27ace221302c837b289bc0bf46,clumping.raw-volume-weighted,deduplicated
results/aida-tng/L75n910_SIDM1/gas/sphere/snapshot017_grid256/threads8_batch1_run001.json,a885ac2b5d3d0ce78e5d99a17a3646c4332f50ca667c341285e932df10d0c3bc,results/aida-tng/L75n910_SIDM1/clumping/clumping.sphere/gas/snapshot017/science-ff8dd13d1237/execution-97fe92315af2_run001.json,7aaaa408aade9a9ddef663c410ca74a29482bdb9bc2e1726b0f5b1e5868507b9,124ad0bad59b155b9bf1a56faa9e2611dd6451bc222459a9ccdebc31f2d2307d,clumping.sphere,migrated
results/aida-tng/L75n910_SIDM1/gas/sphere/snapshot017_grid512/threads8_batch1_run001.json,ff8500a90ab963c1de7fce0ec06a26fc626a9e232eadad4acd5673a03d81907e,results/aida-tng/L75n910_SIDM1/clumping/clumping.sphere/gas/snapshot017/science-9e7395cceb18/execution-7f2a6ce7505e_run001.json,5c1f646c3313afd5bdc3cffa28bc1bb76bfa829e554f1a6bd1dcaf24db2d480d,ad55a292f4aadffaa0b53b29ab88da1c6e70c244ebf064cb4354981c6800cc3a,clumping.sphere,migrated
results/aida-tng/L75n910_SIDM1/gas/sphere/snapshot099_grid256/threads8_batch1_run001.json,c73efa4af70bdda9daa391d004f2b5415d1a2e76c2529595dcb0029370062d9d,results/aida-tng/L75n910_SIDM1/clumping/clumping.sphere/gas/snapshot099/science-6043af233f47/execution-97fe92315af2_run001.json,ef4c81f1e70984d288d456f5f3e82da4caa8d053cc89f2f708b0782e41dc0c88,2cbaabcf185b6bd0192a3c798fbbecdd21070e61f6798bed666ecddb2a04cd62,clumping.sphere,migrated
results/aida-tng/L75n910_SIDM1/gas/sphere/snapshot099_grid512/threads8_batch1_run001.json,4bfec89746df2d4ad839ae2f82f2d06441eb3caac0a2d0e4858af99995a60f28,results/aida-tng/L75n910_SIDM1/clumping/clumping.sphere/gas/snapshot099/science-475a8fc75e72/execution-7f2a6ce7505e_run001.json,380ee3ef81dc71e8463b48650a51ffeb93e1ff29bef63aabf0e5e8b50e48f876,922b428d7699d6766d0214aad27e65ebd027ba6d164581b1175e76f97c7f5fe9,clumping.sphere,migrated
results/aida-tng/L75n910_WDM3/dm/power-spectrum/mas-only_both/snapshot025_grid256/threads8_run001.json,4976f3aa61bff9c0e57980d797ca6d6a898b7c6f2ce476850135583e517f1eaf,results/aida-tng/L75n910_WDM3/power-spectrum/power-spectrum.combined/dm/snapshot025/science-3c431f89888a/execution-dad87b62e8e5_run001.json,49474cfb2da70fa4f1749e62c870bb5a3d1b69791a8b1648f8a80ff1ff873de9,2b740afe66364471b9881279a69e8c91b508c53ea0342f1b1f7545b61d2d5726,power-spectrum.combined,migrated
results/aida-tng/L75n910_WDM3/dm/power-spectrum/mas-only_both/snapshot025_grid512/threads8_run001.json,de3de9c000387b62410a487af673efa0fb8ad2802299539a15b5b7b72014f389,results/aida-tng/L75n910_WDM3/power-spectrum/power-spectrum.combined/dm/snapshot025/science-efaec7b61944/execution-dad87b62e8e5_run001.json,8a2cfa39aa23a23f4c4792132a6a4eafda338052bf4f2500a71b3809dc3b45f1,f96f93c91022aad70fe15b69ef1412f2672c3c1c3f950416603953aa72b87baf,power-spectrum.combined,migrated
results/aida-tng/L75n910_WDM3/dm/power-spectrum/mas-only_both/snapshot033_grid256/threads8_run001.json,886aaa312cecbb40c95b2c9b95621f70a9c759e3291cb5425a3e4f191324f1fe,results/aida-tng/L75n910_WDM3/power-spectrum/power-spectrum.combined/dm/snapshot033/science-7c6001512ece/execution-dad87b62e8e5_run001.json,656e4681c59ccf38544320fe19dfad58820b82009897e0491677c08b5b910992,4bab5cba0c54e7890fd83fdca0c17dc2dfbee4a42e51fa2dc6936b2fd979af6d,power-spectrum.combined,migrated
results/aida-tng/L75n910_WDM3/dm/power-spectrum/mas-only_both/snapshot033_grid512/threads8_run001.json,cedc1ec9371b819751fce9f7b4cc53774022a89383aa47500ae17dce3b035056,results/aida-tng/L75n910_WDM3/power-spectrum/power-spectrum.combined/dm/snapshot033/science-2bc441ad9f16/execution-dad87b62e8e5_run001.json,3a99952897cb04319e186b84f719dca0e7e6e126ed85d9b15d0a7154f7068282,353714cff84bbd6692010fb088ffa0a2253c66218ca9303d5cb87864c03943e0,power-spectrum.combined,migrated
results/aida-tng/L75n910_WDM3/dm/power-spectrum/mas-only_both/snapshot050_grid256/threads8_run001.json,743506030a15966767cb959d5b9b83fd2afde32b7bfa9120bf4a870aabaaa252,results/aida-tng/L75n910_WDM3/power-spectrum/power-spectrum.combined/dm/snapshot050/science-5e9c1786cd3d/execution-dad87b62e8e5_run001.json,1c8089da2312c3ab490b90dce3d8f7e221ef55f082a2b42afd6a0f1ba33edbaa,e54abfbb377204ef40103ec389817136a69cbaf68f300566215f2563e1866af0,power-spectrum.combined,migrated
results/aida-tng/L75n910_WDM3/dm/power-spectrum/mas-only_both/snapshot050_grid512/threads8_run001.json,390bceabc8a5ef4fa5483fb53a1aa27eeff5daf6e3e20106dd866280caae080d,results/aida-tng/L75n910_WDM3/power-spectrum/power-spectrum.combined/dm/snapshot050/science-abf30a064190/execution-dad87b62e8e5_run001.json,4f8fdbc93ca77a6cdd1841840fd806d6806c6da5f22579aef590d12bf77e78a0,c9e54fd194e886017c72a0e0218b65c86c8d56fda16b3e801842f166431b4660,power-spectrum.combined,migrated
results/aida-tng/L75n910_WDM3/dm/power-spectrum/mas-only_both/snapshot067_grid256/threads8_run001.json,85393f0c39085a18ce19f373854ca149469c344abe1d628b5f826ab31a5a9ba7,results/aida-tng/L75n910_WDM3/power-spectrum/power-spectrum.combined/dm/snapshot067/science-18ebcbb91bae/execution-dad87b62e8e5_run001.json,0538f3fa792cb703e9f47af7af38c42088aa7e72f6154e12b41fda2690647714,b9e31d3b36536bd5b78cd526a2343d2959cadbf3d0ff06a8b859f5de158dd0b5,power-spectrum.combined,migrated
results/aida-tng/L75n910_WDM3/dm/power-spectrum/mas-only_both/snapshot067_grid512/threads8_run001.json,c6a076bb39074bb99fe74666ddb4379584e121a22cbdf42dfd87bb1b7abc5229,results/aida-tng/L75n910_WDM3/power-spectrum/power-spectrum.combined/dm/snapshot067/science-0863f25f78f2/execution-dad87b62e8e5_run001.json,2d19c1288678ce8666679ddb4b0522e884953ec940db42f446dc65bf8f50917b,365ab7b234e74e00ec7dea25570432acdfb131075e352e88a7333f311adfcca2,power-spectrum.combined,migrated
results/aida-tng/L75n910_WDM3/dm/power-spectrum/mas-only_both/snapshot084_grid256/threads8_run001.json,391aa43626e6f74eaa0badd96921ce7a50540bf280c098e570b6702e509976b2,results/aida-tng/L75n910_WDM3/power-spectrum/power-spectrum.combined/dm/snapshot084/science-0f155e2731b7/execution-dad87b62e8e5_run001.json,dfd3f87569ac762583bf7fb81e386f00ddedced2fb4a03cd4d8da9ea056f147d,efd751e8a293a92f1da649f228eda33d28c72712cca6cf96d51a4eda73a008ea,power-spectrum.combined,migrated
results/aida-tng/L75n910_WDM3/dm/power-spectrum/mas-only_both/snapshot084_grid512/threads8_run001.json,1ae0daf2c05c4ce05e28917f784de5693d606ec900f9ff02b4557766e77939e1,results/aida-tng/L75n910_WDM3/power-spectrum/power-spectrum.combined/dm/snapshot084/science-640c02b34f04/execution-dad87b62e8e5_run001.json,edb32c736f88bd165d57f7f4fe538db7283eb78c0b7d92a7ae2e15ec186401b4,52b18cb7bb42084b36888bfce356776812274a6e68fcacce929e85335c8ac17a,power-spectrum.combined,migrated
results/aida-tng/L75n910_WDM3/dm/power-spectrum/mas-only_both/snapshot099_grid1024/threads8_run001.json,a2017decbe959b5da12ef2dc24e1fb3d4837b37d61024336207ffd13c6b4c30c,results/aida-tng/L75n910_WDM3/power-spectrum/power-spectrum.combined/dm/snapshot099/science-5ba76fb9d53b/execution-828951378904_run001.json,c2f0e1fe3373f54af8ae82f9124acf37b1090f6b1e4a2fc56789916ee23987e8,7700a84df743e8e6810ec970735a3b5c73668d3b0c834dd2d2de61f6c7304293,power-spectrum.combined,migrated
results/aida-tng/L75n910_WDM3/dm/power-spectrum/mas-only_both/snapshot099_grid256/threads8_run001.json,6ff39d1de3ea54c66ef43213bb992a0d5538f400027d726c07d6b78f94586a5a,results/aida-tng/L75n910_WDM3/power-spectrum/power-spectrum.combined/dm/snapshot099/science-0e2aae726302/execution-828951378904_run001.json,f13672a741fcb1bd86c28ec9a4244efd941e65b5e41436c718978bd7df4c408c,18e43f058190bf9ac90ad3da83e7ed0e920479231fbd37551ce423a8f9213dc1,power-spectrum.combined,migrated
results/aida-tng/L75n910_WDM3/dm/power-spectrum/mas-only_both/snapshot099_grid512/threads8_run001.json,cc6692cfeb7cae2bdb2528eba080eb9607577e8f3d2dd6c9486f2044ffbff7b0,results/aida-tng/L75n910_WDM3/power-spectrum/power-spectrum.combined/dm/snapshot099/science-152dc3c2c948/execution-828951378904_run001.json,40e1e175a44536bb34d6b3ad8f292a397d61f2d02962fc5476069de39f759287,2511fb34f3fc879047af275536e6e37eaf994ae34b2030659c12d9e61c3c2f08,power-spectrum.combined,migrated
results/aida-tng/L75n910_WDM3/dm/power-spectrum/smoothed-cube_both/snapshot099_grid1024/threads8_run001.json,ce64e7b7055f8d9a0c646537b158c3c9c918f8af558c7e3998dcb108c3fd9fa0,results/aida-tng/L75n910_WDM3/power-spectrum/power-spectrum.combined/dm/snapshot099/science-7037a1e1f40a/execution-97bb77bc24f0_run001.json,96c534e3f6307af7aa75ca7763046f18dfcfaddfd280807ed74549f403b953d0,e0fe4de45d08f592a60be5b2a368c90fc20026230d5016ae2c5732dbfec887f5,power-spectrum.combined,migrated
results/aida-tng/L75n910_WDM3/dm/power-spectrum/smoothed-cube_both/snapshot099_grid256/threads8_run001.json,96d794a2127e4ceb0a2b2e5cf17cbbb74f4f751082a35580c9721fa22f5f5a35,results/aida-tng/L75n910_WDM3/power-spectrum/power-spectrum.combined/dm/snapshot099/science-458804c7c2d8/execution-97bb77bc24f0_run001.json,4080520dbe3ecb0a2d90d3d7e3bb6e111b7f006fa5bc2abbe73f5b3d34f9849b,3ba7402d07926a5686df2a0bfe664487fd442348efbe22d525eeec7d6d87e2ee,power-spectrum.combined,migrated
results/aida-tng/L75n910_WDM3/dm/power-spectrum/smoothed-cube_both/snapshot099_grid512/threads8_run001.json,fa65c3f6853b17706a291015f50d88ec601b00f0546937b94e23bc8cb127d8b2,results/aida-tng/L75n910_WDM3/power-spectrum/power-spectrum.combined/dm/snapshot099/science-984b317e55a2/execution-97bb77bc24f0_run001.json,289518c01de08e0ec90b5fb96fac8db337ec4883bf9b903657a4f4862a63b864,9d6b0461db6b6ea955ab065d97850231f123596bcbcc2062a90c2f147817097d,power-spectrum.combined,migrated
results/aida-tng/L75n910_WDM3/dm/power-spectrum/smoothed-pylians_both/snapshot025_grid256/threads8_run001.json,076fd680a845054bf17376778138d7a9989c6746dabc750487dfc362f60227fc,results/aida-tng/L75n910_WDM3/power-spectrum/power-spectrum.combined/dm/snapshot025/science-79ffdc171c13/execution-9c0eeb45174c_run001.json,72d566be274c99043dbc6fff266bdd7983bcd69011fcd9441ac603ddd17805ba,21decea526ac1082bd4413135d86b99cf0c74cd3b317c0924f7b9bc99b511458,power-spectrum.combined,migrated
results/aida-tng/L75n910_WDM3/dm/power-spectrum/smoothed-pylians_both/snapshot025_grid512/threads8_run001.json,8d169655fa0cf68a672ccf1bb89eac01913bc1530202818641d5a6825a0597b3,results/aida-tng/L75n910_WDM3/power-spectrum/power-spectrum.combined/dm/snapshot025/science-2d55fde2231e/execution-9c0eeb45174c_run001.json,7a20c277fb3de8cc901bfd868967f5c29eb6c747d61a3faf6b98150cdb3f75e7,e190eadf3c0a91f7a2f4fa14ce9e2e276a73b089ede8c652b3579614dbb2b4e3,power-spectrum.combined,migrated
results/aida-tng/L75n910_WDM3/dm/power-spectrum/smoothed-pylians_both/snapshot033_grid256/threads8_run001.json,0d7b51228e93d151f849eb41529d761759c34ed1056de285932bfaca72001434,results/aida-tng/L75n910_WDM3/power-spectrum/power-spectrum.combined/dm/snapshot033/science-ef07573be00b/execution-9c0eeb45174c_run001.json,3186555bbe54f794ea550cd62938358a55992a26b50bfd5240d55793df3fe0c3,1e0357a7b9cb51ba970742857419d7b2adb9d2928cfa2b3990f3e57641752cab,power-spectrum.combined,migrated
results/aida-tng/L75n910_WDM3/dm/power-spectrum/smoothed-pylians_both/snapshot033_grid512/threads8_run001.json,cd9d231bbf232a2b98d16a8271f2e52d7e937650f200492714f85d7983e753c4,results/aida-tng/L75n910_WDM3/power-spectrum/power-spectrum.combined/dm/snapshot033/science-9098f9507914/execution-9c0eeb45174c_run001.json,01fff8c3bfbd94e9269a259a9244e4400fff870e87b96a42e255b781edf50b91,3cabe900ca350418751ed1a02319c3e746e1b10a357ed93530c6ae2075a83676,power-spectrum.combined,migrated
results/aida-tng/L75n910_WDM3/dm/power-spectrum/smoothed-pylians_both/snapshot050_grid256/threads8_run001.json,1dbd6a47e9a1cc478837f3a80a602e75bc4757ff4903bf78f3cf8aa8413b0cc3,results/aida-tng/L75n910_WDM3/power-spectrum/power-spectrum.combined/dm/snapshot050/science-90c22f468c68/execution-9c0eeb45174c_run001.json,c952fce0eab97a85e21984a00c980deb4eea47f19df6ae5d0756c0e54bb7c78a,323f9dbf2f3b47fd06196baedf18273e855a9ec47dec6ca1b82bf7d6b47b85e6,power-spectrum.combined,migrated
results/aida-tng/L75n910_WDM3/dm/power-spectrum/smoothed-pylians_both/snapshot050_grid512/threads8_run001.json,bf0c1b3ef8b3ad810ca07b1c02910e0f42623035d26e270f65e85b248e608761,results/aida-tng/L75n910_WDM3/power-spectrum/power-spectrum.combined/dm/snapshot050/science-da80ab9f77ec/execution-9c0eeb45174c_run001.json,e7d0753f4b058be4a720ae7fc84965376b179c4cc34ce0b13dea08a336189ccb,43d5de23bd9701bf8adb258c33e174b1529b7384f187bda14ce8e3aba3dd0f84,power-spectrum.combined,migrated
results/aida-tng/L75n910_WDM3/dm/power-spectrum/smoothed-pylians_both/snapshot067_grid256/threads8_run001.json,4110c252cf9175483e06eeb0a5211dd6ef6eb7e2e1d6e8aa33553659ae3dff42,results/aida-tng/L75n910_WDM3/power-spectrum/power-spectrum.combined/dm/snapshot067/science-52608d1ce276/execution-9c0eeb45174c_run001.json,e97bcfa17e50880fda1152c4d2dc684903c1b076f74db9ed34d886577a8bde92,df0ff8b443317d4af39cf94020768773702651866c51de04c949b9cbf59f4239,power-spectrum.combined,migrated
results/aida-tng/L75n910_WDM3/dm/power-spectrum/smoothed-pylians_both/snapshot067_grid512/threads8_run001.json,0b7e6bfb8b1d87a8143c8b7ff2de93a42174110fc44a1ab96acd7f851ddb2d2c,results/aida-tng/L75n910_WDM3/power-spectrum/power-spectrum.combined/dm/snapshot067/science-8718679c2e42/execution-9c0eeb45174c_run001.json,a32fdd7b752a78067461215975413f56af98181f713800a0dd246812a0744b79,ef66624b49013f0c503323314a0b34f11de03538ef2d689f72c5f1b50dbe082f,power-spectrum.combined,migrated
results/aida-tng/L75n910_WDM3/dm/power-spectrum/smoothed-pylians_both/snapshot084_grid256/threads8_run001.json,29dd5bd3ef1b7c8de07121e4698ac9cc11a6d6c44ea0b2a7d05f0eb1494c21ee,results/aida-tng/L75n910_WDM3/power-spectrum/power-spectrum.combined/dm/snapshot084/science-c8f9ca8ff3ea/execution-9c0eeb45174c_run001.json,39b5690486b229477dcf01d6cb77f79122d171be68cbbb1e6a771fc8a3a4bd92,cf95e152f4e541ddfca9440b02c123882619c9005c440ae478c7e0e9a1dff06f,power-spectrum.combined,migrated
results/aida-tng/L75n910_WDM3/dm/power-spectrum/smoothed-pylians_both/snapshot084_grid512/threads8_run001.json,0359eed63e55fcc28b989060a240405c5b5b92e63a95366cd553f08ee7a9beb2,results/aida-tng/L75n910_WDM3/power-spectrum/power-spectrum.combined/dm/snapshot084/science-03039487dc6a/execution-9c0eeb45174c_run001.json,78b89947c85a3bf2516ae54abebb72756d6fe19ed9e537d398eaa932897d230d,5cc007882fcbad39313b8c722d1729a2a43639fe0dbcf3d4d70932be3b3b524d,power-spectrum.combined,migrated
results/aida-tng/L75n910_WDM3/dm/power-spectrum/smoothed-pylians_both/snapshot099_grid1024/threads8_run001.json,b53566de25ad7aac57ff5031a545243174838af4953e531c507c144f0d9062f5,results/aida-tng/L75n910_WDM3/power-spectrum/power-spectrum.combined/dm/snapshot099/science-f2a55037a6f5/execution-97bb77bc24f0_run001.json,62e0e329bbe4c1d8611f956e5e26e4860487adf8a93f2e9d2bf4ad3b86921bab,455206e068e069b41fc8f4bde64f274abb3209aabf2440d8afba4c150d8bd893,power-spectrum.combined,migrated
results/aida-tng/L75n910_WDM3/dm/power-spectrum/smoothed-pylians_both/snapshot099_grid256/threads8_run001.json,6113d7a03af961d67d162d5c6c95a3894b9b48edc4580a681d08e244a563af7f,results/aida-tng/L75n910_WDM3/power-spectrum/power-spectrum.combined/dm/snapshot099/science-b9f5ab74e9e8/execution-97bb77bc24f0_run001.json,2668703af1de7f2e39d2e5831fecd2de09cbed230a17d2f83437f912917b17f9,790dec19d2b703d55f398e96c4bb1221506a46a7c66cecfbe10b233bd54e860e,power-spectrum.combined,migrated
results/aida-tng/L75n910_WDM3/dm/power-spectrum/smoothed-pylians_both/snapshot099_grid512/threads8_run001.json,e7f8c2bd34c17ca180ddd2e0e1e2e1fcd7475b491eacdbfd51f121230d38e800,results/aida-tng/L75n910_WDM3/power-spectrum/power-spectrum.combined/dm/snapshot099/science-ea8abaa22be5/execution-97bb77bc24f0_run001.json,6f849e925c4f8e05c4b528ac4962a87c086b8d04b9119db40592083035fdd603,1f9d5d7c4341aff6dc9697e695cfb331a22a7acbc34bad976ce5c5fec7394e01,power-spectrum.combined,migrated
results/aida-tng/L75n910_WDM3/dm/power-spectrum/smoothed-pylians_pylians/snapshot099_grid1024/threads8_run001.json,bbe9d01f2fe5885a1ebff3d4353d55fe93bfd2c39a750c4c1fed67d13a77eddd,results/aida-tng/L75n910_WDM3/power-spectrum/power-spectrum.pylians/dm/snapshot099/science-67ab615ed12b/execution-97bb77bc24f0_run001.json,d98963e14e0853a777f0609a2ec1b825bfd073ba1bd580636fba2b43b10c0057,5514f83d8d2778ca73a5eee4f0586266c6fb45a0ec405131cdb44c48f7ef4ebf,power-spectrum.pylians,migrated
results/aida-tng/L75n910_WDM3/dm/power-spectrum/smoothed-pylians_pylians/snapshot099_grid256/threads8_run001.json,c624fd0ce95c382197ea09a5320e85ce16c18109e55b099fb0820370f0b8b5e3,results/aida-tng/L75n910_WDM3/power-spectrum/power-spectrum.pylians/dm/snapshot099/science-3019db0fcdd3/execution-97bb77bc24f0_run001.json,a6a1dd7b39374582aae596dafeb503d9bcc27b19050cf0bb7433dc3b63ac68d1,6f260eb41b9b585207f911a034a18d2960a736bc4f231672c0938e10554548af,power-spectrum.pylians,migrated
results/aida-tng/L75n910_WDM3/dm/power-spectrum/smoothed-pylians_pylians/snapshot099_grid512/threads8_run001.json,2e2ee7cba5e703bed901e3702991f93e8990af6b753cf56fd6a426dcb36fe78a,results/aida-tng/L75n910_WDM3/power-spectrum/power-spectrum.pylians/dm/snapshot099/science-9626b4f2c1d2/execution-97bb77bc24f0_run001.json,5f34853d85bd2d9097df35ddefd6c6dc8341ca3a3489d271d8a2e3a2a709538d,1037217b2b5c0c934c5e30f74575a322e2c876279109120c72be9a97d6d419f5,power-spectrum.pylians,migrated
results/aida-tng/L75n910_WDM3/dm/power-spectrum/smoothed-sphere_both/snapshot025_grid256/threads8_run001.json,b9cc3732a4db3df52d0d87f0f1bd58901ab04aba7064459e674981e2fecead9f,results/aida-tng/L75n910_WDM3/power-spectrum/power-spectrum.combined/dm/snapshot025/science-117a2d367f96/execution-9c0eeb45174c_run001.json,701e39d42eae677c69218bb3248c2b25a5453ec59f1e659b3fdb1fb8f8b2ceba,3581eb57b75cf7662dda96d93de65fcb97a22ac1b2cbd3dc7412d2c3275d885b,power-spectrum.combined,migrated
results/aida-tng/L75n910_WDM3/dm/power-spectrum/smoothed-sphere_both/snapshot025_grid512/threads8_run001.json,56bdfc2038310d2bc9b0610b0cd76c6447c0e99b6839646c5d54b61c1d52d1b8,results/aida-tng/L75n910_WDM3/power-spectrum/power-spectrum.combined/dm/snapshot025/science-f5bbeca51996/execution-9c0eeb45174c_run001.json,5dd80bc7a8861e1c505593f85adbe0cb573eca9b70dab4f6e31ce70d7d48a15a,14957d153036a41bbb28ed1e425faf9257c94ae638a99b8ce3ad70f3375ee08a,power-spectrum.combined,migrated
results/aida-tng/L75n910_WDM3/dm/power-spectrum/smoothed-sphere_both/snapshot033_grid256/threads8_run001.json,9ee5d462f934d83e1900f24414b77a30c2a0460f8a4234ddabbc309529f93eec,results/aida-tng/L75n910_WDM3/power-spectrum/power-spectrum.combined/dm/snapshot033/science-d21710e91329/execution-9c0eeb45174c_run001.json,04be938c12a13a00bd8f4f91fc7bab7fed6f70f8a4382f2aa4d75169ddff505b,b6e64ee0380a3b66c65185cd0cadaf8a7b909468424ff4915feb7492a99315c7,power-spectrum.combined,migrated
results/aida-tng/L75n910_WDM3/dm/power-spectrum/smoothed-sphere_both/snapshot033_grid512/threads8_run001.json,d4e31ca724558d4f0d2007afcde1eb3e655dd6ca0afa89ee0bc47ae215ac160d,results/aida-tng/L75n910_WDM3/power-spectrum/power-spectrum.combined/dm/snapshot033/science-0b111aaee8e5/execution-9c0eeb45174c_run001.json,469ba0ae97b57d10b45d99820f1bde05a82bea1a7e941fc46d707ca9d120b993,f90c15d39218e056e30174dd2abbfc8c5c934c4ade636874e730d296db9c7f05,power-spectrum.combined,migrated
results/aida-tng/L75n910_WDM3/dm/power-spectrum/smoothed-sphere_both/snapshot050_grid256/threads8_run001.json,6b270ef03629edb7424f8776a61a3b1c33e2263461ce5765cd41805d3ffcdbbf,results/aida-tng/L75n910_WDM3/power-spectrum/power-spectrum.combined/dm/snapshot050/science-d4aba1ddb2eb/execution-9c0eeb45174c_run001.json,28efe4816dc82db320a869efd581f6d6afc56a18c55861d8595ccd1aa17315b2,8eeac19615727be59acd821c0a150c5130e1e539534be5d3f264dbf4d33b2d3c,power-spectrum.combined,migrated
results/aida-tng/L75n910_WDM3/dm/power-spectrum/smoothed-sphere_both/snapshot050_grid512/threads8_run001.json,3e857e0885857714fb06a0df0960b52e95542c03e8886ef35159f281218c00d2,results/aida-tng/L75n910_WDM3/power-spectrum/power-spectrum.combined/dm/snapshot050/science-2cbabc324b7d/execution-9c0eeb45174c_run001.json,315495f9567528b122326b27677d5b468e2c3647f79879ed1bebbbbcfbec59a5,bc94a6c391e9b9cf0dd4ac6d124abce61f443d0da0b4519393bc5c936b827151,power-spectrum.combined,migrated
results/aida-tng/L75n910_WDM3/dm/power-spectrum/smoothed-sphere_both/snapshot067_grid256/threads8_run001.json,e73ce7af2f85ee44a66d32b0074f34ffcd8575c67935ff228ad5402e0048959c,results/aida-tng/L75n910_WDM3/power-spectrum/power-spectrum.combined/dm/snapshot067/science-75ca6831400d/execution-9c0eeb45174c_run001.json,9f42853e36e4f66a4986aac839deffe379b6cccdd73ec125aae2238cc973737d,421119bf32720bd4446efc9f379f50e58d7ae194bda568cc7d5068fa4df78880,power-spectrum.combined,migrated
results/aida-tng/L75n910_WDM3/dm/power-spectrum/smoothed-sphere_both/snapshot067_grid512/threads8_run001.json,46f126866b1b5b1ced7fd3801f017644397d9adbdfc051b4cef21a8e9455cdf5,results/aida-tng/L75n910_WDM3/power-spectrum/power-spectrum.combined/dm/snapshot067/science-019f44035ae4/execution-9c0eeb45174c_run001.json,fc79c314cc320aee67bf07cd4aae8c953fad8afb47b334ad76ce4654e4b8ead0,8c905d76f6fca62ac1b45fd23eb6db44696c3456036970b0e96f113cb3ed78b8,power-spectrum.combined,migrated
results/aida-tng/L75n910_WDM3/dm/power-spectrum/smoothed-sphere_both/snapshot084_grid256/threads8_run001.json,2f63c7d6128b616d91d69adf45de8a1d2f5c5f4d2ed175bf8b3b67f0c3bca856,results/aida-tng/L75n910_WDM3/power-spectrum/power-spectrum.combined/dm/snapshot084/science-b9ddff8d613f/execution-9c0eeb45174c_run001.json,b7bc50d55af9c5db03d3c282d485aab22c50c0de853ad652161b6cf68010c957,4395acc486bdb5f42db1a2bf57321b64f8ff49949134d6a1df6ce799c43e9c43,power-spectrum.combined,migrated
results/aida-tng/L75n910_WDM3/dm/power-spectrum/smoothed-sphere_both/snapshot084_grid512/threads8_run001.json,06deba44c779b7564e74f3f4031f219ca3a530acb86a55391736a7a5c2bb1f1b,results/aida-tng/L75n910_WDM3/power-spectrum/power-spectrum.combined/dm/snapshot084/science-c1d35fd32da8/execution-9c0eeb45174c_run001.json,24c8dfa60b6e3b74d60b6fbe1ee7aa1d16f1a74fa46429698205ffecdb450dc3,92d1b24ffd29243d1cbfc39139cb8a4f9251985a3d4f4b7df910c98ed6b6dbe4,power-spectrum.combined,migrated
results/aida-tng/L75n910_WDM3/dm/power-spectrum/smoothed-sphere_both/snapshot099_grid1024/threads8_run001.json,52212c2a63c08e90e64db6f6240ac4015aef41ea1858e5953e14b17b83fca68e,results/aida-tng/L75n910_WDM3/power-spectrum/power-spectrum.combined/dm/snapshot099/science-81359d7e4485/execution-97bb77bc24f0_run001.json,d3279dc0258ad480c126a515ba43eedf330369fcbf78acd0a0bd61a23b62706e,25b5637aec688d0c5de740c934a3be1a2c26935d83e263392b2202a1040a0659,power-spectrum.combined,migrated
results/aida-tng/L75n910_WDM3/dm/power-spectrum/smoothed-sphere_both/snapshot099_grid256/threads8_run001.json,ec0818b2ed4ea25897a0cf734655205bdc6cc929671479816a83c9322d8deb80,results/aida-tng/L75n910_WDM3/power-spectrum/power-spectrum.combined/dm/snapshot099/science-603db2c76415/execution-97bb77bc24f0_run001.json,d82a4df93cc17e6d68b9bddcf95f735790051852f7283b5c788e14ff5fdd6b64,e2885045bb435aa3b8a2097ccd23d0c10f431544362ba2743af7f77408d44d0c,power-spectrum.combined,migrated
results/aida-tng/L75n910_WDM3/dm/power-spectrum/smoothed-sphere_both/snapshot099_grid512/threads8_run001.json,c9968d948df706bbbb3140f040d4a93c42ea7fd589ca7797675139a320ca76b3,results/aida-tng/L75n910_WDM3/power-spectrum/power-spectrum.combined/dm/snapshot099/science-28a2b6dec161/execution-97bb77bc24f0_run001.json,e48506a846c90a88434333810c47a39857051ca0b59eeb56aa61a5162285fca3,cfdba9f26757e62eb91619585abd4f404e55bfbfefd28f89bf41e699431b2472,power-spectrum.combined,migrated
results/aida-tng/L75n910_WDM3/dm/pylians/snapshot025_grid256/threads8_batch1_run001.json,18e47ff4043f7784074cad67db692dbc12bbb38296a4095f45845075c4882cd2,results/aida-tng/L75n910_WDM3/clumping/clumping.pylians/dm/snapshot025/science-96330d9258a3/execution-cd9ea581b7f7_run001.json,f9c241fb95fc0982089a22ed318d361d2a9421f706a4edcfe5db96def7090a14,734069f55e9b25a4d2c72b02490fe0296659e0b53d0a4b844b5c52555b160ab9,clumping.pylians,migrated
results/aida-tng/L75n910_WDM3/dm/pylians/snapshot025_grid512/threads8_batch1_run001.json,b532ff74e75014a67bb91240882a79cf5da881d0184b34e13c4bf040e7de4560,results/aida-tng/L75n910_WDM3/clumping/clumping.pylians/dm/snapshot025/science-d995fd4971db/execution-97fe92315af2_run001.json,6b78548ba106523ebe08b5a0a7903393f8e5375541bc469d75ee252a1f09fe65,2dd2d1a2c374cd66a842afe45da57272d2b3ccbed02540f4bca7a74b36e7633a,clumping.pylians,migrated
results/aida-tng/L75n910_WDM3/dm/pylians/snapshot033_grid256/threads8_batch1_run001.json,4a5eab0573a332c575fb472d00e5723e3aed03fe8e1359e74054e82775016ac6,results/aida-tng/L75n910_WDM3/clumping/clumping.pylians/dm/snapshot033/science-51cae69f0f26/execution-cd9ea581b7f7_run001.json,8ad6c6c340548bf0e6786db011b54e09b88dabf15d8b61844e4e4a1d10e48f80,ee42cdec414444c1b25f0f50125b89a4f7ae9f2b5f2858e1563b076aec5b04f0,clumping.pylians,migrated
results/aida-tng/L75n910_WDM3/dm/pylians/snapshot033_grid512/threads8_batch1_run001.json,a373caaf4448560d95d8c9ce372565407858681ad87903a47d91045982e283c4,results/aida-tng/L75n910_WDM3/clumping/clumping.pylians/dm/snapshot033/science-f3f09d46ca3e/execution-97fe92315af2_run001.json,02cab631e12cc56452b2789f364a06037b712853b162023fc1dc14a07a81acc1,39e4de68a10a7fa1b7c9160c66d0843dc67d7df3420cb96817156d35e008052a,clumping.pylians,migrated
results/aida-tng/L75n910_WDM3/dm/pylians/snapshot050_grid256/threads8_batch1_run001.json,e3374d63fd02b830ba1bc841a64c16ae34a0dc3a1a10b46459ba025cb64781ea,results/aida-tng/L75n910_WDM3/clumping/clumping.pylians/dm/snapshot050/science-1d2b054f4ac7/execution-cd9ea581b7f7_run001.json,18a3c2ce5ef336119fa1e38d036918bad1ff3229dc233c365a9cda3a15636225,3985b730acfc2e981b79b135ee6d37ba878be077fcc32465d52ac4315b12916b,clumping.pylians,migrated
results/aida-tng/L75n910_WDM3/dm/pylians/snapshot050_grid512/threads8_batch1_run001.json,b20afea3410fbe5d3aa2e9b3e93e2c7920fae017075ba4eaa16891b545ba66f3,results/aida-tng/L75n910_WDM3/clumping/clumping.pylians/dm/snapshot050/science-b1a15c6c768c/execution-97fe92315af2_run001.json,97e2c3448282a5a57c550b33c72f4554d485c0ea7f90f0f2df260f1b6f911ecc,4fd36b713588b7923b51c451cff3b02e15695ea919359a75bf719609015aedaa,clumping.pylians,migrated
results/aida-tng/L75n910_WDM3/dm/pylians/snapshot067_grid256/threads8_batch1_run001.json,818c3996e534fcd510f3836a4f69efdf2bdadaee00f259d9e18a29a5ca577438,results/aida-tng/L75n910_WDM3/clumping/clumping.pylians/dm/snapshot067/science-d2b4c50c7938/execution-cd9ea581b7f7_run001.json,ea916ad8e83597e20a175760af69d2cf0a6724ddb3432580a2a8596d32973e64,860cd69647289ac71dabe8f9407b0dd07d3e42a514abda8608c1a9f53688944a,clumping.pylians,migrated
results/aida-tng/L75n910_WDM3/dm/pylians/snapshot067_grid512/threads8_batch1_run001.json,c9402bdd61bb0fac97382ac3e0200418b5a5456db1b64b38c7df8d36f31d7f90,results/aida-tng/L75n910_WDM3/clumping/clumping.pylians/dm/snapshot067/science-c01e5882ecf7/execution-97fe92315af2_run001.json,9e43b4a2c8c13c17b09a949fc448160354ffbedcc4fe09ed5cedda3def06d380,daf68b3fe43d9663218a7ab9a364baab54b9e36afb3ea34ca64f5339185443c6,clumping.pylians,migrated
results/aida-tng/L75n910_WDM3/dm/pylians/snapshot084_grid256/threads8_batch1_run001.json,01ee72ad78c46d0c71d37df088db7834a6a2b7458450a53ce715363adcbb54f3,results/aida-tng/L75n910_WDM3/clumping/clumping.pylians/dm/snapshot084/science-d065168aa54d/execution-cd9ea581b7f7_run001.json,8e315c1ef1254c4599952a26d3966dd09d0ec087fa9342721927d244dc6eb374,24323faaec9102af830e8e4728aa5dd7b49650bfd45ab94098507a149411f685,clumping.pylians,migrated
results/aida-tng/L75n910_WDM3/dm/pylians/snapshot084_grid512/threads8_batch1_run001.json,40ed001573e943f709ae542aca67670fb90838bd2d4e53a29f8c99ca45cc5012,results/aida-tng/L75n910_WDM3/clumping/clumping.pylians/dm/snapshot084/science-f18354f8d42c/execution-97fe92315af2_run001.json,a464d554f3a3446880eaf59dc18cd954f9ea25009f0a287b880ea8ec7493db59,8461bebf4294aa5b94f12d2792de7cb8ef9782e9f5aa48c221c9411990ee9868,clumping.pylians,migrated
results/aida-tng/L75n910_WDM3/dm/pylians/snapshot099_grid256/threads8_batch1_run001.json,80bc3c80bcd160ad7a44cc39e8203525ddc364cd3334841066a12153254f44f2,results/aida-tng/L75n910_WDM3/clumping/clumping.pylians/dm/snapshot099/science-4df431507bbe/execution-cd9ea581b7f7_run001.json,bd316efb47d2fbb8e650e4943b2d26106562e5b198574bbfdc8a4c239c96afd9,7e418d2faf62dc449f9b4724dd0b2a87916ee2e4bf419dcb4acda1d9fd76c230,clumping.pylians,migrated
results/aida-tng/L75n910_WDM3/dm/pylians/snapshot099_grid512/threads8_batch1_run001.json,c6bae4e53b58bc32178801d63bbcb6f692305e37a9b9be2512bdf5e5e665d4c4,results/aida-tng/L75n910_WDM3/clumping/clumping.pylians/dm/snapshot099/science-a5d6f1a8f6a1/execution-97fe92315af2_run001.json,0a9d4da2dff1f33885c9f45e535c6bed39ec80f311583dd9274ed7e5569621e2,3daaea6eb0d4afed271415794f4c94963bb26a29766635011b45a94f9b8262c0,clumping.pylians,migrated
results/aida-tng/L75n910_WDM3/gas/cube/snapshot099_grid256/threads8_batch1_run001.json,d8cdb2c9b2e3be949b71f1200e91dd12cd127cbfa791e8b6e0d0dbdda0ee2f7b,results/aida-tng/L75n910_WDM3/clumping/clumping.cube/gas/snapshot099/science-577115b09195/execution-97fe92315af2_run001.json,d960d9820629a4dec899def6e85237c29aac7785a07e01dab60126c2a860c2c6,356d61c165f1dd4993c96ab5396303658c82e057c0def07c36a54de752884b0a,clumping.cube,migrated
results/aida-tng/L75n910_WDM3/gas/cube/snapshot099_grid512/threads8_batch1_run001.json,e20ce705f0b8684fe29ba033fbdedd5953298b615dc41e4d3828aa3bb29aa72c,results/aida-tng/L75n910_WDM3/clumping/clumping.cube/gas/snapshot099/science-5c922e995555/execution-7f2a6ce7505e_run001.json,eaf3d47a9adf86f85d7ce7305350df5d74947dbcc1657fc9e3a55220f29ba936,c904a067712d94fe32e06efc46f9847a8694c1f54fad4619ee8f5a7f4dffbf4a,clumping.cube,migrated
results/aida-tng/L75n910_WDM3/gas/ionized-sweep/snapshot099_nogrid/threads1_batch1_run001.json,edaf0b971c1ef48a2c76718f641a4f528c4821187721c16890c3b5ae30c4813d,results/aida-tng/L75n910_WDM3/alternative/alternative.ionized-sweep/gas/snapshot099/science-954d63724d6d/execution-58def760728d_run001.json,09e45d078cbfd1c55afd5668c89e9a337950508a1a40f3d31d5a19cce35ccc10,546e5b44e4a98e38518bac5f69c3d4f780d67149afd945174aa31c264bbc543e,alternative.ionized-sweep,migrated
results/aida-tng/L75n910_WDM3/gas/power-spectrum/mas-only_both/snapshot025_grid256/threads8_run001.json,4b38a7043893bacfcb132b7c6a7003687d927182177ea0b85277201b19bb6e01,results/aida-tng/L75n910_WDM3/power-spectrum/power-spectrum.combined/gas/snapshot025/science-27db6b2b354d/execution-dad87b62e8e5_run001.json,78d0104e51bb2c8bd97e0d29a3c3a0f10eb0a92edaacd6e568ecf68d967b99ef,57e028a72bfc12e4b959794cff9a4b9a1ae7ef04921d2cc781e1c30b0eb253a6,power-spectrum.combined,migrated
results/aida-tng/L75n910_WDM3/gas/power-spectrum/mas-only_both/snapshot025_grid512/threads8_run001.json,518054bc17d60b1beb068d51a262e398982b22f410212aed564b6742cbef995b,results/aida-tng/L75n910_WDM3/power-spectrum/power-spectrum.combined/gas/snapshot025/science-bc04e55ad678/execution-dad87b62e8e5_run001.json,9a852b9def0dfefe6d69abe44552f2ba5bcf3ecd51f35837bd6e8a704f7a0376,1b298d7fafa28bb04d3a053ca419e0daa5be37effbf53fc2a4d9ac4248e6c671,power-spectrum.combined,migrated
results/aida-tng/L75n910_WDM3/gas/power-spectrum/mas-only_both/snapshot033_grid256/threads8_run001.json,5884703bc6ede6deffc14d3ca0267524f6932fafcf7d1e5e658bb08a758b1519,results/aida-tng/L75n910_WDM3/power-spectrum/power-spectrum.combined/gas/snapshot033/science-d3cfa09303ef/execution-dad87b62e8e5_run001.json,12d739665ef18bb2e72f1189649e7d5d86503f07984f0335cccf12852d886e0d,f4234169609b634b9988f44ff797b81f059ca7169f4101547280ad9d6293426f,power-spectrum.combined,migrated
results/aida-tng/L75n910_WDM3/gas/power-spectrum/mas-only_both/snapshot033_grid512/threads8_run001.json,88d2944a323277a358135878f481bdc2e0fb5dbdef257d27dfb0e0630b2e90c1,results/aida-tng/L75n910_WDM3/power-spectrum/power-spectrum.combined/gas/snapshot033/science-e28ed68ceebb/execution-dad87b62e8e5_run001.json,20ef00f85162aa15bd77f6090690aa66aad8909df848b332dd8877783837d503,49be86357610a03939b1a0aa9fd2b8423ae62abb55136e890ce30fd91c7411a7,power-spectrum.combined,migrated
results/aida-tng/L75n910_WDM3/gas/power-spectrum/mas-only_both/snapshot050_grid256/threads8_run001.json,7679b00632cf965f02bc477e4236c025faa054fd01ed870d30f6e0f28b46051c,results/aida-tng/L75n910_WDM3/power-spectrum/power-spectrum.combined/gas/snapshot050/science-5a21e2b2805b/execution-dad87b62e8e5_run001.json,1329033cfdebbe0ceeeb0b1513af3dfbcd6862ffdeb6c1b8001bb8c5b359104a,9c347772412d9e63cf409669f523462a230fda37666c0686c0990921d6719762,power-spectrum.combined,migrated
results/aida-tng/L75n910_WDM3/gas/power-spectrum/mas-only_both/snapshot050_grid512/threads8_run001.json,a76bc38e6fe1263bd30e4ea685dfe57c3778835ddcd39554eca883f6b5b05aee,results/aida-tng/L75n910_WDM3/power-spectrum/power-spectrum.combined/gas/snapshot050/science-c622d6ae4608/execution-dad87b62e8e5_run001.json,6673abe8bf6de00654651687f5f23c4e5f07ba37b29cfedf3c61aee1f4a8bd3a,e1d1f34989b43ad8b59208683bf79efc9cd19ac301b132af809fd575700465f2,power-spectrum.combined,migrated
results/aida-tng/L75n910_WDM3/gas/power-spectrum/mas-only_both/snapshot067_grid256/threads8_run001.json,62b4402c805ff4c8efbc5f880a4473d22eb25adcb6c45425b68d56144f07d653,results/aida-tng/L75n910_WDM3/power-spectrum/power-spectrum.combined/gas/snapshot067/science-96c2bd818254/execution-dad87b62e8e5_run001.json,aeed303ba9e45da8a11db3a92dc9d90d6c9a72975497aa19de394b6bb0a51e28,737b0127a0f6d0ec7b6921db29f317988ed87e6130e0186821af514a8a748f6d,power-spectrum.combined,migrated
results/aida-tng/L75n910_WDM3/gas/power-spectrum/mas-only_both/snapshot067_grid512/threads8_run001.json,c2f44cd27611531e83a8c779aba67d826d3669524cb1ad7d63267dac8dd59b57,results/aida-tng/L75n910_WDM3/power-spectrum/power-spectrum.combined/gas/snapshot067/science-1a4e77e2fa86/execution-dad87b62e8e5_run001.json,ece8d2b8ab89f59114b3ba459fdb18e04ca647d9023c0db2fd715e8e1c8ac08c,c0b1904563bf8f53e77406dd03e90f4811ede7597513bd9b225204fb5df032f9,power-spectrum.combined,migrated
results/aida-tng/L75n910_WDM3/gas/power-spectrum/mas-only_both/snapshot084_grid256/threads8_run001.json,ae90db0630f71920a123bc512bce615429316cd04cd79f6fbb7abc16704da9ac,results/aida-tng/L75n910_WDM3/power-spectrum/power-spectrum.combined/gas/snapshot084/science-d38afab9011c/execution-dad87b62e8e5_run001.json,827e42321f5962304b868469e43c150375471cebcb32d7018c390eba02b6ee15,b29ebcb35d457760781ee7b46e2cee9d3d397130d4391f36e41fd9f0160f1c17,power-spectrum.combined,migrated
results/aida-tng/L75n910_WDM3/gas/power-spectrum/mas-only_both/snapshot084_grid512/threads8_run001.json,8beb49c015693ab7162ef913738bde2852776e4e29798a20520a5e26f9db5cc2,results/aida-tng/L75n910_WDM3/power-spectrum/power-spectrum.combined/gas/snapshot084/science-60d314506a72/execution-dad87b62e8e5_run001.json,41dc51bf65d64551f495e8f89a37a3184c359295ef7e015c3eb5b9cddf89ed42,b7387d5e22daf73caaf6191717a62f72240c5c615e4471760398269a26ef10c2,power-spectrum.combined,migrated
results/aida-tng/L75n910_WDM3/gas/power-spectrum/mas-only_both/snapshot099_grid1024/threads8_run001.json,730f638da9eae4fcb87684e4dbbf74bee826a6145d5da29f37959e73d374eec3,results/aida-tng/L75n910_WDM3/power-spectrum/power-spectrum.combined/gas/snapshot099/science-242e0be6dde7/execution-828951378904_run001.json,f258091903cce6e72520d3ddb703f7700d62a2387e5cb11949446fc5079aecc4,d4c10457741d3e4f79f166ac311bb48ad8f781144791e4a9ac06100991462120,power-spectrum.combined,migrated
results/aida-tng/L75n910_WDM3/gas/power-spectrum/mas-only_both/snapshot099_grid256/threads8_run001.json,88aafc44ace3082f9ca5f35e83e9cea6c580c7f84bce363d5b57463de32a480c,results/aida-tng/L75n910_WDM3/power-spectrum/power-spectrum.combined/gas/snapshot099/science-ee7aa4d9f6b2/execution-828951378904_run001.json,07a8025c4fb79ad8d862a3ea40a38ebf7a83e0a93b5f6a96c318b0d47272a7ce,86508dea2aa8c59debfa6b7903fe55c4d5e7024be139dd8ccd4d324d3e3c1661,power-spectrum.combined,migrated
results/aida-tng/L75n910_WDM3/gas/power-spectrum/mas-only_both/snapshot099_grid512/threads8_run001.json,4415557d8bcbeab85b9aec75cc3a7a89485dac976a07de37a4a3487d9864e68b,results/aida-tng/L75n910_WDM3/power-spectrum/power-spectrum.combined/gas/snapshot099/science-850d0c248243/execution-828951378904_run001.json,0c77c6be715a6e3ba0fd751f725f2ee4e7066b13e96fc737f88b7df3a2d5c6b5,7c2d1d460c21ae8cc09be764ca764d3b2c189588490ce7510dbb50f50d056de2,power-spectrum.combined,migrated
results/aida-tng/L75n910_WDM3/gas/power-spectrum/smoothed-cube_both/snapshot099_grid1024/threads8_run001.json,b92f882eb8c7d6c1a96b0d09a1992088262f4548e03a8586dd74e242e51d2e7f,results/aida-tng/L75n910_WDM3/power-spectrum/power-spectrum.combined/gas/snapshot099/science-a44b51c0918c/execution-97bb77bc24f0_run001.json,2f4be8656fddf992c7399f8c796f56b3b3593f8d4aaa1f1b1965d2e654f6c828,af27e8f7040c1be8e3e19f4b0869119fc5a5efac3e5ba01c420a6d29d009b6af,power-spectrum.combined,migrated
results/aida-tng/L75n910_WDM3/gas/power-spectrum/smoothed-cube_both/snapshot099_grid256/threads8_run001.json,5437ad0b1554abf883b087b94bb7947cd02274136ef4d4b56c0846410ffe5709,results/aida-tng/L75n910_WDM3/power-spectrum/power-spectrum.combined/gas/snapshot099/science-2bc8db0a44f3/execution-97bb77bc24f0_run001.json,7410a962c0e3233ec8fc8d0484131ba524b030ac439208188450d4b0510d4b1b,0ef965324b8c3e364674f49bde047043703357d46d67095361a9a6d5f1e0d4dd,power-spectrum.combined,migrated
results/aida-tng/L75n910_WDM3/gas/power-spectrum/smoothed-cube_both/snapshot099_grid512/threads8_run001.json,058e9d4aedd244f0814fab4074ce53239e1fe58830bc1eda0188648b3d400c40,results/aida-tng/L75n910_WDM3/power-spectrum/power-spectrum.combined/gas/snapshot099/science-21404b1799c9/execution-97bb77bc24f0_run001.json,9b36924045e277e2783f0be7f6431bfaa2e33b3d3e245f67c6ee13bef03fcc19,d51d0391f9b300b8f119bc0221411ab13e7f47b94b3884e55543486efd113abd,power-spectrum.combined,migrated
results/aida-tng/L75n910_WDM3/gas/power-spectrum/smoothed-pylians_both/snapshot025_grid256/threads8_run001.json,eb071ebec7e701d84a2d22abd0f9ef45ebd4835367849bf6e03f7be5492ae8fb,results/aida-tng/L75n910_WDM3/power-spectrum/power-spectrum.combined/gas/snapshot025/science-bad2745f8bef/execution-9c0eeb45174c_run001.json,19612d598b31fd684110b46c566c0f8f9414cfad1a8c3946c29204f3453beed3,15dc9773d3659e735768a5dd2f9d1557c84a16dcd41386ace17fa4c46f2b7037,power-spectrum.combined,migrated
results/aida-tng/L75n910_WDM3/gas/power-spectrum/smoothed-pylians_both/snapshot025_grid512/threads8_run001.json,d4ecc861da505d3903f39c76cd1fc3b7b691d0809d2aeadc4832e172a91d6040,results/aida-tng/L75n910_WDM3/power-spectrum/power-spectrum.combined/gas/snapshot025/science-d79375496323/execution-9c0eeb45174c_run001.json,c1db29eb9d52f5eda966c973a05291a4b24419c7e573719f0a1b204118a71c06,db4abdd13ab0e5a4f7664ea8b2ddd4d0a9b0301b8291358f69d6a9e4f199d9b8,power-spectrum.combined,migrated
results/aida-tng/L75n910_WDM3/gas/power-spectrum/smoothed-pylians_both/snapshot033_grid256/threads8_run001.json,3ff8c8a29dcaef59348841106f42fcfea50e5a5a44855bec6c1ca54aaf2d8b72,results/aida-tng/L75n910_WDM3/power-spectrum/power-spectrum.combined/gas/snapshot033/science-e6f13fb4ce69/execution-9c0eeb45174c_run001.json,db2a3f5a4820c1455d8ca8c718501879fe8dfd65a5771426e143e952802b7f35,8336b269fb5e4aea6b0b5da2444b3fd3814f8d21058cd32ab76f41277c02c0c4,power-spectrum.combined,migrated
results/aida-tng/L75n910_WDM3/gas/power-spectrum/smoothed-pylians_both/snapshot033_grid512/threads8_run001.json,5ba724e5db386e1d0105fb13ecb5e17bcb24c43fea9a56de9708bf7bf0050fd5,results/aida-tng/L75n910_WDM3/power-spectrum/power-spectrum.combined/gas/snapshot033/science-406d5f4b60bc/execution-9c0eeb45174c_run001.json,407b1a34fdaeba97b46040f2164ea97686437f4e1dddff31bc6d6b72ed1544dc,c4957415a239c804cafc258dbb6da6bca66782e3610e697d9cef9c34aea4141d,power-spectrum.combined,migrated
results/aida-tng/L75n910_WDM3/gas/power-spectrum/smoothed-pylians_both/snapshot050_grid256/threads8_run001.json,efbed8885312fec95c4a06326223f750bc54e0de45f139763f3724a54b85fa0a,results/aida-tng/L75n910_WDM3/power-spectrum/power-spectrum.combined/gas/snapshot050/science-47ad69991256/execution-9c0eeb45174c_run001.json,6638ec441eb1c9e898735fae8e8f7b3c1697b0cd8acfe9fbb414abe5de1fc2fe,f79142d16615abfcfde7ee3b32ecab94babbd8ad9ca5a2fcef608e24d07c9f0b,power-spectrum.combined,migrated
results/aida-tng/L75n910_WDM3/gas/power-spectrum/smoothed-pylians_both/snapshot050_grid512/threads8_run001.json,91ced5de2f68f8c644bf9e5dd8bdc4be07dfbfeb1a6968ce6944bba5301594e7,results/aida-tng/L75n910_WDM3/power-spectrum/power-spectrum.combined/gas/snapshot050/science-6898d00f3c5c/execution-9c0eeb45174c_run001.json,3ea9ef8dfe3713301929a0a560f4d183d8c0102a63949ccb4c11b54131a2b49a,762861b5a81e76f2f5ae6c4da4874153c52b52fb1f24c8914b42932784209fd6,power-spectrum.combined,migrated
results/aida-tng/L75n910_WDM3/gas/power-spectrum/smoothed-pylians_both/snapshot067_grid256/threads8_run001.json,54d91cb5944701725f79828ef6460cf35a96e10351ba39687340a287486df375,results/aida-tng/L75n910_WDM3/power-spectrum/power-spectrum.combined/gas/snapshot067/science-a6f72de0c26a/execution-9c0eeb45174c_run001.json,99b271a198efdaf98ae2fd41709f43508be6321798b190ea8cdb85cb691a518b,23671afeb7f3f429c2579019eb0d0d0dd542954004685e787f4c448a28af0d76,power-spectrum.combined,migrated
results/aida-tng/L75n910_WDM3/gas/power-spectrum/smoothed-pylians_both/snapshot067_grid512/threads8_run001.json,ead9a5dcda6515c0be2b575dd30295556294354a0bb9de76334d803df16fc62f,results/aida-tng/L75n910_WDM3/power-spectrum/power-spectrum.combined/gas/snapshot067/science-e72f533478b0/execution-9c0eeb45174c_run001.json,7772829b3ccfec7a36069a60c54221f87b0bb8842cf4f2d4c4f3ce8f87411136,54ef530143574e1f10cc25fd197216a9ea3467f1d86f0c087a297d31754b124d,power-spectrum.combined,migrated
results/aida-tng/L75n910_WDM3/gas/power-spectrum/smoothed-pylians_both/snapshot084_grid256/threads8_run001.json,34ad3f39a8fc657dfc76f6734a8a09e6160a7b13ddbca4c9f997cac460cf8c4d,results/aida-tng/L75n910_WDM3/power-spectrum/power-spectrum.combined/gas/snapshot084/science-d7d85c2955b3/execution-9c0eeb45174c_run001.json,2f3ddfc01722f284007d327fa22d0d27939274cfc5ffc0901d111aeddd169ad2,c5a71a022851af4ab8af8ed12a8d29dd0635406ce6db511b4889d3609500ed0a,power-spectrum.combined,migrated
results/aida-tng/L75n910_WDM3/gas/power-spectrum/smoothed-pylians_both/snapshot084_grid512/threads8_run001.json,1e346d08e935a9ff8dc779e041d74effd95fa34e03d41b31b8a025b34cbbe57e,results/aida-tng/L75n910_WDM3/power-spectrum/power-spectrum.combined/gas/snapshot084/science-11c009af9cb6/execution-9c0eeb45174c_run001.json,a101b204a2dd74fa5a5b06ce2cd6e63c68f33bc2fcb2e95cbfd0ed2f660490d8,426c2eb5e74730cc0040541e38dee280fe5d2d0ba979b18e60795f40b6b337a6,power-spectrum.combined,migrated
results/aida-tng/L75n910_WDM3/gas/power-spectrum/smoothed-pylians_both/snapshot099_grid1024/threads8_run001.json,4ecc8910093b5456f633d36cc7be8dd8b919795a42969bbab16892606e671a4a,results/aida-tng/L75n910_WDM3/power-spectrum/power-spectrum.combined/gas/snapshot099/science-1bca1d8eca1c/execution-97bb77bc24f0_run001.json,b85f46a59be2566622d59016cdb7a39da889223063d9996b727547a39836e350,6a0a33453c664bfb2a26792779fda6b9515006d4f212ad8673fc05b69b234882,power-spectrum.combined,migrated
results/aida-tng/L75n910_WDM3/gas/power-spectrum/smoothed-pylians_both/snapshot099_grid256/threads8_run001.json,1076aaa295962afe3493f89fb2673d10bf8e8d83a1c4cf17f2bc33d7051583d8,results/aida-tng/L75n910_WDM3/power-spectrum/power-spectrum.combined/gas/snapshot099/science-99f0b095846b/execution-97bb77bc24f0_run001.json,7a926a6bff5448f535ffcc6616f27f780d5097fe0c67f237c802f79fa0a85271,fdfa339043629bd308af217d80e8055fb751fe746978ce87a6999ad0f95055b6,power-spectrum.combined,migrated
results/aida-tng/L75n910_WDM3/gas/power-spectrum/smoothed-pylians_both/snapshot099_grid512/threads8_run001.json,36edeb857f84b0b08b015588128d2dd8e73003337968629faf1158e4861426d8,results/aida-tng/L75n910_WDM3/power-spectrum/power-spectrum.combined/gas/snapshot099/science-34173bf06165/execution-97bb77bc24f0_run001.json,76c033bd771ed84618fd04f238194b3dd3a40c5f6a17b81c925316c7b84021e9,2cf8cc1780c9a0703b69eb3bd265b860d6400c00857b0f06de71e14c5eddeddd,power-spectrum.combined,migrated
results/aida-tng/L75n910_WDM3/gas/power-spectrum/smoothed-sphere_both/snapshot025_grid256/threads8_run001.json,d1f898f3b704a0630954aa30d5e9449661bb25a6e919bce0310b4898eae0c023,results/aida-tng/L75n910_WDM3/power-spectrum/power-spectrum.combined/gas/snapshot025/science-cc6b49465a86/execution-9c0eeb45174c_run001.json,6c87ffda7bb800003c389ee2c29ec38b8ea5302d53ef49283a277b8f5392da5f,708646506b739b3c3738d1a7fdc7dd6808fa699ccec86783d76edcd0f332c334,power-spectrum.combined,migrated
results/aida-tng/L75n910_WDM3/gas/power-spectrum/smoothed-sphere_both/snapshot025_grid512/threads8_run001.json,b5c1cd390da4b03d3ca5da0b0f4b383d2789707f965f8cd3d96d5a5f68d8f9a2,results/aida-tng/L75n910_WDM3/power-spectrum/power-spectrum.combined/gas/snapshot025/science-973815870973/execution-9c0eeb45174c_run001.json,f2e02e1eaed5a1d3a764cf997aaf328640781e923f6006fff11c47d45bb1d633,d24797ca4d6ff85b89c9c0cfd5b7c76f32c35fd916e2cbd8d793e4a656785c8a,power-spectrum.combined,migrated
results/aida-tng/L75n910_WDM3/gas/power-spectrum/smoothed-sphere_both/snapshot033_grid256/threads8_run001.json,8ec652bf8ab0f655deafb80d331e4d48e64b043cc79b269bd58b686108c86461,results/aida-tng/L75n910_WDM3/power-spectrum/power-spectrum.combined/gas/snapshot033/science-47dbc4fdfe0a/execution-9c0eeb45174c_run001.json,296a08f146a1aa9740bf7d8fee80b4853965f5283919e7527dd1eb147f44e645,764c0bb1ab10f4dd505fd128b3488f329afae498ab19fa63a4c9e6acb9c66da5,power-spectrum.combined,migrated
results/aida-tng/L75n910_WDM3/gas/power-spectrum/smoothed-sphere_both/snapshot033_grid512/threads8_run001.json,1de8ffd0e227b97cb592d247c8f31d0d9bf3c746ebb24534a8a48ac3d457f30d,results/aida-tng/L75n910_WDM3/power-spectrum/power-spectrum.combined/gas/snapshot033/science-a936735dea43/execution-9c0eeb45174c_run001.json,c1af5f2686471660015fe4a7dfa146877a4b6c7d315785640b559f0159097c8e,109b8acec857dda0b4bfaa99a7bfe2cdbebd9e5328280b34055674cd1c30ee72,power-spectrum.combined,migrated
results/aida-tng/L75n910_WDM3/gas/power-spectrum/smoothed-sphere_both/snapshot050_grid256/threads8_run001.json,3103bf52f689ed6bb17b016fd86c86b262f30e03a9ed1af6dce9a9548f7ce1e1,results/aida-tng/L75n910_WDM3/power-spectrum/power-spectrum.combined/gas/snapshot050/science-7f45ae6d07f7/execution-9c0eeb45174c_run001.json,92df11f229f07cc3cc13751334597d4252ea7883611d134b3a76bb47045114ff,c664f9d760bfe5c2b63dd7e52c1da70d0858f793169fb630d310ae9c7c242202,power-spectrum.combined,migrated
results/aida-tng/L75n910_WDM3/gas/power-spectrum/smoothed-sphere_both/snapshot050_grid512/threads8_run001.json,89b7f12888f4429494f2a4eb3f4ecee1b6c97d947a41ab6cd61b17322644ab86,results/aida-tng/L75n910_WDM3/power-spectrum/power-spectrum.combined/gas/snapshot050/science-ff1f2694e9d2/execution-9c0eeb45174c_run001.json,4f7b85f49afed86a66c906756e48416f425cfe57947e130c3c4c103bab096f92,5303debf4c1aa59b3bc18ceb76b72180d92da03559cdb2b20e9cc8521687f0e6,power-spectrum.combined,migrated
results/aida-tng/L75n910_WDM3/gas/power-spectrum/smoothed-sphere_both/snapshot067_grid256/threads8_run001.json,52995456d55f19022a649606e7c98e77bc7f804cda7f65db2234e99557c3c9b2,results/aida-tng/L75n910_WDM3/power-spectrum/power-spectrum.combined/gas/snapshot067/science-4c6a4ca7d8a3/execution-9c0eeb45174c_run001.json,fa2eb90339a02c14c58e7aa54bccd73cf9ab0c10d128788839dbd6ec52cf501a,2a93d6fee65c43e08fd05fc4ae73c5d4f9462b08641bc1389af8d25d9d961896,power-spectrum.combined,migrated
results/aida-tng/L75n910_WDM3/gas/power-spectrum/smoothed-sphere_both/snapshot067_grid512/threads8_run001.json,547b41f6e7b02dd33c1b5f3ba75486a4edd70844ddcf5fbd560dab50c029758c,results/aida-tng/L75n910_WDM3/power-spectrum/power-spectrum.combined/gas/snapshot067/science-2da1dc54b681/execution-9c0eeb45174c_run001.json,c62979280bd033fd8bc1bc544fc20fde2639c24123fecb4400a638ee35388ce0,9bc1b48e4e8a5bb8a9802b6497732e9c6e5cca9f4974b77f3bc68f5aaeb509bf,power-spectrum.combined,migrated
results/aida-tng/L75n910_WDM3/gas/power-spectrum/smoothed-sphere_both/snapshot084_grid256/threads8_run001.json,49944a34218b963d8fd7318a40a1c2fc00e4221170ea5840c36a9bbe2bb48ac4,results/aida-tng/L75n910_WDM3/power-spectrum/power-spectrum.combined/gas/snapshot084/science-82fec0fdf654/execution-9c0eeb45174c_run001.json,930fba583a2f5862d2db04487fe226ec827e3d24b9b5ab68d3546d1b5393a298,47d5c310c3077253a9e73a990435a28df116de896ffe7caeb0fde158d2fa9a1b,power-spectrum.combined,migrated
results/aida-tng/L75n910_WDM3/gas/power-spectrum/smoothed-sphere_both/snapshot084_grid512/threads8_run001.json,8a1707bc840124c6a86d8378313b5d752c652763e3ace897dd407d5e779cd241,results/aida-tng/L75n910_WDM3/power-spectrum/power-spectrum.combined/gas/snapshot084/science-258eb2d37d84/execution-9c0eeb45174c_run001.json,c75e7fe88ed8409d454f649966ec8b54265a791945d5f42df1413b071fe1fb0b,f09f1d942201cfb6f784f73473e36a40f7941126c7ded140b7877a0340d7473c,power-spectrum.combined,migrated
results/aida-tng/L75n910_WDM3/gas/power-spectrum/smoothed-sphere_both/snapshot099_grid1024/threads8_run001.json,ac1d5651a82b503a732563de764d972db31b1a5ffcfc9801d832d840988ae353,results/aida-tng/L75n910_WDM3/power-spectrum/power-spectrum.combined/gas/snapshot099/science-2efb8a176fdf/execution-97bb77bc24f0_run001.json,0edbb44d383339235e8705c3461870d4bf11eac088e381a4218258f84f404d72,2a8046990fc84e0e00216ebbe64c2d40c450da822e14ac3b190e3c4583d4a0b0,power-spectrum.combined,migrated
results/aida-tng/L75n910_WDM3/gas/power-spectrum/smoothed-sphere_both/snapshot099_grid128/threads8_run001.json,8be9b99751dd11c46f7ed0cd7789c0640881d636750d90fecaf0cf978846a544,results/aida-tng/L75n910_WDM3/power-spectrum/power-spectrum.combined/gas/snapshot099/science-f098f977c08e/execution-bdff46d14b11_run001.json,6941748abb4698389f7aa61aca2b9931b0d27eaeb1209cdaf552392a2d987ae8,aaee26635a9772f98144c2daac6e35178eb740dbe56ae375249ddaafd6da6cd4,power-spectrum.combined,migrated
results/aida-tng/L75n910_WDM3/gas/power-spectrum/smoothed-sphere_both/snapshot099_grid256/threads2_run001.json,24dfa7092d2e6da9d061d98ecc758f06c29073fd97ee13191adf4081905533f2,results/aida-tng/L75n910_WDM3/power-spectrum/power-spectrum.combined/gas/snapshot099/science-5e2f70c48e2e/execution-2f0f12d59183_run001.json,3125f14607379b7def96f2249eba12f8372a6b3ebc3596326c3f58d0357835d8,d096b55f9e4ac900ebacff673fc7f62e575b8fd070fe2025d2e60efecc7dbbcd,power-spectrum.combined,migrated
results/aida-tng/L75n910_WDM3/gas/power-spectrum/smoothed-sphere_both/snapshot099_grid256/threads8_run001.json,89d17ec042fff4b4c6c28630c383532c8ef4a61ffbd11499ee364ba2512d7e46,results/aida-tng/L75n910_WDM3/power-spectrum/power-spectrum.combined/gas/snapshot099/science-62208aa7e286/execution-97bb77bc24f0_run001.json,81f4d2bc092ef99a9740ebc859e968df216423669f562c2801b581c3653cce11,7555cd19f8f948e94a3ef88fe4a83408df4b2c436df7026242f07b1677a8d9de,power-spectrum.combined,migrated
results/aida-tng/L75n910_WDM3/gas/power-spectrum/smoothed-sphere_both/snapshot099_grid512/threads8_run001.json,9a105f30e1cf0f5e8c2cf90b04c4d39f682b286cf7e12ee7af060fdce17baadc,results/aida-tng/L75n910_WDM3/power-spectrum/power-spectrum.combined/gas/snapshot099/science-6fc9849c037a/execution-97bb77bc24f0_run001.json,47e1832c11fb1c358730af87a88597a7bd5783095ff7d8c211035f10d9488510,3c9677697675ca7f9d229eebb707e99df25d154861dce5cb18cab0f98e924f51,power-spectrum.combined,migrated
results/aida-tng/L75n910_WDM3/gas/pylians/snapshot099_grid256/threads8_batch1_run001.json,f3987e5a41c7779a3acb0895a73ef82559c9ef462465c7e8ce26b6aee19a65ea,results/aida-tng/L75n910_WDM3/clumping/clumping.pylians/gas/snapshot099/science-bc5a52474645/execution-97fe92315af2_run001.json,287acf1126f95309b186a1df2937a7622ca4e511c2b34e7ce287a0057941b890,ce5d86e39a6515a8aade72a5e5567dfbfc978da9eb93624e960239ee817864bd,clumping.pylians,migrated
results/aida-tng/L75n910_WDM3/gas/pylians/snapshot099_grid512/threads8_batch1_run001.json,266c0b439dfce0bd33eed3116c236c71553b2aae56cd964406f5f337632efc02,results/aida-tng/L75n910_WDM3/clumping/clumping.pylians/gas/snapshot099/science-49ea6bb1683c/execution-7f2a6ce7505e_run001.json,b2f87e60d14ff5bf359eae2c3d47d7a6bca76f4e9aec5d9bc81def3e0d21b6bd,6184a7a8aad162736140d02eacec39ac48a1bcbed3785fc55a4e58c99ec13a7b,clumping.pylians,migrated
results/aida-tng/L75n910_WDM3/gas/raw-volume/snapshot025_grid256/threads1_batch1_run001.json,651a7c5f3c78ddfc1b0d1882a98b3cb1e00d5fd9c667fba77907b2f2af7e9dd2,results/aida-tng/L75n910_WDM3/clumping/clumping.raw-volume-weighted/gas/snapshot025/science-7ca015b94dba/execution-83be40a864d4_run001.json,c326cfe30add2ae90e77ea995a2b889a1909018d5d68b067284111d5857eae7e,24205d0ad72be7abc71d65d524458f56667cb6549d70ba4c0b760cb76b4d57f1,clumping.raw-volume-weighted,migrated
results/aida-tng/L75n910_WDM3/gas/raw-volume/snapshot025_grid512/threads1_batch1_run001.json,0335760852b8cc9c02e87bb4585efaff054e36d138ce1336e0469d918c78a777,results/aida-tng/L75n910_WDM3/clumping/clumping.raw-volume-weighted/gas/snapshot025/science-7ca015b94dba/execution-83be40a864d4_run001.json,c326cfe30add2ae90e77ea995a2b889a1909018d5d68b067284111d5857eae7e,24205d0ad72be7abc71d65d524458f56667cb6549d70ba4c0b760cb76b4d57f1,clumping.raw-volume-weighted,deduplicated
results/aida-tng/L75n910_WDM3/gas/raw-volume/snapshot033_grid256/threads1_batch1_run001.json,be9c4ec9a4fbb749865f96b95344fe01754d6aaba3110500715c45145ceef676,results/aida-tng/L75n910_WDM3/clumping/clumping.raw-volume-weighted/gas/snapshot033/science-7ca015b94dba/execution-83be40a864d4_run001.json,94a83f0e4a05ba235e55df30af15cc2905df22131dda3f252abb7258e001200e,c8409e98005b2f75e50cfaadb3b81f073a707b420587d25d373a622ff877fb79,clumping.raw-volume-weighted,migrated
results/aida-tng/L75n910_WDM3/gas/raw-volume/snapshot033_grid512/threads1_batch1_run001.json,2eb06f30df0b348e250c475bc46889e23f6ec2ffa8b57e95fa952d5a5b2f31b3,results/aida-tng/L75n910_WDM3/clumping/clumping.raw-volume-weighted/gas/snapshot033/science-7ca015b94dba/execution-83be40a864d4_run001.json,94a83f0e4a05ba235e55df30af15cc2905df22131dda3f252abb7258e001200e,c8409e98005b2f75e50cfaadb3b81f073a707b420587d25d373a622ff877fb79,clumping.raw-volume-weighted,deduplicated
results/aida-tng/L75n910_WDM3/gas/raw-volume/snapshot050_grid256/threads1_batch1_run001.json,329725257114191cc01c3d86fbfb750a94bf45fb2234b048be1715a0608a3892,results/aida-tng/L75n910_WDM3/clumping/clumping.raw-volume-weighted/gas/snapshot050/science-7ca015b94dba/execution-83be40a864d4_run001.json,d2b1a350125eef99a7f85e03ef4c4b91616b71a7de6568576d845db6caeccee2,e7e04c4fe113f0c90c633eea9b610bc4f49d107ec0ad7e57882145e2604edc83,clumping.raw-volume-weighted,migrated
results/aida-tng/L75n910_WDM3/gas/raw-volume/snapshot050_grid512/threads1_batch1_run001.json,2b90126ac60f5f573cbe5a9b651ac90aa6a1c90cc87ec99293f2b82aea2822cb,results/aida-tng/L75n910_WDM3/clumping/clumping.raw-volume-weighted/gas/snapshot050/science-7ca015b94dba/execution-83be40a864d4_run001.json,d2b1a350125eef99a7f85e03ef4c4b91616b71a7de6568576d845db6caeccee2,e7e04c4fe113f0c90c633eea9b610bc4f49d107ec0ad7e57882145e2604edc83,clumping.raw-volume-weighted,deduplicated
results/aida-tng/L75n910_WDM3/gas/raw-volume/snapshot067_grid256/threads1_batch1_run001.json,ca5fbe4f5498985045f21301ddcc74fb7c313e89a916d9946476decbf8ff8bb8,results/aida-tng/L75n910_WDM3/clumping/clumping.raw-volume-weighted/gas/snapshot067/science-7ca015b94dba/execution-83be40a864d4_run001.json,818b5da7bc02d503cb7dd5b26d80e0dff24681a879ca5bbe7dec51ff719b399e,686404e18833d5a759ad3445447ca1a9dfb3df28c44e4f88b25226a26ffbd640,clumping.raw-volume-weighted,migrated
results/aida-tng/L75n910_WDM3/gas/raw-volume/snapshot067_grid512/threads1_batch1_run001.json,4adc2f35bbda2a69aa8afd67b7c390e619bd2d9b0c35af941561d58c6a1e0dbf,results/aida-tng/L75n910_WDM3/clumping/clumping.raw-volume-weighted/gas/snapshot067/science-7ca015b94dba/execution-83be40a864d4_run001.json,818b5da7bc02d503cb7dd5b26d80e0dff24681a879ca5bbe7dec51ff719b399e,686404e18833d5a759ad3445447ca1a9dfb3df28c44e4f88b25226a26ffbd640,clumping.raw-volume-weighted,deduplicated
results/aida-tng/L75n910_WDM3/gas/raw-volume/snapshot084_grid256/threads1_batch1_run001.json,57d91becd37741320814d76d3b7a276013e61dbbde013c738d217ade1461bd04,results/aida-tng/L75n910_WDM3/clumping/clumping.raw-volume-weighted/gas/snapshot084/science-7ca015b94dba/execution-83be40a864d4_run001.json,6438e7ca07e97e81e77d20ba31de13725f1eb02a5ddb1d765380c038de52ad07,c8ac5f38f7b52aafba8d3f46ce981bcc4534dcc13a0ed648d709ff1015c559b7,clumping.raw-volume-weighted,migrated
results/aida-tng/L75n910_WDM3/gas/raw-volume/snapshot084_grid512/threads1_batch1_run001.json,19ef76c65e75985c28050c5282805c2698f6af9d895132d80c3b3e271888fddc,results/aida-tng/L75n910_WDM3/clumping/clumping.raw-volume-weighted/gas/snapshot084/science-7ca015b94dba/execution-83be40a864d4_run001.json,6438e7ca07e97e81e77d20ba31de13725f1eb02a5ddb1d765380c038de52ad07,c8ac5f38f7b52aafba8d3f46ce981bcc4534dcc13a0ed648d709ff1015c559b7,clumping.raw-volume-weighted,deduplicated
results/aida-tng/L75n910_WDM3/gas/raw-volume/snapshot099_grid256/threads1_batch1_run001.json,ed788b6be795cdf48be83528a11f1dd33d985861820078e71a5e9ac40a58d53d,results/aida-tng/L75n910_WDM3/clumping/clumping.raw-volume-weighted/gas/snapshot099/science-7ca015b94dba/execution-83be40a864d4_run001.json,0caafd89c6ccbad0a25ea4134f9fa7315c61c05b81d9808b468af688635ef750,5451e666bfd7a4204ba38610fcda68d5c8b1e691e73d6d052ff87c8688da55b2,clumping.raw-volume-weighted,migrated
results/aida-tng/L75n910_WDM3/gas/raw-volume/snapshot099_grid256/threads1_batch1_run001_rawmode-electron-hii.json,5a7ad3682149595820d206ae3794acca03abf2abe33600ca3fbccecaec56eda0,results/aida-tng/L75n910_WDM3/clumping/clumping.raw-volume-weighted/gas/snapshot099/science-a49c35ec8aaf/execution-83be40a864d4_run001.json,79d4aab0645105e58608ff3cfc3e7151f8a885cddd1b271e9b332aac73f862b2,ac656d90f94cac2129b1e787c62fe089441c29567c165e346454186d4ba66f3c,clumping.raw-volume-weighted,migrated
results/aida-tng/L75n910_WDM3/gas/raw-volume/snapshot099_grid512/threads1_batch1_run001.json,2fb8b18fe5ecfe8228d507711917a84a879dd705f74ec7366d63e7f8762472e1,results/aida-tng/L75n910_WDM3/clumping/clumping.raw-volume-weighted/gas/snapshot099/science-7ca015b94dba/execution-83be40a864d4_run001.json,0caafd89c6ccbad0a25ea4134f9fa7315c61c05b81d9808b468af688635ef750,5451e666bfd7a4204ba38610fcda68d5c8b1e691e73d6d052ff87c8688da55b2,clumping.raw-volume-weighted,deduplicated
results/aida-tng/L75n910_WDM3/gas/sphere/snapshot099_grid256/threads8_batch1_run001.json,abff2cbb9db23c6a29d24754fadf177aba6f7c0229a43f8cf4d364f077095ee6,results/aida-tng/L75n910_WDM3/clumping/clumping.sphere/gas/snapshot099/science-003c2ba74aea/execution-97fe92315af2_run001.json,f2aaa746f68e18e220eae30421f18461a102f0eb614509d61f493ecfc793f5dc,cf01be19ea10e05b6f1073d018f527eb7001817b496425b400081ebc59bc6b23,clumping.sphere,migrated
results/aida-tng/L75n910_WDM3/gas/sphere/snapshot099_grid512/threads8_batch1_run001.json,2686bbc10e9d919a8f3b91f43da6bdfc03bee3bf6a10cb6c65da02acb309eb20,results/aida-tng/L75n910_WDM3/clumping/clumping.sphere/gas/snapshot099/science-752768150fa6/execution-7f2a6ce7505e_run001.json,b953dd16eb401893d5c8a4ced47e1cef8a10e1d68f8240d9a98f49bf26a4e629,86c944853d7043b7216c56ecd44e0e2f1d7807a00e7c16e8dedfddc7cc759c08,clumping.sphere,migrated
results/aida-tng/L75n910_vSIDM/dm/power-spectrum/mas-only_both/snapshot017_grid256/threads8_run001.json,15bb4c4bbeb844492f4b2da550199dbf760846a1147b6eb6e811d7ddfcdc67ec,results/aida-tng/L75n910_vSIDM/power-spectrum/power-spectrum.combined/dm/snapshot017/science-3aa2dd63d3ec/execution-dad87b62e8e5_run001.json,3ad7e6c8e09eba5cbe43d621a4a221773f7c76dff39bf4331fbb6d719193395f,03533ba7a69e919e31c35a77e40b5c2c4d232622354d6af14d85c57814eb9043,power-spectrum.combined,migrated
results/aida-tng/L75n910_vSIDM/dm/power-spectrum/mas-only_both/snapshot017_grid512/threads8_run001.json,44fe1d6000313d6efca1815543e9bab7fe1b09d651498f08e3956c2c516ca6d3,results/aida-tng/L75n910_vSIDM/power-spectrum/power-spectrum.combined/dm/snapshot017/science-cfc68b7ca07c/execution-dad87b62e8e5_run001.json,7e0ab090a164526e6e04983dcdb2d743a20c4a968ff3501b663561558c98e02a,5018b91392e9584eb017661a515feaca68fa83202d3920ca5608869c90510bac,power-spectrum.combined,migrated
results/aida-tng/L75n910_vSIDM/dm/power-spectrum/mas-only_both/snapshot025_grid256/threads8_run001.json,d8f29da30d8c2c2ce4af39109bf01187b6d8514abd1af5d268a8074d147d6cac,results/aida-tng/L75n910_vSIDM/power-spectrum/power-spectrum.combined/dm/snapshot025/science-e986781ce898/execution-dad87b62e8e5_run001.json,25ca1384f5d0d28f07117131d35875decdea714116701e4c79ed0bb7e1237b41,c03d08115d5302aa87e893bcd720de194b7ae605614790adc43c31cb95eb477c,power-spectrum.combined,migrated
results/aida-tng/L75n910_vSIDM/dm/power-spectrum/mas-only_both/snapshot025_grid512/threads8_run001.json,8d4129fdc11e80f1db2ceab459cd9f6a3e9cc7171779688b62a9d2399306d63f,results/aida-tng/L75n910_vSIDM/power-spectrum/power-spectrum.combined/dm/snapshot025/science-754812ae0128/execution-dad87b62e8e5_run001.json,466bd69791e53f45048c59a052662bb3ddb19212526057d3fdbb4f3021c2054f,e53812e844c25dfd1116e04cf27c487a3e73cdf5103a45e6075aa211aced3d74,power-spectrum.combined,migrated
results/aida-tng/L75n910_vSIDM/dm/power-spectrum/mas-only_both/snapshot033_grid256/threads8_run001.json,a89706609e0b8dd7cf6f771c00be1bdfcece9ef9769fbe2090c4dfe3a989a3c2,results/aida-tng/L75n910_vSIDM/power-spectrum/power-spectrum.combined/dm/snapshot033/science-197dc5ed2012/execution-dad87b62e8e5_run001.json,ea34366292d8b057aaa5b25139525ed207c6c618c9252dff4d24de296b34a012,48f6d43282e290ec6cf8b54b6443ce755f4ed95535a69cb3fbb4fe22ff91c301,power-spectrum.combined,migrated
results/aida-tng/L75n910_vSIDM/dm/power-spectrum/mas-only_both/snapshot033_grid512/threads8_run001.json,e7089a6f6004236cc5934129a4678526b91c125aff0384054dba13f1078f15d5,results/aida-tng/L75n910_vSIDM/power-spectrum/power-spectrum.combined/dm/snapshot033/science-a3b6b3758a3b/execution-dad87b62e8e5_run001.json,ec25cc11fbeede87b087fdd41ca0dd2126a4a355441db7333190f181952439bf,a8bd642cbcd26509b23779348384dadda4567e363640ddf87feed06588e9441c,power-spectrum.combined,migrated
results/aida-tng/L75n910_vSIDM/dm/power-spectrum/mas-only_both/snapshot050_grid256/threads8_run001.json,bc14548c46adc8f715792d1a0384e7d7faca1ad9ac337f6388fdf691398b542d,results/aida-tng/L75n910_vSIDM/power-spectrum/power-spectrum.combined/dm/snapshot050/science-b1cc7f50620a/execution-dad87b62e8e5_run001.json,e053b6fd3b2305ec81efbaf901c61297b1d494f88ca072a4b5d634b8d6af198f,e5c99257f5d40b60b626c2787e0406985a9f1aeee363c704d9d3d10d371bcdda,power-spectrum.combined,migrated
results/aida-tng/L75n910_vSIDM/dm/power-spectrum/mas-only_both/snapshot050_grid512/threads8_run001.json,f340fc2af5f160506c58f60b85a7df99b8fd61309d54bea9d96bae5639dbaa9c,results/aida-tng/L75n910_vSIDM/power-spectrum/power-spectrum.combined/dm/snapshot050/science-3cbbc6684deb/execution-dad87b62e8e5_run001.json,d042e20b17139103654cfb8fcb44965e7d08da70ebabdb86e832e3ae1f26e2ea,69b7c4da25d5ab3450e968f92ae4c76292b449f128ef8ea411865bd4f7ed42f7,power-spectrum.combined,migrated
results/aida-tng/L75n910_vSIDM/dm/power-spectrum/mas-only_both/snapshot067_grid256/threads8_run001.json,7cd58b0a282fec383e49067c951c102f7e369cd21c5dad3a04e2074ef9fbeda0,results/aida-tng/L75n910_vSIDM/power-spectrum/power-spectrum.combined/dm/snapshot067/science-561e3985d23a/execution-dad87b62e8e5_run001.json,64893d449b40db544af9cc571a76a0b2ca8873498bef96f26e23a08c81f2e30f,1c9ad9ad95075ec93886ce2633d84bb6475f54404d7866729afee68f64b733a0,power-spectrum.combined,migrated
results/aida-tng/L75n910_vSIDM/dm/power-spectrum/mas-only_both/snapshot067_grid512/threads8_run001.json,93c824b3669cca50a869248999dbcfbe8083e9c33054afac22ecf8f86b7b062a,results/aida-tng/L75n910_vSIDM/power-spectrum/power-spectrum.combined/dm/snapshot067/science-9a7c86676a9a/execution-dad87b62e8e5_run001.json,5728bed886d2e345f8bd80a1be9833c9219f492d13605a7dd620b9d2ccc70883,27309f0e8e314fd6da279a616e3d42016ddc892f802784e01153c21f4cf7f572,power-spectrum.combined,migrated
results/aida-tng/L75n910_vSIDM/dm/power-spectrum/mas-only_both/snapshot084_grid256/threads8_run001.json,370cfcef904986e8a874b25f0f9a7ce1f7a382855b8275b33658bd4811ce831a,results/aida-tng/L75n910_vSIDM/power-spectrum/power-spectrum.combined/dm/snapshot084/science-18ebcbb91bae/execution-dad87b62e8e5_run001.json,61294fbb67bd999de561918dbab56f715426116bb0b82ba84970e21391377516,f0f2bd255a766b5ea032fab6088291cc2cb9464b91fc95b1754d99f9fe11d429,power-spectrum.combined,migrated
results/aida-tng/L75n910_vSIDM/dm/power-spectrum/mas-only_both/snapshot084_grid512/threads8_run001.json,552ad7b03e2c79b8048ee5cc2ae6eb7090d92bfb847e952785b720aa7d3e460a,results/aida-tng/L75n910_vSIDM/power-spectrum/power-spectrum.combined/dm/snapshot084/science-9f0b67582592/execution-dad87b62e8e5_run001.json,c4b3c9298556656ce2bbd4136f15b26a0c3a6d317d2ca7f0367454d825384c81,975ae9d8ec725cd080b705cd76d2d6783019b2d2ae83ffdd4b802cb76b2fc24d,power-spectrum.combined,migrated
results/aida-tng/L75n910_vSIDM/dm/power-spectrum/mas-only_both/snapshot099_grid1024/threads8_run001.json,964e96c2605e8d16e5001243531ac3ae528b02ca1ad7c84c963eb67f3222bbb3,results/aida-tng/L75n910_vSIDM/power-spectrum/power-spectrum.combined/dm/snapshot099/science-f107c8decaa3/execution-828951378904_run001.json,0b025c2c64cd0f34685fb9aac7b2dfc950764d4bd2bc21310e6566d8d1f02f13,917dc8aa1989326f97c1030fd7bd81a42a9d156c678367670300fd77df6358be,power-spectrum.combined,migrated
results/aida-tng/L75n910_vSIDM/dm/power-spectrum/mas-only_both/snapshot099_grid256/threads8_run001.json,babe7f45f29d9e1258928efdb5885ac588b72a9aba3eaf693598027123a78053,results/aida-tng/L75n910_vSIDM/power-spectrum/power-spectrum.combined/dm/snapshot099/science-603537fdfba7/execution-828951378904_run001.json,0c100c1f364e51860383ea0fa195152a77bd84dd0b7545856e274dd0f045a95f,920c7d9c2673a4cc3bbc18622bb95389574da0098b38509229d4a2aff9be2abd,power-spectrum.combined,migrated
results/aida-tng/L75n910_vSIDM/dm/power-spectrum/mas-only_both/snapshot099_grid512/threads8_run001.json,ebe7e81273f15dc5667825ce53c40057e52fa4acadbc2877419a8be941926fe5,results/aida-tng/L75n910_vSIDM/power-spectrum/power-spectrum.combined/dm/snapshot099/science-b3b86e7d6161/execution-828951378904_run001.json,eff5eb9af1ff8fdff40ed12509217c0a618f2d80b7aa7b0765f3c88fe54a7531,f2e189e9fd77b41d6300aa77461f047374d6e511955beab30018ba37c6fb88c0,power-spectrum.combined,migrated
results/aida-tng/L75n910_vSIDM/dm/power-spectrum/smoothed-cube_both/snapshot099_grid1024/threads8_run001.json,fa9897fd88d03c0e0cb18deb9d0f5b6213f404181779c680f7ea98049e4e8b88,results/aida-tng/L75n910_vSIDM/power-spectrum/power-spectrum.combined/dm/snapshot099/science-701435c8fdf6/execution-97bb77bc24f0_run001.json,42d83206cf2ca8900967f0de1b2ab54b0e87e638f6783ba0fbbd508c8c458062,7967746d776cef720a6ae89730fd852ae1f6764959ad3f640a6c3db379ab4559,power-spectrum.combined,migrated
results/aida-tng/L75n910_vSIDM/dm/power-spectrum/smoothed-cube_both/snapshot099_grid256/threads8_run001.json,8a169b584d47ed7d52c807acfddb32ab607d10173cfa6d4208095f93bc292771,results/aida-tng/L75n910_vSIDM/power-spectrum/power-spectrum.combined/dm/snapshot099/science-67cc4c80056c/execution-97bb77bc24f0_run001.json,6ee75ba84c534d57d86cc344ab71a0515a6fcb1a923ae68550cb49b81a7af6a7,c74b1d601cc26d539950cecc16ff142d1a4e51f3e495713eeee026d1b503437d,power-spectrum.combined,migrated
results/aida-tng/L75n910_vSIDM/dm/power-spectrum/smoothed-cube_both/snapshot099_grid512/threads8_run001.json,4580dcc426e3d24449753cf0396bb01e8f7242ea36c6a730547945d5168e678e,results/aida-tng/L75n910_vSIDM/power-spectrum/power-spectrum.combined/dm/snapshot099/science-e7d6e711a06e/execution-97bb77bc24f0_run001.json,ad6bbcd464ed8ebe0829353bca58c5cc6e3b17ebb3a23f4de227d0b5b5d63a1a,2cb74b5974032f373217cb140b11710ed34586eb63dd1c8ac90ac968d03248c2,power-spectrum.combined,migrated
results/aida-tng/L75n910_vSIDM/dm/power-spectrum/smoothed-pylians_both/snapshot017_grid256/threads8_run001.json,b25025212995a01d771067dee5d0a21e6748973db5ed4d0cab0c324fd25a85a1,results/aida-tng/L75n910_vSIDM/power-spectrum/power-spectrum.combined/dm/snapshot017/science-2d8b71592d12/execution-9c0eeb45174c_run001.json,ca8f60a3b0d71a63b7876300a4e236ba1fe1a21737eac8f0bca860c59bcc98df,c870d7e7701bb84647fc88df7934f9c0274f29faf8f3b3369aec25f1548ae2d7,power-spectrum.combined,migrated
results/aida-tng/L75n910_vSIDM/dm/power-spectrum/smoothed-pylians_both/snapshot017_grid512/threads8_run001.json,8a5c79c20b80aba92f5577c760b269dc302d63d327252e158bbd873fc48144f2,results/aida-tng/L75n910_vSIDM/power-spectrum/power-spectrum.combined/dm/snapshot017/science-bf77d55a7061/execution-9c0eeb45174c_run001.json,f52e596b4ff040b9f987296549a3e124754a6fd19aae81bde55d97671d1b2de4,dcd0fb69adcedb23ee26650ec89d8749c3853d28a7fb6d2a7f925a2900c6bbc3,power-spectrum.combined,migrated
results/aida-tng/L75n910_vSIDM/dm/power-spectrum/smoothed-pylians_both/snapshot025_grid256/threads8_run001.json,52983f8479bd92fc0810591c6dc0688fc0f225124cf67ea7ca854c324dd0868f,results/aida-tng/L75n910_vSIDM/power-spectrum/power-spectrum.combined/dm/snapshot025/science-a9e0cbf54d60/execution-9c0eeb45174c_run001.json,d44379627bf5bc1e3a259e5d4ba8efa48fad4bba4527cd38f55cd88b3c0fa812,e5660bc7638f718156c521720cd8d349618e055b00cd37600797f4db1595c71d,power-spectrum.combined,migrated
results/aida-tng/L75n910_vSIDM/dm/power-spectrum/smoothed-pylians_both/snapshot025_grid512/threads8_run001.json,59f18f8a9025a9c18e14687e73e964952068a3e23a35d6c719d0e9dd2658b608,results/aida-tng/L75n910_vSIDM/power-spectrum/power-spectrum.combined/dm/snapshot025/science-62490a2a6dac/execution-9c0eeb45174c_run001.json,b70a0a229b9d5b15564d450203110c066434e12bca45a07adf934ca0bc1dec65,3cd6d62ee2007b2e521ca82fa0e493e7524188228319b8160bce31e1a1039b0b,power-spectrum.combined,migrated
results/aida-tng/L75n910_vSIDM/dm/power-spectrum/smoothed-pylians_both/snapshot033_grid256/threads8_run001.json,00f1b8ff10c8e1b9f07d62237f1f89537f7ad5848c8fa9d52aa2317b8c37884d,results/aida-tng/L75n910_vSIDM/power-spectrum/power-spectrum.combined/dm/snapshot033/science-8b4d337c83a5/execution-9c0eeb45174c_run001.json,ef836b9716ecf8679b79a782d581ef9d81f901b1c5acb7f1f1a5257258c3b66a,002a98df55d239f1a5cb3f1b67dc71e411d17fbaf19b615a81d60e28008b2323,power-spectrum.combined,migrated
results/aida-tng/L75n910_vSIDM/dm/power-spectrum/smoothed-pylians_both/snapshot033_grid512/threads8_run001.json,8a3d8bd142e16126c9aaf5e536fc2f941e97ffb7d362db149c5bf4fa6899d8d9,results/aida-tng/L75n910_vSIDM/power-spectrum/power-spectrum.combined/dm/snapshot033/science-06c372521844/execution-9c0eeb45174c_run001.json,ce59cb9ce25189facd42ab39412a8040e5b5d606df8dbd03c94bf145fcdae21f,5bfa51e7d06eb983db167c3a2f9f05abf38054e392f68a07cbd0e5c3adce31d7,power-spectrum.combined,migrated
results/aida-tng/L75n910_vSIDM/dm/power-spectrum/smoothed-pylians_both/snapshot050_grid256/threads8_run001.json,d0dbcee27b5b03b164527bfda3bef7f1d623ba2603fa8ff9d4e860972db548c2,results/aida-tng/L75n910_vSIDM/power-spectrum/power-spectrum.combined/dm/snapshot050/science-40d2802cdd5b/execution-9c0eeb45174c_run001.json,fcacaebd7c576891124c140d8db05e3f3ee05a303e22588455b4f37069e802f1,0f2708c7a83c30c7f3aaca0d146c24330dfaa7460c95141e70ec3a5ecc005a7e,power-spectrum.combined,migrated
results/aida-tng/L75n910_vSIDM/dm/power-spectrum/smoothed-pylians_both/snapshot050_grid512/threads8_run001.json,6559412780c72f43925cf6df33b854e66a4825bb0d2abcde76d76722fc596b98,results/aida-tng/L75n910_vSIDM/power-spectrum/power-spectrum.combined/dm/snapshot050/science-eaf97c1a6fba/execution-9c0eeb45174c_run001.json,83068efde6e54ba214a2f97f69e6619542cdae4b8250d5fa9dca55829cb19487,482367d2027d5c3a9486395474e8d24eaa93363c5abf8e84917d13f7e225307b,power-spectrum.combined,migrated
results/aida-tng/L75n910_vSIDM/dm/power-spectrum/smoothed-pylians_both/snapshot067_grid256/threads8_run001.json,5442f0ab3e3d04c932d7168756c7c308ff71c013b4f7731426c52972b2f930c0,results/aida-tng/L75n910_vSIDM/power-spectrum/power-spectrum.combined/dm/snapshot067/science-5fd761d634ab/execution-9c0eeb45174c_run001.json,5c47ef800bc9d052c0815ce7654e93b313732bf4135ef02ab8eb8f740d2c3be9,8a338737a9eb49c20058b9b98fe9aba6b598ad6fbca294f3611ea90106d099a1,power-spectrum.combined,migrated
results/aida-tng/L75n910_vSIDM/dm/power-spectrum/smoothed-pylians_both/snapshot067_grid512/threads8_run001.json,eeb10aa1bdae8a064f8eba05f98064de36d2a962c20c2e4be2792b73934d4358,results/aida-tng/L75n910_vSIDM/power-spectrum/power-spectrum.combined/dm/snapshot067/science-74987cd512fb/execution-9c0eeb45174c_run001.json,3fdbb7133194befed981d92dcaccade23a5a166ecb482970a9a78ece3b8be2d8,4305bbf360efbec1a52139962ffed7f483acedaa80597925f801a50619143ac1,power-spectrum.combined,migrated
results/aida-tng/L75n910_vSIDM/dm/power-spectrum/smoothed-pylians_both/snapshot084_grid256/threads8_run001.json,0e8d5ef3d4af4547d5135e37ed03e80a5d06fa022638789c38ab6edc91b41c56,results/aida-tng/L75n910_vSIDM/power-spectrum/power-spectrum.combined/dm/snapshot084/science-46e47facce74/execution-9c0eeb45174c_run001.json,5e48aba2bee1c109c37ea8f917bedc0306abab6c2e4bb04d8279a3f8ce8f3d37,914d27fcb89fba5dbff05e414f0d24c8dba50e361656aceb79cb11a0f0b0e66c,power-spectrum.combined,migrated
results/aida-tng/L75n910_vSIDM/dm/power-spectrum/smoothed-pylians_both/snapshot084_grid512/threads8_run001.json,38ba4fc54006986f725ac597d780f79ecda08ff0f7312e0e304a2300e0d35773,results/aida-tng/L75n910_vSIDM/power-spectrum/power-spectrum.combined/dm/snapshot084/science-5a098e2dd713/execution-9c0eeb45174c_run001.json,8cf9b0e041fc0e00ce2b46caf32290628eb7c5a4bbe735c66a4d543568cdd043,c16509b2d4da71f43842604309e2ae109d30817ee5d9e30fb67745fc69902763,power-spectrum.combined,migrated
results/aida-tng/L75n910_vSIDM/dm/power-spectrum/smoothed-pylians_both/snapshot099_grid1024/threads8_run001.json,5151f99a5a38a35d26718f6cdc785709e3358c3f179b2afba3b3b5caafb87e09,results/aida-tng/L75n910_vSIDM/power-spectrum/power-spectrum.combined/dm/snapshot099/science-5c4a649037a4/execution-97bb77bc24f0_run001.json,002a62beab114436cb38a5457f253a6acfbc6455af111da1fea7bf02dfcf7345,920ed437277a3a2a34f8a2e05c18b34d7299bd2f734d551ee6890c9840664e2b,power-spectrum.combined,migrated
results/aida-tng/L75n910_vSIDM/dm/power-spectrum/smoothed-pylians_both/snapshot099_grid256/threads8_run001.json,aec0e19244b846d608fa20a4d69338fd5ab8bb402f833f34d7eb19544f71dec0,results/aida-tng/L75n910_vSIDM/power-spectrum/power-spectrum.combined/dm/snapshot099/science-be185514f89a/execution-97bb77bc24f0_run001.json,da3ebeede630c688e0ed09b6ac96b14c8dfa2c6f2613cddd25887f5718630fe3,4e23631349b7e2cde616b7c99d2c3a56e3c9eba8b1382877f384c54b91e454c6,power-spectrum.combined,migrated
results/aida-tng/L75n910_vSIDM/dm/power-spectrum/smoothed-pylians_both/snapshot099_grid512/threads8_run001.json,e9bb160f2e0155e80bc84c5c74a1b0b1b930311955dfbd6b5c0bd6e9b7c08165,results/aida-tng/L75n910_vSIDM/power-spectrum/power-spectrum.combined/dm/snapshot099/science-dc9c8077f26b/execution-97bb77bc24f0_run001.json,9b301384ca1ec9a7669f669859d7c67c88b24fd44fef17e9978dc47a361eba5a,ccb666fcdabfc531c57fa8a3af3b265b9fb3398d41360da1265757db3fe1562c,power-spectrum.combined,migrated
results/aida-tng/L75n910_vSIDM/dm/power-spectrum/smoothed-pylians_pylians/snapshot099_grid1024/threads8_run001.json,aef2abec52c20f4fa94e3aece81b779591b66bf4ac979d87fb1d10128f003900,results/aida-tng/L75n910_vSIDM/power-spectrum/power-spectrum.pylians/dm/snapshot099/science-8cd8fb0e9ea9/execution-97bb77bc24f0_run001.json,6d0fb0a0b380a8f0098e39974d5e9877e65a28fedcf237a71a9be82bcc139ce1,7f2aaa3865d4f5a4dcb1e87f07e068ccbdfd368853006ea5a2003b18d5be9ef3,power-spectrum.pylians,migrated
results/aida-tng/L75n910_vSIDM/dm/power-spectrum/smoothed-pylians_pylians/snapshot099_grid256/threads8_run001.json,af5982de8e8e4dbc45b8093533f57a591c5603acfadc08e3ff123022077e5d03,results/aida-tng/L75n910_vSIDM/power-spectrum/power-spectrum.pylians/dm/snapshot099/science-215949b437e5/execution-97bb77bc24f0_run001.json,2fb822cefd4b031404eb0c75e2ce3db12b0bbacb5c2e12422f1c31f27af431cb,0bbc4c0196d3fb0eede7d342b49acac536b27be8a99268e0635ba14741423d3e,power-spectrum.pylians,migrated
results/aida-tng/L75n910_vSIDM/dm/power-spectrum/smoothed-pylians_pylians/snapshot099_grid512/threads8_run001.json,3084ad986fe010347bb0798783c23d586200de0cc27350ecda3a969bc6f10662,results/aida-tng/L75n910_vSIDM/power-spectrum/power-spectrum.pylians/dm/snapshot099/science-7b8b50b620c8/execution-97bb77bc24f0_run001.json,f31797bdcdd917f7c07de646692c104ebd9fb41070d1a56f0f297fec5fc13832,c5f951297a91866e98ab9fa9ac75363c3a62b76e904fa85f499a5deb8dfe65ae,power-spectrum.pylians,migrated
results/aida-tng/L75n910_vSIDM/dm/power-spectrum/smoothed-sphere_both/snapshot017_grid256/threads8_run001.json,5132c551c58da1f2c39611acc90701b3096fc2560357a89a639a6a8b3e3144ef,results/aida-tng/L75n910_vSIDM/power-spectrum/power-spectrum.combined/dm/snapshot017/science-9a579d0defde/execution-9c0eeb45174c_run001.json,96254224f66b2eb832846c71c0b491047a6a85ff2f91244d0aa8dcddb8b33568,99c322903f1d968c6c4dc2cce4d0ca242bf1fba8891269a867284312b4b92ad9,power-spectrum.combined,migrated
results/aida-tng/L75n910_vSIDM/dm/power-spectrum/smoothed-sphere_both/snapshot017_grid512/threads8_run001.json,99f4d3289eccc8b7cc89db87eaee4312e11add1e15bd889761b4ca1e6734682b,results/aida-tng/L75n910_vSIDM/power-spectrum/power-spectrum.combined/dm/snapshot017/science-e4254a934bf8/execution-9c0eeb45174c_run001.json,7544c6baea5d4a38d7b55a8edb23f8c8de0def2215114d01fb01d95243a5c23a,cff84cd620a278b5aeac2626c6b40e7e1b5119ddd1deb176fc7040ba8132ed90,power-spectrum.combined,migrated
results/aida-tng/L75n910_vSIDM/dm/power-spectrum/smoothed-sphere_both/snapshot025_grid256/threads8_run001.json,355339128392ac221181a2b65f5081e8c7f27bb4da0cd7a6e2ca1f16f038163b,results/aida-tng/L75n910_vSIDM/power-spectrum/power-spectrum.combined/dm/snapshot025/science-0a0ae19e2ab4/execution-9c0eeb45174c_run001.json,ba3699b978df1a42b7757e51dd7646342634e89c33da2dcd5c948d5b207afc85,a8636570b2b3f5c146457acf48d646a5414911c2285ba286d1525727bfcdc4d2,power-spectrum.combined,migrated
results/aida-tng/L75n910_vSIDM/dm/power-spectrum/smoothed-sphere_both/snapshot025_grid512/threads8_run001.json,85bd75742eb141eb61d75b59a2c331ec5be491d9511565a9c4e6b372a166ac84,results/aida-tng/L75n910_vSIDM/power-spectrum/power-spectrum.combined/dm/snapshot025/science-85b49b045b5d/execution-9c0eeb45174c_run001.json,a3e09cd627f9e5ed62f55f1ce4c984688b09e1879b2544944a82069c099b2167,fd978ea1cf8549fe3d1470e8e07454922d9b793afa06b6c14096be3f9aa57db1,power-spectrum.combined,migrated
results/aida-tng/L75n910_vSIDM/dm/power-spectrum/smoothed-sphere_both/snapshot033_grid256/threads8_run001.json,0094974257169371dd969a9ca5c24bfd2d1762642d138880b9b701131cc7c64e,results/aida-tng/L75n910_vSIDM/power-spectrum/power-spectrum.combined/dm/snapshot033/science-4564dc217fed/execution-9c0eeb45174c_run001.json,7d5a05e9258b7a133f3a021009c342ad96bc1bc82eb3b07781a9083f90364869,4158cb2459a51dd13aeb60b345f3f8807735485b441f40f90372d84ef73df87b,power-spectrum.combined,migrated
results/aida-tng/L75n910_vSIDM/dm/power-spectrum/smoothed-sphere_both/snapshot033_grid512/threads8_run001.json,f3cc91a593cd474bcefeff3ae38e9927230becb70da634a451165b0c31f730d4,results/aida-tng/L75n910_vSIDM/power-spectrum/power-spectrum.combined/dm/snapshot033/science-b4a23f2332b4/execution-9c0eeb45174c_run001.json,a4f8fc8d5f4ee182ecde9c110ea44256f929d95e5296c509c3584d752fa8d94b,56606b469421270ea9ac842f00bf2330a6b5e0941504fc368185904ca6910077,power-spectrum.combined,migrated
results/aida-tng/L75n910_vSIDM/dm/power-spectrum/smoothed-sphere_both/snapshot050_grid256/threads8_run001.json,956a5cb8e2b9183e8706a1ade76aecba37de9c46b0eae09b3b79e2f32e615a28,results/aida-tng/L75n910_vSIDM/power-spectrum/power-spectrum.combined/dm/snapshot050/science-f7420f20b09b/execution-9c0eeb45174c_run001.json,34652b7d50944355fa54becb3d6d936099c4bc00815698e8c3869360b8451761,5efe7dad0bba8833cb16d43b45af789d633e455001c333e335587e4fab242916,power-spectrum.combined,migrated
results/aida-tng/L75n910_vSIDM/dm/power-spectrum/smoothed-sphere_both/snapshot050_grid512/threads8_run001.json,b7982da48aaed487e1b7b4a637cafb2227c79870dc5c0eb0a45a44ed6c6d000f,results/aida-tng/L75n910_vSIDM/power-spectrum/power-spectrum.combined/dm/snapshot050/science-74d10c4647ed/execution-9c0eeb45174c_run001.json,0319ca8b43a395c4d1ac38caa6a858fc388d9f13dafe4617919ff39a90dfc173,e800417297021a76b8515d770d637f460e49377dddc54273ae94b509930a1c87,power-spectrum.combined,migrated
results/aida-tng/L75n910_vSIDM/dm/power-spectrum/smoothed-sphere_both/snapshot067_grid256/threads8_run001.json,f65cc9f20a7ec5662b5bd3adadc15e1412aa4acb9f9cb5dba64016ffdc8c677a,results/aida-tng/L75n910_vSIDM/power-spectrum/power-spectrum.combined/dm/snapshot067/science-e4f4e5c1ae85/execution-9c0eeb45174c_run001.json,c3f8a1079da97daeba36360728a02d8b85392e30fead5abd3d5c23e268d6d444,8c72d0dd9003a90837dd19824adc052b9c3f37a4affb212ba0dbdc7936d30486,power-spectrum.combined,migrated
results/aida-tng/L75n910_vSIDM/dm/power-spectrum/smoothed-sphere_both/snapshot067_grid512/threads8_run001.json,934f363259691917370ff5b9faa0089f950a3e709485b2b528c84a6380007efe,results/aida-tng/L75n910_vSIDM/power-spectrum/power-spectrum.combined/dm/snapshot067/science-d07d42009f9f/execution-9c0eeb45174c_run001.json,bafeb6f79254810d90f24f5f27963bda220ad81b9e7db500cd587d5d256a4d60,88a119831cb23b3123f338cf08ce47fbb980d07620f5057c7a6840bdc248b707,power-spectrum.combined,migrated
results/aida-tng/L75n910_vSIDM/dm/power-spectrum/smoothed-sphere_both/snapshot084_grid256/threads8_run001.json,097eb03a2011ed8b0c7086100523805d5f7754674ad71d74ee86a3f5f279a1b5,results/aida-tng/L75n910_vSIDM/power-spectrum/power-spectrum.combined/dm/snapshot084/science-444f4a958a89/execution-9c0eeb45174c_run001.json,aaec465d2a9c43129a17d970a5c6593b648cc8299aca79d9f4f236f303a587a0,c7c80eb980767b0ab8bd4b46d036214044026b36b01f42bb8de0b0c2ccbb6d59,power-spectrum.combined,migrated
results/aida-tng/L75n910_vSIDM/dm/power-spectrum/smoothed-sphere_both/snapshot084_grid512/threads8_run001.json,7dcfa57159b2d01db22ec4e4261de035391b75de2b6a5915a1c27065a15f261e,results/aida-tng/L75n910_vSIDM/power-spectrum/power-spectrum.combined/dm/snapshot084/science-19589510b539/execution-9c0eeb45174c_run001.json,49c0bad8d970c26604245e9e90dc1561f25ba3800c089b6968ca0b2dd5d61ab3,5d1f8e3b4a278e2336bd7c061d28cf5112611bdbb8bf74003470957de6c7d561,power-spectrum.combined,migrated
results/aida-tng/L75n910_vSIDM/dm/power-spectrum/smoothed-sphere_both/snapshot099_grid1024/threads8_run001.json,4c24ab88b128b8fff2cf8105c62618bf4c5f62049b53d0c914d26ebe33b368ca,results/aida-tng/L75n910_vSIDM/power-spectrum/power-spectrum.combined/dm/snapshot099/science-37f7bd93f858/execution-97bb77bc24f0_run001.json,1e0cbc9a9661a494c15461cf7115927e9ae278724e864fbd23df828e270be625,8e982e836ad08de1e1cefd30731228c6028f0c70308259c200120471753bbaf2,power-spectrum.combined,migrated
results/aida-tng/L75n910_vSIDM/dm/power-spectrum/smoothed-sphere_both/snapshot099_grid256/threads8_run001.json,9088bbea2a9cee6769f77003d04c5139b2699e666da320a75eb07693d72e5373,results/aida-tng/L75n910_vSIDM/power-spectrum/power-spectrum.combined/dm/snapshot099/science-f64a74e49b6a/execution-97bb77bc24f0_run001.json,c1a0225b0f187da11f649a41974ca0c1944d2859f4341b1dba4573809f1d29db,42adbccc01e2c8826621a6e0b2c1fa8edb20d9c5c6deb5a5177ab3fa0fdb1bce,power-spectrum.combined,migrated
results/aida-tng/L75n910_vSIDM/dm/power-spectrum/smoothed-sphere_both/snapshot099_grid512/threads8_run001.json,ff5e89c62a9fe0ba8c9d116f756c9526d5bb2a7367b4e139d2b7ed6092554e9f,results/aida-tng/L75n910_vSIDM/power-spectrum/power-spectrum.combined/dm/snapshot099/science-82676f06e276/execution-97bb77bc24f0_run001.json,f70e91f13aab5aafe0fa211cd2c3becb4536cb6d15a3ad6ad210f21958b9ac10,424e7ab38db0f7ec6581ad37e13ca436e1a1e4e885f7e19f843b823f6e2a242e,power-spectrum.combined,migrated
results/aida-tng/L75n910_vSIDM/dm/pylians/snapshot017_grid256/threads8_batch1_run001.json,34403d11d62e11e5561b579063c5ac17b7ae61d852d2773646bab9a2e36ca30c,results/aida-tng/L75n910_vSIDM/clumping/clumping.pylians/dm/snapshot017/science-f4267aebae90/execution-cd9ea581b7f7_run001.json,7838d8cba95624df2768c2681a948f025732b636cd827c086dfd04508e681637,f4eb7a863e350b37fdac2d40a12f20f4b7e505b8040dc7c921c90f79b9d93c25,clumping.pylians,migrated
results/aida-tng/L75n910_vSIDM/dm/pylians/snapshot017_grid512/threads8_batch1_run001.json,0324763c58cfd78bb56478d587df809b0698f0114155203181824117ee8bebeb,results/aida-tng/L75n910_vSIDM/clumping/clumping.pylians/dm/snapshot017/science-ecb82113bc04/execution-97fe92315af2_run001.json,4cd039ddcc8c22b35de1f21183181c3b7afcd76fede3d019843e8d66ccf0b52e,9c4be1e89b3528de15a4bf4d00f53eca0f13449bbf31b170e2b0f74f3c786e99,clumping.pylians,migrated
results/aida-tng/L75n910_vSIDM/dm/pylians/snapshot025_grid256/threads8_batch1_run001.json,1e2ef47145dd585c6f0135999a66f521e72fd5c78772365ceb1f0381309244bb,results/aida-tng/L75n910_vSIDM/clumping/clumping.pylians/dm/snapshot025/science-0b52131decdc/execution-cd9ea581b7f7_run001.json,f16452e9b99370aa75ed628fb89aed8e6da9f6a775ee42509254754e523ead5c,598dd33be7a77795fd10eeb0e7a829a34ca98919d33e028ac3549661d54c251e,clumping.pylians,migrated
results/aida-tng/L75n910_vSIDM/dm/pylians/snapshot025_grid512/threads8_batch1_run001.json,21977c55295bad27be568f1e2e9f4f43c88393c2adbb62f4a3128f5aedc0c745,results/aida-tng/L75n910_vSIDM/clumping/clumping.pylians/dm/snapshot025/science-dfec678f6130/execution-97fe92315af2_run001.json,0fe547ba55ab65e361c2f497983430c6869008bab967be5ce3466039826fffce,349ae38ca26de992aede80b43e17b15b352ab92454b518e249f086d442648de4,clumping.pylians,migrated
results/aida-tng/L75n910_vSIDM/dm/pylians/snapshot033_grid256/threads8_batch1_run001.json,5064111dbd2fad6fcae0efba7d4ccff0c17337854e341826d3ab5c44e121e3ab,results/aida-tng/L75n910_vSIDM/clumping/clumping.pylians/dm/snapshot033/science-8750f5d861d4/execution-cd9ea581b7f7_run001.json,be177c8c646a531a4f7025c83bd3c1ef12307f9cd50cb3f5f4cc87be16f0a2cb,97e54aaeb40fbec8bf08934bd43a3952dae3aa8f7b76bd9c70dbfb810333b96e,clumping.pylians,migrated
results/aida-tng/L75n910_vSIDM/dm/pylians/snapshot033_grid512/threads8_batch1_run001.json,e3a44df29377e17cef71e2ead3b396b717e87bf147c20a47d5246123b92d0f21,results/aida-tng/L75n910_vSIDM/clumping/clumping.pylians/dm/snapshot033/science-5817ff53b53c/execution-97fe92315af2_run001.json,2f4ee71b1a8287e695cded25f67b7fd6deb0ae617cb85d223687cb4f7729a1a5,4e5a96c4799e54ece8a025f11134ab4927ef7f2c380b85187ea681093da7fc2b,clumping.pylians,migrated
results/aida-tng/L75n910_vSIDM/dm/pylians/snapshot050_grid256/threads8_batch1_run001.json,835bf737ec639240ea013fdc978e17cbe02adb0e8c2cb528c492e9c3790402ad,results/aida-tng/L75n910_vSIDM/clumping/clumping.pylians/dm/snapshot050/science-37f495b6afb1/execution-cd9ea581b7f7_run001.json,c5ecc94d6397b2f7189108ff086fa6747dfe286f9ac0b6d062f5b272e3513be4,9d0c566a0ad381a7bd727a7e6623e31afe9c8f04530e3da8e112ed6c4696a70b,clumping.pylians,migrated
results/aida-tng/L75n910_vSIDM/dm/pylians/snapshot050_grid512/threads8_batch1_run001.json,e079a21cb5b837d1a1d52e260a088ae491a149a2cf39322d3ad101e7184da3dd,results/aida-tng/L75n910_vSIDM/clumping/clumping.pylians/dm/snapshot050/science-7027220e2cb3/execution-97fe92315af2_run001.json,7270a3aa97174349045fd369288453f75a81d2dfea68f01794c67e731fe427af,754e0eed93dd298567c1559e98be7adb3cf4498143cf395e338f5add60954dcf,clumping.pylians,migrated
results/aida-tng/L75n910_vSIDM/dm/pylians/snapshot067_grid256/threads8_batch1_run001.json,7ec096cdd4d240418a0c4dce28ae956c851132e07c5062c4c7be5729a3c14154,results/aida-tng/L75n910_vSIDM/clumping/clumping.pylians/dm/snapshot067/science-86975aea5fa6/execution-cd9ea581b7f7_run001.json,45c111d6c525a79b2be95436627a147a543c04923e067fddff9f9fa9cba79ac3,a564369f9f15facd473bc9cadeaf0c8ea3ca991fbefd002465a8ab8414b998f7,clumping.pylians,migrated
results/aida-tng/L75n910_vSIDM/dm/pylians/snapshot067_grid512/threads8_batch1_run001.json,171c9f00017873f06d87be52a096fbee9b8b5d7f15727fc67658daf0f9b7f123,results/aida-tng/L75n910_vSIDM/clumping/clumping.pylians/dm/snapshot067/science-c9f28f1770b0/execution-97fe92315af2_run001.json,e7602b903977034f4a7a89728cd157fff7ceacad77b2d51510b6dd147fc424eb,2fdec8cdff4f3f1be1f769149cda5cca363ea6ec5bc329b6b275d887bb021b53,clumping.pylians,migrated
results/aida-tng/L75n910_vSIDM/dm/pylians/snapshot084_grid256/threads8_batch1_run001.json,bfb7477e3412de6ab5fb169e79622184dacc5e78a8c15abbd470c9840f7a139a,results/aida-tng/L75n910_vSIDM/clumping/clumping.pylians/dm/snapshot084/science-278aed7e3422/execution-cd9ea581b7f7_run001.json,9ef9ac4b0d31171b8b94be86cbd7c510871aacf12b85ee79700dda938c07f6e4,51adef89d00cfcc45f8b55acbcb8964b3e3f88e04e2dbff853d9ef2a93bd526a,clumping.pylians,migrated
results/aida-tng/L75n910_vSIDM/dm/pylians/snapshot084_grid512/threads8_batch1_run001.json,56c1b1b8e8727d3ad76850da0fb178144c9213b7fd3b09d2d721862517989394,results/aida-tng/L75n910_vSIDM/clumping/clumping.pylians/dm/snapshot084/science-eed70e4652e3/execution-97fe92315af2_run001.json,52f73afbe7ecc1fd5c33f2312b3c6dad4c91d26aea6be02670a7481c03378b9b,018a9c79fa10c130766969d365b99ce697127e18210acef99fb566bf76a4f641,clumping.pylians,migrated
results/aida-tng/L75n910_vSIDM/dm/pylians/snapshot099_grid256/threads8_batch1_run001.json,cf12ac152f5ede11dab45dc9165cdd1d925981bd58816aaa82aae2976f64f0a2,results/aida-tng/L75n910_vSIDM/clumping/clumping.pylians/dm/snapshot099/science-6bb8e7143201/execution-cd9ea581b7f7_run001.json,584a1b8c96892ae88438530087eb67bdce8fcfcac64e6d9a6f3d7b0b119945cc,5afb90fe9beeacb917571cd654d652b46ab579b2db926db58d9bfc7bdee26ab1,clumping.pylians,migrated
results/aida-tng/L75n910_vSIDM/dm/pylians/snapshot099_grid512/threads8_batch1_run001.json,8c05e936b1830683ffe053c60cd245acd378df7ae91723613105c3c520a262a7,results/aida-tng/L75n910_vSIDM/clumping/clumping.pylians/dm/snapshot099/science-6400f8c1df10/execution-97fe92315af2_run001.json,c3d37d2d8f5be05d57a37f5a1e9662228a57d15269348b1292506a516ff7e7b5,5948581888c6a3f1f470d333d5374ee96ebc5484baf025813f28f0d384ef93bb,clumping.pylians,migrated
results/aida-tng/L75n910_vSIDM/gas/cube/snapshot017_grid256/threads8_batch1_run001.json,58ca5f45419115e6a1249ba967f137c75789e66c5f8891f3c38513ec12bc846a,results/aida-tng/L75n910_vSIDM/clumping/clumping.cube/gas/snapshot017/science-2e4a93f24b1e/execution-97fe92315af2_run001.json,f3f22f08a7b899c11b8d0e5e4787c87be25d7eb30baa17221e913fdf764c8ab0,a70dcb87d385c9453fd01f6685e089c0819287cb887084c11b963aecde84577c,clumping.cube,migrated
results/aida-tng/L75n910_vSIDM/gas/cube/snapshot017_grid512/threads8_batch1_run001.json,884adfe701a3572bceb79207e7e0d6fb14c03d78aaa7c22faace981e14d29f76,results/aida-tng/L75n910_vSIDM/clumping/clumping.cube/gas/snapshot017/science-26305672a10a/execution-7f2a6ce7505e_run001.json,66804aabe74fbd56798550e0567e4d10284d3c6eba63cbb365c0acf582297240,b7a37ea378317e5b50ea5d97c364cadf6715cb926b660a3b949c482fa03a272b,clumping.cube,migrated
results/aida-tng/L75n910_vSIDM/gas/cube/snapshot099_grid256/threads8_batch1_run001.json,8605b00c2e7859c4b9dbbfbcce73178ee8d3117c3d6c9c52ccda119fc08b9bbc,results/aida-tng/L75n910_vSIDM/clumping/clumping.cube/gas/snapshot099/science-ff381e3278e1/execution-97fe92315af2_run001.json,3cee140caf79f04f87163f3b97581b690094c54bee630e6bfce8e71483b252c5,2b0d7e013b44132ef6dee6991b42a609b6c99a3c5bd707cbb9e2b2c2c9385536,clumping.cube,migrated
results/aida-tng/L75n910_vSIDM/gas/cube/snapshot099_grid512/threads8_batch1_run001.json,6207ea8ed96207fca94532892c79501a4a6f9d146e1154aaa61218fadd8d8041,results/aida-tng/L75n910_vSIDM/clumping/clumping.cube/gas/snapshot099/science-d7fc762f7f7a/execution-7f2a6ce7505e_run001.json,e92a40d7b220dbee6fffa17dccb33b11f89dc90bd4ce7687ecf7020a3678de04,15101ab864124dccefb7eaa6cbfccb8bd6adc77a4e41bdb30bcf2e2eb9334e29,clumping.cube,migrated
results/aida-tng/L75n910_vSIDM/gas/ionized-sweep/snapshot017_nogrid/threads1_batch1_run001.json,61ec5a7afeb10e81fcbccea5cc1510db4ed29fe3728df129ec760841079eab86,results/aida-tng/L75n910_vSIDM/alternative/alternative.ionized-sweep/gas/snapshot017/science-954d63724d6d/execution-58def760728d_run001.json,e227df7d92f389ce708667b568bb773167086024193a37b22b9e31fcad5c9a79,d2e1d0842b61db5d1d7a92a07a8d0419ee2d27310a8635ad12348304a1dccbd4,alternative.ionized-sweep,migrated
results/aida-tng/L75n910_vSIDM/gas/ionized-sweep/snapshot099_nogrid/threads1_batch1_run001.json,1b2b4162315fce4820c7e54c86fb4743a4aced259c8065048b6684ac94b5bced,results/aida-tng/L75n910_vSIDM/alternative/alternative.ionized-sweep/gas/snapshot099/science-954d63724d6d/execution-58def760728d_run001.json,de5427b7cc32ceaddef4eb187e33e369d2f62fc8631b03bf8b3a765b03d27f28,61c7dc893b6c761212294fc76fc166d8cc7abd1953db74d8a7752452555f5602,alternative.ionized-sweep,migrated
results/aida-tng/L75n910_vSIDM/gas/power-spectrum/mas-only_both/snapshot017_grid256/threads8_run001.json,51e80edda79b6fc9af80998fda7c0db10daa731350a0af5615b51a058ce2c21a,results/aida-tng/L75n910_vSIDM/power-spectrum/power-spectrum.combined/gas/snapshot017/science-0db1e88d0cb7/execution-dad87b62e8e5_run001.json,5d53e62eda76ac5392ea2feb824b8e618d51a6625e19b0ac36325dd42c2e09a9,0bb4cbab88ca06de102ca4d274a306a4f412201f8a3fb6fb1f1e19b410e0ddd7,power-spectrum.combined,migrated
results/aida-tng/L75n910_vSIDM/gas/power-spectrum/mas-only_both/snapshot017_grid512/threads8_run001.json,f110ae4c1a9d89ee03d20649f4534ecdf6dc627afd86c7516c1fc4458655c677,results/aida-tng/L75n910_vSIDM/power-spectrum/power-spectrum.combined/gas/snapshot017/science-1e876576c8b2/execution-dad87b62e8e5_run001.json,8a6e65c38bc211f1d79ab4ffb6e3885f266ddb758ad68c5091678843b4b2a71a,7da6b39c196cfd9061d9dea1ea3ebe3d8c8aa70bacb02c02087a58a4937efd23,power-spectrum.combined,migrated
results/aida-tng/L75n910_vSIDM/gas/power-spectrum/mas-only_both/snapshot025_grid256/threads8_run001.json,61e7c4c4aee7ae0455a9a58217ea0bd87e1cafde6ed75c9111d4693660c1578b,results/aida-tng/L75n910_vSIDM/power-spectrum/power-spectrum.combined/gas/snapshot025/science-d7bbd264540b/execution-dad87b62e8e5_run001.json,46accf345ec78512c443e6ae54a58ebaa6222b5635778e38620082c231c69987,c6d699954bc3020abc56b2357eb75170a64c2ba6c18fe561b8931c6d29c2b59b,power-spectrum.combined,migrated
results/aida-tng/L75n910_vSIDM/gas/power-spectrum/mas-only_both/snapshot025_grid512/threads8_run001.json,13e45e2fbc47983e80414ef15162cc78291d21ebf9110df53a2d757873369f25,results/aida-tng/L75n910_vSIDM/power-spectrum/power-spectrum.combined/gas/snapshot025/science-7693d4e87807/execution-dad87b62e8e5_run001.json,d1047fc38ba836de4ab6b4c3ea73453782daeefc4ed71fd228082f481258bef4,3fcf84cd8d7c794a5bfd7b50f4965845db4c57f22317abafd87e947a7425d42d,power-spectrum.combined,migrated
results/aida-tng/L75n910_vSIDM/gas/power-spectrum/mas-only_both/snapshot033_grid256/threads8_run001.json,75b19930a2e083e4b8460daee81376aef7ff3ccaaf09879bb85a862a937a3cce,results/aida-tng/L75n910_vSIDM/power-spectrum/power-spectrum.combined/gas/snapshot033/science-2073ad48f365/execution-dad87b62e8e5_run001.json,42b2f20b1f095d1c54017bd96e3b61487544bfe95d0a9474071a53bfe555942b,57983f22387473973f300d2cbb1b99c2285b99cd07263907f92b24947eaac823,power-spectrum.combined,migrated
results/aida-tng/L75n910_vSIDM/gas/power-spectrum/mas-only_both/snapshot033_grid512/threads8_run001.json,5aec2fa904bed026c0bd227e644b9164a76e9cc9a2bb4978103360f9358a4406,results/aida-tng/L75n910_vSIDM/power-spectrum/power-spectrum.combined/gas/snapshot033/science-30c21f3f98a6/execution-dad87b62e8e5_run001.json,825f16907d693a7e793f9e3beeff2e674074af01df96536fcfe805d379b77239,c22ba22b3080bdf722aeccc51e9a8be5caebfc673d14a1628928a79f182d4357,power-spectrum.combined,migrated
results/aida-tng/L75n910_vSIDM/gas/power-spectrum/mas-only_both/snapshot050_grid256/threads8_run001.json,9ea685dc1c69c1d5d03c9667037e50e331287c99570d6f7172a9e8e5a76e27eb,results/aida-tng/L75n910_vSIDM/power-spectrum/power-spectrum.combined/gas/snapshot050/science-92ac4ca30930/execution-dad87b62e8e5_run001.json,51c2ad74ace1c558caa9373956dd83a3a2985897dfe33930ea96ad1817387a9b,70f3b387500750813257ff4e967c2e2bbc7b37d2ae3fa67dc3e9582f534f1178,power-spectrum.combined,migrated
results/aida-tng/L75n910_vSIDM/gas/power-spectrum/mas-only_both/snapshot050_grid512/threads8_run001.json,e1aa4a7a6feadf144ff92953b88dda9a36c36ebe9ae19e91e1d39553c918d250,results/aida-tng/L75n910_vSIDM/power-spectrum/power-spectrum.combined/gas/snapshot050/science-05ef64851902/execution-dad87b62e8e5_run001.json,618b3cd69424b1f3aebd91237d07ea68b2b6f66480703616eddb874728a75a49,9f20654d02f70a032b11f664a2676393de1b7cea4de9c706de1308b861aa12fe,power-spectrum.combined,migrated
results/aida-tng/L75n910_vSIDM/gas/power-spectrum/mas-only_both/snapshot067_grid256/threads8_run001.json,1c28ae3f384d61e84ff8884148f258dda7d86a9e1b4a37aff24eafb7e2e68625,results/aida-tng/L75n910_vSIDM/power-spectrum/power-spectrum.combined/gas/snapshot067/science-ea53d6142719/execution-dad87b62e8e5_run001.json,049a79cd598930f5167958856e4119d326afd67fb551e779e9996df597c9bbe6,fb941f2057a76147acdf35e9e09636fb0549a556e56731390cb40d632c80e0c2,power-spectrum.combined,migrated
results/aida-tng/L75n910_vSIDM/gas/power-spectrum/mas-only_both/snapshot067_grid512/threads8_run001.json,fa83e5b915311e5361b672bfecaf4afbb38bcc90bc6fbdb54369c2de42f0d5d7,results/aida-tng/L75n910_vSIDM/power-spectrum/power-spectrum.combined/gas/snapshot067/science-4b6b972af447/execution-dad87b62e8e5_run001.json,f5bc34728cc075be99293a31357c01d03c757d39ed5d08a54ec94058921c8269,bcba9d03c08bede656066fbcdaaba6b9d10d18a92bd0d7d919d3941a509c0fcc,power-spectrum.combined,migrated
results/aida-tng/L75n910_vSIDM/gas/power-spectrum/mas-only_both/snapshot084_grid256/threads8_run001.json,345d5df602531a6f144cd2e41b2198d03b05701fa343c2e8655ce02b084585bc,results/aida-tng/L75n910_vSIDM/power-spectrum/power-spectrum.combined/gas/snapshot084/science-f2337e34bbc6/execution-dad87b62e8e5_run001.json,c3eb735b771c3aca2587e19601e1ffa61f1674a12df78dde26bd6f4b497de460,65f0512c9228a7b9374cc2bb6b1c2899ca0a08259015175e20ecbb89c54a4bf1,power-spectrum.combined,migrated
results/aida-tng/L75n910_vSIDM/gas/power-spectrum/mas-only_both/snapshot084_grid512/threads8_run001.json,71769ae281661ec50a7444a718d6af2bead91187970640cd6ae58c889464a5a5,results/aida-tng/L75n910_vSIDM/power-spectrum/power-spectrum.combined/gas/snapshot084/science-66880ead08a3/execution-dad87b62e8e5_run001.json,2bc33cd1a9f3f398ebdd0031ea2aba3434f35f503ef8ddfccb7af6be5f0d342e,fce84e9aa29af7bd8a11197028ace938ca8c8209b6637bcd5811468881e946a1,power-spectrum.combined,migrated
results/aida-tng/L75n910_vSIDM/gas/power-spectrum/mas-only_both/snapshot099_grid1024/threads8_run001.json,3147476441772a5bb627d3643b41ffa2dd36e0b0a26699387fed53f9168a3afc,results/aida-tng/L75n910_vSIDM/power-spectrum/power-spectrum.combined/gas/snapshot099/science-91d65999be1f/execution-828951378904_run001.json,b7f6fbc9b112746dfa33c64ef66fac4ec20c9230362ced16df826ee2f3ba8810,a0f07e9b5cbd9650fac83818fe8485c6a3fc27cdc0c4bedf82851a2aa0ff414b,power-spectrum.combined,migrated
results/aida-tng/L75n910_vSIDM/gas/power-spectrum/mas-only_both/snapshot099_grid256/threads8_run001.json,1ce973ec1b6d3d507dfecd563952dd0451f74bc0a16d778b93d2b445970af6ed,results/aida-tng/L75n910_vSIDM/power-spectrum/power-spectrum.combined/gas/snapshot099/science-77adacac4674/execution-828951378904_run001.json,f05c50e5c63ba2af866f61b5769e08cdae02b391a8439b2574c387c6d7bb3c66,2c247f652219f0cb3e854d5a303963befab2bd641ad2b02086c8edbfd424dfea,power-spectrum.combined,migrated
results/aida-tng/L75n910_vSIDM/gas/power-spectrum/mas-only_both/snapshot099_grid512/threads8_run001.json,e4603942b64d79e6640dd50974db3e6540c3a2ac8559e2237ebf0aa6a671f22f,results/aida-tng/L75n910_vSIDM/power-spectrum/power-spectrum.combined/gas/snapshot099/science-7af8977842c0/execution-828951378904_run001.json,fa7ff5726c317b5e5141b29aafda622406734e12a8607ad009bb3ea0d1cef9b2,a3ea69a27e95546993ab2cd89755684f9618ba8afb920982eab8fd0eac0e51aa,power-spectrum.combined,migrated
results/aida-tng/L75n910_vSIDM/gas/power-spectrum/smoothed-cube_both/snapshot099_grid1024/threads8_run001.json,b32b51e88156190cd8c1a5b762b37a82a0fe011760b77a60e072cbdd5c8884af,results/aida-tng/L75n910_vSIDM/power-spectrum/power-spectrum.combined/gas/snapshot099/science-92f7f2944ab3/execution-97bb77bc24f0_run001.json,6e0263fb836d41cec57d7472b11a518f8f76b7c2dc0085157f1dca476a50a0b3,2f3400bdb09a240fc116a8f9f7225a55f9a92a7cefb8ae23ff6056c03864bb8d,power-spectrum.combined,migrated
results/aida-tng/L75n910_vSIDM/gas/power-spectrum/smoothed-cube_both/snapshot099_grid256/threads8_run001.json,a469f28c95043ae30bc40baba038f9f257774399bffc554d9c817b796a538c83,results/aida-tng/L75n910_vSIDM/power-spectrum/power-spectrum.combined/gas/snapshot099/science-426075068341/execution-97bb77bc24f0_run001.json,94aa541ccfbf31e018a87e9d34da2489344ac68c01ea9497a76547618e0552fd,8159d3f41591801eb401dc895765494bcc4424ac95a49c33b98f5f92cf677731,power-spectrum.combined,migrated
results/aida-tng/L75n910_vSIDM/gas/power-spectrum/smoothed-cube_both/snapshot099_grid512/threads8_run001.json,d9db408a7ee4bb6d9a3eee8cc5c2a55a92d2b2b17b8a6fef3615c188b684ad4f,results/aida-tng/L75n910_vSIDM/power-spectrum/power-spectrum.combined/gas/snapshot099/science-412e664cd166/execution-97bb77bc24f0_run001.json,fbeae3fc97fc6d62beb8f02a7bf6f68e0e2e1f3f32c306ef3dd9ddab30ed2d4e,f255b1c41303bcf192edf744e03531fde87ad73b455ddd45f40097b416fe27bd,power-spectrum.combined,migrated
results/aida-tng/L75n910_vSIDM/gas/power-spectrum/smoothed-pylians_both/snapshot017_grid256/threads8_run001.json,4cd52ebe6c643bafaf1b4482bf889bb0543f3b97fb1f604a891174af9e10d4d8,results/aida-tng/L75n910_vSIDM/power-spectrum/power-spectrum.combined/gas/snapshot017/science-704b3a0736ce/execution-9c0eeb45174c_run001.json,8b3652f6e8f794682dde2b1d29ad36dcbb0e6a1f270c647500bcbd7336d8a0c2,3ae2859c3ad22c15f8ae0b9818d533222b51e12c42f98c975f93b7a9f262492a,power-spectrum.combined,migrated
results/aida-tng/L75n910_vSIDM/gas/power-spectrum/smoothed-pylians_both/snapshot017_grid512/threads8_run001.json,6dca20a12c42cb158b490af367e77f1106edd9e477c1dcb8c8b8317f17653791,results/aida-tng/L75n910_vSIDM/power-spectrum/power-spectrum.combined/gas/snapshot017/science-11b6c8e8f7f7/execution-9c0eeb45174c_run001.json,3c4fed3ad02b82a04cdbef8d8f7f9428fef630b9c33753dbf60b73f7fda7a7c6,a6198a85eb98ec32ead90c7e34dc4f03f42e81048bc47d44714f4fe5ff6da8c0,power-spectrum.combined,migrated
results/aida-tng/L75n910_vSIDM/gas/power-spectrum/smoothed-pylians_both/snapshot025_grid256/threads8_run001.json,eb03e1f13afeb95fa1fc7424e789b6b0052246d8124e4550d1d498c3f88f4044,results/aida-tng/L75n910_vSIDM/power-spectrum/power-spectrum.combined/gas/snapshot025/science-7541fb5ca2e1/execution-9c0eeb45174c_run001.json,fdcca503d688fe30fc9c08433df16a8e84c794d51a82917f6dae0580e895d7ca,8b3024bc23e026667fd00f8ed8b8f233dd6ca5feff66a135b4787038a8891584,power-spectrum.combined,migrated
results/aida-tng/L75n910_vSIDM/gas/power-spectrum/smoothed-pylians_both/snapshot025_grid512/threads8_run001.json,3575214a22011ff08aa1932838396705667a64d8f85eafa21074a5959d42d4db,results/aida-tng/L75n910_vSIDM/power-spectrum/power-spectrum.combined/gas/snapshot025/science-9b9154041027/execution-9c0eeb45174c_run001.json,526b59302110b731603229c9f1d56df76c507da2f41a5408f12608201047b1bd,be95cac9b0d0d7b18d02be51804ffc65292699cf5a80dc24e64d41a96aa3fef2,power-spectrum.combined,migrated
results/aida-tng/L75n910_vSIDM/gas/power-spectrum/smoothed-pylians_both/snapshot033_grid256/threads8_run001.json,368e8335f9e3192ff9ce2fded869e65aef90edc627b3977613c919a152d151c5,results/aida-tng/L75n910_vSIDM/power-spectrum/power-spectrum.combined/gas/snapshot033/science-3aa600cffd02/execution-9c0eeb45174c_run001.json,f5ee2ea7dad3f7cbc48aa685b9fe297abbcf106a0f8f5bda9d3869f9bcbf4908,3434e8a2452b5fb9f2fd6cf1cef43f9e0791a2b33fbabb0153cb9bf636ab533f,power-spectrum.combined,migrated
results/aida-tng/L75n910_vSIDM/gas/power-spectrum/smoothed-pylians_both/snapshot033_grid512/threads8_run001.json,55442ec47fa01d35d4c9975726f26226cf9e7e1ee6dcd3ff5be410bcad1f96ce,results/aida-tng/L75n910_vSIDM/power-spectrum/power-spectrum.combined/gas/snapshot033/science-548027b6cb67/execution-9c0eeb45174c_run001.json,fd1bfdfb68fdd095da17a99561660ddbbc6ef0d526f9263a18e98de2be9dc1be,20b657234b9f250926be64c4d2d95f3314a8c2fadbebea6f934dcf68a2f86b98,power-spectrum.combined,migrated
results/aida-tng/L75n910_vSIDM/gas/power-spectrum/smoothed-pylians_both/snapshot050_grid256/threads8_run001.json,897d19669e835d32efb6c815a1fe542383a744abc7149e774acc255f968a2409,results/aida-tng/L75n910_vSIDM/power-spectrum/power-spectrum.combined/gas/snapshot050/science-41b9852542e5/execution-9c0eeb45174c_run001.json,e37adf52d3bf6d04451cf99facd313400fc7ec96436729f9d0ff4061fa2c4752,816e068940910a4f0b628624b6bc1c125f18d1c3753d97d0edb5091b001db5f9,power-spectrum.combined,migrated
results/aida-tng/L75n910_vSIDM/gas/power-spectrum/smoothed-pylians_both/snapshot050_grid512/threads8_run001.json,58b615035f050401170102a4f3f67f60b500440137cc2392a4bfb6f957f57bb5,results/aida-tng/L75n910_vSIDM/power-spectrum/power-spectrum.combined/gas/snapshot050/science-adb15f632f3b/execution-9c0eeb45174c_run001.json,8cc7afc4dc954362932a3e1a32b370cd01ea9a98c5c48cdeb8bcefceb8c57bb8,08d2a47c8e2e892b3a29205da587ab2cc49dfbbb2f05af183fae799d63cf12e7,power-spectrum.combined,migrated
results/aida-tng/L75n910_vSIDM/gas/power-spectrum/smoothed-pylians_both/snapshot067_grid256/threads8_run001.json,3af2de6a28103573bed03446815412ef23e91fb75a2b0df181f8ce463e6d08da,results/aida-tng/L75n910_vSIDM/power-spectrum/power-spectrum.combined/gas/snapshot067/science-1c878e6e05be/execution-9c0eeb45174c_run001.json,8a3ea3a1c5b534ddb21561be4748d75839a3108087fec5ed9999b70949cb113b,57b92062c338e2ba0c6064b9fea209801cf609083aa91c6a4a73cc66af80d451,power-spectrum.combined,migrated
results/aida-tng/L75n910_vSIDM/gas/power-spectrum/smoothed-pylians_both/snapshot067_grid512/threads8_run001.json,295df236b0d29c1d988f86a30802d7757e5353c181d19899c6804c2b8570d0fe,results/aida-tng/L75n910_vSIDM/power-spectrum/power-spectrum.combined/gas/snapshot067/science-b50333ea8ab0/execution-9c0eeb45174c_run001.json,deef48baed2a385ddacd0e87eda95c9fd660f197ffee0945ccc8273807c72722,6a4c8dcd69e58220c871615b469cde9f5c6b93be709a4ec45c29cd1fb6db79f5,power-spectrum.combined,migrated
results/aida-tng/L75n910_vSIDM/gas/power-spectrum/smoothed-pylians_both/snapshot084_grid256/threads8_run001.json,90bbc2c82e882330cfd1cba48bd0fd66b945576f021d8aa358eaed3e6827a4e1,results/aida-tng/L75n910_vSIDM/power-spectrum/power-spectrum.combined/gas/snapshot084/science-c2f8d2f32590/execution-9c0eeb45174c_run001.json,295d7b48a9a1136c7c045b24fad3dc017a827d0b3a40e40e3f90d85cc3a73090,8754e0f42e86377d779127ddcf5e20d06fefc02db1d7e69979f0cbcca4bc76eb,power-spectrum.combined,migrated
results/aida-tng/L75n910_vSIDM/gas/power-spectrum/smoothed-pylians_both/snapshot084_grid512/threads8_run001.json,f3dc7cbdea531c302ce322c1487a9f9489ad87b717e8e6cadd789272545cc159,results/aida-tng/L75n910_vSIDM/power-spectrum/power-spectrum.combined/gas/snapshot084/science-0b737f3004fb/execution-9c0eeb45174c_run001.json,98c93625ac4d063ee78315176b90e69488db08495a1f5e0ca93d812f5e42350a,c0d52ebb7fc4f534645cd2265bdaa901532efaf82fa9e535c770180e87c8f3d9,power-spectrum.combined,migrated
results/aida-tng/L75n910_vSIDM/gas/power-spectrum/smoothed-pylians_both/snapshot099_grid1024/threads8_run001.json,8cd9fbba79c07abe55feef9be5d655114730a4c26cd7b8a29d107d45566d5be0,results/aida-tng/L75n910_vSIDM/power-spectrum/power-spectrum.combined/gas/snapshot099/science-33ed0010a405/execution-97bb77bc24f0_run001.json,7eb6c21113dc5eaaa54213a85051ab75f79d8b49e25925501c51ec948fa9e4ff,37391926cb061d6f35de5ba402d80363bc720b8feae431cedfc9d5849beddde4,power-spectrum.combined,migrated
results/aida-tng/L75n910_vSIDM/gas/power-spectrum/smoothed-pylians_both/snapshot099_grid256/threads8_run001.json,deb261053c978f4b7c07c088371c222c0c510be10ce287bd9135604e64910948,results/aida-tng/L75n910_vSIDM/power-spectrum/power-spectrum.combined/gas/snapshot099/science-0caef14027fd/execution-97bb77bc24f0_run001.json,ac86328a8a109a4880a4dbbc0471a86440ff0b7090b0085b8cd4140e18c36543,f290d99eb831af36cf9165c039a33f981ddef25f35ce6c6c8244107d8462175c,power-spectrum.combined,migrated
results/aida-tng/L75n910_vSIDM/gas/power-spectrum/smoothed-pylians_both/snapshot099_grid512/threads8_run001.json,0acebd9a4919e480af4e917a0c3488ab9099c8312dd5d6e6972ad5e0371fe33b,results/aida-tng/L75n910_vSIDM/power-spectrum/power-spectrum.combined/gas/snapshot099/science-50b18be0cd9c/execution-97bb77bc24f0_run001.json,ca28ff2dcec9033066202f353b9beb827b848fd8bf7ecb48d76578b2d2b9f33b,abc8d544dd2ed064c0d000733263ebc3ae3350944db1b53537e6bb677e58eeb6,power-spectrum.combined,migrated
results/aida-tng/L75n910_vSIDM/gas/power-spectrum/smoothed-sphere_both/snapshot017_grid256/threads8_run001.json,fc76c9457674c59fbb1f7958ae4b87d149bbb79a93f129eb45525d17f1aee394,results/aida-tng/L75n910_vSIDM/power-spectrum/power-spectrum.combined/gas/snapshot017/science-ba07fa02c2c9/execution-9c0eeb45174c_run001.json,54b3af944e8020e74cee2f27fb5d0d7d1a1d50d4a55e0848264746d1349c49a6,6338a2eef1caca5bd535a2250567000020a7be48e4eb8a30e1f1ba6d2e43cc4f,power-spectrum.combined,migrated
results/aida-tng/L75n910_vSIDM/gas/power-spectrum/smoothed-sphere_both/snapshot017_grid512/threads8_run001.json,2a0d8c2d6d24db845bf4b7478ae5efe8a83c1dccf736d3cf5da6f5ed2d159512,results/aida-tng/L75n910_vSIDM/power-spectrum/power-spectrum.combined/gas/snapshot017/science-c966db9dab07/execution-9c0eeb45174c_run001.json,d7c4f1ce9040eeb34790b06e4d3e027e7ee1d4a346ce6785a359a0326eddb555,5b4524d864a7429d3235f8cbb334ead705325b0f32eae956ed05d28b96646c16,power-spectrum.combined,migrated
results/aida-tng/L75n910_vSIDM/gas/power-spectrum/smoothed-sphere_both/snapshot025_grid256/threads8_run001.json,f67d4d7242033e91c01591882f7752f9348bed736fbf02789ceb3599bfed0530,results/aida-tng/L75n910_vSIDM/power-spectrum/power-spectrum.combined/gas/snapshot025/science-7c5b95d2e32d/execution-9c0eeb45174c_run001.json,28d27f554110e8db3434c64d99e30327b916c0aec5873920e9441190f2271e7d,ef058e4df49ee434741452dbc4abb996fac4e5636d517183c23599939026f2b4,power-spectrum.combined,migrated
results/aida-tng/L75n910_vSIDM/gas/power-spectrum/smoothed-sphere_both/snapshot025_grid512/threads8_run001.json,310891531b7e9cc637bd3c859fbbe204121417f493556502f7748055af988040,results/aida-tng/L75n910_vSIDM/power-spectrum/power-spectrum.combined/gas/snapshot025/science-bfebb7e6f434/execution-9c0eeb45174c_run001.json,9acf675cf8a19ee7f8d57b1b4c56d465eb0608142275f188356afc56ae48eb42,1b0f2be108ef441c1e3865f78debd8f73d2bdfa8851a6a256112009d2bb34a58,power-spectrum.combined,migrated
results/aida-tng/L75n910_vSIDM/gas/power-spectrum/smoothed-sphere_both/snapshot033_grid256/threads8_run001.json,efe80ef7b9872036e5c6e7fb73deb88e8ba56a443b2ffa113f81e80ffe7323c1,results/aida-tng/L75n910_vSIDM/power-spectrum/power-spectrum.combined/gas/snapshot033/science-3e05594f22f8/execution-9c0eeb45174c_run001.json,f912e8611bb647002e728781841c0a7fceea3f793de8b1738e52ba6fd54837f9,d2456a9a7b773441495c3da2b6f95b850dec7968bf7a63a18ccd2ffba10010c9,power-spectrum.combined,migrated
results/aida-tng/L75n910_vSIDM/gas/power-spectrum/smoothed-sphere_both/snapshot033_grid512/threads8_run001.json,2241560f457b8ef7364dc510bb7835c21daec968a2426acc96b312f30b5eef3d,results/aida-tng/L75n910_vSIDM/power-spectrum/power-spectrum.combined/gas/snapshot033/science-8a6ee7853f66/execution-9c0eeb45174c_run001.json,300d19fca5d399396c234deb5ff6fc65bbda899300ce268d6bfecabe211091da,2930ba34f18dd83cf27666f5ca7baf148417d99f576c7410b4eff391fa7b29d0,power-spectrum.combined,migrated
results/aida-tng/L75n910_vSIDM/gas/power-spectrum/smoothed-sphere_both/snapshot050_grid256/threads8_run001.json,b8ef8beb4f579448ecf8cbaad6c07f4d3cd6cd198903f85ca389b12917fdf02b,results/aida-tng/L75n910_vSIDM/power-spectrum/power-spectrum.combined/gas/snapshot050/science-57e74f33533f/execution-9c0eeb45174c_run001.json,dc88ff1e5ca849bc5fd3b4ad1eff8df1c0f657d7f3ed81f0161d53ae90d6c4c5,f2c53b538472ee54881d2c039e20024cd88828bf7652451254515b9925cdc5f7,power-spectrum.combined,migrated
results/aida-tng/L75n910_vSIDM/gas/power-spectrum/smoothed-sphere_both/snapshot050_grid512/threads8_run001.json,6bc2ac832620d08d46cefcedca2a65cb52ffc8d2b8171f6cace7ebded9292305,results/aida-tng/L75n910_vSIDM/power-spectrum/power-spectrum.combined/gas/snapshot050/science-230b9b3154b3/execution-9c0eeb45174c_run001.json,dd0cbb5ea09048bd43e0984d86aaa8495a7a26637f795cf6eea9317e79895d06,d9fbec337a6564722e4ce5d967e3a6c07d91b34dc43bf852642c458c6521a20d,power-spectrum.combined,migrated
results/aida-tng/L75n910_vSIDM/gas/power-spectrum/smoothed-sphere_both/snapshot067_grid256/threads8_run001.json,2bfe82f2c348060f659295a3f8a9ab73895cc6479af5146b553fd5b9fc6c2547,results/aida-tng/L75n910_vSIDM/power-spectrum/power-spectrum.combined/gas/snapshot067/science-114cf59a18d2/execution-9c0eeb45174c_run001.json,70223f2643373d65090420ea99a58ba2e53a7d6f277546b38b6e2e095e4d580a,398220f3f52dbca44590f50add4049f366d3a5827f8d3a4a89de837b5361598f,power-spectrum.combined,migrated
results/aida-tng/L75n910_vSIDM/gas/power-spectrum/smoothed-sphere_both/snapshot067_grid512/threads8_run001.json,ff624c286e0aa8b7516d20ac830d5ba6cc68357b4d4d74b181e672c899d43c9a,results/aida-tng/L75n910_vSIDM/power-spectrum/power-spectrum.combined/gas/snapshot067/science-049d2561170d/execution-9c0eeb45174c_run001.json,0dc3e724a24998c9e3ba6c7e2924dd7f4de1d2bb2ac1323700bdbfb73fde9d79,e75d03998902068465f84c8dca7724e5bb1bad773d6f07d9d72d64b52e652df1,power-spectrum.combined,migrated
results/aida-tng/L75n910_vSIDM/gas/power-spectrum/smoothed-sphere_both/snapshot084_grid256/threads8_run001.json,8ad4bae18d06ba76f420a37b67a57c70366e11c7acdc853b635bf1ff8e48fd23,results/aida-tng/L75n910_vSIDM/power-spectrum/power-spectrum.combined/gas/snapshot084/science-f27358677c1f/execution-9c0eeb45174c_run001.json,d40add5c387a07a32349df23b8958143d6e79734992d3d28d504c479930d7278,b21b1b4e16f7c7cc4227901fff62322c1eddc47ad776b6a72e8f0b54e150372a,power-spectrum.combined,migrated
results/aida-tng/L75n910_vSIDM/gas/power-spectrum/smoothed-sphere_both/snapshot084_grid512/threads8_run001.json,ac74d7d26cf591ebfbd70b6eb8761dab2de21fe4e1fee32206f1abb4b120656e,results/aida-tng/L75n910_vSIDM/power-spectrum/power-spectrum.combined/gas/snapshot084/science-22fe7f5a9c51/execution-9c0eeb45174c_run001.json,11c856bef27b77e708d2b4b19e4f55063e3f70441e8be8d7a7fd2041090e9ca3,0267c6c9e02aeaf3719cbb1f2607f606bd23a30ea0d27b3fde3735b46d4f079f,power-spectrum.combined,migrated
results/aida-tng/L75n910_vSIDM/gas/power-spectrum/smoothed-sphere_both/snapshot099_grid1024/threads8_run001.json,68da14a312db6250c14b7f1f630dea6a5a4022effbe05704768dca5c62a9903b,results/aida-tng/L75n910_vSIDM/power-spectrum/power-spectrum.combined/gas/snapshot099/science-468ebe560d05/execution-97bb77bc24f0_run001.json,9cb56fb4a04d3074fb3c31e5f26bf0c466c368dde9f4f50a1e14b7f66754c628,33658554341bb56bf776489c49d4f85c2cd173b1122c7323af6dc6db0e5e74ff,power-spectrum.combined,migrated
results/aida-tng/L75n910_vSIDM/gas/power-spectrum/smoothed-sphere_both/snapshot099_grid256/threads2_run001.json,1dfda249e5d2520ce96be9ff4c860db80ad3942f32989a4c7d48793e75635cb9,results/aida-tng/L75n910_vSIDM/power-spectrum/power-spectrum.combined/gas/snapshot099/science-9b74aab0f49f/execution-2f0f12d59183_run001.json,0dfbf811c7d720eef01b49adc27076eb6082d884cc4c4f21ffb4b59a5d1ba5c6,8a07c3b88fad8ef6770d007422f8fba4577b6f4f130a58957473694dd80bde1a,power-spectrum.combined,migrated
results/aida-tng/L75n910_vSIDM/gas/power-spectrum/smoothed-sphere_both/snapshot099_grid256/threads8_run001.json,e640378ee5de427401e5c0b4d7af7f1d09458bb7a89aacf8ae421e05bd7e02fd,results/aida-tng/L75n910_vSIDM/power-spectrum/power-spectrum.combined/gas/snapshot099/science-270eab2a25a2/execution-97bb77bc24f0_run001.json,f153c907476102fe3b662cea41adc68e270d830d2bade2ef33c551356d733e2f,0e169748ea168433051ec38ebba94e0872fb28ff263eabaf5dad0f1623a1c3fd,power-spectrum.combined,migrated
results/aida-tng/L75n910_vSIDM/gas/power-spectrum/smoothed-sphere_both/snapshot099_grid512/threads8_run001.json,92afd8e233216823832d8078235a0837e41c92195386b0036e9e06544562a9e5,results/aida-tng/L75n910_vSIDM/power-spectrum/power-spectrum.combined/gas/snapshot099/science-8c7ba54e43aa/execution-97bb77bc24f0_run001.json,8de919891df6491d1c85fa222efa8a2bc712ff467f6f7f234a710f713f2f0b89,5fdb54575b9adbcbad51180671c87be31789bfb7b81376aa19b5264dc505e706,power-spectrum.combined,migrated
results/aida-tng/L75n910_vSIDM/gas/pylians/snapshot017_grid256/threads8_batch1_run001.json,2816b4763ad38c80aa2ac2cb661bb29dcc9558d6e0347e68ec7d6513275badad,results/aida-tng/L75n910_vSIDM/clumping/clumping.pylians/gas/snapshot017/science-37d9d067511f/execution-97fe92315af2_run001.json,a4e1ddc9774595a6a13d9cbf2adb1804cfe5a803db101c1df7a7a910632bb6b2,77dfefe0b84e386bb6bb6411164c44de9519a9a4649147ff6f212d5be3fc023c,clumping.pylians,migrated
results/aida-tng/L75n910_vSIDM/gas/pylians/snapshot017_grid512/threads8_batch1_run001.json,903757589891a8c73e98fd66228a5b0cfbf192574cc4f4ce85a19a0d87e2a2e5,results/aida-tng/L75n910_vSIDM/clumping/clumping.pylians/gas/snapshot017/science-09b451e12aea/execution-7f2a6ce7505e_run001.json,6607ed3bd4b2b13df3b69ecd9c4aae16561ee2617ebd1387da403567dd391aff,a573fb8773b11bb5191be897ba74f7b2ad271ec197895ba6c4560d226202a303,clumping.pylians,migrated
results/aida-tng/L75n910_vSIDM/gas/pylians/snapshot099_grid256/threads8_batch1_run001.json,b61de23dad482800ae0c9c5fe3940ad1e60c473edaf639d50b1cc9de56d3caf0,results/aida-tng/L75n910_vSIDM/clumping/clumping.pylians/gas/snapshot099/science-07ad745353ed/execution-97fe92315af2_run001.json,4afbb38f0d365c67b2115494bb6c5cf4233dfe1f9fe8ff7c49d35ebe3d1f3654,49e699610560a158487fcf60d36442911bbddb840be93578c423bf01df84d428,clumping.pylians,migrated
results/aida-tng/L75n910_vSIDM/gas/pylians/snapshot099_grid512/threads8_batch1_run001.json,9c6fc468accd74eafdc8da83c2db8cb41fb7d6f817f414f2973ea36a7c869827,results/aida-tng/L75n910_vSIDM/clumping/clumping.pylians/gas/snapshot099/science-f8c5687853f9/execution-7f2a6ce7505e_run001.json,fbfcdcfdba4b7f027d29173926a605e88aa9a766c25f8268605b7c7a3907b236,bad194a770a488fb468af3c925dbfa50efe28776615bfecc9b697aff6482d8ee,clumping.pylians,migrated
results/aida-tng/L75n910_vSIDM/gas/raw-volume/snapshot017_grid256/threads1_batch1_run001.json,2a38d5e146f3ae0883a3cc94fce2c324ed5d2096fe04bec414af20426382c3f6,results/aida-tng/L75n910_vSIDM/clumping/clumping.raw-volume-weighted/gas/snapshot017/science-7ca015b94dba/execution-83be40a864d4_run001.json,5ef772dfcf4703695560995314fdf63de4888f1bc120411ce7e1275da3fb63f7,80234beb130d5ce74e064a2071e7c594f1183ab9adf14a3c3ae4197188436484,clumping.raw-volume-weighted,migrated
results/aida-tng/L75n910_vSIDM/gas/raw-volume/snapshot017_grid256/threads1_batch1_run001_rawmode-electron-hii.json,bb3c33cacf865551bfaf32ab9df4579ac3ec692214f3abe205958b6362700bff,results/aida-tng/L75n910_vSIDM/clumping/clumping.raw-volume-weighted/gas/snapshot017/science-a49c35ec8aaf/execution-83be40a864d4_run001.json,8e265917b2bece0cb0f4db2d2eaa97b1933638e0e1c46c8f2770cec672f20497,a2ac9392515f4ae0c2ffa5b5314efc17b6a11dd1acbf344f04e3868b80989d50,clumping.raw-volume-weighted,migrated
results/aida-tng/L75n910_vSIDM/gas/raw-volume/snapshot017_grid512/threads1_batch1_run001.json,7c7ee84f54592aa629215cade89903673515c6bb87628408a815d47afcfc2ccd,results/aida-tng/L75n910_vSIDM/clumping/clumping.raw-volume-weighted/gas/snapshot017/science-7ca015b94dba/execution-83be40a864d4_run001.json,5ef772dfcf4703695560995314fdf63de4888f1bc120411ce7e1275da3fb63f7,80234beb130d5ce74e064a2071e7c594f1183ab9adf14a3c3ae4197188436484,clumping.raw-volume-weighted,deduplicated
results/aida-tng/L75n910_vSIDM/gas/raw-volume/snapshot025_grid256/threads1_batch1_run001.json,adcd70a946b55d6303fb2e40ee7f4bfd8488cba21bb6809292a748e887ac5787,results/aida-tng/L75n910_vSIDM/clumping/clumping.raw-volume-weighted/gas/snapshot025/science-7ca015b94dba/execution-83be40a864d4_run001.json,7b35f7cc20fb324b5fd95461c693fd26d3d290298c3b2a274a561b88c99fd77c,a9d9d85079cdc55c54bee91e92a6af14a17d77d14c4f49710a3becb5c8c86c0a,clumping.raw-volume-weighted,migrated
results/aida-tng/L75n910_vSIDM/gas/raw-volume/snapshot025_grid512/threads1_batch1_run001.json,e648b48b6895cafc43d346223242eee5df9c489b085d7ff4d642565397794375,results/aida-tng/L75n910_vSIDM/clumping/clumping.raw-volume-weighted/gas/snapshot025/science-7ca015b94dba/execution-83be40a864d4_run001.json,7b35f7cc20fb324b5fd95461c693fd26d3d290298c3b2a274a561b88c99fd77c,a9d9d85079cdc55c54bee91e92a6af14a17d77d14c4f49710a3becb5c8c86c0a,clumping.raw-volume-weighted,deduplicated
results/aida-tng/L75n910_vSIDM/gas/raw-volume/snapshot033_grid256/threads1_batch1_run001.json,305de5a7e08e67c806abd57e340820f4e8b2485931cb5457f3834a3280361626,results/aida-tng/L75n910_vSIDM/clumping/clumping.raw-volume-weighted/gas/snapshot033/science-7ca015b94dba/execution-83be40a864d4_run001.json,7452b7ab4efbf1ef99705d042bc854df5d75fbef47bdbf38f7e64202083f9ee2,7ee733fcbad279622a48e3ae6d9d02109cf32024cd1a6eb21b4e6d54fe20cce2,clumping.raw-volume-weighted,migrated
results/aida-tng/L75n910_vSIDM/gas/raw-volume/snapshot033_grid512/threads1_batch1_run001.json,a866f80f9f31057d659b7ab2f4d7291ebadd323b642b2012a606f6b6267e746a,results/aida-tng/L75n910_vSIDM/clumping/clumping.raw-volume-weighted/gas/snapshot033/science-7ca015b94dba/execution-83be40a864d4_run001.json,7452b7ab4efbf1ef99705d042bc854df5d75fbef47bdbf38f7e64202083f9ee2,7ee733fcbad279622a48e3ae6d9d02109cf32024cd1a6eb21b4e6d54fe20cce2,clumping.raw-volume-weighted,deduplicated
results/aida-tng/L75n910_vSIDM/gas/raw-volume/snapshot050_grid256/threads1_batch1_run001.json,3633a2635986a5b150820403e505edadbb00cce1d2ee2c2d9d511d21e2359474,results/aida-tng/L75n910_vSIDM/clumping/clumping.raw-volume-weighted/gas/snapshot050/science-7ca015b94dba/execution-83be40a864d4_run001.json,298a91bfd13295715e33d3a9e90f5317028cd5d580f93f09d100d3fed6680278,38a9dd85dd582aac3edf40b7a2fabf82fdd0af356bca503e9a73ffe817474f0e,clumping.raw-volume-weighted,migrated
results/aida-tng/L75n910_vSIDM/gas/raw-volume/snapshot050_grid512/threads1_batch1_run001.json,fe4ca5f11e0d1a8f8152058b818ec1457b4b854176549c1b88cf0637a26300fd,results/aida-tng/L75n910_vSIDM/clumping/clumping.raw-volume-weighted/gas/snapshot050/science-7ca015b94dba/execution-83be40a864d4_run001.json,298a91bfd13295715e33d3a9e90f5317028cd5d580f93f09d100d3fed6680278,38a9dd85dd582aac3edf40b7a2fabf82fdd0af356bca503e9a73ffe817474f0e,clumping.raw-volume-weighted,deduplicated
results/aida-tng/L75n910_vSIDM/gas/raw-volume/snapshot067_grid256/threads1_batch1_run001.json,75e0720b40b1b73a75af99f0c0e04199931328352ea09db114caa0880812e052,results/aida-tng/L75n910_vSIDM/clumping/clumping.raw-volume-weighted/gas/snapshot067/science-7ca015b94dba/execution-83be40a864d4_run001.json,a3409e42402c183f071073625bee381b1547b5f2dc6f6bae02333614782b9954,21a5889c10e6e32f0b8a2e91743ee900a84410c27506d2ea2acfa018b5b375b3,clumping.raw-volume-weighted,migrated
results/aida-tng/L75n910_vSIDM/gas/raw-volume/snapshot067_grid512/threads1_batch1_run001.json,e6982b46f0c3ee30ce40218a6596e61f2d4d7e0ab1b9a021ce3be030cb7b5d9c,results/aida-tng/L75n910_vSIDM/clumping/clumping.raw-volume-weighted/gas/snapshot067/science-7ca015b94dba/execution-83be40a864d4_run001.json,a3409e42402c183f071073625bee381b1547b5f2dc6f6bae02333614782b9954,21a5889c10e6e32f0b8a2e91743ee900a84410c27506d2ea2acfa018b5b375b3,clumping.raw-volume-weighted,deduplicated
results/aida-tng/L75n910_vSIDM/gas/raw-volume/snapshot084_grid256/threads1_batch1_run001.json,25d16315498edf268fdfb7ada092c2a9d00adf66e48f49806e600d876108cb45,results/aida-tng/L75n910_vSIDM/clumping/clumping.raw-volume-weighted/gas/snapshot084/science-7ca015b94dba/execution-83be40a864d4_run001.json,de7d77d1214cc4de6e9b297bd077039f8195628c2a6364dff9d2a047562ff89e,de3e8b46febc0aaedc4331a580806d6c0ae146cf19a0369cd72eaac4de01ff99,clumping.raw-volume-weighted,migrated
results/aida-tng/L75n910_vSIDM/gas/raw-volume/snapshot084_grid512/threads1_batch1_run001.json,76c29ae095cdc61b90301bc7834fa4af409db87adf3723faaa7581fde7e28eaa,results/aida-tng/L75n910_vSIDM/clumping/clumping.raw-volume-weighted/gas/snapshot084/science-7ca015b94dba/execution-83be40a864d4_run001.json,de7d77d1214cc4de6e9b297bd077039f8195628c2a6364dff9d2a047562ff89e,de3e8b46febc0aaedc4331a580806d6c0ae146cf19a0369cd72eaac4de01ff99,clumping.raw-volume-weighted,deduplicated
results/aida-tng/L75n910_vSIDM/gas/raw-volume/snapshot099_grid256/threads1_batch1_run001.json,267dc75b37abf7fef63039be02249f7419e18d34c6aaa46445a455cf578bdbf4,results/aida-tng/L75n910_vSIDM/clumping/clumping.raw-volume-weighted/gas/snapshot099/science-7ca015b94dba/execution-83be40a864d4_run001.json,070157eaa56f49ad95e0cd3fd7182dc27358b43cc676a85b47df3234dd66b851,933b007c0b7af42f67187d8dedc38616d93eec040c0e669a2a0d51b04ffbf01a,clumping.raw-volume-weighted,migrated
results/aida-tng/L75n910_vSIDM/gas/raw-volume/snapshot099_grid256/threads1_batch1_run001_rawmode-electron-hii.json,3e54169754189ca61011bcc0a45e7fa2af89898969f50b87187feb90e16d20c6,results/aida-tng/L75n910_vSIDM/clumping/clumping.raw-volume-weighted/gas/snapshot099/science-a49c35ec8aaf/execution-83be40a864d4_run001.json,6ec9362f3781c546754736010af8cc2210c22dbf036235b2f6866c228a4e74d9,7174f47bf6eb154082f5f1ab1195646d2767fc3e8bd7b16b9df85be545024619,clumping.raw-volume-weighted,migrated
results/aida-tng/L75n910_vSIDM/gas/raw-volume/snapshot099_grid512/threads1_batch1_run001.json,12fc83f92b5f667d86dbdae768677f7f82bd49c793dd7cbdf85fa321996ee240,results/aida-tng/L75n910_vSIDM/clumping/clumping.raw-volume-weighted/gas/snapshot099/science-7ca015b94dba/execution-83be40a864d4_run001.json,070157eaa56f49ad95e0cd3fd7182dc27358b43cc676a85b47df3234dd66b851,933b007c0b7af42f67187d8dedc38616d93eec040c0e669a2a0d51b04ffbf01a,clumping.raw-volume-weighted,deduplicated
results/aida-tng/L75n910_vSIDM/gas/sphere/snapshot017_grid256/threads8_batch1_run001.json,c322cb01f885b883905403db6ab24d062579704b747bf9c77054655aa4716e56,results/aida-tng/L75n910_vSIDM/clumping/clumping.sphere/gas/snapshot017/science-092d3e383921/execution-97fe92315af2_run001.json,531d5c125ccaf6b1b7537dd290b6be7e8f8eb123abd64478991966226cc00b86,a6c141395dfb87c5de46e9ce1f2f8684fc9839814708c99404b32e2304a1a360,clumping.sphere,migrated
results/aida-tng/L75n910_vSIDM/gas/sphere/snapshot017_grid512/threads8_batch1_run001.json,53b2e79a4da616de25bdb57169b09cabc61366f0d35685a4d8794bf6f538107f,results/aida-tng/L75n910_vSIDM/clumping/clumping.sphere/gas/snapshot017/science-096ddd8c1824/execution-7f2a6ce7505e_run001.json,40c85fdd407e2553555f6d53f7eedbb1d244f7a3f7146d536815293451d42dc0,0f6129b061fe780602e946746c287370ff476320da311d85139a75353b3a0608,clumping.sphere,migrated
results/aida-tng/L75n910_vSIDM/gas/sphere/snapshot099_grid256/threads8_batch1_run001.json,11bcbda8254b3c630133c5166154518777755af048b1d9980b47a95da6ff3b1f,results/aida-tng/L75n910_vSIDM/clumping/clumping.sphere/gas/snapshot099/science-c10ecf239fc8/execution-97fe92315af2_run001.json,4ee850ed370e55c4772c23df069603c1526fc614f85c6ff4bfb10ee4d177cb33,cc2e988736859a25febd1cb996434d5874c8c0a2c9e47fb73c09f89bccadb915,clumping.sphere,migrated
results/aida-tng/L75n910_vSIDM/gas/sphere/snapshot099_grid512/threads8_batch1_run001.json,8b7d4f27046c21c567f7f40039d239d373d0c47a0b3328c351fb6a061b339b42,results/aida-tng/L75n910_vSIDM/clumping/clumping.sphere/gas/snapshot099/science-b85324d6789e/execution-7f2a6ce7505e_run001.json,34b3109f7378999c963d39703591ba7606d08977e28923a0365de709af40c027,9af817424e75045c714f7292e0e1c91b04c61ad394e473e55a09ae57737e35a3,clumping.sphere,migrated
results/forest/output_4_128_rsl/unknown/output_4_128_rsl/snapshot002/equations/equations.json,d75488ad9cdeca31b55fa81363f3e941dffa8b06f80b7d8c0a982e85b9984fc2,results/unknown/output_4_128_rsl/diagnostics/diagnostics.equations/gas/snapshot002/science-3d6d52d71e40/execution-829d7e11abfd_run001.json,b6533eb80f5ed4bb4a2c796822f3a879e2d167e261530b85f9e540e837dc0297,25dd53b30d0d17d5428b9172290c99246ad7fe285783b741dfd45432d7d4a755,diagnostics.equations,migrated
results/forest/output_4_128_rsl/unknown/output_4_128_rsl/snapshot003/equations/equations.json,a98a9a33179ec9b580f6c624626cee61d734241ea321d49d129f656bc0d8c094,results/unknown/output_4_128_rsl/diagnostics/diagnostics.equations/gas/snapshot003/science-a4faffe425b7/execution-829d7e11abfd_run001.json,6ba2b2898476c80b4d93eccc0847f4d2fcfbd3e2e0790d6b5fb7b5a2ac0a2e61,639ae223005ca3917883d392bffd6999ee1329030d4167a6e13099662e90981d,diagnostics.equations,migrated
results/forest/output_4_128_rsl/unknown/output_4_128_rsl/snapshot004/equations/equations.json,a6f61353ff4124cfc2928522b37056c612eb5b4efe47de228fa3945203f17c4c,results/unknown/output_4_128_rsl/diagnostics/diagnostics.equations/gas/snapshot004/science-a5179a9898e5/execution-829d7e11abfd_run001.json,8443ece0587c980cc4f3c82d17e64262931c4c751f52f9e03d18f7b5ca37f614,601ee082a7ccbb2f4c089a63f28c35f010a5eb31af26bbbd3a0a705ad915001d,diagnostics.equations,migrated
results/forest/output_4_128_rsl/unknown/output_4_128_rsl/snapshot005/equations/equations.json,8d60832d262f332cce7917e94d10b01c254e67abb1ecbadb6a156c9a4a648b45,results/unknown/output_4_128_rsl/diagnostics/diagnostics.equations/gas/snapshot005/science-3e2cd107d053/execution-829d7e11abfd_run001.json,c7b08be2a77643862d50a889d59bd9a3b0b31caf3d098bfce5da1a758d8c752e,5a7fb2e6a57202f86a04708f7753aa190897885a43d33ea4b7983b56fe0e7e16,diagnostics.equations,migrated
results/forest/output_4_128_rsl/unknown/output_4_128_rsl/snapshot006/equations/equations.json,fc8eb7897f9872b6b3dacc135efeb93eb2b166647e3c79f19bc7090c056b80ce,results/unknown/output_4_128_rsl/diagnostics/diagnostics.equations/gas/snapshot006/science-3173bc625723/execution-829d7e11abfd_run001.json,47543ca3d59f35ad57b1aa3f2ac687e2e30222d75af124955a6fc549944c8a48,18b15a830d4212a37c5035fd23c6c90fe321776716f6d9ab5b81febdc245f8d5,diagnostics.equations,migrated
results/forest/output_4_128_rsl/unknown/output_4_128_rsl/snapshot007/equations/equations.json,27895b3050b2cb6b6a9ce1b4675969bc2cce9fd76168f83d3701eb1d37309517,results/unknown/output_4_128_rsl/diagnostics/diagnostics.equations/gas/snapshot007/science-1f470020fa66/execution-829d7e11abfd_run001.json,d75eb8410dfb18f801e2d77556454bc4883f67566355e5f1ddd1504ba005d279,fd2fb9006989bf1da2bf9d245fafa92f75e3b4479458a44fc950ce6569ff37f3,diagnostics.equations,migrated
results/forest/output_4_128_rsl/unknown/output_4_128_rsl/snapshot008/equations/equations.json,6fbcffd5cba5a67a043f19ded92eb24bccf1247e2a9f2ef37993fd6244edaf39,results/unknown/output_4_128_rsl/diagnostics/diagnostics.equations/gas/snapshot008/science-8454d25e4ca6/execution-829d7e11abfd_run001.json,2ad3a969f0a41cd94d95b473d30d02e7b6899b122d9b15382d45d8ba28d91efe,0f37578f2476508b767e129417b2da8a816111262ef5a08cc1eaf5834929c640,diagnostics.equations,migrated
results/forest/output_4_128_rsl/unknown/output_4_128_rsl/snapshot009/equations/equations.json,e5fa6ee385210394af514deb81c2e79c2e5f2aefedff4f9f24e3dbe86934e052,results/unknown/output_4_128_rsl/diagnostics/diagnostics.equations/gas/snapshot009/science-4eb8f6ba91cf/execution-829d7e11abfd_run001.json,ab2bfbad2fc883793c6eebf560b1bef6121adaff4d24aa0206f72a7de20908ff,dc88a4e001043438dc738813e85aa218b81ce404ef0f777c09486f2a2a14dec9,diagnostics.equations,migrated
results/forest/output_4_128_rsl/unknown/output_4_128_rsl/snapshot010/equations/equations.json,77fa840f3487345b0caf79c2a6ce94ca762f8844ab3e33ebd1f6dd2a162f16a7,results/unknown/output_4_128_rsl/diagnostics/diagnostics.equations/gas/snapshot010/science-11e9d13b6213/execution-829d7e11abfd_run001.json,d03ba7947fc369e3728aa054f0be394ff2263cf4a73fa9cacf033ebc28df06f5,dc6e1fa0af32906ec30377750cf87a50773fbf918953f96f65d6b43c96a527a0,diagnostics.equations,migrated
results/forest/output_4_128_rsl/unknown/output_4_128_rsl/snapshot011/equations/equations.json,24f19ed96cb0ba87429919ad44c81811f6b4e7533bb605260f7a9db50acb277b,results/unknown/output_4_128_rsl/diagnostics/diagnostics.equations/gas/snapshot011/science-2e77541d3e52/execution-829d7e11abfd_run001.json,c6c444f2fe47bfbf7f2cca2396c09f59c2e7b8fbcb551be77c6730a96cb028bd,285764eab050d583e091293e10f06d757f1337c3903a2b8b3dfbaa87117d20d4,diagnostics.equations,migrated
results/forest/output_4_128_rsl/unknown/output_4_128_rsl/snapshot012/equations/equations.json,54dec71ab9fc525d3aa8b31d27f86704c95bf15226c3108ab653ffc151fcaaea,results/unknown/output_4_128_rsl/diagnostics/diagnostics.equations/gas/snapshot012/science-a9a030fef862/execution-829d7e11abfd_run001.json,285d8cb41bbedf35f1ced53823fc13146516d4d3e6c56160a2e16e232a9f26e7,aabece466c7a52d3272ecd2a6fc33bd2f8e2f18675f6a9ae93273f4db1cee451,diagnostics.equations,migrated
results/forest/output_4_128_rsl/unknown/output_4_128_rsl/snapshot013/equations/equations.json,2b17795b0ebbb9d866da1d5bd44ecbd4983c3dcfbe4f3a046e31a76698d475a7,results/unknown/output_4_128_rsl/diagnostics/diagnostics.equations/gas/snapshot013/science-56ad9f274393/execution-829d7e11abfd_run001.json,c98537e177747aba109fb7f9b78c55eff565eb27cd1243d400585012ede73fac,463559834706f02ec83f2e62860dd250e006dcfef0ca6f460f2591aacbb40e93,diagnostics.equations,migrated
results/forest/output_4_128_rsl/unknown/output_4_128_rsl/snapshot014/equations/equations.json,1c45e0fbc2c2f9baa7b68717ef1afddbb086f2e416491aef9b3644e36f313556,results/unknown/output_4_128_rsl/diagnostics/diagnostics.equations/gas/snapshot014/science-15a49dae4744/execution-829d7e11abfd_run001.json,3c5bf74f72551fba269ebc984363a509773d39821cab64bd8483ef6ea3853032,0cd6cb4f9fc465780f082132f5497e0257c8de686e9d8dd36ea07a4c2f20e018,diagnostics.equations,migrated
results/forest/output_4_128_rsl/unknown/output_4_128_rsl/snapshot015/equations/equations.json,673b965091e711b1ae5a86c360d030976103534a31a6d6e688a389fc97cb1727,results/unknown/output_4_128_rsl/diagnostics/diagnostics.equations/gas/snapshot015/science-b06758abed5b/execution-829d7e11abfd_run001.json,e0daf30d84a681e83516e6d138c0bf6057f43a94db3e1d198944d7e0bd9f6c60,22440d1ea23235ed9c3871fa685bcff22ed926de7b01b011f52aa1e8dae49cc6,diagnostics.equations,migrated
results/forest/output_4_128_sl/unknown/output_4_128_sl/snapshot002/equations/equations.json,e56658c2fcd8237f1b5fefba135bc547bc25a0eae5aaa20de8ee8884d0fdcfa1,results/unknown/output_4_128_sl/diagnostics/diagnostics.equations/gas/snapshot002/science-287b094f00bb/execution-829d7e11abfd_run001.json,1705be1dc671488d1ad01a5771a40af34e2e068bc8afbb08ba8995618a027020,74547b87d8a3503a9e2b3f358b9e0dddaf339b04c26e78eab557b39c763cca01,diagnostics.equations,migrated
results/forest/output_4_128_sl/unknown/output_4_128_sl/snapshot003/equations/equations.json,0dd15fbfe51ca9f5fe73738f226fb9512fdc215a1a153521e5ee356504839823,results/unknown/output_4_128_sl/diagnostics/diagnostics.equations/gas/snapshot003/science-656331319ee8/execution-829d7e11abfd_run001.json,1f8a94fed6254d6460cdb5876e619e909e0752048033ac3b0db0e87b7c4d4d42,0f13f860f53ee6855e38d7b423393f10532e535536c4aca4967476dc6ce0a5be,diagnostics.equations,migrated
results/forest/output_4_128_sl/unknown/output_4_128_sl/snapshot004/equations/equations.json,877272168ea98655f021ee6236d2cd27346c6a3027e0320e5cded43f111901a5,results/unknown/output_4_128_sl/diagnostics/diagnostics.equations/gas/snapshot004/science-21f52a333a51/execution-829d7e11abfd_run001.json,98ed71b69d7d60329a8206935380f69af16716ea14a3a0f2c2f504f9552f93f8,f070967eae489188e5873bda37a94abf00d26709d9457922c82b44bc341973bf,diagnostics.equations,migrated
results/forest/output_4_128_sl/unknown/output_4_128_sl/snapshot005/equations/equations.json,e69286466abb452c7a896c8e4624c000517a18ff8c51082e6f88845ef712a1e1,results/unknown/output_4_128_sl/diagnostics/diagnostics.equations/gas/snapshot005/science-a40b1318ef89/execution-829d7e11abfd_run001.json,7a807336cca927e4055ca572ca889e9accccf5892b9f81da43e26e28ccd69ab1,d8419fa0cd1e80b6837ba69e053dee67f75ad74d4c0089a2c168ad2e994fbaa3,diagnostics.equations,migrated
results/forest/output_4_128_sl/unknown/output_4_128_sl/snapshot006/equations/equations.json,f4b02a3ae85b930745f83fbd51c2459a50e09e3d21adf787e969b9dd19ba8bc5,results/unknown/output_4_128_sl/diagnostics/diagnostics.equations/gas/snapshot006/science-143051cce6b7/execution-829d7e11abfd_run001.json,0d74b091e9ae5d9c3910979fbb25991b97b03f906cacb868229b0b6397345a3b,c74208a9cdb44ed97fd7b859a2df31b556d82bd777e56370122652af56b8db65,diagnostics.equations,migrated
results/forest/output_4_128_sl/unknown/output_4_128_sl/snapshot007/equations/equations.json,639c3e7f9ce67112bbbdb81583ecacd1c52c46ec805bfaace1d5237a25023d5d,results/unknown/output_4_128_sl/diagnostics/diagnostics.equations/gas/snapshot007/science-fd014b391924/execution-829d7e11abfd_run001.json,7721c033272be7ae64228e56ab5ce96a22c51ebe3bfdc164d3228c6850df0078,364b529f1d9fe32c07a2aeb5ecc7f49ef2bcedb6bc2469b6d3c9267c67526f7f,diagnostics.equations,migrated
results/forest/output_4_128_sl/unknown/output_4_128_sl/snapshot008/equations/equations.json,915b7c01e4bd1431bb4a85612a3ab44d3a815e2a671dc7609c17625fe16bd90d,results/unknown/output_4_128_sl/diagnostics/diagnostics.equations/gas/snapshot008/science-474e6385d682/execution-829d7e11abfd_run001.json,930d99d6a1032b6c8f09d538cf41d1a2e2f2f66a1f84ed3308cff34f76f9c601,3c52ae61443a0671ad834da0100966a9073daf42e8e056805510cea6a6af5d0a,diagnostics.equations,migrated
results/forest/output_4_128_sl/unknown/output_4_128_sl/snapshot009/equations/equations.json,3e90cea492c0037094fc16e16f4127ed5ebeb64b373c907d4f9e56468335175e,results/unknown/output_4_128_sl/diagnostics/diagnostics.equations/gas/snapshot009/science-365b94394a7a/execution-829d7e11abfd_run001.json,0c59557c8163b1e43358139fc5982882ac0e27556f63533e35851465e51141cf,ee5434480193f4f08f378b88a91cf5fdf55ea0eb4ae5f897fef37ab482298d55,diagnostics.equations,migrated
results/forest/output_4_128_sl/unknown/output_4_128_sl/snapshot010/equations/equations.json,9ae2ce12471eaa542de5f4574df86e231d4280a015c8e2156c0c95df74a80c15,results/unknown/output_4_128_sl/diagnostics/diagnostics.equations/gas/snapshot010/science-b4afc1eef183/execution-829d7e11abfd_run001.json,57d7741fb7b6e6ca763cc7112039b67c41761a58dc45370d8abf5e24ebc1027d,1372ffe1084ac69712b3862336f4333762c8996b9c1610ddad4c4d02b580c79a,diagnostics.equations,migrated
results/forest/output_4_128_sl/unknown/output_4_128_sl/snapshot011/equations/equations.json,f9413d6461ef3773701627b7f5e53172d1762f944d0a8a32cb142a4e4715fc7d,results/unknown/output_4_128_sl/diagnostics/diagnostics.equations/gas/snapshot011/science-cdc616e4dda9/execution-829d7e11abfd_run001.json,844cee11619dd55089343c5f082b2d50fe6ad8da9808045bc71bd7b771b09b3a,ee1af8e254732c8ed9ca35e69a7556d9a413914f70875b4bc58698b14885ca4a,diagnostics.equations,migrated
results/forest/output_4_128_sl/unknown/output_4_128_sl/snapshot012/equations/equations.json,8c1da04deb2a0d043b9305ee3a4ef9039d0fa82768f73220d11830f5a1a1f24f,results/unknown/output_4_128_sl/diagnostics/diagnostics.equations/gas/snapshot012/science-85736af3e2e3/execution-829d7e11abfd_run001.json,23e814a3b27cceea1a96f51afef0967de7ea6ab8b5f8f2c40a3e7ca03052a9b0,090e322e1e8ed4679a38208dc5abc3a8c130da17751905ff89d86055af8cad97,diagnostics.equations,migrated
results/forest/output_4_128_sl/unknown/output_4_128_sl/snapshot013/equations/equations.json,230c8eb80d1571cf054d2d6a9ac95dbb0c91400f3606d1ef4006b323ad58b597,results/unknown/output_4_128_sl/diagnostics/diagnostics.equations/gas/snapshot013/science-33c595bc7c4a/execution-829d7e11abfd_run001.json,6efb478a51a308fd8116c5339623918e7a8c056c26d81220bc44a1422bdf2ccd,0afdc301ebcc5b6d860abbdd860be6c70d4fb37225c98f6a9e5f0fe85bf2bb4d,diagnostics.equations,migrated
results/forest/output_4_128_sl/unknown/output_4_128_sl/snapshot014/equations/equations.json,29283d4f96b19e2322006b085aacd536428e4a4ccecdcba476fbc3f47f075380,results/unknown/output_4_128_sl/diagnostics/diagnostics.equations/gas/snapshot014/science-4cf6b4556704/execution-829d7e11abfd_run001.json,8f1b4a688129c579ea5224d1c4f5d3da9636f17d7599c857760f743389b5b818,fc79e146e1f4279bbbc7774d4b81ca72fba069c4ac303f0a25e763a8427ea74c,diagnostics.equations,migrated
results/forest/output_4_128_sl/unknown/output_4_128_sl/snapshot015/equations/equations.json,4ac3f7a951eb8c7a3270f1fae42dcb1ac6d9df9cd630b125c453783d7d0f07b6,results/unknown/output_4_128_sl/diagnostics/diagnostics.equations/gas/snapshot015/science-ba4f5ac10934/execution-829d7e11abfd_run001.json,ae11ec033bd4601a8f2e9b231753f94e23d94d571941ffc6d812079042a67b09,94294c039e56df070d0eda5ba7aa21e695575c1c7b3c0ff771a07c5dda187228,diagnostics.equations,migrated
results/forest/thesan/Thesan-1/snapshot080/equations/equations.json,707026eba7554daf3e6018fbccd07214a126bf1db1715f231cbeca2454a10157,results/thesan/Thesan-1/diagnostics/diagnostics.equations/gas/snapshot080/science-48b3902640b8/execution-829d7e11abfd_run001.json,9be9c847498e942b037364781bc4f2b01cb0989cc441401d5bc697be4d83de35,31177ef2ace6e41280ed3abf1e744e37909c054ec85b58ce6bcdd7a075269ec0,diagnostics.equations,migrated
results/forest/thesan/Thesan-1/snapshot080/equations/equations_davies10k.json,2eb131dee61688afe345297c6b5b67a0955d00f81542e8d26213df6b8ac76647,results/thesan/Thesan-1/diagnostics/diagnostics.equations/gas/snapshot080/science-c96633188a5b/execution-829d7e11abfd_run001.json,7ee407d60ed934b8c475a586662d078d555016caf90d9abfc704c8f90ed9f684,6343d8327211bcfed919140a9d8819b940a201e7a900feeb678c1366d6b9879d,diagnostics.equations,migrated
results/forest/thesan/Thesan-1/snapshot080/equations/equations_from_parallelized_23af5552.json,3b143454fd13cd17fc0d130ac34c5128c8f3dfd3f76afa16db778bdf66c1ce95,results/thesan/Thesan-1-parallelized/diagnostics/diagnostics.equations/gas/snapshot080/science-48b3902640b8/execution-829d7e11abfd_run001.json,43ccf673f5ab430f532c49eb552d57227d69e6ea11430fe83b701128a9bc6436,e040aebe0446c85b482d899f9a9cc4db6fc9205ce95a8466e93fbdc11dc0a358,diagnostics.equations,migrated
results/forest/thesan/Thesan-2/snapshot055/equations/equations.json,bafdc88cfe2bfa80c9f1f35e80febab5942cd9f37e1394af516b94ba30a2ddfd,results/thesan/Thesan-2/diagnostics/diagnostics.equations/gas/snapshot055/science-76edb267d679/execution-829d7e11abfd_run001.json,a639b610aef54cbbfa2e1772825def5310c7acfa177e47720b9b60bd176b3e3b,b4adcbe84092fe9cbebcf6a12050afa9fe61a00cfc28e70ba2a0afb874cd2c01,diagnostics.equations,migrated
results/forest/thesan/Thesan-2/snapshot055/equations/equations_davies10k.json,cf07a204883fcf77b68d66ba1f01e61ece0aafb6a6159ab3e978369b7d9f5a36,results/thesan/Thesan-2/diagnostics/diagnostics.equations/gas/snapshot055/science-4f4c8942773a/execution-829d7e11abfd_run001.json,dd5f487e95893034a69ce4c06ceab5790a0b7913bfd545a611386344422841a8,af4b25fce440ffdc59be8451ddb103261ae53ce2ddc18a52a92ed544e237f17f,diagnostics.equations,migrated
results/forest/thesan/Thesan-2/snapshot060/equations/equations.json,a0be67af1d35770b436805f79826f1762155e932362897cc39f3380bfdecff67,results/thesan/Thesan-2/diagnostics/diagnostics.equations/gas/snapshot060/science-679a99e8c5d8/execution-829d7e11abfd_run001.json,7d7dd1dcdbc0dfa9cc662fd903bf61c7cbf7e5d8fc0e5bf9c91aed44a5891af4,9ef2b8c2bd9a476337d53f03bf532d6182dc1eaf87d8e256adcd186e916ade8f,diagnostics.equations,migrated
results/forest/thesan/Thesan-2/snapshot060/equations/equations_davies10k.json,32e3720af93205c03b0a509c819a6ecafb2a3c1d2e0a2a658b2787a1b0b87295,results/thesan/Thesan-2/diagnostics/diagnostics.equations/gas/snapshot060/science-af29864cf720/execution-829d7e11abfd_run001.json,0ddc83be55ff82f55fee23a0fa8020ea78d38e7630ced6ebd5c4b877316ab109,4260d34f9686e50e346c55e4339250aca27902691a12272e05df4de7c69d6636,diagnostics.equations,migrated
results/forest/thesan/Thesan-2/snapshot065/equations/equations.json,72df21a4b37f600835a8d3188f894e385a9ce6c4e8abe003ec7e412ef3c993c6,results/thesan/Thesan-2/diagnostics/diagnostics.equations/gas/snapshot065/science-5e05e9855733/execution-829d7e11abfd_run001.json,3ea5cdcf91f64eec143c20a1744a86a9b3819f49ac5753aa7c250d52828406d1,72eb1bc001931e2aafe13da0a7cce3fa12e10f192913e28621f3478eef5122bb,diagnostics.equations,migrated
results/forest/thesan/Thesan-2/snapshot065/equations/equations_davies10k.json,c44029cf1cfa5b9f1f4df98cba7d8f815877fac06f3aaaa680416492be378722,results/thesan/Thesan-2/diagnostics/diagnostics.equations/gas/snapshot065/science-c5ccad51f8c6/execution-829d7e11abfd_run001.json,2ed11f2b9f099006ec94ca3f7a8eb6a10e15f1a1be3925b3eeb2c8b9751a4d92,02e120d31683781cae44f466d8ff8375beae5fe7e800833c142ac09fc824b470,diagnostics.equations,migrated
results/forest/thesan/Thesan-2/snapshot070/equations/equations.json,07e74fe437c2f158250158f6324d5b42e5db2081f61fc2469d991dd3c70aea46,results/thesan/Thesan-2/diagnostics/diagnostics.equations/gas/snapshot070/science-374a2d545727/execution-829d7e11abfd_run001.json,73d4becb9f22f6a067b9708007a5eefbfba6356787b3c3ef29898f2f05f7e81d,c55a20fef2261d3618d1a4b204810b85474a40c534cab050a6161965bc39a454,diagnostics.equations,migrated
results/forest/thesan/Thesan-2/snapshot070/equations/equations_davies10k.json,737bbb8554e87fe7f02e779467ead096c2e0f2fbdb60da1e6b014c3aa5c129ca,results/thesan/Thesan-2/diagnostics/diagnostics.equations/gas/snapshot070/science-bfba61ca6df2/execution-829d7e11abfd_run001.json,804070cc671bc36b81d717f04336b14d4d24324d9c2e62a105ff6d8bbc637fc8,00e665e1569ebf9167e6710ffbfcc2a4bae9e45979241e61783f5c409710253d,diagnostics.equations,migrated
results/forest/thesan/Thesan-2/snapshot075/equations/equations.json,7f073e608b58dc94012acec8eb3de49b0ea73346122954212853394c65cfa961,results/thesan/Thesan-2/diagnostics/diagnostics.equations/gas/snapshot075/science-700258f060a3/execution-829d7e11abfd_run001.json,3db94c098e50ed385ef51f87c2e32adcd976525df8ce87bcf5fe7d28a2ca3684,7d8173ffb1cca656b0e3e5f6cfcb73a8b3285cd118f25d0055a8e609b58eaa1c,diagnostics.equations,migrated
results/forest/thesan/Thesan-2/snapshot075/equations/equations_davies10k.json,fa343f00b83dba9fb2d9eded15e0445433f443a9705fd80665952eaecc229342,results/thesan/Thesan-2/diagnostics/diagnostics.equations/gas/snapshot075/science-03386cfb6e06/execution-829d7e11abfd_run001.json,bb2f7a5b6628f259f28ce1a992fbbb629e1e4f7cd72d0f1acc1479205292ef17,78c93a6dcc6a664433afe837efbb06334b122884f6977a6b01ffada2efb5e3c0,diagnostics.equations,migrated
results/forest/thesan/Thesan-2/snapshot080/equations/equations.json,5695aa25c1ff5bc7438858a79c6b8a7851cc2c83541a79ae5aabe1b998c944fb,results/thesan/Thesan-2/diagnostics/diagnostics.equations/gas/snapshot080/science-3346ccabd350/execution-829d7e11abfd_run001.json,83a5021607e83adc5b70469dbd9b176254daacf4eae31f18c6a734de7d0f3bbe,09970278777afb04957d7c11b59bbb49b287486015831c1b7b3ca2a3aaed102f,diagnostics.equations,migrated
results/forest/thesan/Thesan-2/snapshot080/equations/equations_davies10k.json,a1d5328c0ba3d917247bb427bc705a77f0994dbc4373fbc38059103b3a48ed7a,results/thesan/Thesan-2/diagnostics/diagnostics.equations/gas/snapshot080/science-4540c5c7ff63/execution-829d7e11abfd_run001.json,e2a86a24545372da5e0b2475e1682b4ddde772d896fcdab84b64f5380e0f2714,4396d3448e46f81e9c93711c7a50cb1520e802c63c29e1d03a97e2d1b790b2aa,diagnostics.equations,migrated
results/forest/thesan/Thesan-2_local_before_pull_20260724_164224/snapshot055/equations/equations.json,83e2b741138df6ca8948c0cbed7bae62c79ad8dc118ea9561b2ba3868d020f0e,results/thesan/Thesan-2/diagnostics/diagnostics.equations/gas/snapshot055/science-21114b26c10d/execution-829d7e11abfd_run001.json,7f0bc2e3b7ab3a23d6fca8c5aa85b246abb844134af569ef79689a243083e237,1aa3f4707b15418014a6905c642dde3e74b6b66c18e81ae6c83c06a640d81ef4,diagnostics.equations,migrated
results/forest/thesan/Thesan-2_local_before_pull_20260724_164224/snapshot055/equations/equations_from_results2-forest_parallelized_325e2317.json,7e05a7b4b32bebc4bab5d0b5cfb09390acbca1b6599db93c1c0ad4e907d81b9d,results/thesan/Thesan-2/diagnostics/diagnostics.equations/gas/snapshot055/science-ca40541a76ac/execution-829d7e11abfd_run001.json,87f0b593e4fc168e38c2c6cd2a0bc8002aa9e79066efaab7c13125818b75312e,578613c2a9ad58d2ecc7baf3cf43df3a31ee633fc91316106e88805064c09b2c,diagnostics.equations,migrated
results/forest/thesan/Thesan-2_local_before_pull_20260724_164224/snapshot060/equations/equations.json,1771b77b277d6866a2f4f3d26c8b06e435ab8aa1fc42d9486420ccc38c06f5df,results/thesan/Thesan-2/diagnostics/diagnostics.equations/gas/snapshot060/science-b57b1413e6a1/execution-829d7e11abfd_run001.json,e6e1c24bca05c970bb50e5d49568767d8b5e9bf4dae50362a06a18a0bbdcb114,ab2348969b2f80da743952a1ba0971d12919b57dc6eecbed5f17b8a517bfc110,diagnostics.equations,migrated
results/forest/thesan/Thesan-2_local_before_pull_20260724_164224/snapshot060/equations/equations_from_results2-forest_parallelized_48821131.json,db1742675f4e4d89175fca3f04005af6722c797ae5b2460176b7940070cc8625,results/thesan/Thesan-2/diagnostics/diagnostics.equations/gas/snapshot060/science-f714598df5e7/execution-829d7e11abfd_run001.json,22cc8c8bdc21500c46abc427ba0ebb8a20b08c733221d764f9a02e483caa512f,7916a58b6e2239b97491b6bd6b5d3d5f8041b132a4aa9efb7eef4fe01ae91365,diagnostics.equations,migrated
results/forest/thesan/Thesan-2_local_before_pull_20260724_164224/snapshot065/equations/equations.json,bd1265804ebf7940ec873c0c595d7fcdc9cf58ce9053173e3b41a3a4ab9dabaf,results/thesan/Thesan-2/diagnostics/diagnostics.equations/gas/snapshot065/science-61d3ea87e877/execution-829d7e11abfd_run001.json,0d482bed4c1d07c101d7785f6c7280f8d93e3096a0f5ad964dfed17a73572b41,0d9b2cc4f3c97316d07ec325c68e850f6341a7a8d345d226353885f2cf511045,diagnostics.equations,migrated
results/forest/thesan/Thesan-2_local_before_pull_20260724_164224/snapshot065/equations/equations_from_results2-forest_parallelized_b92345f8.json,3fe3e8a1bec7d3c2544671914be9fde460a3f63ecbce769956f43e329d3053bc,results/thesan/Thesan-2/diagnostics/diagnostics.equations/gas/snapshot065/science-fd2e3413a3a9/execution-829d7e11abfd_run001.json,518d51d3975894c0b8415cbcd2d1b35565e88a24b9a4040505ae30019aa275fc,74f1ff9776f0cd457e5dd55bd6126ca5c3916a3ba68dc29677e1e98e171a2f3f,diagnostics.equations,migrated
results/forest/thesan/Thesan-2_local_before_pull_20260724_164224/snapshot070/equations/equations.json,b44916f6c5a5f82d61c9bb5398997cb584414eba19ac4aa909db1e8ac5fca9ce,results/thesan/Thesan-2/diagnostics/diagnostics.equations/gas/snapshot070/science-b2a6d8963029/execution-829d7e11abfd_run001.json,bac5975657f540b4ee8bb49060d859dd08b92b575c98fd092f402c0f6b9dd4d0,6d25305cc1b8e57c914922041d45a3f65aa933ed0090cb63286da6f47340a28f,diagnostics.equations,migrated
results/forest/thesan/Thesan-2_local_before_pull_20260724_164224/snapshot070/equations/equations_from_results2-forest_parallelized_d1f4d431.json,9bcd453c4a1d073fd205b6026e4c752fb129f8b417c65a4ecabcc2abdc3a65c2,results/thesan/Thesan-2/diagnostics/diagnostics.equations/gas/snapshot070/science-0fceda454bf5/execution-829d7e11abfd_run001.json,5bca2db333b9355d3ae7f532a6902bfee65a5b2d86ad338118ce819f40c9a973,201d43391e7678b17514b7f5c19da7503b0a722711c4e515db06e4e78f6f9f8d,diagnostics.equations,migrated
results/forest/thesan/Thesan-2_local_before_pull_20260724_164224/snapshot075/equations/equations.json,518e967d7cf86454f35ce504ac97f5903cfb2f24bf1bd15b365f7ba2de14b295,results/thesan/Thesan-2/diagnostics/diagnostics.equations/gas/snapshot075/science-996ea64ca8bd/execution-829d7e11abfd_run001.json,ec7f5451e798e67758874dd5ea969b3059e9757693e70d795ca57a58dcc6ba06,3a5c683377e062ab9f64ea7d2fce131ba5ff9c852417ee0b31d64d01997d7d0e,diagnostics.equations,migrated
results/forest/thesan/Thesan-2_local_before_pull_20260724_164224/snapshot075/equations/equations_from_results2-forest_parallelized_d179540a.json,d02a9053ba9b0af80742c521c8ed7885abfc8cd2004cb096fb1962ab65746165,results/thesan/Thesan-2/diagnostics/diagnostics.equations/gas/snapshot075/science-82e4f497c1da/execution-829d7e11abfd_run001.json,e43faf02e3a4139153bf72275fb07fa1f7c1932caaf3aadaa310b3843695140f,f8f364ccb2c9dd614d8dbd5cddd9613eec960c6f92f56a6a492cf5ccdac35d6c,diagnostics.equations,migrated
results/forest/thesan/Thesan-2_local_before_pull_20260724_164224/snapshot080/equations/equations.json,8104e665e82c36351d6c4bde4a00f48a2fe0eebfa2d8e8c9174dfe5903574352,results/thesan/Thesan-2/diagnostics/diagnostics.equations/gas/snapshot080/science-a9f164697b54/execution-58def760728d_run001.json,ae9102554d65c083f4ee02023b5f26d3ac5dafd8327b1fca02e3c5423d0b4e4e,f2004ba3cc2742f2e9a6e0b6d314209eebea6d0b7c2530453d93c241655fbc2c,diagnostics.equations,migrated
results/forest/thesan/Thesan-2_local_before_pull_20260724_164224/snapshot080/equations/equations_from_results2-forest_parallelized_2de4b7b4.json,30297deab43aa40366a8d0edc589eb5874da81dd0aa54983f368a01f7ab95e14,results/thesan/Thesan-2/diagnostics/diagnostics.equations/gas/snapshot080/science-2107884c42d5/execution-829d7e11abfd_run001.json,23a61e23f534dde46e3f91d43607c87c57b025a9f51963f40fbe4bba48fe3a99,32ef8e64d56889930a956e94ce38cfd2d7d2787fcc8f72bb30088cfc568d0bc8,diagnostics.equations,migrated
results/forest/thesan/Thesan-2_local_before_pull_20260724_164224/snapshot080/equations/equations_from_results2-forest_parallelized_3c25f2f5.json,fd9aa15d49763bdb41f65b2f6bfbb21a766c2af1c31804aba4244832ed31f3e2,results/thesan/Thesan-2/diagnostics/diagnostics.equations/gas/snapshot080/science-efacc9a1a67e/execution-829d7e11abfd_run001.json,49e19923dbbd8f447d678876d571da7851a383ddf926ec9daed43c1284a43b5d,f05eec3edaca646516af0bf056ba4bd580f51dfc9932a7df6167b9a950f1287d,diagnostics.equations,migrated
results/thesan/Thesan-1/dm/power-spectrum/mas-only_both/snapshot081_grid256/threads8_run001.json,3804e91cd73412212dbff24aedd701c4032486d5dbc6f0da0c75d76b18be5dfb,results/thesan/Thesan-1/power-spectrum/power-spectrum.combined/dm/snapshot081/science-f5f2420bbc3a/execution-dad87b62e8e5_run001.json,21c3c730509ec85e08c27ae6be2405fa1ab9f70394ffeb5c51537aa8a6c1f040,84d6e7634faf9260e3d8db343c3bd52967c419ff858ebef00b209177e86e21cd,power-spectrum.combined,migrated
results/thesan/Thesan-1/dm/power-spectrum/smoothed-pylians_both/snapshot081_grid256/threads8_run001.json,9972f79834675c38a8fc0c7b2a8800a550038bfa719cf49ba4236de880696a1a,results/thesan/Thesan-1/power-spectrum/power-spectrum.combined/dm/snapshot081/science-17d2ab45106c/execution-9c0eeb45174c_run001.json,d636401deab6e42b530395e51c8b6d9721a44c026583777a8d77380f374d02ad,4c154a82182c1f9b8b8140290b3c7d51950d5003b4cba8f934d2f225d41d40c2,power-spectrum.combined,migrated
results/thesan/Thesan-1/gas/power-spectrum/mas-only_both/snapshot081_grid256/threads8_run001.json,49918cd94a18c25ab759bae985b71eaa42f9d646df547862986a5ac9e2b932a1,results/thesan/Thesan-1/power-spectrum/power-spectrum.combined/gas/snapshot081/science-7b355afe1a05/execution-dad87b62e8e5_run001.json,a7176d9f289c0b8dad9ea16d378de8c425dcd680fab0fab17b30292ba1cf7bd0,80854f31484c2f42d384cbe754dbaa1e971e816ac92e2e61b5d38c885df1a27e,power-spectrum.combined,migrated
results/thesan/Thesan-1/gas/power-spectrum/smoothed-pylians_both/snapshot081_grid256/threads8_run001.json,c6eb690ab3f70d5b585828c5033993cb95142585356d4f74bc708bba27ffafb2,results/thesan/Thesan-1/power-spectrum/power-spectrum.combined/gas/snapshot081/science-2066abad0bb2/execution-9c0eeb45174c_run001.json,79b749368273de5a5812d4b3c0365ca52361599871ef88937c8e13979ef36859,2203eb78e1413ec8ba22736f0ced8646ca359d0231f083578cf4aaf1a7c98277,power-spectrum.combined,migrated
results/thesan/Thesan-1/gas/raw-volume/snapshot080_grid256/threads1_batch1_run001_rawmode-electron-hii.json,d4812d2864511666c246f6678792c1152f0d19d48422c083377498dd3269b438,results/thesan/Thesan-1/clumping/clumping.raw-volume-weighted/gas/snapshot080/science-a49c35ec8aaf/execution-83be40a864d4_run001.json,a6cfb7f51782c454f0202f0c983ab11b417fef86849447b4b1424c729b6359ba,a8957db51007cff66acab40053dbde774dedd78d502ba1db999c4c3aae379733,clumping.raw-volume-weighted,migrated
results/thesan/Thesan-1/gas/raw-volume/snapshot080_grid256/threads1_batch1_run001_rawmode-hii-density.json,9ddd85d5945ac87ea31f42a2d3ed2bc00158495f291b7363409c95c41898d3a5,results/thesan/Thesan-1/clumping/clumping.raw-volume-weighted/gas/snapshot080/science-0c852644fd7f/execution-83be40a864d4_run001.json,f2e3b17e572557715eba4779faefa02f961c62d7bcd0629d985227754f53a1e7,29daf2eb140bdb23e6837d6cbbe8b4dbb3e518d849d6ab8adf74b46d9a9a715e,clumping.raw-volume-weighted,migrated
results/thesan/Thesan-2/dm/power-spectrum/mas-only_both/snapshot080_grid256/threads8_run001.json,2bd857a73e030a195cc6f1e123b7847714872ae93c697d12f0776cb11a3f0a57,results/thesan/Thesan-2/power-spectrum/power-spectrum.combined/dm/snapshot080/science-1fc76caed350/execution-dad87b62e8e5_run001.json,c6fe275ad21f8552f33cd96db143daec467d24c5748d98d155179448a361df25,316e80ad33fd12dc4f872e6e53568780bb60eee86362b7c505009538c7bf15b9,power-spectrum.combined,migrated
results/thesan/Thesan-2/dm/power-spectrum/smoothed-pylians_both/snapshot080_grid256/threads8_run001.json,c0da8a51c22e63bffcce34bd712e1c6e464c1ab783fe1957d58d8391654718b1,results/thesan/Thesan-2/power-spectrum/power-spectrum.combined/dm/snapshot080/science-68a81935a77d/execution-9c0eeb45174c_run001.json,663615fb4f4a7c09892f2091e1970248e33f9f50280f038a83d7792928c7c86b,d32cc7a0dc3b07b10ea3dfaae0cd1a31637c70867bc60dda7996b52969c55cff,power-spectrum.combined,migrated
results/thesan/Thesan-2/dm/pylians/snapshot000_grid1024/threads8_batch1_run001.json,64d55e63635d0ebe9059d31c5a2ce0dedf8905152fca69947ffec3bc700e9857,results/thesan/Thesan-2/clumping/clumping.pylians/dm/snapshot000/science-86fb660b8242/execution-7f2a6ce7505e_run001.json,1d76154915c21db546b397a3a0518bd2773ef36a9950b785c19d2685363bd59d,78c8c82194e1ca436ab2cd2415b54a79ce3e3c721ee0c92f40ec02f255b17802,clumping.pylians,migrated
results/thesan/Thesan-2/dm/pylians/snapshot000_grid256/threads8_batch10_run001.json,a9a9216f381294626eaa50736829465eb77cef8d402dcb3e14aae063d4c7b7dd,results/thesan/Thesan-2/clumping/clumping.pylians/dm/snapshot000/science-692b46a62ece/execution-9f75ea8b7ed8_run001.json,8cd818d7b569daff9cec2bb6850edb969a4eadfd57156c4ddde1f1510f73f3c4,2deb98ed8669dcedbed362a4f2a7b2b6121167ab9ef2a4a929e1d8d121ca69ba,clumping.pylians,migrated
results/thesan/Thesan-2/dm/pylians/snapshot000_grid256/threads8_batch2_run001.json,c241d6ab72d4e7bff1727c9c505db1633990b33c79a1d18226bb8302cbc6b1a4,results/thesan/Thesan-2/clumping/clumping.pylians/dm/snapshot000/science-721983ddea8a/execution-251b4ff45708_run001.json,b67704de094a60ce8a6ae115c4c44add53bebcb7e151110145fa1d0e34e5a7cf,034d3fa418dbffbe66e1a06b72d3be3599b0600c218dec9492018d72b482ff06,clumping.pylians,migrated
results/thesan/Thesan-2/dm/pylians/snapshot000_grid256/threads8_batch4_run001.json,bbdd39b8e088a62180bb84802e4a10bb265331f00e41959f83172a04aa970ea8,results/thesan/Thesan-2/clumping/clumping.pylians/dm/snapshot000/science-8dc0a4e8b5c0/execution-233f223cdfcc_run001.json,df7a16fa546b87e3f49a7efb53ef1e3ee876156c5fe53a2816e69c5374e1e3e7,67e88081fbc5a8b40e58939342ebec9f2ba666295f01454b41c3d518e9b6a42d,clumping.pylians,migrated
results/thesan/Thesan-2/dm/pylians/snapshot000_grid256/threads8_batch6_run001.json,ed5bbede8005497ea9f1b282699820557a76293bf55a9f9c535235707f2634c3,results/thesan/Thesan-2/clumping/clumping.pylians/dm/snapshot000/science-15312a96c405/execution-56f46aaea95d_run001.json,3589584e0ec6cc19f4889e37ceca3c29f24f6794cd81febf4f82f9f46156ff38,a62ec87c66d236a92694ac3370c4821ac071da2c05c547fb8ac9dba6d2fa8b00,clumping.pylians,migrated
results/thesan/Thesan-2/dm/pylians/snapshot000_grid256/threads8_batch8_run001.json,58ed9437d384d24249cf5d0d2654e60191085ead908b0597ab5277127dc2586f,results/thesan/Thesan-2/clumping/clumping.pylians/dm/snapshot000/science-477b35ae06cf/execution-ea5492053f7b_run001.json,f5055648c2e613f7d69fb9e2f71fc7381122efd914ddf2e75856f7b6004c7fa1,03e2a95e50ea68edfbc0c4ed537dddd1e81a8d72eb3c8fb2393bb8ffffac6c6c,clumping.pylians,migrated
results/thesan/Thesan-2/dm/pylians/snapshot000_grid512/threads8_batch1_run001.json,c80576d83698a7cb12bd4f1249827d42aeac683bc70202650244ba2ad81fd71f,results/thesan/Thesan-2/clumping/clumping.pylians/dm/snapshot000/science-e26ec4ad8243/execution-7f2a6ce7505e_run001.json,49785c05c32e8534e3700add370bcbcdaf2b4bc0edd50829cef2966af7f05ad5,3ea7db41ed5c73a139cc82439be1e163caa77c6e5b7dbd8aaadf4e9e3bbbc6ea,clumping.pylians,migrated
results/thesan/Thesan-2/dm/pylians/snapshot005_grid1024/threads8_batch1_run001.json,5e694161adcfc7b9ba6e88a2ffa1d445cfa94df6dc8596506904b5e577088c99,results/thesan/Thesan-2/clumping/clumping.pylians/dm/snapshot005/science-cb8a9c8a35b7/execution-7f2a6ce7505e_run001.json,a2f59f5fbcda0667cb9023382938a9bbdceab015d956435036871131004f9203,1ea6215e7a71465d96c5f78154e5db51631f1d95d288288782ec5cc0fc743cf4,clumping.pylians,migrated
results/thesan/Thesan-2/dm/pylians/snapshot005_grid256/threads8_batch10_run001.json,6b677ea8de3ca64f402b07e73bdd9e8bcc74bf5164918c586bb894bd5193738e,results/thesan/Thesan-2/clumping/clumping.pylians/dm/snapshot005/science-188f871e50d4/execution-9f75ea8b7ed8_run001.json,0a50f04940fb327baf89f3d0c8a2950f22a1471921cf14a795c5fdc4a2806330,863e2e5baf8c4f306fcf8e14f845d1775966963b268b27372f0ca414d6b43d05,clumping.pylians,migrated
results/thesan/Thesan-2/dm/pylians/snapshot005_grid256/threads8_batch2_run001.json,db9aa3ed86aa1c0d766f66e9b2f331232ec495f020478c4f826d884629d83d93,results/thesan/Thesan-2/clumping/clumping.pylians/dm/snapshot005/science-a11833322962/execution-251b4ff45708_run001.json,eece8b0918e7171902c3720cd6fc13b0dd0d04646e2e1fd69ec61795b935b0a6,b6e878a124e16548de2718c672a2e674801961de7d159d2cc80d43c70d95a555,clumping.pylians,migrated
results/thesan/Thesan-2/dm/pylians/snapshot005_grid256/threads8_batch4_run001.json,06de8bedaf83f5f692351eba2958ab20cf006c23c210d42afd640257e340b60e,results/thesan/Thesan-2/clumping/clumping.pylians/dm/snapshot005/science-24abd545ac9b/execution-233f223cdfcc_run001.json,8b769fdb4f035c5b9b95d99f1ca2b2927bfd8d82685be60668a63e7e9ee521db,2403f1089edfe78e7b11929e2cf54eaf98d15c31a141faa5f906d524a971282c,clumping.pylians,migrated
results/thesan/Thesan-2/dm/pylians/snapshot005_grid256/threads8_batch6_run001.json,9728e874a02e32ab31d52fe0149e6c2f1c166477d1359ce15ddf1869e22ffa63,results/thesan/Thesan-2/clumping/clumping.pylians/dm/snapshot005/science-66c641c53071/execution-56f46aaea95d_run001.json,85bc952168e93c03159f9caeaa979d26a6e152a6934faa4e3ba26eb214a1f394,499f19ae2f06cc9ef525db68fae8cb3e12757d26cafde714b6bdb61142f5a3ad,clumping.pylians,migrated
results/thesan/Thesan-2/dm/pylians/snapshot005_grid256/threads8_batch8_run001.json,28c277fd490881bd21554c093d31b2b20b141788a4d27afb7e2c68e126bc6fce,results/thesan/Thesan-2/clumping/clumping.pylians/dm/snapshot005/science-ad0df01152c1/execution-ea5492053f7b_run001.json,82c968e853293d3dd86f6d78f76b5c2ca48340bf3de7cbf1f4942babfb952e93,3990a8abb8d6286921a8d6efa42d868bbc2adf298693cb028f5dea212dfb0b3b,clumping.pylians,migrated
results/thesan/Thesan-2/dm/pylians/snapshot005_grid512/threads8_batch1_run001.json,abda6677946eb2b4346f39a2363c2e2c974463817645cf4499d12c1be6d1db2d,results/thesan/Thesan-2/clumping/clumping.pylians/dm/snapshot005/science-2d12b1b42c84/execution-7f2a6ce7505e_run001.json,c607e75b82eb9a90ee65555fd5448b260bbe8cba372c926e2cd22d5152e23fc0,0556a3c5da48e59ea271a3059140534551505a5c51f94c56f43210ae99c04338,clumping.pylians,migrated
results/thesan/Thesan-2/dm/pylians/snapshot010_grid1024/threads8_batch1_run001.json,fe04ce47cadbcb481a6cb8ab282d1f1446f5e6f0ec8e0b5b35fc9ce33c52a57d,results/thesan/Thesan-2/clumping/clumping.pylians/dm/snapshot010/science-6248a8ef236a/execution-7f2a6ce7505e_run001.json,fb153f4f0988924303799e48d76576851979901ca15cc27dbfee1004b9427a58,9c3330ccfe58b7c9baffe1b71fb9a8b65dfe8e7b75bc18684de1e74f6e59838c,clumping.pylians,migrated
results/thesan/Thesan-2/dm/pylians/snapshot010_grid256/threads8_batch10_run001.json,d4e79c998ee95f8313b8c92f4c2db5dfaff7f015b5207d340f5b2867822cdaf4,results/thesan/Thesan-2/clumping/clumping.pylians/dm/snapshot010/science-84d278cb1ec1/execution-9f75ea8b7ed8_run001.json,b28fe82868259925914a2618dc44e9c7d7753c23ae76dbe2e0376b15c50b3618,5892d1fac119bfd02b47175afd122a7f7d78d9ad276feef6d7c378dcb4306c0f,clumping.pylians,migrated
results/thesan/Thesan-2/dm/pylians/snapshot010_grid256/threads8_batch2_run001.json,edef9a813f6b729eee7ef2abe80b88e77dae021788656dc67c414c38d1e70062,results/thesan/Thesan-2/clumping/clumping.pylians/dm/snapshot010/science-d70a7f56f2cc/execution-251b4ff45708_run001.json,49fab3cb40f5f0fc1b6da2cd80efd9ee905d3dca195bd5aa33c93e5a9bcb0be6,48db258e3829f913975a703d22a36944e6e29e709f113bcbb65ec81d922ad7fc,clumping.pylians,migrated
results/thesan/Thesan-2/dm/pylians/snapshot010_grid256/threads8_batch4_run001.json,de4443c0d50b5758790642bb521e76e800e2706acacb1b25f3937b8fcb728707,results/thesan/Thesan-2/clumping/clumping.pylians/dm/snapshot010/science-992a587a4f6a/execution-233f223cdfcc_run001.json,75bc20248ce76456b75f0ecb7f9cfb5f579363924a4116c78e200c45649a8091,27b282f3f471083f0d97428e725b453999fcf2dcbfdc680257c5b2ac4d6f26f5,clumping.pylians,migrated
results/thesan/Thesan-2/dm/pylians/snapshot010_grid256/threads8_batch6_run001.json,eff180c7219386e17883b3412f64c5c881c7a2c37680f7551611c14841bbcff1,results/thesan/Thesan-2/clumping/clumping.pylians/dm/snapshot010/science-11abed4b8417/execution-56f46aaea95d_run001.json,b7edbceb113b175e39ddcb2c0ee47803d6cfff956a06859554afe8ed8c8f5d69,df0b0d87706c5ec1f3e4feb928394748ac4130d21f23bddc6a2736614d3e5a58,clumping.pylians,migrated
results/thesan/Thesan-2/dm/pylians/snapshot010_grid256/threads8_batch8_run001.json,251c9f9ec403f73b80be17778835c786b5a9c7a08e795ec6df2172fd052faeda,results/thesan/Thesan-2/clumping/clumping.pylians/dm/snapshot010/science-3452f2fb9b0e/execution-ea5492053f7b_run001.json,4ceed795a6f23ae3b310446751c59be782b7022661f473417da5cc445643faa1,aaff68a24156b73a2eb63d052d2f09f23ec74f576a831d9ca92aff3052eed239,clumping.pylians,migrated
results/thesan/Thesan-2/dm/pylians/snapshot010_grid512/threads8_batch1_run001.json,3332c5b33eddc39deef4dd46c75e390df90b4df5d1206ef25c86f81cfa0bd9d8,results/thesan/Thesan-2/clumping/clumping.pylians/dm/snapshot010/science-5e5e05ce1817/execution-7f2a6ce7505e_run001.json,3da9af5cd500a828914ae8d82627830fdc8bc839778a7936b6e88dc6c3b87625,6db6624b6733af04a53705caf8a3ec506bfddfe3dca0336ba945e67b74714bfb,clumping.pylians,migrated
results/thesan/Thesan-2/dm/pylians/snapshot015_grid1024/threads8_batch1_run001.json,161b9e08fd670f77e0a67ec93cab952c7754419ede47638001dce5ffba29d769,results/thesan/Thesan-2/clumping/clumping.pylians/dm/snapshot015/science-cc07e06c195e/execution-7f2a6ce7505e_run001.json,bc77b080bb7f64d1a29a3fa7aa7c69e321dbdcc5b789d1fd89f7a3cbc2963497,d7d1c78e112898704d10a9bebb21f0b0174abbae95df8dc26343ab517b1bb065,clumping.pylians,migrated
results/thesan/Thesan-2/dm/pylians/snapshot015_grid256/threads8_batch10_run001.json,c5e53b44a563d07563ebdc9e2b0552451e4c7218974122a8020a9c0e6ae04dab,results/thesan/Thesan-2/clumping/clumping.pylians/dm/snapshot015/science-a8307874b731/execution-9f75ea8b7ed8_run001.json,ddcd7d80a87272062adb444a2f97e3c97213f9d7ec72202ca04d7ee8c5362e82,cfa6f42cdc8cd493e2ca4ac55dec77cff2de94fbfdff09fa48f27fa62a91c2d3,clumping.pylians,migrated
results/thesan/Thesan-2/dm/pylians/snapshot015_grid256/threads8_batch2_run001.json,271a7feed073dcca5b541983d59aa26d7ae2fb6d53e4b4240ab4cb954d31e07c,results/thesan/Thesan-2/clumping/clumping.pylians/dm/snapshot015/science-f719b0b9662f/execution-251b4ff45708_run001.json,fbde818afbcbd77c391ffe6190403fe9ad322978ab40d3de7d4da23db046e124,96f69c3a9143ced02fb08ca6c13753140f920704dec975ea28ca265793f45f0f,clumping.pylians,migrated
results/thesan/Thesan-2/dm/pylians/snapshot015_grid256/threads8_batch4_run001.json,11d038f9e7bc028469b39a7f68ed727bc808b7ca070e4a01a8e801de4893b5a3,results/thesan/Thesan-2/clumping/clumping.pylians/dm/snapshot015/science-43cf1e0c4d4e/execution-233f223cdfcc_run001.json,70c925bb36afed3dd8f0ec678e71878097df79d43d4a0d8a77fd0e473421f84b,3a8577ce7d843d88af522d9f40838a9a6e3598176c0b192a55ba412dcb161775,clumping.pylians,migrated
results/thesan/Thesan-2/dm/pylians/snapshot015_grid256/threads8_batch6_run001.json,83433809ff672bbddc75bdfe05fc973b84671321468c6432958f370abfe614a7,results/thesan/Thesan-2/clumping/clumping.pylians/dm/snapshot015/science-b67df5054166/execution-56f46aaea95d_run001.json,a38faa3d7477a369d07589e9e097315c23a3098e5638f3ffa1adbda65ce6a6db,381a7f58ff39afa46ce1ad4ef780cb1cd1a41d7e5db719802108979be07168ad,clumping.pylians,migrated
results/thesan/Thesan-2/dm/pylians/snapshot015_grid256/threads8_batch8_run001.json,b85470fc0381bc6ba7cf9813fdbcd68022cbf97e60c6591bea58b0c5687204ea,results/thesan/Thesan-2/clumping/clumping.pylians/dm/snapshot015/science-a8983ea77ba4/execution-ea5492053f7b_run001.json,58f767e6b16a00ae0ca4f905f70503d45cd7e084cc67a068fd90670e83196b2c,ecfee3492936de1e1ec164e2530e1311b42af8ac7db3fb75b6c1f70d1c82ef4c,clumping.pylians,migrated
results/thesan/Thesan-2/dm/pylians/snapshot015_grid512/threads8_batch1_run001.json,2b10891cf9d7dbddb9d53f19de0d11955d2a7416ebaf30d418659176d6491231,results/thesan/Thesan-2/clumping/clumping.pylians/dm/snapshot015/science-c8e6b17a6548/execution-7f2a6ce7505e_run001.json,e79a09d0e3ee1d56b2ffac3989f4ec706564f584b027feee68697574151b5640,024248b1486a33a2b568a92b7d436d3724667614fc96915023eaa23aabdde4fd,clumping.pylians,migrated
results/thesan/Thesan-2/dm/pylians/snapshot020_grid1024/threads8_batch1_run001.json,a9d8902061df616f85ea24778feb969fdd5a177e04cd8e591676a39a7a579900,results/thesan/Thesan-2/clumping/clumping.pylians/dm/snapshot020/science-fac372a7aafa/execution-7f2a6ce7505e_run001.json,f78759a7afc0f28b086b44c6174a5c236cc655cad21b625286ba2be3685a33fe,2e167025ba6560899c716074b6170049b91bae694744159e073d51675718939e,clumping.pylians,migrated
results/thesan/Thesan-2/dm/pylians/snapshot020_grid256/threads8_batch10_run001.json,473d73a68cfde99ae7f471b3ce8fe586981c130a09ff23d7daba577738626114,results/thesan/Thesan-2/clumping/clumping.pylians/dm/snapshot020/science-8ef0c5cf918d/execution-9f75ea8b7ed8_run001.json,8e661bee73ba28a2a7eb9ea4a06a30030038b0fc2c8fb2db413c5e6f6585e341,0da8bf48276d28b472ac47006a114635db2afc872a9c1be3ecb9b13dee3440de,clumping.pylians,migrated
results/thesan/Thesan-2/dm/pylians/snapshot020_grid256/threads8_batch2_run001.json,3df7b7ebbb30e310684260a38e6b520cb3c1756624f40588dd0c9ddd19b0a8db,results/thesan/Thesan-2/clumping/clumping.pylians/dm/snapshot020/science-a598e56a9ad1/execution-251b4ff45708_run001.json,22950de01d8ba3d255eb02f62152ac545a446b60fe0d3714ca67ffee303f529d,bf755facbaa2ad431af9566c623264870af30aca21fc2fefe4bf0b495112264c,clumping.pylians,migrated
results/thesan/Thesan-2/dm/pylians/snapshot020_grid256/threads8_batch4_run001.json,fd5fbcc5bddc2ababc1b506af836552ff842fa82ddab952a61344dd15cad1f89,results/thesan/Thesan-2/clumping/clumping.pylians/dm/snapshot020/science-95678c3fe5c8/execution-233f223cdfcc_run001.json,1aa9db20722a085ddac503c010804a94eaa34cbf3ce7fc2f8bdb1e0640d3eb01,70c611786a20bc5327cd4ed772e54b8b898f704d83ab86c9d8830a28802e453b,clumping.pylians,migrated
results/thesan/Thesan-2/dm/pylians/snapshot020_grid256/threads8_batch6_run001.json,15847d48a30fa001d8c4194debede9367530b9bf0480924929fed9ec8f4a08d2,results/thesan/Thesan-2/clumping/clumping.pylians/dm/snapshot020/science-260e7d1b75b7/execution-56f46aaea95d_run001.json,bcb73861b055d0d27689ae099199f3759e71b8b588a037c6db85f53c35719939,5698d488b14401f764598099a8e05b76f1483a3138b79749de8d6abfe341b952,clumping.pylians,migrated
results/thesan/Thesan-2/dm/pylians/snapshot020_grid256/threads8_batch8_run001.json,ae7911e89cd9c3f9945addf2e00924647e30eb709bfa0941068306cd36ea5546,results/thesan/Thesan-2/clumping/clumping.pylians/dm/snapshot020/science-c1234e720e58/execution-ea5492053f7b_run001.json,597ff2983599b83133e1eb53536b5f2a8823ca0d2c065c32bee846f10661187e,830cc36c5783d9bb6b47e159c593ad4c82a910aa8c910bee6bbf0992d509a598,clumping.pylians,migrated
results/thesan/Thesan-2/dm/pylians/snapshot020_grid512/threads8_batch1_run001.json,3695d8838e8ba6b03ac9eea0cc36574887b848a06445bd8da80c1b50988285cf,results/thesan/Thesan-2/clumping/clumping.pylians/dm/snapshot020/science-21736cbb7d22/execution-7f2a6ce7505e_run001.json,c42520bd946064860e659ee914cae984e70c3106505c35b6632d6ac0025b5911,3062d4a3e3612c4945d5722b176922bcd981e0a2823a4b09f403766d199b205b,clumping.pylians,migrated
results/thesan/Thesan-2/dm/pylians/snapshot025_grid1024/threads8_batch1_run001.json,c5781e928d9b482584ca5842459eeceb6805054df2ee769b2ec05985b726318c,results/thesan/Thesan-2/clumping/clumping.pylians/dm/snapshot025/science-e252c53ddc60/execution-7f2a6ce7505e_run001.json,4f1edb9d6e24479c5a1de0faedf87421eb9f868def140d2d6e6cfbcbc71e6de6,1d1d8c88f6a53e0ab9fc1272275cafdae515fdaca8895960c0eaf7070148111d,clumping.pylians,migrated
results/thesan/Thesan-2/dm/pylians/snapshot025_grid256/threads8_batch10_run001.json,7ac365a4c0e5ebe66e321b77181cd3be4430c02ef9a8961f32ea73ac91ea821d,results/thesan/Thesan-2/clumping/clumping.pylians/dm/snapshot025/science-4a232fd22a59/execution-9f75ea8b7ed8_run001.json,ea2d51675c6be5d050a09d6bdfd3ecf2a0da72ce54b29914afd1fd45a084c2e0,7b0b333361bb90897f67d30dc9e35bab4e9404ad0a05d099b6703c77deed9d57,clumping.pylians,migrated
results/thesan/Thesan-2/dm/pylians/snapshot025_grid256/threads8_batch2_run001.json,ec569e5da7ad3e372f2d5fd601275d10c7bf512924481d360843fbfae015f625,results/thesan/Thesan-2/clumping/clumping.pylians/dm/snapshot025/science-4188415bfb15/execution-251b4ff45708_run001.json,03148b7aa43347d0c97deefa9fc4e3c5ebd443fb874c8b85b10a40c15303a36e,adae87a0d2a4806350286deaaffe3fd80f8b17f33cf6c4f943663557889669b0,clumping.pylians,migrated
results/thesan/Thesan-2/dm/pylians/snapshot025_grid256/threads8_batch4_run001.json,e4cfba156d919ea9182faccbd84eaa20a4ad2bceac29b269f41539b8eca2d473,results/thesan/Thesan-2/clumping/clumping.pylians/dm/snapshot025/science-fb450e8cde02/execution-233f223cdfcc_run001.json,922a1436f78ce0ec133273b007b358dce12c1f6c63e26a5366db6f7a71121b53,f85536ccd33b3bc9f123b971f52a2332a39748892f364d2a6bd9d0c49da20f45,clumping.pylians,migrated
results/thesan/Thesan-2/dm/pylians/snapshot025_grid256/threads8_batch6_run001.json,0dfe177d96bfe5d2307165ca9e65950293bdc51e1f13340d7db1d90b9c913995,results/thesan/Thesan-2/clumping/clumping.pylians/dm/snapshot025/science-9e1accea4d3d/execution-56f46aaea95d_run001.json,3d68cd254af82b238bf6b865fa3ad99a0e735d171afb49fd956faee3c413bc08,84894e4cea5b30a4ea0bcd6149f7f4961121af1e8a0f2e7f1a023a509430c495,clumping.pylians,migrated
results/thesan/Thesan-2/dm/pylians/snapshot025_grid256/threads8_batch8_run001.json,e452630e81c6f359e4931f3af056a9453f6b91393b9d7e9c67c07eecb0ed50c4,results/thesan/Thesan-2/clumping/clumping.pylians/dm/snapshot025/science-7b895dd62cc8/execution-ea5492053f7b_run001.json,883b01ae91c974f7ef798b3494fc625efcde0cdb74d117b8be8c67e992d1b669,f76573691265e11c9a37b3fe531d38e340ace154c5c87d119d2fd72684cf9837,clumping.pylians,migrated
results/thesan/Thesan-2/dm/pylians/snapshot025_grid512/threads8_batch1_run001.json,26f8fe1ad953c76f52a152011647f1914b3d935f6e1bd736bbb95e7d475a29c9,results/thesan/Thesan-2/clumping/clumping.pylians/dm/snapshot025/science-52ccc5ab7b55/execution-7f2a6ce7505e_run001.json,6a7a85acec8b0754066558f74d2a07ad997542def0aaa423f0fa67f56434fedf,a51fa6e26bb6ef13aeeb321dc6e5b661b25c400139ea4a3453a344bae81f1ae3,clumping.pylians,migrated
results/thesan/Thesan-2/dm/pylians/snapshot030_grid1024/threads8_batch1_run001.json,db28845786f445c35eb1b77b665a74402624484dd5b1c003554d6c2a3e20b278,results/thesan/Thesan-2/clumping/clumping.pylians/dm/snapshot030/science-74584cc93a0b/execution-7f2a6ce7505e_run001.json,fb6824234cf9d432421d9dacbc4882d93598b41371f3a3914a24be2e42936e7d,3ffbc9f21f403233bc0c6fb9a31e9a7499b12e45b2b8952647ba554b8fcf177b,clumping.pylians,migrated
results/thesan/Thesan-2/dm/pylians/snapshot030_grid256/threads8_batch10_run001.json,c6d9e7c2553145ff412a2fea783a25bb01e73a1bfdce0d80d556c079cf711689,results/thesan/Thesan-2/clumping/clumping.pylians/dm/snapshot030/science-a9c94cf3dfcd/execution-9f75ea8b7ed8_run001.json,d469308a9619e356190e15f3b621822781fe2ebe4e0d17623a4c08efd59b8231,ecbd86abc657cdbd00d7e8aece173001dd6ff64cd0e7be333bf11cc1bb095eee,clumping.pylians,migrated
results/thesan/Thesan-2/dm/pylians/snapshot030_grid256/threads8_batch2_run001.json,c844dee78fc645496eed0a17dce6f6681a2b58f304fe6bad2355ed49a86791d1,results/thesan/Thesan-2/clumping/clumping.pylians/dm/snapshot030/science-29379c4ef6ef/execution-251b4ff45708_run001.json,891440d41b1efdcc1807576d1e508019c27708ff66d7474a209d5016e6f7dfc7,bf03df71d9fed7c63f808bfae98675949cead2bc44a20a37b68feec2f03c2a73,clumping.pylians,migrated
results/thesan/Thesan-2/dm/pylians/snapshot030_grid256/threads8_batch4_run001.json,d50a451be093db545193ce9ab616e35f82033f1d65fd5db83853945d34677ac1,results/thesan/Thesan-2/clumping/clumping.pylians/dm/snapshot030/science-6070e5adba3a/execution-233f223cdfcc_run001.json,5ba69a5dafc7d3983c7872b7d81edb6f11539b9dc1c90ce5793766218c6178dc,37952e5f3befa675a97be7f6afe63989c35344a38bd9aff90b34633a30ec2de3,clumping.pylians,migrated
results/thesan/Thesan-2/dm/pylians/snapshot030_grid256/threads8_batch6_run001.json,a1fb799ac441e9a6d217b22c2fcf1c5f34e6a965351d3a08f2d201c92bf79da6,results/thesan/Thesan-2/clumping/clumping.pylians/dm/snapshot030/science-6dcebc2da74b/execution-56f46aaea95d_run001.json,e6ab4b2329bdc132704b73fd5640d544da2bd1a33eeb92120a96c75114bba857,a91d1311315f69a87c0dcee10d7b16a8dbae868503644591353ccffcebbed418,clumping.pylians,migrated
results/thesan/Thesan-2/dm/pylians/snapshot030_grid256/threads8_batch8_run001.json,2a35ee301cbf6743e17c7a45dec87ce950f5927cee60361526c06e31e764bfe3,results/thesan/Thesan-2/clumping/clumping.pylians/dm/snapshot030/science-741884973b40/execution-ea5492053f7b_run001.json,f19187b5557a469a5806167280bc59d5660c3e655b1ab05cd08261f2aaee2cf4,fdffcaa3a0b7b26b46fe47847f6a3107cd3c40c6216cc86fd689c33665f450b8,clumping.pylians,migrated
results/thesan/Thesan-2/dm/pylians/snapshot030_grid512/threads8_batch1_run001.json,7948eebc631643f3b4d4a9968a30b9d057e73b5328d5692af4225807f188841a,results/thesan/Thesan-2/clumping/clumping.pylians/dm/snapshot030/science-c053b61852af/execution-7f2a6ce7505e_run001.json,c3a31fc34fa8f87f621109bfad307ac5e20a25e4880c6f51118ed600e9982760,2614bd338a7c44bc5329146d9a471bba2c3f4b304f7680601bd8a4d330bf69b8,clumping.pylians,migrated
results/thesan/Thesan-2/dm/pylians/snapshot035_grid1024/threads8_batch1_run001.json,5e9b5ebb3fffaec63d9fc126dda836efc089bb4297f1253b755af82cf28d4891,results/thesan/Thesan-2/clumping/clumping.pylians/dm/snapshot035/science-20757a9b20ca/execution-7f2a6ce7505e_run001.json,a1f4d353749eaf8895d74c60124f3ad9048cecee627e7c8afec0ebca7e57c76f,a6cc0903aba0f45504ba9b46e5f0f011149f7b7e0184ac239f3db6a06a29a094,clumping.pylians,migrated
results/thesan/Thesan-2/dm/pylians/snapshot035_grid256/threads8_batch10_run001.json,01fe3e3cac8b41738e963cfb27d234d1a0e2f4882156e3ab7e14f88431d50856,results/thesan/Thesan-2/clumping/clumping.pylians/dm/snapshot035/science-952d1b54f42a/execution-9f75ea8b7ed8_run001.json,321abfc6b14e40aff15dd116ef6a60b2d114c7d16a156f3afd09056084a403b0,af8113d0f3d2392ab30bc796751599e796e507f6a3d3688aaec31971a276f3fe,clumping.pylians,migrated
results/thesan/Thesan-2/dm/pylians/snapshot035_grid256/threads8_batch2_run001.json,89623d96566884cf2c1e49766c1d354f79b9ad6eef01d6e451c4254ef4d48a49,results/thesan/Thesan-2/clumping/clumping.pylians/dm/snapshot035/science-89763a7a85cf/execution-251b4ff45708_run001.json,287b033075e97338cced4c071fb073b410f867758c4eb9e600d4c40fea8e1a3b,a21d090ed106b87af234f6bdc2e89f3c770926af5e57cc95a2ffff1c20f7b41b,clumping.pylians,migrated
results/thesan/Thesan-2/dm/pylians/snapshot035_grid256/threads8_batch4_run001.json,7fcb61955ce5e90cd55e13a936e07cee804d84c0fcfb63fac06da1ef6d550263,results/thesan/Thesan-2/clumping/clumping.pylians/dm/snapshot035/science-2d92118e97a0/execution-233f223cdfcc_run001.json,8bf51ec3299268c70c34b47b8a15e1f703ab2fbbde24547a5d71e14bf25fb07e,cd60cc763b888923ff960e67bd6e28b417d95756641b729328e38f6d3ae1b07a,clumping.pylians,migrated
results/thesan/Thesan-2/dm/pylians/snapshot035_grid256/threads8_batch6_run001.json,b9884b9074473ff90dede078a86422ce1f0c21f3f67fbdc8710e4a7734a77bd2,results/thesan/Thesan-2/clumping/clumping.pylians/dm/snapshot035/science-2cd92d3246fc/execution-56f46aaea95d_run001.json,eade6d2d62a3d85bf98b8e9173bc6e4799a1ab785e75a1b4e674b65d0a3fb667,e0c1c9eef8e4fc642c785a93c9ac4c6f64664d032b5f55754bae32cd4ee1f259,clumping.pylians,migrated
results/thesan/Thesan-2/dm/pylians/snapshot035_grid256/threads8_batch8_run001.json,761da814b2b2cf793754c2b13d06efaf15077d87d2b9a8e91863988e45811f46,results/thesan/Thesan-2/clumping/clumping.pylians/dm/snapshot035/science-2027b5d7e806/execution-ea5492053f7b_run001.json,59fd4b69d060164b825ea29b29b4636901811ca0fda37a0168dd4adbb58737f3,bf07e4ba2fcd34baaea53067e9ef2ba4539058a6c5fe8c80044588089934fc80,clumping.pylians,migrated
results/thesan/Thesan-2/dm/pylians/snapshot035_grid512/threads8_batch1_run001.json,2dc934108086e1c3e3b1261b642bfd4116117e1ce174e24278ada2565fcc27f5,results/thesan/Thesan-2/clumping/clumping.pylians/dm/snapshot035/science-46cf407c890c/execution-7f2a6ce7505e_run001.json,a56c52e54e274d7da9d5f00668bf04e3ad3a5a512c18dc77f960d602fb753957,5809bf4b045cecadce0c7e597d665e20ec5596a32adc67ec98c95762c8065485,clumping.pylians,migrated
results/thesan/Thesan-2/dm/pylians/snapshot040_grid1024/threads8_batch1_run001.json,fd6abe737116af3380786cb1bd75449ae050cb49a8f53ea000e4bdab87668dd1,results/thesan/Thesan-2/clumping/clumping.pylians/dm/snapshot040/science-109fd95aa55b/execution-7f2a6ce7505e_run001.json,041fa8dbcb08e08290569be039f52bcce9f8bf95806ae4adc2e166bba3237388,b5e4a745e0604d60d2e9f342d7754b20a8cf4c08217def0ba10c4bbb463fbb68,clumping.pylians,migrated
results/thesan/Thesan-2/dm/pylians/snapshot040_grid256/threads8_batch10_run001.json,27181ceccaf207eda469f8c25e00d3e4cbd7a48ff36f758dc0120fe3830600ed,results/thesan/Thesan-2/clumping/clumping.pylians/dm/snapshot040/science-9c1994e8695c/execution-9f75ea8b7ed8_run001.json,348fe3e58629707e498b170041cd06c1796be342e428b04641cfc868e40cff32,142f9dd3549f855e187a8ddd160640b1a297c58616b2a9aee026543d43144641,clumping.pylians,migrated
results/thesan/Thesan-2/dm/pylians/snapshot040_grid256/threads8_batch2_run001.json,43d1c697c810f48a94c8da4455dc1cebc98ef4e43ccb900086cd42f5f953bd5d,results/thesan/Thesan-2/clumping/clumping.pylians/dm/snapshot040/science-22f466b29b34/execution-251b4ff45708_run001.json,d7006cda836a8c6f04a2db6321bb0337fb46251248f00f3772d88a2f35512dc0,a3f314af5bdbccba1ea2d9ad0c950218a038a056324e25b5e0030e7faafe2d95,clumping.pylians,migrated
results/thesan/Thesan-2/dm/pylians/snapshot040_grid256/threads8_batch4_run001.json,ef4e5628e4c7dabec41775fd607594971cc11bdb31cb577f3fdf6eb8777efa9e,results/thesan/Thesan-2/clumping/clumping.pylians/dm/snapshot040/science-20f7abcc71d0/execution-233f223cdfcc_run001.json,752035cb372b9f8116a90c3a87c8828bdfdc1cad3119e20fe7a1711690a0b700,2fc35be71b41f090e162d116741130fbe86b41963bf0f8f036b4ba934373d9d1,clumping.pylians,migrated
results/thesan/Thesan-2/dm/pylians/snapshot040_grid256/threads8_batch6_run001.json,c5c786e8ca2c6634d9566157f0c619f5e634d7140099d7e76b69e5f3410b1a6f,results/thesan/Thesan-2/clumping/clumping.pylians/dm/snapshot040/science-8c794a1b6d5c/execution-56f46aaea95d_run001.json,8ef446ab13a5b789affba03c3bdd225245873df864495c9a8f64863cc89e8b62,fd300666cd793b693f6e8b1b9421ff08a5d858751bd44b8653345d4aecc0714f,clumping.pylians,migrated
results/thesan/Thesan-2/dm/pylians/snapshot040_grid256/threads8_batch8_run001.json,f8301cdc45f4b336215840d8ae433823e56e99980cc330138b8689ba75b1a094,results/thesan/Thesan-2/clumping/clumping.pylians/dm/snapshot040/science-364e78007c7d/execution-ea5492053f7b_run001.json,a28f96fb011d6f47698084bc442c1a2c8ec56aa4ab6cef7964c9766fdb6c7afb,467104aee3dbe3edea33e7cdbcb783898f96e257d771191b034016f43626a5d4,clumping.pylians,migrated
results/thesan/Thesan-2/dm/pylians/snapshot040_grid512/threads8_batch1_run001.json,c6fb59c1cc9b93385bb8e1a4129c00d739a13c9cffed9812a5351ce7cfa10626,results/thesan/Thesan-2/clumping/clumping.pylians/dm/snapshot040/science-6e6704873b5f/execution-7f2a6ce7505e_run001.json,dfcc62c9c402a7b340fe98a8d6e23059b709c4414e1c0b6290305f4179d4c1a8,bbd8df3e8fce9ddfe7e4c82b5ec111c80ebe0b12ca6e80387f37406d9c54c1b3,clumping.pylians,migrated
results/thesan/Thesan-2/dm/pylians/snapshot045_grid1024/threads8_batch1_run001.json,63bedea1d9f5654a8fa6b19e8eb26aea4f2ead3236f45ddf98f36ec07f3e4383,results/thesan/Thesan-2/clumping/clumping.pylians/dm/snapshot045/science-8321fbe05cb2/execution-7f2a6ce7505e_run001.json,9815065832c15589e9897b57d96230af7602aa63c832996de339b4aa302f6804,7e4cc547adab14ab48a1193acf9cf7a1f18a3078c9b5165652c38dde4ad862fb,clumping.pylians,migrated
results/thesan/Thesan-2/dm/pylians/snapshot045_grid256/threads8_batch10_run001.json,7910ebc6c80c04379ba76a70004014bf2046f1fe0b302a063f850b2e7b7eeb7c,results/thesan/Thesan-2/clumping/clumping.pylians/dm/snapshot045/science-53d0ffb04554/execution-9f75ea8b7ed8_run001.json,c6f137117f514410c61cdaf300ae3b07f04bcb5d440e50e1045022a2a87cfd0d,96729d4b96ab04b448c2aadfb17c8f4f9db9e4a88309ac10c33add635862b306,clumping.pylians,migrated
results/thesan/Thesan-2/dm/pylians/snapshot045_grid256/threads8_batch2_run001.json,6a6b7303d5f075a3a928b1ab13410841316bb3651302fad1c628183ee64a3871,results/thesan/Thesan-2/clumping/clumping.pylians/dm/snapshot045/science-3a295b2ec63b/execution-251b4ff45708_run001.json,b8c8d4d8b1b9d1b3dcbbedda63e1df4a6fc83bd696038a6b9e8efada1f96ca15,c478997b13acfdc5530d51fd28546aabb1ec3f73a84804e104c0dc0213c6946d,clumping.pylians,migrated
results/thesan/Thesan-2/dm/pylians/snapshot045_grid256/threads8_batch4_run001.json,0782e54f52ac75dda5a14f942abc3f60d4baf08e0e07cdc27736909ad7f6021b,results/thesan/Thesan-2/clumping/clumping.pylians/dm/snapshot045/science-ea4625b2823f/execution-233f223cdfcc_run001.json,faac1b7cf81192bd3a1d768f5b4e84fbc47da1f15395bdb442cce6c9b40b1465,cdd8ce110ace4c1409bfc2ee0545c8571121ce490baa2857d321ef026b4faf70,clumping.pylians,migrated
results/thesan/Thesan-2/dm/pylians/snapshot045_grid256/threads8_batch6_run001.json,58ec963537d0b8986a18f504a713786dabad8f89c170334f6374c6ca4e43645b,results/thesan/Thesan-2/clumping/clumping.pylians/dm/snapshot045/science-57587c5db9ff/execution-56f46aaea95d_run001.json,cc076e67567f580b74a0e9614001e042f3b0a6463dfd60e55262b667bf29677f,c489a1a80137ff000c06c1fc207af39e130e57d096973b810a8354c406bc5d68,clumping.pylians,migrated
results/thesan/Thesan-2/dm/pylians/snapshot045_grid256/threads8_batch8_run001.json,496ba6012ea17869ac985050377e00b8312ab144e9cf8ea838b4f5b0f8e925ee,results/thesan/Thesan-2/clumping/clumping.pylians/dm/snapshot045/science-b4ce2e817119/execution-ea5492053f7b_run001.json,0d157ed838a8e08e702eb2062a9a38ff4c75b46ed67f117d391c475eaec74492,52448863802c1ffd9ebe34da45d02474dc5b23877be71bfe844fc287402e97b1,clumping.pylians,migrated
results/thesan/Thesan-2/dm/pylians/snapshot045_grid512/threads8_batch1_run001.json,8a16827a4650fe30ca682bc962e6b118e7459155a4ea9c9ff17e215873a129af,results/thesan/Thesan-2/clumping/clumping.pylians/dm/snapshot045/science-b7ec34e7ff1f/execution-7f2a6ce7505e_run001.json,363c60753003a1cd808bc3122e8c4db65f19ed51b85147d8173c90055fae8d3a,5d65168a79eb894feda5263846f972f77ff4df34c7f3aec53e16f6e90bada549,clumping.pylians,migrated
results/thesan/Thesan-2/dm/pylians/snapshot050_grid1024/threads8_batch1_run001.json,dc9c2a2c1b246d29996e08d53f205605503bbd43dc3c34334c1e25cf259b2d21,results/thesan/Thesan-2/clumping/clumping.pylians/dm/snapshot050/science-6ed1b52e01fe/execution-7f2a6ce7505e_run001.json,cfa7685c5cc57886625a7f498297071d542be6871a5d4e42509eda9508344c92,446450bfe77465b724db6e6c853b4c25841e87d2fec63ec39d2c2b399297e544,clumping.pylians,migrated
results/thesan/Thesan-2/dm/pylians/snapshot050_grid256/threads8_batch10_run001.json,520d21077b98d8b2d4aa4858d5856e4a777f45bd68da6ed2fe031dd6cd7bf090,results/thesan/Thesan-2/clumping/clumping.pylians/dm/snapshot050/science-96e9efdac254/execution-9f75ea8b7ed8_run001.json,9f5d6a71d74733349bae04c820745ad5c7a27ce1d75b0668b1539305ef4896e2,553e02556a1835762e20c72e363ee7adbe4960a461ddd66eb35fb1962595ffd2,clumping.pylians,migrated
results/thesan/Thesan-2/dm/pylians/snapshot050_grid256/threads8_batch2_run001.json,2dcc52edbef52a58b395f70ae641e34ef962b0d31ced9eee9a30b395409e34bc,results/thesan/Thesan-2/clumping/clumping.pylians/dm/snapshot050/science-4362bc607aca/execution-251b4ff45708_run001.json,94885f9756d8da383c92d9285c6e43496fc7b6cf18ebb9bb1b15bb713fb24fa5,babb469aa8a89f8aa77ff8e782f5743be754fc8f4cc52ddff8d2cb690ee463f2,clumping.pylians,migrated
results/thesan/Thesan-2/dm/pylians/snapshot050_grid256/threads8_batch4_run001.json,b3092a18060093bd35fbc868fac4896b715b6c4f69576ac94c84e50ac1949b30,results/thesan/Thesan-2/clumping/clumping.pylians/dm/snapshot050/science-8cd9e6675ca0/execution-233f223cdfcc_run001.json,e25530a249990eeb51aaaaee358f7665dabada96b96a1a183cc3ae87abdba938,82876e6c725a4ef7cc851edaa4cb4d357a498c26708e58dc66479f30d99dcb97,clumping.pylians,migrated
results/thesan/Thesan-2/dm/pylians/snapshot050_grid256/threads8_batch6_run001.json,aad67619bdaf45eb55a5602213dd8933d0cddcda0000ca377a5be867a5847e69,results/thesan/Thesan-2/clumping/clumping.pylians/dm/snapshot050/science-282e08ecd216/execution-56f46aaea95d_run001.json,6fa329d49060950c2251c80a4ba507644f5975291a0d3f3616ca65fbc401ee8a,e889176108fe921cd01c37b1978856d57dd3cd7a6c3ea9bd4e6e90a8297e18f1,clumping.pylians,migrated
results/thesan/Thesan-2/dm/pylians/snapshot050_grid256/threads8_batch8_run001.json,4602971797f037fa4e1b87a8917b5ef850739b64e2c5d827e93a38a30a854b1e,results/thesan/Thesan-2/clumping/clumping.pylians/dm/snapshot050/science-99ac48f0054f/execution-ea5492053f7b_run001.json,ddff7ac70af20b7bb7dba82d4e589a76bb23378ccafa5428f991934e066bbbee,6cf6e74b81ade39911a986b32f7ef1b1728d59091297f7db472f3e4afa79bbe8,clumping.pylians,migrated
results/thesan/Thesan-2/dm/pylians/snapshot050_grid512/threads8_batch1_run001.json,fb367895585955cf9cf48afbc8e68c1851d5af0beff587506a6cf5d4a4f2d14d,results/thesan/Thesan-2/clumping/clumping.pylians/dm/snapshot050/science-206005275235/execution-7f2a6ce7505e_run001.json,9842d46092867b11d0c85d7e15ef0df2f003d0717645ee7ef56241fcc2c96e74,b1fd11691e97e547dbaa0fc5f857c3c5f165b5a5d6e3317c37cf8c57843869bf,clumping.pylians,migrated
results/thesan/Thesan-2/dm/pylians/snapshot055_grid1024/threads8_batch1_run001.json,0b41a8cf6de82d6e73de71c82ce5656541e05f3b7188d68bac8482353302e548,results/thesan/Thesan-2/clumping/clumping.pylians/dm/snapshot055/science-39ed1405e656/execution-7f2a6ce7505e_run001.json,df550c64c9096a52182c3e129d464f56c733df92b5a6eb9f16d3919bafbd8c3c,dba7482afe0ff0fd09be304935f80aa730a61491417f01744ac73ce5d83df1a8,clumping.pylians,migrated
results/thesan/Thesan-2/dm/pylians/snapshot055_grid256/threads8_batch10_run001.json,bd826c9b7ceb82d1b6676d329deb80250ac406e089e5927b11bf3ec05bafd60d,results/thesan/Thesan-2/clumping/clumping.pylians/dm/snapshot055/science-0304c536d400/execution-9f75ea8b7ed8_run001.json,009898579f4b6c4b80dd8560e7efc2e798096a0294cf408648e2462f22f37d78,3fe6264ae52bde4f564dc3c333ec59817f7446848d0b62aaff6702afb9fe5804,clumping.pylians,migrated
results/thesan/Thesan-2/dm/pylians/snapshot055_grid256/threads8_batch2_run001.json,9ad52c44f415c83330dffb47efb6862b78fd1ff8e6f1e24d57b3c3ac289bcf81,results/thesan/Thesan-2/clumping/clumping.pylians/dm/snapshot055/science-2328fa49e727/execution-251b4ff45708_run001.json,17677925469b5b1df715499de679f2c1497232cf3e8cfa91d771fa9cbd030e36,4dd9779157c5c562dc66b0920a6189fc263c109374b6f464bbf1472526907f17,clumping.pylians,migrated
results/thesan/Thesan-2/dm/pylians/snapshot055_grid256/threads8_batch4_run001.json,feaee2175a6a97761cb71ceccb0888e5cec1e4025d729e0e60b5cbbe064e1540,results/thesan/Thesan-2/clumping/clumping.pylians/dm/snapshot055/science-2e665a0d2f21/execution-233f223cdfcc_run001.json,4f182e26b66cd7b06b1939e1ac144d0bd109689818086f095ab2ef6377a57d34,54a5fe3ee4a3f1eae0cc13870cdd4e0a93e14117ed3e23943dae69ed79636987,clumping.pylians,migrated
results/thesan/Thesan-2/dm/pylians/snapshot055_grid256/threads8_batch6_run001.json,d0a347de230b3cbeffff8dcb80a6589eb25955b20fdbb7a3b527ac630a7de732,results/thesan/Thesan-2/clumping/clumping.pylians/dm/snapshot055/science-abaccb22209a/execution-56f46aaea95d_run001.json,d3afd054ff353d96433d7257b607e253ea2aa635f11480c925d3c862afa428fa,b2576a12b9b624c3b04701012e1f8a1dfefea604e97575b519c296180c074745,clumping.pylians,migrated
results/thesan/Thesan-2/dm/pylians/snapshot055_grid256/threads8_batch8_run001.json,3241b647e4f95b2458d2571ab419f9572ecd8998f0dc6b553e7be25c605f6555,results/thesan/Thesan-2/clumping/clumping.pylians/dm/snapshot055/science-3f63c8a2a5d1/execution-ea5492053f7b_run001.json,7dd2713016550ef1f40751aed8b130c669320c0a56323a376ecbf4a8acd8d207,75a27c22511053ff3682fe39da24b15f70e9106432cc1251827bb549ac33a5f2,clumping.pylians,migrated
results/thesan/Thesan-2/dm/pylians/snapshot055_grid512/threads8_batch1_run001.json,0f7f67f8d327b214e56ea952d188d34cb196186010c514e812d3f755510ca829,results/thesan/Thesan-2/clumping/clumping.pylians/dm/snapshot055/science-620ff25db9d1/execution-7f2a6ce7505e_run001.json,f2dae194859fe3cdd881b75dde793b219fcf9f8417fc0df078e7052f11826e2e,3e7132bf0a397b5a9c846a6b199bad66bea25c1db5bdaf8ea89edcd87ce999fd,clumping.pylians,migrated
results/thesan/Thesan-2/dm/pylians/snapshot060_grid1024/threads8_batch1_run001.json,ec8e1e326c6797c44e90ac1ec96ea0469477c627be43448b5b5400b47b7d46be,results/thesan/Thesan-2/clumping/clumping.pylians/dm/snapshot060/science-a242b79af76f/execution-7f2a6ce7505e_run001.json,41f61f09a06fb0c160f9861f04856c3303053049f86f66c286af4fd654c924ec,79314e3e94cb2b8634c37d13ed06ceb7ba08171a377737540a381786fb22d271,clumping.pylians,migrated
results/thesan/Thesan-2/dm/pylians/snapshot060_grid256/threads8_batch10_run001.json,22d23404ac773960fabf2d6662bb745279a03eeda7273d61bf97e18133dbdd89,results/thesan/Thesan-2/clumping/clumping.pylians/dm/snapshot060/science-5fe278bab742/execution-9f75ea8b7ed8_run001.json,c6c06624ed87a6c0732cb6f1ad762ee0dca6bb2420e248edf42cf25b39e39c0e,43b00221a02acc24f9aa59bdb06deb7592c5bf26bcaafa7f76f62b1aeb034c92,clumping.pylians,migrated
results/thesan/Thesan-2/dm/pylians/snapshot060_grid256/threads8_batch2_run001.json,ef4b202b3d54edd0fb74021835a6c8706235fadc2355286f2e0c3ee10f2f256b,results/thesan/Thesan-2/clumping/clumping.pylians/dm/snapshot060/science-18f8472786eb/execution-251b4ff45708_run001.json,b3621a5a7f27841379cc59dcc2b4ef8aeee8738d888e77f1a74b8a93bdf6ebf0,72d5ad535ad9322c1af55fa2f178f211ae4333f0f22abff518e28ff714479dc6,clumping.pylians,migrated
results/thesan/Thesan-2/dm/pylians/snapshot060_grid256/threads8_batch4_run001.json,b3ea0dc0b50c6ca60c6a43f37bfbc6efe442df333522439347958eab9af461f6,results/thesan/Thesan-2/clumping/clumping.pylians/dm/snapshot060/science-934b0f39ba32/execution-233f223cdfcc_run001.json,445ce94c9b156e476e3bbf501de4f0d36da3ee3474810be028f6d57022e39dce,4953af5bb9f564db63d016bc7a7e35f12953a5e8cad44b38483fd219319a6e56,clumping.pylians,migrated
results/thesan/Thesan-2/dm/pylians/snapshot060_grid256/threads8_batch6_run001.json,4f4ae8947bd373fe5ef953587d12a2edb68c4996df0983a4409217a2cf1b8371,results/thesan/Thesan-2/clumping/clumping.pylians/dm/snapshot060/science-2295cc822a5e/execution-56f46aaea95d_run001.json,70e0cb02d92f3cb73469fa9fac2ad9648315012e0f8948aebba85664420576ce,14999210ecc4cea2caf2f7c1d0be0cf8aa7ec2a7eb7aa7b01a9a29deaf0f8257,clumping.pylians,migrated
results/thesan/Thesan-2/dm/pylians/snapshot060_grid256/threads8_batch8_run001.json,6ff1b04fd59c6f485c136553a1249006a8533fed7402f16d71a6fa652390394b,results/thesan/Thesan-2/clumping/clumping.pylians/dm/snapshot060/science-9156fe7f9279/execution-ea5492053f7b_run001.json,5877bbc80b09cb4eda6cbc4afe8bd87820753a567990f512fa77e3bef66c29bc,48e3c7f547901ab871fbf883a64dff9c53c1e9b8a82cd64f63b161bf3986b885,clumping.pylians,migrated
results/thesan/Thesan-2/dm/pylians/snapshot060_grid512/threads8_batch1_run001.json,1afaee30960d9135d263f58b5e09d8d5bc625368f51e0ad7a04a4dfe970e361c,results/thesan/Thesan-2/clumping/clumping.pylians/dm/snapshot060/science-373c1342295d/execution-7f2a6ce7505e_run001.json,7dc1f191afabe2167fdc86f2015c629e873959474c1da22041eeadd077786d8f,4d18e8dcd02999250c8275b02e664cd731fd29747689cd485846cc48a2db2198,clumping.pylians,migrated
results/thesan/Thesan-2/dm/pylians/snapshot065_grid1024/threads8_batch1_run001.json,bbf4ca967b8aa8061128202cd4141f4311b62ef69181c05e7f02e685123ca380,results/thesan/Thesan-2/clumping/clumping.pylians/dm/snapshot065/science-80d641580359/execution-7f2a6ce7505e_run001.json,8c800293e801b842565886efdd27aeb5b22bfd40a2a52942f20ef70dede3af76,5ae292e4a1cc2b7d8e6ff38ccd0876c5f85cbcc8bf78cad1d2c667b4b82a5a16,clumping.pylians,migrated
results/thesan/Thesan-2/dm/pylians/snapshot065_grid256/threads8_batch10_run001.json,2ca022c975d44b347c94de60f2a22dd693bf94852eea55dca8e5bbf5563557c6,results/thesan/Thesan-2/clumping/clumping.pylians/dm/snapshot065/science-bb546ed6aa9c/execution-9f75ea8b7ed8_run001.json,e9d4e70228d7ac4d65a62c61cbe5d5663476fd13a1d393f422b6e831dd25341d,bca1b50fba95b01cd6f7391479fd82b5de44d1ae000c27dc636737228d38c861,clumping.pylians,migrated
results/thesan/Thesan-2/dm/pylians/snapshot065_grid256/threads8_batch2_run001.json,2364d8628c3fddf62ca963ccfd3a819f73063274c5e9a906ed63627ff622f1ef,results/thesan/Thesan-2/clumping/clumping.pylians/dm/snapshot065/science-615c7b249a2b/execution-251b4ff45708_run001.json,a47bda8685431e9e91f5749b63e588bbd627e19d906fe88c65028ddd34c64f60,4ef6ca6359ab320def1bdb7e7fb198fa31a8b329174d2eb0af997c8e66a642a8,clumping.pylians,migrated
results/thesan/Thesan-2/dm/pylians/snapshot065_grid256/threads8_batch4_run001.json,37f4c60e2890387208d428e863c2f34769a0441acd9f05886897ca59a00744b9,results/thesan/Thesan-2/clumping/clumping.pylians/dm/snapshot065/science-25b3101b38c1/execution-233f223cdfcc_run001.json,d793dfaeadccd5604525144ad8ae19c0b53c4f173d1c85a398e2d6f870265014,7c8acda6e9f3c575d18dff953ae2854c269e9b4f3d54b7bdb8840833064a3e05,clumping.pylians,migrated
results/thesan/Thesan-2/dm/pylians/snapshot065_grid256/threads8_batch6_run001.json,2efd936f5e9ed7c9489434af088457b7143e11504d3703a0f6b0d83034b9d779,results/thesan/Thesan-2/clumping/clumping.pylians/dm/snapshot065/science-fdc26a3fd7ce/execution-56f46aaea95d_run001.json,24273ea775fc8667030000aae49cf240deaf7cc3a775cb9437ec1ab899c9ac0b,ba3b450275e9f904acefbd8961ed6b143a71ebf422b096953534d3e5cc749710,clumping.pylians,migrated
results/thesan/Thesan-2/dm/pylians/snapshot065_grid256/threads8_batch8_run001.json,ad42bc3a77688d8781180bb21b657ceafe29920cd0d87520e363fc94e199f4c2,results/thesan/Thesan-2/clumping/clumping.pylians/dm/snapshot065/science-de9cef58c7b5/execution-ea5492053f7b_run001.json,93a41a535d339aceaebb6efd330e73be45dfff89dcb0374a77e4fa6383185ddc,1391bab7a30766bba60264dc649b0fba8e6220dce79fa1ca6781e7928e948470,clumping.pylians,migrated
results/thesan/Thesan-2/dm/pylians/snapshot065_grid512/threads8_batch1_run001.json,40e820dbb6a00cb4ff68190ef22d90e0a17ac389de9150b4ee746f070310960e,results/thesan/Thesan-2/clumping/clumping.pylians/dm/snapshot065/science-b17109692561/execution-7f2a6ce7505e_run001.json,3b315f2e0c3488661dcb23b15e647547e7b24dc5102d3c9678f73a9a44560c24,2e6fedb7dec4129d10473fee6e0016c73e6062e44eec19ada5a5a8d7c237c604,clumping.pylians,migrated
results/thesan/Thesan-2/dm/pylians/snapshot070_grid1024/threads8_batch1_run001.json,f389931be9897ad562bbfd6a49136ea8b87ebf77c19eb859e6bb786608c941d4,results/thesan/Thesan-2/clumping/clumping.pylians/dm/snapshot070/science-08b3ed80a6e1/execution-7f2a6ce7505e_run001.json,bb4dc872b38d9291540655bb92c85de5570b19797482e01d1841a23b8eb8425a,e1dc930faf7f6e92da4e22f15be0e6bfc331ca9d097d9b567c45f0435b7215a8,clumping.pylians,migrated
results/thesan/Thesan-2/dm/pylians/snapshot070_grid256/threads8_batch10_run001.json,9da7db06147540711f20fd48c49255002ce5e551fb62c14ba98e24a19d468e5d,results/thesan/Thesan-2/clumping/clumping.pylians/dm/snapshot070/science-570c372f205e/execution-9f75ea8b7ed8_run001.json,27c0046d38064e8b01e73188ece9eac4696ac917ee24e4390d8240dce21c5124,c83d1c1b923f530829078bc5776a7d05ae5892d86bf48cc9e6fe46e0e5dd4d79,clumping.pylians,migrated
results/thesan/Thesan-2/dm/pylians/snapshot070_grid256/threads8_batch2_run001.json,7f54ea2846a81f7bfb956848b210cad17242124255d2928ccb826c13689342bd,results/thesan/Thesan-2/clumping/clumping.pylians/dm/snapshot070/science-aabda4d9e961/execution-251b4ff45708_run001.json,38e9d85570e2ac1c5210d5285afc44e9e637969ce5485283e6168ebdd5fbf9ac,29893effb869b7fcaba2572adc6a4ff7ee89ed5f2dda82808c5b8db814cead82,clumping.pylians,migrated
results/thesan/Thesan-2/dm/pylians/snapshot070_grid256/threads8_batch4_run001.json,7d9bccad76b6cd24311a03b4626c35fca7de434080d0c9879f4960eb41afed0e,results/thesan/Thesan-2/clumping/clumping.pylians/dm/snapshot070/science-9ac9ab854e79/execution-233f223cdfcc_run001.json,05579b320212306fdc2e282077463cf19c3fb541ccd60c3ea165a2f8967ce887,ba0e58d32cee9c965373decef4b1e048f3b3bd6f6881d6092d1ddef7ad4e5187,clumping.pylians,migrated
results/thesan/Thesan-2/dm/pylians/snapshot070_grid256/threads8_batch6_run001.json,ddbf187db63a044de4e325f6532cc353e3f7738b77dc6d219a571179b544271a,results/thesan/Thesan-2/clumping/clumping.pylians/dm/snapshot070/science-fd7e9a5a43c5/execution-56f46aaea95d_run001.json,d36b6f16167510637c592d764ad8df1ac1e689356419ad69e4541e16bf29d7e0,de49d4012b1c177f68094e1c9b0972426e3fd3e09bf1a08be5aa320be3b07b6b,clumping.pylians,migrated
results/thesan/Thesan-2/dm/pylians/snapshot070_grid256/threads8_batch8_run001.json,f4e4250d0c6aa4208370806d1f829d5ddd625f991676c761410b7afdf761d93f,results/thesan/Thesan-2/clumping/clumping.pylians/dm/snapshot070/science-1635015041cd/execution-ea5492053f7b_run001.json,3c5b907243f6de7bb5894d916481fec98e8e6df78d9fa89bfc742676c0024567,a4778a6148724990e125447c23a20ec994f1732419155a251959c1f25eb6eb49,clumping.pylians,migrated
results/thesan/Thesan-2/dm/pylians/snapshot070_grid512/threads8_batch1_run001.json,48302bc7a9b666e16a6640092db1a9915b197e8fb6d8bee2ed5c5ee68cbfa5c3,results/thesan/Thesan-2/clumping/clumping.pylians/dm/snapshot070/science-01d2cf68b3ea/execution-7f2a6ce7505e_run001.json,a4736ea1dfa0a42a38dc90981d7f67156527ec9a334d25f98ac3c92bd753c0f8,c31e9950984e6419903ed9fdbdddfca2417ce6612c05341d912e4520730c282a,clumping.pylians,migrated
results/thesan/Thesan-2/dm/pylians/snapshot075_grid1024/threads8_batch1_run001.json,03bb5ac9722291ecf6f5ff43474b47877c881647f43f247195abb1a60cfe30c1,results/thesan/Thesan-2/clumping/clumping.pylians/dm/snapshot075/science-b11e2dbdc91d/execution-7f2a6ce7505e_run001.json,b484189296960749f0ec4529812f92d77ff847697c47df3716b37860fecf07ea,d95153f3ecf7a98f6e5da64caea7cabb633026bd976770b81db7cfbd2cc11d0a,clumping.pylians,migrated
results/thesan/Thesan-2/dm/pylians/snapshot075_grid256/threads8_batch10_run001.json,99ff8671c21e0ea2595324a81541e6a35237af2b66ee5e369825c4359e4fb6e2,results/thesan/Thesan-2/clumping/clumping.pylians/dm/snapshot075/science-e9d7033acdc1/execution-9f75ea8b7ed8_run001.json,9557defa0282ce110fe8e99f343a0a838e8d5530da74469dc99bc0e4f8e83a17,e216ce9461b3a8604e771c9b8d28ca986cd60b14bf36b3c9a93acce23c345672,clumping.pylians,migrated
results/thesan/Thesan-2/dm/pylians/snapshot075_grid256/threads8_batch2_run001.json,4daa155ebc35c3dc3bd4d8e8acfdcc22d622dc1b678e618bbdec2fa1a7157240,results/thesan/Thesan-2/clumping/clumping.pylians/dm/snapshot075/science-95ba0ba93db2/execution-251b4ff45708_run001.json,15ba911a63650619211d0339e698dcd2568ff617fa09ef17614ae4e5d716a7fd,665fdbddd0ac280a3b1dccb922d9dd12670536005e6fa334be4a0b3b9610bf83,clumping.pylians,migrated
results/thesan/Thesan-2/dm/pylians/snapshot075_grid256/threads8_batch4_run001.json,ab97e92d1c4ef83b2b23acc6a3eaba8683a9febd257fec527fdd115af3366a71,results/thesan/Thesan-2/clumping/clumping.pylians/dm/snapshot075/science-52b04b4ba4cf/execution-233f223cdfcc_run001.json,0b851a0bdba8f0565f89a2e93d401663a95058be9328c461a70cd8213b655d76,30962137375925c82aacaef658447974d8a1cd0205bb4e4ab3a00d44db760bcb,clumping.pylians,migrated
results/thesan/Thesan-2/dm/pylians/snapshot075_grid256/threads8_batch6_run001.json,9df3b1de26c62fdbf6e9b9a2519cb78c69a93719c4b08b2d9c262a1cdf693aa7,results/thesan/Thesan-2/clumping/clumping.pylians/dm/snapshot075/science-5a602a906a4d/execution-56f46aaea95d_run001.json,f31794b0d9f94154e6f10f23c4e7340fbb55437cbfdb6aac11a707c4673d9776,49c2096f20c65aa5d79c94c3fbc7f871a4ae2a484fecac60adfc921c08d30d69,clumping.pylians,migrated
results/thesan/Thesan-2/dm/pylians/snapshot075_grid256/threads8_batch8_run001.json,a4be537581ed5cd993aed2d8e3467b2ceb7a94186cd4199f02ac35d39472a6cd,results/thesan/Thesan-2/clumping/clumping.pylians/dm/snapshot075/science-54acd54cd309/execution-ea5492053f7b_run001.json,cbcab36cc8c81a779ab632a6e1693821ea96a918bed4c4b26bf5bb9e2b04c31b,b5c634e069d80cc0ef56a99209be78054bd20720efa989e6b02334999450fee2,clumping.pylians,migrated
results/thesan/Thesan-2/dm/pylians/snapshot075_grid512/threads8_batch1_run001.json,7bdd4185d71bc7cce5f2c0da658f4868b91e7791d875a0cb2f454cb733a459e2,results/thesan/Thesan-2/clumping/clumping.pylians/dm/snapshot075/science-3ecbbf03f717/execution-7f2a6ce7505e_run001.json,c67d8fd54a63281a1c9e2c414ca561265568123451664f676c29cb57025d34d9,af42006685e4e8b67865a759de2ff4abf3866e38b0126c7d9c94ff665d57bdab,clumping.pylians,migrated
results/thesan/Thesan-2/dm/pylians/snapshot080_grid1024/threads8_batch1_run001.json,5564721a100be7daf11375becb72034be8d4fa334499c0681964bac7d8a11e08,results/thesan/Thesan-2/clumping/clumping.pylians/dm/snapshot080/science-56eb2e46de03/execution-7f2a6ce7505e_run001.json,32576b3db9fe0fa6abe8b7d0644b0f8a546d30d5932c38007f68fe5f7ba18755,8ee219cf38467be579e36aa6046a647c988434d8e9fbd9bccaa4c5a74c25bbbb,clumping.pylians,migrated
results/thesan/Thesan-2/dm/pylians/snapshot080_grid256/threads8_batch2_run001.json,08d3a7dcd106a212fbde49c9823659d0d2cccbca873b95c14983b6228d588033,results/thesan/Thesan-2/clumping/clumping.pylians/dm/snapshot080/science-eeeca5148673/execution-251b4ff45708_run001.json,f8b1404f9ce0b6dfd43d82102a6c0052e86bc4e01b80714e2c0b04f30208b9bf,84b85b78d31f3094a56911cf198a02375be60ddae913d2d0133234f9c2f5c5c6,clumping.pylians,migrated
results/thesan/Thesan-2/dm/pylians/snapshot080_grid256/threads8_batch4_run001.json,9d85a2e7f245718c0ceb9dcb2f5c4ff809e4ff19667a344028cf411eb00c8a27,results/thesan/Thesan-2/clumping/clumping.pylians/dm/snapshot080/science-7af1a72f9c79/execution-233f223cdfcc_run001.json,862678d71be9e5d845f3f4da15d482bfea14b421e7947cab5a2a0e3330c62a0c,0e41e77087a58c55d2438f31cf821b109cc21f6e46dc80ede60cc8b49d7a2c31,clumping.pylians,migrated
results/thesan/Thesan-2/dm/pylians/snapshot080_grid256/threads8_batch6_run001.json,bbf5987ad02e9c9a8c2d2e0c686ac7654a41c37d034b9bbdfd0d885d2e4c8337,results/thesan/Thesan-2/clumping/clumping.pylians/dm/snapshot080/science-6e8b9be800df/execution-56f46aaea95d_run001.json,62f26196c5d56df9fff43102745ad550854b77815ecc67af76369512c1bd7319,e2b53c08d7f24ca06fb1695113c9898ac33d731ad9b29e2a7db3a2ed1693690e,clumping.pylians,migrated
results/thesan/Thesan-2/dm/pylians/snapshot080_grid256/threads8_batch8_run001.json,63275e141f252ab466697a1d95e83cd411886d6664a7fdb72647e2fa28350110,results/thesan/Thesan-2/clumping/clumping.pylians/dm/snapshot080/science-f0f61e6561ef/execution-ea5492053f7b_run001.json,c38fe4cc06e36c0ac14a0b531155887750c72561a4be0bafb53c8894be47b69a,e1a55ec36bf4a8c912a39bd6270f77f48c75434929005cd3daf8cf4671a3b5a9,clumping.pylians,migrated
results/thesan/Thesan-2/dm/pylians/snapshot080_grid512/threads8_batch1_run001.json,e35c0c8c4a8666d86ff30322636550d35eb8fadbc2e93362633b819cd93e54e5,results/thesan/Thesan-2/clumping/clumping.pylians/dm/snapshot080/science-5427ced2010c/execution-7f2a6ce7505e_run001.json,be404b260bdc49da13537e3adb24d358660c52670d181aa0d343e74b2e3634c5,a0b9cd1dd097baf33a795761621eb5bc51316b318a725ef96ff70ae139aeade5,clumping.pylians,migrated
results/thesan/Thesan-2/gas/alternative-grid-masked-gas-sphere/snapshot080_grid256/threads8_batch1_run001.json,d87ce94185e5174313a84567c449d76c001b33fe485b25484ae5578853848f35,results/thesan/Thesan-2/alternative/alternative.grid-masked/gas/snapshot080/science-f271d05cdf8c/execution-58def760728d_run001.json,215ece6f89434f6b81318ad5748c9f79401f24dad2a1797c6296afc40ea1e3d2,d2ff877e0a22e2c712ba35e80d23634c47237fe7cf7f8b7063c921281c4c1b2f,alternative.grid-masked,migrated
results/thesan/Thesan-2/gas/alternative-raw-volume/snapshot060_nogrid/threads1_batch1_run001.json,9acde1fc375248bfd09ed6822f1cb821407d64911925c357583d846970b661a9,results/thesan/Thesan-2/alternative/alternative.raw-volume/gas/snapshot060/science-f07fa7df386b/execution-58def760728d_run001.json,8e185572d80bca02f80cb76ea3bab3afb38d2c020b4be7170bacab63289ad80f,bf67e4d948d3ccffb2196c39a8ff27a376266f0f22e5e6f3cb65b660ca6287b6,alternative.raw-volume,migrated
results/thesan/Thesan-2/gas/alternative-raw-volume/snapshot075_nogrid/threads1_batch1_run001.json,038e2b777c1fecaa0b0747b89149f6d8f0548d46333582d9b33a5e7e78297a7a,results/thesan/Thesan-2/alternative/alternative.raw-volume/gas/snapshot075/science-f07fa7df386b/execution-58def760728d_run001.json,2640ab5bd8da4bc2a739d0c69d6d658e7ac56888716656bb1bc25465516c407d,f3185ef62ba2be740037be82ddba1dbee515508af53e50905c3306acaceaa8e1,alternative.raw-volume,migrated
results/thesan/Thesan-2/gas/alternative-raw-volume/snapshot080_nogrid/threads1_batch1_run001.json,c413716e7098e5e359674bcbe5082708b4229551eb1e7119bd72aa7ead2cdbea,results/thesan/Thesan-2/alternative/alternative.raw-volume/gas/snapshot080/science-f07fa7df386b/execution-58def760728d_run001.json,9b5794baa41ff98c4a59e16ea40028da28d5bb2de1f5efaa4a12ace565e809d8,0f984546ee2d81f8ddc9b280c01f7583508abb5d311e00b75373cfcce2a1b526,alternative.raw-volume,migrated
results/thesan/Thesan-2/gas/density-ratio/snapshot000.json,6ba844b7ea65fcc637734ced23f66fdf898310c11abcde2a77d302b8b3ebbb5b,results/thesan/Thesan-2/diagnostics/diagnostics.density-ratio/gas/snapshot000/science-385383d7a6bb/execution-58def760728d_run001.json,66fda8e26e9b416433a26154c03a3ddf81ab92a0c3823dbc8231070ee42cf230,805b6cc84d6a9b081360fd3100fc7444ab97eaf14e4e5f0821ced47586e00831,diagnostics.density-ratio,migrated
results/thesan/Thesan-2/gas/density-ratio/snapshot005.json,436d78e83eabf5956ec1132125b0fe0416fbdedd41f7f38a9a05a7be81b51c3a,results/thesan/Thesan-2/diagnostics/diagnostics.density-ratio/gas/snapshot005/science-76a7cdc94cc9/execution-58def760728d_run001.json,a5761579865dacf5df9d54d8c98fcff38446d7f43150723c01d574b653a1dff1,921fc8c8aef32b74d55a96405a048b99ab7e10442e7d38244d84dba10b020bcc,diagnostics.density-ratio,migrated
results/thesan/Thesan-2/gas/density-ratio/snapshot010.json,8be261c4ce32247cb50b360f4b496daa739277147e49a80679c140d8ba6a9e15,results/thesan/Thesan-2/diagnostics/diagnostics.density-ratio/gas/snapshot010/science-26dc7dcf694c/execution-58def760728d_run001.json,bd0fa1b3f31b467c6693f162e12a158a7b903e39e1c7b7313122a06662c5cb05,b85d73c600f7458c901031bae53183e9edf451792143f13cdf732fca3fbb9e60,diagnostics.density-ratio,migrated
results/thesan/Thesan-2/gas/density-ratio/snapshot015.json,f043fca4db8798877c542f0af94dc3520a205c34bace786ea9ab2683790c2653,results/thesan/Thesan-2/diagnostics/diagnostics.density-ratio/gas/snapshot015/science-1913a5a280f5/execution-58def760728d_run001.json,42263cf3102d0f6dc26d83ac863bd1eeaace73c1b734cedbabe596f50d226cad,faa6fdefcf063e441fb4a54e66b8059947034e0bf421cf1b89ed7e109a5f0824,diagnostics.density-ratio,migrated
results/thesan/Thesan-2/gas/density-ratio/snapshot020.json,160fff34aaad5f2466b607e5b45d722e3cb6b999ae08df9cb9e305e54a544629,results/thesan/Thesan-2/diagnostics/diagnostics.density-ratio/gas/snapshot020/science-53c67994e9fe/execution-58def760728d_run001.json,bb64dcc992d522e8762e5e2771adb3980d839e3c74ee626ebbf368fd9c9090c6,d4b031311211a8efa319848d2b67f214e27831ddb1da8f7c1e00d5a901e8ec9b,diagnostics.density-ratio,migrated
results/thesan/Thesan-2/gas/density-ratio/snapshot025.json,683da1347fa9373c5b3668bdaa0246a5a27fe7e53407ba55490aa4a878859168,results/thesan/Thesan-2/diagnostics/diagnostics.density-ratio/gas/snapshot025/science-0bc4c197834e/execution-58def760728d_run001.json,2d1b303757f3912171bd2fd64bbc27ebdf8119d71fe70d240f19b9807d5f3ce1,12765f274038655df86863a0459a18c941071d8ef17e7532546840efe18d584f,diagnostics.density-ratio,migrated
results/thesan/Thesan-2/gas/density-ratio/snapshot030.json,9fd20080371045f50507ffb989bde734c260e52ef121db0b602d9ebba32b1c98,results/thesan/Thesan-2/diagnostics/diagnostics.density-ratio/gas/snapshot030/science-a5e7b77b8994/execution-58def760728d_run001.json,3f55aab67549c62f40a5ddf3c0b74863d9f4f48f5268570ee9bf14be3bb2df84,6dfd545c96a14392a1d1a3fd9ad4911429aa2c008f8416237feb73cc470562fa,diagnostics.density-ratio,migrated
results/thesan/Thesan-2/gas/density-ratio/snapshot035.json,bec17bc7a47d6e0eaa6a8c718526fc53d37977c84b9e1a098fa2440fc61c1803,results/thesan/Thesan-2/diagnostics/diagnostics.density-ratio/gas/snapshot035/science-70b117b1947b/execution-58def760728d_run001.json,692127dc4f392bd2e1bee440c88904bf17390f9c81c76b908fba0620e851a408,a6528d4fb1fd9b2bd71e345e7830cc72835cef8efb50ea53f79591b2aedcce93,diagnostics.density-ratio,migrated
results/thesan/Thesan-2/gas/density-ratio/snapshot040.json,c14aebc5602b306fba79abc2aca84c890a323ff76b37b3a45a3bbd463319ba28,results/thesan/Thesan-2/diagnostics/diagnostics.density-ratio/gas/snapshot040/science-f5b68ae25608/execution-58def760728d_run001.json,8defa27d608b3ca5d789bdc4b4ad15b341136ac009b2ed5c29e11a22b6ea92c1,cac699a4142e27e00295143d454f0d6b72826c33062129fd1de0f87be3658aa7,diagnostics.density-ratio,migrated
results/thesan/Thesan-2/gas/density-ratio/snapshot045.json,c008289c9b514ca1f1d8c98bef786a31efdefcce6636881363871fb3d582506f,results/thesan/Thesan-2/diagnostics/diagnostics.density-ratio/gas/snapshot045/science-bd150036ea94/execution-58def760728d_run001.json,176f7044571a5d87b5faa7d8495786156f30b4597a0fa2dca20ea0786d2f0538,4cbed8c2d90ee82bf003ab9860173aff3ff0b1d47fa75271c098fdbe0537469f,diagnostics.density-ratio,migrated
results/thesan/Thesan-2/gas/density-ratio/snapshot050.json,12663143f161d6c208b5bf3460b52c498a4bc64a86aae86cab002461ca2b8c69,results/thesan/Thesan-2/diagnostics/diagnostics.density-ratio/gas/snapshot050/science-ddcad14af25f/execution-58def760728d_run001.json,839a5ce3de7f2688802d071a90f1c44e9941d02b17a27bc29438cda2275d9cb4,15e461b3a4da6ca454a9e7f75cdd579ee107be2a0a07898fb15daa218aa2b64f,diagnostics.density-ratio,migrated
results/thesan/Thesan-2/gas/density-ratio/snapshot055.json,2693b751bf0be757923f0f28326dbfed2a6422be75ce281ad046b5e6e1699ec9,results/thesan/Thesan-2/diagnostics/diagnostics.density-ratio/gas/snapshot055/science-cf6b4283663c/execution-58def760728d_run001.json,c2ff228aab202c90f3352477639e56be6df26dfad8925b12442ff3d19df5568f,ec329b7e3f16313234b825a0d099220150324375a8cf47c85f5a1b6b758d3138,diagnostics.density-ratio,migrated
results/thesan/Thesan-2/gas/density-ratio/snapshot060.json,61ed901e90fd3e535d47bad859b94649aa9d726045aa850a62347729fcf2942a,results/thesan/Thesan-2/diagnostics/diagnostics.density-ratio/gas/snapshot060/science-51c2d7b082e1/execution-58def760728d_run001.json,b7a480510d6dd40baf00a9541af9823a31461ab51566c34e221b100502939142,7ce85b9b75c710e200e872a94a52dd79772c58fddd01ee08b1e4de6fb1184c41,diagnostics.density-ratio,migrated
results/thesan/Thesan-2/gas/density-ratio/snapshot065.json,01cc47bd06dc9a6c5b013b4d183b90d2d4eedc60be8930dfa7c617fba69d563e,results/thesan/Thesan-2/diagnostics/diagnostics.density-ratio/gas/snapshot065/science-d19f880bee30/execution-58def760728d_run001.json,ac2216cab752aef891b1e853a5c17f13d44050922daadc0ca5afd2cfd472f2de,91db39d791c90d3711ed544e60bd8deeac0b081b2627e7b32b5e358b2743f353,diagnostics.density-ratio,migrated
results/thesan/Thesan-2/gas/density-ratio/snapshot070.json,956306d2cd619445dc54827f10f4838b08fdfd9bfb9b20bb0e474fac42b8884c,results/thesan/Thesan-2/diagnostics/diagnostics.density-ratio/gas/snapshot070/science-2152fd96572d/execution-58def760728d_run001.json,815cee0c3cd5bfce06a25d665525a04978d5fe9480997bc5fec6ca3c9dffab6b,bb2972c72279e412c1cf8b0c6b00a782206339f063d137f7ea2548e7dcf4bc6e,diagnostics.density-ratio,migrated
results/thesan/Thesan-2/gas/density-ratio/snapshot075.json,0a89c67c8cca7781c8da35d79f9abd13a571c59e07ddd01a13ec175ea7e5e077,results/thesan/Thesan-2/diagnostics/diagnostics.density-ratio/gas/snapshot075/science-6cce5d85af84/execution-58def760728d_run001.json,a3e8fdcd2d5c137ca78405e5aa76b256418dace57af61bae6dca7dbfb62e36ab,57350888053d2eee0c5ee805f4ba90393c5fda645691b76e0dbe5bc225292e73,diagnostics.density-ratio,migrated
results/thesan/Thesan-2/gas/density-ratio/snapshot080.json,d0b194566e1390b69ac5f96425564cb2a8067b6bb1b1c6f94ccde7e75b98e5ea,results/thesan/Thesan-2/diagnostics/diagnostics.density-ratio/gas/snapshot080/science-382262d665db/execution-58def760728d_run001.json,115b47f79632466772db578184ed9a0d9accf87b0629b73de27ae7bc04abcbdf,e36ea27e85b797ed23efafa10fe9c1c303494f888446bbada45f4684455d5b0d,diagnostics.density-ratio,migrated
results/thesan/Thesan-2/gas/equation-tests/snapshot080.json,4f9971702fed08afd4d2e6e9bb00f7879b96605bf7138739099395d07b4337f7,results/thesan/Thesan-2/diagnostics/diagnostics.equations/gas/snapshot080/science-0d4e03a4df7c/execution-58def760728d_run001.json,55ae7bf5d7c0e09ef97f81329fd992a4e52e98221ae8b3098bce45dce336b288,c568830bb078165102fb55968478266088dedbb6d79d7cc3af0fd6e2ad9cdd0f,diagnostics.equations,migrated
results/thesan/Thesan-2/gas/equation-tests/snapshot080_computed_ionizing_full_diagnostics.json,4beb4ded38106ec6f81c5e28b928b96726bbf5ee60e00476892911d38e33a8eb,results/thesan/Thesan-2/diagnostics/diagnostics.equations/gas/snapshot080/science-a9f164697b54/execution-58def760728d_run001.json,ae9102554d65c083f4ee02023b5f26d3ac5dafd8327b1fca02e3c5423d0b4e4e,f2004ba3cc2742f2e9a6e0b6d314209eebea6d0b7c2530453d93c241655fbc2c,diagnostics.equations,deduplicated
results/thesan/Thesan-2/gas/equation-tests/snapshot080_delta25_50_xhii.json,cf96c79d4c42c50b49810aee60fe9c72adf73a0fcac2983e5dc05d7e33599680,results/thesan/Thesan-2/diagnostics/diagnostics.equations/gas/snapshot080/science-e3cbda3f6058/execution-58def760728d_run001.json,a6342d4246399871eddfa1a0d9be8c67e200feb942e3943991c532bdbddb8353,d4b2b951fc0c7826fa992b3f2ecc3eb33ebb76237edf2e469df4b5a515156a39,diagnostics.equations,migrated
results/thesan/Thesan-2/gas/equation-tests/snapshot080_full_diagnostics.json,ae5b50a2fb87cc26ebe6569b6d6254ef673cfa0d44e6218319eb056fa750a131,results/thesan/Thesan-2/diagnostics/diagnostics.equations/gas/snapshot080/science-59ff446cbedf/execution-58def760728d_run001.json,e72b119ec66d482d6bc84d7ca9b967022955589dba35597e46bdb1d2a2cd9ac6,dccfcee4674e9fc6439ac3f7102a32477438353f756315d54484dc8269432465,diagnostics.equations,migrated
results/thesan/Thesan-2/gas/equation-tests/snapshot080_ionized_delta25.json,587899185cb64bc747a5a60685ad2b469d11d7f4a896487b738f6cf5ec576bcf,results/thesan/Thesan-2/diagnostics/diagnostics.equations/gas/snapshot080/science-ab562ebe0111/execution-58def760728d_run001.json,69dd88c68f6ffaa08197104f9af0b179c2a1df1062ba599bdb09f5c300c3faee,367708b582b8bfe2ecebf8bbd47e6470625d5b9792a012347c0b97c76814477d,diagnostics.equations,migrated
results/thesan/Thesan-2/gas/equation-tests/snapshot080_ionized_photon_groups.json,8fff3ac1fa986ee2ef5726f678014f9aee3e4b9b609467d8f92d04e22f75ae43,results/thesan/Thesan-2/diagnostics/diagnostics.equations/gas/snapshot080/science-8381a38b5310/execution-58def760728d_run001.json,226bf3e198257d6cf52409dd2e225ebae6004c045e191f581eb817377b85c64f,4bd1ccf84ad73877faf2bb8ddea6dc0c3310a07ebaaefd6dcb6e5091214bb952,diagnostics.equations,migrated
results/thesan/Thesan-2/gas/power-spectrum/mas-only_both/snapshot080_grid256/threads8_run001.json,a656d29e831f1629277d00e305ebfe482550c22fa9ef4ecc2dda57a6e0896bd2,results/thesan/Thesan-2/power-spectrum/power-spectrum.combined/gas/snapshot080/science-f3567fc1f052/execution-dad87b62e8e5_run001.json,ddb3a5c9b384e46511141ca7c1a943556669216588576a19652fc3989bad6e80,f1eebf42b8eedb4e434e1d8e737da02561cf67ab12869d4cbf047f8c02efc2a0,power-spectrum.combined,migrated
results/thesan/Thesan-2/gas/power-spectrum/smoothed-pylians_both/snapshot080_grid256/threads8_run001.json,bf98ee84c37363e7c7fad12793bcbc94a145e6a29ce6796eb78d218eb9e449e5,results/thesan/Thesan-2/power-spectrum/power-spectrum.combined/gas/snapshot080/science-07c1b5710c36/execution-9c0eeb45174c_run001.json,2bd5f75c798fff8734b3f272a3be2b90c4e8c120dc488e0a3754186127315702,e918ca3bbca9f379fa4fd7a2a13c64a4ab78273e54abc8b13c623e274da000ac,power-spectrum.combined,migrated
results/thesan/Thesan-2/gas/pylians/snapshot000_grid256/threads8_batch10_run001.json,4d6eacb667e71d0c320cfdd8f88028ec0a1bb93315e31802e63cb3b9ae3af992,results/thesan/Thesan-2/clumping/clumping.pylians/gas/snapshot000/science-e62bac588719/execution-9f75ea8b7ed8_run001.json,0104dae725a48832e35e0c345a4abc5a173c631f0295b8ab16eb848984605a27,caa3fed3757857c99d14141f6f20b9c5c942fd5225b9baccd46320c01d39d6e1,clumping.pylians,migrated
results/thesan/Thesan-2/gas/pylians/snapshot000_grid256/threads8_batch2_run001.json,c7fe17f275b82165c03a38a21fc852e6d39d0f503f3955ccbd8f13e33d06f3f1,results/thesan/Thesan-2/clumping/clumping.pylians/gas/snapshot000/science-71d7442954f0/execution-251b4ff45708_run001.json,fde24a2e7a79e24f41cae88da44543f7595769af265f74965f9441474c79ad6b,188371608289839d4787e34d3b124344459555bd39aaa909341e7f99887c341d,clumping.pylians,migrated
results/thesan/Thesan-2/gas/pylians/snapshot000_grid256/threads8_batch4_run001.json,d2705dee5bdc2541932456f3c1d9907f075c15f93435e0074c94ef180fbb27f7,results/thesan/Thesan-2/clumping/clumping.pylians/gas/snapshot000/science-0dd84c7926a4/execution-233f223cdfcc_run001.json,95105ad418962d66ffb9b4b6a33592fb2c92661cbe30cfa628d6aab60eec5fb5,32e70fa6f2ad4e72451745fed1594cf6bed68eef3d7d8b9f6ab6deb99feddbad,clumping.pylians,migrated
results/thesan/Thesan-2/gas/pylians/snapshot000_grid256/threads8_batch6_run001.json,9155f5c120bf182389c6ddd03101adfb1c63017afca057d220d22bbaa0f2921d,results/thesan/Thesan-2/clumping/clumping.pylians/gas/snapshot000/science-34179be38b5e/execution-56f46aaea95d_run001.json,daaf4acf8f3b4003e002b9c183e9706835b27130a7704d69d01340d4b8e974a6,64fac0a959bbf65a479fa8f0cf36b5399e624b8c82c5dd92337d307bea612530,clumping.pylians,migrated
results/thesan/Thesan-2/gas/pylians/snapshot000_grid256/threads8_batch8_run001.json,f1d0352e2748c66f4b3a613e318168d51709353736132a2e303f0dd3705fcb6c,results/thesan/Thesan-2/clumping/clumping.pylians/gas/snapshot000/science-f7279d8ca59e/execution-ea5492053f7b_run001.json,7bcebdb8247d0e12a87ff918653e103ea8de2ad6be69e288199b674fb202d125,a298ddbebfb149884f4dd37bc8570a80373d8783562787bc05b867180e9c3ffb,clumping.pylians,migrated
results/thesan/Thesan-2/gas/pylians/snapshot000_grid512/threads8_batch1_run001.json,bd253fe9edfa806fa617487de02af64cc846ec54061657075dc4d9595abb7255,results/thesan/Thesan-2/clumping/clumping.pylians/gas/snapshot000/science-4df2e5491acb/execution-7f2a6ce7505e_run001.json,036dcd67ec414a1cc2087acf242bff345a3bd588f95fc4a00a463e987d55e108,ad5b2d2dfd39b499d39b736a1f4ebdb05b6f9c352fff57f6a9fe384eb31dcc9e,clumping.pylians,migrated
results/thesan/Thesan-2/gas/pylians/snapshot005_grid1024/threads8_batch1_run001.json,4ae87b1c53a7a29a0864a2b5cc04415ff2fee21dc386330715d8e18940dc7802,results/thesan/Thesan-2/clumping/clumping.pylians/gas/snapshot005/science-568215787a3f/execution-7f2a6ce7505e_run001.json,01c693527c7f3ef0f42a7e840a4b68d19e87c062d8b6229dc3f95c0ec8653f27,458ddfa2d5cad4bcd2e3047a30b5f863325996a68ecbc3afc3ddf8c2282fdb9a,clumping.pylians,migrated
results/thesan/Thesan-2/gas/pylians/snapshot005_grid256/threads8_batch10_run001.json,9178089f5b24bc6fa6834e6edc0e178cc9dddc79dfa4046b22ed00b4755eac80,results/thesan/Thesan-2/clumping/clumping.pylians/gas/snapshot005/science-1151af2abe90/execution-9f75ea8b7ed8_run001.json,9047fb02694e157a56da19bcc442d4e338c714ab7aea1fbc26f671d1dd4a0d44,fa0437e8c5dd65f4c67e0de6fb1599fa560f11b13dce431350459e7ff03a625b,clumping.pylians,migrated
results/thesan/Thesan-2/gas/pylians/snapshot005_grid256/threads8_batch2_run001.json,56c8b09cd37de76cc9d3c6a148a3c116bfc2bef21c94bc69c11591c2d3c6f2da,results/thesan/Thesan-2/clumping/clumping.pylians/gas/snapshot005/science-6ab735ae216f/execution-251b4ff45708_run001.json,12b31790ac63d3471bf235f2204170d776147e26a2493ffe15f398bdde42d1fc,5801a44ac42d3eb8437f38f8f74d1a7b0acf09a43bd5d1aa798aaa880d8b872c,clumping.pylians,migrated
results/thesan/Thesan-2/gas/pylians/snapshot005_grid256/threads8_batch4_run001.json,75ee0e86bb0a9f6ab0a8fcbddab722fedc3015af8e0109fd1075e0b1d37ca33d,results/thesan/Thesan-2/clumping/clumping.pylians/gas/snapshot005/science-228c2ecca90f/execution-233f223cdfcc_run001.json,64c918de56ba2a10c4a169c42a0d2bbb9960922bbf5fbc4912ea62993974b1a8,2262dce25b97982f3bcb8d41ee654e1075645c959b434e468bd1cc6f520d495b,clumping.pylians,migrated
results/thesan/Thesan-2/gas/pylians/snapshot005_grid256/threads8_batch6_run001.json,6573e1224c4d39d99f5acfbf698a1156ddccd27939090a8a879c5b78e34265ae,results/thesan/Thesan-2/clumping/clumping.pylians/gas/snapshot005/science-c8c701ec8096/execution-56f46aaea95d_run001.json,08c2b7aeb48b227003142f82bb4910f8c063ff21b007300b9b64ddd96c5fef75,e110284b3d240918971a528ea62e0cc0f1e1fb0594aa3d20d4b3aa4d1558435b,clumping.pylians,migrated
results/thesan/Thesan-2/gas/pylians/snapshot005_grid256/threads8_batch8_run001.json,87ebff73177ee1e92441311031b70f36d84821d78f13dbab5974d045b10b5979,results/thesan/Thesan-2/clumping/clumping.pylians/gas/snapshot005/science-af42eb30ce8e/execution-ea5492053f7b_run001.json,e9925c41b1f5519859eb0f1cffe48e21b861b29e890e57523f6a2072ac3b78fa,c76a86e6d26ebb778051b5d22ea5f89158ca255a42987774867dbac8d1a49112,clumping.pylians,migrated
results/thesan/Thesan-2/gas/pylians/snapshot005_grid512/threads8_batch1_run001.json,0cf56881b0abf0502e8da17551870c7862a59e254c4987e52f59bbee14a6b0e5,results/thesan/Thesan-2/clumping/clumping.pylians/gas/snapshot005/science-a6c4fc546d8c/execution-7f2a6ce7505e_run001.json,ddb73c53e70e318a198e15db510d79bd9e14d2c1089533840c5b4631ca504b3c,17e913dbd75e6874dca245bf09e29a92e029a41e5243e6ccb33d675472159cb0,clumping.pylians,migrated
results/thesan/Thesan-2/gas/pylians/snapshot010_grid256/threads8_batch10_run001.json,ad7fea36bf6d635bbd1169dc2cbb1b2f039082153e49c8548ad408cfa83e30d9,results/thesan/Thesan-2/clumping/clumping.pylians/gas/snapshot010/science-a69152d885a7/execution-9f75ea8b7ed8_run001.json,8909e415b6ec5df2f225ae09d439c8579e26abf36298f8a56561f842501aa705,78c1139143e9f522f931d565b67ce0cd2d03c903107bf9cb40f4c860e982eb8a,clumping.pylians,migrated
results/thesan/Thesan-2/gas/pylians/snapshot010_grid256/threads8_batch2_run001.json,e6429c25eaee302bc67ab5ab721e32d247401a71613385707a7f6fd03ebbb377,results/thesan/Thesan-2/clumping/clumping.pylians/gas/snapshot010/science-3974d246c920/execution-251b4ff45708_run001.json,722b5361f33f05aa77f992360893badb30540903290d0a95478a113b06fdd61e,31d20d55f8a695ad84099dfff9ed4f8a7c7b56bf43bf9bc477a875aad4eece66,clumping.pylians,migrated
results/thesan/Thesan-2/gas/pylians/snapshot010_grid256/threads8_batch4_run001.json,97352edba13c932387950fe03ddc01a1bc26eddfd172904451b0c6cbaed5f4e3,results/thesan/Thesan-2/clumping/clumping.pylians/gas/snapshot010/science-4a961f9fb736/execution-233f223cdfcc_run001.json,76e1b805f26eca7edcebcf41eaadb5bd691e5982047c448076994290c7bcde99,e4ffa622514b69eba5f1bcbe5a7dc1c1212e62d23a582b15ddcd716468aa1ae5,clumping.pylians,migrated
results/thesan/Thesan-2/gas/pylians/snapshot010_grid256/threads8_batch6_run001.json,0a177628d0ee0297eae9403b0907a42e2f0dc709d2adf62fc70d6de20c65e9b7,results/thesan/Thesan-2/clumping/clumping.pylians/gas/snapshot010/science-242cd494d905/execution-56f46aaea95d_run001.json,63d99dbd318865065b0f10fdedac9276e9918405367d6da2ad8dbeee49479aaa,92258d2cb823cb7e33825168460a82f50506ae4eda621679eadfa6b22b7fab92,clumping.pylians,migrated
results/thesan/Thesan-2/gas/pylians/snapshot010_grid256/threads8_batch8_run001.json,0c91bf7828c67709d6bc84a87fa72ee900489f35d76a57b219e29eb624938b00,results/thesan/Thesan-2/clumping/clumping.pylians/gas/snapshot010/science-07d98e08b678/execution-ea5492053f7b_run001.json,28fb0b21484dfb4d6c1ae849341aae542fb0fbff8ccf687fcc0a72aef8a1564a,05c6caef5baaec0c5ee64a56b30d3062913725d2d57204821965fa2f2ee55b8e,clumping.pylians,migrated
results/thesan/Thesan-2/gas/pylians/snapshot010_grid512/threads8_batch1_run001.json,c9f6a2fd1337adc57c4c7bc642250c8943a445ec99dd4df6bff89edcfc5db134,results/thesan/Thesan-2/clumping/clumping.pylians/gas/snapshot010/science-8558f73e0e11/execution-7f2a6ce7505e_run001.json,fb3f189fd1639a80314e82eeccc5d1891ebfea462deacf412453cef82b7512a3,65456f761d1d0165a5c4e565a027b751c6d1ae47076e28d62dece78c0abb6dd7,clumping.pylians,migrated
results/thesan/Thesan-2/gas/pylians/snapshot015_grid1024/threads8_batch1_run001.json,77912ded47921791047562c8a1a99074f0d30936e80de92982d6795676f98442,results/thesan/Thesan-2/clumping/clumping.pylians/gas/snapshot015/science-0709beda5dc4/execution-7f2a6ce7505e_run001.json,f42c17f45766c135a7ae469121c29272600a027e0c6e34961a1e237b81ac4367,87b6ad27ed0687c402b73b9ac87b0e347c2b7f58d0e299e7ee82076c0cb82a27,clumping.pylians,migrated
results/thesan/Thesan-2/gas/pylians/snapshot015_grid256/threads8_batch10_run001.json,050b0bd738dc89972383f4ed6f0f97f94b1dc8c68386c533fa747b692724dcb8,results/thesan/Thesan-2/clumping/clumping.pylians/gas/snapshot015/science-fa4680b5241e/execution-9f75ea8b7ed8_run001.json,7a19b00307942a98140993ec74cd123afa8ec8e05fb5d640f2c9e730d3d6e970,229b30fa94e04a4d2d3cc4d845267aa6c8d0818e26ce0518a9bea7b515a0842f,clumping.pylians,migrated
results/thesan/Thesan-2/gas/pylians/snapshot015_grid256/threads8_batch2_run001.json,fda0eaf8762ff00ceeebd47d8a98a2f5a87f55a52fd263a44f1cb0ba847f7d4c,results/thesan/Thesan-2/clumping/clumping.pylians/gas/snapshot015/science-d3f9ef1b2879/execution-251b4ff45708_run001.json,cc36c2d5e2e1b2048242524caf9f5ea0f306274e9dbd4d9b831c9fa005279de6,4131f6ebad9a75f8cb6820489a3b7b67ea07f29ea12d202a53e76e9d2c2f3630,clumping.pylians,migrated
results/thesan/Thesan-2/gas/pylians/snapshot015_grid256/threads8_batch4_run001.json,cc5422a91d3a3280c3b5e9c8bb58ea1c50025cc4d3ba6689d997c0dd20f206bd,results/thesan/Thesan-2/clumping/clumping.pylians/gas/snapshot015/science-147363502e01/execution-233f223cdfcc_run001.json,4b5289f7b03e34f3b4a3e85fdef6622802d412ea45c6abdeeb0088bd77b9444a,159e3f5d308c55f07539c2fd21da32b170c84be8d830a10d9607e25e794797a1,clumping.pylians,migrated
results/thesan/Thesan-2/gas/pylians/snapshot015_grid256/threads8_batch6_run001.json,04ca02028d9b125dba92a759058fb843ac3e4a1852ac95856c138ee459acb20d,results/thesan/Thesan-2/clumping/clumping.pylians/gas/snapshot015/science-4c52ee916f9d/execution-56f46aaea95d_run001.json,e1bf55085dabfe440b5dfe2630b5c22cefcd8a8fc440faf8210f541d8190a57f,1a04a6122e0278311767ba005bbe6f0741d960e11b2eb1e16572085347a2f35e,clumping.pylians,migrated
results/thesan/Thesan-2/gas/pylians/snapshot015_grid256/threads8_batch8_run001.json,9f75b4c553db09d8bba24ced8de4ee5f8d76adacf6c790e02fbd19123d4dcfd5,results/thesan/Thesan-2/clumping/clumping.pylians/gas/snapshot015/science-17cc5a17b533/execution-ea5492053f7b_run001.json,2eeb3e06d9e88909c57956c674a966f588e98da00519777b5ff14cb9853c1942,8109cf9e32dbd3e5f6342a8e53f777e217c749d1b3fe3f68935a8fa05ca17d8b,clumping.pylians,migrated
results/thesan/Thesan-2/gas/pylians/snapshot015_grid512/threads8_batch1_run001.json,1a3e8b18da81f3b7e5bcfcc9decaeb56b903e0b7f25a3e50766a09c38673499d,results/thesan/Thesan-2/clumping/clumping.pylians/gas/snapshot015/science-d6da34f5ecf7/execution-7f2a6ce7505e_run001.json,e9fe415e79dc5222d57e0a6eb3b8fb97f6a8609087828d0568c0cc953dac2104,4734e103a3ab3b8d74db20d87c099edac63552377214a990e60b691dfebe804e,clumping.pylians,migrated
results/thesan/Thesan-2/gas/pylians/snapshot020_grid256/threads8_batch10_run001.json,ed71ad0d1ef8abdeb4ade381823346bc22577d9d3b67fdfa620ff245576794db,results/thesan/Thesan-2/clumping/clumping.pylians/gas/snapshot020/science-f4aadb562949/execution-9f75ea8b7ed8_run001.json,f56296bbef34b48b8676f6450972b72667ddfd5165dda683f70621bf4b5bd898,7cc8d13218d1c600d72d268d94754afbd1f2e631e3d9d408cc80411dfd19a77e,clumping.pylians,migrated
results/thesan/Thesan-2/gas/pylians/snapshot020_grid256/threads8_batch2_run001.json,a2fd8fcaef5667a5beddf216f64593b53d84e5a194375c7f0c02d476b40229b6,results/thesan/Thesan-2/clumping/clumping.pylians/gas/snapshot020/science-3571c8869e97/execution-251b4ff45708_run001.json,86c0c1b3f9df44d330f3146d86abcc0d6808a7ea88ebe2c6c85fb2d947383296,05ad168e342c70da80ffca6b94b1c2bb0ec8dcb5986b039f2db922a09d36e78c,clumping.pylians,migrated
results/thesan/Thesan-2/gas/pylians/snapshot020_grid256/threads8_batch4_run001.json,c3293600d26595c4c1b1be4b3c5d93e11a92539fac09ebdddacfbdc8b42751c4,results/thesan/Thesan-2/clumping/clumping.pylians/gas/snapshot020/science-42bc08d51588/execution-233f223cdfcc_run001.json,c03d63f6c8a1aac58fc4eaa994e958ac8b1327c00e2445521b69e3830ed61f30,521595bdd271cb57f7f5efe5d2cdd5dcbaddb9a268ac727e11ee10ef45ffd401,clumping.pylians,migrated
results/thesan/Thesan-2/gas/pylians/snapshot020_grid256/threads8_batch6_run001.json,6a70b3f77cc20ae940b08f986ed315fc107c9e4e07be7b3b537b06db2b29cbc1,results/thesan/Thesan-2/clumping/clumping.pylians/gas/snapshot020/science-34c17bbe7f87/execution-56f46aaea95d_run001.json,df56fd8e7ac049cf18ec6a7f18304e6fac5a40393bac2dcef363c13997cd3992,b8e2c2c275a157bee8534e7395c681d8e3cc6a4b12e3b7198cdb08e1dfab363b,clumping.pylians,migrated
results/thesan/Thesan-2/gas/pylians/snapshot020_grid256/threads8_batch8_run001.json,53b31f80e9bb30e1d022e1802211a4bde7c4ac94365352d182909ee1fd86e2ba,results/thesan/Thesan-2/clumping/clumping.pylians/gas/snapshot020/science-94cb258355d2/execution-ea5492053f7b_run001.json,82efb0e22f00dca484e6f8a4f56a5bef18a8821c10e06b73cd91ffb62591adf1,b4e9a98c6ea003eafb89a664d5f03d11b4da4cdeea86087799a3ff7385dd27fa,clumping.pylians,migrated
results/thesan/Thesan-2/gas/pylians/snapshot020_grid512/threads8_batch1_run001.json,a052b5d033b74127d3c7633b41268f1cc15b50036308ea28741b893e552176b1,results/thesan/Thesan-2/clumping/clumping.pylians/gas/snapshot020/science-14c70707524e/execution-7f2a6ce7505e_run001.json,3b45cf1e9b89b8deeee9a161bddd2fcbde51e21ff0cc746bcf43bea9340c6463,4a15f91a36c619c5edfd72588e15cf4937da0bb1b186d0e798ef2f49a5f85eea,clumping.pylians,migrated
results/thesan/Thesan-2/gas/pylians/snapshot025_grid256/threads8_batch10_run001.json,19477e0daa9385102b1dac6db48e6ba155689e714233a2e9f5609d18ccd1dddf,results/thesan/Thesan-2/clumping/clumping.pylians/gas/snapshot025/science-8131789892f4/execution-9f75ea8b7ed8_run001.json,a77ff0ff540e3c0721b704d0ff0ad28695abff94705e42eae3b5428416e63732,85c740acbcc4e7f069541691f3a97df6471a245f2462033cdd2646c6d27dd9a1,clumping.pylians,migrated
results/thesan/Thesan-2/gas/pylians/snapshot025_grid256/threads8_batch2_run001.json,85ac7779bdd8771873899b5cec5d662c2b26e46f15e11e4822b1cbd6f79090f1,results/thesan/Thesan-2/clumping/clumping.pylians/gas/snapshot025/science-5ae977d2258f/execution-251b4ff45708_run001.json,43b441fb145716c88aa6961e861e67fb96cfc03cce06cf2cbfa1a65658226825,8df1194007e2c71ecb0ec36550bd2926c95e6fae94adac9e566233ce46dce40f,clumping.pylians,migrated
results/thesan/Thesan-2/gas/pylians/snapshot025_grid256/threads8_batch4_run001.json,a7f03eedd877ee0ab14e318d48d5feae8df16557ae28d7863ae7b97dd5b4c917,results/thesan/Thesan-2/clumping/clumping.pylians/gas/snapshot025/science-c6b1dffa9fa4/execution-233f223cdfcc_run001.json,6d7c39f62f083fab75615dcb45384255bf2ec21b3787a62f6c43c50b9430bfbe,87c54571d82d4be591f1588b4cb06abd5239916ad6c1b5772782e07650bd85e7,clumping.pylians,migrated
results/thesan/Thesan-2/gas/pylians/snapshot025_grid256/threads8_batch6_run001.json,8153265d4111876e9837be0ba4aa0f42b44898227c6d81b70a7cdd73f574aa7a,results/thesan/Thesan-2/clumping/clumping.pylians/gas/snapshot025/science-336d2eda253b/execution-56f46aaea95d_run001.json,9ba48fbd1158083f5aa4c4ca5a954ce6c3d7de1d702b5a6e4b3d753580152f6e,5eae7b85223394798b445e4fa43559b26ddf5c6a5e69f942c7dcefeac9e0eb1a,clumping.pylians,migrated
results/thesan/Thesan-2/gas/pylians/snapshot025_grid256/threads8_batch8_run001.json,f4ad24b24dad22bd73a3e93a1fb0512bd7d60c4d9088731c5f59c75ecfc69dc2,results/thesan/Thesan-2/clumping/clumping.pylians/gas/snapshot025/science-60bececa0981/execution-ea5492053f7b_run001.json,91d62a8986bd460dcac1f40df7ce903b2bee84d88f51946f996597cab53609b0,501fb28c056ef0f4c3e5c487cd9dfe5d0dd681cd22a82c7a2339814dfb1538c4,clumping.pylians,migrated
results/thesan/Thesan-2/gas/pylians/snapshot025_grid512/threads8_batch1_run001.json,ce255cbda78bd15776bf10f94c8e253b833e4bcf893a32054d304ce63649ff4c,results/thesan/Thesan-2/clumping/clumping.pylians/gas/snapshot025/science-69ccb5b747a0/execution-7f2a6ce7505e_run001.json,2f1b0ee3c59521af32f50eae9d4bb0da54ac60f7fcbb4e4be6a2d2c7ba5dccf4,2d1fb65f337b0fac8ef8cc950aa762e79757fe9dab1b9e284285031650137336,clumping.pylians,migrated
results/thesan/Thesan-2/gas/pylians/snapshot030_grid256/threads8_batch10_run001.json,a4934c5a10e70d3b7c69b00eaf4391023013af24fe0a84adf846e9b16c76a516,results/thesan/Thesan-2/clumping/clumping.pylians/gas/snapshot030/science-f480efe0d34d/execution-9f75ea8b7ed8_run001.json,1314dd066e565220ec41f58b14e45324a9a9b7557755a0e15fc335dcddf32c18,a6ce927e8f889f02eca0b30d3de1b3e3c90ccac2d917be196220d498c4d31b47,clumping.pylians,migrated
results/thesan/Thesan-2/gas/pylians/snapshot030_grid256/threads8_batch2_run001.json,520c98acb3df5ed1670f2983348fb2b1b17d109f8649742683a7b843d969efc7,results/thesan/Thesan-2/clumping/clumping.pylians/gas/snapshot030/science-c51455efdeca/execution-251b4ff45708_run001.json,71eb404e29c1d50bb12ccf4b7279dfeb703a746e2d02682d0b981cae77f39e9f,94bee62cecd859054ed4b6c9a4695427789f98946995754c8fced844669b8553,clumping.pylians,migrated
results/thesan/Thesan-2/gas/pylians/snapshot030_grid256/threads8_batch4_run001.json,2d66d78b959e6decceb8cdefbab01ced759241843e14232d2e8d498d63854c5d,results/thesan/Thesan-2/clumping/clumping.pylians/gas/snapshot030/science-30b01fe5488b/execution-233f223cdfcc_run001.json,366472409c7c8eb8fdecbb97ea87b53e876328dbf7273d17a7892aab83f4ea37,9c907e0c354957a713391b361d7ea5e2ba6d5f25b68aa9d822a7fbf408e5470f,clumping.pylians,migrated
results/thesan/Thesan-2/gas/pylians/snapshot030_grid256/threads8_batch6_run001.json,8ce6fa531b23eb8c910c904553133d2136d7162f94fd1def3f03fa9eb90ef62f,results/thesan/Thesan-2/clumping/clumping.pylians/gas/snapshot030/science-00926647ab97/execution-56f46aaea95d_run001.json,7e1016d4dc7d9e19e04b95e7eeb74305502d1bec100a7d425694baa393f8c2e9,4cc6757ef22cf9fe0b91d7823ca36708c9a01184e25081e0b652c50050f9fde8,clumping.pylians,migrated
results/thesan/Thesan-2/gas/pylians/snapshot030_grid256/threads8_batch8_run001.json,6ccfd23a7155d1088b38af8c4e6d21c74112ef291cf607ba0b2be2e660f17e63,results/thesan/Thesan-2/clumping/clumping.pylians/gas/snapshot030/science-dd44f44b7dae/execution-ea5492053f7b_run001.json,afc9b284b6d76f5206404ee28dfe6e1ce1bff08220ad72de5ad5667ff4cc0749,5026e20b0b67c7a8f601f950d8c3f1e2e010b9815c82cfd370c6b1719ad1b960,clumping.pylians,migrated
results/thesan/Thesan-2/gas/pylians/snapshot030_grid512/threads8_batch1_run001.json,13a19097e70fdb5ad98824ebb97dfa1529b33f632f3a32cda59010867739e6a5,results/thesan/Thesan-2/clumping/clumping.pylians/gas/snapshot030/science-ef27bd98c49e/execution-7f2a6ce7505e_run001.json,ed4bfd0f5a313193f5080bf8d7a451da29f088d5fd6c43a0d9fa26292718a9c7,03c45e80bb8c5eed6daf7049ee3c33d32eceac351511a924ce11b4de02ee184f,clumping.pylians,migrated
results/thesan/Thesan-2/gas/pylians/snapshot035_grid1024/threads8_batch1_run001.json,8e5d5cefda74f31a37ddbb806da202e6f73499bebf37868d2ee7fa4ee52601bd,results/thesan/Thesan-2/clumping/clumping.pylians/gas/snapshot035/science-ebc8e53d5daf/execution-7f2a6ce7505e_run001.json,a32e7da5757cf2574384449413019fb465764f2ec0c0430a32cef90fa093fb7c,6a239e2f4b6baf74bd2db5b13e1a9f3454a74c9c2fba739d83a475fdcb1299bb,clumping.pylians,migrated
results/thesan/Thesan-2/gas/pylians/snapshot035_grid256/threads8_batch10_run001.json,4db624b474ad6a0c378d9835364a44ccb69a2fad6e430bd962ace32eae5c44e6,results/thesan/Thesan-2/clumping/clumping.pylians/gas/snapshot035/science-e9f72f4e147d/execution-9f75ea8b7ed8_run001.json,1631307523bae8c90b425ca95160d47c368e037a1531fc221b0909d4828477ab,87d8b5b4dd027452658b07691440cc76b40334e9003c12f38fcc4d7ec2403d56,clumping.pylians,migrated
results/thesan/Thesan-2/gas/pylians/snapshot035_grid256/threads8_batch2_run001.json,d354f298e6ea7441449b45a51b4bb97fc49f23aac9ef3febdb3992c44dbb1093,results/thesan/Thesan-2/clumping/clumping.pylians/gas/snapshot035/science-80a43c7470a3/execution-251b4ff45708_run001.json,2510942d9bfde32edc258a3f0cc9ad8c6f26c23391ec3a46dd4baa437596c081,3c8d22b6d7282ad42ff14ebf63444c4ab3e5195c5498bc76e9f7cbdde6a51bb4,clumping.pylians,migrated
results/thesan/Thesan-2/gas/pylians/snapshot035_grid256/threads8_batch4_run001.json,879b7b3c199a9b5d0b03dd3389db897633d6dc95926c2da32c0fb45f884cf672,results/thesan/Thesan-2/clumping/clumping.pylians/gas/snapshot035/science-b1dc97dbc413/execution-233f223cdfcc_run001.json,f5c85c687b1b7ca0bb7edac02ee413f75c327ac9d3c5b766ae0593e081e23d94,47752ef7361d7136b0f542f7b5443c1f58f213569cbed27555747d8056ddcb08,clumping.pylians,migrated
results/thesan/Thesan-2/gas/pylians/snapshot035_grid256/threads8_batch6_run001.json,8e52a3eb58a46727bfff8fcdac0299bd54d488d0cdd532217f273f1fac7b762a,results/thesan/Thesan-2/clumping/clumping.pylians/gas/snapshot035/science-45f2125c5fa2/execution-56f46aaea95d_run001.json,cdcd9797db883e7a3f3e274a59bc10840a49a3b11d81359b0414e633ce507276,cda131defa1b275df8548215810ba32f8a5c4ae680834d7b6ca9710162f81359,clumping.pylians,migrated
results/thesan/Thesan-2/gas/pylians/snapshot035_grid256/threads8_batch8_run001.json,28e511a02446aeec607455ea80382bc874b2603172ffe424556aba5a1a7324cd,results/thesan/Thesan-2/clumping/clumping.pylians/gas/snapshot035/science-14d26afbc3b1/execution-ea5492053f7b_run001.json,5397f847b6d6c4b1e00ea6891d2aba926a03d9c849666eff0c1412b23dca48cb,fa121e2f0b4ca6d559875ee12b25b5b4a53e4d01b9cb24f5dcb1a6531395d4b1,clumping.pylians,migrated
results/thesan/Thesan-2/gas/pylians/snapshot035_grid512/threads8_batch1_run001.json,cecdfd05038fcdc9df4ce9ddb0225295cddf63faa9d3127e37c28fdc33a84091,results/thesan/Thesan-2/clumping/clumping.pylians/gas/snapshot035/science-ae028a6e65cc/execution-7f2a6ce7505e_run001.json,079d1b3d62dfbfef9331c6d73585676f811bef4b594c134ce38326507a23d6fb,ef2ab07ac4667cf8fc9faa75dc342aa097d36130c8424404c0ade5bb6aac1af3,clumping.pylians,migrated
results/thesan/Thesan-2/gas/pylians/snapshot040_grid1024/threads8_batch1_run001.json,08a48b5d34d0a6348b31a684e1d3f3bce12edc72087117564cc16ef097bc919b,results/thesan/Thesan-2/clumping/clumping.pylians/gas/snapshot040/science-8ce64364ff05/execution-7f2a6ce7505e_run001.json,253682643815cdfdf3162e13c283132f840620bc25347443f8a8ecc77368c9a3,a4cfca89ba74a08ef5b0733660e2a80e2d91866bac11216799c194e27c7fb77b,clumping.pylians,migrated
results/thesan/Thesan-2/gas/pylians/snapshot040_grid256/threads8_batch10_run001.json,0d2a9f19e2e02a91e44c1f3ddc316b59f0cc86679d6469633f334d764f80b438,results/thesan/Thesan-2/clumping/clumping.pylians/gas/snapshot040/science-7b6d059917a3/execution-9f75ea8b7ed8_run001.json,84242502c83d3913e9ed0c57b3fb5d916d686f26d0e50186a73f21bdea51c957,7f368d0b05bf725e6f3d249110085c4f1722c095d3606a73c0006126156b7d13,clumping.pylians,migrated
results/thesan/Thesan-2/gas/pylians/snapshot040_grid256/threads8_batch2_run001.json,2a46eb4648ee7acb17c8b036408f38b63138a8e482e3522c91fcb54f2d362bc6,results/thesan/Thesan-2/clumping/clumping.pylians/gas/snapshot040/science-dce83d38790f/execution-251b4ff45708_run001.json,11578ade69cebf4b1b84e156cb83824b30b6910ec9015776e0c65bb646e2962a,238fa3d63508203c3b0c392c4fd5e5fa37093e7ee2c248053946482562b9769f,clumping.pylians,migrated
results/thesan/Thesan-2/gas/pylians/snapshot040_grid256/threads8_batch4_run001.json,7a03ab9b192c66c5f734ac4e1d4d00530f66dcc4a03458413f523e8b26c2773d,results/thesan/Thesan-2/clumping/clumping.pylians/gas/snapshot040/science-2225bd9fa660/execution-233f223cdfcc_run001.json,2002ebd61481cb9fb86baafecf5581ee2919b535ff6c7011458c4f3f61c68aa9,c459b0babb346a9359211a86b5f557339b32bd3d4d529cd42e153e808d77795d,clumping.pylians,migrated
results/thesan/Thesan-2/gas/pylians/snapshot040_grid256/threads8_batch6_run001.json,4376af761049848c2152e87fe6ff724d3e8bd70098a421bde9bbbd68f547fcce,results/thesan/Thesan-2/clumping/clumping.pylians/gas/snapshot040/science-521c6a554e83/execution-56f46aaea95d_run001.json,734522be7118286d107eb20256501e41cd9db52b94e19cd3da162b09f29760b8,92c785c8b14428cfe79021dc0d68fe84a5b56d4a85210edbd4d0c351ca86d3d7,clumping.pylians,migrated
results/thesan/Thesan-2/gas/pylians/snapshot040_grid256/threads8_batch8_run001.json,8b6abec449db273b686a3a762df79abbf08eeb5eb85e8556737109b2cb43d302,results/thesan/Thesan-2/clumping/clumping.pylians/gas/snapshot040/science-37eb57b210bc/execution-ea5492053f7b_run001.json,879c8d4caa264d54c7e07b6719e432a5c16f5d4b7f2e40d29604d435a6402e72,67d233f445385b6b32939207c848febcb7b5318855928dbcf676f9e0300b6f2b,clumping.pylians,migrated
results/thesan/Thesan-2/gas/pylians/snapshot040_grid512/threads8_batch1_run001.json,6cbd805340e4edb36214f888533dcbff80ff844cf09da2a5f3ac8317484cc8e7,results/thesan/Thesan-2/clumping/clumping.pylians/gas/snapshot040/science-e4022eb3cc9e/execution-7f2a6ce7505e_run001.json,75baaaf6d1eef55306bee1a265914773e92ee99a84af6488e2e1afa22e620cfd,859ddd1c9f779e16a939ed3f505457508f38008a638004a1b59609723be85537,clumping.pylians,migrated
results/thesan/Thesan-2/gas/pylians/snapshot045_grid1024/threads8_batch1_run001.json,02476482148a63de5ec1edd3361117915e53694bd6a86b0a04092cb225c1965c,results/thesan/Thesan-2/clumping/clumping.pylians/gas/snapshot045/science-d127226aefba/execution-7f2a6ce7505e_run001.json,eccff9bebad65cd32f94354c30f512af35b788fdb296273266821a6fcbc1be2a,937769e7ef65da10bce43200edd7f975e0a45f1b6e9b19bdd29275db9065eb8c,clumping.pylians,migrated
results/thesan/Thesan-2/gas/pylians/snapshot045_grid256/threads8_batch10_run001.json,6e95199fc041a48dc6164f50cad54e927da88133f99059d24abe89a6417d53a4,results/thesan/Thesan-2/clumping/clumping.pylians/gas/snapshot045/science-9fd6e733a28e/execution-9f75ea8b7ed8_run001.json,6bd835d300db33643a4cbcf2357d5d5fd6c9f5a37dd10174ff7c7e058103e87e,9b3f2bf0b43f8c3a9933e4d2d99333be0a5513b003bdf8b6aa79b84f3845bbe9,clumping.pylians,migrated
results/thesan/Thesan-2/gas/pylians/snapshot045_grid256/threads8_batch2_run001.json,77b14130690199acee3cf0121ce16dba7d05a79bae72bb1ac0908795a6b28b0b,results/thesan/Thesan-2/clumping/clumping.pylians/gas/snapshot045/science-39e5f0a700ae/execution-251b4ff45708_run001.json,9daf744e7e5d77ea6f0f655732c5f144ce38f195e1f4071989d6d0586399d72e,65ab79d7a7ec4e051d1b6feedd97e45be9a41a80b84aec16c85e4d65e46d472d,clumping.pylians,migrated
results/thesan/Thesan-2/gas/pylians/snapshot045_grid256/threads8_batch4_run001.json,1c24df59bde64ab18ce7379f8cd889c55c2e6749abaeb777852453d511f33704,results/thesan/Thesan-2/clumping/clumping.pylians/gas/snapshot045/science-f33efbe892e5/execution-233f223cdfcc_run001.json,28420828346f3607e7ef3d7b04ddc3e387088932a7010307e8d874e7208e15e0,22c3ffd3fe647e27d68d8e51adde4560d0e6e7bfbc8e69a9a11e510a8f561aa2,clumping.pylians,migrated
results/thesan/Thesan-2/gas/pylians/snapshot045_grid256/threads8_batch6_run001.json,106bbbd3dc8454402aadb71986ca5c974e2421f67db6b9e711737458ca9febc4,results/thesan/Thesan-2/clumping/clumping.pylians/gas/snapshot045/science-b979792e3eb2/execution-56f46aaea95d_run001.json,63d91f9e74992b3ec23d3239cfb3b7495c5a4393e89b873d618149f3976328ef,2f72ba3375a1609895ef506f92633c4db4e9bd0f59bea8e70622180fc5ddd69b,clumping.pylians,migrated
results/thesan/Thesan-2/gas/pylians/snapshot045_grid256/threads8_batch8_run001.json,7735fbfd9b4a4cd7309df1e8e7371f85a4c982d975e6ab77a7a30751cc7b2490,results/thesan/Thesan-2/clumping/clumping.pylians/gas/snapshot045/science-c7a4976a87d9/execution-ea5492053f7b_run001.json,c27b5a22fb2a19f52ec6a358ef2fa5299fa161c3d91dcf401b73234d945aa85e,e7a700ec2a9a1df51a4981b1e3fcb3a7194baf6d09368c34a5d1a9278fe66e4c,clumping.pylians,migrated
results/thesan/Thesan-2/gas/pylians/snapshot045_grid512/threads8_batch1_run001.json,11315e1a6248eb6d3de2949f3b9ce205e81e704a68cf8ba9829583eb486c92eb,results/thesan/Thesan-2/clumping/clumping.pylians/gas/snapshot045/science-76501b32769e/execution-7f2a6ce7505e_run001.json,becad23382dc3da6f0dd4ff6c6cc0bb99f44a9a4e7726f79b59ac08ec6bb3a75,2b1b0f9c2f903323f7d0dd708eacc85b9f3fce458325404614398bd8c9cfc6bc,clumping.pylians,migrated
results/thesan/Thesan-2/gas/pylians/snapshot050_grid1024/threads8_batch1_run001.json,0c05d380630c22c866f261614036d71c61263f21ea9ff74d26c9365eb67668bb,results/thesan/Thesan-2/clumping/clumping.pylians/gas/snapshot050/science-e7fb3082c317/execution-7f2a6ce7505e_run001.json,43550b0cbb40762212cde87ad4054d3886f00c65d18aaf0e9eed0ee66d07d605,ed264ce359a31ec249764268cb8c30750975cb61652b30b225449fac3e4a2874,clumping.pylians,migrated
results/thesan/Thesan-2/gas/pylians/snapshot050_grid256/threads8_batch10_run001.json,4a4e6b9b7c1eb264743cccdf49e7b0a1fe2325ad88008f3b838ca5e172fd3bf8,results/thesan/Thesan-2/clumping/clumping.pylians/gas/snapshot050/science-64d875e2f510/execution-9f75ea8b7ed8_run001.json,1a75678d31f0c62e3a3b8cf580c35b355654687cf52d6e986fd4eef5169e4833,b8e8f8f06210dd282606cbfe41c06ebe022ec9062aaf671802ced79444df9687,clumping.pylians,migrated
results/thesan/Thesan-2/gas/pylians/snapshot050_grid256/threads8_batch2_run001.json,80c9032edf1baee9e3d6d9cfc93ee2bf6711045a77d29b1bf39567fee5cff5ee,results/thesan/Thesan-2/clumping/clumping.pylians/gas/snapshot050/science-4f3f35c323bf/execution-251b4ff45708_run001.json,b65a2f863b9c5d7585fb609102588cd27ecbf4ee7ea0adc9e439cdda48a6eed3,ec5fa1150ab0812cafc9c94b124d1506b4d2c6d5b2ca4bc616cda74de71db46d,clumping.pylians,migrated
results/thesan/Thesan-2/gas/pylians/snapshot050_grid256/threads8_batch4_run001.json,f096422cc64c6937946b070722f34193249f0bcfb18ed05fdcd1e207b91a88ba,results/thesan/Thesan-2/clumping/clumping.pylians/gas/snapshot050/science-08428d4552a3/execution-233f223cdfcc_run001.json,1ffb0b51a2ef22ab68ffb78c0c7b094f8161c03ef0a2a9dd2f9c22c2fb4007a1,7e40d84a503609d98a8db95fa60736940db498cadacf203f959a88aff533ab3b,clumping.pylians,migrated
results/thesan/Thesan-2/gas/pylians/snapshot050_grid256/threads8_batch6_run001.json,240792548492a7a0d5a6185cad9e2441318eb50ebf4d371fb4072ae621cd56d0,results/thesan/Thesan-2/clumping/clumping.pylians/gas/snapshot050/science-ffbc0a9f4e61/execution-56f46aaea95d_run001.json,79519ff7eb0120f0d4bb61a913b8e80d4c1c2ffd4548f4935b62c0726227e8e5,c163b4c5abe7f161bc549a8516b475e1afe52a860632d8f80d237d70ecc4819b,clumping.pylians,migrated
results/thesan/Thesan-2/gas/pylians/snapshot050_grid256/threads8_batch8_run001.json,66bb073118160421a8eac09779e452cdcfa5f8e42c5c9c315a814f8cf24f90b7,results/thesan/Thesan-2/clumping/clumping.pylians/gas/snapshot050/science-243f1a0b065a/execution-ea5492053f7b_run001.json,a9e77e80c4c40b4f7da0bad17c99e9d96ccdf4271bafa4420c50244fd0a2571d,5cf824e73d1eaf93d7227990e74cbcf8658863c055d63e075ade3335d1b897ca,clumping.pylians,migrated
results/thesan/Thesan-2/gas/pylians/snapshot050_grid512/threads8_batch1_run001.json,deb9be6f9591c94f84b64543ef336883aa364cd3898ebc6c6270ea983f167063,results/thesan/Thesan-2/clumping/clumping.pylians/gas/snapshot050/science-92a6603c6687/execution-7f2a6ce7505e_run001.json,ff121c82de6a030973a00aa24e274d473e1a51b8be1eabad1232fbb453e19470,936ffb070a5bfa2074db256cf2fec5364c56b75990b31f029cc0d86e2088f4a3,clumping.pylians,migrated
results/thesan/Thesan-2/gas/pylians/snapshot055_grid1024/threads8_batch1_run001.json,b482a6f5efadda7bf723418c38363de0dc4762481803107ef269193d6f93c697,results/thesan/Thesan-2/clumping/clumping.pylians/gas/snapshot055/science-647d0a5c8e97/execution-7f2a6ce7505e_run001.json,32c9f8f450088d63c497d7c9ec1722d95865a937b7f60a8c06909dc54efe2fe3,477c24bdd3bd6096062017ee4dece013dcc06be79221c17e25b6fa7976a2d2e8,clumping.pylians,migrated
results/thesan/Thesan-2/gas/pylians/snapshot055_grid256/threads8_batch10_run001.json,39d008b3c72edea17c2c9a99b0876f82869ad87bff682e1b820d1e29654d20ab,results/thesan/Thesan-2/clumping/clumping.pylians/gas/snapshot055/science-34e2bec3c10f/execution-9f75ea8b7ed8_run001.json,2e730a7a9914ec08a7ce9333a977acf4f4b235f9e69f5beafb2cfc95c53eb663,4effe6e2626d49c2b421972547725f2a511751cac0eb2dd671d425b5073668d0,clumping.pylians,migrated
results/thesan/Thesan-2/gas/pylians/snapshot055_grid256/threads8_batch2_run001.json,a7a3af1c6195c179a1c42be7136a186047ecd6f2c38c5ef8a3e9d4ebeff658a4,results/thesan/Thesan-2/clumping/clumping.pylians/gas/snapshot055/science-2bd65a491cce/execution-251b4ff45708_run001.json,8f3a3da621fd6989fbf599ee983e3e8484d8711c42668908875cdb49d32ebcb3,87e785c64d57e558a0de80b6437f7dc704ce2c8da6e3221566cd46abf7901a7a,clumping.pylians,migrated
results/thesan/Thesan-2/gas/pylians/snapshot055_grid256/threads8_batch4_run001.json,8bcbe0a374b1dea986075e63794f7c47ffe6bc05b2eee708f2f6cf64afbf882b,results/thesan/Thesan-2/clumping/clumping.pylians/gas/snapshot055/science-c21bf9b5c1ad/execution-233f223cdfcc_run001.json,92384ccac5f9b3e856f3781780d306f03cb57a08a5bdefa27ea08c176bc5c714,fc759ec5e80eb42066157d3c3e419da9248803f9c107e25298c5b049f87fcb94,clumping.pylians,migrated
results/thesan/Thesan-2/gas/pylians/snapshot055_grid256/threads8_batch6_run001.json,3bec2dd75578413784333af6f47a8252a0d2a56e93556ae3d416fb97a74c6029,results/thesan/Thesan-2/clumping/clumping.pylians/gas/snapshot055/science-3be1f081e01c/execution-56f46aaea95d_run001.json,d75dbf2b7d2d9c47fcbe62b1d0998b7ae363bc7144c4d855edac73d06e39af98,708e0e7c5b661da32444dd2f296f0af4d12c51e1abc071965ce39392eda1d708,clumping.pylians,migrated
results/thesan/Thesan-2/gas/pylians/snapshot055_grid256/threads8_batch8_run001.json,2e395a99c7e70d545ef5bfc0f7df4ce0cb9958c99cd5f427d781468ef19ccfcd,results/thesan/Thesan-2/clumping/clumping.pylians/gas/snapshot055/science-69186631446d/execution-ea5492053f7b_run001.json,79913cb632b6205f1695288cf0eeb92f89dfe64b9f9344424f5bad014d001c6f,8051e80c65754f777613b499ec8583db28b6f348350629cb1b71a166b3c46d95,clumping.pylians,migrated
results/thesan/Thesan-2/gas/pylians/snapshot055_grid512/threads8_batch1_run001.json,c9fa3e3a2380382f34cda7575aa19075dd68a4079c27b84040acd7ca652a1049,results/thesan/Thesan-2/clumping/clumping.pylians/gas/snapshot055/science-bf46cacb2cd9/execution-7f2a6ce7505e_run001.json,6a751f51e211d076d745a7cb280a027be593ffeb5f535d87c5e3fb3331e81f7f,2a3462a19cd303a4f35969f9eadba98d017e03bd3aca3ba5daee54a9484ba850,clumping.pylians,migrated
results/thesan/Thesan-2/gas/pylians/snapshot060_grid1024/threads8_batch1_run001.json,08de2dd65245a62871dae5e733a2d8013d851396f6593301cbbf6876e91365ac,results/thesan/Thesan-2/clumping/clumping.pylians/gas/snapshot060/science-33ee0bc745d1/execution-7f2a6ce7505e_run001.json,fda68e8dfeb0e747cb431573a5d5da4709c6c8c7dac139e2f5c13d4ad2d13ee0,32d2125e0ef054b4f05ca478dcd015cc0eee6b8a398c236b462f5e1f3ad51d31,clumping.pylians,migrated
results/thesan/Thesan-2/gas/pylians/snapshot060_grid256/threads8_batch10_run001.json,3cc8ba345ea23e4eedf403fde21ec4bb222bec978d9cc15e06ed5d057f539210,results/thesan/Thesan-2/clumping/clumping.pylians/gas/snapshot060/science-ff7a1083d604/execution-9f75ea8b7ed8_run001.json,53dfcc94640f55d820c4f46de5dac460f2205a0877057dea04842251d0f3b61c,2f53f79e26f9d76e1ac07decee6c937c5e9252880061fcb8d1b78da699369d31,clumping.pylians,migrated
results/thesan/Thesan-2/gas/pylians/snapshot060_grid256/threads8_batch2_run001.json,2ccd0c537afdcff13c4313ebf41ff12541638459a0da4d0f64af8698e09fd10c,results/thesan/Thesan-2/clumping/clumping.pylians/gas/snapshot060/science-1ca39a3f5b51/execution-251b4ff45708_run001.json,71cfce281ae283a1201d5d6ee28b5eada83a0e7e8ca4609d6ade1fc90c9becdc,87800c1ae7946b6d9211e30a316d32930f013b3db88cdb3dab5c9a9956c1a2b5,clumping.pylians,migrated
results/thesan/Thesan-2/gas/pylians/snapshot060_grid256/threads8_batch4_run001.json,b19d52faee38899b7f1b51820e8f3ba5c4d17e4a4d4dde3d4641c5dbd21945ff,results/thesan/Thesan-2/clumping/clumping.pylians/gas/snapshot060/science-9268f4ec76e6/execution-233f223cdfcc_run001.json,04b2c5666a3e54f8940ec88eeab0271ace817c8498572676a4f15e43837282d2,a284bfcaba56d522c02ec75a64f3b8ae5deea13534fba2fccad5ef44e6195b57,clumping.pylians,migrated
results/thesan/Thesan-2/gas/pylians/snapshot060_grid256/threads8_batch6_run001.json,40e00d5d55329cf8d22fe51463c0c818df03a60462907329f93565586841a325,results/thesan/Thesan-2/clumping/clumping.pylians/gas/snapshot060/science-9e9cf5025951/execution-56f46aaea95d_run001.json,9dc7c2dbaff8e731aecc4ae52d8e7c4a41c83f5101f2967fb0cb906f61fb7fee,731adfbd6687adfcc7bdcb76f4b19077354f3e9926064779d1df9166d8faa388,clumping.pylians,migrated
results/thesan/Thesan-2/gas/pylians/snapshot060_grid256/threads8_batch8_run001.json,bace24a2c0cf8bc03c604f06051c444e16ce34a7fdd7dc71a98b49ae52a7e1aa,results/thesan/Thesan-2/clumping/clumping.pylians/gas/snapshot060/science-2360ac5783f5/execution-ea5492053f7b_run001.json,9430f16ab3d7916d7b1fd00dda20248f5333ebabf052d8b9880f9f5e0a9dc6dc,502014abf0a1706a0674baa25abd0b6f0b2d5124d65db4ce65b00bddd34d6919,clumping.pylians,migrated
results/thesan/Thesan-2/gas/pylians/snapshot060_grid512/threads8_batch1_run001.json,227b1954e9d495463cce20989cf7b108d0dadb620c2f7af1624f34af7accc2e5,results/thesan/Thesan-2/clumping/clumping.pylians/gas/snapshot060/science-0897f91c6178/execution-7f2a6ce7505e_run001.json,8dbbbe36431b25184cfa6803e5fcc19380cb8488ac173de230db774b2aaa6f6b,ba61bbe5a690a25c37720bb044be76df30d40dcde699d09a442398e3a59fdb17,clumping.pylians,migrated
results/thesan/Thesan-2/gas/pylians/snapshot065_grid1024/threads8_batch1_run001.json,848247a53689e312a1b13192e140269b836b73a8196c9d779dd30d9c71048fbf,results/thesan/Thesan-2/clumping/clumping.pylians/gas/snapshot065/science-42647c35a45f/execution-7f2a6ce7505e_run001.json,2b7e26f171241354d9a5cd98f8a17f9179ed755d8a343f766b573f734b868d56,f2e68ac11798e8ae2010ae8095c5df26cbc679574ec680b2ad254abbd1a3f583,clumping.pylians,migrated
results/thesan/Thesan-2/gas/pylians/snapshot065_grid256/threads8_batch10_run001.json,ed74a068b5c578c5413fb6d0887c3596580b7b03b11f62cea4055423af86164e,results/thesan/Thesan-2/clumping/clumping.pylians/gas/snapshot065/science-43332d8d72e1/execution-9f75ea8b7ed8_run001.json,12ad545da6fda5409f67b823bec759dc8f717aae0d507006d76a113a09f0855e,a2a4d75cf84bbb5a1fbac6d7b641eab6fee265a24c7591f9eb8fb2f5d50b19fc,clumping.pylians,migrated
results/thesan/Thesan-2/gas/pylians/snapshot065_grid256/threads8_batch2_run001.json,8b77350b4dd2bb303396288ebf7f41044c7a69496d15d2132d7c6fd79922af26,results/thesan/Thesan-2/clumping/clumping.pylians/gas/snapshot065/science-73961a66337f/execution-251b4ff45708_run001.json,b25ac82d37f76a45ddf4ca8b1c48794eca3700a7500cb58c8d9a7746305e039e,ac7f127715bb8acefeea3a6bf42f64859d42b4726b22b5ceab84b7d35f6c8a45,clumping.pylians,migrated
results/thesan/Thesan-2/gas/pylians/snapshot065_grid256/threads8_batch4_run001.json,8d8a6d6cd809f182f0cf1ad0da2d9277abef12e2d3eef2916877f2d18f419b55,results/thesan/Thesan-2/clumping/clumping.pylians/gas/snapshot065/science-29c4f994b327/execution-233f223cdfcc_run001.json,60d7683017b2692f9dec11f126d66c9142d7c2e04322347261c730e2cf225fab,a503f3012303a1c191b533f2709d4a0ee513eed084be56c98e0c13fb277a4991,clumping.pylians,migrated
results/thesan/Thesan-2/gas/pylians/snapshot065_grid256/threads8_batch6_run001.json,a4d956126d3a851211e5890eea263cf4df18a642c9b948fb8a10974f942b7f2a,results/thesan/Thesan-2/clumping/clumping.pylians/gas/snapshot065/science-b875942f6483/execution-56f46aaea95d_run001.json,278937b0b5bc63caeb43e926d67ee853b72beda2e3eb02cd17f227defe5c56ae,161edb6210b5b820339202f64b0fdb7b5fc97d841f98d5746176a0b69901a2ff,clumping.pylians,migrated
results/thesan/Thesan-2/gas/pylians/snapshot065_grid256/threads8_batch8_run001.json,3783e2e8ec403537f059fa0e1f23c9aadf017e6b158e507f9878295f59aa5a70,results/thesan/Thesan-2/clumping/clumping.pylians/gas/snapshot065/science-455bb0a8c1a9/execution-ea5492053f7b_run001.json,fdf1a62323e26e65bac11233dbffe65062088133a5dcd0c9af3f534f41f09ad4,c63261f06396d1601bc377d8548e54872f7d9d6f3cd9b71f044942ebfceda10d,clumping.pylians,migrated
results/thesan/Thesan-2/gas/pylians/snapshot065_grid512/threads8_batch1_run001.json,8b14770a28a4b225002ec48c884058bde16d224538867bcd52e8d930e213e78a,results/thesan/Thesan-2/clumping/clumping.pylians/gas/snapshot065/science-c0f3fab54a6c/execution-7f2a6ce7505e_run001.json,522f1899aaf3a2f3352f84669c7a4bfb6b47ee95f978c0323b584998f47e56c4,a1d72236d3a4e0118bd91f35503583fd051d0d92e9a24fe4cb3e24056ca4b23e,clumping.pylians,migrated
results/thesan/Thesan-2/gas/pylians/snapshot070_grid1024/threads8_batch1_run001.json,6c57f87e80ef3ee5a40191aa03907d04058734268ee205a02cec39d3296b3208,results/thesan/Thesan-2/clumping/clumping.pylians/gas/snapshot070/science-4dd69cada5df/execution-7f2a6ce7505e_run001.json,939cc23f38cdaf7d7761f10ed44ece579202a0caf0dd415ce384690ac2ea39b0,70ce8e22cd4c97d299ec8cf752aeedd23076d0519d92c8c11837c69656f60637,clumping.pylians,migrated
results/thesan/Thesan-2/gas/pylians/snapshot070_grid256/threads8_batch10_run001.json,5efbd0cd45fc8b6f4d565ad4049c4ab51cc5712c23542aa9fd11ba744aed46a2,results/thesan/Thesan-2/clumping/clumping.pylians/gas/snapshot070/science-59436968d126/execution-9f75ea8b7ed8_run001.json,90a5b4d220ade2b329ac3fd3bd105be47203536a2a71dccd02bd24f43621bbeb,8da3f342ff8eb9b7995d38c95a2553e6a16a48d2b2a8b80db1dd3b25ef7d342b,clumping.pylians,migrated
results/thesan/Thesan-2/gas/pylians/snapshot070_grid256/threads8_batch2_run001.json,d5c1cc990c92db10809966e8fd63d1cc0188372a1bd11d42fc0279ad75bea684,results/thesan/Thesan-2/clumping/clumping.pylians/gas/snapshot070/science-d7ddbdd0f5d8/execution-251b4ff45708_run001.json,eb54aa24545fd95c6b181f5fa2ae9a6452566bfa5acf563df8cadbd50b0ee04c,ff407110b0576c5c92d1d1008713332a8423006e4dde92a889733445b29cedb9,clumping.pylians,migrated
results/thesan/Thesan-2/gas/pylians/snapshot070_grid256/threads8_batch4_run001.json,dca5108a455a680a1752362dc089368f291fa81875bfca83f6d35b966f276b0c,results/thesan/Thesan-2/clumping/clumping.pylians/gas/snapshot070/science-6af166c3c9ae/execution-233f223cdfcc_run001.json,7d3cf68957c04f68ebf0a46683bf54d7892aecaebef560736cd40d39afe7346e,971247b19772c0aabb2b918e0978e8fdce455122763eeada3cb13ea42c4c86ac,clumping.pylians,migrated
results/thesan/Thesan-2/gas/pylians/snapshot070_grid256/threads8_batch6_run001.json,d83f7097d798e9b4d5b93ff76bcaf56d199ac1cb36f4c4bbbaa8cde2348d2f78,results/thesan/Thesan-2/clumping/clumping.pylians/gas/snapshot070/science-b87219977580/execution-56f46aaea95d_run001.json,250fd70e6d1f7c6dd16ba88d68a8acd31410a6c58f19153768adf3320705f6f6,6995ad82d18c44ca4d716d875a366a288ef4117502e306319e05501467557cf8,clumping.pylians,migrated
results/thesan/Thesan-2/gas/pylians/snapshot070_grid256/threads8_batch8_run001.json,f83907ce917cd2de0efcd89c57b7f278a5ba96d7bd95499def114f6af91a0879,results/thesan/Thesan-2/clumping/clumping.pylians/gas/snapshot070/science-2f1c89747fa5/execution-ea5492053f7b_run001.json,01522a7ef4ba4052aea5af461b9c7e84ef250489e1c97ddea2d20b98705456e0,695adc9ebd0c9b49b7a07530f7ebff196458385e612329c2ddd84d60eaf9e620,clumping.pylians,migrated
results/thesan/Thesan-2/gas/pylians/snapshot070_grid512/threads8_batch1_run001.json,e15a9201204e6e435d480250511b4f7babbce9d06106fe0e3dba28f80fead24e,results/thesan/Thesan-2/clumping/clumping.pylians/gas/snapshot070/science-9e9a8d059a08/execution-7f2a6ce7505e_run001.json,e59705b5a38a5c8904aba571b284144a323654fad4af3f1ef9934410a3d2746c,e09982232d3a890661477ddde997ac38dd7cf3034e794ed5bbd9c518cef487d8,clumping.pylians,migrated
results/thesan/Thesan-2/gas/pylians/snapshot075_grid1024/threads8_batch1_run001.json,ef0acb7ac53ac5315779f78a4c458b8f149016af6b7f76b0160f8044f6dc8a91,results/thesan/Thesan-2/clumping/clumping.pylians/gas/snapshot075/science-fb6c6eb302f9/execution-7f2a6ce7505e_run001.json,c9d991b03b9cdcfee7b215ce80d189ba345ee4840a4ab91c8e426b6b81aaa41d,b5985dc1910614c915091df8c6660cf073653e0f68a4d94b0535720a52593e32,clumping.pylians,migrated
results/thesan/Thesan-2/gas/pylians/snapshot075_grid256/threads8_batch10_run001.json,394e94639df293dba35d329cb681eef762e58fee9e30da1db8316b8a0d39cad0,results/thesan/Thesan-2/clumping/clumping.pylians/gas/snapshot075/science-f99570f37c21/execution-9f75ea8b7ed8_run001.json,54de5b3373340d3bfb83b248e00a591c444df5ea64ea76a263697f6dd2c29e64,3f9a46cb3e6df022d0189f7c6bd22b93c494082b56c6ee1b30e7ad8bcdd752ce,clumping.pylians,migrated
results/thesan/Thesan-2/gas/pylians/snapshot075_grid256/threads8_batch2_run001.json,3bf5404f0a8f3460a8b6a82e47a3e8d38acff3458e4f9f09e8df57a7974dcdb0,results/thesan/Thesan-2/clumping/clumping.pylians/gas/snapshot075/science-b94742f926c5/execution-251b4ff45708_run001.json,9bf6b4127390c41efd865927e043a667d3b1b93f463b334008813aba95eab46b,9403cf32eb8016265ad2df34892519f023e80a5cb72c5c9a0354a3138c8fed86,clumping.pylians,migrated
results/thesan/Thesan-2/gas/pylians/snapshot075_grid256/threads8_batch4_run001.json,53129fedb59470bb7e50447949a2cfa02f0e2a033fd6eacaf38e9e75051797e7,results/thesan/Thesan-2/clumping/clumping.pylians/gas/snapshot075/science-473954462758/execution-233f223cdfcc_run001.json,882c909909e22b1bd1ed58fd079217f8644baed22ee59a13de6ca500e56225ad,e6bb9700947d820cc5b4128cc83a6b20ddd0de73ccf2f2a67d3c58a90dd1d2c9,clumping.pylians,migrated
results/thesan/Thesan-2/gas/pylians/snapshot075_grid256/threads8_batch6_run001.json,30ab95f5932451de9478961b12ea036b54dab80163698fecd543b1636de28a70,results/thesan/Thesan-2/clumping/clumping.pylians/gas/snapshot075/science-c6bbdaa82394/execution-56f46aaea95d_run001.json,8d2e968e7b446ac49f5930e302b082e6872685a383d7ffaf11df6b4d40a7f11c,a63ef7f7625d4ce6ec108c03700d53c442937da2f248cc8af297543a121f5190,clumping.pylians,migrated
results/thesan/Thesan-2/gas/pylians/snapshot075_grid256/threads8_batch8_run001.json,f856a5d06c36a05377ad80037a930da2322e1c6d6a173cf685c4b3190beddbf9,results/thesan/Thesan-2/clumping/clumping.pylians/gas/snapshot075/science-ed3c43714381/execution-ea5492053f7b_run001.json,9da4b404c1615beb7208fe6d0be5ced4f02d8f23411a53686609707b5ba74bc7,8a4b36215ebe2a2b52319e360242b362332f10f45b2a13596f0144e8717af4ba,clumping.pylians,migrated
results/thesan/Thesan-2/gas/pylians/snapshot075_grid512/threads8_batch1_run001.json,64c7db5641ef48a782a5f7bf6c08f870e7a37c1a82235dc5268b172f40444145,results/thesan/Thesan-2/clumping/clumping.pylians/gas/snapshot075/science-511207f1a050/execution-7f2a6ce7505e_run001.json,c990d0e5064a08a8a2ada4a882416f70519411cd9d1cc10a09637b01a737c00f,a75d6a41fba004aa80e4373ea8659da9d224b51a3a55fb2fa2450a91726b4528,clumping.pylians,migrated
results/thesan/Thesan-2/gas/pylians/snapshot080_grid1024/threads8_batch1_run001.json,93e968a092bb9bc44f11acff350e537f6ae59cc3e6bc91fa62dc732996f888f2,results/thesan/Thesan-2/clumping/clumping.pylians/gas/snapshot080/science-04bcb2b6c5a9/execution-7f2a6ce7505e_run001.json,d7a1e87f8b18e943a48f6243ee6d257723129fdb4fa7efdcb8ee863d3eb96eb6,c19943b98700204301fb5ba6e9365be5ad6ca1ad933ee6553a3fdf1f0f17f644,clumping.pylians,migrated
results/thesan/Thesan-2/gas/pylians/snapshot080_grid256/threads8_batch2_run001.json,1e062ef69f52474584713eb28f66ecdf4e6025e1aa792d217c4dd58355abebf8,results/thesan/Thesan-2/clumping/clumping.pylians/gas/snapshot080/science-449a562398e3/execution-251b4ff45708_run001.json,65c1f6594d268c3956df1ee7df71af6659050af25dd0ce6a84f7a1fbfce9ba42,3b677f706b69dc0d189d8b497638d0aabbeaccbebd88c8c2b7a13f4d36d8472f,clumping.pylians,migrated
results/thesan/Thesan-2/gas/pylians/snapshot080_grid256/threads8_batch4_run001.json,c5598121d24050ce56c427b2f7c6edddfbb84a7a0c109f8bd7bd8fd4cb12af8a,results/thesan/Thesan-2/clumping/clumping.pylians/gas/snapshot080/science-6fafd3772d3b/execution-233f223cdfcc_run001.json,fdefa6b4f691370e333b4049bfe8c741db4d4530c506d98cce5d4bace9b87339,0cdd11b8371e6e7fb5197c7d517051fc6939fc04108ec1d53cd7dd9617c021ad,clumping.pylians,migrated
results/thesan/Thesan-2/gas/pylians/snapshot080_grid256/threads8_batch6_run001.json,11af7eba904e6ff0b134d1f6b6b8818652003d84c712cd348c2648b9b4994ee8,results/thesan/Thesan-2/clumping/clumping.pylians/gas/snapshot080/science-8e9f93348b61/execution-56f46aaea95d_run001.json,61d2045b3e572f6d475ad34dc0019725ccded2e6348343facf45a5b8e1eef3e7,0661f772432ee81e67ffd1f1eb69a704df7ef7fe6bca11c9a072b3a95f47bdfe,clumping.pylians,migrated
results/thesan/Thesan-2/gas/pylians/snapshot080_grid256/threads8_batch8_run001.json,5c5083e24143ae748f3e457b976797da18a501018a27c9fcaeb080956ccf7cc5,results/thesan/Thesan-2/clumping/clumping.pylians/gas/snapshot080/science-473e0c593e02/execution-ea5492053f7b_run001.json,ab6a4cd11e25bd1300c471ecb24366b23feebbe3107cb9a23a7099d8ccfdefea,ba7527fb0967450863372f6ddd974fe3de526e6728e54f4bf9bb4a89fd90fd0c,clumping.pylians,migrated
results/thesan/Thesan-2/gas/pylians/snapshot080_grid512/threads8_batch1_run001.json,935e2ca1623cedc966362f0691c9cc1154a015a5e84e7f82355b79caec81ce0b,results/thesan/Thesan-2/clumping/clumping.pylians/gas/snapshot080/science-8797a942e03e/execution-7f2a6ce7505e_run001.json,374954ea63f3b4af0ed13fd6276296f7c510bdde168e53f2811385f3850ea52b,3f82716503233cc4a08d7ea39eba3fa10aed13280f95fc5989c5af2d0988bba6,clumping.pylians,migrated
results/thesan/Thesan-2/gas/raw-volume/snapshot000_grid256/threads1_batch2_run001.json,369edef09103ce5d14a311a63aedcd7203cf88004db9f367e640607ea0d5e3e4,results/thesan/Thesan-2/clumping/clumping.raw-volume-weighted/gas/snapshot000/science-6360d60b6c57/execution-83be40a864d4_run001.json,668c1d4d420ce2600f06a2cce90b27675fa220fb123f7457f59b808ce0dc2d2b,b053e3658445cc7aa69b3e82d5587ed6cbbc7e0f6ee90ec17ba5010def2b5575,clumping.raw-volume-weighted,migrated
results/thesan/Thesan-2/gas/raw-volume/snapshot005_grid256/threads1_batch2_run001.json,d6d9aace90fd41ca210f8c6cbb18ce77a71cec3d5d7ebb6dcf97c680d9244637,results/thesan/Thesan-2/clumping/clumping.raw-volume-weighted/gas/snapshot005/science-6360d60b6c57/execution-83be40a864d4_run001.json,b72a225727d0b07c5abf04dcaa85d0715482811a1e0aadf712a19a3c7dfde6a8,e84e6e1f17c9e2f90105f660e2cfb1cdb0a92e3ba243de65c682cf736e5b2b19,clumping.raw-volume-weighted,migrated
results/thesan/Thesan-2/gas/raw-volume/snapshot010_grid256/threads1_batch2_run001.json,62885b11dfbf18e184c9f110c9dc4d32d0382ee6747e974cd31e62ed80174f85,results/thesan/Thesan-2/clumping/clumping.raw-volume-weighted/gas/snapshot010/science-6360d60b6c57/execution-83be40a864d4_run001.json,2e62ba91c8e7fe6e4b593281d6adccf782c6b17dd5381b67ff28a6b09ba2f4f5,8cba9ff21d0ba8e808d8095258ee3c94e5bb5c4461bd83a46273647673623665,clumping.raw-volume-weighted,migrated
results/thesan/Thesan-2/gas/raw-volume/snapshot015_grid256/threads1_batch2_run001.json,7ffaf86ecc6995df3561e6cde66b2a5097c3ac92c8157b9e79ebf827f42d9ae6,results/thesan/Thesan-2/clumping/clumping.raw-volume-weighted/gas/snapshot015/science-6360d60b6c57/execution-83be40a864d4_run001.json,0230c253afd93bdf81f913424dfe2a8f555f03cff25b01fd15021e1f6e4e7108,a90c5f9413c05c4c1ad67603ee315f6f55ca2824edb4419e6e47f881dc6d2bd3,clumping.raw-volume-weighted,migrated
results/thesan/Thesan-2/gas/raw-volume/snapshot020_grid256/threads1_batch2_run001.json,c69f0298a44ae719b935fc9d4d7789772f2f966ca3c109e87be932c2cee0e00f,results/thesan/Thesan-2/clumping/clumping.raw-volume-weighted/gas/snapshot020/science-6360d60b6c57/execution-83be40a864d4_run001.json,a34762c1b527336d2977177098bf9bb96e7b43d8f37a23c12a544675daff2fb1,fdb7355eda3f114844ca38b08f8ccb924056db9c96465cfee583bc7bed56f639,clumping.raw-volume-weighted,migrated
results/thesan/Thesan-2/gas/raw-volume/snapshot025_grid256/threads1_batch2_run001.json,b9d1bd61b0c0917ae4eb9ad354a320d89eb23bff162ec5e9f2231f3e70cfbab6,results/thesan/Thesan-2/clumping/clumping.raw-volume-weighted/gas/snapshot025/science-6360d60b6c57/execution-83be40a864d4_run001.json,889c756f6ad18eb5d2403772f4b3023b97c97037c0b4452fc2e50572d0ee6971,10800f0c25b04fb6e31325d0b6900363f66cdc10c8ecf30e455ce9f32c8d8c2d,clumping.raw-volume-weighted,migrated
results/thesan/Thesan-2/gas/raw-volume/snapshot030_grid256/threads1_batch2_run001.json,12a717927aa98653fae371a8d59c098ac18f8df0df1bb2f60daa441bcc33b05f,results/thesan/Thesan-2/clumping/clumping.raw-volume-weighted/gas/snapshot030/science-6360d60b6c57/execution-83be40a864d4_run001.json,1aff439d7767f0fb3470b359b3611b89be10f3ef7478aa0f69d24b8a433bb86b,f39539c3d6959cb397797537ff8788feeaeccfc99a4682522d742e9139d6f7cd,clumping.raw-volume-weighted,migrated
results/thesan/Thesan-2/gas/raw-volume/snapshot035_grid256/threads1_batch2_run001.json,7c558a4cb3f72dfb9abc41b898de0bff3f07088c9d4f28a6bdb50e518ab16118,results/thesan/Thesan-2/clumping/clumping.raw-volume-weighted/gas/snapshot035/science-6360d60b6c57/execution-83be40a864d4_run001.json,13015fd9995ebd25dadfca10bcd420c01d698f3c770ab93392ea00bb87b26397,77a63ae755554b01f4e1e0ccf22965c4e1992ad23e5bd94033d42b63cecfc138,clumping.raw-volume-weighted,migrated
results/thesan/Thesan-2/gas/raw-volume/snapshot040_grid256/threads1_batch2_run001.json,0f1c991e0a4e45e81c6b03cee72014a11d0be143fe423a06708ce1d81cc6b50b,results/thesan/Thesan-2/clumping/clumping.raw-volume-weighted/gas/snapshot040/science-6360d60b6c57/execution-83be40a864d4_run001.json,feefb3e3d379181d597801784fa893f6edbbbb728c58f5f11051f26436fe2f4d,54245c5cba845c9ee9b4d092133d660d47defdf43aefd72e77cc0eff65723e11,clumping.raw-volume-weighted,migrated
results/thesan/Thesan-2/gas/raw-volume/snapshot045_grid256/threads1_batch2_run001.json,67017913c557033d6da2bfacb47809f3728f8799aa4cf50a179c05aa9b41d5b1,results/thesan/Thesan-2/clumping/clumping.raw-volume-weighted/gas/snapshot045/science-6360d60b6c57/execution-83be40a864d4_run001.json,8eab599a6d6b079f50bcf3fb1652d914ed04d781ebaf8d10a0ef55ac2823fe0a,b963a969684d7a45eb7d2bff11a3c59a3d7dc67bd42db268954d1b2837087c18,clumping.raw-volume-weighted,migrated
results/thesan/Thesan-2/gas/raw-volume/snapshot050_grid256/threads1_batch2_run001.json,6ca972f63a939537d591ac3cbac785508499980e98c9462b5611b6ce9d7eb418,results/thesan/Thesan-2/clumping/clumping.raw-volume-weighted/gas/snapshot050/science-6360d60b6c57/execution-83be40a864d4_run001.json,c346253541d74886a0918464d8b5cf28c074003bcd80297f39f64b0f698740db,0c99077a9886a017df12f346f8c7c7c444036f0cf591ad2360899af031ab421e,clumping.raw-volume-weighted,migrated
results/thesan/Thesan-2/gas/raw-volume/snapshot055_grid256/threads1_batch2_run001.json,e56ff130eaa7b931e08ae9e465a9ddc1888bcb559cff0883f3ed9e28f93cef37,results/thesan/Thesan-2/clumping/clumping.raw-volume-weighted/gas/snapshot055/science-6360d60b6c57/execution-83be40a864d4_run001.json,65fba8589cf7a41ad4d67a2279d08224e75624135f5ab024938f86c18612cd18,fb5c76ab0f029b3de3d30a56a765dc0c2d96844ee4f98fe4a7058e20bcb02de8,clumping.raw-volume-weighted,migrated
results/thesan/Thesan-2/gas/raw-volume/snapshot060_grid256/threads1_batch2_run001.json,4e9254ce264354611b49c3b08d522a638f7be7d99fb7eb202d49fb654b64de0b,results/thesan/Thesan-2/clumping/clumping.raw-volume-weighted/gas/snapshot060/science-6360d60b6c57/execution-83be40a864d4_run001.json,931a17a6d7a82f5404e50f3819b8ff569a5450145f68123d193653ae2a163ab9,5f368a71af9b431d269236831c0cecbd5ab60c80f9fc5d96511bd8d9065f5025,clumping.raw-volume-weighted,migrated
results/thesan/Thesan-2/gas/raw-volume/snapshot065_grid256/threads1_batch2_run001.json,fb975aaf9942fd70bab75a66b6ac466080de7cbb5bf40d8c9f1316b80f6c9723,results/thesan/Thesan-2/clumping/clumping.raw-volume-weighted/gas/snapshot065/science-6360d60b6c57/execution-83be40a864d4_run001.json,c502937bf393f24f07eaa735005685681c190474f1469448d933aa25764251df,89ac004734c32a44678f66bbc23674674a8ec3fb137b8d76af25d109dd9c9d96,clumping.raw-volume-weighted,migrated
results/thesan/Thesan-2/gas/raw-volume/snapshot070_grid256/threads1_batch2_run001.json,ee6f57a5a7cf55d63fd875a470ca753db922f505dca8ba9e54b19941093cb31c,results/thesan/Thesan-2/clumping/clumping.raw-volume-weighted/gas/snapshot070/science-6360d60b6c57/execution-83be40a864d4_run001.json,7f96267303f542bbdf4f9688320dcf08a1d34e1324df4ab77c236df97e7843ca,8cd3d809a01307f0c5aa9558c0b2164b8fff1795a76833d163f01c9614835e60,clumping.raw-volume-weighted,migrated
results/thesan/Thesan-2/gas/raw-volume/snapshot075_grid256/threads1_batch2_run001.json,d63ba9ac55e1e1e66c83bce1ede6c49b160b14826d09c30728da37fe66748fd1,results/thesan/Thesan-2/clumping/clumping.raw-volume-weighted/gas/snapshot075/science-6360d60b6c57/execution-83be40a864d4_run001.json,754b6ad70d75bec88d49a583aea86d13fda3ba9edb542d50491fcba4a6b3cab4,d4687280a739e58839a8e538053e7aa02004cc25978f728ab4a41cba57e576d3,clumping.raw-volume-weighted,migrated
results/thesan/Thesan-2/gas/raw-volume/snapshot080_grid256/threads1_batch1_run001_rawmode-hii-density.json,d7cd4710da50cab040d2ca79b0e09c18d127d47463eea457047d168f760182db,results/thesan/Thesan-2/clumping/clumping.raw-volume-weighted/gas/snapshot080/science-0c852644fd7f/execution-83be40a864d4_run001.json,a4e34fb9d0eb8f085a22c0b57d32586767840748f0f4477bcffe8eca343fa643,758a7d834063b74d98f36c5b865fda1da79e2c2d1d2871b8db14a5e1a0c6f00d,clumping.raw-volume-weighted,migrated
results/thesan/Thesan-2/gas/raw-volume/snapshot080_grid256/threads1_batch2_run001.json,5659469237b426c976aaad5d5089b910b1f62e5143dd911f7b3f823b533c6d5d,results/thesan/Thesan-2/clumping/clumping.raw-volume-weighted/gas/snapshot080/science-6360d60b6c57/execution-83be40a864d4_run001.json,a8c16d8ca2dd666096feb931581518e2e3d87635cf53e45374e43bd19aabe9fe,bbebef96ac44539b6764de9a22b405ccdd22c8b17979eab465bfd4ae8966b5ce,clumping.raw-volume-weighted,migrated
results/thesan/Thesan-2/gas/raw-volume/snapshot080_nogrid/eq5_electron_hii.json,f90e5c9a571b3082e751adc750af17f15c19e7cc9516702e0cdd86c39fa00a69,results/thesan/Thesan-2/clumping/clumping.raw-volume-weighted/gas/snapshot080/science-735bb1040592/execution-83be40a864d4_run001.json,2b6cfb9bcba5c886ed7309f890781f9fdf2bf763e9192651a366a36e49da821a,4f85b78e09c5897764ae34456003276fa22d29fb7e3265ffd4d5b1c554029df4,clumping.raw-volume-weighted,migrated
results/thesan/Thesan-2/gas/sphere/snapshot000_grid256/threads8_batch2_run001.json,71adc45286fc1fa1abcdd2d333daaf0c0b4c7459c0e0a63b5743320a8651c76c,results/thesan/Thesan-2/clumping/clumping.sphere/gas/snapshot000/science-3f311f495514/execution-251b4ff45708_run001.json,1207cf758f7a0a00ec84c30a2396fda762d51b3e07fecbc04b43e1e07a8a3c5e,534b5723a5d5d78e6bb776de069183a69fb0eb190213f8b4b3a50310d5ea5ea9,clumping.sphere,migrated
results/thesan/Thesan-2/gas/sphere/snapshot005_grid256/threads8_batch2_run001.json,9163e0740c345f168de7e7cb7cbae968e330dc7b007ec8619f1bf2e03d6378bb,results/thesan/Thesan-2/clumping/clumping.sphere/gas/snapshot005/science-fc10e753542f/execution-251b4ff45708_run001.json,1ab225418e8a052a43a551f46c2ea613a813aaa502dc7651f648929c4cbbbdf8,923bc3f2185ca509ebde63e245ae18de3f859054fa2139a62c1b4ba5dd51319c,clumping.sphere,migrated
results/thesan/Thesan-2/gas/sphere/snapshot010_grid256/threads8_batch2_run001.json,78cf3e3f2a0271d8280ef89b8ad997f153469103599445e5fb7ad4340b077869,results/thesan/Thesan-2/clumping/clumping.sphere/gas/snapshot010/science-558641a4404e/execution-251b4ff45708_run001.json,b4b2b2af8b5689ff15cbad48c7a64f6e4aeb01b3ec3271550e04f7f2ef65165d,74f72d59b30a0a4e2809ee66fc173160b9229166f543a0be34548cc7f7f16100,clumping.sphere,migrated
results/thesan/Thesan-2/gas/sphere/snapshot015_grid256/threads8_batch2_run001.json,768444c5cd5a25fa8494c39b86ef45380e6017f02e5df76239062b30fdf3e479,results/thesan/Thesan-2/clumping/clumping.sphere/gas/snapshot015/science-512a506b0ab4/execution-251b4ff45708_run001.json,659b745b065250b0083185da11f1dfdd8e7eb302fa91cc6ccefa9288b5d67654,76c084c6bf2e49a4abaa8abc7748babb409f3ad9ef1d4398ceb32e28be9c6abc,clumping.sphere,migrated
results/thesan/Thesan-2/gas/sphere/snapshot020_grid256/threads8_batch2_run001.json,7bae5c303b029f7b2e909439397bfb19241831de7f308ee72d32a6e7d1273c15,results/thesan/Thesan-2/clumping/clumping.sphere/gas/snapshot020/science-3c77094b2779/execution-251b4ff45708_run001.json,40a29b5dd2c2d95f741d9b04d43e8b52d09ddbca2c522c300967717d58b0d2e9,6fef096a3767ec4957550d03d1be9232aeafb94e344fa319f02733b0403b9ec7,clumping.sphere,migrated
results/thesan/Thesan-2/gas/sphere/snapshot025_grid256/threads8_batch2_run001.json,e570b5fa362e79d92549a6d1467da19ba66d205ee1b6420442e0fdc9082f7282,results/thesan/Thesan-2/clumping/clumping.sphere/gas/snapshot025/science-9b73578c7389/execution-251b4ff45708_run001.json,06f6c1c5e14bfc3f45851519f3ac3cd79ac9925c901c2e46ba2d774388ae70bc,550696c6dad5b857aea891993b2b22c159494d9588ef57b1bd1aa4d812f885c2,clumping.sphere,migrated
results/thesan/Thesan-2/gas/sphere/snapshot030_grid256/threads8_batch2_run001.json,9cb0db72a9fb942ff42fe0246d82ebb9eb33a3d84edf20b556f96bb71b245fb2,results/thesan/Thesan-2/clumping/clumping.sphere/gas/snapshot030/science-ac2adac40fc9/execution-251b4ff45708_run001.json,32ca4feea09ab50d7d6079133237770f32791f5fa4c793b2e1005dfeb7bd3592,6ce5f7453e95a1c9c28b4bd0f150ba42cf6fe9ef81e76e51cec5589956db497c,clumping.sphere,migrated
results/thesan/Thesan-2/gas/sphere/snapshot035_grid256/threads8_batch2_run001.json,48df9ac659989d19fe07df4e8e541ef8f60a837a62750fd16d559a18b767b832,results/thesan/Thesan-2/clumping/clumping.sphere/gas/snapshot035/science-556b66a6ae8a/execution-251b4ff45708_run001.json,e04e89c28b877c46f6a5570c3762db246e192e0f0e5f7a5aec9575c83faf632c,c33b3d762e498f7f6e1fbd2c86e85e6ce7de0c4b05632256f1c5b3e89811076c,clumping.sphere,migrated
results/thesan/Thesan-2/gas/sphere/snapshot040_grid256/threads8_batch2_run001.json,95ea9b4af986efe11a1150a8bdcd6eae0ccec3ed74637d2dbaef2030591cd7e8,results/thesan/Thesan-2/clumping/clumping.sphere/gas/snapshot040/science-9904b3ecba14/execution-251b4ff45708_run001.json,f64d638aaf90472ae44833fb7fa54e6aa6c8b2c80ba8d5afb6d95ebf35cddcdc,43283fd3683883b353479338d0c5692cec4e8c8b1236dc667f81cb697631ca4a,clumping.sphere,migrated
results/thesan/Thesan-2/gas/sphere/snapshot045_grid256/threads8_batch2_run001.json,b31358a733b9577838e3f923f0860c8952967b49a209295d6accae44962bffe0,results/thesan/Thesan-2/clumping/clumping.sphere/gas/snapshot045/science-f07828d7e527/execution-251b4ff45708_run001.json,f3e734c0ba6383958140a609869de7f4d1fed0553b470ec91a0148535629d147,cd45b68a185fe23e3b4d9c12382af97ee008c4af7afc0b005e600c7917686e69,clumping.sphere,migrated
results/thesan/Thesan-2/gas/sphere/snapshot050_grid256/threads8_batch2_run001.json,3cd867049e5e3773914c69a45c082111a7cd748848c817f576934784f57c5d90,results/thesan/Thesan-2/clumping/clumping.sphere/gas/snapshot050/science-235424b8e52b/execution-251b4ff45708_run001.json,4261bd7eb25aa925065bd82ec7ce56716eee053383c7208cb4d60efbaceb554c,a5d7de9f2217960ff62b267ec410e848d6d22f98496a788cdd4c7dd021640e77,clumping.sphere,migrated
results/thesan/Thesan-2/gas/sphere/snapshot055_grid256/threads8_batch2_run001.json,a2f52b2203cc8753461318119765e939deb6b821ae2d38c1c3c27d48dc71b066,results/thesan/Thesan-2/clumping/clumping.sphere/gas/snapshot055/science-7b9f42cf848c/execution-251b4ff45708_run001.json,9fe39b8a139671156394becce7dbde6500e18ec5a5bb63d6765076200aacf8ab,904ddfb03b1c674eba9533d5b2925e317eb250684605807faf80c2b9b77a4114,clumping.sphere,migrated
results/thesan/Thesan-2/gas/sphere/snapshot060_grid256/threads8_batch2_run001.json,16960bf4d9d583fc257d7a94edf73d7821b93b04b84d282fb41212eec92a783c,results/thesan/Thesan-2/clumping/clumping.sphere/gas/snapshot060/science-b1a3e41ae188/execution-251b4ff45708_run001.json,811ae4ff8e63c928d6468ae5598ceedee4df9f5877c343cc9d68bf2022021109,4520c5c59082cb81143284dfe39307dcf04ba5a8ad34283887e1e95ea2d8cc05,clumping.sphere,migrated
results/thesan/Thesan-2/gas/sphere/snapshot065_grid256/threads8_batch2_run001.json,4668831cd83631b41e3043c1853e93a7538c85843944e343165f07d9768c3422,results/thesan/Thesan-2/clumping/clumping.sphere/gas/snapshot065/science-059432cc7bde/execution-251b4ff45708_run001.json,eeef5d85e120d5e4e8031d5f56c2d5d4c3a2211ade05cec4180044d05c47e4cd,b7f095401a044991278ee6b3212a44f872181c450f394d48c3a2bafb0db9aca2,clumping.sphere,migrated
results/thesan/Thesan-2/gas/sphere/snapshot070_grid256/threads8_batch2_run001.json,7ccbe6ad3e77728a621c7c0cbce374f9d8e042e4b0b175a8eeb3fbdbb2269761,results/thesan/Thesan-2/clumping/clumping.sphere/gas/snapshot070/science-94d90cb1a887/execution-251b4ff45708_run001.json,38a12162aba5c21c08d7979c55ec8d91d0f0ba9e30605c18513a6417404f3983,f8e5eb5a54f195528c09cb05f23259ff3d0dd045dfefb71809f6ec0ca68d122f,clumping.sphere,migrated
results/thesan/Thesan-2/gas/sphere/snapshot075_grid256/threads8_batch2_run001.json,bb9c56916d7cb465883753e2b3f8fab2b90179af08a18b8bd56f98d36f001acc,results/thesan/Thesan-2/clumping/clumping.sphere/gas/snapshot075/science-77ce4eab82b2/execution-251b4ff45708_run001.json,1dba21e5a9cd0b84304a01b0ee95bedee08fea5abac6435166bc9ec0d3454206,df8514733958c308c7c9202993a38cca41776893237cafb55e6cdb986d3534a3,clumping.sphere,migrated
results/thesan/Thesan-2/gas/sphere/snapshot080_grid256/threads8_batch2_run001.json,0f200fee71ebcb5f45d4690477eb664a27761da671565af5063adc691a6de990,results/thesan/Thesan-2/clumping/clumping.sphere/gas/snapshot080/science-d2637305cfa5/execution-251b4ff45708_run001.json,537084a96b791ca4b6358422c829f840d3b40c991a0fddf13af81ec4c865f20f,073aa273b8868a1948357835a8b6306955f1e9dcb0d76e9090e7dae8ddb4d833,clumping.sphere,migrated
results/thesan/thesan_in_house/gas/raw-volume/snapshot000_nogrid/threads1_batch1_run001.json,b49feb86e4f7fc6d4b8ac86c5a641da7707d817b85b9c7a49286eb7a94a99fc1,results/thesan/thesan_in_house/clumping/clumping.raw-volume-weighted/gas/snapshot000/science-3f54e3c85b0e/execution-83be40a864d4_run001.json,79acbb98674f1ca8165ec19c46e9ce273c33e15bc0d249f6c875bfdbc8a9da3a,8123b670b4fc8403b20f781f1552848ae7cc5d8ddb56f413466b420c6017cde8,clumping.raw-volume-weighted,migrated
results/thesan/thesan_in_house/gas/raw-volume/snapshot000_nogrid/threads1_batch1_run002.json,fc280f4e6ebea0a50477c86c653aebba5f8f1f2f793525bcd7e69bfd0774541e,results/thesan/thesan_in_house/clumping/clumping.raw-volume-weighted/gas/snapshot000/science-3f54e3c85b0e/execution-83be40a864d4_run002.json,b32bc02e610e2a10b8398319ed6b00fdf2d41ae480207b21db700a317fab8f51,1e4b84ad54ad30ab97b20422de5848781a72ce2142a47ce7217d72089e62d038,clumping.raw-volume-weighted,migrated
results/thesan/thesan_in_house/gas/raw-volume/snapshot000_nogrid/threads1_batch1_run003.json,863166cfc4994781175f8c2843c1946ea74c166806d490bcb8543067e6aa5a8f,results/thesan/thesan_in_house/clumping/clumping.raw-volume-weighted/gas/snapshot000/science-3f54e3c85b0e/execution-83be40a864d4_run003.json,721396caefc78f0e48f0477cba79ccb48d21a2dff38bdb2d5a660a7b0524b11c,40522720ca58259df6c16df3c1619fff24245bae9a79a5ed8b048dca8f061668,clumping.raw-volume-weighted,migrated
results/thesan/thesan_in_house/gas/raw-volume/snapshot001_nogrid/threads1_batch1_run001.json,e1d7ca5c3a9a8179d6bd2d857ec6d7f6a53279a085a24ca350c9d39adb9c73da,results/thesan/thesan_in_house/clumping/clumping.raw-volume-weighted/gas/snapshot001/science-3f54e3c85b0e/execution-83be40a864d4_run001.json,454527846de77622d154803388e996774c6e300000b22a7b891209639d882d21,10fda57028e63892172507778f86692cd728d5aa1ca13b841d9f4f057284c46a,clumping.raw-volume-weighted,migrated
results/thesan/thesan_in_house/gas/raw-volume/snapshot001_nogrid/threads1_batch1_run002.json,92f4bea6d58bc6fd1e70475568aacdc574df3ce9e0364980d6f06f5a5af056f3,results/thesan/thesan_in_house/clumping/clumping.raw-volume-weighted/gas/snapshot001/science-3f54e3c85b0e/execution-83be40a864d4_run002.json,275e6ebe5106f76e5578f1bdb120a0a246ee4510b4dbbb830fc59864ed2d704b,437be2faa79694130263d1dd0f8a25db0521c9367cd0cf255de0cbabeaa2334a,clumping.raw-volume-weighted,migrated
results/thesan/thesan_in_house/gas/raw-volume/snapshot001_nogrid/threads1_batch1_run003.json,e47f7c35aeec52fccae88d70de9cd1b3468652c25610b9c526bc1844a8bdf236,results/thesan/thesan_in_house/clumping/clumping.raw-volume-weighted/gas/snapshot001/science-3f54e3c85b0e/execution-83be40a864d4_run003.json,7b2eea78b68b3f04cedc7483167b53e37ae1845afe65b6b300e470a0d086fabf,c80ddab2f281deb4815ee579a35eda2d50b5cdf70c2ee26eec6150e77d33469b,clumping.raw-volume-weighted,migrated
results/thesan/thesan_in_house/gas/raw-volume/snapshot002_nogrid/threads1_batch1_run001.json,3fc50ac7e00d62f6d4155427d65a12781b20c2f42b6a2cd7fbd0d11883d34814,results/thesan/thesan_in_house/clumping/clumping.raw-volume-weighted/gas/snapshot002/science-3f54e3c85b0e/execution-83be40a864d4_run001.json,44cd9fcd81f2c47267d430f2c34ad81ec11059a1d9efe4543aa031e69760b5a0,37f8a78cf892649cae887d7e0d69f31289e538ca36da064b291c23d942d77361,clumping.raw-volume-weighted,migrated
results/thesan/thesan_in_house/gas/raw-volume/snapshot002_nogrid/threads1_batch1_run002.json,765235d5a5ee0e89e39ee37b46d1f4455d5d8b930278ba3465d61935c3826fd0,results/thesan/thesan_in_house/clumping/clumping.raw-volume-weighted/gas/snapshot002/science-3f54e3c85b0e/execution-83be40a864d4_run002.json,b8ddb874c454fbfedc368de8cb7a6c22047eb445385957f5d33b866b7a6b06a8,4c4be0bdb3b9978707bc343cbe8d291ce44d329fbe9672da40a3b54363aaca9a,clumping.raw-volume-weighted,migrated
results/thesan/thesan_in_house/gas/raw-volume/snapshot002_nogrid/threads1_batch1_run003.json,b1daf3505217cfec2de506dad88ae277c5370a73dd562bf779f1d5d95e5b4cd1,results/thesan/thesan_in_house/clumping/clumping.raw-volume-weighted/gas/snapshot002/science-3f54e3c85b0e/execution-83be40a864d4_run003.json,fba361da9d7fa9f40912a4e2c970f04f175d9ac00640e329f46070a36f62920e,9950f1f6b6dbfb5ae8946c397e5fc63314b50889e8e7931e10e8df83602fa519,clumping.raw-volume-weighted,migrated
results/thesan/thesan_in_house/gas/raw-volume/snapshot003_nogrid/threads1_batch1_run001.json,d5087a0e5ed2e3d75d44dc3c741013edc45b98b1b88aad9a35f96a1607a82362,results/thesan/thesan_in_house/clumping/clumping.raw-volume-weighted/gas/snapshot003/science-3f54e3c85b0e/execution-83be40a864d4_run001.json,60ac070ca8b4fb0ecf6ccc0f683c009ecb5a5c1125113a13bd6d7fb3c593b14c,4883b16e72ec78435bda19e5cb99f8fbfdf2b749d9357dd3ce61ad9fbc5f5592,clumping.raw-volume-weighted,migrated
results/thesan/thesan_in_house/gas/raw-volume/snapshot003_nogrid/threads1_batch1_run002.json,fe9c9ecdbfa386c7a1f6ecb68eff1bcc771d6d13b07e790dc8d4efc9d38c402c,results/thesan/thesan_in_house/clumping/clumping.raw-volume-weighted/gas/snapshot003/science-3f54e3c85b0e/execution-83be40a864d4_run002.json,2846338b3aae299facc3e91f06549177e65d52598eb370024d82e35f8987384e,23feecf0df8250ead38c679508d6cc1d5670d42b8ecdabe4367aa5ae64eb987f,clumping.raw-volume-weighted,migrated
results/thesan/thesan_in_house/gas/raw-volume/snapshot003_nogrid/threads1_batch1_run003.json,fa18b9140df6ccb8c3907e71eb95acc11870b9680ee371190fbc82c0cb1ecdcc,results/thesan/thesan_in_house/clumping/clumping.raw-volume-weighted/gas/snapshot003/science-3f54e3c85b0e/execution-83be40a864d4_run003.json,f108db6409e3883fcfc12e732fa0af042a4e217143cf749376cd425750d0448c,a19a6a66ae33104b648decbdbe06227029c63b521b0a982ff120a2d1a013a4a6,clumping.raw-volume-weighted,migrated
results/thesan/thesan_in_house/gas/raw-volume/snapshot004_nogrid/threads1_batch1_run001.json,9d30451b49aba2f6819d70c7a213ecca9109de6fdf24a9823e8e3c895db94584,results/thesan/thesan_in_house/clumping/clumping.raw-volume-weighted/gas/snapshot004/science-3f54e3c85b0e/execution-83be40a864d4_run001.json,78090a0168a3cdea432f72fcda9e1ed0e194542c3f8881084179d8893416cd97,58e73836da58a28053dcc4d471827d5f3712f41a501abcd5664f59a26993f814,clumping.raw-volume-weighted,migrated
results/thesan/thesan_in_house/gas/raw-volume/snapshot004_nogrid/threads1_batch1_run002.json,edcbf7d47cadffd723fd8c4820945ad6e2739f4f97e3e7a5cf5cf12bf99b912e,results/thesan/thesan_in_house/clumping/clumping.raw-volume-weighted/gas/snapshot004/science-3f54e3c85b0e/execution-83be40a864d4_run002.json,3b4b5015bb26b710f22c02ed11d1df445a24d8a5a1a2dacc3624815cf22fb7d0,86ea64f110c1375934c2c12c69c04dc54f1f5d301bf6d9df4119faec8aabc8f0,clumping.raw-volume-weighted,migrated
results/thesan/thesan_in_house/gas/raw-volume/snapshot004_nogrid/threads1_batch1_run003.json,8cd69d3ca1ffdeb0e91cd7f943f4629e1f6d2999e278bb3d0680e0fd9b1af5ed,results/thesan/thesan_in_house/clumping/clumping.raw-volume-weighted/gas/snapshot004/science-3f54e3c85b0e/execution-83be40a864d4_run003.json,f9cfc22f801f6c8f409821e01c8d532ea3f35081a6ebb724491d8c1d079a5c3a,3e8c117458884a9c0aac23cf71b2ad2d0d777b5c18b840c2ac9c55028317c7bf,clumping.raw-volume-weighted,migrated
results/thesan/thesan_in_house/gas/raw-volume/snapshot005_nogrid/threads1_batch1_run001.json,047d2fc98db85c61c8928cf1a0e5678d45b269c7e75c5f34e346c1c5333561a9,results/thesan/thesan_in_house/clumping/clumping.raw-volume-weighted/gas/snapshot005/science-3f54e3c85b0e/execution-83be40a864d4_run001.json,955f8939804a613374b77ca7fb4820b3c7a1fd2748bc36400ebfa4bbd10bec27,7f62f8451207e124cc3a40fe0002cc28e74cf6427efb2fac16fdf1f7acb867b7,clumping.raw-volume-weighted,migrated
results/thesan/thesan_in_house/gas/raw-volume/snapshot005_nogrid/threads1_batch1_run002.json,dcc2392415ced30e91ec3a81a4e5482ec8d42c296f43a412a547a94ad2cdc17d,results/thesan/thesan_in_house/clumping/clumping.raw-volume-weighted/gas/snapshot005/science-3f54e3c85b0e/execution-83be40a864d4_run002.json,9a814c7d9387381418ddeecaafe43f385a519c643a877356bab09a093c73e506,80f443f6bdca6f0e1cc98f678964ceac1e43c165094498e98a108ab738388ce8,clumping.raw-volume-weighted,migrated
results/thesan/thesan_in_house/gas/raw-volume/snapshot005_nogrid/threads1_batch1_run003.json,81f5199b89a184cee82f15213449e7690f95e08c27c86aa8aa3d53fbb07e0934,results/thesan/thesan_in_house/clumping/clumping.raw-volume-weighted/gas/snapshot005/science-3f54e3c85b0e/execution-83be40a864d4_run003.json,f367bbcdd76613951c9c3fafa2749737d10939b7ec507a9378e31ee6a764c021,2d00609fde2b2e490f7dd3b5d2c8016dbb8b42ff5f464939ea03c70eb0f4171a,clumping.raw-volume-weighted,migrated
results/thesan/thesan_in_house/gas/raw-volume/snapshot006_nogrid/threads1_batch1_run001.json,5014b0ff78c167c4b9c2bef44efe327c42ec3ef8441b7e472c1106bb7b32e71a,results/thesan/thesan_in_house/clumping/clumping.raw-volume-weighted/gas/snapshot006/science-3f54e3c85b0e/execution-83be40a864d4_run001.json,cae0b3f5c60a45ea64633333010c0822397ab5e307a23e21287abfacee55c99d,d41083c29dbda75770382972644bc4af1a9fa504e9fa1dfba8996e9448918ee2,clumping.raw-volume-weighted,migrated
results/thesan/thesan_in_house/gas/raw-volume/snapshot006_nogrid/threads1_batch1_run002.json,e59cda7c5db6e370faffd43227c42fb226b74c66435de50a94be9d4c2e671d76,results/thesan/thesan_in_house/clumping/clumping.raw-volume-weighted/gas/snapshot006/science-3f54e3c85b0e/execution-83be40a864d4_run002.json,af7cfc9efda93ea402180444400a2872f2437a670aca2858b2ec41f50d3da2c2,d0ab4ac02a61b20be038021ca6a1e383039d637f801a01b4e3a6bee15cb08a2f,clumping.raw-volume-weighted,migrated
results/thesan/thesan_in_house/gas/raw-volume/snapshot006_nogrid/threads1_batch1_run003.json,ef09f64dd698d6356fe744735d1527164abe115289f5fe24a9ea40dd4396612f,results/thesan/thesan_in_house/clumping/clumping.raw-volume-weighted/gas/snapshot006/science-3f54e3c85b0e/execution-83be40a864d4_run003.json,7b3df97105f81655844f8bde4e22e3326e067285dca557fd9f72eb45fed058c1,91ac45a4a30640c8b1ff065d287cca0295f358cb37d0b5e42f3053fb869fc41e,clumping.raw-volume-weighted,migrated
results/thesan/thesan_in_house/gas/raw-volume/snapshot007_nogrid/threads1_batch1_run001.json,b984e741f25dcc4e23bb7b2e6d4946ddc3a77dfa65bb17a8a30f2498bf7b15d4,results/thesan/thesan_in_house/clumping/clumping.raw-volume-weighted/gas/snapshot007/science-3f54e3c85b0e/execution-83be40a864d4_run001.json,a77a4bfeec94279a556fb5d19a67d6cd9f9c4b188614d8b56795604c07439b96,44554a90640d8b7e8748eff07d0afdd37f76a6632192fa120ab7a8dd25b88f46,clumping.raw-volume-weighted,migrated
results/thesan/thesan_in_house/gas/raw-volume/snapshot007_nogrid/threads1_batch1_run002.json,35b049211040dae99aedc475916a76d54f150b556d498c0d7e72e9c52a2ede26,results/thesan/thesan_in_house/clumping/clumping.raw-volume-weighted/gas/snapshot007/science-3f54e3c85b0e/execution-83be40a864d4_run002.json,3dd370e490890fcef6c24b15e5bb09b699bc6e1fa8015fc210105e3085eb522f,8a6674ef34241e5a40022494e2ddab039ec0fabdbb846128024eb16260905e71,clumping.raw-volume-weighted,migrated
results/thesan/thesan_in_house/gas/raw-volume/snapshot007_nogrid/threads1_batch1_run003.json,2db6711e2082be2a918ee3d4f0ebbc5ce0d5766d3fd67327a3e9fa650a51edec,results/thesan/thesan_in_house/clumping/clumping.raw-volume-weighted/gas/snapshot007/science-3f54e3c85b0e/execution-83be40a864d4_run003.json,8c38adaa8a6dff6c7e3159f9d122a3cafa716a82a5a760975c964c97368acb8f,50c6c15780804ebab71c6d82a26f1d083d02449bebdea1564f9df58f0d144729,clumping.raw-volume-weighted,migrated
results/thesan/thesan_in_house/gas/raw-volume/snapshot008_nogrid/threads1_batch1_run001.json,dea8a7a17dc4ea2680192717754f60fdf21b3adc71038ca0dd3220b5aa1370a1,results/thesan/thesan_in_house/clumping/clumping.raw-volume-weighted/gas/snapshot008/science-3f54e3c85b0e/execution-83be40a864d4_run001.json,32d565bdf6a9726a6e93125988034ac65a5daa92f26646d823a524a73677ec22,ae6d71f86db85e607350edfbb4b4979635a68db8cf1b0a79f075594cb7e290f3,clumping.raw-volume-weighted,migrated
results/thesan/thesan_in_house/gas/raw-volume/snapshot008_nogrid/threads1_batch1_run002.json,6ae6db566219259303ac94b3b7b778c7a972ac1898facee5817538f68ae63821,results/thesan/thesan_in_house/clumping/clumping.raw-volume-weighted/gas/snapshot008/science-3f54e3c85b0e/execution-83be40a864d4_run002.json,0e5225f918a46018d349a2018e493e44e377e19904033b6e188c2947ff8f4713,6f920a6631274477ab2fb254ec3585caf862a03d181dc3cde25eccd5a2622edb,clumping.raw-volume-weighted,migrated
results/thesan/thesan_in_house/gas/raw-volume/snapshot008_nogrid/threads1_batch1_run003.json,9c5412c96271327b26cd398e7d74215f7ff7ac9545ce21b066ee620f299169fd,results/thesan/thesan_in_house/clumping/clumping.raw-volume-weighted/gas/snapshot008/science-3f54e3c85b0e/execution-83be40a864d4_run003.json,66e6d0d92d5de255effdbbf76af1774e3ffcbdbe7f308d1a25f02bf255673b37,b99901ab5e961062dbb80497408b2c4f9f27b43857325d0dee695c849c7ac699,clumping.raw-volume-weighted,migrated
results/thesan/thesan_in_house/gas/raw-volume/snapshot009_nogrid/threads1_batch1_run001.json,e9a12e95f01196323378eb6d38c2a85e861f16a4cd5dd843102503b014da5d9a,results/thesan/thesan_in_house/clumping/clumping.raw-volume-weighted/gas/snapshot009/science-3f54e3c85b0e/execution-83be40a864d4_run001.json,5e3620c2549516fd66dc3fc4857de3f7aa4bdb7de9fe953432bcbddeda34399b,ae4c7c30c7c472340ac9ce251ae9b6492de6a870c0e4d3a4f14437763c5be847,clumping.raw-volume-weighted,migrated
results/thesan/thesan_in_house/gas/raw-volume/snapshot009_nogrid/threads1_batch1_run002.json,5c5185cab89149ab93f4e8f1f2aa8f6ee98a2be87700a9e4a4d2d41c23bcb753,results/thesan/thesan_in_house/clumping/clumping.raw-volume-weighted/gas/snapshot009/science-3f54e3c85b0e/execution-83be40a864d4_run002.json,95c24b6b4d17b34bdbe612f04a870b3e208827bb61fb95d64e0ab83e2a8ac270,82645d3d8994a4f8c454fbee77519d0ece441b0d702300942bc4e2f1010623b2,clumping.raw-volume-weighted,migrated
results/thesan/thesan_in_house/gas/raw-volume/snapshot010_nogrid/threads1_batch1_run001.json,3f1221bccabcf04e73f03941942d4618aef317db3594cc2e8c347a5bafbcaf87,results/thesan/thesan_in_house/clumping/clumping.raw-volume-weighted/gas/snapshot010/science-3f54e3c85b0e/execution-83be40a864d4_run001.json,2d8586ea4cef1b032bae8a8619201f2236c19e84be271baefe12bc01c1e6dcb3,ae70028760c6095be146f091a193b9f793422c2441d7c89fefed2efc1b93b114,clumping.raw-volume-weighted,migrated
results/thesan/thesan_in_house/gas/raw-volume/snapshot010_nogrid/threads1_batch1_run002.json,01e588ad3a77e92c1e887f53d0ab1dae91e34184249d5a1a7b85dcabed885cee,results/thesan/thesan_in_house/clumping/clumping.raw-volume-weighted/gas/snapshot010/science-3f54e3c85b0e/execution-83be40a864d4_run002.json,39b826068f2af4417d774f8279b244c2248893ad8ac21a5ece79c8d8363b4e48,6116400fa30a4d1382b94104ea32e12d5d27287155c51b21b81209648a8d0198,clumping.raw-volume-weighted,migrated
results/thesan/thesan_in_house/gas/raw-volume/snapshot011_nogrid/threads1_batch1_run001.json,37a557018f2510e5a963b27cc49b69a683b9695d53a1c705081576a40e35ada4,results/thesan/thesan_in_house/clumping/clumping.raw-volume-weighted/gas/snapshot011/science-3f54e3c85b0e/execution-83be40a864d4_run001.json,cce04130047a661e0a813bb4420a87648a2f2347b5fcd0525da54342e287ebed,d59412fae90e3ef12ce4fe656056dfacdb31e0cbc4c754bcd9fe95808a72c7b7,clumping.raw-volume-weighted,migrated
results/thesan/thesan_in_house/gas/raw-volume/snapshot011_nogrid/threads1_batch1_run002.json,b054bc98b5c748e0522cf7d701ac6b0e4ad2241f8ae28410d6f3d8a06caf0022,results/thesan/thesan_in_house/clumping/clumping.raw-volume-weighted/gas/snapshot011/science-3f54e3c85b0e/execution-83be40a864d4_run002.json,4ee22d47da3c59ac96253edd66d2e052282187f9105cf8048d73fb251f09ef3c,b1bb5a0a65f81810d1b104184eaf27a615fbd4eff0a4215638493fcd55b2b215,clumping.raw-volume-weighted,migrated
results/thesan/thesan_in_house/gas/raw-volume/snapshot012_nogrid/threads1_batch1_run001.json,be66235e3ed2084e4ce4b162cef1b1bbd6f287afdc15783ec30501b248355ac9,results/thesan/thesan_in_house/clumping/clumping.raw-volume-weighted/gas/snapshot012/science-3f54e3c85b0e/execution-83be40a864d4_run001.json,71bb7c1404bf09ae49c39828d4f0331b37eccf397c91fe2342150d3789ff5f21,965ee0834400a404936a92aa2fec8bf38e8b44a240fef693343374310982978c,clumping.raw-volume-weighted,migrated
results/thesan/thesan_in_house/gas/raw-volume/snapshot012_nogrid/threads1_batch1_run002.json,2ec1cbbb9782a9977a4ab6663b8f2d90c74ae5da2620ac858a784ae599904be3,results/thesan/thesan_in_house/clumping/clumping.raw-volume-weighted/gas/snapshot012/science-3f54e3c85b0e/execution-83be40a864d4_run002.json,1f5b7105fd569c24087a9f7426891948542dea1f5d4868612138946c35a93713,10aa14643606ddb8dd356471c395b534cec82f25f2ec7f301cc27df0f9fbc19b,clumping.raw-volume-weighted,migrated
results/thesan/thesan_in_house/gas/raw-volume/snapshot013_nogrid/threads1_batch1_run001.json,20519ca6131067446139a95da02762d1b850cf497f6520b01050c3a81e2f778e,results/thesan/thesan_in_house/clumping/clumping.raw-volume-weighted/gas/snapshot013/science-3f54e3c85b0e/execution-83be40a864d4_run001.json,587abd05633ec6db006a78548485dd182c369466b909056a55079e097bb2006e,3f9337b1255897f6c4f9e387310e6fe0349972f92cfcebad8858452075c947b2,clumping.raw-volume-weighted,migrated
results/thesan/thesan_in_house/gas/raw-volume/snapshot013_nogrid/threads1_batch1_run002.json,991452c2e80b25ef14e3c196bd54200bc463d79a62509dd13577a671593a4cb3,results/thesan/thesan_in_house/clumping/clumping.raw-volume-weighted/gas/snapshot013/science-3f54e3c85b0e/execution-83be40a864d4_run002.json,64ecf434a6ed90c2768d4ea87016519b1fab1a95537d0ca172de9bbb9e49e919,df4a9fb3dd4dfaacf18c0cb0b3ab82be94880fdea35590dfe1313d93abc25bfd,clumping.raw-volume-weighted,migrated
results/thesan/thesan_in_house/gas/raw-volume/snapshot014_nogrid/threads1_batch1_run001.json,0961fb714e035689863c2c58f3178fa59ce8afe9b69bac0767a1e2f8b0bc0cde,results/thesan/thesan_in_house/clumping/clumping.raw-volume-weighted/gas/snapshot014/science-3f54e3c85b0e/execution-83be40a864d4_run001.json,4e231df5fcca256602299c20dae6f95c75ee18725856d6ae162aa6ab318669d6,ca6c2f1391f3cc70d1ca3e9865ff163895bc34f3cbf09f76833f916046fa134e,clumping.raw-volume-weighted,migrated
results/thesan/thesan_in_house/gas/raw-volume/snapshot014_nogrid/threads1_batch1_run002.json,50f2a24305174fd6e31355d9eb40da5ba16880a50f2917d1500cb8900c576135,results/thesan/thesan_in_house/clumping/clumping.raw-volume-weighted/gas/snapshot014/science-3f54e3c85b0e/execution-83be40a864d4_run002.json,0eef4027d93ed041ee21c5640568eb28c1a75870801bf6c3e344f9afeb22f3df,33f33d63e55b7f3884064624ef1a675df570aad4407786399134ee43b2e739d5,clumping.raw-volume-weighted,migrated
results/thesan/thesan_in_house/gas/raw-volume/snapshot015_nogrid/threads1_batch1_run001.json,6b36d06254086ca5724724c8cf1717585d34c6941f0a36a0bd8d2cdf99f901cd,results/thesan/thesan_in_house/clumping/clumping.raw-volume-weighted/gas/snapshot015/science-3f54e3c85b0e/execution-83be40a864d4_run001.json,957b9a53e3b40d264204827a5d310bd72fab433c6b63630bfbbaf37f69adeb34,993d1b0e3f0a769ad278ed478bc875b2a17fbbc812e25dee8d6832289b2327a9,clumping.raw-volume-weighted,migrated
results/thesan/thesan_in_house/gas/raw-volume/snapshot015_nogrid/threads1_batch1_run002.json,ac65a2fe9e133a1edb485d4ecd5850ff3ff05dbb82f8655a1a19e17ba0ea2db2,results/thesan/thesan_in_house/clumping/clumping.raw-volume-weighted/gas/snapshot015/science-3f54e3c85b0e/execution-83be40a864d4_run002.json,c486250f931c4cf6b4521d81e38e12494122d2fdfb7d028beba223df50f0b26b,ba44ec4567b3601e1d0de5685c640b0224bd8be7b1001c96caf05b114104f24b,clumping.raw-volume-weighted,migrated
