{"build_seconds": 0.6913620941340923, "identity": {"base_path": "/lustre/work/egaraldi/AIDA-TNG/L35n1080_SIDM1/output", "files": [{"mtime_ns": 1783584541000000000, "path": "/lustre/work/egaraldi/AIDA-TNG/L35n1080_SIDM1/output/snapdir_025/snap_025.20.hdf5", "size": 3326307792}, {"mtime_ns": 1783584460000000000, "path": "/lustre/work/egaraldi/AIDA-TNG/L35n1080_SIDM1/output/snapdir_025/snap_025.115.hdf5", "size": 3331379704}, {"mtime_ns": 1783584627000000000, "path": "/lustre/work/egaraldi/AIDA-TNG/L35n1080_SIDM1/output/snapdir_025/snap_025.125.hdf5", "size": 3324723064}, {"mtime_ns": 1783584773000000000, "path": "/lustre/work/egaraldi/AIDA-TNG/L35n1080_SIDM1/output/snapdir_025/snap_025.127.hdf5", "size": 3312983736}], "particle_type": "dm", "radius_mode": "sphere", "schema": 1, "snapshot": 25}, "summary": {"bytes_read": 962135616, "chunk_count": 43, "dropped_count": 0, "input_count": 40088984, "input_mass": 9857.647041477496, "io_seconds": 0.9459303542971611, "lbox": 35000.0, "preprocess_seconds": 1.562211312353611, "radius_max": 32.407405853271484, "radius_min": 32.407405853271484, "valid_count": 40088984}}