{"build_seconds": 0.6091650426387787, "identity": {"base_path": "/lustre/work/egaraldi/AIDA-TNG/L35n1080_vSIDM/output", "files": [{"mtime_ns": 1783584645000000000, "path": "/lustre/work/egaraldi/AIDA-TNG/L35n1080_vSIDM/output/snapdir_050/snap_050.0.hdf5", "size": 3336641524}, {"mtime_ns": 1783584771000000000, "path": "/lustre/work/egaraldi/AIDA-TNG/L35n1080_vSIDM/output/snapdir_050/snap_050.13.hdf5", "size": 3317341572}], "particle_type": "dm", "radius_mode": "sphere", "schema": 1, "snapshot": 50}, "summary": {"bytes_read": 463105512, "chunk_count": 20, "dropped_count": 0, "input_count": 19296063, "input_mass": 4744.789200547297, "io_seconds": 0.41026564687490463, "lbox": 35000.0, "preprocess_seconds": 0.7044891156256199, "radius_max": 32.407405853271484, "radius_min": 32.407405853271484, "valid_count": 19296063}}