{"build_seconds": 1.302833203226328, "identity": {"base_path": "/lustre/work/egaraldi/AIDA-TNG/L35n1080_WDM3/output", "files": [{"mtime_ns": 1783584648000000000, "path": "/lustre/work/egaraldi/AIDA-TNG/L35n1080_WDM3/output/snapdir_050/snap_050.1.hdf5", "size": 3047370012}, {"mtime_ns": 1783584677000000000, "path": "/lustre/work/egaraldi/AIDA-TNG/L35n1080_WDM3/output/snapdir_050/snap_050.4.hdf5", "size": 3045468044}, {"mtime_ns": 1783584614000000000, "path": "/lustre/work/egaraldi/AIDA-TNG/L35n1080_WDM3/output/snapdir_050/snap_050.5.hdf5", "size": 3047875764}], "particle_type": "dm", "radius_mode": "sphere", "schema": 1, "snapshot": 50}, "summary": {"bytes_read": 704759928, "chunk_count": 30, "dropped_count": 0, "input_count": 29364997, "input_mass": 7220.681267453561, "io_seconds": 1.341564580798149, "lbox": 35000.0, "preprocess_seconds": 1.1171983368694782, "radius_max": 32.407405853271484, "radius_min": 32.407405853271484, "valid_count": 29364997}}