{"build_seconds": 2.6721579656004906, "identity": {"base_path": "/lustre/work/egaraldi/AIDA-TNG/L35n1080_SIDM1/output", "files": [{"mtime_ns": 1783584377000000000, "path": "/lustre/work/egaraldi/AIDA-TNG/L35n1080_SIDM1/output/snapdir_050/snap_050.0.hdf5", "size": 3340959692}, {"mtime_ns": 1783584848000000000, "path": "/lustre/work/egaraldi/AIDA-TNG/L35n1080_SIDM1/output/snapdir_050/snap_050.1.hdf5", "size": 3310216036}, {"mtime_ns": 1783584630000000000, "path": "/lustre/work/egaraldi/AIDA-TNG/L35n1080_SIDM1/output/snapdir_050/snap_050.4.hdf5", "size": 3321762932}], "particle_type": "dm", "radius_mode": "sphere", "schema": 1, "snapshot": 50}, "summary": {"bytes_read": 693222792, "chunk_count": 30, "dropped_count": 0, "input_count": 28884283, "input_mass": 7102.476502276753, "io_seconds": 1.2078054938465357, "lbox": 35000.0, "preprocess_seconds": 1.354314273223281, "radius_max": 32.407405853271484, "radius_min": 32.407405853271484, "valid_count": 28884283}}