{"build_seconds": 1.1257983036339283, "identity": {"base_path": "/lustre/work/egaraldi/AIDA-TNG/L35n1080_SIDM1/output", "files": [{"mtime_ns": 1783584704000000000, "path": "/lustre/work/egaraldi/AIDA-TNG/L35n1080_SIDM1/output/snapdir_033/snap_033.0.hdf5", "size": 3316138992}, {"mtime_ns": 1783584543000000000, "path": "/lustre/work/egaraldi/AIDA-TNG/L35n1080_SIDM1/output/snapdir_033/snap_033.2.hdf5", "size": 3326042500}], "particle_type": "dm", "radius_mode": "sphere", "schema": 1, "snapshot": 33}, "summary": {"bytes_read": 468253728, "chunk_count": 20, "dropped_count": 0, "input_count": 19510572, "input_mass": 4797.535710890894, "io_seconds": 0.8674627244472504, "lbox": 35000.0, "preprocess_seconds": 1.1172068063169718, "radius_max": 32.407405853271484, "radius_min": 32.407405853271484, "valid_count": 19510572}}