{"build_seconds": 0.6165680103003979, "identity": {"base_path": "/lustre/work/egaraldi/AIDA-TNG/L35n1080_WDM3/output", "files": [{"mtime_ns": 1783584948000000000, "path": "/lustre/work/egaraldi/AIDA-TNG/L35n1080_WDM3/output/snapdir_033/snap_033.54.hdf5", "size": 3041972240}, {"mtime_ns": 1783584407000000000, "path": "/lustre/work/egaraldi/AIDA-TNG/L35n1080_WDM3/output/snapdir_033/snap_033.70.hdf5", "size": 3055912856}], "particle_type": "dm", "radius_mode": "sphere", "schema": 1, "snapshot": 33}, "summary": {"bytes_read": 480810408, "chunk_count": 22, "dropped_count": 0, "input_count": 20033767, "input_mass": 4926.18630587394, "io_seconds": 0.435401376336813, "lbox": 35000.0, "preprocess_seconds": 0.7339620888233185, "radius_max": 32.407405853271484, "radius_min": 32.407405853271484, "valid_count": 20033767}}