1
2000
3.04789e+06
      753571000
8.39596e-05 0.0866521 0.00685038 6 1.67857e-08
8.43283e-05 0 0 0 1.70079e-08
8.46986e-05 0 0 0 1.72329e-08
8.50706e-05 0 0 0 1.7461e-08
8.54442e-05 0 0 0 1.7692e-08
8.58194e-05 0 0 0 1.79261e-08
8.61963e-05 0 0 0 1.81633e-08
8.65749e-05 0 0 0 1.84037e-08
8.69551e-05 0 0 0 1.86472e-08
8.73369e-05 0 0 0 1.8894e-08
8.77205e-05 0 0 0 1.9144e-08
8.81057e-05 0 0 0 1.93973e-08
8.84927e-05 0 0 0 1.9654e-08
8.88813e-05 0 0 0 1.99141e-08
8.92716e-05 0 0 0 2.01776e-08
8.96637e-05 0 0 0 2.04446e-08
9.00574e-05 0 0 0 2.07152e-08
9.04529e-05 0 0 0 2.09893e-08
9.08502e-05 0 0 0 2.1267e-08
9.12492e-05 0 0 0 2.15485e-08
9.16499e-05 0 0 0 2.18336e-08
9.20524e-05 0 0 0 2.21225e-08
9.24566e-05 0 0 0 2.24153e-08
9.28627e-05 0 0 0 2.27119e-08
9.32705e-05 0 0 0 2.30124e-08
9.36801e-05 0 0 0 2.3317e-08
9.40915e-05 0 0 0 2.36255e-08
9.45047e-05 0 0 0 2.39382e-08
9.49198e-05 0 0 0 2.42549e-08
9.53366e-05 0 0 0 2.45759e-08
9.57553e-05 0 0 0 2.49011e-08
9.61758e-05 0 0 0 2.52306e-08
9.65982e-05 0 0 0 2.55645e-08
9.70224e-05 0 0 0 2.59028e-08
9.74485e-05 0 0 0 2.62455e-08
9.78765e-05 0 0 0 2.65928e-08
9.83063e-05 0 0 0 2.69447e-08
9.8738e-05 0 0 0 2.73013e-08
9.91717e-05 0 0 0 2.76626e-08
9.96072e-05 0 0 0 2.80286e-08
0.000100045 0 0 0 2.83995e-08
0.000100484 0 0 0 2.87753e-08
0.000100925 0 0 0 2.91561e-08
0.000101368 0 0 0 2.95419e-08
0.000101814 0 0 0 2.99329e-08
0.000102261 0 0 0 3.0329e-08
0.00010271 0 0 0 3.07303e-08
0.000103161 0 0 0 3.11369e-08
0.000103614 0 0 0 3.1549e-08
0.000104069 0 0 0 3.19665e-08
0.000104526 0 0 0 3.23895e-08
0.000104985 0 0 0 3.28181e-08
0.000105446 0 0 0 3.32524e-08
0.000105909 0 0 0 3.36924e-08
0.000106374 0 0 0 3.41382e-08
0.000106842 0 0 0 3.459e-08
0.000107311 0 0 0 3.50477e-08
0.000107782 0 0 0 3.55115e-08
0.000108255 0 0 0 3.59814e-08
0.000108731 0 0 0 3.64575e-08
0.000109208 0 0 0 3.694e-08
0.000109688 0 0 0 3.74288e-08
0.00011017 0 0 0 3.79241e-08
0.000110653 0 0 0 3.84259e-08
0.000111139 0 0 0 3.89344e-08
0.000111627 0 0 0 3.94496e-08
0.000112118 0 0 0 3.99717e-08
0.00011261 0 0 0 4.05006e-08
0.000113105 0 0 0 4.10365e-08
0.000113601 0 0 0 4.15796e-08
0.0001141 0 0 0 4.21298e-08
0.000114601 0 0 0 4.26873e-08
0.000115105 0 0 0 4.32522e-08
0.00011561 0 0 0 4.38245e-08
0.000116118 0 0 0 4.44044e-08
0.000116628 0 0 0 4.4992e-08
0.00011714 0 0 0 4.55874e-08
0.000117654 0 0 0 4.61907e-08
0.000118171 0 0 0 4.68019e-08
0.00011869 0.298655 0.00835742 12 4.74212e-08
0.000119211 0 0 0 4.80487e-08
0.000119735 0 0 0 4.86846e-08
0.000120261 0 0 0 4.93288e-08
0.000120789 0 0 0 4.99816e-08
0.000121319 0 0 0 5.0643e-08
0.000121852 0 0 0 5.13131e-08
0.000122387 0 0 0 5.19921e-08
0.000122925 0 0 0 5.26801e-08
0.000123464 0 0 0 5.33772e-08
0.000124007 0 0 0 5.40836e-08
0.000124551 0 0 0 5.47993e-08
0.000125098 0 0 0 5.55244e-08
0.000125648 0 0 0 5.62591e-08
0.000126199 0 0 0 5.70036e-08
0.000126754 0 0 0 5.77579e-08
0.00012731 0 0 0 5.85222e-08
0.000127869 0 0 0 5.92967e-08
0.000128431 0 0 0 6.00813e-08
0.000128995 0 0 0 6.08764e-08
0.000129562 0 0 0 6.16819e-08
0.000130131 0 0 0 6.24982e-08
0.000130702 0 0 0 6.33252e-08
0.000131276 0 0 0 6.41632e-08
0.000131853 0 0 0 6.50122e-08
0.000132432 0 0 0 6.58725e-08
0.000133013 0 0 0 6.67442e-08
0.000133597 0 0 0 6.76274e-08
0.000134184 0 0 0 6.85223e-08
0.000134773 0 0 0 6.94291e-08
0.000135365 0 0 0 7.03478e-08
0.00013596 0 0 0 7.12787e-08
0.000136557 0 0 0 7.2222e-08
0.000137156 0 0 0 7.31777e-08
0.000137759 0 0 0 7.4146e-08
0.000138364 0 0 0 7.51272e-08
0.000138971 0 0 0 7.61213e-08
0.000139582 0 0 0 7.71286e-08
0.000140195 0 0 0 7.81493e-08
0.00014081 0 0 0 7.91834e-08
0.000141429 0 0 0 8.02312e-08
0.00014205 0 0 0 8.12929e-08
0.000142674 0 0 0 8.23687e-08
0.0001433 0 0 0 8.34586e-08
0.00014393 0 0 0 8.4563e-08
0.000144562 0 0 0 8.5682e-08
0.000145197 1.17384 0.0179426 8 8.68159e-08
0.000145834 0 0 0 8.79647e-08
0.000146475 0 0 0 8.91287e-08
0.000147118 0 0 0 9.03081e-08
0.000147764 0 0 0 9.15032e-08
0.000148413 0 0 0 9.2714e-08
0.000149065 0 0 0 9.39409e-08
0.000149719 0 0 0 9.5184e-08
0.000150377 0 0 0 9.64436e-08
0.000151037 0 0 0 9.77198e-08
0.000151701 0 0 0 9.90129e-08
0.000152367 0 0 0 1.00323e-07
0.000153036 0 0 0 1.01651e-07
0.000153708 0 0 0 1.02996e-07
0.000154383 0 0 0 1.04359e-07
0.000155061 0 0 0 1.0574e-07
0.000155742 0 0 0 1.07139e-07
0.000156426 0 0 0 1.08557e-07
0.000157113 0 0 0 1.09993e-07
0.000157803 0 0 0 1.11449e-07
0.000158496 0 0 0 1.12924e-07
0.000159192 0 0 0 1.14418e-07
0.000159891 0 0 0 1.15932e-07
0.000160593 0 0 0 1.17466e-07
0.000161299 0 0 0 1.1902e-07
0.000162007 0 0 0 1.20595e-07
0.000162718 0 0 0 1.22191e-07
0.000163433 0 0 0 1.23808e-07
0.000164151 0 0 0 1.25447e-07
0.000164872 0 0 0 1.27107e-07
0.000165596 0 0 0 1.28789e-07
0.000166323 0 0 0 1.30493e-07
0.000167053 0 0 0 1.3222e-07
0.000167787 0.0564833 0.000559488 6 1.33969e-07
0.000168524 0 0 0 1.35742e-07
0.000169264 0 0 0 1.37538e-07
0.000170007 0 0 0 1.39358e-07
0.000170754 0 0 0 1.41202e-07
0.000171504 0 0 0 1.43071e-07
0.000172257 0 0 0 1.44964e-07
0.000173014 0 0 0 1.46882e-07
0.000173773 0 0 0 1.48826e-07
0.000174536 0 0 0 1.50796e-07
0.000175303 0 0 0 1.52791e-07
0.000176073 0 0 0 1.54813e-07
0.000176846 0 0 0 1.56861e-07
0.000177623 0 0 0 1.58937e-07
0.000178403 0 0 0 1.6104e-07
0.000179186 0 0 0 1.63171e-07
0.000179973 0 0 0 1.65331e-07
0.000180764 0 0 0 1.67518e-07
0.000181557 0 0 0 1.69735e-07
0.000182355 0 0 0 1.71981e-07
0.000183156 0 0 0 1.74257e-07
0.00018396 0 0 0 1.76563e-07
0.000184768 0 0 0 1.78899e-07
0.000185579 0 0 0 1.81267e-07
0.000186394 0 0 0 1.83665e-07
0.000187213 0.71546 0.00510181 24 1.86096e-07
0.000188035 0 0 0 1.88558e-07
0.000188861 0 0 0 1.91054e-07
0.00018969 0 0 0 1.93582e-07
0.000190523 0 0 0 1.96143e-07
0.00019136 0 0 0 1.98739e-07
0.0001922 0 0 0 2.01369e-07
0.000193044 0 0 0 2.04034e-07
0.000193892 0 0 0 2.06734e-07
0.000194744 0 0 0 2.09469e-07
0.000195599 0 0 0 2.12241e-07
0.000196458 0 0 0 2.1505e-07
0.000197321 0 0 0 2.17895e-07
0.000198187 0 0 0 2.20779e-07
0.000199058 0 0 0 2.237e-07
0.000199932 0 0 0 2.2666e-07
0.00020081 0 0 0 2.2966e-07
0.000201692 0 0 0 2.32699e-07
0.000202578 0 0 0 2.35778e-07
0.000203467 0 0 0 2.38898e-07
0.000204361 0 0 0 2.42059e-07
0.000205258 0.945808 0.00511738 24 2.45263e-07
0.00020616 0 0 0 2.48508e-07
0.000207065 0 0 0 2.51797e-07
0.000207974 0 0 0 2.55129e-07
0.000208888 0 0 0 2.58505e-07
0.000209805 0 0 0 2.61925e-07
0.000210726 0 0 0 2.65392e-07
0.000211652 0 0 0 2.68903e-07
0.000212581 0 0 0 2.72462e-07
0.000213515 0 0 0 2.76067e-07
0.000214453 0 0 0 2.7972e-07
0.000215394 0 0 0 2.83422e-07
0.00021634 0 0 0 2.87172e-07
0.00021729 0 0 0 2.90972e-07
0.000218245 0 0 0 2.94823e-07
0.000219203 0 0 0 2.98724e-07
0.000220166 0 0 0 3.02677e-07
0.000221133 0 0 0 3.06682e-07
0.000222104 0 0 0 3.10741e-07
0.000223079 0 0 0 3.14853e-07
0.000224059 0 0 0 3.19019e-07
0.000225043 0 0 0 3.23241e-07
0.000226031 0 0 0 3.27518e-07
0.000227024 0 0 0 3.31852e-07
0.000228021 0 0 0 3.36243e-07
0.000229022 0 0 0 3.40693e-07
0.000230028 0 0 0 3.45201e-07
0.000231038 0 0 0 3.49769e-07
0.000232053 0 0 0 3.54398e-07
0.000233072 0 0 0 3.59087e-07
0.000234096 0 0 0 3.63839e-07
0.000235124 0 0 0 3.68654e-07
0.000236156 0 0 0 3.73532e-07
0.000237193 1.49021 0.00522501 12 3.78475e-07
0.000238235 0 0 0 3.83483e-07
0.000239281 0 0 0 3.88558e-07
0.000240332 0 0 0 3.937e-07
0.000241388 0 0 0 3.9891e-07
0.000242448 0 0 0 4.04188e-07
0.000243512 0 0 0 4.09537e-07
0.000244582 0 0 0 4.14956e-07
0.000245656 0 0 0 4.20447e-07
0.000246735 0 0 0 4.26011e-07
0.000247818 0 0 0 4.31648e-07
0.000248907 0 0 0 4.3736e-07
0.00025 0 0 0 4.43148e-07
0.000251098 1.21664 0.00359566 30 4.49012e-07
0.0002522 0 0 0 4.54954e-07
0.000253308 0 0 0 4.60974e-07
0.00025442 0 0 0 4.67074e-07
0.000255538 0 0 0 4.73255e-07
0.00025666 0 0 0 4.79517e-07
0.000257787 0 0 0 4.85863e-07
0.000258919 0 0 0 4.92292e-07
0.000260056 0 0 0 4.98806e-07
0.000261198 0 0 0 5.05407e-07
0.000262345 0 0 0 5.12095e-07
0.000263498 0 0 0 5.18871e-07
0.000264655 0.864029 0.0021809 24 5.25738e-07
0.000265817 0 0 0 5.32695e-07
0.000266984 0 0 0 5.39744e-07
0.000268157 0 0 0 5.46886e-07
0.000269335 0 0 0 5.54123e-07
0.000270517 0 0 0 5.61456e-07
0.000271705 0 0 0 5.68885e-07
0.000272899 0 0 0 5.76413e-07
0.000274097 0 0 0 5.84041e-07
0.000275301 0 0 0 5.91769e-07
0.00027651 0 0 0 5.996e-07
0.000277724 1.16281 0.00253988 24 6.07535e-07
0.000278944 0 0 0 6.15574e-07
0.000280169 0 0 0 6.2372e-07
0.000281399 0 0 0 6.31973e-07
0.000282635 0 0 0 6.40336e-07
0.000283876 0 0 0 6.4881e-07
0.000285123 0 0 0 6.57395e-07
0.000286375 0 0 0 6.66095e-07
0.000287633 0 0 0 6.74909e-07
0.000288896 0 0 0 6.8384e-07
0.000290165 1.7871 0.00342265 8 6.92889e-07
0.000291439 0 0 0 7.02058e-07
0.000292719 0 0 0 7.11348e-07
0.000294004 0 0 0 7.20761e-07
0.000295296 0 0 0 7.30299e-07
0.000296592 0 0 0 7.39963e-07
0.000297895 0 0 0 7.49755e-07
0.000299203 0 0 0 7.59676e-07
0.000300517 0 0 0 7.69729e-07
0.000301837 1.51899 0.00258455 24 7.79915e-07
0.000303163 0 0 0 7.90235e-07
0.000304494 0 0 0 8.00692e-07
0.000305831 0 0 0 8.11288e-07
0.000307174 0 0 0 8.22023e-07
0.000308523 0 0 0 8.32901e-07
0.000309878 0 0 0 8.43923e-07
0.000311239 0 0 0 8.5509e-07
0.000312606 0 0 0 8.66406e-07
0.000313979 2.2071 0.00333632 48 8.77871e-07
0.000315358 0 0 0 8.89488e-07
0.000316743 0 0 0 9.01258e-07
0.000318134 0 0 0 9.13184e-07
0.000319531 0 0 0 9.25268e-07
0.000320934 0 0 0 9.37512e-07
0.000322343 0 0 0 9.49918e-07
0.000323759 0 0 0 9.62488e-07
0.000325181 0 0 0 9.75225e-07
0.000326609 0 0 0 9.8813e-07
0.000328043 0 0 0 1.00121e-06
0.000329484 0 0 0 1.01445e-06
0.000330931 0 0 0 1.02788e-06
0.000332384 0 0 0 1.04148e-06
0.000333844 0 0 0 1.05526e-06
0.00033531 0.935312 0.00116081 6 1.06923e-06
0.000336783 0 0 0 1.08338e-06
0.000338262 0 0 0 1.09771e-06
0.000339747 0 0 0 1.11224e-06
0.000341239 0 0 0 1.12696e-06
0.000342738 0 0 0 1.14187e-06
0.000344243 0 0 0 1.15698e-06
0.000345755 1.68296 0.00190509 48 1.17229e-06
0.000347273 0 0 0 1.1878e-06
0.000348798 0 0 0 1.20352e-06
0.00035033 0 0 0 1.21945e-06
0.000351869 0 0 0 1.23558e-06
0.000353414 0 0 0 1.25193e-06
0.000354966 2.31752 0.00242443 36 1.2685e-06
0.000356525 0 0 0 1.28528e-06
0.000358091 0 0 0 1.30229e-06
0.000359663 0 0 0 1.31953e-06
0.000361243 0 0 0 1.33699e-06
0.000362829 0 0 0 1.35468e-06
0.000364423 2.67542 0.00258655 24 1.37261e-06
0.000366023 0 0 0 1.39077e-06
0.00036763 0 0 0 1.40917e-06
0.000369245 0 0 0 1.42782e-06
0.000370867 0 0 0 1.44671e-06
0.000372495 0 0 0 1.46586e-06
0.000374131 3.49033 0.00311846 24 1.48526e-06
0.000375774 0 0 0 1.50491e-06
0.000377424 0 0 0 1.52482e-06
0.000379082 0 0 0 1.545e-06
0.000380747 0 0 0 1.56545e-06
0.000382419 0 0 0 1.58616e-06
0.000384098 3.64187 0.00300707 48 1.60715e-06
0.000385785 0 0 0 1.62842e-06
0.000387479 0 0 0 1.64997e-06
0.000389181 0 0 0 1.6718e-06
0.00039089 0 0 0 1.69392e-06
0.000392607 3.29248 0.00254563 24 1.71634e-06
0.000394331 0 0 0 1.73905e-06
0.000396063 0 0 0 1.76206e-06
0.000397802 0 0 0 1.78538e-06
0.000399549 0 0 0 1.80901e-06
0.000401304 0 0 0 1.83295e-06
0.000403066 0 0 0 1.8572e-06
0.000404836 0 0 0 1.88178e-06
0.000406614 0 0 0 1.90668e-06
0.0004084 0 0 0 1.93191e-06
0.000410193 2.64614 0.00179388 24 1.95747e-06
0.000411995 0 0 0 1.98338e-06
0.000413804 0 0 0 2.00962e-06
0.000415621 0 0 0 2.03622e-06
0.000417447 0 0 0 2.06316e-06
0.00041928 2.86801 0.0018206 30 2.09046e-06
0.000421121 0 0 0 2.11813e-06
0.000422971 0 0 0 2.14615e-06
0.000424828 0 0 0 2.17455e-06
0.000426694 3.52059 0.00212037 72 2.20333e-06
0.000428568 0 0 0 2.23249e-06
0.00043045 0 0 0 2.26203e-06
0.00043234 0 0 0 2.29196e-06
0.000434239 0 0 0 2.32229e-06
0.000436146 3.48649 0.00196625 32 2.35302e-06
0.000438061 0 0 0 2.38416e-06
0.000439985 0 0 0 2.41571e-06
0.000441918 0 0 0 2.44767e-06
0.000443858 0 0 0 2.48006e-06
0.000445808 0 0 0 2.51288e-06
0.000447765 0 0 0 2.54614e-06
0.000449732 0 0 0 2.57983e-06
0.000451707 3.84464 0.00195178 72 2.61397e-06
0.000453691 0 0 0 2.64856e-06
0.000455683 0 0 0 2.6836e-06
0.000457684 0 0 0 2.71912e-06
0.000459694 4.37132 0.00210548 48 2.7551e-06
0.000461713 0 0 0 2.79156e-06
0.000463741 0 0 0 2.8285e-06
0.000465777 0 0 0 2.86593e-06
0.000467823 0 0 0 2.90385e-06
0.000469877 0 0 0 2.94228e-06
0.000471941 0 0 0 2.98121e-06
0.000474013 4.34292 0.0019079 12 3.02066e-06
0.000476095 0 0 0 3.06063e-06
0.000478186 0 0 0 3.10113e-06
0.000480286 4.62178 0.00195189 48 3.14217e-06
0.000482395 0 0 0 3.18375e-06
0.000484514 0 0 0 3.22588e-06
0.000486642 0 0 0 3.26857e-06
0.000488779 3.79298 0.00151981 48 3.31182e-06
0.000490925 0 0 0 3.35565e-06
0.000493081 0 0 0 3.40005e-06
0.000495247 3.23695 0.00124686 48 3.44504e-06
0.000497422 0 0 0 3.49063e-06
0.000499606 0 0 0 3.53682e-06
0.0005018 2.05215 0.000759912 30 3.58362e-06
0.000504004 0 0 0 3.63105e-06
0.000506217 0 0 0 3.6791e-06
0.00050844 0 0 0 3.72778e-06
0.000510673 1.94562 0.000683555 24 3.77711e-06
0.000512916 0 0 0 3.82709e-06
0.000515169 0 0 0 3.87773e-06
0.000517431 5.07392 0.00171369 72 3.92905e-06
0.000519703 0 0 0 3.98104e-06
0.000521986 0 0 0 4.03372e-06
0.000524278 0 0 0 4.0871e-06
0.000526581 0 0 0 4.14118e-06
0.000528893 5.24687 0.00165937 24 4.19598e-06
0.000531216 0 0 0 4.25151e-06
0.000533549 0 0 0 4.30777e-06
0.000535892 6.0932 0.00185251 96 4.36477e-06
0.000538245 0 0 0 4.42253e-06
0.000540609 0 0 0 4.48105e-06
0.000542983 4.55254 0.00133058 48 4.54035e-06
0.000545368 0 0 0 4.60043e-06
0.000547763 0 0 0 4.66131e-06
0.000550169 6.14831 0.00172749 24 4.72299e-06
0.000552585 0 0 0 4.78549e-06
0.000555011 4.56407 0.00124909 24 4.84882e-06
0.000557449 0 0 0 4.91298e-06
0.000559897 0 0 0 4.97799e-06
0.000562356 5.16471 0.00135881 72 5.04387e-06
0.000564825 0 0 0 5.11061e-06
0.000567306 4.94127 0.00126629 48 5.17824e-06
0.000569797 0 0 0 5.24676e-06
0.0005723 0 0 0 5.31619e-06
0.000574813 0 0 0 5.38654e-06
0.000577337 0 0 0 5.45782e-06
0.000579873 3.1588 0.000757999 8 5.53004e-06
0.00058242 0 0 0 5.60322e-06
0.000584977 0 0 0 5.67737e-06
0.000587546 5.9876 0.00138125 54 5.75249e-06
0.000590127 0 0 0 5.82862e-06
0.000592718 6.60711 0.00148461 84 5.90575e-06
0.000595321 0 0 0 5.9839e-06
0.000597936 4.76821 0.00104361 48 6.06308e-06
0.000600562 0 0 0 6.14331e-06
0.000603199 5.14378 0.00109659 24 6.22461e-06
0.000605848 0 0 0 6.30697e-06
0.000608509 0 0 0 6.39043e-06
0.000611181 6.29654 0.00129044 72 6.475e-06
0.000613865 0 0 0 6.56068e-06
0.000616561 6.83001 0.00136345 96 6.6475e-06
0.000619269 0 0 0 6.73546e-06
0.000621988 0 0 0 6.82459e-06
0.00062472 0 0 0 6.9149e-06
0.000627463 6.26827 0.00118721 48 7.0064e-06
0.000630219 0 0 0 7.09912e-06
0.000632987 8.49095 0.00156646 48 7.19306e-06
0.000635767 0 0 0 7.28825e-06
0.000638559 11.3091 0.00203222 24 7.38469e-06
0.000641363 0 0 0 7.48241e-06
0.00064418 6.13793 0.00107435 72 7.58143e-06
0.000647009 0 0 0 7.68175e-06
0.00064985 0 0 0 7.7834e-06
0.000652704 0 0 0 7.8864e-06
0.00065557 7.2477 0.00120362 72 7.99076e-06
0.000658449 8.95445 0.00146763 96 8.0965e-06
0.000661341 0 0 0 8.20364e-06
0.000664246 0 0 0 8.3122e-06
0.000667163 0 0 0 8.42219e-06
0.000670093 12.3638 0.00192262 6 8.53364e-06
0.000673035 0 0 0 8.64656e-06
0.000675991 6.18042 0.00093614 96 8.76098e-06
0.00067896 0 0 0 8.87692e-06
0.000681942 12.1598 0.00179403 96 8.99438e-06
0.000684936 9.19263 0.00133855 24 9.1134e-06
0.000687944 0 0 0 9.234e-06
0.000690966 9.062 0.00128529 48 9.35619e-06
0.000694 0 0 0 9.48e-06
0.000697048 8.87176 0.00122565 96 9.60545e-06
0.000700109 8.29436 0.00113092 48 9.73256e-06
0.000703184 0 0 0 9.86135e-06
0.000706272 0 0 0 9.99184e-06
0.000709374 7.61496 0.000998134 36 1.01241e-05
0.000712489 0 0 0 1.0258e-05
0.000715618 11.4692 0.00146432 48 1.03938e-05
0.000718761 0 0 0 1.05313e-05
0.000721917 7.80917 0.000971156 120 1.06707e-05
0.000725088 8.50115 0.0010434 56 1.08119e-05
0.000728272 0 0 0 1.0955e-05
0.00073147 10.7288 0.00128264 24 1.10999e-05
0.000734682 11.9046 0.00140463 96 1.12468e-05
0.000737909 0 0 0 1.13956e-05
0.00074115 8.23893 0.000946889 48 1.15464e-05
0.000744404 0 0 0 1.16992e-05
0.000747674 0 0 0 1.1854e-05
0.000750957 7.47946 0.000826363 24 1.20109e-05
0.000754255 10.7572 0.00117298 102 1.21698e-05
0.000757567 11.5424 0.00124216 48 1.23309e-05
0.000760894 0 0 0 1.2494e-05
0.000764236 11.084 0.00116188 72 1.26594e-05
0.000767592 7.11013 0.000735583 48 1.28269e-05
0.000770963 8.63828 0.000882008 48 1.29966e-05
0.000774349 0 0 0 1.31686e-05
0.00077775 11.7677 0.00117035 120 1.33429e-05
0.000781165 0 0 0 1.35194e-05
0.000784596 9.23376 0.000894512 24 1.36983e-05
0.000788042 0 0 0 1.38796e-05
0.000791502 11.3302 0.00106912 144 1.40633e-05
0.000794978 10.904 0.00101546 120 1.42494e-05
0.00079847 8.76994 0.00080606 48 1.44379e-05
0.000801976 0 0 0 1.4629e-05
0.000805498 0 0 0 1.48226e-05
0.000809036 8.54389 0.000754916 48 1.50187e-05
0.000812589 9.89314 0.000862716 96 1.52175e-05
0.000816157 0 0 0 1.54188e-05
0.000819742 12.3898 0.0010524 24 1.56229e-05
0.000823342 7.98288 0.000669215 48 1.58296e-05
0.000826957 0 0 0 1.60391e-05
0.000830589 13.8843 0.00113374 108 1.62513e-05
0.000834237 13.552 0.00109215 72 1.64664e-05
0.0008379 15.6384 0.00124383 30 1.66843e-05
0.00084158 13.0527 0.00102462 168 1.6905e-05
0.000845276 12.9951 0.00100677 48 1.71287e-05
0.000848988 0 0 0 1.73554e-05
0.000852717 9.79678 0.00073929 72 1.75851e-05
0.000856461 0 0 0 1.78178e-05
0.000860223 13.4266 0.000986914 96 1.80536e-05
0.000864001 12.4066 0.000900026 72 1.82925e-05
0.000867795 15.4212 0.00110411 72 1.85345e-05
0.000871606 11.2735 0.000796605 32 1.87798e-05
0.000875434 13.1753 0.000918832 72 1.90283e-05
0.000879278 17.4768 0.0012029 144 1.92801e-05
0.00088314 0 0 0 1.95352e-05
0.000887018 0 0 0 1.97937e-05
0.000890914 12.3953 0.000820157 96 2.00557e-05
0.000894826 11.861 0.00077455 96 2.0321e-05
0.000898756 10.7561 0.000693226 48 2.059e-05
0.000902703 16.131 0.00102606 72 2.08624e-05
0.000906667 15.7666 0.000989782 120 2.11385e-05
0.000910649 12.3462 0.00076494 72 2.14182e-05
0.000914648 0 0 0 2.17016e-05
0.000918665 18.2146 0.00109924 48 2.19888e-05
0.0009227 13.2058 0.000786554 78 2.22798e-05
0.000926752 16.0849 0.000945526 120 2.25746e-05
0.000930822 16.5904 0.000962506 48 2.28733e-05
0.00093491 19.6169 0.00112323 144 2.3176e-05
0.000939015 15.4461 0.000872863 144 2.34827e-05
0.000943139 0 0 0 2.37934e-05
0.000947281 10.3069 0.00056733 12 2.41083e-05
0.000951441 16.1321 0.000876379 144 2.44273e-05
0.00095562 19.3349 0.00103665 48 2.47506e-05
0.000959816 17.0664 0.000903075 120 2.50781e-05
0.000964032 23.7841 0.00124211 48 2.54099e-05
0.000968265 16.1768 0.000833787 216 2.57462e-05
0.000972518 0 0 0 2.60869e-05
0.000976789 16.1375 0.000810177 48 2.64321e-05
0.000981078 16.5704 0.000821049 96 2.67819e-05
0.000985387 19.1887 0.000938364 96 2.71363e-05
0.000989714 19.5847 0.000945223 120 2.74954e-05
0.000994061 13.6203 0.000648773 96 2.78592e-05
0.000998426 13.6392 0.00064119 48 2.82279e-05
0.00100281 0 0 0 2.86014e-05
0.00100721 18.4702 0.000845768 126 2.89799e-05
0.00101164 19.6544 0.000888238 192 2.93634e-05
0.00101608 20.416 0.000910606 56 2.97519e-05
0.00102054 19.5722 0.000861572 192 3.01456e-05
0.00102503 15.923 0.000691777 120 3.05445e-05
0.00102953 0 0 0 3.09487e-05
0.00103405 17.1198 0.000724474 216 3.13583e-05
0.00103859 16.4296 0.000686184 96 3.17732e-05
0.00104315 25.2063 0.001039 96 3.21937e-05
0.00104773 19.7176 0.00080214 72 3.26197e-05
0.00105233 17.7407 0.00071229 96 3.30513e-05
0.00105695 0 0 0 3.34887e-05
0.0010616 16.7551 0.000655264 216 3.39319e-05
0.00106626 16.6258 0.000641714 108 3.43809e-05
0.00107094 20.3263 0.000774298 120 3.48358e-05
0.00107564 15.719 0.000590969 96 3.52968e-05
0.00108037 23.0349 0.000854709 120 3.57639e-05
0.00108511 25.2833 0.00092588 48 3.62371e-05
0.00108988 19.2297 0.000695002 78 3.67167e-05
0.00109466 19.7842 0.000705704 264 3.72025e-05
0.00109947 23.8655 0.000840165 24 3.76948e-05
0.0011043 20.969 0.000728555 312 3.81936e-05
0.00110915 23.304 0.000799108 24 3.86991e-05
0.00111402 20.5797 0.000696473 48 3.92112e-05
0.00111891 19.7393 0.000659308 216 3.973e-05
0.00112383 16.508 0.000544178 72 4.02558e-05
0.00112876 26.3277 0.000856547 264 4.07885e-05
0.00113372 0 0 0 4.13282e-05
0.0011387 24.4867 0.000775978 240 4.18751e-05
0.0011437 26.9616 0.000843251 192 4.24292e-05
0.00114872 0 0 0 4.29907e-05
0.00115377 21.7399 0.000662292 240 4.35596e-05
0.00115883 12.1799 0.000366208 8 4.4136e-05
0.00116392 31.464 0.000933657 48 4.47201e-05
0.00116903 21.6424 0.000633825 336 4.53118e-05
0.00117417 19.9719 0.000577264 174 4.59114e-05
0.00117932 23.326 0.000665405 120 4.6519e-05
0.0011845 21.6054 0.000608274 84 4.71346e-05
0.00118971 24.4099 0.000678256 216 4.77583e-05
0.00119493 24.336 0.00066737 144 4.83903e-05
0.00120018 23.437 0.000634323 336 4.90306e-05
0.00120545 0 0 0 4.96794e-05
0.00121074 25.806 0.000680316 264 5.03368e-05
0.00121606 33.0906 0.000860964 168 5.10029e-05
0.0012214 21.9281 0.000563084 168 5.16778e-05
0.00122676 21.7686 0.000551688 72 5.23617e-05
0.00123215 27.0345 0.000676194 192 5.30546e-05
0.00123756 29.9849 0.000740196 216 5.37566e-05
0.001243 28.6608 0.00069827 192 5.4468e-05
0.00124846 28.9269 0.000695547 144 5.51888e-05
0.00125394 24.9832 0.000592875 198 5.59191e-05
0.00125945 24.5838 0.000575779 96 5.6659e-05
0.00126498 26.5266 0.000613167 168 5.74088e-05
0.00127053 27.631 0.000630355 360 5.81685e-05
0.00127611 32.3465 0.000728292 168 5.89382e-05
0.00128172 24.8507 0.000552215 264 5.97181e-05
0.00128735 28.5069 0.000625188 216 6.05084e-05
0.001293 30.4817 0.000659767 96 6.13091e-05
0.00129868 29.956 0.00063992 144 6.21204e-05
0.00130438 32.3274 0.000681559 236 6.29424e-05
0.00131011 33.9407 0.000706226 240 6.37753e-05
0.00131586 38.8977 0.000798799 144 6.46192e-05
0.00132164 29.1132 0.000590057 240 6.54743e-05
0.00132745 32.4162 0.000648422 312 6.63408e-05
0.00133328 30.946 0.000610929 240 6.72186e-05
0.00133913 48.9206 0.000953167 6 6.81081e-05
0.00134501 34.0644 0.00065504 288 6.90094e-05
0.00135092 36.5889 0.000694397 408 6.99226e-05
0.00135685 33.2278 0.000622374 72 7.08479e-05
0.00136281 32.1771 0.000594821 192 7.17854e-05
0.0013688 34.6148 0.000631528 312 7.27353e-05
0.00137481 34.3596 0.000618684 456 7.36978e-05
0.00138084 41.1754 0.000731728 48 7.4673e-05
0.00138691 32.5327 0.000570588 360 7.56612e-05
0.001393 35.3172 0.000611335 168 7.66624e-05
0.00139912 39.4393 0.000673773 216 7.76769e-05
0.00140526 33.7524 0.000569087 336 7.87047e-05
0.00141143 35.6048 0.00059248 264 7.97462e-05
0.00141763 46.6133 0.000765537 144 8.08015e-05
0.00142386 39.4223 0.000638982 378 8.18707e-05
0.00143011 37.6766 0.000602711 144 8.29541e-05
0.00143639 39.9494 0.000630724 384 8.40518e-05
0.0014427 40.4381 0.000630101 312 8.51641e-05
0.00144903 37.4748 0.000576301 320 8.62911e-05
0.0014554 37.8138 0.00057392 240 8.74329e-05
0.00146179 35.5269 0.000532168 216 8.85899e-05
0.00146821 37.7767 0.000558478 408 8.97622e-05
0.00147466 43.0965 0.000628804 240 9.095e-05
0.00148113 37.7309 0.000543326 144 9.21536e-05
0.00148764 39.9549 0.000567838 456 9.3373e-05
0.00149417 43.4406 0.000609314 264 9.46086e-05
0.00150073 34.5204 0.000477871 360 9.58606e-05
0.00150732 49.8218 0.000680684 366 9.71291e-05
0.00151394 42.0915 0.00056756 312 9.84144e-05
0.00152059 42.3558 0.000563664 384 9.97167e-05
0.00152727 46.4024 0.000609452 264 0.000101036
0.00153398 48.4856 0.000628495 192 0.000102373
0.00154071 41.7447 0.00053405 420 0.000103728
0.00154748 42.9414 0.000542184 600 0.000105101
0.00155428 45.7723 0.00057038 216 0.000106491
0.0015611 46.0462 0.0005663 240 0.0001079
0.00156796 49.6296 0.000602398 408 0.000109328
0.00157484 49.0057 0.000587058 408 0.000110775
0.00158176 43.6663 0.000516263 408 0.000112241
0.00158871 45.4861 0.000530754 246 0.000113726
0.00159568 51.1634 0.000589203 368 0.000115231
0.00160269 44.715 0.000508218 384 0.000116756
0.00160973 45.5788 0.00051127 432 0.000118301
0.0016168 49.9706 0.000553213 696 0.000119866
0.0016239 44.9949 0.000491623 288 0.000121453
0.00163103 50.0115 0.000539299 264 0.00012306
0.00163819 49.7021 0.000528963 360 0.000124688
0.00164539 51.4819 0.000540749 456 0.000126338
0.00165261 47.3591 0.000490948 504 0.00012801
0.00165987 50.6444 0.000518148 372 0.000129704
0.00166716 52.2674 0.000527769 336 0.00013142
0.00167448 54.3602 0.000541733 510 0.000133159
0.00168184 47.8679 0.000470803 408 0.000134921
0.00168922 56.0192 0.000543779 456 0.000136707
0.00169664 53.6601 0.000514077 528 0.000138516
0.00170409 52.5227 0.000496608 480 0.000140349
0.00171158 50.0822 0.000467349 528 0.000142206
0.00171909 46.8014 0.00043103 336 0.000144088
0.00172664 57.4167 0.000521888 696 0.000145995
0.00173422 57.383 0.00051477 456 0.000147926
0.00174184 57.9223 0.000512822 464 0.000149884
0.00174949 65.1689 0.000569445 504 0.000151867
0.00175717 59.0848 0.000509539 414 0.000153877
0.00176489 57.55 0.000489822 312 0.000155913
0.00177264 61.5857 0.000517325 624 0.000157976
0.00178043 58.9054 0.000488348 636 0.000160067
0.00178824 60.3786 0.000494024 360 0.000162185
0.0017961 59.9086 0.000483777 912 0.000164331
0.00180399 55.5992 0.000443114 360 0.000166506
0.00181191 61.9898 0.000487593 576 0.000168709
0.00181987 68.7482 0.00053369 456 0.000170942
0.00182786 65.6308 0.000502836 672 0.000173204
0.00183589 70.8328 0.000535604 480 0.000175496
0.00184395 68.2148 0.000509071 726 0.000177818
0.00185205 69.6863 0.000513261 528 0.000180171
0.00186018 67.2104 0.00048856 744 0.000182555
0.00186835 75.4681 0.000541422 456 0.000184971
0.00187655 74.7427 0.000529215 504 0.000187419
0.00188479 65.4627 0.000457454 680 0.000189899
0.00189307 70.687 0.000487511 564 0.000192412
0.00190139 66.9509 0.000455713 816 0.000194958
0.00190974 70.8129 0.000475706 624 0.000197538
0.00191812 74.8891 0.000496519 744 0.000200152
0.00192655 78.4764 0.000513507 750 0.0002028
0.00193501 86.0008 0.000555394 432 0.000205484
0.00194351 79.8029 0.000508636 648 0.000208203
0.00195204 86.7273 0.000545551 840 0.000210958
0.00196061 81.4082 0.000505404 984 0.00021375
0.00196922 78.9357 0.000483654 456 0.000216578
0.00197787 83.5609 0.000505307 672 0.000219444
0.00198656 74.2666 0.000443237 648 0.000222348
0.00199528 83.3245 0.000490802 936 0.00022529
0.00200404 81.92 0.000476227 696 0.000228272
0.00201285 87.4886 0.000501957 522 0.000231292
0.00202168 88.4184 0.000500666 816 0.000234353
0.00203056 87.0997 0.000486758 1160 0.000237454
0.00203948 85.8212 0.000473349 792 0.000240596
0.00204844 92.5284 0.000503678 528 0.00024378
0.00205743 90.1315 0.000484223 960 0.000247006
0.00206647 87.078 0.000461708 792 0.000250275
0.00207554 89.0034 0.000465754 768 0.000253586
0.00208466 100.365 0.000518348 888 0.000256942
0.00209381 95.5769 0.000487174 795 0.000260342
0.00210301 103.686 0.000521606 804 0.000263787
0.00211225 100.005 0.000496517 984 0.000267278
0.00212152 107.114 0.000524867 768 0.000270815
0.00213084 94.1682 0.000455406 708 0.000274398
0.0021402 91.3781 0.000436141 996 0.000278029
0.0021496 112.088 0.000528003 960 0.000281709
0.00215904 102.042 0.000474399 1056 0.000285436
0.00216852 96.5234 0.000442884 312 0.000289214
0.00217804 110.061 0.000498405 1184 0.000293041
0.00218761 99.9423 0.000446671 648 0.000296918
0.00219721 102.837 0.000453606 1020 0.000300848
0.00220686 114.503 0.000498467 672 0.000304829
0.00221655 110.942 0.000476658 1068 0.000308862
0.00222629 113.062 0.000479424 780 0.000312949
0.00223607 107.936 0.000451707 936 0.000317091
0.00224589 117.032 0.000483379 576 0.000321287
0.00225575 121.482 0.000495204 972 0.000325538
0.00226566 119.05 0.000478952 1104 0.000329846
0.00227561 116.546 0.000462756 816 0.000334211
0.0022856 119.962 0.000470099 708 0.000338633
0.00229564 131.835 0.000509881 804 0.000343115
0.00230572 122.075 0.000465965 648 0.000347655
0.00231584 119.981 0.000451993 864 0.000352255
0.00232601 123.562 0.000459405 1148 0.000356917
0.00233623 122.177 0.000448322 840 0.00036164
0.00234649 127.404 0.000461395 540 0.000366425
0.00235679 120.731 0.000431519 876 0.000371274
0.00236714 121.444 0.000428399 732 0.000376187
0.00237754 121.527 0.000423094 768 0.000381165
0.00238798 128.386 0.000441134 840 0.000386209
0.00239847 134.759 0.000456983 948 0.00039132
0.002409 136.421 0.000456578 804 0.000396498
0.00241958 139.408 0.000460482 696 0.000401745
0.00243021 126.99 0.000413986 840 0.000407061
0.00244088 141.487 0.000455224 780 0.000412448
0.0024516 135.539 0.000430391 744 0.000417906
0.00246237 149.726 0.000469231 836 0.000423436
0.00247318 151.76 0.000469394 816 0.000429039
0.00248404 152.215 0.000464653 696 0.000434716
0.00249495 159.618 0.000480888 720 0.000440469
0.00250591 147.926 0.000439841 672 0.000446298
0.00251691 160.524 0.000471067 936 0.000452203
0.00252797 147.058 0.000425913 600 0.000458187
0.00253907 173.238 0.000495185 744 0.00046425
0.00255022 161.45 0.000455461 744 0.000470394
0.00256142 147.19 0.000409811 624 0.000476618
0.00257267 175.919 0.000483402 888 0.000482926
0.00258396 183.409 0.000497402 756 0.000489316
0.00259531 171.46 0.000458924 396 0.000495791
0.00260671 173.325 0.000457856 740 0.000502352
0.00261816 170.578 0.000444716 744 0.000508999
0.00262966 163.299 0.000420177 756 0.000515735
0.0026412 173.003 0.000439334 648 0.00052256
0.0026528 174.515 0.000437384 480 0.000529475
0.00266445 176.008 0.000435366 624 0.000536481
0.00267615 193.398 0.000472133 612 0.00054358
0.00268791 205.853 0.000495976 732 0.000550773
0.00269971 204.471 0.000486211 600 0.000558062
0.00271157 201.542 0.000472987 552 0.000565446
0.00272348 199.501 0.000462084 612 0.000572929
0.00273544 211.771 0.000484097 684 0.00058051
0.00274745 220.482 0.000497428 468 0.000588192
0.00275952 214.858 0.00047841 464 0.000595976
0.00277163 204.992 0.000450479 648 0.000603862
0.00278381 235.498 0.00051076 540 0.000611853
0.00279603 282.149 0.000603946 408 0.000619949
0.00280831 202.74 0.000428301 504 0.000628153
0.00282064 237.234 0.000494626 444 0.000636465
0.00283303 250.663 0.0005158 480 0.000644888
0.00284547 258.567 0.000525116 456 0.000653421
0.00285797 265.308 0.000531769 408 0.000662068
0.00287052 243.663 0.000482007 480 0.000670829
0.00288313 285.797 0.000557971 408 0.000679706
0.00289579 224.703 0.000432966 200 0.000688701
0.00290851 274.918 0.000522805 576 0.000697814
0.00292128 246.969 0.000463522 312 0.000707048
0.00293411 288.6 0.000534582 360 0.000716404
0.00294699 288.939 0.00052822 264 0.000725885
0.00295994 268.763 0.000484919 345 0.00073549
0.00297293 287.889 0.000512642 252 0.000745223
0.00298599 277.992 0.000488554 312 0.000755084
0.0029991 248.69 0.000431349 246 0.000765076
0.00301228 241.914 0.000414116 216 0.0007752
0.0030255 291.296 0.000492139 246 0.000785458
0.00303879 337.54 0.000562819 150 0.000795852
0.00305214 307.691 0.000506349 278 0.000806384
0.00306554 221.34 0.000359489 168 0.000817054
0.003079 312.911 0.000501575 210 0.000827866
0.00309252 314.54 0.000497602 120 0.000838821
0.00310611 301.908 0.000471381 246 0.000849921
0.00311975 321.565 0.000495514 120 0.000861168
0.00313345 286.62 0.000435898 102 0.000872564
0.00314721 263.48 0.000395474 192 0.000884111
0.00316103 342.305 0.000507076 186 0.00089581
0.00317491 222.694 0.000325582 48 0.000907664
0.00318886 354.014 0.000510813 86 0.000919675
0.00320286 322.915 0.000459854 192 0.000931845
0.00321693 334.556 0.000470209 78 0.000944176
0.00323105 327.249 0.000453934 24 0.00095667
0.00324524 368.809 0.0005049 162 0.00096933
0.00325949 405.761 0.000548233 72 0.000982157
0.00327381 292.488 0.000390026 24 0.000995153
0.00328819 388.564 0.000511375 102 0.00100832
0.00330263 323.757 0.00042052 72 0.00102167
0.00331713 445.823 0.000571505 30 0.00103518
0.0033317 373.229 0.000472198 8 0.00104888
0.00334633 413.351 0.00051613 132 0.00106276
0.00336103 158.564 0.000195404 6 0.00107683
0.00337579 0 0 0 0.00109108
0.00339061 481.293 0.000577725 96 0.00110551
0.0034055 540.556 0.000640387 6 0.00112014
0.00342046 0 0 0 0.00113497
0.00343548 423.163 0.000488305 60 0.00114998
0.00345057 1020.81 0.00116257 6 0.0011652
0.00346572 0 0 0 0.00118062
0.00348094 755.312 0.000837881 38 0.00119624
0.00349623 0 0 0 0.00121207
0.00351158 0 0 0 0.00122811
0.003527 1095.33 0.00116808 18 0.00124436
0.00354249 0 0 0 0.00126083
0.00355805 0 0 0 0.00127752
0.00357368 951.39 0.000975347 6 0.00129442
0.00358937 0 0 0 0.00131155
0.00360513 0 0 0 0.00132891
0.00362097 2.39868 2.36399e-06 1 0.00134649
0.00363687 0 0 0 0.00136431
0.00365284 0 0 0 0.00138236
0.00366888 0 0 0 0.00140065
0.00368499 0 0 0 0.00141919
0.00370118 0 0 0 0.00143797
0.00371743 0 0 0 0.001457
0.00373376 0 0 0 0.00147628
0.00375015 0 0 0 0.00149581
0.00376662 0 0 0 0.00151561
0.00378317 0 0 0 0.00153566
0.00379978 0 0 0 0.00155598
0.00381647 0 0 0 0.00157657
0.00383323 0 0 0 0.00159744
0.00385006 0 0 0 0.00161858
0.00386697 0 0 0 0.00163999
0.00388395 0 0 0 0.0016617
0.00390101 0 0 0 0.00168368
0.00391814 0 0 0 0.00170596
0.00393535 0 0 0 0.00172854
0.00395263 0 0 0 0.00175141
0.00396999 0 0 0 0.00177459
0.00398742 0 0 0 0.00179807
0.00400494 0 0 0 0.00182187
0.00402252 0 0 0 0.00184597
0.00404019 0 0 0 0.0018704
0.00405793 0 0 0 0.00189515
0.00407575 0 0 0 0.00192023
0.00409365 0 0 0 0.00194564
0.00411163 0 0 0 0.00197139
0.00412969 0 0 0 0.00199747
0.00414782 0 0 0 0.00202391
0.00416604 0 0 0 0.00205069
0.00418433 0 0 0 0.00207783
0.00420271 0 0 0 0.00210532
0.00422117 0 0 0 0.00213318
0.00423971 0 0 0 0.00216141
0.00425832 0 0 0 0.00219001
0.00427703 0 0 0 0.00221899
0.00429581 0 0 0 0.00224835
0.00431467 0 0 0 0.00227811
0.00433362 0 0 0 0.00230825
0.00435265 0 0 0 0.0023388
0.00437177 0 0 0 0.00236975
0.00439097 0 0 0 0.0024011
0.00441025 0 0 0 0.00243288
0.00442962 0 0 0 0.00246507
0.00444907 0 0 0 0.00249769
0.00446861 0 0 0 0.00253074
0.00448824 0 0 0 0.00256423
0.00450795 0 0 0 0.00259816
0.00452775 0 0 0 0.00263255
0.00454763 0 0 0 0.00266738
0.0045676 0 0 0 0.00270268
0.00458766 0 0 0 0.00273844
0.00460781 0 0 0 0.00277468
0.00462804 0 0 0 0.0028114
0.00464837 0 0 0 0.0028486
0.00466878 0 0 0 0.0028863
0.00468929 0 0 0 0.00292449
0.00470988 0 0 0 0.00296319
0.00473056 0 0 0 0.0030024
0.00475134 0 0 0 0.00304213
0.00477221 0 0 0 0.00308239
0.00479316 0 0 0 0.00312318
0.00481421 0 0 0 0.0031645
0.00483536 0 0 0 0.00320638
0.00485659 0 0 0 0.00324881
0.00487792 0 0 0 0.0032918
0.00489934 0 0 0 0.00333536
0.00492086 0 0 0 0.0033795
0.00494247 0 0 0 0.00342422
0.00496417 0 0 0 0.00346953
0.00498597 0 0 0 0.00351544
0.00500787 0 0 0 0.00356196
0.00502986 0 0 0 0.0036091
0.00505195 0 0 0 0.00365685
0.00507414 0 0 0 0.00370525
0.00509642 0 0 0 0.00375428
0.0051188 0 0 0 0.00380396
0.00514128 0 0 0 0.00385429
0.00516386 0 0 0 0.0039053
0.00518654 0 0 0 0.00395698
0.00520932 0 0 0 0.00400934
0.0052322 0 0 0 0.00406239
0.00525517 0 0 0 0.00411615
0.00527825 0 0 0 0.00417062
0.00530143 0 0 0 0.00422581
0.00532472 0 0 0 0.00428173
0.0053481 0 0 0 0.00433839
0.00537159 0 0 0 0.0043958
0.00539518 0 0 0 0.00445396
0.00541887 0 0 0 0.0045129
0.00544267 0 0 0 0.00457262
0.00546657 0 0 0 0.00463313
0.00549058 0 0 0 0.00469444
0.00551469 0 0 0 0.00475656
0.00553891 0 0 0 0.0048195
0.00556323 0 0 0 0.00488328
0.00558766 0 0 0 0.0049479
0.0056122 0 0 0 0.00501338
0.00563685 0 0 0 0.00507972
0.00566161 0 0 0 0.00514694
0.00568647 0 0 0 0.00521504
0.00571144 0 0 0 0.00528405
0.00573653 0 0 0 0.00535398
0.00576172 0 0 0 0.00542483
0.00578702 0 0 0 0.00549661
0.00581244 0 0 0 0.00556935
0.00583796 0 0 0 0.00564305
0.0058636 0 0 0 0.00571772
0.00588935 0 0 0 0.00579338
0.00591521 0 0 0 0.00587005
0.00594119 0 0 0 0.00594772
0.00596728 0 0 0 0.00602643
0.00599349 0 0 0 0.00610618
0.00601981 0 0 0 0.00618698
0.00604625 0 0 0 0.00626885
0.0060728 0 0 0 0.0063518
0.00609947 0 0 0 0.00643586
0.00612626 0 0 0 0.00652102
0.00615316 0 0 0 0.00660731
0.00618018 0 0 0 0.00669475
0.00620733 0 0 0 0.00678334
0.00623459 0 0 0 0.0068731
0.00626197 0 0 0 0.00696405
0.00628947 0 0 0 0.00705621
0.00631709 0 0 0 0.00714958
0.00634483 0 0 0 0.00724419
0.00637269 0 0 0 0.00734005
0.00640068 0 0 0 0.00743718
0.00642879 0 0 0 0.0075356
0.00645702 0 0 0 0.00763531
0.00648538 0 0 0 0.00773635
0.00651386 0 0 0 0.00783872
0.00654247 0 0 0 0.00794245
0.0065712 0 0 0 0.00804755
0.00660006 0 0 0 0.00815405
0.00662904 0 0 0 0.00826195
0.00665816 0 0 0 0.00837128
0.0066874 0 0 0 0.00848205
0.00671676 0 0 0 0.0085943
0.00674626 0 0 0 0.00870802
0.00677589 0 0 0 0.00882325
0.00680565 0 0 0 0.00894001
0.00683553 0 0 0 0.00905831
0.00686555 0 0 0 0.00917818
0.00689571 0 0 0 0.00929964
0.00692599 0 0 0 0.0094227
0.0069564 0 0 0 0.00954739
0.00698696 0 0 0 0.00967372
0.00701764 0 0 0 0.00980174
0.00704846 0 0 0 0.00993144
0.00707941 0 0 0 0.0100629
0.0071105 0 0 0 0.010196
0.00714173 0 0 0 0.0103309
0.00717309 0 0 0 0.0104677
0.0072046 0 0 0 0.0106062
0.00723624 0 0 0 0.0107465
0.00726801 0 0 0 0.0108887
0.00729993 0 0 0 0.0110328
0.00733199 0 0 0 0.0111788
0.00736419 0 0 0 0.0113267
0.00739653 0 0 0 0.0114766
0.00742901 0 0 0 0.0116285
0.00746164 0 0 0 0.0117824
0.00749441 0 0 0 0.0119383
0.00752732 0 0 0 0.0120963
0.00756038 0 0 0 0.0122563
0.00759358 0 0 0 0.0124185
0.00762693 0 0 0 0.0125829
0.00766042 0 0 0 0.0127494
0.00769407 0 0 0 0.0129181
0.00772786 0 0 0 0.013089
0.00776179 0 0 0 0.0132622
0.00779588 0 0 0 0.0134377
0.00783012 0 0 0 0.0136155
0.0078645 0 0 0 0.0137957
0.00789904 0 0 0 0.0139783
0.00793373 0 0 0 0.0141632
0.00796857 0 0 0 0.0143507
0.00800357 0 0 0 0.0145406
0.00803872 0 0 0 0.014733
0.00807402 0 0 0 0.0149279
0.00810948 0 0 0 0.0151255
0.00814509 0 0 0 0.0153256
0.00818086 0 0 0 0.0155284
0.00821679 0 0 0 0.0157339
0.00825288 0 0 0 0.0159421
0.00828912 0 0 0 0.0161531
0.00832552 0 0 0 0.0163668
0.00836209 0 0 0 0.0165834
0.00839881 0 0 0 0.0168029
0.00843569 0 0 0 0.0170252
0.00847274 0 0 0 0.0172505
0.00850995 0 0 0 0.0174788
0.00854732 0 0 0 0.0177101
0.00858486 0 0 0 0.0179444
0.00862256 0 0 0 0.0181819
0.00866043 0 0 0 0.0184225
0.00869846 0 0 0 0.0186663
0.00873666 0 0 0 0.0189133
0.00877503 0 0 0 0.0191635
0.00881357 0 0 0 0.0194171
0.00885227 0 0 0 0.0196741
0.00889115 0 0 0 0.0199344
0.0089302 0 0 0 0.0201982
0.00896941 0 0 0 0.0204655
0.0090088 0 0 0 0.0207363
0.00904837 0 0 0 0.0210107
0.00908811 0 0 0 0.0212887
0.00912802 0 0 0 0.0215704
0.0091681 0 0 0 0.0218559
0.00920837 0 0 0 0.0221451
0.00924881 0 0 0 0.0224381
0.00928942 0 0 0 0.0227351
0.00933022 0 0 0 0.0230359
0.0093712 0 0 0 0.0233407
0.00941235 0 0 0 0.0236496
0.00945369 0 0 0 0.0239626
0.0094952 0 0 0 0.0242797
0.0095369 0 0 0 0.024601
0.00957879 0 0 0 0.0249265
0.00962085 0 0 0 0.0252563
0.0096631 0 0 0 0.0255906
0.00970554 0 0 0 0.0259292
0.00974816 0 0 0 0.0262723
0.00979097 0 0 0 0.02662
0.00983397 0 0 0 0.0269722
0.00987716 0 0 0 0.0273291
0.00992054 0 0 0 0.0276908
0.0099641 0 0 0 0.0280572
0.0100079 0 0 0 0.0284285
0.0100518 0 0 0 0.0288047
0.010096 0 0 0 0.0291859
0.0101403 0 0 0 0.0295721
0.0101848 0 0 0 0.0299634
0.0102296 0 0 0 0.0303599
0.0102745 0 0 0 0.0307616
0.0103196 0 0 0 0.0311687
0.0103649 0 0 0 0.0315812
0.0104104 0 0 0 0.0319991
0.0104562 0 0 0 0.0324225
0.0105021 0 0 0 0.0328515
0.0105482 0 0 0 0.0332863
0.0105945 0 0 0 0.0337267
0.0106411 0 0 0 0.034173
0.0106878 0 0 0 0.0346252
0.0107347 0 0 0 0.0350834
0.0107819 0 0 0 0.0355477
0.0108292 0 0 0 0.0360181
0.0108768 0 0 0 0.0364947
0.0109245 0 0 0 0.0369776
0.0109725 0 0 0 0.037467
0.0110207 0 0 0 0.0379628
0.0110691 0 0 0 0.0384651
0.0111177 0 0 0 0.0389741
0.0111665 0 0 0 0.0394899
0.0112156 0 0 0 0.0400124
0.0112648 0 0 0 0.0405419
0.0113143 0 0 0 0.0410784
0.011364 0 0 0 0.041622
0.0114139 0 0 0 0.0421728
0.011464 0 0 0 0.0427308
0.0115144 0 0 0 0.0432963
0.0115649 0 0 0 0.0438692
0.0116157 0 0 0 0.0444497
0.0116667 0 0 0 0.0450379
0.011718 0 0 0 0.0456339
0.0117694 0 0 0 0.0462378
0.0118211 0 0 0 0.0468496
0.011873 0 0 0 0.0474696
0.0119252 0 0 0 0.0480977
0.0119776 0 0 0 0.0487342
0.0120302 0 0 0 0.0493791
0.012083 0 0 0 0.0500325
0.012136 0 0 0 0.0506946
0.0121893 0 0 0 0.0513654
0.0122429 0 0 0 0.0520452
0.0122966 0 0 0 0.0527339
0.0123506 0 0 0 0.0534317
0.0124049 0 0 0 0.0541387
0.0124594 0 0 0 0.0548551
0.0125141 0 0 0 0.055581
0.012569 0 0 0 0.0563165
0.0126242 0 0 0 0.0570618
0.0126797 0 0 0 0.0578169
0.0127354 0 0 0 0.0585819
0.0127913 0 0 0 0.0593571
0.0128475 0 0 0 0.0601426
0.0129039 0 0 0 0.0609385
0.0129606 0 0 0 0.0617449
0.0130175 0 0 0 0.0625619
0.0130746 0 0 0 0.0633898
0.0131321 0 0 0 0.0642286
0.0131897 0 0 0 0.0650785
0.0132477 0 0 0 0.0659397
0.0133058 0 0 0 0.0668123
0.0133643 0 0 0 0.0676964
0.013423 0 0 0 0.0685922
0.0134819 0 0 0 0.0694999
0.0135411 0 0 0 0.0704196
0.0136006 0 0 0 0.0713514
0.0136603 0 0 0 0.0722956
0.0137203 0 0 0 0.0732523
0.0137806 0 0 0 0.0742216
0.0138411 0 0 0 0.0752038
0.0139019 0 0 0 0.076199
0.0139629 0 0 0 0.0772073
0.0140242 0 0 0 0.078229
0.0140858 0 0 0 0.0792642
0.0141477 0 0 0 0.0803131
0.0142098 0 0 0 0.0813758
0.0142722 0 0 0 0.0824527
0.0143349 0 0 0 0.0835438
0.0143979 0 0 0 0.0846493
0.0144611 0 0 0 0.0857694
0.0145246 0 0 0 0.0869044
0.0145884 0 0 0 0.0880544
0.0146524 0 0 0 0.0892196
0.0147168 0 0 0 0.0904002
0.0147814 0 0 0 0.0915965
0.0148463 0 0 0 0.0928086
0.0149115 0 0 0 0.0940367
0.014977 0 0 0 0.0952811
0.0150428 0 0 0 0.0965419
0.0151089 0 0 0 0.0978195
0.0151752 0 0 0 0.0991139
0.0152419 0 0 0 0.100425
0.0153088 0 0 0 0.101754
0.015376 0 0 0 0.103101
0.0154436 0 0 0 0.104465
0.0155114 0 0 0 0.105848
0.0155795 0 0 0 0.107248
0.0156479 0 0 0 0.108667
0.0157166 0 0 0 0.110105
0.0157857 0 0 0 0.111562
0.015855 0 0 0 0.113039
0.0159246 0 0 0 0.114535
0.0159945 0 0 0 0.11605
0.0160648 0 0 0 0.117586
0.0161353 0 0 0 0.119142
0.0162062 0 0 0 0.120718
0.0162774 0 0 0 0.122316
0.0163489 0 0 0 0.123934
0.0164207 0 0 0 0.125574
0.0164928 0 0 0 0.127236
0.0165652 0 0 0 0.12892
0.0166379 0 0 0 0.130626
0.016711 0 0 0 0.132354
0.0167844 0 0 0 0.134106
0.0168581 0 0 0 0.13588
0.0169322 0 0 0 0.137679
0.0170065 0 0 0 0.1395
0.0170812 0 0 0 0.141346
0.0171562 0 0 0 0.143217
0.0172316 0 0 0 0.145112
0.0173072 0 0 0 0.147032
0.0173832 0 0 0 0.148978
0.0174596 0 0 0 0.150949
0.0175363 0 0 0 0.152947
0.0176133 0 0 0 0.154971
0.0176906 0 0 0 0.157021
0.0177683 0 0 0 0.159099
0.0178463 0 0 0 0.161205
0.0179247 0 0 0 0.163338
0.0180034 0 0 0 0.165499
0.0180825 0 0 0 0.167689
0.0181619 0 0 0 0.169908
0.0182417 0 0 0 0.172157
0.0183218 0 0 0 0.174435
0.0184022 0 0 0 0.176743
0.0184831 0 0 0 0.179082
0.0185642 0 0 0 0.181452
0.0186458 0 0 0 0.183853
0.0187276 0 0 0 0.186286
0.0188099 0 0 0 0.188751
0.0188925 0 0 0 0.191248
0.0189755 0 0 0 0.193779
0.0190588 0 0 0 0.196344
0.0191425 0 0 0 0.198942
0.0192266 0 0 0 0.201574
0.019311 0 0 0 0.204242
0.0193958 0 0 0 0.206944
0.019481 0 0 0 0.209683
0.0195665 0 0 0 0.212458
0.0196525 0 0 0 0.215269
0.0197388 0 0 0 0.218118
0.0198255 0 0 0 0.221004
0.0199125 0 0 0 0.223928
0.02 0 0 0 0.226892
0.0200878 0 0 0 0.229894
0.020176 0 0 0 0.232936
0.0202646 0 0 0 0.236019
0.0203536 0 0 0 0.239142
0.020443 0 0 0 0.242306
0.0205328 0 0 0 0.245513
0.020623 0 0 0 0.248762
0.0207135 0 0 0 0.252053
0.0208045 0 0 0 0.255389
0.0208959 0 0 0 0.258768
0.0209876 0 0 0 0.262193
0.0210798 0 0 0 0.265662
0.0211724 0 0 0 0.269178
0.0212654 0 0 0 0.27274
0.0213588 0 0 0 0.276349
0.0214526 0 0 0 0.280006
0.0215468 0 0 0 0.283711
0.0216414 0 0 0 0.287465
0.0217364 0 0 0 0.291269
0.0218319 0 0 0 0.295124
0.0219278 0 0 0 0.299029
0.0220241 0 0 0 0.302986
0.0221208 0 0 0 0.306995
0.0222179 0 0 0 0.311058
0.0223155 0 0 0 0.315174
0.0224135 0 0 0 0.319345
0.0225119 0 0 0 0.32357
0.0226108 0 0 0 0.327852
0.0227101 0 0 0 0.332191
0.0228098 0 0 0 0.336586
0.02291 0 0 0 0.34104
0.0230106 0 0 0 0.345553
0.0231117 0 0 0 0.350126
0.0232132 0 0 0 0.354759
0.0233151 0 0 0 0.359454
0.0234175 0 0 0 0.36421
0.0235204 0 0 0 0.36903
0.0236236 0 0 0 0.373913
0.0237274 0 0 0 0.378861
0.0238316 0 0 0 0.383875
0.0239363 0 0 0 0.388954
0.0240414 0 0 0 0.394101
0.024147 0 0 0 0.399316
0.024253 0 0 0 0.4046
0.0243595 0 0 0 0.409954
0.0244665 0 0 0 0.415379
0.0245739 0 0 0 0.420876
0.0246819 0 0 0 0.426445
0.0247903 0 0 0 0.432089
0.0248991 0 0 0 0.437806
0.0250085 0 0 0 0.4436
0.0251183 0 0 0 0.44947
0.0252286 0 0 0 0.455418
0.0253394 0 0 0 0.461444
0.0254507 0 0 0 0.46755
0.0255625 0 0 0 0.473737
0.0256747 0 0 0 0.480006
0.0257875 0 0 0 0.486358
0.0259007 0 0 0 0.492794
0.0260145 0 0 0 0.499315
0.0261287 0 0 0 0.505922
0.0262435 0 0 0 0.512617
0.0263587 0 0 0 0.519401
0.0264745 0 0 0 0.526274
0.0265907 0 0 0 0.533238
0.0267075 0 0 0 0.540294
0.0268248 0 0 0 0.547444
0.0269426 0 0 0 0.554688
0.0270609 0 0 0 0.562028
0.0271798 0 0 0 0.569465
0.0272991 0 0 0 0.577001
0.027419 0 0 0 0.584637
0.0275394 0 0 0 0.592373
0.0276604 0 0 0 0.600212
0.0277819 0 0 0 0.608154
0.0279039 0 0 0 0.616202
0.0280264 0 0 0 0.624356
0.0281495 0 0 0 0.632618
0.0282731 0 0 0 0.640989
0.0283973 0 0 0 0.649472
0.028522 0 0 0 0.658066
0.0286472 0 0 0 0.666774
0.0287731 0 0 0 0.675597
0.0288994 0 0 0 0.684537
0.0290263 0 0 0 0.693596
0.0291538 0 0 0 0.702774
0.0292818 0 0 0 0.712074
0.0294104 0 0 0 0.721497
0.0295396 0 0 0 0.731044
0.0296693 0 0 0 0.740718
0.0297996 0 0 0 0.75052
0.0299305 0 0 0 0.760451
0.0300619 0 0 0 0.770514
0.030194 0 0 0 0.78071
0.0303266 0 0 0 0.791041
0.0304597 0 0 0 0.801509
0.0305935 0 0 0 0.812115
0.0307279 0 0 0 0.822862
0.0308628 0 0 0 0.833751
0.0309983 0 0 0 0.844784
0.0311345 0 0 0 0.855963
0.0312712 0 0 0 0.867289
0.0314085 0 0 0 0.878766
0.0315465 0 0 0 0.890395
0.031685 0 0 0 0.902177
0.0318242 0 0 0 0.914116
0.0319639 0 0 0 0.926212
0.0321043 0 0 0 0.938468
0.0322453 0 0 0 0.950887
0.0323869 0 0 0 0.96347
0.0325291 0 0 0 0.976219
0.032672 0 0 0 0.989138
0.0328155 0 0 0 1.00223
0.0329596 0 0 0 1.01549
0.0331043 0 0 0 1.02893
0.0332497 0 0 0 1.04254
0.0333957 0 0 0 1.05634
0.0335424 0 0 0 1.07032
0.0336897 0 0 0 1.08448
0.0338377 0 0 0 1.09883
0.0339863 0 0 0 1.11337
0.0341355 0 0 0 1.1281
0.0342854 0 0 0 1.14303
0.034436 0 0 0 1.15816
0.0345872 0 0 0 1.17348
0.0347391 0 0 0 1.18901
0.0348917 0 0 0 1.20475
0.0350449 0 0 0 1.22069
0.0351988 0 0 0 1.23684
0.0353534 0 0 0 1.25321
0.0355087 0 0 0 1.26979
0.0356646 0 0 0 1.2866
0.0358212 0 0 0 1.30362
0.0359785 0 0 0 1.32087
0.0361366 0 0 0 1.33835
0.0362952 0 0 0 1.35606
0.0364546 0 0 0 1.37401
0.0366147 0 0 0 1.39219
0.0367755 0 0 0 1.41061
0.036937 0 0 0 1.42928
0.0370993 0 0 0 1.44819
0.0372622 0 0 0 1.46735
0.0374258 0 0 0 1.48677
0.0375902 0 0 0 1.50645
0.0377553 0 0 0 1.52638
0.0379211 0 0 0 1.54658
0.0380876 0 0 0 1.56704
0.0382549 0 0 0 1.58778
0.0384229 0 0 0 1.60879
0.0385916 0 0 0 1.63008
0.0387611 0 0 0 1.65165
0.0389313 0 0 0 1.67351
0.0391023 0 0 0 1.69565
0.039274 0 0 0 1.71809
0.0394465 0 0 0 1.74083
0.0396197 0 0 0 1.76386
0.0397937 0 0 0 1.7872
0.0399685 0 0 0 1.81085
0.040144 0 0 0 1.83482
0.0403203 0 0 0 1.8591
0.0404974 0 0 0 1.8837
0.0406752 0 0 0 1.90862
0.0408539 0 0 0 1.93388
0.0410333 0 0 0 1.95947
0.0412135 0 0 0 1.9854
0.0413945 0 0 0 2.01167
0.0415763 0 0 0 2.03829
0.0417589 0 0 0 2.06527
0.0419423 0 0 0 2.09259
0.0421264 0 0 0 2.12029
0.0423115 0 0 0 2.14834
0.0424973 0 0 0 2.17677
0.0426839 0 0 0 2.20558
0.0428714 0 0 0 2.23476
0.0430596 0 0 0 2.26434
0.0432487 0 0 0 2.2943
0.0434387 0 0 0 2.32466
0.0436294 0 0 0 2.35542
0.043821 0 0 0 2.38659
0.0440135 0 0 0 2.41817
0.0442068 0 0 0 2.45017
0.0444009 0 0 0 2.48259
0.0445959 0 0 0 2.51545
0.0447918 0 0 0 2.54873
0.0449885 0 0 0 2.58246
0.045186 0 0 0 2.61663
0.0453845 0 0 0 2.65126
0.0455838 0 0 0 2.68634
0.045784 0 0 0 2.72189
0.045985 0 0 0 2.75791
0.046187 0 0 0 2.7944
0.0463898 0 0 0 2.83138
0.0465936 0 0 0 2.86885
0.0467982 0 0 0 2.90681
0.0470037 0 0 0 2.94528
0.0472101 0 0 0 2.98425
0.0474175 0 0 0 3.02374
0.0476257 0 0 0 3.06375
0.0478349 0 0 0 3.1043
0.0480449 0 0 0 3.14538
0.0482559 0 0 0 3.187
0.0484678 0 0 0 3.22917
0.0486807 0 0 0 3.2719
0.0488945 0 0 0 3.3152
0.0491092 0 0 0 3.35907
0.0493249 0 0 0 3.40352
0.0495415 0 0 0 3.44856
0.0497591 0 0 0 3.49419
0.0499776 0 0 0 3.54043
0.0501971 0 0 0 3.58728
0.0504175 0 0 0 3.63475
0.0506389 0 0 0 3.68285
0.0508613 0 0 0 3.73158
0.0510847 0 0 0 3.78096
0.051309 0 0 0 3.83099
0.0515344 0 0 0 3.88169
0.0517607 0 0 0 3.93306
0.051988 0 0 0 3.9851
0.0522163 0 0 0 4.03784
0.0524456 0 0 0 4.09127
0.052676 0 0 0 4.14541
0.0529073 0 0 0 4.20026
0.0531396 0 0 0 4.25584
0.053373 0 0 0 4.31216
0.0536074 0 0 0 4.36922
0.0538428 0 0 0 4.42704
0.0540793 0 0 0 4.48562
0.0543168 0 0 0 4.54498
0.0545553 0 0 0 4.60512
0.0547949 0 0 0 4.66606
0.0550356 0 0 0 4.72781
0.0552772 0 0 0 4.79037
0.05552 0 0 0 4.85376
0.0557638 0 0 0 4.91799
0.0560087 0 0 0 4.98307
0.0562547 0 0 0 5.04901
0.0565017 0 0 0 5.11582
0.0567499 0 0 0 5.18352
0.0569991 0 0 0 5.25211
0.0572494 0 0 0 5.32161
0.0575008 0 0 0 5.39203
0.0577534 0 0 0 5.46339
0.058007 0 0 0 5.53568
0.0582617 0 0 0 5.60893
0.0585176 0 0 0 5.68316
0.0587746 0 0 0 5.75836
0.0590327 0 0 0 5.83456
0.059292 0 0 0 5.91177
0.0595524 0 0 0 5.99
0.0598139 0 0 0 6.06926
0.0600766 0 0 0 6.14958
0.0603404 0 0 0 6.23095
0.0606054 0 0 0 6.31341
0.0608716 0 0 0 6.39695
0.0611389 0 0 0 6.4816
0.0614074 0 0 0 6.56737
0.0616771 0 0 0 6.65428
0.0619479 0 0 0 6.74233
0.06222 0 0 0 6.83155
0.0624932 0 0 0 6.92195
0.0627677 0 0 0 7.01355
0.0630433 0 0 0 7.10636
0.0633202 0 0 0 7.2004
0.0635983 0 0 0 7.29568
0.0638776 0 0 0 7.39222
0.0641581 0 0 0 7.49004
0.0644399 0 0 0 7.58916
0.0647229 0 0 0 7.68958
0.0650071 0 0 0 7.79134
0.0652926 0 0 0 7.89444
0.0655793 0 0 0 7.99891
0.0658673 0 0 0 8.10476
0.0661566 0 0 0 8.212
0.0664471 0 0 0 8.32067
0.0667389 0 0 0 8.43078
0.067032 0 0 0 8.54234
0.0673264 0 0 0 8.65538
0.0676221 0 0 0 8.76992
0.0679191 0 0 0 8.88597
0.0682173 0 0 0 9.00356
0.0685169 0 0 0 9.1227
0.0688178 0 0 0 9.24342
0.06912 0 0 0 9.36574
0.0694236 0 0 0 9.48967
0.0697285 0 0 0 9.61525
0.0700347 0 0 0 9.74248
0.0703423 0 0 0 9.87141
0.0706512 0 0 0 10.002
0.0709615 0 0 0 10.1344
0.0712731 0 0 0 10.2685
0.0715861 0 0 0 10.4044
0.0719005 0 0 0 10.5421
0.0722162 0 0 0 10.6816
0.0725334 0 0 0 10.8229
0.0728519 0 0 0 10.9661
0.0731719 0 0 0 11.1112
0.0734932 0 0 0 11.2583
0.073816 0 0 0 11.4072
0.0741401 0 0 0 11.5582
0.0744657 0 0 0 11.7111
0.0747928 0 0 0 11.8661
0.0751212 0 0 0 12.0231
0.0754511 0 0 0 12.1822
0.0757825 0 0 0 12.3435
0.0761153 0 0 0 12.5068
0.0764496 0 0 0 12.6723
0.0767853 0 0 0 12.84
0.0771225 0 0 0 13.0099
0.0774612 0 0 0 13.182
0.0778014 0 0 0 13.3565
0.0781431 0 0 0 13.5332
0.0784863 0 0 0 13.7123
0.0788309 0 0 0 13.8938
0.0791771 0 0 0 14.0776
0.0795249 0 0 0 14.2639
0.0798741 0 0 0 14.4527
0.0802249 0 0 0 14.6439
0.0805772 0 0 0 14.8377
0.0809311 0 0 0 15.034
0.0812865 0 0 0 15.233
0.0816435 0 0 0 15.4346
0.082002 0 0 0 15.6388
0.0823621 0 0 0 15.8457
0.0827238 0 0 0 16.0554
0.0830871 0 0 0 16.2679
0.083452 0 0 0 16.4832
0.0838185 0 0 0 16.7013
0.0841866 0 0 0 16.9223
0.0845563 0 0 0 17.1462
0.0849277 0 0 0 17.3731
0.0853006 0 0 0 17.603
0.0856753 0 0 0 17.8359
0.0860515 0 0 0 18.072
0.0864294 0 0 0 18.3111
0.086809 0 0 0 18.5534
0.0871902 0 0 0 18.7989
0.0875731 0 0 0 19.0477
0.0879577 0 0 0 19.2998
0.088344 0 0 0 19.5551
0.088732 0 0 0 19.8139
0.0891217 0 0 0 20.0761
0.089513 0 0 0 20.3418
0.0899062 0 0 0 20.611
0.090301 0 0 0 20.8837
0.0906976 0 0 0 21.16
0.0910959 0 0 0 21.4401
0.0914959 0 0 0 21.7238
0.0918977 0 0 0 22.0112
0.0923013 0 0 0 22.3025
0.0927067 0 0 0 22.5976
0.0931138 0 0 0 22.8967
0.0935227 0 0 0 23.1997
0.0939335 0 0 0 23.5067
0.094346 0 0 0 23.8177
0.0947603 0 0 0 24.1329
0.0951765 0 0 0 24.4522
0.0955944 0 0 0 24.7758
0.0960143 0 0 0 25.1037
0.0964359 0 0 0 25.4359
0.0968594 0 0 0 25.7724
0.0972848 0 0 0 26.1135
0.097712 0 0 0 26.459
0.0981412 0 0 0 26.8092
0.0985722 0 0 0 27.1639
0.0990051 0 0 0 27.5234
0.0994399 0 0 0 27.8876
0.0998766 0 0 0 28.2566
0.100315 0 0 0 28.6306
0.100756 0 0 0 29.0094
0.101198 0 0 0 29.3933
0.101643 0 0 0 29.7823
0.102089 0 0 0 30.1764
0.102537 0 0 0 30.5757
0.102988 0 0 0 30.9803
0.10344 0 0 0 31.3902
0.103894 0 0 0 31.8056
0.10435 0 0 0 32.2265
0.104809 0 0 0 32.653
0.105269 0 0 0 33.0851
0.105731 0 0 0 33.5229
0.106196 0 0 0 33.9665
0.106662 0 0 0 34.4159
0.10713 0 0 0 34.8714
0.107601 0 0 0 35.3328
0.108073 0 0 0 35.8004
0.108548 0 0 0 36.2741
0.109025 0 0 0 36.7541
0.109504 0 0 0 37.2405
0.109985 0 0 0 37.7333
0.110468 0 0 0 38.2326
0.110953 0 0 0 38.7385
0.11144 0 0 0 39.2511
0.111929 0 0 0 39.7706
0.112421 0 0 0 40.2968
0.112915 0 0 0 40.8301
0.11341 0 0 0 41.3704
0.113909 0 0 0 41.9178
0.114409 0 0 0 42.4725
0.114911 0 0 0 43.0345
0.115416 0 0 0 43.604
0.115923 0 0 0 44.181
0.116432 0 0 0 44.7657
0.116943 0 0 0 45.358
0.117457 0 0 0 45.9583
0.117973 0 0 0 46.5664
0.118491 0 0 0 47.1826
0.119011 0 0 0 47.807
0.119534 0 0 0 48.4396
0.120059 0 0 0 49.0806
0.120586 0 0 0 49.7301
0.121115 0 0 0 50.3882
0.121647 0 0 0 51.0549
0.122182 0 0 0 51.7305
0.122718 0 0 0 52.4151
0.123257 0 0 0 53.1087
0.123798 0 0 0 53.8115
0.124342 0 0 0 54.5235
0.124888 0 0 0 55.245
0.125437 0 0 0 55.9761
0.125987 0 0 0 56.7168
0.126541 0 0 0 57.4673
0.127096 0 0 0 58.2278
0.127655 0 0 0 58.9983
0.128215 0 0 0 59.779
0.128778 0 0 0 60.5701
0.129344 0 0 0 61.3716
0.129912 0 0 0 62.1837
0.130482 0 0 0 63.0066
0.131055 0 0 0 63.8404
0.131631 0 0 0 64.6851
0.132209 0 0 0 65.5411
0.13279 0 0 0 66.4084
0.133373 0 0 0 67.2872
0.133959 0 0 0 68.1776
0.134547 0 0 0 69.0798
0.135138 0 0 0 69.9939
0.135731 0 0 0 70.9201
0.136327 0 0 0 71.8586
0.136926 0 0 0 72.8095
0.137527 0 0 0 73.773
0.138131 0 0 0 74.7492
0.138738 0 0 0 75.7383
0.139347 0 0 0 76.7406
0.139959 0 0 0 77.7561
0.140574 0 0 0 78.785
0.141191 0 0 0 79.8276
0.141811 0 0 0 80.8839
0.142434 0 0 0 81.9542
0.14306 0 0 0 83.0387
0.143688 0 0 0 84.1376
0.144319 0 0 0 85.251
0.144953 0 0 0 86.3791
0.145589 0 0 0 87.5221
0.146229 0 0 0 88.6803
0.146871 0 0 0 89.8538
0.147516 0 0 0 91.0428
0.148164 0 0 0 92.2476
0.148814 0 0 0 93.4683
0.149468 0 0 0 94.7051
0.150124 0 0 0 95.9583
0.150784 0 0 0 97.2281
0.151446 0 0 0 98.5147
0.152111 0 0 0 99.8184
0.152779 0 0 0 101.139
0.15345 0 0 0 102.478
0.154124 0 0 0 103.834
0.154801 0 0 0 105.208
0.15548 0 0 0 106.6
0.156163 0 0 0 108.011
0.156849 0 0 0 109.44
0.157538 0 0 0 110.888
0.15823 0 0 0 112.355
0.158925 0 0 0 113.842
0.159623 0 0 0 115.349
0.160324 0 0 0 116.875
0.161028 0 0 0 118.422
0.161735 0 0 0 119.989
0.162445 0 0 0 121.576
0.163158 0 0 0 123.185
0.163875 0 0 0 124.815
0.164595 0 0 0 126.467
0.165318 0 0 0 128.141
0.166044 0 0 0 129.836
0.166773 0 0 0 131.554
0.167505 0 0 0 133.295
0.168241 0 0 0 135.059
0.16898 0 0 0 136.846
0.169722 0 0 0 138.657
0.170467 0 0 0 140.492
0.171216 0 0 0 142.351
0.171968 0 0 0 144.235
0.172723 0 0 0 146.143
0.173481 0 0 0 148.077
0.174243 0 0 0 150.037
0.175008 0 0 0 152.022
0.175777 0 0 0 154.034
0.176549 0 0 0 156.072
0.177324 0 0 0 158.138
0.178103 0 0 0 160.23
0.178885 0 0 0 162.35
0.179671 0 0 0 164.499
0.18046 0 0 0 166.676
0.181252 0 0 0 168.881
0.182048 0 0 0 171.116
0.182848 0 0 0 173.38
0.183651 0 0 0 175.675
0.184457 0 0 0 177.999
0.185268 0 0 0 180.355
0.186081 0 0 0 182.741
0.186898 0 0 0 185.16
0.187719 0 0 0 187.61
0.188544 0 0 0 190.092
0.189372 0 0 0 192.608
0.190203 0 0 0 195.157
0.191038 0 0 0 197.739
0.191877 0 0 0 200.356
0.19272 0 0 0 203.007
0.193566 0 0 0 205.693
0.194417 0 0 0 208.415
0.19527 0 0 0 211.173
0.196128 0 0 0 213.968
0.196989 0 0 0 216.799
0.197854 0 0 0 219.668
0.198723 0 0 0 222.575
0.199596 0 0 0 225.52
0.200473 0 0 0 228.504
0.201353 0 0 0 231.528
0.202237 0 0 0 234.592
0.203125 0 0 0 237.696
0.204017 0 0 0 240.842
0.204913 0 0 0 244.029
0.205813 0 0 0 247.258
0.206717 0 0 0 250.53
0.207625 0 0 0 253.845
0.208537 0 0 0 257.204
0.209453 0 0 0 260.608
0.210372 0 0 0 264.056
0.211296 0 0 0 267.55
0.212224 0 0 0 271.091
0.213156 0 0 0 274.678
0.214092 0 0 0 278.313
0.215033 0 0 0 281.996
0.215977 0 0 0 285.728
0.216925 0 0 0 289.509
0.217878 0 0 0 293.34
0.218835 0 0 0 297.221
0.219796 0 0 0 301.154
0.220761 0 0 0 305.14
0.221731 0 0 0 309.177
0.222705 0 0 0 313.269
0.223683 0 0 0 317.414
0.224665 0 0 0 321.614
0.225652 0 0 0 325.87
0.226643 0 0 0 330.183
0.227638 0 0 0 334.552
0.228638 0 0 0 338.979
0.229642 0 0 0 343.465
0.23065 0 0 0 348.01
0.231663 0 0 0 352.615
0.23268 0 0 0 357.281
0.233702 0 0 0 362.009
0.234729 0 0 0 366.799
0.23576 0 0 0 371.653
0.236795 0 0 0 376.571
0.237835 0 0 0 381.554
0.238879 0 0 0 386.603
0.239928 0 0 0 391.719
0.240982 0 0 0 396.903
0.24204 0 0 0 402.155
0.243103 0 0 0 407.476
0.244171 0 0 0 412.868
0.245243 0 0 0 418.332
0.24632 0 0 0 423.868
0.247402 0 0 0 429.477
0.248488 0 0 0 435.16
0.24958 0 0 0 440.918
0.250676 0 0 0 446.753
0.251777 0 0 0 452.665
0.252882 0 0 0 458.655
0.253993 0 0 0 464.724
0.255108 0 0 0 470.874
0.256229 0 0 0 477.105
0.257354 0 0 0 483.418
0.258484 0 0 0 489.815
0.259619 0 0 0 496.297
0.26076 0 0 0 502.864
0.261905 0 0 0 509.519
0.263055 0 0 0 516.261
0.26421 0 0 0 523.093
0.26537 0 0 0 530.015
0.266536 0 0 0 537.028
0.267706 0 0 0 544.135
0.268882 0 0 0 551.335
0.270063 0 0 0 558.631
0.271249 0 0 0 566.023
0.27244 0 0 0 573.513
0.273637 0 0 0 581.102
0.274838 0 0 0 588.792
0.276045 0 0 0 596.583
0.277258 0 0 0 604.478
0.278475 0 0 0 612.477
0.279698 0 0 0 620.582
0.280927 0 0 0 628.794
0.28216 0 0 0 637.115
0.283399 0 0 0 645.545
0.284644 0 0 0 654.088
0.285894 0 0 0 662.743
0.28715 0 0 0 671.513
0.288411 0 0 0 680.399
0.289677 0 0 0 689.403
0.290949 0 0 0 698.526
0.292227 0 0 0 707.769
0.293511 0 0 0 717.135
0.2948 0 0 0 726.625
0.296094 0 0 0 736.24
0.297395 0 0 0 745.983
0.298701 0 0 0 755.854
0.300012 0 0 0 765.856
0.30133 0 0 0 775.991
0.302653 0 0 0 786.259
0.303982 0 0 0 796.664
0.305317 0 0 0 807.206
0.306658 0 0 0 817.888
0.308005 0 0 0 828.711
0.309358 0 0 0 839.677
0.310716 0 0 0 850.788
0.312081 0 0 0 862.047
0.313451 0 0 0 873.454
0.314828 0 0 0 885.012
0.31621 0 0 0 896.724
0.317599 0 0 0 908.59
0.318994 0 0 0 920.613
0.320395 0 0 0 932.795
0.321802 0 0 0 945.139
0.323215 0 0 0 957.646
0.324635 0 0 0 970.318
0.32606 0 0 0 983.158
0.327492 0 0 0 996.168
0.32893 0 0 0 1009.35
0.330375 0 0 0 1022.71
0.331826 0 0 0 1036.24
0.333283 0 0 0 1049.95
0.334747 0 0 0 1063.85
0.336217 0 0 0 1077.92
0.337693 0 0 0 1092.19
0.339176 0 0 0 1106.64
0.340666 0 0 0 1121.29
0.342162 0 0 0 1136.12
0.343665 0 0 0 1151.16
0.345174 0 0 0 1166.39
0.34669 0 0 0 1181.83
0.348212 0 0 0 1197.46
0.349742 0 0 0 1213.31
0.351278 0 0 0 1229.37
0.35282 0 0 0 1245.63
0.35437 0 0 0 1262.12
0.355926 0 0 0 1278.82
0.357489 0 0 0 1295.74
0.359059 0 0 0 1312.89
0.360636 0 0 0 1330.26
0.36222 0 0 0 1347.86
0.36381 0 0 0 1365.7
0.365408 0 0 0 1383.77
0.367013 0 0 0 1402.08
0.368625 0 0 0 1420.64
0.370244 0 0 0 1439.44
0.37187 0 0 0 1458.48
0.373503 0 0 0 1477.78
0.375143 0 0 0 1497.34
0.37679 0 0 0 1517.15
0.378445 0 0 0 1537.23
0.380107 0 0 0 1557.57
0.381776 0 0 0 1578.18
0.383453 0 0 0 1599.07
0.385137 0 0 0 1620.23
0.386828 0 0 0 1641.67
0.388527 0 0 0 1663.39
0.390234 0 0 0 1685.4
0.391947 0 0 0 1707.7
0.393669 0 0 0 1730.3
0.395397 0 0 0 1753.2
0.397134 0 0 0 1776.4
0.398878 0 0 0 1799.91
0.40063 0 0 0 1823.72
0.402389 0 0 0 1847.86
0.404156 0 0 0 1872.31
0.405931 0 0 0 1897.09
0.407714 0 0 0 1922.19
0.409504 0 0 0 1947.63
0.411303 0 0 0 1973.4
0.413109 0 0 0 1999.51
0.414923 0 0 0 2025.97
0.416745 0 0 0 2052.78
0.418576 0 0 0 2079.95
0.420414 0 0 0 2107.47
0.42226 0 0 0 2135.36
0.424115 0 0 0 2163.61
0.425977 0 0 0 2192.24
0.427848 0 0 0 2221.25
0.429727 0 0 0 2250.65
0.431614 0 0 0 2280.43
0.43351 0 0 0 2310.61
0.435413 0 0 0 2341.18
0.437326 0 0 0 2372.16
0.439246 0 0 0 2403.55
0.441175 0 0 0 2435.36
0.443113 0 0 0 2467.59
0.445059 0 0 0 2500.24
0.447013 0 0 0 2533.32
0.448976 0 0 0 2566.85
0.450948 0 0 0 2600.81
0.452928 0 0 0 2635.23
0.454918 0 0 0 2670.1
0.456915 0 0 0 2705.44
0.458922 0 0 0 2741.24
0.460937 0 0 0 2777.51
0.462962 0 0 0 2814.27
0.464995 0 0 0 2851.51
0.467037 0 0 0 2889.24
0.469088 0 0 0 2927.47
0.471148 0 0 0 2966.21
0.473217 0 0 0 3005.46
0.475295 0 0 0 3045.23
0.477383 0 0 0 3085.53
0.479479 0 0 0 3126.36
0.481585 0 0 0 3167.73
0.4837 0 0 0 3209.65
0.485824 0 0 0 3252.12
0.487958 0 0 0 3295.16
0.490101 0 0 0 3338.76
0.492253 0 0 0 3382.94
0.494415 0 0 0 3427.71
0.496586 0 0 0 3473.07
0.498767 0 0 0 3519.03
0.500957 0 0 0 3565.59
0.503157 0 0 0 3612.78
0.505367 0 0 0 3660.58
0.507586 0 0 0 3709.02
0.509816 0 0 0 3758.11
0.512054 0 0 0 3807.84
0.514303 0 0 0 3858.22
0.516562 0 0 0 3909.28
0.51883 0 0 0 3961.01
0.521109 0 0 0 4013.43
0.523397 0 0 0 4066.54
0.525696 0 0 0 4120.35
0.528005 0 0 0 4174.87
0.530323 0 0 0 4230.12
0.532652 0 0 0 4286.09
0.534992 0 0 0 4342.81
1
2000
3.04789e+06
      753571000
8.39596e-05 0 0 0 1.67857e-08
8.43283e-05 0 0 0 1.70079e-08
8.46986e-05 0 0 0 1.72329e-08
8.50706e-05 0 0 0 1.7461e-08
8.54442e-05 0 0 0 1.7692e-08
8.58194e-05 0 0 0 1.79261e-08
8.61963e-05 0 0 0 1.81633e-08
8.65749e-05 0 0 0 1.84037e-08
8.69551e-05 0 0 0 1.86472e-08
8.73369e-05 0 0 0 1.8894e-08
8.77205e-05 0 0 0 1.9144e-08
8.81057e-05 0 0 0 1.93973e-08
8.84927e-05 0 0 0 1.9654e-08
8.88813e-05 0 0 0 1.99141e-08
8.92716e-05 0 0 0 2.01776e-08
8.96637e-05 0 0 0 2.04446e-08
9.00574e-05 0 0 0 2.07152e-08
9.04529e-05 0 0 0 2.09893e-08
9.08502e-05 0 0 0 2.1267e-08
9.12492e-05 0 0 0 2.15485e-08
9.16499e-05 0 0 0 2.18336e-08
9.20524e-05 0 0 0 2.21225e-08
9.24566e-05 0 0 0 2.24153e-08
9.28627e-05 0 0 0 2.27119e-08
9.32705e-05 0 0 0 2.30124e-08
9.36801e-05 0 0 0 2.3317e-08
9.40915e-05 0 0 0 2.36255e-08
9.45047e-05 0 0 0 2.39382e-08
9.49198e-05 0 0 0 2.42549e-08
9.53366e-05 0 0 0 2.45759e-08
9.57553e-05 0 0 0 2.49011e-08
9.61758e-05 0 0 0 2.52306e-08
9.65982e-05 0 0 0 2.55645e-08
9.70224e-05 0 0 0 2.59028e-08
9.74485e-05 0 0 0 2.62455e-08
9.78765e-05 0 0 0 2.65928e-08
9.83063e-05 0 0 0 2.69447e-08
9.8738e-05 0 0 0 2.73013e-08
9.91717e-05 0 0 0 2.76626e-08
9.96072e-05 0 0 0 2.80286e-08
0.000100045 0 0 0 2.83995e-08
0.000100484 0 0 0 2.87753e-08
0.000100925 0 0 0 2.91561e-08
0.000101368 0 0 0 2.95419e-08
0.000101814 0 0 0 2.99329e-08
0.000102261 0 0 0 3.0329e-08
0.00010271 0 0 0 3.07303e-08
0.000103161 0 0 0 3.11369e-08
0.000103614 0 0 0 3.1549e-08
0.000104069 0 0 0 3.19665e-08
0.000104526 0 0 0 3.23895e-08
0.000104985 0 0 0 3.28181e-08
0.000105446 0 0 0 3.32524e-08
0.000105909 0 0 0 3.36924e-08
0.000106374 0 0 0 3.41382e-08
0.000106842 0 0 0 3.459e-08
0.000107311 0 0 0 3.50477e-08
0.000107782 0 0 0 3.55115e-08
0.000108255 0 0 0 3.59814e-08
0.000108731 0 0 0 3.64575e-08
0.000109208 0 0 0 3.694e-08
0.000109688 0 0 0 3.74288e-08
0.00011017 0 0 0 3.79241e-08
0.000110653 0 0 0 3.84259e-08
0.000111139 0 0 0 3.89344e-08
0.000111627 0 0 0 3.94496e-08
0.000112118 0 0 0 3.99717e-08
0.00011261 0 0 0 4.05006e-08
0.000113105 0 0 0 4.10365e-08
0.000113601 0 0 0 4.15796e-08
0.0001141 0 0 0 4.21298e-08
0.000114601 0 0 0 4.26873e-08
0.000115105 0 0 0 4.32522e-08
0.00011561 0 0 0 4.38245e-08
0.000116118 0 0 0 4.44044e-08
0.000116628 0 0 0 4.4992e-08
0.00011714 0 0 0 4.55874e-08
0.000117654 0 0 0 4.61907e-08
0.000118171 0 0 0 4.68019e-08
0.00011869 0 0 0 4.74212e-08
0.000119211 0 0 0 4.80487e-08
0.000119735 0 0 0 4.86846e-08
0.000120261 0 0 0 4.93288e-08
0.000120789 0 0 0 4.99816e-08
0.000121319 0 0 0 5.0643e-08
0.000121852 0 0 0 5.13131e-08
0.000122387 0 0 0 5.19921e-08
0.000122925 0 0 0 5.26801e-08
0.000123464 0 0 0 5.33772e-08
0.000124007 0 0 0 5.40836e-08
0.000124551 0 0 0 5.47993e-08
0.000125098 0 0 0 5.55244e-08
0.000125648 0 0 0 5.62591e-08
0.000126199 0 0 0 5.70036e-08
0.000126754 0 0 0 5.77579e-08
0.00012731 0 0 0 5.85222e-08
0.000127869 0 0 0 5.92967e-08
0.000128431 0 0 0 6.00813e-08
0.000128995 0 0 0 6.08764e-08
0.000129562 0 0 0 6.16819e-08
0.000130131 0 0 0 6.24982e-08
0.000130702 0 0 0 6.33252e-08
0.000131276 0 0 0 6.41632e-08
0.000131853 0 0 0 6.50122e-08
0.000132432 0 0 0 6.58725e-08
0.000133013 0 0 0 6.67442e-08
0.000133597 0 0 0 6.76274e-08
0.000134184 0 0 0 6.85223e-08
0.000134773 0 0 0 6.94291e-08
0.000135365 0 0 0 7.03478e-08
0.00013596 0 0 0 7.12787e-08
0.000136557 0 0 0 7.2222e-08
0.000137156 0 0 0 7.31777e-08
0.000137759 0 0 0 7.4146e-08
0.000138364 0 0 0 7.51272e-08
0.000138971 0 0 0 7.61213e-08
0.000139582 0 0 0 7.71286e-08
0.000140195 0 0 0 7.81493e-08
0.00014081 0 0 0 7.91834e-08
0.000141429 0 0 0 8.02312e-08
0.00014205 0 0 0 8.12929e-08
0.000142674 0 0 0 8.23687e-08
0.0001433 0 0 0 8.34586e-08
0.00014393 0 0 0 8.4563e-08
0.000144562 0 0 0 8.5682e-08
0.000145197 0 0 0 8.68159e-08
0.000145834 0 0 0 8.79647e-08
0.000146475 0 0 0 8.91287e-08
0.000147118 0 0 0 9.03081e-08
0.000147764 0 0 0 9.15032e-08
0.000148413 0 0 0 9.2714e-08
0.000149065 0 0 0 9.39409e-08
0.000149719 0 0 0 9.5184e-08
0.000150377 0 0 0 9.64436e-08
0.000151037 0 0 0 9.77198e-08
0.000151701 0 0 0 9.90129e-08
0.000152367 0 0 0 1.00323e-07
0.000153036 0 0 0 1.01651e-07
0.000153708 0 0 0 1.02996e-07
0.000154383 0 0 0 1.04359e-07
0.000155061 0 0 0 1.0574e-07
0.000155742 0 0 0 1.07139e-07
0.000156426 0 0 0 1.08557e-07
0.000157113 0 0 0 1.09993e-07
0.000157803 0 0 0 1.11449e-07
0.000158496 0 0 0 1.12924e-07
0.000159192 0 0 0 1.14418e-07
0.000159891 0 0 0 1.15932e-07
0.000160593 0 0 0 1.17466e-07
0.000161299 0 0 0 1.1902e-07
0.000162007 0 0 0 1.20595e-07
0.000162718 0 0 0 1.22191e-07
0.000163433 0 0 0 1.23808e-07
0.000164151 0 0 0 1.25447e-07
0.000164872 0 0 0 1.27107e-07
0.000165596 0 0 0 1.28789e-07
0.000166323 0 0 0 1.30493e-07
0.000167053 0 0 0 1.3222e-07
0.000167787 0 0 0 1.33969e-07
0.000168524 0 0 0 1.35742e-07
0.000169264 0 0 0 1.37538e-07
0.000170007 0 0 0 1.39358e-07
0.000170754 0 0 0 1.41202e-07
0.000171504 0 0 0 1.43071e-07
0.000172257 0 0 0 1.44964e-07
0.000173014 0 0 0 1.46882e-07
0.000173773 0 0 0 1.48826e-07
0.000174536 0 0 0 1.50796e-07
0.000175303 0 0 0 1.52791e-07
0.000176073 0 0 0 1.54813e-07
0.000176846 0 0 0 1.56861e-07
0.000177623 0 0 0 1.58937e-07
0.000178403 0 0 0 1.6104e-07
0.000179186 0 0 0 1.63171e-07
0.000179973 0 0 0 1.65331e-07
0.000180764 0 0 0 1.67518e-07
0.000181557 0 0 0 1.69735e-07
0.000182355 0 0 0 1.71981e-07
0.000183156 0 0 0 1.74257e-07
0.00018396 0 0 0 1.76563e-07
0.000184768 0 0 0 1.78899e-07
0.000185579 0 0 0 1.81267e-07
0.000186394 0 0 0 1.83665e-07
0.000187213 0 0 0 1.86096e-07
0.000188035 0 0 0 1.88558e-07
0.000188861 0 0 0 1.91054e-07
0.00018969 0 0 0 1.93582e-07
0.000190523 0 0 0 1.96143e-07
0.00019136 0 0 0 1.98739e-07
0.0001922 0 0 0 2.01369e-07
0.000193044 0 0 0 2.04034e-07
0.000193892 0 0 0 2.06734e-07
0.000194744 0 0 0 2.09469e-07
0.000195599 0 0 0 2.12241e-07
0.000196458 0 0 0 2.1505e-07
0.000197321 0 0 0 2.17895e-07
0.000198187 0 0 0 2.20779e-07
0.000199058 0 0 0 2.237e-07
0.000199932 0 0 0 2.2666e-07
0.00020081 0 0 0 2.2966e-07
0.000201692 0 0 0 2.32699e-07
0.000202578 0 0 0 2.35778e-07
0.000203467 0 0 0 2.38898e-07
0.000204361 0 0 0 2.42059e-07
0.000205258 0 0 0 2.45263e-07
0.00020616 0 0 0 2.48508e-07
0.000207065 0 0 0 2.51797e-07
0.000207974 0 0 0 2.55129e-07
0.000208888 0 0 0 2.58505e-07
0.000209805 0 0 0 2.61925e-07
0.000210726 0 0 0 2.65392e-07
0.000211652 0 0 0 2.68903e-07
0.000212581 0 0 0 2.72462e-07
0.000213515 0 0 0 2.76067e-07
0.000214453 0 0 0 2.7972e-07
0.000215394 0 0 0 2.83422e-07
0.00021634 0 0 0 2.87172e-07
0.00021729 0 0 0 2.90972e-07
0.000218245 0 0 0 2.94823e-07
0.000219203 0 0 0 2.98724e-07
0.000220166 0 0 0 3.02677e-07
0.000221133 0 0 0 3.06682e-07
0.000222104 0 0 0 3.10741e-07
0.000223079 0 0 0 3.14853e-07
0.000224059 0 0 0 3.19019e-07
0.000225043 0 0 0 3.23241e-07
0.000226031 0 0 0 3.27518e-07
0.000227024 0 0 0 3.31852e-07
0.000228021 0 0 0 3.36243e-07
0.000229022 0 0 0 3.40693e-07
0.000230028 0 0 0 3.45201e-07
0.000231038 0 0 0 3.49769e-07
0.000232053 0 0 0 3.54398e-07
0.000233072 0 0 0 3.59087e-07
0.000234096 0 0 0 3.63839e-07
0.000235124 0 0 0 3.68654e-07
0.000236156 0 0 0 3.73532e-07
0.000237193 0 0 0 3.78475e-07
0.000238235 0 0 0 3.83483e-07
0.000239281 0 0 0 3.88558e-07
0.000240332 0 0 0 3.937e-07
0.000241388 0 0 0 3.9891e-07
0.000242448 0 0 0 4.04188e-07
0.000243512 0 0 0 4.09537e-07
0.000244582 0 0 0 4.14956e-07
0.000245656 0 0 0 4.20447e-07
0.000246735 0 0 0 4.26011e-07
0.000247818 0 0 0 4.31648e-07
0.000248907 0 0 0 4.3736e-07
0.00025 0 0 0 4.43148e-07
0.000251098 0 0 0 4.49012e-07
0.0002522 0 0 0 4.54954e-07
0.000253308 0 0 0 4.60974e-07
0.00025442 0 0 0 4.67074e-07
0.000255538 0 0 0 4.73255e-07
0.00025666 0 0 0 4.79517e-07
0.000257787 0 0 0 4.85863e-07
0.000258919 0 0 0 4.92292e-07
0.000260056 0 0 0 4.98806e-07
0.000261198 0 0 0 5.05407e-07
0.000262345 0 0 0 5.12095e-07
0.000263498 0 0 0 5.18871e-07
0.000264655 0 0 0 5.25738e-07
0.000265817 0 0 0 5.32695e-07
0.000266984 0 0 0 5.39744e-07
0.000268157 0 0 0 5.46886e-07
0.000269335 0 0 0 5.54123e-07
0.000270517 0 0 0 5.61456e-07
0.000271705 0 0 0 5.68885e-07
0.000272899 0 0 0 5.76413e-07
0.000274097 0 0 0 5.84041e-07
0.000275301 0 0 0 5.91769e-07
0.00027651 0 0 0 5.996e-07
0.000277724 0 0 0 6.07535e-07
0.000278944 0 0 0 6.15574e-07
0.000280169 0 0 0 6.2372e-07
0.000281399 0 0 0 6.31973e-07
0.000282635 0 0 0 6.40336e-07
0.000283876 0 0 0 6.4881e-07
0.000285123 0 0 0 6.57395e-07
0.000286375 0 0 0 6.66095e-07
0.000287633 0 0 0 6.74909e-07
0.000288896 0 0 0 6.8384e-07
0.000290165 0 0 0 6.92889e-07
0.000291439 0 0 0 7.02058e-07
0.000292719 0 0 0 7.11348e-07
0.000294004 0 0 0 7.20761e-07
0.000295296 0 0 0 7.30299e-07
0.000296592 0 0 0 7.39963e-07
0.000297895 0 0 0 7.49755e-07
0.000299203 0 0 0 7.59676e-07
0.000300517 0 0 0 7.69729e-07
0.000301837 0 0 0 7.79915e-07
0.000303163 0 0 0 7.90235e-07
0.000304494 0 0 0 8.00692e-07
0.000305831 0 0 0 8.11288e-07
0.000307174 0 0 0 8.22023e-07
0.000308523 0 0 0 8.32901e-07
0.000309878 0 0 0 8.43923e-07
0.000311239 0 0 0 8.5509e-07
0.000312606 0 0 0 8.66406e-07
0.000313979 0 0 0 8.77871e-07
0.000315358 0 0 0 8.89488e-07
0.000316743 0 0 0 9.01258e-07
0.000318134 0 0 0 9.13184e-07
0.000319531 0 0 0 9.25268e-07
0.000320934 0 0 0 9.37512e-07
0.000322343 0 0 0 9.49918e-07
0.000323759 0 0 0 9.62488e-07
0.000325181 0 0 0 9.75225e-07
0.000326609 0 0 0 9.8813e-07
0.000328043 0 0 0 1.00121e-06
0.000329484 0 0 0 1.01445e-06
0.000330931 0 0 0 1.02788e-06
0.000332384 0 0 0 1.04148e-06
0.000333844 0 0 0 1.05526e-06
0.00033531 0 0 0 1.06923e-06
0.000336783 0 0 0 1.08338e-06
0.000338262 0 0 0 1.09771e-06
0.000339747 0 0 0 1.11224e-06
0.000341239 0 0 0 1.12696e-06
0.000342738 0 0 0 1.14187e-06
0.000344243 0 0 0 1.15698e-06
0.000345755 0 0 0 1.17229e-06
0.000347273 0 0 0 1.1878e-06
0.000348798 0 0 0 1.20352e-06
0.00035033 0 0 0 1.21945e-06
0.000351869 0 0 0 1.23558e-06
0.000353414 0 0 0 1.25193e-06
0.000354966 0 0 0 1.2685e-06
0.000356525 0 0 0 1.28528e-06
0.000358091 0 0 0 1.30229e-06
0.000359663 0 0 0 1.31953e-06
0.000361243 0 0 0 1.33699e-06
0.000362829 0 0 0 1.35468e-06
0.000364423 0 0 0 1.37261e-06
0.000366023 0 0 0 1.39077e-06
0.00036763 0 0 0 1.40917e-06
0.000369245 0 0 0 1.42782e-06
0.000370867 0 0 0 1.44671e-06
0.000372495 0 0 0 1.46586e-06
0.000374131 0 0 0 1.48526e-06
0.000375774 0 0 0 1.50491e-06
0.000377424 0 0 0 1.52482e-06
0.000379082 0 0 0 1.545e-06
0.000380747 0 0 0 1.56545e-06
0.000382419 0 0 0 1.58616e-06
0.000384098 0 0 0 1.60715e-06
0.000385785 0 0 0 1.62842e-06
0.000387479 0 0 0 1.64997e-06
0.000389181 0 0 0 1.6718e-06
0.00039089 0 0 0 1.69392e-06
0.000392607 0 0 0 1.71634e-06
0.000394331 0 0 0 1.73905e-06
0.000396063 0 0 0 1.76206e-06
0.000397802 0 0 0 1.78538e-06
0.000399549 0 0 0 1.80901e-06
0.000401304 0 0 0 1.83295e-06
0.000403066 0 0 0 1.8572e-06
0.000404836 0 0 0 1.88178e-06
0.000406614 0 0 0 1.90668e-06
0.0004084 0 0 0 1.93191e-06
0.000410193 0 0 0 1.95747e-06
0.000411995 0 0 0 1.98338e-06
0.000413804 0 0 0 2.00962e-06
0.000415621 0 0 0 2.03622e-06
0.000417447 0 0 0 2.06316e-06
0.00041928 0 0 0 2.09046e-06
0.000421121 0 0 0 2.11813e-06
0.000422971 0 0 0 2.14615e-06
0.000424828 0 0 0 2.17455e-06
0.000426694 0 0 0 2.20333e-06
0.000428568 0 0 0 2.23249e-06
0.00043045 0 0 0 2.26203e-06
0.00043234 0 0 0 2.29196e-06
0.000434239 0 0 0 2.32229e-06
0.000436146 0 0 0 2.35302e-06
0.000438061 0 0 0 2.38416e-06
0.000439985 0 0 0 2.41571e-06
0.000441918 0 0 0 2.44767e-06
0.000443858 0 0 0 2.48006e-06
0.000445808 0 0 0 2.51288e-06
0.000447765 0 0 0 2.54614e-06
0.000449732 0 0 0 2.57983e-06
0.000451707 0 0 0 2.61397e-06
0.000453691 0 0 0 2.64856e-06
0.000455683 0 0 0 2.6836e-06
0.000457684 0 0 0 2.71912e-06
0.000459694 0 0 0 2.7551e-06
0.000461713 0 0 0 2.79156e-06
0.000463741 0 0 0 2.8285e-06
0.000465777 0 0 0 2.86593e-06
0.000467823 0 0 0 2.90385e-06
0.000469877 0 0 0 2.94228e-06
0.000471941 0 0 0 2.98121e-06
0.000474013 0 0 0 3.02066e-06
0.000476095 0 0 0 3.06063e-06
0.000478186 0 0 0 3.10113e-06
0.000480286 0 0 0 3.14217e-06
0.000482395 0 0 0 3.18375e-06
0.000484514 0 0 0 3.22588e-06
0.000486642 0 0 0 3.26857e-06
0.000488779 0 0 0 3.31182e-06
0.000490925 0 0 0 3.35565e-06
0.000493081 0 0 0 3.40005e-06
0.000495247 0 0 0 3.44504e-06
0.000497422 0 0 0 3.49063e-06
0.000499606 0 0 0 3.53682e-06
0.0005018 0 0 0 3.58362e-06
0.000504004 0 0 0 3.63105e-06
0.000506217 0 0 0 3.6791e-06
0.00050844 0 0 0 3.72778e-06
0.000510673 0 0 0 3.77711e-06
0.000512916 0 0 0 3.82709e-06
0.000515169 0 0 0 3.87773e-06
0.000517431 0 0 0 3.92905e-06
0.000519703 0 0 0 3.98104e-06
0.000521986 0 0 0 4.03372e-06
0.000524278 0 0 0 4.0871e-06
0.000526581 0 0 0 4.14118e-06
0.000528893 0 0 0 4.19598e-06
0.000531216 0 0 0 4.25151e-06
0.000533549 0 0 0 4.30777e-06
0.000535892 0 0 0 4.36477e-06
0.000538245 0 0 0 4.42253e-06
0.000540609 0 0 0 4.48105e-06
0.000542983 0 0 0 4.54035e-06
0.000545368 0 0 0 4.60043e-06
0.000547763 0 0 0 4.66131e-06
0.000550169 0 0 0 4.72299e-06
0.000552585 0 0 0 4.78549e-06
0.000555011 0 0 0 4.84882e-06
0.000557449 0 0 0 4.91298e-06
0.000559897 0 0 0 4.97799e-06
0.000562356 0 0 0 5.04387e-06
0.000564825 0 0 0 5.11061e-06
0.000567306 0 0 0 5.17824e-06
0.000569797 0 0 0 5.24676e-06
0.0005723 0 0 0 5.31619e-06
0.000574813 0 0 0 5.38654e-06
0.000577337 0 0 0 5.45782e-06
0.000579873 0 0 0 5.53004e-06
0.00058242 0 0 0 5.60322e-06
0.000584977 0 0 0 5.67737e-06
0.000587546 0 0 0 5.75249e-06
0.000590127 0 0 0 5.82862e-06
0.000592718 0 0 0 5.90575e-06
0.000595321 0 0 0 5.9839e-06
0.000597936 0 0 0 6.06308e-06
0.000600562 0 0 0 6.14331e-06
0.000603199 0 0 0 6.22461e-06
0.000605848 0 0 0 6.30697e-06
0.000608509 0 0 0 6.39043e-06
0.000611181 0 0 0 6.475e-06
0.000613865 0 0 0 6.56068e-06
0.000616561 0 0 0 6.6475e-06
0.000619269 0 0 0 6.73546e-06
0.000621988 0 0 0 6.82459e-06
0.00062472 0 0 0 6.9149e-06
0.000627463 0 0 0 7.0064e-06
0.000630219 0 0 0 7.09912e-06
0.000632987 0 0 0 7.19306e-06
0.000635767 0 0 0 7.28825e-06
0.000638559 0 0 0 7.38469e-06
0.000641363 0 0 0 7.48241e-06
0.00064418 0 0 0 7.58143e-06
0.000647009 0 0 0 7.68175e-06
0.00064985 0 0 0 7.7834e-06
0.000652704 0 0 0 7.8864e-06
0.00065557 0 0 0 7.99076e-06
0.000658449 0 0 0 8.0965e-06
0.000661341 0 0 0 8.20364e-06
0.000664246 0 0 0 8.3122e-06
0.000667163 0 0 0 8.42219e-06
0.000670093 0 0 0 8.53364e-06
0.000673035 0 0 0 8.64656e-06
0.000675991 0 0 0 8.76098e-06
0.00067896 0 0 0 8.87692e-06
0.000681942 0 0 0 8.99438e-06
0.000684936 0 0 0 9.1134e-06
0.000687944 0 0 0 9.234e-06
0.000690966 0 0 0 9.35619e-06
0.000694 0 0 0 9.48e-06
0.000697048 0 0 0 9.60545e-06
0.000700109 0 0 0 9.73256e-06
0.000703184 0 0 0 9.86135e-06
0.000706272 0 0 0 9.99184e-06
0.000709374 0 0 0 1.01241e-05
0.000712489 0 0 0 1.0258e-05
0.000715618 0 0 0 1.03938e-05
0.000718761 0 0 0 1.05313e-05
0.000721917 0 0 0 1.06707e-05
0.000725088 0 0 0 1.08119e-05
0.000728272 0 0 0 1.0955e-05
0.00073147 0 0 0 1.10999e-05
0.000734682 0 0 0 1.12468e-05
0.000737909 0 0 0 1.13956e-05
0.00074115 0 0 0 1.15464e-05
0.000744404 0 0 0 1.16992e-05
0.000747674 0 0 0 1.1854e-05
0.000750957 0 0 0 1.20109e-05
0.000754255 0 0 0 1.21698e-05
0.000757567 0 0 0 1.23309e-05
0.000760894 0 0 0 1.2494e-05
0.000764236 0 0 0 1.26594e-05
0.000767592 0 0 0 1.28269e-05
0.000770963 0 0 0 1.29966e-05
0.000774349 0 0 0 1.31686e-05
0.00077775 0 0 0 1.33429e-05
0.000781165 0 0 0 1.35194e-05
0.000784596 0 0 0 1.36983e-05
0.000788042 0 0 0 1.38796e-05
0.000791502 0 0 0 1.40633e-05
0.000794978 0 0 0 1.42494e-05
0.00079847 0 0 0 1.44379e-05
0.000801976 0 0 0 1.4629e-05
0.000805498 0 0 0 1.48226e-05
0.000809036 0 0 0 1.50187e-05
0.000812589 0 0 0 1.52175e-05
0.000816157 0 0 0 1.54188e-05
0.000819742 0 0 0 1.56229e-05
0.000823342 0 0 0 1.58296e-05
0.000826957 0 0 0 1.60391e-05
0.000830589 0 0 0 1.62513e-05
0.000834237 0 0 0 1.64664e-05
0.0008379 0 0 0 1.66843e-05
0.00084158 0 0 0 1.6905e-05
0.000845276 0 0 0 1.71287e-05
0.000848988 0 0 0 1.73554e-05
0.000852717 0 0 0 1.75851e-05
0.000856461 0 0 0 1.78178e-05
0.000860223 0 0 0 1.80536e-05
0.000864001 0 0 0 1.82925e-05
0.000867795 0 0 0 1.85345e-05
0.000871606 0 0 0 1.87798e-05
0.000875434 0 0 0 1.90283e-05
0.000879278 0 0 0 1.92801e-05
0.00088314 0 0 0 1.95352e-05
0.000887018 0 0 0 1.97937e-05
0.000890914 0 0 0 2.00557e-05
0.000894826 0 0 0 2.0321e-05
0.000898756 0 0 0 2.059e-05
0.000902703 0 0 0 2.08624e-05
0.000906667 0 0 0 2.11385e-05
0.000910649 0 0 0 2.14182e-05
0.000914648 0 0 0 2.17016e-05
0.000918665 0 0 0 2.19888e-05
0.0009227 0 0 0 2.22798e-05
0.000926752 0 0 0 2.25746e-05
0.000930822 0 0 0 2.28733e-05
0.00093491 0 0 0 2.3176e-05
0.000939015 0 0 0 2.34827e-05
0.000943139 0 0 0 2.37934e-05
0.000947281 0 0 0 2.41083e-05
0.000951441 0 0 0 2.44273e-05
0.00095562 0 0 0 2.47506e-05
0.000959816 0 0 0 2.50781e-05
0.000964032 0 0 0 2.54099e-05
0.000968265 0 0 0 2.57462e-05
0.000972518 0 0 0 2.60869e-05
0.000976789 0 0 0 2.64321e-05
0.000981078 0 0 0 2.67819e-05
0.000985387 0 0 0 2.71363e-05
0.000989714 0 0 0 2.74954e-05
0.000994061 0 0 0 2.78592e-05
0.000998426 0 0 0 2.82279e-05
0.00100281 0 0 0 2.86014e-05
0.00100721 0 0 0 2.89799e-05
0.00101164 0 0 0 2.93634e-05
0.00101608 0 0 0 2.97519e-05
0.00102054 0 0 0 3.01456e-05
0.00102503 0 0 0 3.05445e-05
0.00102953 0 0 0 3.09487e-05
0.00103405 0 0 0 3.13583e-05
0.00103859 0 0 0 3.17732e-05
0.00104315 0 0 0 3.21937e-05
0.00104773 0 0 0 3.26197e-05
0.00105233 0 0 0 3.30513e-05
0.00105695 0 0 0 3.34887e-05
0.0010616 0 0 0 3.39319e-05
0.00106626 0 0 0 3.43809e-05
0.00107094 0 0 0 3.48358e-05
0.00107564 0 0 0 3.52968e-05
0.00108037 0 0 0 3.57639e-05
0.00108511 0 0 0 3.62371e-05
0.00108988 0 0 0 3.67167e-05
0.00109466 0 0 0 3.72025e-05
0.00109947 0 0 0 3.76948e-05
0.0011043 0 0 0 3.81936e-05
0.00110915 0 0 0 3.86991e-05
0.00111402 0 0 0 3.92112e-05
0.00111891 0 0 0 3.973e-05
0.00112383 0 0 0 4.02558e-05
0.00112876 0 0 0 4.07885e-05
0.00113372 0 0 0 4.13282e-05
0.0011387 0 0 0 4.18751e-05
0.0011437 0 0 0 4.24292e-05
0.00114872 0 0 0 4.29907e-05
0.00115377 0 0 0 4.35596e-05
0.00115883 0 0 0 4.4136e-05
0.00116392 0 0 0 4.47201e-05
0.00116903 0 0 0 4.53118e-05
0.00117417 0 0 0 4.59114e-05
0.00117932 0 0 0 4.6519e-05
0.0011845 0 0 0 4.71346e-05
0.00118971 0 0 0 4.77583e-05
0.00119493 0 0 0 4.83903e-05
0.00120018 0 0 0 4.90306e-05
0.00120545 0 0 0 4.96794e-05
0.00121074 0 0 0 5.03368e-05
0.00121606 0 0 0 5.10029e-05
0.0012214 0 0 0 5.16778e-05
0.00122676 0 0 0 5.23617e-05
0.00123215 0 0 0 5.30546e-05
0.00123756 0 0 0 5.37566e-05
0.001243 0 0 0 5.4468e-05
0.00124846 0 0 0 5.51888e-05
0.00125394 0 0 0 5.59191e-05
0.00125945 0 0 0 5.6659e-05
0.00126498 0 0 0 5.74088e-05
0.00127053 0 0 0 5.81685e-05
0.00127611 0 0 0 5.89382e-05
0.00128172 0 0 0 5.97181e-05
0.00128735 0 0 0 6.05084e-05
0.001293 0 0 0 6.13091e-05
0.00129868 0 0 0 6.21204e-05
0.00130438 0 0 0 6.29424e-05
0.00131011 0 0 0 6.37753e-05
0.00131586 0 0 0 6.46192e-05
0.00132164 0 0 0 6.54743e-05
0.00132745 0 0 0 6.63408e-05
0.00133328 0 0 0 6.72186e-05
0.00133913 46.0821 0.000897862 6 6.81081e-05
0.00134501 0 0 0 6.90094e-05
0.00135092 0 0 0 6.99226e-05
0.00135685 0 0 0 7.08479e-05
0.00136281 0 0 0 7.17854e-05
0.0013688 0 0 0 7.27353e-05
0.00137481 0 0 0 7.36978e-05
0.00138084 0 0 0 7.4673e-05
0.00138691 0 0 0 7.56612e-05
0.001393 0 0 0 7.66624e-05
0.00139912 0 0 0 7.76769e-05
0.00140526 0 0 0 7.87047e-05
0.00141143 0 0 0 7.97462e-05
0.00141763 0 0 0 8.08015e-05
0.00142386 0 0 0 8.18707e-05
0.00143011 0 0 0 8.29541e-05
0.00143639 0 0 0 8.40518e-05
0.0014427 0 0 0 8.51641e-05
0.00144903 0 0 0 8.62911e-05
0.0014554 0 0 0 8.74329e-05
0.00146179 0 0 0 8.85899e-05
0.00146821 0 0 0 8.97622e-05
0.00147466 0 0 0 9.095e-05
0.00148113 0 0 0 9.21536e-05
0.00148764 0 0 0 9.3373e-05
0.00149417 0 0 0 9.46086e-05
0.00150073 0 0 0 9.58606e-05
0.00150732 0 0 0 9.71291e-05
0.00151394 0 0 0 9.84144e-05
0.00152059 0 0 0 9.97167e-05
0.00152727 0 0 0 0.000101036
0.00153398 0 0 0 0.000102373
0.00154071 0 0 0 0.000103728
0.00154748 0 0 0 0.000105101
0.00155428 0 0 0 0.000106491
0.0015611 0 0 0 0.0001079
0.00156796 0 0 0 0.000109328
0.00157484 0 0 0 0.000110775
0.00158176 0 0 0 0.000112241
0.00158871 0 0 0 0.000113726
0.00159568 0 0 0 0.000115231
0.00160269 0 0 0 0.000116756
0.00160973 0 0 0 0.000118301
0.0016168 0 0 0 0.000119866
0.0016239 0 0 0 0.000121453
0.00163103 0 0 0 0.00012306
0.00163819 0 0 0 0.000124688
0.00164539 0 0 0 0.000126338
0.00165261 0 0 0 0.00012801
0.00165987 0 0 0 0.000129704
0.00166716 0 0 0 0.00013142
0.00167448 0 0 0 0.000133159
0.00168184 0 0 0 0.000134921
0.00168922 0 0 0 0.000136707
0.00169664 0 0 0 0.000138516
0.00170409 0 0 0 0.000140349
0.00171158 0 0 0 0.000142206
0.00171909 0 0 0 0.000144088
0.00172664 0 0 0 0.000145995
0.00173422 0 0 0 0.000147926
0.00174184 0 0 0 0.000149884
0.00174949 0 0 0 0.000151867
0.00175717 0 0 0 0.000153877
0.00176489 0 0 0 0.000155913
0.00177264 0 0 0 0.000157976
0.00178043 0 0 0 0.000160067
0.00178824 0 0 0 0.000162185
0.0017961 0 0 0 0.000164331
0.00180399 0 0 0 0.000166506
0.00181191 0 0 0 0.000168709
0.00181987 0 0 0 0.000170942
0.00182786 0 0 0 0.000173204
0.00183589 0 0 0 0.000175496
0.00184395 0 0 0 0.000177818
0.00185205 0 0 0 0.000180171
0.00186018 0 0 0 0.000182555
0.00186835 0 0 0 0.000184971
0.00187655 0 0 0 0.000187419
0.00188479 0 0 0 0.000189899
0.00189307 39.9212 0.000275327 12 0.000192412
0.00190139 0 0 0 0.000194958
0.00190974 0 0 0 0.000197538
0.00191812 0 0 0 0.000200152
0.00192655 0 0 0 0.0002028
0.00193501 0 0 0 0.000205484
0.00194351 0 0 0 0.000208203
0.00195204 0 0 0 0.000210958
0.00196061 0 0 0 0.00021375
0.00196922 0 0 0 0.000216578
0.00197787 0 0 0 0.000219444
0.00198656 0 0 0 0.000222348
0.00199528 0 0 0 0.00022529
0.00200404 0 0 0 0.000228272
0.00201285 0 0 0 0.000231292
0.00202168 0 0 0 0.000234353
0.00203056 0 0 0 0.000237454
0.00203948 0 0 0 0.000240596
0.00204844 0 0 0 0.00024378
0.00205743 0 0 0 0.000247006
0.00206647 0 0 0 0.000250275
0.00207554 0 0 0 0.000253586
0.00208466 0 0 0 0.000256942
0.00209381 0 0 0 0.000260342
0.00210301 0 0 0 0.000263787
0.00211225 0 0 0 0.000267278
0.00212152 0 0 0 0.000270815
0.00213084 0 0 0 0.000274398
0.0021402 0 0 0 0.000278029
0.0021496 0 0 0 0.000281709
0.00215904 0 0 0 0.000285436
0.00216852 0 0 0 0.000289214
0.00217804 0 0 0 0.000293041
0.00218761 0 0 0 0.000296918
0.00219721 0 0 0 0.000300848
0.00220686 0 0 0 0.000304829
0.00221655 0 0 0 0.000308862
0.00222629 0 0 0 0.000312949
0.00223607 0 0 0 0.000317091
0.00224589 0 0 0 0.000321287
0.00225575 0 0 0 0.000325538
0.00226566 0 0 0 0.000329846
0.00227561 0 0 0 0.000334211
0.0022856 0 0 0 0.000338633
0.00229564 0 0 0 0.000343115
0.00230572 0 0 0 0.000347655
0.00231584 0 0 0 0.000352255
0.00232601 29.7141 0.000110477 8 0.000356917
0.00233623 0 0 0 0.00036164
0.00234649 0 0 0 0.000366425
0.00235679 0 0 0 0.000371274
0.00236714 0 0 0 0.000376187
0.00237754 0 0 0 0.000381165
0.00238798 0 0 0 0.000386209
0.00239847 0 0 0 0.00039132
0.002409 0 0 0 0.000396498
0.00241958 0 0 0 0.000401745
0.00243021 0 0 0 0.000407061
0.00244088 0 0 0 0.000412448
0.0024516 0 0 0 0.000417906
0.00246237 0 0 0 0.000423436
0.00247318 0 0 0 0.000429039
0.00248404 0 0 0 0.000434716
0.00249495 0 0 0 0.000440469
0.00250591 0 0 0 0.000446298
0.00251691 0 0 0 0.000452203
0.00252797 0 0 0 0.000458187
0.00253907 0 0 0 0.00046425
0.00255022 0 0 0 0.000470394
0.00256142 0 0 0 0.000476618
0.00257267 0 0 0 0.000482926
0.00258396 0 0 0 0.000489316
0.00259531 0 0 0 0.000495791
0.00260671 0 0 0 0.000502352
0.00261816 0 0 0 0.000508999
0.00262966 0 0 0 0.000515735
0.0026412 0 0 0 0.00052256
0.0026528 0 0 0 0.000529475
0.00266445 0 0 0 0.000536481
0.00267615 93.3068 0.000227785 6 0.00054358
0.00268791 0 0 0 0.000550773
0.00269971 0 0 0 0.000558062
0.00271157 0 0 0 0.000565446
0.00272348 0 0 0 0.000572929
0.00273544 0 0 0 0.00058051
0.00274745 0 0 0 0.000588192
0.00275952 0 0 0 0.000595976
0.00277163 0 0 0 0.000603862
0.00278381 0 0 0 0.000611853
0.00279603 0 0 0 0.000619949
0.00280831 0 0 0 0.000628153
0.00282064 0 0 0 0.000636465
0.00283303 0 0 0 0.000644888
0.00284547 0 0 0 0.000653421
0.00285797 0 0 0 0.000662068
0.00287052 0 0 0 0.000670829
0.00288313 0 0 0 0.000679706
0.00289579 0 0 0 0.000688701
0.00290851 0 0 0 0.000697814
0.00292128 0 0 0 0.000707048
0.00293411 0 0 0 0.000716404
0.00294699 0 0 0 0.000725885
0.00295994 0 0 0 0.00073549
0.00297293 0 0 0 0.000745223
0.00298599 0 0 0 0.000755084
0.0029991 124.392 0.000215756 24 0.000765076
0.00301228 0 0 0 0.0007752
0.0030255 0 0 0 0.000785458
0.00303879 0 0 0 0.000795852
0.00305214 0 0 0 0.000806384
0.00306554 0 0 0 0.000817054
0.003079 0 0 0 0.000827866
0.00309252 0 0 0 0.000838821
0.00310611 0 0 0 0.000849921
0.00311975 0 0 0 0.000861168
0.00313345 0 0 0 0.000872564
0.00314721 0 0 0 0.000884111
0.00316103 0 0 0 0.00089581
0.00317491 0 0 0 0.000907664
0.00318886 0 0 0 0.000919675
0.00320286 0 0 0 0.000931845
0.00321693 0 0 0 0.000944176
0.00323105 0 0 0 0.00095667
0.00324524 0 0 0 0.00096933
0.00325949 0 0 0 0.000982157
0.00327381 0 0 0 0.000995153
0.00328819 146.847 0.000193259 24 0.00100832
0.00330263 0 0 0 0.00102167
0.00331713 0 0 0 0.00103518
0.0033317 0 0 0 0.00104888
0.00334633 0 0 0 0.00106276
0.00336103 0 0 0 0.00107683
0.00337579 0 0 0 0.00109108
0.00339061 0 0 0 0.00110551
0.0034055 0 0 0 0.00112014
0.00342046 0 0 0 0.00113497
0.00343548 0 0 0 0.00114998
0.00345057 0 0 0 0.0011652
0.00346572 0 0 0 0.00118062
0.00348094 0 0 0 0.00119624
0.00349623 0 0 0 0.00121207
0.00351158 0 0 0 0.00122811
0.003527 0 0 0 0.00124436
0.00354249 0 0 0 0.00126083
0.00355805 0 0 0 0.00127752
0.00357368 0 0 0 0.00129442
0.00358937 0 0 0 0.00131155
0.00360513 0 0 0 0.00132891
0.00362097 0 0 0 0.00134649
0.00363687 0 0 0 0.00136431
0.00365284 0 0 0 0.00138236
0.00366888 0 0 0 0.00140065
0.00368499 0 0 0 0.00141919
0.00370118 0 0 0 0.00143797
0.00371743 0 0 0 0.001457
0.00373376 0 0 0 0.00147628
0.00375015 0 0 0 0.00149581
0.00376662 0 0 0 0.00151561
0.00378317 376.82 0.000325622 12 0.00153566
0.00379978 0 0 0 0.00155598
0.00381647 0 0 0 0.00157657
0.00383323 0 0 0 0.00159744
0.00385006 0 0 0 0.00161858
0.00386697 0 0 0 0.00163999
0.00388395 0 0 0 0.0016617
0.00390101 0 0 0 0.00168368
0.00391814 0 0 0 0.00170596
0.00393535 0 0 0 0.00172854
0.00395263 0 0 0 0.00175141
0.00396999 0 0 0 0.00177459
0.00398742 0 0 0 0.00179807
0.00400494 0 0 0 0.00182187
0.00402252 157.074 0.000112915 30 0.00184597
0.00404019 0 0 0 0.0018704
0.00405793 0 0 0 0.00189515
0.00407575 0 0 0 0.00192023
0.00409365 0 0 0 0.00194564
0.00411163 0 0 0 0.00197139
0.00412969 0 0 0 0.00199747
0.00414782 0 0 0 0.00202391
0.00416604 0 0 0 0.00205069
0.00418433 0 0 0 0.00207783
0.00420271 0 0 0 0.00210532
0.00422117 0 0 0 0.00213318
0.00423971 197.512 0.000121264 24 0.00216141
0.00425832 0 0 0 0.00219001
0.00427703 0 0 0 0.00221899
0.00429581 0 0 0 0.00224835
0.00431467 0 0 0 0.00227811
0.00433362 0 0 0 0.00230825
0.00435265 0 0 0 0.0023388
0.00437177 0 0 0 0.00236975
0.00439097 0 0 0 0.0024011
0.00441025 0 0 0 0.00243288
0.00442962 0 0 0 0.00246507
0.00444907 142.801 7.58698e-05 24 0.00249769
0.00446861 0 0 0 0.00253074
0.00448824 0 0 0 0.00256423
0.00450795 0 0 0 0.00259816
0.00452775 0 0 0 0.00263255
0.00454763 0 0 0 0.00266738
0.0045676 0 0 0 0.00270268
0.00458766 0 0 0 0.00273844
0.00460781 0 0 0 0.00277468
0.00462804 0 0 0 0.0028114
0.00464837 246.068 0.00011463 8 0.0028486
0.00466878 0 0 0 0.0028863
0.00468929 0 0 0 0.00292449
0.00470988 0 0 0 0.00296319
0.00473056 0 0 0 0.0030024
0.00475134 0 0 0 0.00304213
0.00477221 0 0 0 0.00308239
0.00479316 0 0 0 0.00312318
0.00481421 0 0 0 0.0031645
0.00483536 268.299 0.00011104 24 0.00320638
0.00485659 0 0 0 0.00324881
0.00487792 0 0 0 0.0032918
0.00489934 0 0 0 0.00333536
0.00492086 0 0 0 0.0033795
0.00494247 0 0 0 0.00342422
0.00496417 0 0 0 0.00346953
0.00498597 0 0 0 0.00351544
0.00500787 251.444 9.36758e-05 48 0.00356196
0.00502986 0 0 0 0.0036091
0.00505195 0 0 0 0.00365685
0.00507414 0 0 0 0.00370525
0.00509642 0 0 0 0.00375428
0.0051188 0 0 0 0.00380396
0.00514128 0 0 0 0.00385429
0.00516386 0 0 0 0.0039053
0.00518654 0 0 0 0.00395698
0.00520932 0 0 0 0.00400934
0.0052322 0 0 0 0.00406239
0.00525517 0 0 0 0.00411615
0.00527825 0 0 0 0.00417062
0.00530143 0 0 0 0.00422581
0.00532472 0 0 0 0.00428173
0.0053481 0 0 0 0.00433839
0.00537159 472.825 0.000142738 6 0.0043958
0.00539518 0 0 0 0.00445396
0.00541887 0 0 0 0.0045129
0.00544267 0 0 0 0.00457262
0.00546657 0 0 0 0.00463313
0.00549058 0 0 0 0.00469444
0.00551469 207.716 5.79499e-05 48 0.00475656
0.00553891 0 0 0 0.0048195
0.00556323 0 0 0 0.00488328
0.00558766 0 0 0 0.0049479
0.0056122 0 0 0 0.00501338
0.00563685 0 0 0 0.00507972
0.00566161 0 0 0 0.00514694
0.00568647 211.985 5.39415e-05 36 0.00521504
0.00571144 0 0 0 0.00528405
0.00573653 0 0 0 0.00535398
0.00576172 0 0 0 0.00542483
0.00578702 0 0 0 0.00549661
0.00581244 0 0 0 0.00556935
0.00583796 213.46 5.0197e-05 24 0.00564305
0.0058636 0 0 0 0.00571772
0.00588935 0 0 0 0.00579338
0.00591521 0 0 0 0.00587005
0.00594119 0 0 0 0.00594772
0.00596728 0 0 0 0.00602643
0.00599349 217.449 4.72569e-05 24 0.00610618
0.00601981 0 0 0 0.00618698
0.00604625 0 0 0 0.00626885
0.0060728 0 0 0 0.0063518
0.00609947 0 0 0 0.00643586
0.00612626 0 0 0 0.00652102
0.00615316 306.235 6.15044e-05 48 0.00660731
0.00618018 0 0 0 0.00669475
0.00620733 0 0 0 0.00678334
0.00623459 0 0 0 0.0068731
0.00626197 0 0 0 0.00696405
0.00628947 270.293 5.08322e-05 24 0.00705621
0.00631709 0 0 0 0.00714958
0.00634483 0 0 0 0.00724419
0.00637269 0 0 0 0.00734005
0.00640068 0 0 0 0.00743718
0.00642879 0 0 0 0.0075356
0.00645702 0 0 0 0.00763531
0.00648538 0 0 0 0.00773635
0.00651386 0 0 0 0.00783872
0.00654247 0 0 0 0.00794245
0.0065712 335.674 5.53515e-05 24 0.00804755
0.00660006 0 0 0 0.00815405
0.00662904 0 0 0 0.00826195
0.00665816 0 0 0 0.00837128
0.0066874 315.572 4.93712e-05 30 0.00848205
0.00671676 0 0 0 0.0085943
0.00674626 0 0 0 0.00870802
0.00677589 0 0 0 0.00882325
0.00680565 0 0 0 0.00894001
0.00683553 275.899 4.04183e-05 72 0.00905831
0.00686555 0 0 0 0.00917818
0.00689571 0 0 0 0.00929964
0.00692599 0 0 0 0.0094227
0.0069564 293.572 4.08044e-05 32 0.00954739
0.00698696 0 0 0 0.00967372
0.00701764 0 0 0 0.00980174
0.00704846 0 0 0 0.00993144
0.00707941 0 0 0 0.0100629
0.0071105 0 0 0 0.010196
0.00714173 0 0 0 0.0103309
0.00717309 0 0 0 0.0104677
0.0072046 300.367 3.75811e-05 72 0.0106062
0.00723624 0 0 0 0.0107465
0.00726801 0 0 0 0.0108887
0.00729993 0 0 0 0.0110328
0.00733199 344.979 4.09518e-05 48 0.0111788
0.00736419 0 0 0 0.0113267
0.00739653 0 0 0 0.0114766
0.00742901 0 0 0 0.0116285
0.00746164 0 0 0 0.0117824
0.00749441 0 0 0 0.0119383
0.00752732 0 0 0 0.0120963
0.00756038 0 0 0 0.0122563
0.00759358 344.678 3.68316e-05 12 0.0124185
0.00762693 0 0 0 0.0125829
0.00766042 0 0 0 0.0127494
0.00769407 456.768 4.69217e-05 48 0.0129181
0.00772786 0 0 0 0.013089
0.00776179 0 0 0 0.0132622
0.00779588 0 0 0 0.0134377
0.00783012 342.468 3.33781e-05 48 0.0136155
0.0078645 0 0 0 0.0137957
0.00789904 0 0 0 0.0139783
0.00793373 431.295 4.04099e-05 48 0.0141632
0.00796857 0 0 0 0.0143507
0.00800357 0 0 0 0.0145406
0.00803872 436.71 3.93349e-05 30 0.014733
0.00807402 0 0 0 0.0149279
0.00810948 0 0 0 0.0151255
0.00814509 427.533 3.70192e-05 24 0.0153256
0.00818086 0 0 0 0.0155284
0.00821679 0 0 0 0.0157339
0.00825288 468.743 3.90179e-05 72 0.0159421
0.00828912 0 0 0 0.0161531
0.00832552 0 0 0 0.0163668
0.00836209 0 0 0 0.0165834
0.00839881 0 0 0 0.0168029
0.00843569 0 0 0 0.0170252
0.00847274 355.201 2.73243e-05 24 0.0172505
0.00850995 0 0 0 0.0174788
0.00854732 0 0 0 0.0177101
0.00858486 514.167 3.80233e-05 96 0.0179444
0.00862256 0 0 0 0.0181819
0.00866043 0 0 0 0.0184225
0.00869846 475.694 3.38179e-05 48 0.0186663
0.00873666 0 0 0 0.0189133
0.00877503 764.103 5.29117e-05 24 0.0191635
0.00881357 0 0 0 0.0194171
0.00885227 0 0 0 0.0196741
0.00889115 396.307 2.63818e-05 24 0.0199344
0.0089302 0 0 0 0.0201982
0.00896941 0 0 0 0.0204655
0.0090088 327.797 2.09773e-05 72 0.0207363
0.00904837 0 0 0 0.0210107
0.00908811 559.017 3.48458e-05 48 0.0212887
0.00912802 0 0 0 0.0215704
0.0091681 0 0 0 0.0218559
0.00920837 0 0 0 0.0221451
0.00924881 0 0 0 0.0224381
0.00928942 380.383 2.22024e-05 8 0.0227351
0.00933022 0 0 0 0.0230359
0.0093712 312.755 1.77814e-05 54 0.0233407
0.00941235 0 0 0 0.0236496
0.00945369 0 0 0 0.0239626
0.0094952 554.908 3.03288e-05 84 0.0242797
0.0095369 0 0 0 0.024601
0.00957879 525.006 2.79498e-05 48 0.0249265
0.00962085 0 0 0 0.0252563
0.0096631 403.147 2.09055e-05 24 0.0255906
0.00970554 0 0 0 0.0259292
0.00974816 474.487 2.39664e-05 72 0.0262723
0.00979097 0 0 0 0.02662
0.00983397 485.528 2.38877e-05 96 0.0269722
0.00987716 0 0 0 0.0273291
0.00992054 0 0 0 0.0276908
0.0099641 0 0 0 0.0280572
0.0100079 0 0 0 0.0284285
0.0100518 413.746 1.9061e-05 48 0.0288047
0.010096 0 0 0 0.0291859
0.0101403 417.71 1.87443e-05 48 0.0295721
0.0101848 0 0 0 0.0299634
0.0102296 329.456 1.44003e-05 24 0.0303599
0.0102745 396.751 1.71153e-05 72 0.0307616
0.0103196 0 0 0 0.0311687
0.0103649 0 0 0 0.0315812
0.0104104 0 0 0 0.0319991
0.0104562 515.426 2.10958e-05 72 0.0324225
0.0105021 0 0 0 0.0328515
0.0105482 538.995 2.1488e-05 96 0.0332863
0.0105945 0 0 0 0.0337267
0.0106411 0 0 0 0.034173
0.0106878 0 0 0 0.0346252
0.0107347 409.028 1.54713e-05 6 0.0350834
0.0107819 0 0 0 0.0355477
0.0108292 629.388 2.31885e-05 96 0.0360181
0.0108768 509.005 1.85084e-05 96 0.0364947
0.0109245 0 0 0 0.0369776
0.0109725 617.958 2.1887e-05 24 0.037467
0.0110207 0 0 0 0.0379628
0.0110691 541.062 1.86662e-05 48 0.0384651
0.0111177 541.146 1.84253e-05 96 0.0389741
0.0111665 0 0 0 0.0394899
0.0112156 527.633 1.7499e-05 48 0.0400124
0.0112648 0 0 0 0.0405419
0.0113143 0 0 0 0.0410784
0.011364 519.753 1.65711e-05 36 0.041622
0.0114139 0 0 0 0.0421728
0.011464 499.622 1.55159e-05 48 0.0427308
0.0115144 484.06 1.48363e-05 120 0.0432963
0.0115649 0 0 0 0.0438692
0.0116157 589.708 1.76053e-05 56 0.0444497
0.0116667 630.228 1.85693e-05 24 0.0450379
0.011718 0 0 0 0.0456339
0.0117694 581.087 1.66771e-05 96 0.0462378
0.0118211 467.321 1.32369e-05 48 0.0468496
0.011873 0 0 0 0.0474696
0.0119252 0 0 0 0.0480977
0.0119776 409.841 1.11598e-05 24 0.0487342
0.0120302 0 0 0 0.0493791
0.012083 587.892 1.55927e-05 102 0.0500325
0.012136 622.542 1.62961e-05 48 0.0506946
0.0121893 625.493 1.61595e-05 72 0.0513654
0.0122429 0 0 0 0.0520452
0.0122966 767.817 1.93216e-05 48 0.0527339
0.0123506 447.285 1.11087e-05 48 0.0534317
0.0124049 568.991 1.39468e-05 120 0.0541387
0.0124594 0 0 0 0.0548551
0.0125141 0 0 0 0.055581
0.012569 514.384 1.21207e-05 24 0.0563165
0.0126242 606.256 1.4099e-05 144 0.0570618
0.0126797 0 0 0 0.0578169
0.0127354 494.329 1.11977e-05 120 0.0585819
0.0127913 452.584 1.01182e-05 48 0.0593571
0.0128475 0 0 0 0.0601426
0.0129039 612.206 1.33316e-05 48 0.0609385
0.0129606 0 0 0 0.0617449
0.0130175 719.33 1.52579e-05 96 0.0625619
0.0130746 0 0 0 0.0633898
0.0131321 768.524 1.58783e-05 24 0.0642286
0.0131897 537.742 1.09651e-05 48 0.0650785
0.0132477 730.55 1.47021e-05 108 0.0659397
0.0133058 0 0 0 0.0668123
0.0133643 725.209 1.42159e-05 72 0.0676964
0.013423 388.825 7.52239e-06 30 0.0685922
0.0134819 580.05 1.10753e-05 168 0.0694999
0.0135411 814.906 1.53564e-05 48 0.0704196
0.0136006 0 0 0 0.0713514
0.0136603 680.383 1.24887e-05 72 0.0722956
0.0137203 678.43 1.22902e-05 96 0.0732523
0.0137806 845.475 1.51163e-05 72 0.0742216
0.0138411 675.033 1.19114e-05 72 0.0752038
0.0139019 640.202 1.11492e-05 32 0.076199
0.0139629 0 0 0 0.0772073
0.0140242 868.804 1.47377e-05 72 0.078229
0.0140858 537.581 9.00001e-06 144 0.0792642
0.0141477 0 0 0 0.0803131
0.0142098 0 0 0 0.0813758
0.0142722 531.238 8.54989e-06 96 0.0824527
0.0143349 585.967 9.30754e-06 96 0.0835438
0.0143979 653.563 1.02457e-05 48 0.0846493
0.0144611 694.56 1.07462e-05 72 0.0857694
0.0145246 699.405 1.06798e-05 120 0.0869044
0.0145884 737.566 1.11154e-05 72 0.0880544
0.0146524 701.372 1.04319e-05 48 0.0892196
0.0147168 793.143 1.16428e-05 78 0.0904002
0.0147814 965.409 1.39865e-05 120 0.0915965
0.0148463 779.311 1.11429e-05 48 0.0928086
0.0149115 0 0 0 0.0940367
0.014977 714.71 9.95404e-06 144 0.0952811
0.0150428 787.639 1.08265e-05 144 0.0965419
0.0151089 0 0 0 0.0978195
0.0151752 1296.46 1.7358e-05 12 0.0991139
0.0152419 659.963 8.7207e-06 144 0.100425
0.0153088 633.732 8.26473e-06 168 0.101754
0.015376 934.351 1.20261e-05 48 0.103101
0.0154436 621.621 7.89642e-06 48 0.104465
0.0155114 647.653 8.11966e-06 168 0.105848
0.0155795 0 0 0 0.107248
0.0156479 753.535 9.20195e-06 48 0.108667
0.0157166 805.613 9.70943e-06 192 0.110105
0.0157857 788.466 9.37866e-06 72 0.111562
0.015855 669.057 7.85437e-06 48 0.113039
0.0159246 749.073 8.67887e-06 96 0.114535
0.0159945 927.004 1.06001e-05 48 0.11605
0.0160648 445.622 5.02906e-06 30 0.117586
0.0161353 603.549 6.72239e-06 96 0.119142
0.0162062 675.534 7.42591e-06 192 0.120718
0.0162774 1049.81 1.13895e-05 80 0.122316
0.0163489 935.429 1.0016e-05 168 0.123934
0.0164207 698.433 7.38072e-06 120 0.125574
0.0164928 721.56 7.52554e-06 72 0.127236
0.0165652 740.091 7.618e-06 144 0.12892
0.0166379 803.398 8.16164e-06 96 0.130626
0.016711 716.247 7.18125e-06 96 0.132354
0.0167844 601.677 5.95376e-06 72 0.134106
0.0168581 799.479 7.80775e-06 96 0.13588
0.0169322 567.177 5.46674e-06 24 0.137679
0.0170065 713.28 6.78517e-06 192 0.1395
0.0170812 775.8 7.28351e-06 132 0.141346
0.0171562 656.136 6.07961e-06 96 0.143217
0.0172316 694.224 6.34852e-06 96 0.145112
0.0173072 715.704 6.45947e-06 120 0.147032
0.0173832 863.356 7.69031e-06 48 0.148978
0.0174596 768.071 6.75221e-06 222 0.150949
0.0175363 839.035 7.27974e-06 120 0.152947
0.0176133 718.405 6.1517e-06 192 0.154971
0.0176906 909.805 7.68891e-06 144 0.157021
0.0177683 1242.17 1.03607e-05 24 0.159099
0.0178463 776.038 6.38824e-06 144 0.161205
0.0179247 876.764 7.12315e-06 120 0.163338
0.0180034 819.393 6.5701e-06 192 0.165499
0.0180825 818.177 6.47467e-06 144 0.167689
0.0181619 603.907 4.71663e-06 48 0.169908
0.0182417 854.466 6.58638e-06 336 0.172157
0.0183218 960.92 7.31021e-06 48 0.174435
0.0184022 864.335 6.48956e-06 192 0.176743
0.0184831 999.498 7.40638e-06 48 0.179082
0.0185642 1283.91 9.38963e-06 8 0.181452
0.0186458 881.526 6.36269e-06 288 0.183853
0.0187276 922.222 6.5695e-06 150 0.186286
0.0188099 1054.71 7.41514e-06 120 0.188751
0.0188925 777.97 5.3981e-06 120 0.191248
0.0189755 948.112 6.49274e-06 228 0.193779
0.0190588 793.495 5.36295e-06 168 0.196344
0.0191425 1018.63 6.79463e-06 48 0.198942
0.0192266 887.472 5.84246e-06 336 0.201574
0.019311 799.903 5.19719e-06 24 0.204242
0.0193958 770.995 4.94395e-06 336 0.206944
0.019481 621.785 3.93507e-06 144 0.209683
0.0195665 848.853 5.30196e-06 168 0.212458
0.0196525 0 0 0 0.215269
0.0197388 870.755 5.29763e-06 192 0.218118
0.0198255 925.458 5.5569e-06 216 0.221004
0.0199125 924.121 5.4764e-06 192 0.223928
0.02 832.257 4.8676e-06 144 0.226892
0.0200878 925.018 5.33947e-06 198 0.229894
0.020176 923.635 5.26186e-06 216 0.232936
0.0202646 1005.66 5.65434e-06 168 0.236019
0.0203536 990.965 5.49894e-06 240 0.239142
0.020443 836.603 4.58174e-06 168 0.242306
0.0205328 826.368 4.46658e-06 264 0.245513
0.020623 900.399 4.80316e-06 216 0.248762
0.0207135 1044.09 5.49696e-06 96 0.252053
0.0208045 1026.2 5.33221e-06 144 0.255389
0.0208959 1108.16 5.68286e-06 308 0.258768
0.0209876 811.269 4.10601e-06 312 0.262193
0.0210798 818.241 4.08721e-06 96 0.265662
0.0211724 911.661 4.49439e-06 288 0.269178
0.0212654 849.923 4.1353e-06 168 0.27274
0.0213588 831.371 3.99221e-06 240 0.276349
0.0214526 876.866 4.15568e-06 198 0.280006
0.0215468 1044.68 4.88631e-06 192 0.283711
0.0216414 881.42 4.06887e-06 312 0.287465
0.0217364 936.503 4.26668e-06 168 0.291269
0.0218319 886.247 3.98499e-06 336 0.295124
0.0219278 814.043 3.61252e-06 72 0.299029
0.0220241 853.912 3.73996e-06 456 0.302986
0.0221208 1024.01 4.42639e-06 144 0.306995
0.0222179 969.643 4.13663e-06 264 0.311058
0.0223155 1065.66 4.4869e-06 336 0.315174
0.0224135 916.263 3.80747e-06 48 0.319345
0.0225119 1060.09 4.3476e-06 408 0.32357
0.0226108 1033.26 4.18222e-06 192 0.327852
0.0227101 1028.85 4.11001e-06 180 0.332191
0.0228098 1141.21 4.49932e-06 342 0.336586
0.02291 911.675 3.5474e-06 360 0.34104
0.0230106 1072.29 4.11786e-06 168 0.345553
0.0231117 1127.54 4.27349e-06 384 0.350126
0.0232132 1114.02 4.16712e-06 344 0.354759
0.0233151 1203.35 4.44246e-06 144 0.359454
0.0234175 1006.4 3.66684e-06 456 0.36421
0.0235204 955.781 3.43695e-06 312 0.36903
0.0236236 945.649 3.3561e-06 96 0.373913
0.0237274 962.254 3.37043e-06 456 0.378861
0.0238316 1105.81 3.82268e-06 264 0.383875
0.0239363 927.645 3.16489e-06 168 0.388954
0.0240414 1107.9 3.73051e-06 432 0.394101
0.024147 1163.17 3.86547e-06 270 0.399316
0.024253 1185.82 3.88926e-06 312 0.4046
0.0243595 1104.66 3.57575e-06 456 0.409954
0.0244665 1105.39 3.53141e-06 336 0.415379
0.0245739 1275.28 4.02092e-06 144 0.420876
0.0246819 1157.06 3.60055e-06 372 0.426445
0.0247903 1073.88 3.29805e-06 552 0.432089
0.0248991 1140.64 3.45734e-06 336 0.437806
0.0250085 1059.14 3.16839e-06 288 0.4436
0.0251183 981.475 2.89771e-06 264 0.44947
0.0252286 1038.31 3.02547e-06 480 0.455418
0.0253394 1100.1 3.16367e-06 312 0.461444
0.0254507 1075.1 3.05139e-06 462 0.46755
0.0255625 1030.46 2.88649e-06 392 0.473737
0.0256747 1018.15 2.81475e-06 144 0.480006
0.0257875 1077.44 2.93977e-06 624 0.486358
0.0259007 1140.07 3.07003e-06 504 0.492794
0.0260145 1032.98 2.74533e-06 480 0.499315
0.0261287 1135.87 2.97933e-06 312 0.505922
0.0262435 1138.6 2.94749e-06 216 0.512617
0.0263587 1250.52 3.19494e-06 408 0.519401
0.0264745 1138.87 2.8717e-06 456 0.526274
0.0265907 1094.94 2.72486e-06 564 0.533238
0.0267075 1134.67 2.78686e-06 384 0.540294
0.0268248 1189.24 2.88275e-06 462 0.547444
0.0269426 1143.53 2.73573e-06 432 0.554688
0.0270609 1298.47 3.06584e-06 432 0.562028
0.0271798 1316.13 3.06695e-06 336 0.569465
0.0272991 1292.14 2.97172e-06 552 0.577001
0.027419 1179.54 2.67734e-06 552 0.584637
0.0275394 1058.08 2.37029e-06 240 0.592373
0.0276604 1188.34 2.62732e-06 744 0.600212
0.0277819 1152.85 2.51555e-06 408 0.608154
0.0279039 1177.57 2.53594e-06 560 0.616202
0.0280264 1221.07 2.59529e-06 408 0.624356
0.0281495 1233.04 2.58649e-06 510 0.632618
0.0282731 1076.93 2.22952e-06 600 0.640989
0.0283973 1207.86 2.46793e-06 492 0.649472
0.028522 1170.29 2.35993e-06 552 0.658066
0.0286472 1226.15 2.44028e-06 504 0.666774
0.0287731 1213.15 2.38289e-06 696 0.675597
0.0288994 1345.62 2.60857e-06 360 0.684537
0.0290263 1312.23 2.51061e-06 720 0.693596
0.0291538 1124.05 2.1225e-06 576 0.702774
0.0292818 1372.05 2.55695e-06 312 0.712074
0.0294104 1225.05 2.25318e-06 576 0.721497
0.0295396 1326.78 2.40842e-06 630 0.731044
0.0296693 1382.56 2.47689e-06 792 0.740718
0.0297996 1358.45 2.40191e-06 480 0.75052
0.0299305 1284.17 2.24093e-06 600 0.760451
0.0300619 1351.33 2.32731e-06 600 0.770514
0.030194 1351.48 2.29719e-06 800 0.78071
0.0303266 1338.16 2.24484e-06 588 0.791041
0.0304597 1308.31 2.16609e-06 624 0.801509
0.0305935 1259.31 2.05775e-06 672 0.812115
0.0307279 1542.55 2.48764e-06 504 0.822862
0.0308628 1410.77 2.24541e-06 798 0.833751
0.0309983 1512.97 2.37663e-06 696 0.844784
0.0311345 1376.81 2.1345e-06 456 0.855963
0.0312712 1382.44 2.11524e-06 1008 0.867289
0.0314085 1383.02 2.08849e-06 696 0.878766
0.0315465 1399.98 2.08648e-06 624 0.890395
0.031685 1439.1 2.11677e-06 744 0.902177
0.0318242 1438.43 2.08816e-06 912 0.914116
0.0319639 1507.44 2.15976e-06 744 0.926212
0.0321043 1460.32 2.06492e-06 414 0.938468
0.0322453 1466.96 2.04723e-06 924 0.950887
0.0323869 1452.1 2.00002e-06 888 0.96347
0.0325291 1694.55 2.30347e-06 656 0.976219
0.032672 1594.5 2.13917e-06 960 0.989138
0.0328155 1733.66 2.29549e-06 600 1.00223
0.0329596 1583.68 2.06952e-06 864 1.01549
0.0331043 1684.39 2.17237e-06 792 1.02893
0.0332497 1833.84 2.33423e-06 912 1.04254
0.0333957 1629.76 2.04736e-06 744 1.05634
0.0335424 1488.83 1.8459e-06 723 1.07032
0.0336897 1750.78 2.14233e-06 1116 1.08448
0.0338377 1792.02 2.16415e-06 624 1.09883
0.0339863 1622.56 1.93391e-06 912 1.11337
0.0341355 1653.36 1.94488e-06 1032 1.1281
0.0342854 1758.96 2.04209e-06 828 1.14303
0.034436 1692.09 1.9388e-06 876 1.15816
0.0345872 1747.97 1.97666e-06 816 1.17348
0.0347391 1705.57 1.90353e-06 732 1.18901
0.0348917 1821.26 2.00609e-06 884 1.20475
0.0350449 1798.11 1.95473e-06 960 1.22069
0.0351988 1522.78 1.6338e-06 852 1.23684
0.0353534 1725.12 1.82672e-06 780 1.25321
0.0355087 1742.78 1.82132e-06 720 1.26979
0.0356646 1834.85 1.8925e-06 1044 1.2866
0.0358212 1761.32 1.79293e-06 864 1.30362
0.0359785 2126.82 2.13671e-06 648 1.32087
0.0361366 1948.21 1.93171e-06 924 1.33835
0.0362952 1811.35 1.77255e-06 912 1.35606
0.0364546 1943.7 1.87722e-06 792 1.37401
0.0366147 1829.59 1.74394e-06 996 1.39219
0.0367755 2018.9 1.89926e-06 828 1.41061
0.036937 2095.75 1.94581e-06 768 1.42928
0.0370993 1812.16 1.66053e-06 596 1.44819
0.0372622 1863.12 1.68493e-06 1128 1.46735
0.0374258 1868.74 1.66794e-06 840 1.48677
0.0375902 2078.64 1.83105e-06 732 1.50645
0.0377553 1911.85 1.66214e-06 564 1.52638
0.0379211 2094.76 1.79737e-06 924 1.54658
0.0380876 1935.66 1.63917e-06 1080 1.56704
0.0382549 2154.03 1.80027e-06 648 1.58778
0.0384229 2103.91 1.73542e-06 936 1.60879
0.0385916 2221.8 1.80872e-06 480 1.63008
0.0387611 2102.32 1.6891e-06 768 1.65165
0.0389313 1985.84 1.57468e-06 984 1.67351
0.0391023 1975.41 1.54595e-06 972 1.69565
0.039274 1962.12 1.51549e-06 552 1.71809
0.0394465 2173.29 1.65668e-06 908 1.74083
0.0396197 2348.4 1.76679e-06 576 1.76386
0.0397937 2159.81 1.60368e-06 888 1.7872
0.0399685 2119.46 1.55317e-06 768 1.81085
0.040144 2292.22 1.65783e-06 624 1.83482
0.0403203 2349.99 1.67742e-06 744 1.8591
0.0404974 2364.17 1.6655e-06 720 1.8837
0.0406752 2145.15 1.49146e-06 672 1.90862
0.0408539 2409.11 1.65312e-06 816 1.93388
0.0410333 2364.39 1.60124e-06 816 1.95947
0.0412135 2588.81 1.73032e-06 660 1.9854
0.0413945 2500.36 1.64938e-06 648 2.01167
0.0415763 2444.49 1.59146e-06 684 2.03829
0.0417589 2590.43 1.66445e-06 668 2.06527
0.0419423 2823.49 1.79051e-06 624 2.09259
0.0421264 2356.22 1.47468e-06 804 2.12029
0.0423115 2710.8 1.67444e-06 504 2.14834
0.0424973 2503.42 1.52615e-06 504 2.17677
0.0426839 2607.16 1.56863e-06 804 2.20558
0.0428714 2868.1 1.70309e-06 684 2.23476
0.0430596 2834.7 1.66128e-06 624 2.26434
0.0432487 2511.32 1.45254e-06 432 2.2943
0.0434387 3011.85 1.71929e-06 648 2.32466
0.0436294 3064.14 1.7263e-06 660 2.35542
0.043821 2721.87 1.51344e-06 540 2.38659
0.0440135 3196.66 1.75422e-06 540 2.41817
0.0442068 2953.45 1.59959e-06 512 2.45017
0.0444009 2733.02 1.46087e-06 552 2.48259
0.0445959 3280.69 1.73072e-06 516 2.51545
0.0447918 3037.34 1.58141e-06 552 2.54873
0.0449885 2993.14 1.53804e-06 456 2.58246
0.045186 2889.5 1.4654e-06 540 2.61663
0.0453845 3605.03 1.8044e-06 288 2.65126
0.0455838 4123.1 2.03675e-06 552 2.68634
0.045784 3087.2 1.50511e-06 456 2.72189
0.045985 3782.25 1.8199e-06 456 2.75791
0.046187 3874.87 1.84011e-06 288 2.7944
0.0463898 3201.89 1.50067e-06 368 2.83138
0.0465936 3772.71 1.7451e-06 432 2.86885
0.0467982 3770.08 1.72111e-06 288 2.90681
0.0470037 3878.93 1.74768e-06 384 2.94528
0.0472101 3497.89 1.55541e-06 264 2.98425
0.0474175 3441.18 1.51022e-06 375 3.02374
0.0476257 3973.13 1.7209e-06 228 3.06375
0.0478349 3229.8 1.38067e-06 258 3.1043
0.0480449 3441.14 1.4518e-06 270 3.14538
0.0482559 3726.82 1.55179e-06 294 3.187
0.0484678 4209.4 1.72984e-06 144 3.22917
0.0486807 5261.23 2.13384e-06 206 3.2719
0.0488945 4710.26 1.88543e-06 222 3.3152
0.0491092 4820.11 1.90421e-06 228 3.35907
0.0493249 3980.87 1.55212e-06 126 3.40352
0.0495415 4572.16 1.75938e-06 198 3.44856
0.0497591 3337.73 1.26759e-06 240 3.49419
0.0499776 3717.37 1.39333e-06 102 3.54043
0.0501971 5445.46 2.0144e-06 72 3.58728
0.0504175 4344.68 1.58621e-06 198 3.63475
0.0506389 4852.42 1.74844e-06 180 3.68285
0.0508613 4079.73 1.45082e-06 54 3.73158
0.0510847 5346.29 1.8764e-06 128 3.78096
0.051309 4403.57 1.52535e-06 144 3.83099
0.0515344 5634.85 1.92636e-06 54 3.88169
0.0517607 6491.96 2.19039e-06 48 3.93306
0.051988 5040.66 1.67851e-06 162 3.9851
0.0522163 5996.33 1.97066e-06 48 4.03784
0.0524456 8523.33 2.76457e-06 24 4.09127
0.052676 5934.73 1.89981e-06 126 4.14541
0.0529073 4461.04 1.4094e-06 72 4.20026
0.0531396 5465.34 1.70415e-06 6 4.25584
0.053373 7412.14 2.281e-06 56 4.31216
0.0536074 7478.86 2.27147e-06 84 4.36922
0.0538428 10501.3 3.14777e-06 6 4.42704
0.0540793 8119.02 2.40191e-06 24 4.48562
0.0543168 9067.93 2.6476e-06 72 4.54498
0.0545553 11772 3.39223e-06 6 4.60512
0.0547949 0 0 0 4.66606
0.0550356 6851.43 1.92308e-06 66 4.72781
0.0552772 0 0 0 4.79037
0.05552 0 0 0 4.85376
0.0557638 5021.29 1.35489e-06 38 4.91799
0.0560087 0 0 0 4.98307
0.0562547 0 0 0 5.04901
0.0565017 13212.9 3.42735e-06 18 5.11582
0.0567499 0 0 0 5.18352
0.0569991 0 0 0 5.25211
0.0572494 21131.5 5.26943e-06 6 5.32161
0.0575008 0 0 0 5.39203
0.0577534 0 0 0 5.46339
0.058007 37245.5 8.92851e-06 1 5.53568
0.0582617 0 0 0 5.60893
0.0585176 0 0 0 5.68316
0.0587746 0 0 0 5.75836
0.0590327 0 0 0 5.83456
0.059292 0 0 0 5.91177
0.0595524 0 0 0 5.99
0.0598139 0 0 0 6.06926
0.0600766 0 0 0 6.14958
0.0603404 0 0 0 6.23095
0.0606054 0 0 0 6.31341
0.0608716 0 0 0 6.39695
0.0611389 0 0 0 6.4816
0.0614074 0 0 0 6.56737
0.0616771 0 0 0 6.65428
0.0619479 0 0 0 6.74233
0.06222 0 0 0 6.83155
0.0624932 0 0 0 6.92195
0.0627677 0 0 0 7.01355
0.0630433 0 0 0 7.10636
0.0633202 0 0 0 7.2004
0.0635983 0 0 0 7.29568
0.0638776 0 0 0 7.39222
0.0641581 0 0 0 7.49004
0.0644399 0 0 0 7.58916
0.0647229 0 0 0 7.68958
0.0650071 0 0 0 7.79134
0.0652926 0 0 0 7.89444
0.0655793 0 0 0 7.99891
0.0658673 0 0 0 8.10476
0.0661566 0 0 0 8.212
0.0664471 0 0 0 8.32067
0.0667389 0 0 0 8.43078
0.067032 0 0 0 8.54234
0.0673264 0 0 0 8.65538
0.0676221 0 0 0 8.76992
0.0679191 0 0 0 8.88597
0.0682173 0 0 0 9.00356
0.0685169 0 0 0 9.1227
0.0688178 0 0 0 9.24342
0.06912 0 0 0 9.36574
0.0694236 0 0 0 9.48967
0.0697285 0 0 0 9.61525
0.0700347 0 0 0 9.74248
0.0703423 0 0 0 9.87141
0.0706512 0 0 0 10.002
0.0709615 0 0 0 10.1344
0.0712731 0 0 0 10.2685
0.0715861 0 0 0 10.4044
0.0719005 0 0 0 10.5421
0.0722162 0 0 0 10.6816
0.0725334 0 0 0 10.8229
0.0728519 0 0 0 10.9661
0.0731719 0 0 0 11.1112
0.0734932 0 0 0 11.2583
0.073816 0 0 0 11.4072
0.0741401 0 0 0 11.5582
0.0744657 0 0 0 11.7111
0.0747928 0 0 0 11.8661
0.0751212 0 0 0 12.0231
0.0754511 0 0 0 12.1822
0.0757825 0 0 0 12.3435
0.0761153 0 0 0 12.5068
0.0764496 0 0 0 12.6723
0.0767853 0 0 0 12.84
0.0771225 0 0 0 13.0099
0.0774612 0 0 0 13.182
0.0778014 0 0 0 13.3565
0.0781431 0 0 0 13.5332
0.0784863 0 0 0 13.7123
0.0788309 0 0 0 13.8938
0.0791771 0 0 0 14.0776
0.0795249 0 0 0 14.2639
0.0798741 0 0 0 14.4527
0.0802249 0 0 0 14.6439
0.0805772 0 0 0 14.8377
0.0809311 0 0 0 15.034
0.0812865 0 0 0 15.233
0.0816435 0 0 0 15.4346
0.082002 0 0 0 15.6388
0.0823621 0 0 0 15.8457
0.0827238 0 0 0 16.0554
0.0830871 0 0 0 16.2679
0.083452 0 0 0 16.4832
0.0838185 0 0 0 16.7013
0.0841866 0 0 0 16.9223
0.0845563 0 0 0 17.1462
0.0849277 0 0 0 17.3731
0.0853006 0 0 0 17.603
0.0856753 0 0 0 17.8359
0.0860515 0 0 0 18.072
0.0864294 0 0 0 18.3111
0.086809 0 0 0 18.5534
0.0871902 0 0 0 18.7989
0.0875731 0 0 0 19.0477
0.0879577 0 0 0 19.2998
0.088344 0 0 0 19.5551
0.088732 0 0 0 19.8139
0.0891217 0 0 0 20.0761
0.089513 0 0 0 20.3418
0.0899062 0 0 0 20.611
0.090301 0 0 0 20.8837
0.0906976 0 0 0 21.16
0.0910959 0 0 0 21.4401
0.0914959 0 0 0 21.7238
0.0918977 0 0 0 22.0112
0.0923013 0 0 0 22.3025
0.0927067 0 0 0 22.5976
0.0931138 0 0 0 22.8967
0.0935227 0 0 0 23.1997
0.0939335 0 0 0 23.5067
0.094346 0 0 0 23.8177
0.0947603 0 0 0 24.1329
0.0951765 0 0 0 24.4522
0.0955944 0 0 0 24.7758
0.0960143 0 0 0 25.1037
0.0964359 0 0 0 25.4359
0.0968594 0 0 0 25.7724
0.0972848 0 0 0 26.1135
0.097712 0 0 0 26.459
0.0981412 0 0 0 26.8092
0.0985722 0 0 0 27.1639
0.0990051 0 0 0 27.5234
0.0994399 0 0 0 27.8876
0.0998766 0 0 0 28.2566
0.100315 0 0 0 28.6306
0.100756 0 0 0 29.0094
0.101198 0 0 0 29.3933
0.101643 0 0 0 29.7823
0.102089 0 0 0 30.1764
0.102537 0 0 0 30.5757
0.102988 0 0 0 30.9803
0.10344 0 0 0 31.3902
0.103894 0 0 0 31.8056
0.10435 0 0 0 32.2265
0.104809 0 0 0 32.653
0.105269 0 0 0 33.0851
0.105731 0 0 0 33.5229
0.106196 0 0 0 33.9665
0.106662 0 0 0 34.4159
0.10713 0 0 0 34.8714
0.107601 0 0 0 35.3328
0.108073 0 0 0 35.8004
0.108548 0 0 0 36.2741
0.109025 0 0 0 36.7541
0.109504 0 0 0 37.2405
0.109985 0 0 0 37.7333
0.110468 0 0 0 38.2326
0.110953 0 0 0 38.7385
0.11144 0 0 0 39.2511
0.111929 0 0 0 39.7706
0.112421 0 0 0 40.2968
0.112915 0 0 0 40.8301
0.11341 0 0 0 41.3704
0.113909 0 0 0 41.9178
0.114409 0 0 0 42.4725
0.114911 0 0 0 43.0345
0.115416 0 0 0 43.604
0.115923 0 0 0 44.181
0.116432 0 0 0 44.7657
0.116943 0 0 0 45.358
0.117457 0 0 0 45.9583
0.117973 0 0 0 46.5664
0.118491 0 0 0 47.1826
0.119011 0 0 0 47.807
0.119534 0 0 0 48.4396
0.120059 0 0 0 49.0806
0.120586 0 0 0 49.7301
0.121115 0 0 0 50.3882
0.121647 0 0 0 51.0549
0.122182 0 0 0 51.7305
0.122718 0 0 0 52.4151
0.123257 0 0 0 53.1087
0.123798 0 0 0 53.8115
0.124342 0 0 0 54.5235
0.124888 0 0 0 55.245
0.125437 0 0 0 55.9761
0.125987 0 0 0 56.7168
0.126541 0 0 0 57.4673
0.127096 0 0 0 58.2278
0.127655 0 0 0 58.9983
0.128215 0 0 0 59.779
0.128778 0 0 0 60.5701
0.129344 0 0 0 61.3716
0.129912 0 0 0 62.1837
0.130482 0 0 0 63.0066
0.131055 0 0 0 63.8404
0.131631 0 0 0 64.6851
0.132209 0 0 0 65.5411
0.13279 0 0 0 66.4084
0.133373 0 0 0 67.2872
0.133959 0 0 0 68.1776
0.134547 0 0 0 69.0798
0.135138 0 0 0 69.9939
0.135731 0 0 0 70.9201
0.136327 0 0 0 71.8586
0.136926 0 0 0 72.8095
0.137527 0 0 0 73.773
0.138131 0 0 0 74.7492
0.138738 0 0 0 75.7383
0.139347 0 0 0 76.7406
0.139959 0 0 0 77.7561
0.140574 0 0 0 78.785
0.141191 0 0 0 79.8276
0.141811 0 0 0 80.8839
0.142434 0 0 0 81.9542
0.14306 0 0 0 83.0387
0.143688 0 0 0 84.1376
0.144319 0 0 0 85.251
0.144953 0 0 0 86.3791
0.145589 0 0 0 87.5221
0.146229 0 0 0 88.6803
0.146871 0 0 0 89.8538
0.147516 0 0 0 91.0428
0.148164 0 0 0 92.2476
0.148814 0 0 0 93.4683
0.149468 0 0 0 94.7051
0.150124 0 0 0 95.9583
0.150784 0 0 0 97.2281
0.151446 0 0 0 98.5147
0.152111 0 0 0 99.8184
0.152779 0 0 0 101.139
0.15345 0 0 0 102.478
0.154124 0 0 0 103.834
0.154801 0 0 0 105.208
0.15548 0 0 0 106.6
0.156163 0 0 0 108.011
0.156849 0 0 0 109.44
0.157538 0 0 0 110.888
0.15823 0 0 0 112.355
0.158925 0 0 0 113.842
0.159623 0 0 0 115.349
0.160324 0 0 0 116.875
0.161028 0 0 0 118.422
0.161735 0 0 0 119.989
0.162445 0 0 0 121.576
0.163158 0 0 0 123.185
0.163875 0 0 0 124.815
0.164595 0 0 0 126.467
0.165318 0 0 0 128.141
0.166044 0 0 0 129.836
0.166773 0 0 0 131.554
0.167505 0 0 0 133.295
0.168241 0 0 0 135.059
0.16898 0 0 0 136.846
0.169722 0 0 0 138.657
0.170467 0 0 0 140.492
0.171216 0 0 0 142.351
0.171968 0 0 0 144.235
0.172723 0 0 0 146.143
0.173481 0 0 0 148.077
0.174243 0 0 0 150.037
0.175008 0 0 0 152.022
0.175777 0 0 0 154.034
0.176549 0 0 0 156.072
0.177324 0 0 0 158.138
0.178103 0 0 0 160.23
0.178885 0 0 0 162.35
0.179671 0 0 0 164.499
0.18046 0 0 0 166.676
0.181252 0 0 0 168.881
0.182048 0 0 0 171.116
0.182848 0 0 0 173.38
0.183651 0 0 0 175.675
0.184457 0 0 0 177.999
0.185268 0 0 0 180.355
0.186081 0 0 0 182.741
0.186898 0 0 0 185.16
0.187719 0 0 0 187.61
0.188544 0 0 0 190.092
0.189372 0 0 0 192.608
0.190203 0 0 0 195.157
0.191038 0 0 0 197.739
0.191877 0 0 0 200.356
0.19272 0 0 0 203.007
0.193566 0 0 0 205.693
0.194417 0 0 0 208.415
0.19527 0 0 0 211.173
0.196128 0 0 0 213.968
0.196989 0 0 0 216.799
0.197854 0 0 0 219.668
0.198723 0 0 0 222.575
0.199596 0 0 0 225.52
0.200473 0 0 0 228.504
0.201353 0 0 0 231.528
0.202237 0 0 0 234.592
0.203125 0 0 0 237.696
0.204017 0 0 0 240.842
0.204913 0 0 0 244.029
0.205813 0 0 0 247.258
0.206717 0 0 0 250.53
0.207625 0 0 0 253.845
0.208537 0 0 0 257.204
0.209453 0 0 0 260.608
0.210372 0 0 0 264.056
0.211296 0 0 0 267.55
0.212224 0 0 0 271.091
0.213156 0 0 0 274.678
0.214092 0 0 0 278.313
0.215033 0 0 0 281.996
0.215977 0 0 0 285.728
0.216925 0 0 0 289.509
0.217878 0 0 0 293.34
0.218835 0 0 0 297.221
0.219796 0 0 0 301.154
0.220761 0 0 0 305.14
0.221731 0 0 0 309.177
0.222705 0 0 0 313.269
0.223683 0 0 0 317.414
0.224665 0 0 0 321.614
0.225652 0 0 0 325.87
0.226643 0 0 0 330.183
0.227638 0 0 0 334.552
0.228638 0 0 0 338.979
0.229642 0 0 0 343.465
0.23065 0 0 0 348.01
0.231663 0 0 0 352.615
0.23268 0 0 0 357.281
0.233702 0 0 0 362.009
0.234729 0 0 0 366.799
0.23576 0 0 0 371.653
0.236795 0 0 0 376.571
0.237835 0 0 0 381.554
0.238879 0 0 0 386.603
0.239928 0 0 0 391.719
0.240982 0 0 0 396.903
0.24204 0 0 0 402.155
0.243103 0 0 0 407.476
0.244171 0 0 0 412.868
0.245243 0 0 0 418.332
0.24632 0 0 0 423.868
0.247402 0 0 0 429.477
0.248488 0 0 0 435.16
0.24958 0 0 0 440.918
0.250676 0 0 0 446.753
0.251777 0 0 0 452.665
0.252882 0 0 0 458.655
0.253993 0 0 0 464.724
0.255108 0 0 0 470.874
0.256229 0 0 0 477.105
0.257354 0 0 0 483.418
0.258484 0 0 0 489.815
0.259619 0 0 0 496.297
0.26076 0 0 0 502.864
0.261905 0 0 0 509.519
0.263055 0 0 0 516.261
0.26421 0 0 0 523.093
0.26537 0 0 0 530.015
0.266536 0 0 0 537.028
0.267706 0 0 0 544.135
0.268882 0 0 0 551.335
0.270063 0 0 0 558.631
0.271249 0 0 0 566.023
0.27244 0 0 0 573.513
0.273637 0 0 0 581.102
0.274838 0 0 0 588.792
0.276045 0 0 0 596.583
0.277258 0 0 0 604.478
0.278475 0 0 0 612.477
0.279698 0 0 0 620.582
0.280927 0 0 0 628.794
0.28216 0 0 0 637.115
0.283399 0 0 0 645.545
0.284644 0 0 0 654.088
0.285894 0 0 0 662.743
0.28715 0 0 0 671.513
0.288411 0 0 0 680.399
0.289677 0 0 0 689.403
0.290949 0 0 0 698.526
0.292227 0 0 0 707.769
0.293511 0 0 0 717.135
0.2948 0 0 0 726.625
0.296094 0 0 0 736.24
0.297395 0 0 0 745.983
0.298701 0 0 0 755.854
0.300012 0 0 0 765.856
0.30133 0 0 0 775.991
0.302653 0 0 0 786.259
0.303982 0 0 0 796.664
0.305317 0 0 0 807.206
0.306658 0 0 0 817.888
0.308005 0 0 0 828.711
0.309358 0 0 0 839.677
0.310716 0 0 0 850.788
0.312081 0 0 0 862.047
0.313451 0 0 0 873.454
0.314828 0 0 0 885.012
0.31621 0 0 0 896.724
0.317599 0 0 0 908.59
0.318994 0 0 0 920.613
0.320395 0 0 0 932.795
0.321802 0 0 0 945.139
0.323215 0 0 0 957.646
0.324635 0 0 0 970.318
0.32606 0 0 0 983.158
0.327492 0 0 0 996.168
0.32893 0 0 0 1009.35
0.330375 0 0 0 1022.71
0.331826 0 0 0 1036.24
0.333283 0 0 0 1049.95
0.334747 0 0 0 1063.85
0.336217 0 0 0 1077.92
0.337693 0 0 0 1092.19
0.339176 0 0 0 1106.64
0.340666 0 0 0 1121.29
0.342162 0 0 0 1136.12
0.343665 0 0 0 1151.16
0.345174 0 0 0 1166.39
0.34669 0 0 0 1181.83
0.348212 0 0 0 1197.46
0.349742 0 0 0 1213.31
0.351278 0 0 0 1229.37
0.35282 0 0 0 1245.63
0.35437 0 0 0 1262.12
0.355926 0 0 0 1278.82
0.357489 0 0 0 1295.74
0.359059 0 0 0 1312.89
0.360636 0 0 0 1330.26
0.36222 0 0 0 1347.86
0.36381 0 0 0 1365.7
0.365408 0 0 0 1383.77
0.367013 0 0 0 1402.08
0.368625 0 0 0 1420.64
0.370244 0 0 0 1439.44
0.37187 0 0 0 1458.48
0.373503 0 0 0 1477.78
0.375143 0 0 0 1497.34
0.37679 0 0 0 1517.15
0.378445 0 0 0 1537.23
0.380107 0 0 0 1557.57
0.381776 0 0 0 1578.18
0.383453 0 0 0 1599.07
0.385137 0 0 0 1620.23
0.386828 0 0 0 1641.67
0.388527 0 0 0 1663.39
0.390234 0 0 0 1685.4
0.391947 0 0 0 1707.7
0.393669 0 0 0 1730.3
0.395397 0 0 0 1753.2
0.397134 0 0 0 1776.4
0.398878 0 0 0 1799.91
0.40063 0 0 0 1823.72
0.402389 0 0 0 1847.86
0.404156 0 0 0 1872.31
0.405931 0 0 0 1897.09
0.407714 0 0 0 1922.19
0.409504 0 0 0 1947.63
0.411303 0 0 0 1973.4
0.413109 0 0 0 1999.51
0.414923 0 0 0 2025.97
0.416745 0 0 0 2052.78
0.418576 0 0 0 2079.95
0.420414 0 0 0 2107.47
0.42226 0 0 0 2135.36
0.424115 0 0 0 2163.61
0.425977 0 0 0 2192.24
0.427848 0 0 0 2221.25
0.429727 0 0 0 2250.65
0.431614 0 0 0 2280.43
0.43351 0 0 0 2310.61
0.435413 0 0 0 2341.18
0.437326 0 0 0 2372.16
0.439246 0 0 0 2403.55
0.441175 0 0 0 2435.36
0.443113 0 0 0 2467.59
0.445059 0 0 0 2500.24
0.447013 0 0 0 2533.32
0.448976 0 0 0 2566.85
0.450948 0 0 0 2600.81
0.452928 0 0 0 2635.23
0.454918 0 0 0 2670.1
0.456915 0 0 0 2705.44
0.458922 0 0 0 2741.24
0.460937 0 0 0 2777.51
0.462962 0 0 0 2814.27
0.464995 0 0 0 2851.51
0.467037 0 0 0 2889.24
0.469088 0 0 0 2927.47
0.471148 0 0 0 2966.21
0.473217 0 0 0 3005.46
0.475295 0 0 0 3045.23
0.477383 0 0 0 3085.53
0.479479 0 0 0 3126.36
0.481585 0 0 0 3167.73
0.4837 0 0 0 3209.65
0.485824 0 0 0 3252.12
0.487958 0 0 0 3295.16
0.490101 0 0 0 3338.76
0.492253 0 0 0 3382.94
0.494415 0 0 0 3427.71
0.496586 0 0 0 3473.07
0.498767 0 0 0 3519.03
0.500957 0 0 0 3565.59
0.503157 0 0 0 3612.78
0.505367 0 0 0 3660.58
0.507586 0 0 0 3709.02
0.509816 0 0 0 3758.11
0.512054 0 0 0 3807.84
0.514303 0 0 0 3858.22
0.516562 0 0 0 3909.28
0.51883 0 0 0 3961.01
0.521109 0 0 0 4013.43
0.523397 0 0 0 4066.54
0.525696 0 0 0 4120.35
0.528005 0 0 0 4174.87
0.530323 0 0 0 4230.12
0.532652 0 0 0 4286.09
0.534992 0 0 0 4342.81
1
2000
3.04789e+06
      753571000
8.39596e-05 0 0 0 1.67857e-08
8.43283e-05 0 0 0 1.70079e-08
8.46986e-05 0 0 0 1.72329e-08
8.50706e-05 0 0 0 1.7461e-08
8.54442e-05 0 0 0 1.7692e-08
8.58194e-05 0 0 0 1.79261e-08
8.61963e-05 0 0 0 1.81633e-08
8.65749e-05 0 0 0 1.84037e-08
8.69551e-05 0 0 0 1.86472e-08
8.73369e-05 0 0 0 1.8894e-08
8.77205e-05 0 0 0 1.9144e-08
8.81057e-05 0 0 0 1.93973e-08
8.84927e-05 0 0 0 1.9654e-08
8.88813e-05 0 0 0 1.99141e-08
8.92716e-05 0 0 0 2.01776e-08
8.96637e-05 0 0 0 2.04446e-08
9.00574e-05 0 0 0 2.07152e-08
9.04529e-05 0 0 0 2.09893e-08
9.08502e-05 0 0 0 2.1267e-08
9.12492e-05 0 0 0 2.15485e-08
9.16499e-05 0 0 0 2.18336e-08
9.20524e-05 0 0 0 2.21225e-08
9.24566e-05 0 0 0 2.24153e-08
9.28627e-05 0 0 0 2.27119e-08
9.32705e-05 0 0 0 2.30124e-08
9.36801e-05 0 0 0 2.3317e-08
9.40915e-05 0 0 0 2.36255e-08
9.45047e-05 0 0 0 2.39382e-08
9.49198e-05 0 0 0 2.42549e-08
9.53366e-05 0 0 0 2.45759e-08
9.57553e-05 0 0 0 2.49011e-08
9.61758e-05 0 0 0 2.52306e-08
9.65982e-05 0 0 0 2.55645e-08
9.70224e-05 0 0 0 2.59028e-08
9.74485e-05 0 0 0 2.62455e-08
9.78765e-05 0 0 0 2.65928e-08
9.83063e-05 0 0 0 2.69447e-08
9.8738e-05 0 0 0 2.73013e-08
9.91717e-05 0 0 0 2.76626e-08
9.96072e-05 0 0 0 2.80286e-08
0.000100045 0 0 0 2.83995e-08
0.000100484 0 0 0 2.87753e-08
0.000100925 0 0 0 2.91561e-08
0.000101368 0 0 0 2.95419e-08
0.000101814 0 0 0 2.99329e-08
0.000102261 0 0 0 3.0329e-08
0.00010271 0 0 0 3.07303e-08
0.000103161 0 0 0 3.11369e-08
0.000103614 0 0 0 3.1549e-08
0.000104069 0 0 0 3.19665e-08
0.000104526 0 0 0 3.23895e-08
0.000104985 0 0 0 3.28181e-08
0.000105446 0 0 0 3.32524e-08
0.000105909 0 0 0 3.36924e-08
0.000106374 0 0 0 3.41382e-08
0.000106842 0 0 0 3.459e-08
0.000107311 0 0 0 3.50477e-08
0.000107782 0 0 0 3.55115e-08
0.000108255 0 0 0 3.59814e-08
0.000108731 0 0 0 3.64575e-08
0.000109208 0 0 0 3.694e-08
0.000109688 0 0 0 3.74288e-08
0.00011017 0 0 0 3.79241e-08
0.000110653 0 0 0 3.84259e-08
0.000111139 0 0 0 3.89344e-08
0.000111627 0 0 0 3.94496e-08
0.000112118 0 0 0 3.99717e-08
0.00011261 0 0 0 4.05006e-08
0.000113105 0 0 0 4.10365e-08
0.000113601 0 0 0 4.15796e-08
0.0001141 0 0 0 4.21298e-08
0.000114601 0 0 0 4.26873e-08
0.000115105 0 0 0 4.32522e-08
0.00011561 0 0 0 4.38245e-08
0.000116118 0 0 0 4.44044e-08
0.000116628 0 0 0 4.4992e-08
0.00011714 0 0 0 4.55874e-08
0.000117654 0 0 0 4.61907e-08
0.000118171 0 0 0 4.68019e-08
0.00011869 0 0 0 4.74212e-08
0.000119211 0 0 0 4.80487e-08
0.000119735 0 0 0 4.86846e-08
0.000120261 0 0 0 4.93288e-08
0.000120789 0 0 0 4.99816e-08
0.000121319 0 0 0 5.0643e-08
0.000121852 0 0 0 5.13131e-08
0.000122387 0 0 0 5.19921e-08
0.000122925 0 0 0 5.26801e-08
0.000123464 0 0 0 5.33772e-08
0.000124007 0 0 0 5.40836e-08
0.000124551 0 0 0 5.47993e-08
0.000125098 0 0 0 5.55244e-08
0.000125648 0 0 0 5.62591e-08
0.000126199 0 0 0 5.70036e-08
0.000126754 0 0 0 5.77579e-08
0.00012731 0 0 0 5.85222e-08
0.000127869 0 0 0 5.92967e-08
0.000128431 0 0 0 6.00813e-08
0.000128995 0 0 0 6.08764e-08
0.000129562 0 0 0 6.16819e-08
0.000130131 0 0 0 6.24982e-08
0.000130702 0 0 0 6.33252e-08
0.000131276 0 0 0 6.41632e-08
0.000131853 0 0 0 6.50122e-08
0.000132432 0 0 0 6.58725e-08
0.000133013 0 0 0 6.67442e-08
0.000133597 0 0 0 6.76274e-08
0.000134184 0 0 0 6.85223e-08
0.000134773 0 0 0 6.94291e-08
0.000135365 0 0 0 7.03478e-08
0.00013596 0 0 0 7.12787e-08
0.000136557 0 0 0 7.2222e-08
0.000137156 0 0 0 7.31777e-08
0.000137759 0 0 0 7.4146e-08
0.000138364 0 0 0 7.51272e-08
0.000138971 0 0 0 7.61213e-08
0.000139582 0 0 0 7.71286e-08
0.000140195 0 0 0 7.81493e-08
0.00014081 0 0 0 7.91834e-08
0.000141429 0 0 0 8.02312e-08
0.00014205 0 0 0 8.12929e-08
0.000142674 0 0 0 8.23687e-08
0.0001433 0 0 0 8.34586e-08
0.00014393 0 0 0 8.4563e-08
0.000144562 0 0 0 8.5682e-08
0.000145197 0 0 0 8.68159e-08
0.000145834 0 0 0 8.79647e-08
0.000146475 0 0 0 8.91287e-08
0.000147118 0 0 0 9.03081e-08
0.000147764 0 0 0 9.15032e-08
0.000148413 0 0 0 9.2714e-08
0.000149065 0 0 0 9.39409e-08
0.000149719 0 0 0 9.5184e-08
0.000150377 0 0 0 9.64436e-08
0.000151037 0 0 0 9.77198e-08
0.000151701 0 0 0 9.90129e-08
0.000152367 0 0 0 1.00323e-07
0.000153036 0 0 0 1.01651e-07
0.000153708 0 0 0 1.02996e-07
0.000154383 0 0 0 1.04359e-07
0.000155061 0 0 0 1.0574e-07
0.000155742 0 0 0 1.07139e-07
0.000156426 0 0 0 1.08557e-07
0.000157113 0 0 0 1.09993e-07
0.000157803 0 0 0 1.11449e-07
0.000158496 0 0 0 1.12924e-07
0.000159192 0 0 0 1.14418e-07
0.000159891 0 0 0 1.15932e-07
0.000160593 0 0 0 1.17466e-07
0.000161299 0 0 0 1.1902e-07
0.000162007 0 0 0 1.20595e-07
0.000162718 0 0 0 1.22191e-07
0.000163433 0 0 0 1.23808e-07
0.000164151 0 0 0 1.25447e-07
0.000164872 0 0 0 1.27107e-07
0.000165596 0 0 0 1.28789e-07
0.000166323 0 0 0 1.30493e-07
0.000167053 0 0 0 1.3222e-07
0.000167787 0 0 0 1.33969e-07
0.000168524 0 0 0 1.35742e-07
0.000169264 0 0 0 1.37538e-07
0.000170007 0 0 0 1.39358e-07
0.000170754 0 0 0 1.41202e-07
0.000171504 0 0 0 1.43071e-07
0.000172257 0 0 0 1.44964e-07
0.000173014 0 0 0 1.46882e-07
0.000173773 0 0 0 1.48826e-07
0.000174536 0 0 0 1.50796e-07
0.000175303 0 0 0 1.52791e-07
0.000176073 0 0 0 1.54813e-07
0.000176846 0 0 0 1.56861e-07
0.000177623 0 0 0 1.58937e-07
0.000178403 0 0 0 1.6104e-07
0.000179186 0 0 0 1.63171e-07
0.000179973 0 0 0 1.65331e-07
0.000180764 0 0 0 1.67518e-07
0.000181557 0 0 0 1.69735e-07
0.000182355 0 0 0 1.71981e-07
0.000183156 0 0 0 1.74257e-07
0.00018396 0 0 0 1.76563e-07
0.000184768 0 0 0 1.78899e-07
0.000185579 0 0 0 1.81267e-07
0.000186394 0 0 0 1.83665e-07
0.000187213 0 0 0 1.86096e-07
0.000188035 0 0 0 1.88558e-07
0.000188861 0 0 0 1.91054e-07
0.00018969 0 0 0 1.93582e-07
0.000190523 0 0 0 1.96143e-07
0.00019136 0 0 0 1.98739e-07
0.0001922 0 0 0 2.01369e-07
0.000193044 0 0 0 2.04034e-07
0.000193892 0 0 0 2.06734e-07
0.000194744 0 0 0 2.09469e-07
0.000195599 0 0 0 2.12241e-07
0.000196458 0 0 0 2.1505e-07
0.000197321 0 0 0 2.17895e-07
0.000198187 0 0 0 2.20779e-07
0.000199058 0 0 0 2.237e-07
0.000199932 0 0 0 2.2666e-07
0.00020081 0 0 0 2.2966e-07
0.000201692 0 0 0 2.32699e-07
0.000202578 0 0 0 2.35778e-07
0.000203467 0 0 0 2.38898e-07
0.000204361 0 0 0 2.42059e-07
0.000205258 0 0 0 2.45263e-07
0.00020616 0 0 0 2.48508e-07
0.000207065 0 0 0 2.51797e-07
0.000207974 0 0 0 2.55129e-07
0.000208888 0 0 0 2.58505e-07
0.000209805 0 0 0 2.61925e-07
0.000210726 0 0 0 2.65392e-07
0.000211652 0 0 0 2.68903e-07
0.000212581 0 0 0 2.72462e-07
0.000213515 0 0 0 2.76067e-07
0.000214453 0 0 0 2.7972e-07
0.000215394 0 0 0 2.83422e-07
0.00021634 0 0 0 2.87172e-07
0.00021729 0 0 0 2.90972e-07
0.000218245 0 0 0 2.94823e-07
0.000219203 0 0 0 2.98724e-07
0.000220166 0 0 0 3.02677e-07
0.000221133 0 0 0 3.06682e-07
0.000222104 0 0 0 3.10741e-07
0.000223079 0 0 0 3.14853e-07
0.000224059 0 0 0 3.19019e-07
0.000225043 0 0 0 3.23241e-07
0.000226031 0 0 0 3.27518e-07
0.000227024 0 0 0 3.31852e-07
0.000228021 0 0 0 3.36243e-07
0.000229022 0 0 0 3.40693e-07
0.000230028 0 0 0 3.45201e-07
0.000231038 0 0 0 3.49769e-07
0.000232053 0 0 0 3.54398e-07
0.000233072 0 0 0 3.59087e-07
0.000234096 0 0 0 3.63839e-07
0.000235124 0 0 0 3.68654e-07
0.000236156 0 0 0 3.73532e-07
0.000237193 0 0 0 3.78475e-07
0.000238235 0 0 0 3.83483e-07
0.000239281 0 0 0 3.88558e-07
0.000240332 0 0 0 3.937e-07
0.000241388 0 0 0 3.9891e-07
0.000242448 0 0 0 4.04188e-07
0.000243512 0 0 0 4.09537e-07
0.000244582 0 0 0 4.14956e-07
0.000245656 0 0 0 4.20447e-07
0.000246735 0 0 0 4.26011e-07
0.000247818 0 0 0 4.31648e-07
0.000248907 0 0 0 4.3736e-07
0.00025 0 0 0 4.43148e-07
0.000251098 0 0 0 4.49012e-07
0.0002522 0 0 0 4.54954e-07
0.000253308 0 0 0 4.60974e-07
0.00025442 0 0 0 4.67074e-07
0.000255538 0 0 0 4.73255e-07
0.00025666 0 0 0 4.79517e-07
0.000257787 0 0 0 4.85863e-07
0.000258919 0 0 0 4.92292e-07
0.000260056 0 0 0 4.98806e-07
0.000261198 0 0 0 5.05407e-07
0.000262345 0 0 0 5.12095e-07
0.000263498 0 0 0 5.18871e-07
0.000264655 0 0 0 5.25738e-07
0.000265817 0 0 0 5.32695e-07
0.000266984 0 0 0 5.39744e-07
0.000268157 0 0 0 5.46886e-07
0.000269335 0 0 0 5.54123e-07
0.000270517 0 0 0 5.61456e-07
0.000271705 0 0 0 5.68885e-07
0.000272899 0 0 0 5.76413e-07
0.000274097 0 0 0 5.84041e-07
0.000275301 0 0 0 5.91769e-07
0.00027651 0 0 0 5.996e-07
0.000277724 0 0 0 6.07535e-07
0.000278944 0 0 0 6.15574e-07
0.000280169 0 0 0 6.2372e-07
0.000281399 0 0 0 6.31973e-07
0.000282635 0 0 0 6.40336e-07
0.000283876 0 0 0 6.4881e-07
0.000285123 0 0 0 6.57395e-07
0.000286375 0 0 0 6.66095e-07
0.000287633 0 0 0 6.74909e-07
0.000288896 0 0 0 6.8384e-07
0.000290165 0 0 0 6.92889e-07
0.000291439 0 0 0 7.02058e-07
0.000292719 0 0 0 7.11348e-07
0.000294004 0 0 0 7.20761e-07
0.000295296 0 0 0 7.30299e-07
0.000296592 0 0 0 7.39963e-07
0.000297895 0 0 0 7.49755e-07
0.000299203 0 0 0 7.59676e-07
0.000300517 0 0 0 7.69729e-07
0.000301837 0 0 0 7.79915e-07
0.000303163 0 0 0 7.90235e-07
0.000304494 0 0 0 8.00692e-07
0.000305831 0 0 0 8.11288e-07
0.000307174 0 0 0 8.22023e-07
0.000308523 0 0 0 8.32901e-07
0.000309878 0 0 0 8.43923e-07
0.000311239 0 0 0 8.5509e-07
0.000312606 0 0 0 8.66406e-07
0.000313979 0 0 0 8.77871e-07
0.000315358 0 0 0 8.89488e-07
0.000316743 0 0 0 9.01258e-07
0.000318134 0 0 0 9.13184e-07
0.000319531 0 0 0 9.25268e-07
0.000320934 0 0 0 9.37512e-07
0.000322343 0 0 0 9.49918e-07
0.000323759 0 0 0 9.62488e-07
0.000325181 0 0 0 9.75225e-07
0.000326609 0 0 0 9.8813e-07
0.000328043 0 0 0 1.00121e-06
0.000329484 0 0 0 1.01445e-06
0.000330931 0 0 0 1.02788e-06
0.000332384 0 0 0 1.04148e-06
0.000333844 0 0 0 1.05526e-06
0.00033531 0 0 0 1.06923e-06
0.000336783 0 0 0 1.08338e-06
0.000338262 0 0 0 1.09771e-06
0.000339747 0 0 0 1.11224e-06
0.000341239 0 0 0 1.12696e-06
0.000342738 0 0 0 1.14187e-06
0.000344243 0 0 0 1.15698e-06
0.000345755 0 0 0 1.17229e-06
0.000347273 0 0 0 1.1878e-06
0.000348798 0 0 0 1.20352e-06
0.00035033 0 0 0 1.21945e-06
0.000351869 0 0 0 1.23558e-06
0.000353414 0 0 0 1.25193e-06
0.000354966 0 0 0 1.2685e-06
0.000356525 0 0 0 1.28528e-06
0.000358091 0 0 0 1.30229e-06
0.000359663 0 0 0 1.31953e-06
0.000361243 0 0 0 1.33699e-06
0.000362829 0 0 0 1.35468e-06
0.000364423 0 0 0 1.37261e-06
0.000366023 0 0 0 1.39077e-06
0.00036763 0 0 0 1.40917e-06
0.000369245 0 0 0 1.42782e-06
0.000370867 0 0 0 1.44671e-06
0.000372495 0 0 0 1.46586e-06
0.000374131 0 0 0 1.48526e-06
0.000375774 0 0 0 1.50491e-06
0.000377424 0 0 0 1.52482e-06
0.000379082 0 0 0 1.545e-06
0.000380747 0 0 0 1.56545e-06
0.000382419 0 0 0 1.58616e-06
0.000384098 0 0 0 1.60715e-06
0.000385785 0 0 0 1.62842e-06
0.000387479 0 0 0 1.64997e-06
0.000389181 0 0 0 1.6718e-06
0.00039089 0 0 0 1.69392e-06
0.000392607 0 0 0 1.71634e-06
0.000394331 0 0 0 1.73905e-06
0.000396063 0 0 0 1.76206e-06
0.000397802 0 0 0 1.78538e-06
0.000399549 0 0 0 1.80901e-06
0.000401304 0 0 0 1.83295e-06
0.000403066 0 0 0 1.8572e-06
0.000404836 0 0 0 1.88178e-06
0.000406614 0 0 0 1.90668e-06
0.0004084 0 0 0 1.93191e-06
0.000410193 0 0 0 1.95747e-06
0.000411995 0 0 0 1.98338e-06
0.000413804 0 0 0 2.00962e-06
0.000415621 0 0 0 2.03622e-06
0.000417447 0 0 0 2.06316e-06
0.00041928 0 0 0 2.09046e-06
0.000421121 0 0 0 2.11813e-06
0.000422971 0 0 0 2.14615e-06
0.000424828 0 0 0 2.17455e-06
0.000426694 0 0 0 2.20333e-06
0.000428568 0 0 0 2.23249e-06
0.00043045 0 0 0 2.26203e-06
0.00043234 0 0 0 2.29196e-06
0.000434239 0 0 0 2.32229e-06
0.000436146 0 0 0 2.35302e-06
0.000438061 0 0 0 2.38416e-06
0.000439985 0 0 0 2.41571e-06
0.000441918 0 0 0 2.44767e-06
0.000443858 0 0 0 2.48006e-06
0.000445808 0 0 0 2.51288e-06
0.000447765 0 0 0 2.54614e-06
0.000449732 0 0 0 2.57983e-06
0.000451707 0 0 0 2.61397e-06
0.000453691 0 0 0 2.64856e-06
0.000455683 0 0 0 2.6836e-06
0.000457684 0 0 0 2.71912e-06
0.000459694 0 0 0 2.7551e-06
0.000461713 0 0 0 2.79156e-06
0.000463741 0 0 0 2.8285e-06
0.000465777 0 0 0 2.86593e-06
0.000467823 0 0 0 2.90385e-06
0.000469877 0 0 0 2.94228e-06
0.000471941 0 0 0 2.98121e-06
0.000474013 0 0 0 3.02066e-06
0.000476095 0 0 0 3.06063e-06
0.000478186 0 0 0 3.10113e-06
0.000480286 0 0 0 3.14217e-06
0.000482395 0 0 0 3.18375e-06
0.000484514 0 0 0 3.22588e-06
0.000486642 0 0 0 3.26857e-06
0.000488779 0 0 0 3.31182e-06
0.000490925 0 0 0 3.35565e-06
0.000493081 0 0 0 3.40005e-06
0.000495247 0 0 0 3.44504e-06
0.000497422 0 0 0 3.49063e-06
0.000499606 0 0 0 3.53682e-06
0.0005018 0 0 0 3.58362e-06
0.000504004 0 0 0 3.63105e-06
0.000506217 0 0 0 3.6791e-06
0.00050844 0 0 0 3.72778e-06
0.000510673 0 0 0 3.77711e-06
0.000512916 0 0 0 3.82709e-06
0.000515169 0 0 0 3.87773e-06
0.000517431 0 0 0 3.92905e-06
0.000519703 0 0 0 3.98104e-06
0.000521986 0 0 0 4.03372e-06
0.000524278 0 0 0 4.0871e-06
0.000526581 0 0 0 4.14118e-06
0.000528893 0 0 0 4.19598e-06
0.000531216 0 0 0 4.25151e-06
0.000533549 0 0 0 4.30777e-06
0.000535892 0 0 0 4.36477e-06
0.000538245 0 0 0 4.42253e-06
0.000540609 0 0 0 4.48105e-06
0.000542983 0 0 0 4.54035e-06
0.000545368 0 0 0 4.60043e-06
0.000547763 0 0 0 4.66131e-06
0.000550169 0 0 0 4.72299e-06
0.000552585 0 0 0 4.78549e-06
0.000555011 0 0 0 4.84882e-06
0.000557449 0 0 0 4.91298e-06
0.000559897 0 0 0 4.97799e-06
0.000562356 0 0 0 5.04387e-06
0.000564825 0 0 0 5.11061e-06
0.000567306 0 0 0 5.17824e-06
0.000569797 0 0 0 5.24676e-06
0.0005723 0 0 0 5.31619e-06
0.000574813 0 0 0 5.38654e-06
0.000577337 0 0 0 5.45782e-06
0.000579873 0 0 0 5.53004e-06
0.00058242 0 0 0 5.60322e-06
0.000584977 0 0 0 5.67737e-06
0.000587546 0 0 0 5.75249e-06
0.000590127 0 0 0 5.82862e-06
0.000592718 0 0 0 5.90575e-06
0.000595321 0 0 0 5.9839e-06
0.000597936 0 0 0 6.06308e-06
0.000600562 0 0 0 6.14331e-06
0.000603199 0 0 0 6.22461e-06
0.000605848 0 0 0 6.30697e-06
0.000608509 0 0 0 6.39043e-06
0.000611181 0 0 0 6.475e-06
0.000613865 0 0 0 6.56068e-06
0.000616561 0 0 0 6.6475e-06
0.000619269 0 0 0 6.73546e-06
0.000621988 0 0 0 6.82459e-06
0.00062472 0 0 0 6.9149e-06
0.000627463 0 0 0 7.0064e-06
0.000630219 0 0 0 7.09912e-06
0.000632987 0 0 0 7.19306e-06
0.000635767 0 0 0 7.28825e-06
0.000638559 0 0 0 7.38469e-06
0.000641363 0 0 0 7.48241e-06
0.00064418 0 0 0 7.58143e-06
0.000647009 0 0 0 7.68175e-06
0.00064985 0 0 0 7.7834e-06
0.000652704 0 0 0 7.8864e-06
0.00065557 0 0 0 7.99076e-06
0.000658449 0 0 0 8.0965e-06
0.000661341 0 0 0 8.20364e-06
0.000664246 0 0 0 8.3122e-06
0.000667163 0 0 0 8.42219e-06
0.000670093 0 0 0 8.53364e-06
0.000673035 0 0 0 8.64656e-06
0.000675991 0 0 0 8.76098e-06
0.00067896 0 0 0 8.87692e-06
0.000681942 0 0 0 8.99438e-06
0.000684936 0 0 0 9.1134e-06
0.000687944 0 0 0 9.234e-06
0.000690966 0 0 0 9.35619e-06
0.000694 0 0 0 9.48e-06
0.000697048 0 0 0 9.60545e-06
0.000700109 0 0 0 9.73256e-06
0.000703184 0 0 0 9.86135e-06
0.000706272 0 0 0 9.99184e-06
0.000709374 0 0 0 1.01241e-05
0.000712489 0 0 0 1.0258e-05
0.000715618 0 0 0 1.03938e-05
0.000718761 0 0 0 1.05313e-05
0.000721917 0 0 0 1.06707e-05
0.000725088 0 0 0 1.08119e-05
0.000728272 0 0 0 1.0955e-05
0.00073147 0 0 0 1.10999e-05
0.000734682 0 0 0 1.12468e-05
0.000737909 0 0 0 1.13956e-05
0.00074115 0 0 0 1.15464e-05
0.000744404 0 0 0 1.16992e-05
0.000747674 0 0 0 1.1854e-05
0.000750957 0 0 0 1.20109e-05
0.000754255 0 0 0 1.21698e-05
0.000757567 0 0 0 1.23309e-05
0.000760894 0 0 0 1.2494e-05
0.000764236 0 0 0 1.26594e-05
0.000767592 0 0 0 1.28269e-05
0.000770963 0 0 0 1.29966e-05
0.000774349 0 0 0 1.31686e-05
0.00077775 0 0 0 1.33429e-05
0.000781165 0 0 0 1.35194e-05
0.000784596 0 0 0 1.36983e-05
0.000788042 0 0 0 1.38796e-05
0.000791502 0 0 0 1.40633e-05
0.000794978 0 0 0 1.42494e-05
0.00079847 0 0 0 1.44379e-05
0.000801976 0 0 0 1.4629e-05
0.000805498 0 0 0 1.48226e-05
0.000809036 0 0 0 1.50187e-05
0.000812589 0 0 0 1.52175e-05
0.000816157 0 0 0 1.54188e-05
0.000819742 0 0 0 1.56229e-05
0.000823342 0 0 0 1.58296e-05
0.000826957 0 0 0 1.60391e-05
0.000830589 0 0 0 1.62513e-05
0.000834237 0 0 0 1.64664e-05
0.0008379 0 0 0 1.66843e-05
0.00084158 0 0 0 1.6905e-05
0.000845276 0 0 0 1.71287e-05
0.000848988 0 0 0 1.73554e-05
0.000852717 0 0 0 1.75851e-05
0.000856461 0 0 0 1.78178e-05
0.000860223 0 0 0 1.80536e-05
0.000864001 0 0 0 1.82925e-05
0.000867795 0 0 0 1.85345e-05
0.000871606 0 0 0 1.87798e-05
0.000875434 0 0 0 1.90283e-05
0.000879278 0 0 0 1.92801e-05
0.00088314 0 0 0 1.95352e-05
0.000887018 0 0 0 1.97937e-05
0.000890914 0 0 0 2.00557e-05
0.000894826 0 0 0 2.0321e-05
0.000898756 0 0 0 2.059e-05
0.000902703 0 0 0 2.08624e-05
0.000906667 0 0 0 2.11385e-05
0.000910649 0 0 0 2.14182e-05
0.000914648 0 0 0 2.17016e-05
0.000918665 0 0 0 2.19888e-05
0.0009227 0 0 0 2.22798e-05
0.000926752 0 0 0 2.25746e-05
0.000930822 0 0 0 2.28733e-05
0.00093491 0 0 0 2.3176e-05
0.000939015 0 0 0 2.34827e-05
0.000943139 0 0 0 2.37934e-05
0.000947281 0 0 0 2.41083e-05
0.000951441 0 0 0 2.44273e-05
0.00095562 0 0 0 2.47506e-05
0.000959816 0 0 0 2.50781e-05
0.000964032 0 0 0 2.54099e-05
0.000968265 0 0 0 2.57462e-05
0.000972518 0 0 0 2.60869e-05
0.000976789 0 0 0 2.64321e-05
0.000981078 0 0 0 2.67819e-05
0.000985387 0 0 0 2.71363e-05
0.000989714 0 0 0 2.74954e-05
0.000994061 0 0 0 2.78592e-05
0.000998426 0 0 0 2.82279e-05
0.00100281 0 0 0 2.86014e-05
0.00100721 0 0 0 2.89799e-05
0.00101164 0 0 0 2.93634e-05
0.00101608 0 0 0 2.97519e-05
0.00102054 0 0 0 3.01456e-05
0.00102503 0 0 0 3.05445e-05
0.00102953 0 0 0 3.09487e-05
0.00103405 0 0 0 3.13583e-05
0.00103859 0 0 0 3.17732e-05
0.00104315 0 0 0 3.21937e-05
0.00104773 0 0 0 3.26197e-05
0.00105233 0 0 0 3.30513e-05
0.00105695 0 0 0 3.34887e-05
0.0010616 0 0 0 3.39319e-05
0.00106626 0 0 0 3.43809e-05
0.00107094 0 0 0 3.48358e-05
0.00107564 0 0 0 3.52968e-05
0.00108037 0 0 0 3.57639e-05
0.00108511 0 0 0 3.62371e-05
0.00108988 0 0 0 3.67167e-05
0.00109466 0 0 0 3.72025e-05
0.00109947 0 0 0 3.76948e-05
0.0011043 0 0 0 3.81936e-05
0.00110915 0 0 0 3.86991e-05
0.00111402 0 0 0 3.92112e-05
0.00111891 0 0 0 3.973e-05
0.00112383 0 0 0 4.02558e-05
0.00112876 0 0 0 4.07885e-05
0.00113372 0 0 0 4.13282e-05
0.0011387 0 0 0 4.18751e-05
0.0011437 0 0 0 4.24292e-05
0.00114872 0 0 0 4.29907e-05
0.00115377 0 0 0 4.35596e-05
0.00115883 0 0 0 4.4136e-05
0.00116392 0 0 0 4.47201e-05
0.00116903 0 0 0 4.53118e-05
0.00117417 0 0 0 4.59114e-05
0.00117932 0 0 0 4.6519e-05
0.0011845 0 0 0 4.71346e-05
0.00118971 0 0 0 4.77583e-05
0.00119493 0 0 0 4.83903e-05
0.00120018 0 0 0 4.90306e-05
0.00120545 0 0 0 4.96794e-05
0.00121074 0 0 0 5.03368e-05
0.00121606 0 0 0 5.10029e-05
0.0012214 0 0 0 5.16778e-05
0.00122676 0 0 0 5.23617e-05
0.00123215 0 0 0 5.30546e-05
0.00123756 0 0 0 5.37566e-05
0.001243 0 0 0 5.4468e-05
0.00124846 0 0 0 5.51888e-05
0.00125394 0 0 0 5.59191e-05
0.00125945 0 0 0 5.6659e-05
0.00126498 0 0 0 5.74088e-05
0.00127053 0 0 0 5.81685e-05
0.00127611 0 0 0 5.89382e-05
0.00128172 0 0 0 5.97181e-05
0.00128735 0 0 0 6.05084e-05
0.001293 0 0 0 6.13091e-05
0.00129868 0 0 0 6.21204e-05
0.00130438 0 0 0 6.29424e-05
0.00131011 0 0 0 6.37753e-05
0.00131586 0 0 0 6.46192e-05
0.00132164 0 0 0 6.54743e-05
0.00132745 0 0 0 6.63408e-05
0.00133328 0 0 0 6.72186e-05
0.00133913 0 0 0 6.81081e-05
0.00134501 0 0 0 6.90094e-05
0.00135092 0 0 0 6.99226e-05
0.00135685 0 0 0 7.08479e-05
0.00136281 0 0 0 7.17854e-05
0.0013688 0 0 0 7.27353e-05
0.00137481 0 0 0 7.36978e-05
0.00138084 0 0 0 7.4673e-05
0.00138691 0 0 0 7.56612e-05
0.001393 0 0 0 7.66624e-05
0.00139912 0 0 0 7.76769e-05
0.00140526 0 0 0 7.87047e-05
0.00141143 0 0 0 7.97462e-05
0.00141763 0 0 0 8.08015e-05
0.00142386 0 0 0 8.18707e-05
0.00143011 0 0 0 8.29541e-05
0.00143639 0 0 0 8.40518e-05
0.0014427 0 0 0 8.51641e-05
0.00144903 0 0 0 8.62911e-05
0.0014554 0 0 0 8.74329e-05
0.00146179 0 0 0 8.85899e-05
0.00146821 0 0 0 8.97622e-05
0.00147466 0 0 0 9.095e-05
0.00148113 0 0 0 9.21536e-05
0.00148764 0 0 0 9.3373e-05
0.00149417 0 0 0 9.46086e-05
0.00150073 0 0 0 9.58606e-05
0.00150732 0 0 0 9.71291e-05
0.00151394 0 0 0 9.84144e-05
0.00152059 0 0 0 9.97167e-05
0.00152727 0 0 0 0.000101036
0.00153398 0 0 0 0.000102373
0.00154071 0 0 0 0.000103728
0.00154748 0 0 0 0.000105101
0.00155428 0 0 0 0.000106491
0.0015611 0 0 0 0.0001079
0.00156796 0 0 0 0.000109328
0.00157484 0 0 0 0.000110775
0.00158176 0 0 0 0.000112241
0.00158871 0 0 0 0.000113726
0.00159568 0 0 0 0.000115231
0.00160269 0 0 0 0.000116756
0.00160973 0 0 0 0.000118301
0.0016168 0 0 0 0.000119866
0.0016239 0 0 0 0.000121453
0.00163103 0 0 0 0.00012306
0.00163819 0 0 0 0.000124688
0.00164539 0 0 0 0.000126338
0.00165261 0 0 0 0.00012801
0.00165987 0 0 0 0.000129704
0.00166716 0 0 0 0.00013142
0.00167448 0 0 0 0.000133159
0.00168184 0 0 0 0.000134921
0.00168922 0 0 0 0.000136707
0.00169664 0 0 0 0.000138516
0.00170409 0 0 0 0.000140349
0.00171158 0 0 0 0.000142206
0.00171909 0 0 0 0.000144088
0.00172664 0 0 0 0.000145995
0.00173422 0 0 0 0.000147926
0.00174184 0 0 0 0.000149884
0.00174949 0 0 0 0.000151867
0.00175717 0 0 0 0.000153877
0.00176489 0 0 0 0.000155913
0.00177264 0 0 0 0.000157976
0.00178043 0 0 0 0.000160067
0.00178824 0 0 0 0.000162185
0.0017961 0 0 0 0.000164331
0.00180399 0 0 0 0.000166506
0.00181191 0 0 0 0.000168709
0.00181987 0 0 0 0.000170942
0.00182786 0 0 0 0.000173204
0.00183589 0 0 0 0.000175496
0.00184395 0 0 0 0.000177818
0.00185205 0 0 0 0.000180171
0.00186018 0 0 0 0.000182555
0.00186835 0 0 0 0.000184971
0.00187655 0 0 0 0.000187419
0.00188479 0 0 0 0.000189899
0.00189307 0 0 0 0.000192412
0.00190139 0 0 0 0.000194958
0.00190974 0 0 0 0.000197538
0.00191812 0 0 0 0.000200152
0.00192655 0 0 0 0.0002028
0.00193501 0 0 0 0.000205484
0.00194351 0 0 0 0.000208203
0.00195204 0 0 0 0.000210958
0.00196061 0 0 0 0.00021375
0.00196922 0 0 0 0.000216578
0.00197787 0 0 0 0.000219444
0.00198656 0 0 0 0.000222348
0.00199528 0 0 0 0.00022529
0.00200404 0 0 0 0.000228272
0.00201285 0 0 0 0.000231292
0.00202168 0 0 0 0.000234353
0.00203056 0 0 0 0.000237454
0.00203948 0 0 0 0.000240596
0.00204844 0 0 0 0.00024378
0.00205743 0 0 0 0.000247006
0.00206647 0 0 0 0.000250275
0.00207554 0 0 0 0.000253586
0.00208466 0 0 0 0.000256942
0.00209381 0 0 0 0.000260342
0.00210301 0 0 0 0.000263787
0.00211225 0 0 0 0.000267278
0.00212152 0 0 0 0.000270815
0.00213084 0 0 0 0.000274398
0.0021402 0 0 0 0.000278029
0.0021496 0 0 0 0.000281709
0.00215904 0 0 0 0.000285436
0.00216852 0 0 0 0.000289214
0.00217804 0 0 0 0.000293041
0.00218761 0 0 0 0.000296918
0.00219721 0 0 0 0.000300848
0.00220686 0 0 0 0.000304829
0.00221655 0 0 0 0.000308862
0.00222629 0 0 0 0.000312949
0.00223607 0 0 0 0.000317091
0.00224589 0 0 0 0.000321287
0.00225575 0 0 0 0.000325538
0.00226566 0 0 0 0.000329846
0.00227561 0 0 0 0.000334211
0.0022856 0 0 0 0.000338633
0.00229564 0 0 0 0.000343115
0.00230572 0 0 0 0.000347655
0.00231584 0 0 0 0.000352255
0.00232601 0 0 0 0.000356917
0.00233623 0 0 0 0.00036164
0.00234649 0 0 0 0.000366425
0.00235679 0 0 0 0.000371274
0.00236714 0 0 0 0.000376187
0.00237754 0 0 0 0.000381165
0.00238798 0 0 0 0.000386209
0.00239847 0 0 0 0.00039132
0.002409 0 0 0 0.000396498
0.00241958 0 0 0 0.000401745
0.00243021 0 0 0 0.000407061
0.00244088 0 0 0 0.000412448
0.0024516 0 0 0 0.000417906
0.00246237 0 0 0 0.000423436
0.00247318 0 0 0 0.000429039
0.00248404 0 0 0 0.000434716
0.00249495 0 0 0 0.000440469
0.00250591 0 0 0 0.000446298
0.00251691 0 0 0 0.000452203
0.00252797 0 0 0 0.000458187
0.00253907 0 0 0 0.00046425
0.00255022 0 0 0 0.000470394
0.00256142 0 0 0 0.000476618
0.00257267 0 0 0 0.000482926
0.00258396 0 0 0 0.000489316
0.00259531 0 0 0 0.000495791
0.00260671 0 0 0 0.000502352
0.00261816 0 0 0 0.000508999
0.00262966 0 0 0 0.000515735
0.0026412 0 0 0 0.00052256
0.0026528 0 0 0 0.000529475
0.00266445 0 0 0 0.000536481
0.00267615 0 0 0 0.00054358
0.00268791 0 0 0 0.000550773
0.00269971 0 0 0 0.000558062
0.00271157 0 0 0 0.000565446
0.00272348 0 0 0 0.000572929
0.00273544 0 0 0 0.00058051
0.00274745 0 0 0 0.000588192
0.00275952 0 0 0 0.000595976
0.00277163 0 0 0 0.000603862
0.00278381 0 0 0 0.000611853
0.00279603 0 0 0 0.000619949
0.00280831 0 0 0 0.000628153
0.00282064 0 0 0 0.000636465
0.00283303 0 0 0 0.000644888
0.00284547 0 0 0 0.000653421
0.00285797 0 0 0 0.000662068
0.00287052 0 0 0 0.000670829
0.00288313 0 0 0 0.000679706
0.00289579 0 0 0 0.000688701
0.00290851 0 0 0 0.000697814
0.00292128 0 0 0 0.000707048
0.00293411 0 0 0 0.000716404
0.00294699 0 0 0 0.000725885
0.00295994 0 0 0 0.00073549
0.00297293 0 0 0 0.000745223
0.00298599 0 0 0 0.000755084
0.0029991 0 0 0 0.000765076
0.00301228 0 0 0 0.0007752
0.0030255 0 0 0 0.000785458
0.00303879 0 0 0 0.000795852
0.00305214 0 0 0 0.000806384
0.00306554 0 0 0 0.000817054
0.003079 0 0 0 0.000827866
0.00309252 0 0 0 0.000838821
0.00310611 0 0 0 0.000849921
0.00311975 0 0 0 0.000861168
0.00313345 0 0 0 0.000872564
0.00314721 0 0 0 0.000884111
0.00316103 0 0 0 0.00089581
0.00317491 0 0 0 0.000907664
0.00318886 0 0 0 0.000919675
0.00320286 0 0 0 0.000931845
0.00321693 0 0 0 0.000944176
0.00323105 0 0 0 0.00095667
0.00324524 0 0 0 0.00096933
0.00325949 0 0 0 0.000982157
0.00327381 0 0 0 0.000995153
0.00328819 0 0 0 0.00100832
0.00330263 0 0 0 0.00102167
0.00331713 0 0 0 0.00103518
0.0033317 0 0 0 0.00104888
0.00334633 0 0 0 0.00106276
0.00336103 0 0 0 0.00107683
0.00337579 0 0 0 0.00109108
0.00339061 0 0 0 0.00110551
0.0034055 0 0 0 0.00112014
0.00342046 0 0 0 0.00113497
0.00343548 0 0 0 0.00114998
0.00345057 0 0 0 0.0011652
0.00346572 0 0 0 0.00118062
0.00348094 0 0 0 0.00119624
0.00349623 0 0 0 0.00121207
0.00351158 0 0 0 0.00122811
0.003527 0 0 0 0.00124436
0.00354249 0 0 0 0.00126083
0.00355805 0 0 0 0.00127752
0.00357368 0 0 0 0.00129442
0.00358937 0 0 0 0.00131155
0.00360513 0 0 0 0.00132891
0.00362097 0 0 0 0.00134649
0.00363687 0 0 0 0.00136431
0.00365284 0 0 0 0.00138236
0.00366888 0 0 0 0.00140065
0.00368499 0 0 0 0.00141919
0.00370118 0 0 0 0.00143797
0.00371743 0 0 0 0.001457
0.00373376 0 0 0 0.00147628
0.00375015 0 0 0 0.00149581
0.00376662 0 0 0 0.00151561
0.00378317 0 0 0 0.00153566
0.00379978 0 0 0 0.00155598
0.00381647 0 0 0 0.00157657
0.00383323 0 0 0 0.00159744
0.00385006 0 0 0 0.00161858
0.00386697 0 0 0 0.00163999
0.00388395 0 0 0 0.0016617
0.00390101 0 0 0 0.00168368
0.00391814 0 0 0 0.00170596
0.00393535 0 0 0 0.00172854
0.00395263 0 0 0 0.00175141
0.00396999 0 0 0 0.00177459
0.00398742 0 0 0 0.00179807
0.00400494 0 0 0 0.00182187
0.00402252 0 0 0 0.00184597
0.00404019 0 0 0 0.0018704
0.00405793 0 0 0 0.00189515
0.00407575 0 0 0 0.00192023
0.00409365 0 0 0 0.00194564
0.00411163 0 0 0 0.00197139
0.00412969 0 0 0 0.00199747
0.00414782 0 0 0 0.00202391
0.00416604 0 0 0 0.00205069
0.00418433 0 0 0 0.00207783
0.00420271 0 0 0 0.00210532
0.00422117 0 0 0 0.00213318
0.00423971 0 0 0 0.00216141
0.00425832 0 0 0 0.00219001
0.00427703 0 0 0 0.00221899
0.00429581 0 0 0 0.00224835
0.00431467 0 0 0 0.00227811
0.00433362 0 0 0 0.00230825
0.00435265 0 0 0 0.0023388
0.00437177 0 0 0 0.00236975
0.00439097 0 0 0 0.0024011
0.00441025 0 0 0 0.00243288
0.00442962 0 0 0 0.00246507
0.00444907 0 0 0 0.00249769
0.00446861 0 0 0 0.00253074
0.00448824 0 0 0 0.00256423
0.00450795 0 0 0 0.00259816
0.00452775 0 0 0 0.00263255
0.00454763 0 0 0 0.00266738
0.0045676 0 0 0 0.00270268
0.00458766 0 0 0 0.00273844
0.00460781 0 0 0 0.00277468
0.00462804 0 0 0 0.0028114
0.00464837 0 0 0 0.0028486
0.00466878 0 0 0 0.0028863
0.00468929 0 0 0 0.00292449
0.00470988 0 0 0 0.00296319
0.00473056 0 0 0 0.0030024
0.00475134 0 0 0 0.00304213
0.00477221 0 0 0 0.00308239
0.00479316 0 0 0 0.00312318
0.00481421 0 0 0 0.0031645
0.00483536 0 0 0 0.00320638
0.00485659 0 0 0 0.00324881
0.00487792 0 0 0 0.0032918
0.00489934 0 0 0 0.00333536
0.00492086 0 0 0 0.0033795
0.00494247 0 0 0 0.00342422
0.00496417 0 0 0 0.00346953
0.00498597 0 0 0 0.00351544
0.00500787 0 0 0 0.00356196
0.00502986 0 0 0 0.0036091
0.00505195 0 0 0 0.00365685
0.00507414 0 0 0 0.00370525
0.00509642 0 0 0 0.00375428
0.0051188 0 0 0 0.00380396
0.00514128 0 0 0 0.00385429
0.00516386 0 0 0 0.0039053
0.00518654 0 0 0 0.00395698
0.00520932 0 0 0 0.00400934
0.0052322 0 0 0 0.00406239
0.00525517 0 0 0 0.00411615
0.00527825 0 0 0 0.00417062
0.00530143 0 0 0 0.00422581
0.00532472 0 0 0 0.00428173
0.0053481 0 0 0 0.00433839
0.00537159 0 0 0 0.0043958
0.00539518 0 0 0 0.00445396
0.00541887 0 0 0 0.0045129
0.00544267 0 0 0 0.00457262
0.00546657 0 0 0 0.00463313
0.00549058 0 0 0 0.00469444
0.00551469 0 0 0 0.00475656
0.00553891 0 0 0 0.0048195
0.00556323 0 0 0 0.00488328
0.00558766 0 0 0 0.0049479
0.0056122 0 0 0 0.00501338
0.00563685 0 0 0 0.00507972
0.00566161 0 0 0 0.00514694
0.00568647 0 0 0 0.00521504
0.00571144 0 0 0 0.00528405
0.00573653 0 0 0 0.00535398
0.00576172 0 0 0 0.00542483
0.00578702 0 0 0 0.00549661
0.00581244 0 0 0 0.00556935
0.00583796 0 0 0 0.00564305
0.0058636 0 0 0 0.00571772
0.00588935 0 0 0 0.00579338
0.00591521 0 0 0 0.00587005
0.00594119 0 0 0 0.00594772
0.00596728 0 0 0 0.00602643
0.00599349 0 0 0 0.00610618
0.00601981 0 0 0 0.00618698
0.00604625 0 0 0 0.00626885
0.0060728 0 0 0 0.0063518
0.00609947 0 0 0 0.00643586
0.00612626 0 0 0 0.00652102
0.00615316 0 0 0 0.00660731
0.00618018 0 0 0 0.00669475
0.00620733 0 0 0 0.00678334
0.00623459 0 0 0 0.0068731
0.00626197 0 0 0 0.00696405
0.00628947 0 0 0 0.00705621
0.00631709 0 0 0 0.00714958
0.00634483 0 0 0 0.00724419
0.00637269 0 0 0 0.00734005
0.00640068 0 0 0 0.00743718
0.00642879 0 0 0 0.0075356
0.00645702 0 0 0 0.00763531
0.00648538 0 0 0 0.00773635
0.00651386 0 0 0 0.00783872
0.00654247 0 0 0 0.00794245
0.0065712 0 0 0 0.00804755
0.00660006 0 0 0 0.00815405
0.00662904 0 0 0 0.00826195
0.00665816 0 0 0 0.00837128
0.0066874 0 0 0 0.00848205
0.00671676 0 0 0 0.0085943
0.00674626 0 0 0 0.00870802
0.00677589 0 0 0 0.00882325
0.00680565 0 0 0 0.00894001
0.00683553 0 0 0 0.00905831
0.00686555 0 0 0 0.00917818
0.00689571 0 0 0 0.00929964
0.00692599 0 0 0 0.0094227
0.0069564 0 0 0 0.00954739
0.00698696 0 0 0 0.00967372
0.00701764 0 0 0 0.00980174
0.00704846 0 0 0 0.00993144
0.00707941 0 0 0 0.0100629
0.0071105 0 0 0 0.010196
0.00714173 0 0 0 0.0103309
0.00717309 0 0 0 0.0104677
0.0072046 0 0 0 0.0106062
0.00723624 0 0 0 0.0107465
0.00726801 0 0 0 0.0108887
0.00729993 0 0 0 0.0110328
0.00733199 0 0 0 0.0111788
0.00736419 0 0 0 0.0113267
0.00739653 0 0 0 0.0114766
0.00742901 0 0 0 0.0116285
0.00746164 0 0 0 0.0117824
0.00749441 0 0 0 0.0119383
0.00752732 0 0 0 0.0120963
0.00756038 0 0 0 0.0122563
0.00759358 0 0 0 0.0124185
0.00762693 0 0 0 0.0125829
0.00766042 0 0 0 0.0127494
0.00769407 0 0 0 0.0129181
0.00772786 0 0 0 0.013089
0.00776179 0 0 0 0.0132622
0.00779588 0 0 0 0.0134377
0.00783012 0 0 0 0.0136155
0.0078645 0 0 0 0.0137957
0.00789904 0 0 0 0.0139783
0.00793373 0 0 0 0.0141632
0.00796857 0 0 0 0.0143507
0.00800357 0 0 0 0.0145406
0.00803872 0 0 0 0.014733
0.00807402 0 0 0 0.0149279
0.00810948 0 0 0 0.0151255
0.00814509 0 0 0 0.0153256
0.00818086 0 0 0 0.0155284
0.00821679 0 0 0 0.0157339
0.00825288 0 0 0 0.0159421
0.00828912 0 0 0 0.0161531
0.00832552 0 0 0 0.0163668
0.00836209 0 0 0 0.0165834
0.00839881 0 0 0 0.0168029
0.00843569 0 0 0 0.0170252
0.00847274 0 0 0 0.0172505
0.00850995 0 0 0 0.0174788
0.00854732 0 0 0 0.0177101
0.00858486 0 0 0 0.0179444
0.00862256 0 0 0 0.0181819
0.00866043 0 0 0 0.0184225
0.00869846 0 0 0 0.0186663
0.00873666 0 0 0 0.0189133
0.00877503 0 0 0 0.0191635
0.00881357 0 0 0 0.0194171
0.00885227 0 0 0 0.0196741
0.00889115 0 0 0 0.0199344
0.0089302 0 0 0 0.0201982
0.00896941 0 0 0 0.0204655
0.0090088 0 0 0 0.0207363
0.00904837 0 0 0 0.0210107
0.00908811 0 0 0 0.0212887
0.00912802 0 0 0 0.0215704
0.0091681 0 0 0 0.0218559
0.00920837 0 0 0 0.0221451
0.00924881 0 0 0 0.0224381
0.00928942 0 0 0 0.0227351
0.00933022 0 0 0 0.0230359
0.0093712 0 0 0 0.0233407
0.00941235 0 0 0 0.0236496
0.00945369 0 0 0 0.0239626
0.0094952 0 0 0 0.0242797
0.0095369 0 0 0 0.024601
0.00957879 0 0 0 0.0249265
0.00962085 0 0 0 0.0252563
0.0096631 0 0 0 0.0255906
0.00970554 0 0 0 0.0259292
0.00974816 0 0 0 0.0262723
0.00979097 0 0 0 0.02662
0.00983397 0 0 0 0.0269722
0.00987716 0 0 0 0.0273291
0.00992054 0 0 0 0.0276908
0.0099641 0 0 0 0.0280572
0.0100079 0 0 0 0.0284285
0.0100518 0 0 0 0.0288047
0.010096 0 0 0 0.0291859
0.0101403 0 0 0 0.0295721
0.0101848 0 0 0 0.0299634
0.0102296 0 0 0 0.0303599
0.0102745 0 0 0 0.0307616
0.0103196 0 0 0 0.0311687
0.0103649 0 0 0 0.0315812
0.0104104 0 0 0 0.0319991
0.0104562 0 0 0 0.0324225
0.0105021 0 0 0 0.0328515
0.0105482 0 0 0 0.0332863
0.0105945 0 0 0 0.0337267
0.0106411 0 0 0 0.034173
0.0106878 0 0 0 0.0346252
0.0107347 0 0 0 0.0350834
0.0107819 0 0 0 0.0355477
0.0108292 0 0 0 0.0360181
0.0108768 0 0 0 0.0364947
0.0109245 0 0 0 0.0369776
0.0109725 0 0 0 0.037467
0.0110207 0 0 0 0.0379628
0.0110691 0 0 0 0.0384651
0.0111177 0 0 0 0.0389741
0.0111665 0 0 0 0.0394899
0.0112156 0 0 0 0.0400124
0.0112648 0 0 0 0.0405419
0.0113143 0 0 0 0.0410784
0.011364 0 0 0 0.041622
0.0114139 0 0 0 0.0421728
0.011464 0 0 0 0.0427308
0.0115144 0 0 0 0.0432963
0.0115649 0 0 0 0.0438692
0.0116157 0 0 0 0.0444497
0.0116667 0 0 0 0.0450379
0.011718 0 0 0 0.0456339
0.0117694 0 0 0 0.0462378
0.0118211 0 0 0 0.0468496
0.011873 0 0 0 0.0474696
0.0119252 0 0 0 0.0480977
0.0119776 0 0 0 0.0487342
0.0120302 0 0 0 0.0493791
0.012083 0 0 0 0.0500325
0.012136 0 0 0 0.0506946
0.0121893 0 0 0 0.0513654
0.0122429 0 0 0 0.0520452
0.0122966 0 0 0 0.0527339
0.0123506 0 0 0 0.0534317
0.0124049 0 0 0 0.0541387
0.0124594 0 0 0 0.0548551
0.0125141 0 0 0 0.055581
0.012569 0 0 0 0.0563165
0.0126242 0 0 0 0.0570618
0.0126797 0 0 0 0.0578169
0.0127354 0 0 0 0.0585819
0.0127913 0 0 0 0.0593571
0.0128475 0 0 0 0.0601426
0.0129039 0 0 0 0.0609385
0.0129606 0 0 0 0.0617449
0.0130175 0 0 0 0.0625619
0.0130746 0 0 0 0.0633898
0.0131321 0 0 0 0.0642286
0.0131897 0 0 0 0.0650785
0.0132477 0 0 0 0.0659397
0.0133058 0 0 0 0.0668123
0.0133643 0 0 0 0.0676964
0.013423 0 0 0 0.0685922
0.0134819 0 0 0 0.0694999
0.0135411 0 0 0 0.0704196
0.0136006 0 0 0 0.0713514
0.0136603 0 0 0 0.0722956
0.0137203 0 0 0 0.0732523
0.0137806 0 0 0 0.0742216
0.0138411 0 0 0 0.0752038
0.0139019 0 0 0 0.076199
0.0139629 0 0 0 0.0772073
0.0140242 0 0 0 0.078229
0.0140858 0 0 0 0.0792642
0.0141477 0 0 0 0.0803131
0.0142098 0 0 0 0.0813758
0.0142722 0 0 0 0.0824527
0.0143349 0 0 0 0.0835438
0.0143979 0 0 0 0.0846493
0.0144611 0 0 0 0.0857694
0.0145246 0 0 0 0.0869044
0.0145884 0 0 0 0.0880544
0.0146524 0 0 0 0.0892196
0.0147168 0 0 0 0.0904002
0.0147814 0 0 0 0.0915965
0.0148463 0 0 0 0.0928086
0.0149115 0 0 0 0.0940367
0.014977 0 0 0 0.0952811
0.0150428 0 0 0 0.0965419
0.0151089 0 0 0 0.0978195
0.0151752 0 0 0 0.0991139
0.0152419 0 0 0 0.100425
0.0153088 0 0 0 0.101754
0.015376 0 0 0 0.103101
0.0154436 0 0 0 0.104465
0.0155114 0 0 0 0.105848
0.0155795 0 0 0 0.107248
0.0156479 0 0 0 0.108667
0.0157166 0 0 0 0.110105
0.0157857 0 0 0 0.111562
0.015855 0 0 0 0.113039
0.0159246 0 0 0 0.114535
0.0159945 0 0 0 0.11605
0.0160648 0 0 0 0.117586
0.0161353 0 0 0 0.119142
0.0162062 0 0 0 0.120718
0.0162774 0 0 0 0.122316
0.0163489 0 0 0 0.123934
0.0164207 0 0 0 0.125574
0.0164928 0 0 0 0.127236
0.0165652 0 0 0 0.12892
0.0166379 0 0 0 0.130626
0.016711 0 0 0 0.132354
0.0167844 0 0 0 0.134106
0.0168581 0 0 0 0.13588
0.0169322 0 0 0 0.137679
0.0170065 0 0 0 0.1395
0.0170812 0 0 0 0.141346
0.0171562 0 0 0 0.143217
0.0172316 0 0 0 0.145112
0.0173072 0 0 0 0.147032
0.0173832 0 0 0 0.148978
0.0174596 0 0 0 0.150949
0.0175363 0 0 0 0.152947
0.0176133 0 0 0 0.154971
0.0176906 0 0 0 0.157021
0.0177683 0 0 0 0.159099
0.0178463 0 0 0 0.161205
0.0179247 0 0 0 0.163338
0.0180034 0 0 0 0.165499
0.0180825 0 0 0 0.167689
0.0181619 0 0 0 0.169908
0.0182417 0 0 0 0.172157
0.0183218 0 0 0 0.174435
0.0184022 0 0 0 0.176743
0.0184831 0 0 0 0.179082
0.0185642 0 0 0 0.181452
0.0186458 0 0 0 0.183853
0.0187276 0 0 0 0.186286
0.0188099 0 0 0 0.188751
0.0188925 0 0 0 0.191248
0.0189755 0 0 0 0.193779
0.0190588 0 0 0 0.196344
0.0191425 0 0 0 0.198942
0.0192266 0 0 0 0.201574
0.019311 0 0 0 0.204242
0.0193958 0 0 0 0.206944
0.019481 0 0 0 0.209683
0.0195665 0 0 0 0.212458
0.0196525 0 0 0 0.215269
0.0197388 0 0 0 0.218118
0.0198255 0 0 0 0.221004
0.0199125 0 0 0 0.223928
0.02 0 0 0 0.226892
0.0200878 0 0 0 0.229894
0.020176 0 0 0 0.232936
0.0202646 0 0 0 0.236019
0.0203536 0 0 0 0.239142
0.020443 0 0 0 0.242306
0.0205328 0 0 0 0.245513
0.020623 0 0 0 0.248762
0.0207135 0 0 0 0.252053
0.0208045 0 0 0 0.255389
0.0208959 0 0 0 0.258768
0.0209876 0 0 0 0.262193
0.0210798 0 0 0 0.265662
0.0211724 0 0 0 0.269178
0.0212654 0 0 0 0.27274
0.0213588 0 0 0 0.276349
0.0214526 608.056 2.88173e-06 6 0.280006
0.0215468 0 0 0 0.283711
0.0216414 0 0 0 0.287465
0.0217364 0 0 0 0.291269
0.0218319 0 0 0 0.295124
0.0219278 0 0 0 0.299029
0.0220241 0 0 0 0.302986
0.0221208 0 0 0 0.306995
0.0222179 0 0 0 0.311058
0.0223155 0 0 0 0.315174
0.0224135 0 0 0 0.319345
0.0225119 0 0 0 0.32357
0.0226108 0 0 0 0.327852
0.0227101 0 0 0 0.332191
0.0228098 0 0 0 0.336586
0.02291 0 0 0 0.34104
0.0230106 0 0 0 0.345553
0.0231117 0 0 0 0.350126
0.0232132 0 0 0 0.354759
0.0233151 0 0 0 0.359454
0.0234175 0 0 0 0.36421
0.0235204 0 0 0 0.36903
0.0236236 0 0 0 0.373913
0.0237274 0 0 0 0.378861
0.0238316 0 0 0 0.383875
0.0239363 0 0 0 0.388954
0.0240414 0 0 0 0.394101
0.024147 0 0 0 0.399316
0.024253 0 0 0 0.4046
0.0243595 0 0 0 0.409954
0.0244665 0 0 0 0.415379
0.0245739 0 0 0 0.420876
0.0246819 0 0 0 0.426445
0.0247903 0 0 0 0.432089
0.0248991 0 0 0 0.437806
0.0250085 0 0 0 0.4436
0.0251183 0 0 0 0.44947
0.0252286 0 0 0 0.455418
0.0253394 0 0 0 0.461444
0.0254507 0 0 0 0.46755
0.0255625 0 0 0 0.473737
0.0256747 0 0 0 0.480006
0.0257875 0 0 0 0.486358
0.0259007 0 0 0 0.492794
0.0260145 0 0 0 0.499315
0.0261287 0 0 0 0.505922
0.0262435 0 0 0 0.512617
0.0263587 0 0 0 0.519401
0.0264745 0 0 0 0.526274
0.0265907 0 0 0 0.533238
0.0267075 0 0 0 0.540294
0.0268248 0 0 0 0.547444
0.0269426 0 0 0 0.554688
0.0270609 0 0 0 0.562028
0.0271798 0 0 0 0.569465
0.0272991 0 0 0 0.577001
0.027419 0 0 0 0.584637
0.0275394 0 0 0 0.592373
0.0276604 0 0 0 0.600212
0.0277819 0 0 0 0.608154
0.0279039 0 0 0 0.616202
0.0280264 0 0 0 0.624356
0.0281495 0 0 0 0.632618
0.0282731 0 0 0 0.640989
0.0283973 0 0 0 0.649472
0.028522 0 0 0 0.658066
0.0286472 0 0 0 0.666774
0.0287731 0 0 0 0.675597
0.0288994 0 0 0 0.684537
0.0290263 0 0 0 0.693596
0.0291538 0 0 0 0.702774
0.0292818 0 0 0 0.712074
0.0294104 0 0 0 0.721497
0.0295396 0 0 0 0.731044
0.0296693 0 0 0 0.740718
0.0297996 0 0 0 0.75052
0.0299305 0 0 0 0.760451
0.0300619 0 0 0 0.770514
0.030194 0 0 0 0.78071
0.0303266 1115.01 1.87049e-06 12 0.791041
0.0304597 0 0 0 0.801509
0.0305935 0 0 0 0.812115
0.0307279 0 0 0 0.822862
0.0308628 0 0 0 0.833751
0.0309983 0 0 0 0.844784
0.0311345 0 0 0 0.855963
0.0312712 0 0 0 0.867289
0.0314085 0 0 0 0.878766
0.0315465 0 0 0 0.890395
0.031685 0 0 0 0.902177
0.0318242 0 0 0 0.914116
0.0319639 0 0 0 0.926212
0.0321043 0 0 0 0.938468
0.0322453 0 0 0 0.950887
0.0323869 0 0 0 0.96347
0.0325291 0 0 0 0.976219
0.032672 0 0 0 0.989138
0.0328155 0 0 0 1.00223
0.0329596 0 0 0 1.01549
0.0331043 0 0 0 1.02893
0.0332497 0 0 0 1.04254
0.0333957 0 0 0 1.05634
0.0335424 0 0 0 1.07032
0.0336897 0 0 0 1.08448
0.0338377 0 0 0 1.09883
0.0339863 0 0 0 1.11337
0.0341355 0 0 0 1.1281
0.0342854 0 0 0 1.14303
0.034436 0 0 0 1.15816
0.0345872 0 0 0 1.17348
0.0347391 0 0 0 1.18901
0.0348917 0 0 0 1.20475
0.0350449 0 0 0 1.22069
0.0351988 0 0 0 1.23684
0.0353534 0 0 0 1.25321
0.0355087 0 0 0 1.26979
0.0356646 0 0 0 1.2866
0.0358212 0 0 0 1.30362
0.0359785 0 0 0 1.32087
0.0361366 0 0 0 1.33835
0.0362952 0 0 0 1.35606
0.0364546 0 0 0 1.37401
0.0366147 0 0 0 1.39219
0.0367755 0 0 0 1.41061
0.036937 0 0 0 1.42928
0.0370993 1060.23 9.71517e-07 8 1.44819
0.0372622 0 0 0 1.46735
0.0374258 0 0 0 1.48677
0.0375902 0 0 0 1.50645
0.0377553 0 0 0 1.52638
0.0379211 0 0 0 1.54658
0.0380876 0 0 0 1.56704
0.0382549 0 0 0 1.58778
0.0384229 0 0 0 1.60879
0.0385916 0 0 0 1.63008
0.0387611 0 0 0 1.65165
0.0389313 0 0 0 1.67351
0.0391023 0 0 0 1.69565
0.039274 0 0 0 1.71809
0.0394465 0 0 0 1.74083
0.0396197 0 0 0 1.76386
0.0397937 0 0 0 1.7872
0.0399685 0 0 0 1.81085
0.040144 0 0 0 1.83482
0.0403203 0 0 0 1.8591
0.0404974 0 0 0 1.8837
0.0406752 0 0 0 1.90862
0.0408539 0 0 0 1.93388
0.0410333 0 0 0 1.95947
0.0412135 0 0 0 1.9854
0.0413945 0 0 0 2.01167
0.0415763 0 0 0 2.03829
0.0417589 0 0 0 2.06527
0.0419423 0 0 0 2.09259
0.0421264 0 0 0 2.12029
0.0423115 0 0 0 2.14834
0.0424973 0 0 0 2.17677
0.0426839 0 0 0 2.20558
0.0428714 412.564 2.44983e-07 6 2.23476
0.0430596 0 0 0 2.26434
0.0432487 0 0 0 2.2943
0.0434387 0 0 0 2.32466
0.0436294 0 0 0 2.35542
0.043821 0 0 0 2.38659
0.0440135 0 0 0 2.41817
0.0442068 0 0 0 2.45017
0.0444009 0 0 0 2.48259
0.0445959 0 0 0 2.51545
0.0447918 0 0 0 2.54873
0.0449885 0 0 0 2.58246
0.045186 0 0 0 2.61663
0.0453845 0 0 0 2.65126
0.0455838 0 0 0 2.68634
0.045784 0 0 0 2.72189
0.045985 0 0 0 2.75791
0.046187 0 0 0 2.7944
0.0463898 0 0 0 2.83138
0.0465936 0 0 0 2.86885
0.0467982 0 0 0 2.90681
0.0470037 0 0 0 2.94528
0.0472101 0 0 0 2.98425
0.0474175 0 0 0 3.02374
0.0476257 0 0 0 3.06375
0.0478349 0 0 0 3.1043
0.0480449 1861.64 7.85414e-07 24 3.14538
0.0482559 0 0 0 3.187
0.0484678 0 0 0 3.22917
0.0486807 0 0 0 3.2719
0.0488945 0 0 0 3.3152
0.0491092 0 0 0 3.35907
0.0493249 0 0 0 3.40352
0.0495415 0 0 0 3.44856
0.0497591 0 0 0 3.49419
0.0499776 0 0 0 3.54043
0.0501971 0 0 0 3.58728
0.0504175 0 0 0 3.63475
0.0506389 0 0 0 3.68285
0.0508613 0 0 0 3.73158
0.0510847 0 0 0 3.78096
0.051309 0 0 0 3.83099
0.0515344 0 0 0 3.88169
0.0517607 0 0 0 3.93306
0.051988 0 0 0 3.9851
0.0522163 0 0 0 4.03784
0.0524456 2163.58 7.01765e-07 24 4.09127
0.052676 0 0 0 4.14541
0.0529073 0 0 0 4.20026
0.0531396 0 0 0 4.25584
0.053373 0 0 0 4.31216
0.0536074 0 0 0 4.36922
0.0538428 0 0 0 4.42704
0.0540793 0 0 0 4.48562
0.0543168 0 0 0 4.54498
0.0545553 0 0 0 4.60512
0.0547949 0 0 0 4.66606
0.0550356 0 0 0 4.72781
0.0552772 0 0 0 4.79037
0.05552 0 0 0 4.85376
0.0557638 0 0 0 4.91799
0.0560087 0 0 0 4.98307
0.0562547 0 0 0 5.04901
0.0565017 0 0 0 5.11582
0.0567499 0 0 0 5.18352
0.0569991 0 0 0 5.25211
0.0572494 0 0 0 5.32161
0.0575008 0 0 0 5.39203
0.0577534 0 0 0 5.46339
0.058007 0 0 0 5.53568
0.0582617 0 0 0 5.60893
0.0585176 0 0 0 5.68316
0.0587746 0 0 0 5.75836
0.0590327 0 0 0 5.83456
0.059292 0 0 0 5.91177
0.0595524 0 0 0 5.99
0.0598139 0 0 0 6.06926
0.0600766 0 0 0 6.14958
0.0603404 0 0 0 6.23095
0.0606054 1919.44 4.03447e-07 12 6.31341
0.0608716 0 0 0 6.39695
0.0611389 0 0 0 6.4816
0.0614074 0 0 0 6.56737
0.0616771 0 0 0 6.65428
0.0619479 0 0 0 6.74233
0.06222 0 0 0 6.83155
0.0624932 0 0 0 6.92195
0.0627677 0 0 0 7.01355
0.0630433 0 0 0 7.10636
0.0633202 0 0 0 7.2004
0.0635983 0 0 0 7.29568
0.0638776 0 0 0 7.39222
0.0641581 0 0 0 7.49004
0.0644399 2823.73 4.93749e-07 30 7.58916
0.0647229 0 0 0 7.68958
0.0650071 0 0 0 7.79134
0.0652926 0 0 0 7.89444
0.0655793 0 0 0 7.99891
0.0658673 0 0 0 8.10476
0.0661566 0 0 0 8.212
0.0664471 0 0 0 8.32067
0.0667389 0 0 0 8.43078
0.067032 0 0 0 8.54234
0.0673264 0 0 0 8.65538
0.0676221 0 0 0 8.76992
0.0679191 2892.98 4.32033e-07 24 8.88597
0.0682173 0 0 0 9.00356
0.0685169 0 0 0 9.1227
0.0688178 0 0 0 9.24342
0.06912 0 0 0 9.36574
0.0694236 0 0 0 9.48967
0.0697285 0 0 0 9.61525
0.0700347 0 0 0 9.74248
0.0703423 0 0 0 9.87141
0.0706512 0 0 0 10.002
0.0709615 0 0 0 10.1344
0.0712731 1942.11 2.50982e-07 24 10.2685
0.0715861 0 0 0 10.4044
0.0719005 0 0 0 10.5421
0.0722162 0 0 0 10.6816
0.0725334 0 0 0 10.8229
0.0728519 0 0 0 10.9661
0.0731719 0 0 0 11.1112
0.0734932 0 0 0 11.2583
0.073816 0 0 0 11.4072
0.0741401 1835.11 2.10692e-07 8 11.5582
0.0744657 0 0 0 11.7111
0.0747928 0 0 0 11.8661
0.0751212 0 0 0 12.0231
0.0754511 0 0 0 12.1822
0.0757825 0 0 0 12.3435
0.0761153 0 0 0 12.5068
0.0764496 0 0 0 12.6723
0.0767853 0 0 0 12.84
0.0771225 0 0 0 13.0099
0.0774612 2117.31 2.13146e-07 24 13.182
0.0778014 0 0 0 13.3565
0.0781431 0 0 0 13.5332
0.0784863 0 0 0 13.7123
0.0788309 0 0 0 13.8938
0.0791771 0 0 0 14.0776
0.0795249 0 0 0 14.2639
0.0798741 0 0 0 14.4527
0.0802249 2252.76 2.04143e-07 48 14.6439
0.0805772 0 0 0 14.8377
0.0809311 0 0 0 15.034
0.0812865 0 0 0 15.233
0.0816435 0 0 0 15.4346
0.082002 0 0 0 15.6388
0.0823621 0 0 0 15.8457
0.0827238 0 0 0 16.0554
0.0830871 0 0 0 16.2679
0.083452 0 0 0 16.4832
0.0838185 0 0 0 16.7013
0.0841866 0 0 0 16.9223
0.0845563 0 0 0 17.1462
0.0849277 0 0 0 17.3731
0.0853006 0 0 0 17.603
0.0856753 1460.96 1.08697e-07 6 17.8359
0.0860515 0 0 0 18.072
0.0864294 0 0 0 18.3111
0.086809 0 0 0 18.5534
0.0871902 0 0 0 18.7989
0.0875731 0 0 0 19.0477
0.0879577 0 0 0 19.2998
0.088344 2222.11 1.50793e-07 48 19.5551
0.088732 0 0 0 19.8139
0.0891217 0 0 0 20.0761
0.089513 0 0 0 20.3418
0.0899062 0 0 0 20.611
0.090301 0 0 0 20.8837
0.0906976 0 0 0 21.16
0.0910959 1933.16 1.19651e-07 36 21.4401
0.0914959 0 0 0 21.7238
0.0918977 0 0 0 22.0112
0.0923013 0 0 0 22.3025
0.0927067 0 0 0 22.5976
0.0931138 0 0 0 22.8967
0.0935227 4112.8 2.35251e-07 24 23.1997
0.0939335 0 0 0 23.5067
0.094346 0 0 0 23.8177
0.0947603 0 0 0 24.1329
0.0951765 0 0 0 24.4522
0.0955944 0 0 0 24.7758
0.0960143 3080.15 1.62821e-07 24 25.1037
0.0964359 0 0 0 25.4359
0.0968594 0 0 0 25.7724
0.0972848 0 0 0 26.1135
0.097712 0 0 0 26.459
0.0981412 2758.18 1.36526e-07 48 26.8092
0.0985722 0 0 0 27.1639
0.0990051 0 0 0 27.5234
0.0994399 0 0 0 27.8876
0.0998766 0 0 0 28.2566
0.100315 0 0 0 28.6306
0.100756 3364.72 1.53917e-07 24 29.0094
0.101198 0 0 0 29.3933
0.101643 0 0 0 29.7823
0.102089 0 0 0 30.1764
0.102537 0 0 0 30.5757
0.102988 0 0 0 30.9803
0.10344 0 0 0 31.3902
0.103894 0 0 0 31.8056
0.10435 0 0 0 32.2265
0.104809 0 0 0 32.653
0.105269 4374.7 1.75466e-07 24 33.0851
0.105731 0 0 0 33.5229
0.106196 0 0 0 33.9665
0.106662 0 0 0 34.4159
0.10713 3024.08 1.1508e-07 30 34.8714
0.107601 0 0 0 35.3328
0.108073 0 0 0 35.8004
0.108548 0 0 0 36.2741
0.109025 0 0 0 36.7541
0.109504 3022.82 1.07714e-07 72 37.2405
0.109985 0 0 0 37.7333
0.110468 0 0 0 38.2326
0.110953 0 0 0 38.7385
0.11144 3265.18 1.1039e-07 32 39.2511
0.111929 0 0 0 39.7706
0.112421 0 0 0 40.2968
0.112915 0 0 0 40.8301
0.11341 0 0 0 41.3704
0.113909 0 0 0 41.9178
0.114409 0 0 0 42.4725
0.114911 0 0 0 43.0345
0.115416 3008.5 9.15585e-08 72 43.604
0.115923 0 0 0 44.181
0.116432 0 0 0 44.7657
0.116943 0 0 0 45.358
0.117457 2622.54 7.57241e-08 48 45.9583
0.117973 0 0 0 46.5664
0.118491 0 0 0 47.1826
0.119011 0 0 0 47.807
0.119534 0 0 0 48.4396
0.120059 0 0 0 49.0806
0.120586 0 0 0 49.7301
0.121115 4607.18 1.21334e-07 12 50.3882
0.121647 0 0 0 51.0549
0.122182 0 0 0 51.7305
0.122718 0 0 0 52.4151
0.123257 4088.7 1.02164e-07 48 53.1087
0.123798 0 0 0 53.8115
0.124342 0 0 0 54.5235
0.124888 3095.49 7.43554e-08 48 55.245
0.125437 0 0 0 55.9761
0.125987 0 0 0 56.7168
0.126541 0 0 0 57.4673
0.127096 3767.46 8.58606e-08 48 58.2278
0.127655 0 0 0 58.9983
0.128215 0 0 0 59.779
0.128778 2646.08 5.79724e-08 30 60.5701
0.129344 0 0 0 61.3716
0.129912 0 0 0 62.1837
0.130482 3580.53 7.54115e-08 24 63.0066
0.131055 0 0 0 63.8404
0.131631 0 0 0 64.6851
0.132209 3781.52 7.65648e-08 72 65.5411
0.13279 0 0 0 66.4084
0.133373 0 0 0 67.2872
0.133959 0 0 0 68.1776
0.134547 0 0 0 69.0798
0.135138 0 0 0 69.9939
0.135731 3136.42 5.86868e-08 24 70.9201
0.136327 0 0 0 71.8586
0.136926 0 0 0 72.8095
0.137527 3764.09 6.77078e-08 96 73.773
0.138131 0 0 0 74.7492
0.138738 3493.55 6.12107e-08 48 75.7383
0.139347 0 0 0 76.7406
0.139959 0 0 0 77.7561
0.140574 2852.78 4.80508e-08 24 78.785
0.141191 0 0 0 79.8276
0.141811 0 0 0 80.8839
0.142434 2514.63 4.07173e-08 24 81.9542
0.14306 0 0 0 83.0387
0.143688 4115.26 6.49057e-08 72 84.1376
0.144319 0 0 0 85.251
0.144953 0 0 0 86.3791
0.145589 3940.75 5.97498e-08 48 87.5221
0.146229 0 0 0 88.6803
0.146871 0 0 0 89.8538
0.147516 0 0 0 91.0428
0.148164 0 0 0 92.2476
0.148814 2992.47 4.24855e-08 8 93.4683
0.149468 0 0 0 94.7051
0.150124 3963.02 5.48049e-08 54 95.9583
0.150784 0 0 0 97.2281
0.151446 3753.73 5.05636e-08 84 98.5147
0.152111 0 0 0 99.8184
0.152779 0 0 0 101.139
0.15345 3089.8 4.00108e-08 48 102.478
0.154124 0 0 0 103.834
0.154801 3084.64 3.89074e-08 24 105.208
0.15548 0 0 0 106.6
0.156163 3155.28 3.87657e-08 72 108.011
0.156849 0 0 0 109.44
0.157538 3561.75 4.2624e-08 96 110.888
0.15823 0 0 0 112.355
0.158925 0 0 0 113.842
0.159623 0 0 0 115.349
0.160324 3881.64 4.40726e-08 48 116.875
0.161028 0 0 0 118.422
0.161735 2835.62 3.13606e-08 48 119.989
0.162445 0 0 0 121.576
0.163158 2005.14 2.16004e-08 24 123.185
0.163875 0 0 0 124.815
0.164595 4213.61 4.42133e-08 72 126.467
0.165318 0 0 0 128.141
0.166044 0 0 0 129.836
0.166773 0 0 0 131.554
0.167505 3801.05 3.78412e-08 72 133.295
0.168241 0 0 0 135.059
0.16898 3821.1 3.70537e-08 96 136.846
0.169722 0 0 0 138.657
0.170467 0 0 0 140.492
0.171216 3125.47 2.9136e-08 6 142.351
0.171968 0 0 0 144.235
0.172723 4208.2 3.82114e-08 96 146.143
0.173481 0 0 0 148.077
0.174243 3590.87 3.17598e-08 96 150.037
0.175008 0 0 0 152.022
0.175777 4283.72 3.69046e-08 24 154.034
0.176549 3879.02 3.29817e-08 48 156.072
0.177324 0 0 0 158.138
0.178103 4236.31 3.50848e-08 96 160.23
0.178885 0 0 0 162.35
0.179671 5328.42 4.29844e-08 48 164.499
0.18046 0 0 0 166.676
0.181252 0 0 0 168.881
0.182048 3682.4 2.85573e-08 36 171.116
0.182848 3828.06 2.92992e-08 48 173.38
0.183651 0 0 0 175.675
0.184457 3964.31 2.95546e-08 120 177.999
0.185268 0 0 0 180.355
0.186081 3922.48 2.84839e-08 56 182.741
0.186898 5230.89 3.74891e-08 24 185.16
0.187719 0 0 0 187.61
0.188544 4835.77 3.3758e-08 96 190.092
0.189372 4149.98 2.85922e-08 48 192.608
0.190203 0 0 0 195.157
0.191038 0 0 0 197.739
0.191877 2838.91 1.8803e-08 24 200.356
0.19272 4268.08 2.78995e-08 102 203.007
0.193566 0 0 0 205.693
0.194417 4383.09 2.79079e-08 48 208.415
0.19527 5457.16 3.42929e-08 72 211.173
0.196128 0 0 0 213.968
0.196989 3594.19 2.19998e-08 48 216.799
0.197854 5988.75 3.6178e-08 48 219.668
0.198723 3031.76 1.80757e-08 120 222.575
0.199596 0 0 0 225.52
0.200473 0 0 0 228.504
0.201353 2931.3 1.68009e-08 24 231.528
0.202237 4205.44 2.37889e-08 144 234.592
0.203125 4357.16 2.43252e-08 120 237.696
0.204017 0 0 0 240.842
0.204913 5021.86 2.73086e-08 48 244.029
0.205813 0 0 0 247.258
0.206717 5262.72 2.78757e-08 48 250.53
0.207625 5313.43 2.77768e-08 96 253.845
0.208537 0 0 0 257.204
0.209453 0 0 0 260.608
0.210372 5409.07 2.71833e-08 24 264.056
0.211296 5662.79 2.80867e-08 48 267.55
0.212224 4418.32 2.16281e-08 108 271.091
0.213156 4426.32 2.13843e-08 72 274.678
0.214092 2847.68 1.35779e-08 30 278.313
0.215033 0 0 0 281.996
0.215977 4433.39 2.05902e-08 168 285.728
0.216925 4347.87 1.99292e-08 48 289.509
0.217878 0 0 0 293.34
0.218835 4358.27 1.94585e-08 72 297.221
0.219796 5033.52 2.21798e-08 96 301.154
0.220761 4851.85 2.11001e-08 72 305.14
0.221731 5814.06 2.49544e-08 72 309.177
0.222705 5978.93 2.53269e-08 32 313.269
0.223683 5588.5 2.33639e-08 72 317.414
0.224665 4232.9 1.74654e-08 144 321.614
0.225652 0 0 0 325.87
0.226643 0 0 0 330.183
0.227638 6519.3 2.58591e-08 96 334.552
0.228638 4708.75 1.84335e-08 96 338.979
0.229642 5521 2.1331e-08 48 343.465
0.23065 5213.66 1.98805e-08 72 348.01
0.231663 4713.33 1.77379e-08 120 352.615
0.23268 3781.02 1.40435e-08 72 357.281
0.233702 0 0 0 362.009
0.234729 6522.1 2.35958e-08 48 366.799
0.23576 4573.03 1.63284e-08 78 371.653
0.236795 4822.7 1.69949e-08 120 376.571
0.237835 3766.48 1.30995e-08 48 381.554
0.238879 0 0 0 386.603
0.239928 5095.93 1.72633e-08 144 391.719
0.240982 5134.89 1.71681e-08 144 396.903
0.24204 0 0 0 402.155
0.243103 4714.64 1.5354e-08 156 407.476
0.244171 5139.56 1.65192e-08 48 412.868
0.245243 5493.67 1.74268e-08 120 418.332
0.24632 5450.62 1.70644e-08 48 423.868
0.247402 7776.88 2.40293e-08 48 429.477
0.248488 5714.28 1.74256e-08 168 435.16
0.24958 6847.45 2.06085e-08 48 440.918
0.250676 6194.75 1.84006e-08 96 446.753
0.251777 5831.22 1.70946e-08 96 452.665
0.252882 6005.71 1.73762e-08 72 458.655
0.253993 5517.83 1.57561e-08 48 464.724
0.255108 6057.5 1.70712e-08 144 470.874
0.256229 0 0 0 477.105
0.257354 4318.99 1.18559e-08 30 483.418
0.258484 4810.23 1.3032e-08 96 489.815
0.259619 6937.41 1.85495e-08 248 496.297
0.26076 5901.05 1.55724e-08 24 502.864
0.261905 6360.42 1.65654e-08 168 509.519
0.263055 6661.86 1.71239e-08 120 516.261
0.26421 6039.56 1.53215e-08 72 523.093
0.26537 6149.57 1.53969e-08 144 530.015
0.266536 5595.7 1.38272e-08 192 537.028
0.267706 0 0 0 544.135
0.268882 4496.8 1.08234e-08 72 551.335
0.270063 4694.67 1.11521e-08 96 558.631
0.271249 5428.46 1.27268e-08 24 566.023
0.27244 5411.49 1.25213e-08 300 573.513
0.273637 3479.23 7.94523e-09 24 581.102
0.274838 4870.12 1.09762e-08 96 588.792
0.276045 6094.33 1.3556e-08 216 596.583
0.277258 0 0 0 604.478
0.278475 4483.34 9.71378e-09 126 612.477
0.279698 6399.91 1.36852e-08 144 620.582
0.280927 5906.55 1.24653e-08 144 628.794
0.28216 6168.47 1.2848e-08 168 637.115
0.283399 6917.63 1.42202e-08 144 645.545
0.284644 5667.57 1.14984e-08 24 654.088
0.285894 5849.11 1.17117e-08 144 662.743
0.28715 5237.6 1.03503e-08 192 671.513
0.288411 6575.28 1.28241e-08 120 680.399
0.289677 6350.83 1.22246e-08 144 689.403
0.290949 8408.44 1.59738e-08 48 698.526
0.292227 6283.05 1.17803e-08 336 707.769
0.293511 5892.34 1.09034e-08 48 717.135
0.2948 6420.51 1.17256e-08 192 726.625
0.296094 4830.45 8.7065e-09 48 736.24
0.297395 6491.87 1.15483e-08 56 745.983
0.298701 6577.71 1.15481e-08 240 755.854
0.300012 5545.12 9.60815e-09 150 765.856
0.30133 5094.1 8.71138e-09 240 775.991
0.302653 5195.5 8.76874e-09 84 786.259
0.303982 6768.88 1.1275e-08 144 796.664
0.305317 5883.76 9.67267e-09 168 807.206
0.306658 6337.74 1.02829e-08 144 817.888
0.308005 6968.49 1.11587e-08 240 828.711
0.309358 7598.56 1.20087e-08 24 839.677
0.310716 6051.73 9.43917e-09 336 850.788
0.312081 7661.73 1.17943e-08 144 862.047
0.313451 7420.81 1.12742e-08 168 873.454
0.314828 6826.69 1.02361e-08 96 885.012
0.31621 7017.66 1.03851e-08 216 896.724
0.317599 6818.34 9.95833e-09 96 908.59
0.318994 5898.32 8.50211e-09 336 920.613
0.320395 7205.86 1.02512e-08 48 932.795
0.321802 5837.48 8.19607e-09 246 945.139
0.323215 7232.76 1.00225e-08 168 957.646
0.324635 6563.02 8.97563e-09 360 970.318
0.32606 7982.93 1.07749e-08 24 983.158
0.327492 6372.53 8.48897e-09 360 996.168
0.32893 7570.17 9.95267e-09 120 1009.35
0.330375 6891.54 8.94213e-09 240 1022.71
0.331826 0 0 0 1036.24
0.333283 6244.14 7.89184e-09 276 1049.95
0.334747 7639.36 9.52914e-09 176 1063.85
0.336217 6857.72 8.44243e-09 312 1077.92
0.337693 6688.41 8.12645e-09 240 1092.19
0.339176 7415.59 8.89231e-09 312 1106.64
0.340666 7277.01 8.61217e-09 48 1121.29
0.342162 7558.29 8.82823e-09 192 1136.12
0.343665 6947.57 8.00892e-09 198 1151.16
0.345174 6500.83 7.39606e-09 288 1166.39
0.34669 6998.82 7.85864e-09 288 1181.83
0.348212 5790.73 6.41721e-09 96 1197.46
0.349742 6284.23 6.87316e-09 384 1213.31
0.351278 7381.92 7.96827e-09 288 1229.37
0.35282 8564.28 9.12382e-09 192 1245.63
0.35437 7822.48 8.22471e-09 288 1262.12
0.355926 6151.31 6.38314e-09 216 1278.82
0.357489 7582.26 7.76527e-09 240 1295.74
0.359059 6346.22 6.41451e-09 288 1312.89
0.360636 8354.42 8.33403e-09 168 1330.26
0.36222 7344.43 7.23083e-09 336 1347.86
0.36381 7715.43 7.49688e-09 138 1365.7
0.365408 7440.8 7.13561e-09 336 1383.77
0.367013 5925.96 5.60868e-09 432 1402.08
0.368625 8332.78 7.78364e-09 120 1420.64
0.370244 7364.93 6.78973e-09 456 1439.44
0.37187 6443.35 5.86254e-09 152 1458.48
0.373503 7982.98 7.16853e-09 168 1477.78
0.375143 7360.28 6.52304e-09 504 1497.34
0.37679 7805.33 6.82712e-09 336 1517.15
0.378445 6661.16 5.75026e-09 48 1537.23
0.380107 7867.48 6.70291e-09 552 1557.57
0.381776 7706.81 6.48027e-09 264 1578.18
0.383453 7878.2 6.53787e-09 264 1599.07
0.385137 8082.23 6.61959e-09 192 1620.23
0.386828 7708.61 6.23113e-09 534 1641.67
0.388527 8710.45 6.949e-09 336 1663.39
0.390234 7398.13 5.82498e-09 240 1685.4
0.391947 7917.5 6.15249e-09 264 1707.7
0.393669 9054.23 6.94393e-09 324 1730.3
0.395397 7626.83 5.77282e-09 528 1753.2
0.397134 7594.23 5.67308e-09 336 1776.4
0.398878 8026 5.91732e-09 336 1799.91
0.40063 8688.04 6.32176e-09 408 1823.72
0.402389 8521.17 6.11937e-09 216 1847.86
0.404156 7724.05 5.47448e-09 432 1872.31
0.405931 7355.91 5.14547e-09 168 1897.09
0.407714 8443.91 5.82939e-09 462 1922.19
0.409504 7507.12 5.11498e-09 536 1947.63
0.411303 8053.41 5.41553e-09 288 1973.4
0.413109 8250.85 5.47583e-09 384 1999.51
0.414923 9011.32 5.90243e-09 456 2025.97
0.416745 8480.27 5.48205e-09 552 2052.78
0.418576 8993.91 5.73815e-09 336 2079.95
0.420414 10158.1 6.3963e-09 120 2107.47
0.42226 9107.29 5.65971e-09 672 2135.36
0.424115 7782.16 4.77305e-09 300 2163.61
0.425977 8141.64 4.92832e-09 528 2192.24
0.427848 8740.22 5.22156e-09 312 2221.25
0.429727 9660.29 5.69585e-09 510 2250.65
0.431614 9226.8 5.36921e-09 576 2280.43
0.43351 8299.66 4.76661e-09 432 2310.61
0.435413 9557.37 5.41725e-09 384 2341.18
0.437326 7766.02 4.3444e-09 456 2372.16
0.439246 9305.13 5.13741e-09 528 2403.55
0.441175 8757.36 4.77184e-09 528 2435.36
0.443113 10327.7 5.55399e-09 408 2467.59
0.445059 8752.16 4.64525e-09 368 2500.24
0.447013 9527.32 4.99063e-09 600 2533.32
0.448976 9216.26 4.76464e-09 480 2566.85
0.450948 10356.5 5.28421e-09 486 2600.81
0.452928 9618.81 4.84371e-09 480 2635.23
0.454918 9464.45 4.70374e-09 636 2670.1
0.456915 8649.85 4.24275e-09 408 2705.44
0.458922 10192.3 4.93402e-09 696 2741.24
0.460937 9229.88 4.40977e-09 504 2777.51
0.462962 9326.24 4.39762e-09 648 2814.27
0.464995 9949.42 4.63019e-09 504 2851.51
0.467037 9500.99 4.36376e-09 504 2889.24
0.469088 9196.28 4.16864e-09 360 2927.47
0.471148 10743.8 4.80653e-09 606 2966.21
0.473217 10416.9 4.59942e-09 672 3005.46
0.475295 10463.7 4.55975e-09 816 3045.23
0.477383 11517.8 4.95353e-09 624 3085.53
0.479479 10583.1 4.49212e-09 672 3126.36
0.481585 10098 4.23022e-09 576 3167.73
0.4837 10323.5 4.26821e-09 656 3209.65
0.485824 11116.9 4.53622e-09 540 3252.12
0.487958 11695.8 4.7101e-09 480 3295.16
0.490101 10525.9 4.1836e-09 792 3338.76
0.492253 11116.6 4.36067e-09 582 3382.94
0.494415 11020 4.26632e-09 744 3427.71
0.496586 10277.1 3.92673e-09 672 3473.07
0.498767 10138.4 3.82316e-09 624 3519.03
0.500957 12118.6 4.51019e-09 888 3565.59
0.503157 11930.8 4.38231e-09 624 3612.78
0.505367 12491.1 4.52819e-09 744 3660.58
0.507586 11292.9 4.04038e-09 624 3709.02
0.509816 12928.4 4.5651e-09 816 3758.11
0.512054 13014.2 4.53539e-09 744 3807.84
0.514303 14564.7 5.00945e-09 510 3858.22
0.516562 11831.8 4.01632e-09 1020 3909.28
0.51883 13473 4.5137e-09 864 3961.01
0.521109 14264.9 4.71659e-09 512 4013.43
0.523397 13006.7 4.24443e-09 1176 4066.54
0.525696 12752.5 4.10711e-09 768 4120.35
0.528005 14516.7 4.61425e-09 528 4174.87
0.530323 14228.3 4.4635e-09 1248 4230.12
0.532652 14815.4 4.587e-09 504 4286.09
0.534992 13074 3.99495e-09 624 4342.81
