0.166681
2000
309756
     1259712000
0.000179913 0.00131321 0.000103818 6 1.00414e-08
0.000180703 0 0 0 1.01743e-08
0.000181497 0 0 0 1.03089e-08
0.000182294 0 0 0 1.04453e-08
0.000183095 0 0 0 1.05835e-08
0.000183899 0 0 0 1.07236e-08
0.000184706 0 0 0 1.08655e-08
0.000185518 0 0 0 1.10093e-08
0.000186332 0 0 0 1.11549e-08
0.000187151 0 0 0 1.13026e-08
0.000187972 0 0 0 1.14521e-08
0.000188798 0 0 0 1.16037e-08
0.000189627 0 0 0 1.17572e-08
0.00019046 0 0 0 1.19128e-08
0.000191296 0 0 0 1.20704e-08
0.000192136 0 0 0 1.22302e-08
0.00019298 0 0 0 1.2392e-08
0.000193828 0 0 0 1.2556e-08
0.000194679 0 0 0 1.27221e-08
0.000195534 0 0 0 1.28905e-08
0.000196393 0 0 0 1.30611e-08
0.000197255 0 0 0 1.32339e-08
0.000198121 0 0 0 1.3409e-08
0.000198991 0 0 0 1.35865e-08
0.000199865 0 0 0 1.37663e-08
0.000200743 0 0 0 1.39484e-08
0.000201625 0 0 0 1.4133e-08
0.00020251 0 0 0 1.432e-08
0.0002034 0 0 0 1.45095e-08
0.000204293 0 0 0 1.47015e-08
0.00020519 0 0 0 1.48961e-08
0.000206091 0 0 0 1.50932e-08
0.000206996 0 0 0 1.52929e-08
0.000207905 0 0 0 1.54953e-08
0.000208818 0 0 0 1.57003e-08
0.000209735 0 0 0 1.59081e-08
0.000210656 0 0 0 1.61186e-08
0.000211582 0 0 0 1.63319e-08
0.000212511 0 0 0 1.6548e-08
0.000213444 0 0 0 1.6767e-08
0.000214381 0 0 0 1.69889e-08
0.000215323 0 0 0 1.72137e-08
0.000216268 0 0 0 1.74414e-08
0.000217218 0 0 0 1.76722e-08
0.000218172 0 0 0 1.79061e-08
0.00021913 0 0 0 1.81431e-08
0.000220093 0 0 0 1.83831e-08
0.000221059 0 0 0 1.86264e-08
0.00022203 0 0 0 1.88729e-08
0.000223005 0 0 0 1.91226e-08
0.000223984 0 0 0 1.93757e-08
0.000224968 0 0 0 1.96321e-08
0.000225956 0 0 0 1.98919e-08
0.000226948 0 0 0 2.01551e-08
0.000227945 0 0 0 2.04218e-08
0.000228946 0 0 0 2.0692e-08
0.000229952 0 0 0 2.09658e-08
0.000230961 0 0 0 2.12433e-08
0.000231976 0 0 0 2.15244e-08
0.000232995 0 0 0 2.18092e-08
0.000234018 0 0 0 2.20978e-08
0.000235045 0 0 0 2.23902e-08
0.000236078 0 0 0 2.26865e-08
0.000237114 0 0 0 2.29867e-08
0.000238156 0 0 0 2.32909e-08
0.000239202 0 0 0 2.35991e-08
0.000240252 0 0 0 2.39114e-08
0.000241307 0 0 0 2.42278e-08
0.000242367 0 0 0 2.45484e-08
0.000243431 0 0 0 2.48733e-08
0.0002445 0 0 0 2.52024e-08
0.000245574 0 0 0 2.55359e-08
0.000246653 0 0 0 2.58738e-08
0.000247736 0 0 0 2.62162e-08
0.000248824 0 0 0 2.65631e-08
0.000249917 0 0 0 2.69146e-08
0.000251014 0 0 0 2.72708e-08
0.000252117 0 0 0 2.76317e-08
0.000253224 0 0 0 2.79973e-08
0.000254336 0.0624799 0.00174841 12 2.83678e-08
0.000255453 0 0 0 2.87432e-08
0.000256575 0 0 0 2.91235e-08
0.000257701 0 0 0 2.95089e-08
0.000258833 0 0 0 2.98994e-08
0.00025997 0 0 0 3.02951e-08
0.000261112 0 0 0 3.0696e-08
0.000262258 0 0 0 3.11022e-08
0.00026341 0 0 0 3.15137e-08
0.000264567 0 0 0 3.19307e-08
0.000265729 0 0 0 3.23533e-08
0.000266896 0 0 0 3.27814e-08
0.000268068 0 0 0 3.32152e-08
0.000269245 0 0 0 3.36547e-08
0.000270427 0 0 0 3.41001e-08
0.000271615 0 0 0 3.45513e-08
0.000272808 0 0 0 3.50085e-08
0.000274006 0 0 0 3.54718e-08
0.000275209 0 0 0 3.59412e-08
0.000276418 0 0 0 3.64168e-08
0.000277632 0 0 0 3.68987e-08
0.000278851 0 0 0 3.7387e-08
0.000280076 0 0 0 3.78817e-08
0.000281306 0 0 0 3.8383e-08
0.000282541 0 0 0 3.88909e-08
0.000283782 0 0 0 3.94055e-08
0.000285028 0 0 0 3.9927e-08
0.00028628 0 0 0 4.04553e-08
0.000287537 0 0 0 4.09907e-08
0.0002888 0 0 0 4.15331e-08
0.000290068 0 0 0 4.20827e-08
0.000291342 0 0 0 4.26396e-08
0.000292622 0 0 0 4.32038e-08
0.000293907 0 0 0 4.37755e-08
0.000295197 0 0 0 4.43548e-08
0.000296494 0 0 0 4.49418e-08
0.000297796 0 0 0 4.55365e-08
0.000299104 0 0 0 4.6139e-08
0.000300417 0 0 0 4.67496e-08
0.000301737 0 0 0 4.73682e-08
0.000303062 0 0 0 4.7995e-08
0.000304393 0 0 0 4.86302e-08
0.000305729 0 0 0 4.92737e-08
0.000307072 0 0 0 4.99257e-08
0.000308421 0 0 0 5.05864e-08
0.000309775 0 0 0 5.12558e-08
0.000311136 0.0302026 0.000461659 8 5.1934e-08
0.000312502 0 0 0 5.26213e-08
0.000313874 0 0 0 5.33176e-08
0.000315253 0 0 0 5.40231e-08
0.000316637 0 0 0 5.4738e-08
0.000318028 0 0 0 5.54624e-08
0.000319424 0 0 0 5.61963e-08
0.000320827 0 0 0 5.69399e-08
0.000322236 0 0 0 5.76934e-08
0.000323651 0 0 0 5.84568e-08
0.000325073 0 0 0 5.92304e-08
0.0003265 0 0 0 6.00142e-08
0.000327934 0 0 0 6.08083e-08
0.000329374 0 0 0 6.1613e-08
0.000330821 0 0 0 6.24283e-08
0.000332274 0 0 0 6.32544e-08
0.000333733 0 0 0 6.40915e-08
0.000335199 0 0 0 6.49396e-08
0.000336671 0 0 0 6.57989e-08
0.000338149 0 0 0 6.66696e-08
0.000339634 0 0 0 6.75519e-08
0.000341126 0 0 0 6.84458e-08
0.000342624 0 0 0 6.93515e-08
0.000344129 0 0 0 7.02692e-08
0.00034564 0 0 0 7.11991e-08
0.000347158 0 0 0 7.21413e-08
0.000348682 0 0 0 7.30959e-08
0.000350214 0 0 0 7.40632e-08
0.000351752 0 0 0 7.50432e-08
0.000353296 0 0 0 7.60363e-08
0.000354848 0 0 0 7.70424e-08
0.000356406 0 0 0 7.80619e-08
0.000357972 0 0 0 7.90949e-08
0.000359544 0.0880544 0.000872212 6 8.01416e-08
0.000361123 0 0 0 8.12021e-08
0.000362709 0 0 0 8.22766e-08
0.000364301 0 0 0 8.33654e-08
0.000365901 0 0 0 8.44685e-08
0.000367508 0 0 0 8.55863e-08
0.000369122 0 0 0 8.67188e-08
0.000370743 0 0 0 8.78664e-08
0.000372371 0 0 0 8.90291e-08
0.000374007 0 0 0 9.02072e-08
0.000375649 0 0 0 9.14009e-08
0.000377299 0 0 0 9.26104e-08
0.000378956 0 0 0 9.38359e-08
0.00038062 0 0 0 9.50776e-08
0.000382292 0 0 0 9.63358e-08
0.000383971 0 0 0 9.76106e-08
0.000385657 0 0 0 9.89023e-08
0.00038735 0 0 0 1.00211e-07
0.000389052 0 0 0 1.01537e-07
0.00039076 0 0 0 1.02881e-07
0.000392476 0 0 0 1.04242e-07
0.0003942 0 0 0 1.05622e-07
0.000395931 0 0 0 1.07019e-07
0.00039767 0 0 0 1.08435e-07
0.000399416 0 0 0 1.0987e-07
0.00040117 0.0758089 0.000540579 24 1.11324e-07
0.000402932 0 0 0 1.12797e-07
0.000404702 0 0 0 1.1429e-07
0.000406479 0 0 0 1.15802e-07
0.000408264 0 0 0 1.17335e-07
0.000410057 0 0 0 1.18887e-07
0.000411858 0 0 0 1.20461e-07
0.000413667 0 0 0 1.22055e-07
0.000415483 0 0 0 1.2367e-07
0.000417308 0 0 0 1.25306e-07
0.000419141 0 0 0 1.26965e-07
0.000420981 0 0 0 1.28645e-07
0.00042283 0 0 0 1.30347e-07
0.000424687 0 0 0 1.32072e-07
0.000426552 0 0 0 1.3382e-07
0.000428425 0 0 0 1.3559e-07
0.000430307 0 0 0 1.37385e-07
0.000432197 0 0 0 1.39203e-07
0.000434095 0 0 0 1.41045e-07
0.000436001 0 0 0 1.42911e-07
0.000437916 0 0 0 1.44802e-07
0.000439839 0.0894497 0.000483975 24 1.46718e-07
0.000441771 0 0 0 1.4866e-07
0.000443711 0 0 0 1.50627e-07
0.000445659 0 0 0 1.5262e-07
0.000447616 0 0 0 1.5464e-07
0.000449582 0 0 0 1.56686e-07
0.000451557 0 0 0 1.5876e-07
0.00045354 0 0 0 1.6086e-07
0.000455532 0 0 0 1.62989e-07
0.000457532 0 0 0 1.65146e-07
0.000459541 0 0 0 1.67331e-07
0.00046156 0 0 0 1.69546e-07
0.000463587 0 0 0 1.71789e-07
0.000465622 0 0 0 1.74062e-07
0.000467667 0 0 0 1.76366e-07
0.000469721 0 0 0 1.787e-07
0.000471784 0 0 0 1.81064e-07
0.000473856 0 0 0 1.8346e-07
0.000475937 0 0 0 1.85888e-07
0.000478027 0 0 0 1.88348e-07
0.000480126 0 0 0 1.9084e-07
0.000482235 0 0 0 1.93365e-07
0.000484353 0 0 0 1.95924e-07
0.00048648 0 0 0 1.98517e-07
0.000488616 0 0 0 2.01144e-07
0.000490762 0 0 0 2.03806e-07
0.000492917 0 0 0 2.06503e-07
0.000495082 0 0 0 2.09235e-07
0.000497256 0 0 0 2.12004e-07
0.00049944 0 0 0 2.14809e-07
0.000501633 0 0 0 2.17652e-07
0.000503836 0 0 0 2.20532e-07
0.000506049 0 0 0 2.2345e-07
0.000508271 0.155499 0.000545214 12 2.26407e-07
0.000510504 0 0 0 2.29403e-07
0.000512746 0 0 0 2.32439e-07
0.000514997 0 0 0 2.35515e-07
0.000517259 0 0 0 2.38631e-07
0.000519531 0 0 0 2.41789e-07
0.000521812 0 0 0 2.44989e-07
0.000524104 0 0 0 2.4823e-07
0.000526405 0 0 0 2.51515e-07
0.000528717 0 0 0 2.54844e-07
0.000531039 0 0 0 2.58216e-07
0.000533371 0 0 0 2.61633e-07
0.000535714 0 0 0 2.65095e-07
0.000538066 0.0835782 0.000247008 30 2.68603e-07
0.000540429 0 0 0 2.72157e-07
0.000542803 0 0 0 2.75759e-07
0.000545187 0 0 0 2.79408e-07
0.000547581 0 0 0 2.83105e-07
0.000549986 0 0 0 2.86851e-07
0.000552401 0 0 0 2.90647e-07
0.000554827 0 0 0 2.94493e-07
0.000557263 0 0 0 2.9839e-07
0.000559711 0 0 0 3.02339e-07
0.000562169 0 0 0 3.0634e-07
0.000564638 0 0 0 3.10394e-07
0.000567117 0.0948987 0.000239534 24 3.14501e-07
0.000569608 0 0 0 3.18663e-07
0.000572109 0 0 0 3.2288e-07
0.000574622 0 0 0 3.27152e-07
0.000577145 0 0 0 3.31481e-07
0.00057968 0 0 0 3.35868e-07
0.000582226 0 0 0 3.40312e-07
0.000584783 0 0 0 3.44816e-07
0.000587351 0 0 0 3.49378e-07
0.00058993 0 0 0 3.54002e-07
0.000592521 0 0 0 3.58686e-07
0.000595123 0.121069 0.000264446 24 3.63433e-07
0.000597737 0 0 0 3.68242e-07
0.000600362 0 0 0 3.73115e-07
0.000602998 0 0 0 3.78052e-07
0.000605647 0 0 0 3.83055e-07
0.000608306 0 0 0 3.88124e-07
0.000610978 0 0 0 3.9326e-07
0.000613661 0 0 0 3.98464e-07
0.000616356 0 0 0 4.03737e-07
0.000619063 0 0 0 4.09079e-07
0.000621782 0.0824359 0.00015788 8 4.14492e-07
0.000624512 0 0 0 4.19977e-07
0.000627255 0 0 0 4.25535e-07
0.00063001 0 0 0 4.31166e-07
0.000632776 0 0 0 4.36871e-07
0.000635555 0 0 0 4.42653e-07
0.000638346 0 0 0 4.4851e-07
0.00064115 0 0 0 4.54445e-07
0.000643965 0 0 0 4.60459e-07
0.000646793 0.159657 0.000271654 24 4.66552e-07
0.000649634 0 0 0 4.72726e-07
0.000652487 0 0 0 4.78981e-07
0.000655352 0 0 0 4.8532e-07
0.000658231 0 0 0 4.91742e-07
0.000661121 0 0 0 4.98249e-07
0.000664025 0 0 0 5.04842e-07
0.000666941 0 0 0 5.11523e-07
0.00066987 0 0 0 5.18292e-07
0.000672812 0.130333 0.000197016 48 5.2515e-07
0.000675766 0 0 0 5.32099e-07
0.000678734 0 0 0 5.39141e-07
0.000681715 0 0 0 5.46275e-07
0.000684709 0 0 0 5.53504e-07
0.000687716 0 0 0 5.60828e-07
0.000690736 0 0 0 5.6825e-07
0.000693769 0 0 0 5.75769e-07
0.000696816 0 0 0 5.83388e-07
0.000699876 0 0 0 5.91108e-07
0.00070295 0 0 0 5.9893e-07
0.000706037 0 0 0 6.06856e-07
0.000709138 0 0 0 6.14886e-07
0.000712252 0 0 0 6.23023e-07
0.00071538 0 0 0 6.31267e-07
0.000718522 0.257699 0.00031983 6 6.39621e-07
0.000721677 0 0 0 6.48085e-07
0.000724846 0 0 0 6.56661e-07
0.00072803 0 0 0 6.6535e-07
0.000731227 0 0 0 6.74155e-07
0.000734438 0 0 0 6.83076e-07
0.000737664 0 0 0 6.92115e-07
0.000740903 0.211283 0.00023917 48 7.01274e-07
0.000744157 0 0 0 7.10553e-07
0.000747425 0 0 0 7.19956e-07
0.000750707 0 0 0 7.29483e-07
0.000754004 0 0 0 7.39136e-07
0.000757316 0 0 0 7.48917e-07
0.000760641 0.178681 0.000186924 36 7.58827e-07
0.000763982 0 0 0 7.68869e-07
0.000767337 0 0 0 7.79043e-07
0.000770707 0 0 0 7.89352e-07
0.000774092 0 0 0 7.99798e-07
0.000777491 0 0 0 8.10381e-07
0.000780906 0.156829 0.00015162 24 8.21105e-07
0.000784335 0 0 0 8.31971e-07
0.00078778 0 0 0 8.4298e-07
0.000791239 0 0 0 8.54135e-07
0.000794714 0 0 0 8.65438e-07
0.000798204 0 0 0 8.7689e-07
0.00080171 0.149446 0.000133523 24 8.88494e-07
0.00080523 0 0 0 9.00251e-07
0.000808767 0 0 0 9.12164e-07
0.000812318 0 0 0 9.24234e-07
0.000815886 0 0 0 9.36465e-07
0.000819469 0 0 0 9.48857e-07
0.000823068 0.131127 0.000108271 48 9.61413e-07
0.000826682 0 0 0 9.74135e-07
0.000830313 0 0 0 9.87026e-07
0.000833959 0 0 0 1.00009e-06
0.000837622 0 0 0 1.01332e-06
0.0008413 0.112458 8.69488e-05 24 1.02673e-06
0.000844995 0 0 0 1.04032e-06
0.000848706 0 0 0 1.05408e-06
0.000852433 0 0 0 1.06803e-06
0.000856177 0 0 0 1.08216e-06
0.000859937 0 0 0 1.09648e-06
0.000863713 0 0 0 1.11099e-06
0.000867506 0 0 0 1.1257e-06
0.000871316 0 0 0 1.14059e-06
0.000875143 0 0 0 1.15569e-06
0.000878986 0.167989 0.000113883 24 1.17098e-06
0.000882846 0 0 0 1.18647e-06
0.000886723 0 0 0 1.20217e-06
0.000890617 0 0 0 1.21808e-06
0.000894529 0 0 0 1.2342e-06
0.000898457 0.160206 0.000101698 30 1.25053e-06
0.000902403 0 0 0 1.26708e-06
0.000906366 0 0 0 1.28385e-06
0.000910346 0 0 0 1.30084e-06
0.000914344 0.189742 0.000114277 72 1.31805e-06
0.00091836 0 0 0 1.33549e-06
0.000922393 0 0 0 1.35317e-06
0.000926444 0 0 0 1.37107e-06
0.000930512 0 0 0 1.38922e-06
0.000934599 0.152687 8.61094e-05 32 1.4076e-06
0.000938703 0 0 0 1.42622e-06
0.000942826 0 0 0 1.4451e-06
0.000946966 0 0 0 1.46422e-06
0.000951125 0 0 0 1.4836e-06
0.000955302 0 0 0 1.50323e-06
0.000959497 0 0 0 1.52312e-06
0.000963711 0 0 0 1.54328e-06
0.000967943 0.152716 7.75281e-05 72 1.5637e-06
0.000972194 0 0 0 1.58439e-06
0.000976464 0 0 0 1.60536e-06
0.000980752 0 0 0 1.6266e-06
0.000985059 0.185831 8.95068e-05 48 1.64812e-06
0.000989385 0 0 0 1.66993e-06
0.00099373 0 0 0 1.69203e-06
0.000998094 0 0 0 1.71442e-06
0.00100248 0 0 0 1.73711e-06
0.00100688 0 0 0 1.7601e-06
0.0010113 0 0 0 1.78339e-06
0.00101574 0.247148 0.000108575 12 1.80699e-06
0.0010202 0 0 0 1.8309e-06
0.00102468 0 0 0 1.85513e-06
0.00102918 0.178108 7.52192e-05 48 1.87967e-06
0.0010337 0 0 0 1.90455e-06
0.00103824 0 0 0 1.92975e-06
0.0010428 0 0 0 1.95529e-06
0.00104738 0.238704 9.56465e-05 48 1.98116e-06
0.00105198 0 0 0 2.00738e-06
0.0010566 0 0 0 2.03394e-06
0.00106124 0.169098 6.51356e-05 48 2.06086e-06
0.0010659 0 0 0 2.08813e-06
0.00107058 0 0 0 2.11576e-06
0.00107529 0.193629 7.17009e-05 30 2.14376e-06
0.00108001 0 0 0 2.17212e-06
0.00108475 0 0 0 2.20087e-06
0.00108952 0 0 0 2.22999e-06
0.0010943 0.206349 7.24969e-05 24 2.2595e-06
0.00109911 0 0 0 2.2894e-06
0.00110393 0 0 0 2.3197e-06
0.00110878 0.173485 5.85936e-05 72 2.35039e-06
0.00111365 0 0 0 2.38149e-06
0.00111854 0 0 0 2.41301e-06
0.00112345 0 0 0 2.44494e-06
0.00112839 0 0 0 2.47729e-06
0.00113334 0.306471 9.69239e-05 24 2.51007e-06
0.00113832 0 0 0 2.54329e-06
0.00114332 0 0 0 2.57695e-06
0.00114834 0.216169 6.57216e-05 96 2.61105e-06
0.00115338 0 0 0 2.6456e-06
0.00115845 0 0 0 2.68061e-06
0.00116354 0.251674 7.35573e-05 48 2.71608e-06
0.00116865 0 0 0 2.75202e-06
0.00117378 0 0 0 2.78844e-06
0.00117893 0.251756 7.07356e-05 24 2.82534e-06
0.00118411 0 0 0 2.86272e-06
0.00118931 0.237172 6.49087e-05 24 2.9006e-06
0.00119453 0 0 0 2.93899e-06
0.00119978 0 0 0 2.97788e-06
0.00120505 0.231489 6.09034e-05 72 3.01729e-06
0.00121034 0 0 0 3.05721e-06
0.00121566 0.13124 3.36326e-05 48 3.09767e-06
0.00122099 0 0 0 3.13866e-06
0.00122636 0 0 0 3.18019e-06
0.00123174 0 0 0 3.22228e-06
0.00123715 0 0 0 3.26492e-06
0.00124258 0.161963 3.88654e-05 8 3.30812e-06
0.00124804 0 0 0 3.3519e-06
0.00125352 0 0 0 3.39625e-06
0.00125903 0.317727 7.32948e-05 54 3.44119e-06
0.00126456 0 0 0 3.48673e-06
0.00127011 0.276135 6.20471e-05 84 3.53287e-06
0.00127569 0 0 0 3.57962e-06
0.00128129 0.226531 4.95805e-05 48 3.62699e-06
0.00128692 0 0 0 3.67498e-06
0.00129257 0.130916 2.79098e-05 24 3.72361e-06
0.00129825 0 0 0 3.77289e-06
0.00130395 0 0 0 3.82281e-06
0.00130967 0.231497 4.74441e-05 72 3.8734e-06
0.00131543 0 0 0 3.92466e-06
0.0013212 0.213209 4.25622e-05 96 3.97659e-06
0.001327 0 0 0 4.02921e-06
0.00133283 0 0 0 4.08253e-06
0.00133869 0 0 0 4.13656e-06
0.00134456 0.225916 4.27885e-05 48 4.19129e-06
0.00135047 0 0 0 4.24676e-06
0.0013564 0.205565 3.79237e-05 48 4.30295e-06
0.00136236 0 0 0 4.35989e-06
0.00136834 0.434766 7.81267e-05 24 4.41759e-06
0.00137435 0 0 0 4.47605e-06
0.00138038 0.291118 5.09559e-05 72 4.53528e-06
0.00138645 0 0 0 4.59529e-06
0.00139254 0 0 0 4.6561e-06
0.00139865 0 0 0 4.71771e-06
0.00140479 0.233238 3.87335e-05 72 4.78014e-06
0.00141096 0.246368 4.03797e-05 96 4.8434e-06
0.00141716 0 0 0 4.90749e-06
0.00142338 0 0 0 4.97243e-06
0.00142963 0 0 0 5.03823e-06
0.00143591 0.170097 2.64508e-05 6 5.1049e-06
0.00144222 0 0 0 5.17245e-06
0.00144855 0.217986 3.30181e-05 96 5.2409e-06
0.00145491 0 0 0 5.31025e-06
0.0014613 0.350762 5.17507e-05 96 5.38052e-06
0.00146772 0.247234 3.60001e-05 24 5.45172e-06
0.00147417 0 0 0 5.52386e-06
0.00148064 0.322222 4.57017e-05 48 5.59696e-06
0.00148714 0 0 0 5.67102e-06
0.00149367 0.295564 4.08329e-05 96 5.74607e-06
0.00150023 0.170246 2.32127e-05 48 5.8221e-06
0.00150682 0 0 0 5.89915e-06
0.00151344 0 0 0 5.97721e-06
0.00152009 0.204347 2.67848e-05 36 6.0563e-06
0.00152676 0 0 0 6.13645e-06
0.00153347 0.24514 3.1298e-05 48 6.21765e-06
0.0015402 0 0 0 6.29993e-06
0.00154697 0.314155 3.90687e-05 120 6.38329e-06
0.00155376 0.205582 2.52324e-05 56 6.46776e-06
0.00156058 0 0 0 6.55335e-06
0.00156744 0.189968 2.2711e-05 24 6.64007e-06
0.00157432 0.305334 3.60264e-05 96 6.72794e-06
0.00158123 0 0 0 6.81697e-06
0.00158818 0.314444 3.61386e-05 48 6.90717e-06
0.00159515 0 0 0 6.99858e-06
0.00160216 0 0 0 7.09119e-06
0.00160919 0.160303 1.7711e-05 24 7.18502e-06
0.00161626 0.306741 3.34474e-05 102 7.2801e-06
0.00162336 0.393921 4.23927e-05 48 7.37644e-06
0.00163049 0 0 0 7.47405e-06
0.00163765 0.269306 2.82299e-05 72 7.57295e-06
0.00164484 0.350196 3.62297e-05 48 7.67317e-06
0.00165206 0.353842 3.61289e-05 48 7.7747e-06
0.00165932 0 0 0 7.87759e-06
0.00166661 0.355791 3.53851e-05 120 7.98183e-06
0.00167393 0 0 0 8.08745e-06
0.00168128 0.23221 2.24951e-05 24 8.19447e-06
0.00168866 0 0 0 8.30291e-06
0.00169608 0.306231 2.8896e-05 144 8.41278e-06
0.00170353 0.335634 3.12569e-05 120 8.5241e-06
0.00171101 0.439561 4.04008e-05 48 8.6369e-06
0.00171852 0 0 0 8.75119e-06
0.00172607 0 0 0 8.867e-06
0.00173365 0.308798 2.72846e-05 48 8.98433e-06
0.00174126 0.302385 2.6369e-05 96 9.10322e-06
0.00174891 0 0 0 9.22368e-06
0.00175659 0.294763 2.50373e-05 24 9.34574e-06
0.0017643 0.333802 2.7983e-05 48 9.46941e-06
0.00177205 0 0 0 9.59472e-06
0.00177983 0.324905 2.65304e-05 108 9.72168e-06
0.00178765 0.447691 3.60791e-05 72 9.85033e-06
0.0017955 0.300633 2.39114e-05 30 9.98068e-06
0.00180339 0.264989 2.08011e-05 168 1.01127e-05
0.00181131 0.508469 3.93926e-05 48 1.02466e-05
0.00181926 0 0 0 1.03822e-05
0.00182725 0.426318 3.2171e-05 72 1.05195e-05
0.00183527 0 0 0 1.06588e-05
0.00184333 0.288039 2.11721e-05 96 1.07998e-05
0.00185143 0.332597 2.4128e-05 72 1.09427e-05
0.00185956 0.342201 2.45006e-05 72 1.10875e-05
0.00186773 0.460731 3.25561e-05 32 1.12342e-05
0.00187593 0.269786 1.88146e-05 72 1.13829e-05
0.00188417 0.392343 2.70043e-05 144 1.15335e-05
0.00189244 0 0 0 1.16861e-05
0.00190075 0 0 0 1.18408e-05
0.0019091 0.317727 2.10229e-05 96 1.19975e-05
0.00191748 0.352413 2.30135e-05 96 1.21562e-05
0.00192591 0.249431 1.60757e-05 48 1.23171e-05
0.00193436 0.387145 2.46255e-05 72 1.24801e-05
0.00194286 0.301331 1.89167e-05 120 1.26452e-05
0.00195139 0.410359 2.54247e-05 72 1.28126e-05
0.00195996 0 0 0 1.29821e-05
0.00196857 0.357234 2.15589e-05 48 1.31539e-05
0.00197721 0.401433 2.39099e-05 78 1.3328e-05
0.0019859 0.422082 2.48115e-05 120 1.35043e-05
0.00199462 0.400362 2.32273e-05 48 1.3683e-05
0.00200338 0.346142 1.98194e-05 144 1.38641e-05
0.00201218 0.35102 1.98363e-05 144 1.40476e-05
0.00202101 0 0 0 1.42335e-05
0.00202989 0.426434 2.34726e-05 12 1.44218e-05
0.0020388 0.429522 2.33338e-05 144 1.46126e-05
0.00204776 0.420015 2.25194e-05 48 1.4806e-05
0.00205675 0.278137 1.47177e-05 120 1.50019e-05
0.00206578 0.229064 1.19627e-05 48 1.52005e-05
0.00207485 0.496107 2.55704e-05 216 1.54016e-05
0.00208397 0 0 0 1.56054e-05
0.00209312 0.355426 1.78441e-05 48 1.58119e-05
0.00210231 0.370652 1.83654e-05 96 1.60211e-05
0.00211154 0.354881 1.73543e-05 96 1.62332e-05
0.00212082 0.40469 1.95317e-05 120 1.6448e-05
0.00213013 0.520467 2.47914e-05 96 1.66656e-05
0.00213948 0.467954 2.19989e-05 48 1.68862e-05
0.00214888 0 0 0 1.71096e-05
0.00215832 0.333573 1.52746e-05 126 1.7336e-05
0.0021678 0.444496 2.00881e-05 192 1.75654e-05
0.00217732 0.319448 1.42482e-05 56 1.77979e-05
0.00218688 0.470634 2.07174e-05 192 1.80334e-05
0.00219648 0.417997 1.816e-05 120 1.8272e-05
0.00220613 0 0 0 1.85138e-05
0.00221582 0.42526 1.79961e-05 216 1.87588e-05
0.00222555 0.490258 2.04757e-05 96 1.9007e-05
0.00223532 0.432776 1.78389e-05 96 1.92585e-05
0.00224514 0.384016 1.56223e-05 72 1.95134e-05
0.002255 0.361184 1.45016e-05 96 1.97716e-05
0.0022649 0 0 0 2.00332e-05
0.00227485 0.393629 1.53941e-05 216 2.02983e-05
0.00228484 0.564107 2.17731e-05 108 2.05669e-05
0.00229487 0.575353 2.19172e-05 120 2.08391e-05
0.00230495 0.357034 1.3423e-05 96 2.11149e-05
0.00231507 0.408615 1.51616e-05 120 2.13943e-05
0.00232524 0.42109 1.54204e-05 48 2.16774e-05
0.00233545 0.396074 1.43149e-05 78 2.19642e-05
0.00234571 0.447503 1.59624e-05 264 2.22549e-05
0.00235601 0.312756 1.10103e-05 24 2.25494e-05
0.00236636 0.508844 1.76795e-05 312 2.28478e-05
0.00237675 0.629058 2.15708e-05 24 2.31501e-05
0.00238719 0.5719 1.93547e-05 48 2.34565e-05
0.00239767 0.48647 1.62485e-05 216 2.37669e-05
0.0024082 0.46241 1.52431e-05 72 2.40814e-05
0.00241878 0.521545 1.6968e-05 264 2.44e-05
0.0024294 0 0 0 2.47229e-05
0.00244007 0.393146 1.24587e-05 240 2.50501e-05
0.00245078 0.348324 1.08942e-05 192 2.53815e-05
0.00246155 0 0 0 2.57174e-05
0.00247236 0.5039 1.5351e-05 240 2.60577e-05
0.00248321 0.664089 1.99668e-05 8 2.64026e-05
0.00249412 0.433441 1.28618e-05 48 2.67519e-05
0.00250507 0.491417 1.43918e-05 336 2.71059e-05
0.00251607 0.464031 1.34123e-05 174 2.74646e-05
0.00252712 0.548089 1.5635e-05 120 2.78281e-05
0.00253822 0.418544 1.17836e-05 84 2.81963e-05
0.00254937 0.520161 1.44532e-05 216 2.85694e-05
0.00256057 0.432373 1.18571e-05 144 2.89475e-05
0.00257181 0.506316 1.37035e-05 336 2.93305e-05
0.00258311 0 0 0 2.97187e-05
0.00259445 0.442532 1.16664e-05 264 3.01119e-05
0.00260584 0.484964 1.2618e-05 168 3.05104e-05
0.00261729 0.500822 1.28604e-05 168 3.09141e-05
0.00262878 0.526324 1.33388e-05 72 3.13232e-05
0.00264033 0.488947 1.22297e-05 192 3.17377e-05
0.00265192 0.521119 1.28641e-05 216 3.21577e-05
0.00266357 0.468834 1.14223e-05 192 3.25832e-05
0.00267526 0.552312 1.32804e-05 144 3.30144e-05
0.00268701 0.519524 1.23288e-05 198 3.34513e-05
0.00269881 0.494129 1.1573e-05 96 3.38939e-05
0.00271067 0.497212 1.14932e-05 168 3.43425e-05
0.00272257 0.453225 1.03396e-05 360 3.47969e-05
0.00273453 0.548049 1.23395e-05 168 3.52574e-05
0.00274654 0.595259 1.32274e-05 264 3.57239e-05
0.0027586 0.580934 1.27405e-05 216 3.61967e-05
0.00277071 0.483629 1.0468e-05 96 3.66756e-05
0.00278288 0.532593 1.13773e-05 144 3.7161e-05
0.0027951 0.584965 1.23328e-05 236 3.76527e-05
0.00280738 0.620858 1.29186e-05 240 3.8151e-05
0.00281971 0.577666 1.18629e-05 144 3.86558e-05
0.00283209 0.626479 1.26973e-05 240 3.91673e-05
0.00284453 0.534052 1.06826e-05 312 3.96856e-05
0.00285702 0.51122 1.00924e-05 240 4.02108e-05
0.00286957 0.0951914 1.8547e-06 6 4.07429e-05
0.00288217 0.520048 1.00002e-05 288 4.1282e-05
0.00289483 0.526928 1.00002e-05 408 4.18283e-05
0.00290754 0.497582 9.31996e-06 72 4.23818e-05
0.00292031 0.709339 1.31127e-05 192 4.29427e-05
0.00293313 0.503553 9.18704e-06 312 4.35109e-05
0.00294601 0.577631 1.04009e-05 456 4.40867e-05
0.00295895 0.720742 1.28083e-05 48 4.46701e-05
0.00297195 0.635732 1.11501e-05 360 4.52612e-05
0.002985 0.475211 8.22584e-06 168 4.58601e-05
0.00299811 0.622867 1.06409e-05 216 4.6467e-05
0.00301127 0.597467 1.00737e-05 336 4.70819e-05
0.0030245 0.653046 1.0867e-05 264 4.77049e-05
0.00303778 0.591674 9.71715e-06 144 4.83362e-05
0.00305112 0.682998 1.10705e-05 378 4.89758e-05
0.00306452 0.601461 9.62155e-06 144 4.96239e-05
0.00307798 0.671808 1.06065e-05 384 5.02806e-05
0.0030915 0.573267 8.93257e-06 312 5.09459e-05
0.00310507 0.631185 9.70659e-06 320 5.16201e-05
0.00311871 0.708946 1.076e-05 240 5.23032e-05
0.00313241 0.549665 8.23359e-06 216 5.29953e-05
0.00314616 0.649394 9.60043e-06 408 5.36966e-05
0.00315998 0.616022 8.98813e-06 240 5.44071e-05
0.00317386 0.81572 1.17464e-05 144 5.51271e-05
0.0031878 0.665846 9.46299e-06 456 5.58566e-05
0.00320179 0.655508 9.1944e-06 264 5.65957e-05
0.00321586 0.701194 9.70676e-06 360 5.73446e-05
0.00322998 0.728112 9.94775e-06 366 5.81035e-05
0.00324416 0.568102 7.66026e-06 312 5.88724e-05
0.00325841 0.722325 9.6126e-06 384 5.96514e-05
0.00327272 0.596258 7.83129e-06 264 6.04408e-05
0.00328709 0.674707 8.74591e-06 192 6.12406e-05
0.00330153 0.77648 9.93369e-06 420 6.2051e-05
0.00331603 0.722981 9.12847e-06 600 6.28721e-05
0.00333059 0.590791 7.36199e-06 216 6.3704e-05
0.00334522 0.710353 8.73629e-06 240 6.4547e-05
0.00335991 0.722215 8.76616e-06 408 6.54012e-05
0.00337466 0.65521 7.84901e-06 408 6.62666e-05
0.00338948 0.65785 7.77771e-06 408 6.71435e-05
0.00340437 0.846529 9.87774e-06 246 6.8032e-05
0.00341932 0.745255 8.58244e-06 368 6.89323e-05
0.00343434 0.674633 7.66769e-06 384 6.98445e-05
0.00344942 0.808932 9.07402e-06 432 7.07687e-05
0.00346457 0.648526 7.17969e-06 696 7.17052e-05
0.00347978 0.770703 8.42085e-06 288 7.2654e-05
0.00349507 0.932593 1.00566e-05 264 7.36155e-05
0.00351041 0.89717 9.54829e-06 360 7.45896e-05
0.00352583 0.765567 8.04127e-06 456 7.55766e-05
0.00354132 0.787684 8.16552e-06 504 7.65767e-05
0.00355687 0.74106 7.58186e-06 372 7.75901e-05
0.00357249 0.761503 7.68926e-06 336 7.86168e-05
0.00358818 0.864745 8.61771e-06 510 7.96571e-05
0.00360393 0.873856 8.59478e-06 408 8.07112e-05
0.00361976 0.783903 7.60935e-06 456 8.17793e-05
0.00363566 0.822399 7.87878e-06 528 8.28614e-05
0.00365163 0.8065 7.62555e-06 480 8.39579e-05
0.00366766 0.806409 7.52512e-06 528 8.50689e-05
0.00368377 0.726732 6.69303e-06 336 8.61946e-05
0.00369995 0.811898 7.37973e-06 696 8.73352e-05
0.0037162 0.813061 7.29379e-06 456 8.84909e-05
0.00373252 0.813528 7.20267e-06 464 8.96619e-05
0.00374891 0.798437 6.97674e-06 504 9.08484e-05
0.00376537 0.876721 7.56073e-06 414 9.20506e-05
0.00378191 0.86367 7.35091e-06 312 9.32687e-05
0.00379852 0.909452 7.63948e-06 624 9.45029e-05
0.0038152 0.911307 7.55508e-06 636 9.57534e-05
0.00383195 0.939506 7.68714e-06 360 9.70205e-05
0.00384878 0.864272 6.97921e-06 912 9.83044e-05
0.00386568 0.855946 6.82171e-06 360 9.96052e-05
0.00388266 0.828857 6.51954e-06 576 0.000100923
0.00389971 0.843134 6.54523e-06 456 0.000102259
0.00391684 0.884286 6.77503e-06 672 0.000103612
0.00393404 0.948616 7.17299e-06 480 0.000104983
0.00395132 0.930531 6.94434e-06 726 0.000106372
0.00396867 0.891321 6.56485e-06 528 0.00010778
0.0039861 0.963829 7.00619e-06 744 0.000109206
0.0040036 0.93791 6.72874e-06 456 0.000110651
0.00402119 0.973301 6.89145e-06 504 0.000112115
0.00403885 0.887036 6.19862e-06 680 0.000113599
0.00405658 1.05156 7.25234e-06 564 0.000115102
0.0040744 0.930964 6.33677e-06 816 0.000116625
0.00409229 1.09332 7.34466e-06 624 0.000118169
0.00411026 1.0452 6.92973e-06 744 0.000119732
0.00412831 1.10293 7.21699e-06 750 0.000121317
0.00414644 1.12843 7.2874e-06 432 0.000122922
0.00416465 1.13909 7.26014e-06 648 0.000124549
0.00418294 1.08358 6.8162e-06 840 0.000126197
0.00420131 1.11392 6.91549e-06 984 0.000127867
0.00421976 1.1186 6.85385e-06 456 0.000129559
0.0042383 1.08049 6.5339e-06 672 0.000131273
0.00425691 1.05771 6.31261e-06 648 0.000133011
0.0042756 1.11136 6.54616e-06 936 0.000134771
0.00429438 1.15576 6.71882e-06 696 0.000136554
0.00431324 1.16928 6.70862e-06 522 0.000138361
0.00433218 1.22214 6.92031e-06 816 0.000140192
0.00435121 1.18585 6.62712e-06 1160 0.000142047
0.00437032 1.16335 6.41651e-06 792 0.000143927
0.00438951 1.24572 6.78106e-06 528 0.000145831
0.00440879 1.39147 7.47551e-06 960 0.000147761
0.00442815 1.39834 7.41431e-06 792 0.000149716
0.0044476 1.14313 5.98198e-06 768 0.000151698
0.00446713 1.36053 7.02667e-06 888 0.000153705
0.00448675 1.38669 7.06821e-06 795 0.000155739
0.00450645 1.39505 7.01799e-06 804 0.0001578
0.00452624 1.41847 7.04258e-06 984 0.000159888
0.00454612 1.54355 7.56354e-06 768 0.000162004
0.00456608 1.38584 6.70204e-06 708 0.000164148
0.00458614 1.3727 6.55178e-06 996 0.00016632
0.00460628 1.56155 7.35581e-06 960 0.000168521
0.00462651 1.41007 6.5555e-06 1056 0.000170751
0.00464682 1.27876 5.8674e-06 312 0.00017301
0.00466723 1.52368 6.8999e-06 1184 0.0001753
0.00468773 1.40208 6.26628e-06 648 0.000177619
0.00470831 1.42482 6.28478e-06 1020 0.00017997
0.00472899 1.48133 6.44868e-06 672 0.000182351
0.00474976 1.57462 6.76529e-06 1068 0.000184764
0.00477062 1.61268 6.83831e-06 780 0.000187209
0.00479157 1.60555 6.71916e-06 936 0.000189687
0.00481261 1.45362 6.00389e-06 576 0.000192197
0.00483375 1.59782 6.51329e-06 972 0.00019474
0.00485498 1.58231 6.36584e-06 1104 0.000197317
0.0048763 1.51066 5.99821e-06 816 0.000199928
0.00489771 1.68377 6.59823e-06 708 0.000202574
0.00491922 1.77881 6.87964e-06 804 0.000205254
0.00494082 1.60882 6.14096e-06 648 0.00020797
0.00496252 1.57337 5.92719e-06 864 0.000210722
0.00498432 1.67831 6.23994e-06 1148 0.000213511
0.00500621 1.85268 6.79831e-06 840 0.000216336
0.00502819 1.5807 5.72451e-06 540 0.000219199
0.00505027 1.97381 7.05482e-06 876 0.0002221
0.00507245 1.83101 6.45897e-06 732 0.000225039
0.00509473 2.0196 7.03116e-06 768 0.000228016
0.0051171 1.88887 6.49016e-06 840 0.000231034
0.00513958 1.8641 6.32139e-06 948 0.000234091
0.00516215 1.83165 6.13023e-06 804 0.000237189
0.00518482 1.96925 6.50469e-06 696 0.000240327
0.00520759 1.75259 5.71341e-06 840 0.000243508
0.00523046 1.94709 6.26459e-06 780 0.00024673
0.00525343 1.97566 6.27351e-06 744 0.000249995
0.0052765 2.08456 6.53286e-06 836 0.000253303
0.00529967 2.06401 6.38397e-06 816 0.000256655
0.00532294 1.92933 5.88947e-06 696 0.000260051
0.00534632 2.13261 6.42497e-06 720 0.000263492
0.0053698 2.15342 6.40294e-06 672 0.000266979
0.00539338 2.07148 6.07887e-06 936 0.000270512
0.00541707 2.09158 6.05771e-06 600 0.000274092
0.00544086 2.3935 6.8416e-06 744 0.000277719
0.00546475 2.33393 6.58419e-06 744 0.000281394
0.00548875 2.22634 6.19865e-06 624 0.000285117
0.00551286 2.36163 6.48944e-06 888 0.00028889
0.00553707 2.36253 6.40713e-06 756 0.000292713
0.00556138 2.25155 6.02641e-06 396 0.000296587
0.00558581 2.56882 6.78581e-06 740 0.000300511
0.00561034 2.5243 6.58111e-06 744 0.000304488
0.00563498 2.25432 5.80049e-06 756 0.000308517
0.00565972 2.35518 5.98087e-06 648 0.0003126
0.00568458 2.64982 6.64121e-06 480 0.000316736
0.00570954 2.4642 6.09534e-06 624 0.000320928
0.00573462 2.94468 7.18871e-06 612 0.000325175
0.0057598 2.69357 6.4898e-06 732 0.000329478
0.0057851 2.69604 6.41092e-06 600 0.000333837
0.0058105 2.91769 6.84737e-06 552 0.000338255
0.00583602 2.82465 6.54243e-06 612 0.000342731
0.00586165 2.90074 6.63093e-06 684 0.000347266
0.00588739 2.86051 6.45357e-06 468 0.000351862
0.00591325 2.93171 6.52782e-06 464 0.000356518
0.00593922 3.02693 6.65181e-06 648 0.000361236
0.0059653 3.35275 7.27161e-06 540 0.000366016
0.0059915 3.69267 7.90424e-06 408 0.000370859
0.00601781 2.98304 6.30186e-06 504 0.000375767
0.00604424 3.25438 6.78531e-06 444 0.000380739
0.00607078 3.61309 7.43483e-06 480 0.000385778
0.00609744 3.5851 7.28088e-06 456 0.000390883
0.00612422 3.36684 6.74832e-06 408 0.000396055
0.00615112 3.54533 7.01328e-06 480 0.000401296
0.00617813 3.50209 6.83725e-06 408 0.000406606
0.00620526 3.96479 7.63951e-06 200 0.000411987
0.00623251 3.83616 7.29513e-06 576 0.000417439
0.00625988 3.92899 7.37408e-06 312 0.000422963
0.00628737 3.53433 6.54673e-06 360 0.00042856
0.00631499 3.5846 6.55314e-06 264 0.000434231
0.00634272 4.10359 7.40393e-06 345 0.000439977
0.00637057 4.15626 7.40104e-06 252 0.000445799
0.00639855 4.12618 7.25151e-06 312 0.000451698
0.00642665 4.33363 7.51662e-06 246 0.000457675
0.00645488 3.50512 6.00018e-06 216 0.000463732
0.00648322 4.38208 7.40343e-06 246 0.000469868
0.0065117 4.32325 7.20865e-06 150 0.000476086
0.00654029 4.47315 7.36118e-06 278 0.000482386
0.00656901 4.02797 6.54201e-06 168 0.000488769
0.00659786 5.41565 8.68092e-06 210 0.000495237
0.00662684 3.60279 5.69962e-06 120 0.00050179
0.00665594 4.52289 7.06176e-06 246 0.000508431
0.00668517 3.85202 5.93576e-06 120 0.000515159
0.00671453 6.0761 9.24067e-06 102 0.000521976
0.00674402 4.61324 6.92429e-06 192 0.000528883
0.00677364 4.90823 7.27084e-06 186 0.000535881
0.00680338 4.30032 6.28711e-06 48 0.000542973
0.00683326 4.93151 7.11576e-06 86 0.000550158
0.00686327 5.03029 7.1635e-06 192 0.000557438
0.00689341 5.5841 7.84831e-06 78 0.000564815
0.00692369 5.75497 7.98283e-06 24 0.000572289
0.00695409 5.43864 7.44551e-06 162 0.000579862
0.00698463 7.48509 1.01133e-05 72 0.000587535
0.00701531 6.48244 8.64419e-06 24 0.00059531
0.00704611 4.33519 5.70538e-06 102 0.000603187
0.00707706 6.74934 8.76655e-06 72 0.000611169
0.00710814 6.5018 8.33473e-06 30 0.000619257
0.00713935 3.60184 4.55694e-06 8 0.000627451
0.00717071 6.03271 7.53272e-06 132 0.000635754
0.0072022 8.09054 9.97028e-06 6 0.000644167
0.00723383 0 0 0 0.000652691
0.0072656 6.03411 7.24311e-06 96 0.000661328
0.00729751 9.25541 1.09647e-05 6 0.00067008
0.00732955 0 0 0 0.000678947
0.00736174 7.44008 8.58541e-06 60 0.000687931
0.00739407 3.44151 3.91944e-06 6 0.000697034
0.00742654 0 0 0 0.000706258
0.00745916 9.59079 1.06392e-05 38 0.000715604
0.00749192 0 0 0 0.000725073
0.00752482 0 0 0 0.000734668
0.00755786 5.78652 6.17086e-06 18 0.00074439
0.00759106 0 0 0 0.00075424
0.00762439 0 0 0 0.000764221
0.00765788 4.56304 4.67794e-06 6 0.000774334
0.00769151 0 0 0 0.000784581
0.00772529 0 0 0 0.000794963
0.00775921 38.1132 3.75619e-05 1 0.000805483
0.00779329 0 0 0 0.000816141
0.00782751 0 0 0 0.000826941
0.00786189 0 0 0 0.000837884
0.00789642 0 0 0 0.000848972
0.00793109 0 0 0 0.000860206
0.00796592 0 0 0 0.000871589
0.00800091 0 0 0 0.000883123
0.00803605 0 0 0 0.000894809
0.00807134 0 0 0 0.00090665
0.00810678 0 0 0 0.000918647
0.00814239 0 0 0 0.000930804
0.00817814 0 0 0 0.000943121
0.00821406 0 0 0 0.000955601
0.00825013 0 0 0 0.000968246
0.00828636 0 0 0 0.000981059
0.00832275 0 0 0 0.000994041
0.00835931 0 0 0 0.0010072
0.00839602 0 0 0 0.00102052
0.00843289 0 0 0 0.00103403
0.00846992 0 0 0 0.00104771
0.00850712 0 0 0 0.00106158
0.00854448 0 0 0 0.00107562
0.008582 0 0 0 0.00108986
0.00861969 0 0 0 0.00110428
0.00865755 0 0 0 0.00111889
0.00869557 0 0 0 0.0011337
0.00873376 0 0 0 0.0011487
0.00877211 0 0 0 0.0011639
0.00881064 0 0 0 0.0011793
0.00884933 0 0 0 0.00119491
0.00888819 0 0 0 0.00121072
0.00892723 0 0 0 0.00122674
0.00896643 0 0 0 0.00124297
0.00900581 0 0 0 0.00125942
0.00904536 0 0 0 0.00127609
0.00908508 0 0 0 0.00129297
0.00912498 0 0 0 0.00131008
0.00916506 0 0 0 0.00132742
0.0092053 0 0 0 0.00134499
0.00924573 0 0 0 0.00136278
0.00928634 0 0 0 0.00138082
0.00932712 0 0 0 0.00139909
0.00936808 0 0 0 0.0014176
0.00940922 0 0 0 0.00143636
0.00945054 0 0 0 0.00145537
0.00949205 0 0 0 0.00147463
0.00953373 0 0 0 0.00149414
0.0095756 0 0 0 0.00151391
0.00961765 0 0 0 0.00153395
0.00965989 0 0 0 0.00155425
0.00970231 0 0 0 0.00157481
0.00974492 0 0 0 0.00159565
0.00978772 0 0 0 0.00161677
0.0098307 0 0 0 0.00163816
0.00987387 0 0 0 0.00165984
0.00991724 0 0 0 0.0016818
0.00996079 0 0 0 0.00170406
0.0100045 0 0 0 0.00172661
0.0100485 0 0 0 0.00174946
0.0100926 0 0 0 0.00177261
0.0101369 0 0 0 0.00179606
0.0101814 0 0 0 0.00181983
0.0102262 0 0 0 0.00184391
0.0102711 0 0 0 0.00186831
0.0103162 0 0 0 0.00189304
0.0103615 0 0 0 0.00191809
0.010407 0 0 0 0.00194347
0.0104527 0 0 0 0.00196918
0.0104986 0 0 0 0.00199524
0.0105447 0 0 0 0.00202165
0.010591 0 0 0 0.0020484
0.0106375 0 0 0 0.0020755
0.0106842 0 0 0 0.00210297
0.0107312 0 0 0 0.0021308
0.0107783 0 0 0 0.00215899
0.0108256 0 0 0 0.00218756
0.0108732 0 0 0 0.00221651
0.0109209 0 0 0 0.00224584
0.0109689 0 0 0 0.00227556
0.011017 0 0 0 0.00230567
0.0110654 0 0 0 0.00233618
0.011114 0 0 0 0.0023671
0.0111628 0 0 0 0.00239842
0.0112118 0 0 0 0.00243016
0.0112611 0 0 0 0.00246232
0.0113105 0 0 0 0.0024949
0.0113602 0 0 0 0.00252792
0.0114101 0 0 0 0.00256137
0.0114602 0 0 0 0.00259526
0.0115105 0 0 0 0.0026296
0.0115611 0 0 0 0.0026644
0.0116119 0 0 0 0.00269966
0.0116629 0 0 0 0.00273538
0.0117141 0 0 0 0.00277158
0.0117655 0 0 0 0.00280826
0.0118172 0 0 0 0.00284542
0.0118691 0 0 0 0.00288307
0.0119212 0 0 0 0.00292122
0.0119736 0 0 0 0.00295988
0.0120262 0 0 0 0.00299905
0.012079 0 0 0 0.00303873
0.012132 0 0 0 0.00307894
0.0121853 0 0 0 0.00311969
0.0122388 0 0 0 0.00316097
0.0122926 0 0 0 0.0032028
0.0123465 0 0 0 0.00324518
0.0124008 0 0 0 0.00328812
0.0124552 0 0 0 0.00333163
0.0125099 0 0 0 0.00337572
0.0125649 0 0 0 0.00342039
0.01262 0 0 0 0.00346565
0.0126755 0 0 0 0.00351151
0.0127311 0 0 0 0.00355798
0.012787 0 0 0 0.00360506
0.0128432 0 0 0 0.00365277
0.0128996 0 0 0 0.00370111
0.0129562 0 0 0 0.00375008
0.0130131 0 0 0 0.00379971
0.0130703 0 0 0 0.00384999
0.0131277 0 0 0 0.00390093
0.0131853 0 0 0 0.00395255
0.0132433 0 0 0 0.00400486
0.0133014 0 0 0 0.00405785
0.0133598 0 0 0 0.00411155
0.0134185 0 0 0 0.00416596
0.0134774 0 0 0 0.00422109
0.0135366 0 0 0 0.00427694
0.0135961 0 0 0 0.00433354
0.0136558 0 0 0 0.00439088
0.0137157 0 0 0 0.00444899
0.013776 0 0 0 0.00450786
0.0138365 0 0 0 0.00456751
0.0138972 0 0 0 0.00462795
0.0139583 0 0 0 0.0046892
0.0140196 0 0 0 0.00475125
0.0140811 0 0 0 0.00481412
0.014143 0 0 0 0.00487782
0.0142051 0 0 0 0.00494237
0.0142675 0 0 0 0.00500777
0.0143301 0 0 0 0.00507404
0.0143931 0 0 0 0.00514118
0.0144563 0 0 0 0.00520922
0.0145198 0 0 0 0.00527815
0.0145835 0 0 0 0.005348
0.0146476 0 0 0 0.00541876
0.0147119 0 0 0 0.00549047
0.0147765 0 0 0 0.00556312
0.0148414 0 0 0 0.00563674
0.0149066 0 0 0 0.00571133
0.014972 0 0 0 0.00578691
0.0150378 0 0 0 0.00586349
0.0151038 0 0 0 0.00594108
0.0151702 0 0 0 0.00601969
0.0152368 0 0 0 0.00609935
0.0153037 0 0 0 0.00618006
0.0153709 0 0 0 0.00626184
0.0154384 0 0 0 0.00634471
0.0155062 0 0 0 0.00642866
0.0155743 0 0 0 0.00651373
0.0156427 0 0 0 0.00659993
0.0157114 0 0 0 0.00668727
0.0157804 0 0 0 0.00677576
0.0158497 0 0 0 0.00686542
0.0159193 0 0 0 0.00695627
0.0159892 0 0 0 0.00704832
0.0160594 0 0 0 0.00714159
0.01613 0 0 0 0.00723609
0.0162008 0 0 0 0.00733185
0.016272 0 0 0 0.00742887
0.0163434 0 0 0 0.00752718
0.0164152 0 0 0 0.00762678
0.0164873 0 0 0 0.00772771
0.0165597 0 0 0 0.00782997
0.0166324 0 0 0 0.00793358
0.0167055 0 0 0 0.00803856
0.0167788 0 0 0 0.00814494
0.0168525 0 0 0 0.00825272
0.0169265 0 0 0 0.00836192
0.0170009 0 0 0 0.00847258
0.0170755 0 0 0 0.00858469
0.0171505 0 0 0 0.00869829
0.0172258 0 0 0 0.0088134
0.0173015 0 0 0 0.00893002
0.0173775 0 0 0 0.00904819
0.0174538 0 0 0 0.00916793
0.0175304 0 0 0 0.00928924
0.0176074 0 0 0 0.00941217
0.0176847 0 0 0 0.00953672
0.0177624 0 0 0 0.00966291
0.0178404 0 0 0 0.00979078
0.0179188 0 0 0 0.00992034
0.0179974 0 0 0 0.0100516
0.0180765 0 0 0 0.0101846
0.0181559 0 0 0 0.0103194
0.0182356 0 0 0 0.010456
0.0183157 0 0 0 0.0105943
0.0183961 0 0 0 0.0107345
0.0184769 0 0 0 0.0108766
0.0185581 0 0 0 0.0110205
0.0186396 0 0 0 0.0111663
0.0187214 0 0 0 0.0113141
0.0188036 0 0 0 0.0114638
0.0188862 0 0 0 0.0116155
0.0189692 0 0 0 0.0117692
0.0190525 0 0 0 0.0119249
0.0191361 0 0 0 0.0120827
0.0192202 0 0 0 0.0122426
0.0193046 0 0 0 0.0124046
0.0193894 0 0 0 0.0125688
0.0194745 0 0 0 0.0127351
0.01956 0 0 0 0.0129036
0.0196459 0 0 0 0.0130744
0.0197322 0 0 0 0.0132474
0.0198189 0 0 0 0.0134227
0.0199059 0 0 0 0.0136003
0.0199933 0 0 0 0.0137803
0.0200811 0 0 0 0.0139626
0.0201693 0 0 0 0.0141474
0.0202579 0 0 0 0.0143346
0.0203469 0 0 0 0.0145243
0.0204362 0 0 0 0.0147165
0.020526 0 0 0 0.0149113
0.0206161 0 0 0 0.0151086
0.0207066 0 0 0 0.0153085
0.0207976 0 0 0 0.0155111
0.0208889 0 0 0 0.0157163
0.0209807 0 0 0 0.0159243
0.0210728 0 0 0 0.016135
0.0211653 0 0 0 0.0163485
0.0212583 0 0 0 0.0165649
0.0213517 0 0 0 0.0167841
0.0214454 0 0 0 0.0170062
0.0215396 0 0 0 0.0172312
0.0216342 0 0 0 0.0174592
0.0217292 0 0 0 0.0176903
0.0218246 0 0 0 0.0179244
0.0219205 0 0 0 0.0181616
0.0220167 0 0 0 0.0184019
0.0221134 0 0 0 0.0186454
0.0222105 0 0 0 0.0188921
0.0223081 0 0 0 0.0191421
0.0224061 0 0 0 0.0193954
0.0225045 0 0 0 0.0196521
0.0226033 0 0 0 0.0199121
0.0227026 0 0 0 0.0201756
0.0228023 0 0 0 0.0204426
0.0229024 0 0 0 0.0207131
0.023003 0 0 0 0.0209872
0.023104 0 0 0 0.0212649
0.0232055 0 0 0 0.0215463
0.0233074 0 0 0 0.0218315
0.0234097 0 0 0 0.0221204
0.0235125 0 0 0 0.0224131
0.0236158 0 0 0 0.0227097
0.0237195 0 0 0 0.0230102
0.0238237 0 0 0 0.0233147
0.0239283 0 0 0 0.0236232
0.0240334 0 0 0 0.0239358
0.0241389 0 0 0 0.0242525
0.0242449 0 0 0 0.0245735
0.0243514 0 0 0 0.0248986
0.0244584 0 0 0 0.0252281
0.0245658 0 0 0 0.025562
0.0246737 0 0 0 0.0259002
0.024782 0 0 0 0.026243
0.0248908 0 0 0 0.0265902
0.0250002 0 0 0 0.0269421
0.0251099 0 0 0 0.0272986
0.0252202 0 0 0 0.0276598
0.025331 0 0 0 0.0280259
0.0254422 0 0 0 0.0283967
0.025554 0 0 0 0.0287725
0.0256662 0 0 0 0.0291532
0.0257789 0 0 0 0.029539
0.0258921 0 0 0 0.0299299
0.0260058 0 0 0 0.030326
0.02612 0 0 0 0.0307273
0.0262347 0 0 0 0.0311339
0.0263499 0 0 0 0.0315459
0.0264657 0 0 0 0.0319633
0.0265819 0 0 0 0.0323863
0.0266986 0 0 0 0.0328148
0.0268159 0 0 0 0.0332491
0.0269337 0 0 0 0.0336891
0.0270519 0 0 0 0.0341349
0.0271707 0 0 0 0.0345866
0.0272901 0 0 0 0.0350442
0.0274099 0 0 0 0.035508
0.0275303 0 0 0 0.0359778
0.0276512 0 0 0 0.0364539
0.0277726 0 0 0 0.0369363
0.0278946 0 0 0 0.0374251
0.0280171 0 0 0 0.0379203
0.0281401 0 0 0 0.0384221
0.0282637 0 0 0 0.0389306
0.0283878 0 0 0 0.0394457
0.0285125 0 0 0 0.0399677
0.0286377 0 0 0 0.0404966
0.0287635 0 0 0 0.0410325
0.0288898 0 0 0 0.0415755
0.0290167 0 0 0 0.0421256
0.0291441 0 0 0 0.0426831
0.0292721 0 0 0 0.0432479
0.0294007 0 0 0 0.0438202
0.0295298 0 0 0 0.0444001
0.0296595 0 0 0 0.0449876
0.0297897 0 0 0 0.0455829
0.0299205 0 0 0 0.0461861
0.0300519 0 0 0 0.0467973
0.0301839 0 0 0 0.0474165
0.0303165 0 0 0 0.048044
0.0304496 0 0 0 0.0486798
0.0305833 0 0 0 0.0493239
0.0307176 0 0 0 0.0499766
0.0308525 0 0 0 0.050638
0.030988 0 0 0 0.051308
0.0311241 0 0 0 0.051987
0.0312608 0 0 0 0.0526749
0.0313981 0 0 0 0.053372
0.031536 0 0 0 0.0540782
0.0316745 0 0 0 0.0547938
0.0318136 0 0 0 0.0555189
0.0319533 0 0 0 0.0562536
0.0320936 0 0 0 0.056998
0.0322346 0 0 0 0.0577522
0.0323761 0 0 0 0.0585165
0.0325183 0 0 0 0.0592908
0.0326611 0 0 0 0.0600754
0.0328046 0 0 0 0.0608704
0.0329486 0 0 0 0.0616759
0.0330933 0 0 0 0.062492
0.0332387 0 0 0 0.063319
0.0333846 0 0 0 0.0641568
0.0335312 0 0 0 0.0650058
0.0336785 0 0 0 0.065866
0.0338264 0 0 0 0.0667376
0.033975 0 0 0 0.0676208
0.0341242 0 0 0 0.0685156
0.034274 0 0 0 0.0694222
0.0344245 0 0 0 0.0703409
0.0345757 0 0 0 0.0712717
0.0347276 0 0 0 0.0722148
0.0348801 0 0 0 0.0731704
0.0350333 0 0 0 0.0741387
0.0351871 0 0 0 0.0751198
0.0353416 0 0 0 0.0761138
0.0354969 0 0 0 0.077121
0.0356527 0 0 0 0.0781416
0.0358093 0 0 0 0.0791756
0.0359666 0 0 0 0.0802233
0.0361245 0 0 0 0.0812849
0.0362832 0 0 0 0.0823605
0.0364425 0 0 0 0.0834504
0.0366026 0 0 0 0.0845547
0.0367633 0 0 0 0.0856736
0.0369248 0 0 0 0.0868073
0.0370869 0 0 0 0.087956
0.0372498 0 0 0 0.0891199
0.0374134 0 0 0 0.0902992
0.0375777 0 0 0 0.0914941
0.0377427 0 0 0 0.0927049
0.0379085 0 0 0 0.0939316
0.0380749 0 0 0 0.0951746
0.0382422 0 0 0 0.096434
0.0384101 0 0 0 0.0977101
0.0385788 0 0 0 0.0990031
0.0387482 0 0 0 0.100313
0.0389184 0 0 0 0.101641
0.0390893 0 0 0 0.102986
0.039261 0 0 0 0.104348
0.0394334 0 0 0 0.105729
0.0396066 0 0 0 0.107128
0.0397805 0 0 0 0.108546
0.0399552 0 0 0 0.109982
0.0401307 0 0 0 0.111438
0.0403069 0 0 0 0.112912
0.0404839 0 0 0 0.114407
0.0406617 0 0 0 0.11592
0.0408403 0 0 0 0.117454
0.0410196 0 0 0 0.119009
0.0411998 0 0 0 0.120584
0.0413807 0 0 0 0.122179
0.0415624 0 0 0 0.123796
0.041745 0 0 0 0.125434
0.0419283 0 0 0 0.127094
0.0421124 0 0 0 0.128776
0.0422974 0 0 0 0.13048
0.0424831 0 0 0 0.132207
0.0426697 0 0 0 0.133956
0.0428571 0 0 0 0.135729
0.0430453 0 0 0 0.137525
0.0432344 0 0 0 0.139345
0.0434242 0 0 0 0.141188
0.0436149 0 0 0 0.143057
0.0438065 0 0 0 0.14495
0.0439988 0 0 0 0.146868
0.0441921 0 0 0 0.148811
0.0443862 0 0 0 0.150781
0.0445811 0 0 0 0.152776
0.0447769 0 0 0 0.154798
0.0449735 0 0 0 0.156846
0.045171 0 0 0 0.158921
0.0453694 0 0 0 0.161024
0.0455686 0 0 0 0.163155
0.0457688 0 0 0 0.165314
0.0459698 0 0 0 0.167502
0.0461716 0 0 0 0.169718
0.0463744 0 0 0 0.171964
0.0465781 0 0 0 0.17424
0.0467826 0 0 0 0.176546
0.0469881 0 0 0 0.178882
0.0471944 0 0 0 0.181249
0.0474017 0 0 0 0.183647
0.0476099 0 0 0 0.186078
0.0478189 0 0 0 0.18854
0.048029 0 0 0 0.191035
0.0482399 0 0 0 0.193563
0.0484517 0 0 0 0.196124
0.0486645 0 0 0 0.198719
0.0488782 0 0 0 0.201349
0.0490929 0 0 0 0.204013
0.0493085 0 0 0 0.206713
0.049525 0 0 0 0.209449
0.0497425 0 0 0 0.21222
0.049961 0 0 0 0.215028
0.0501804 0 0 0 0.217874
0.0504008 0 0 0 0.220757
0.0506221 0 0 0 0.223678
0.0508444 0 0 0 0.226638
0.0510677 0 0 0 0.229637
0.051292 0 0 0 0.232676
0.0515172 0 0 0 0.235755
0.0517435 0 0 0 0.238875
0.0519707 0 0 0 0.242036
0.052199 0 0 0 0.245238
0.0524282 0 0 0 0.248484
0.0526584 0 0 0 0.251772
0.0528897 0 0 0 0.255103
0.053122 0 0 0 0.258479
0.0533553 0 0 0 0.2619
0.0535896 0 0 0 0.265365
0.0538249 0 0 0 0.268877
0.0540613 0 0 0 0.272435
0.0542987 0 0 0 0.27604
0.0545372 0 0 0 0.279693
0.0547767 0 0 0 0.283394
0.0550173 0 0 0 0.287144
0.0552589 0 0 0 0.290944
0.0555015 0 0 0 0.294794
0.0557453 0 0 0 0.298695
0.0559901 0 0 0 0.302647
0.056236 0 0 0 0.306652
0.056483 0 0 0 0.31071
0.056731 0 0 0 0.314822
0.0569802 0 0 0 0.318988
0.0572304 0 0 0 0.323209
0.0574817 0 0 0 0.327486
0.0577342 0 0 0 0.331819
0.0579877 0 0 0 0.33621
0.0582424 0 0 0 0.340659
0.0584982 0 0 0 0.345167
0.0587551 0 0 0 0.349735
0.0590131 0 0 0 0.354363
0.0592723 0 0 0 0.359052
0.0595326 0 0 0 0.363803
0.059794 0 0 0 0.368617
0.0600566 0 0 0 0.373495
0.0603203 0 0 0 0.378438
0.0605852 0 0 0 0.383446
0.0608513 0 0 0 0.38852
0.0611186 0 0 0 0.393661
0.061387 0 0 0 0.39887
0.0616566 0 0 0 0.404148
0.0619273 0 0 0 0.409496
0.0621993 0 0 0 0.414915
0.0624724 0 0 0 0.420406
0.0627468 0 0 0 0.425969
0.0630224 0 0 0 0.431606
0.0632991 0 0 0 0.437317
0.0635771 0 0 0 0.443104
0.0638563 0 0 0 0.448968
0.0641368 0 0 0 0.454909
0.0644184 0 0 0 0.460928
0.0647013 0 0 0 0.467028
0.0649855 0 0 0 0.473208
0.0652709 0 0 0 0.47947
0.0655575 0 0 0 0.485815
0.0658454 0 0 0 0.492243
0.0661346 0 0 0 0.498757
0.066425 0 0 0 0.505357
0.0667167 0 0 0 0.512044
0.0670097 0 0 0 0.51882
0.067304 0 0 0 0.525686
0.0675996 0 0 0 0.532642
0.0678965 0 0 0 0.53969
0.0681946 0 0 0 0.546832
0.0684941 0 0 0 0.554068
0.0687949 0 0 0 0.5614
0.0690971 0 0 0 0.568829
0.0694005 0 0 0 0.576356
0.0697053 0 0 0 0.583983
0.0700114 0 0 0 0.591711
0.0703189 0 0 0 0.599541
0.0706277 0 0 0 0.607475
0.0709379 0 0 0 0.615513
0.0712494 0 0 0 0.623658
0.0715623 0 0 0 0.631911
0.0718766 0 0 0 0.640273
0.0721922 0 0 0 0.648746
0.0725093 0 0 0 0.657331
0.0728277 0 0 0 0.666029
0.0731475 0 0 0 0.674842
0.0734688 0 0 0 0.683772
0.0737914 0 0 0 0.692821
0.0741155 0 0 0 0.701989
0.074441 0 0 0 0.711278
0.0747679 0 0 0 0.72069
0.0750963 0 0 0 0.730227
0.0754261 0 0 0 0.73989
0.0757573 0 0 0 0.749681
0.07609 0 0 0 0.759601
0.0764242 0 0 0 0.769653
0.0767598 0 0 0 0.779838
0.0770969 0 0 0 0.790157
0.0774355 0 0 0 0.800613
0.0777755 0 0 0 0.811208
0.0781171 0 0 0 0.821942
0.0784602 0 0 0 0.832819
0.0788047 0 0 0 0.84384
0.0791508 0 0 0 0.855006
0.0794984 0 0 0 0.86632
0.0798475 0 0 0 0.877784
0.0801982 0 0 0 0.8894
0.0805504 0 0 0 0.901169
0.0809042 0 0 0 0.913094
0.0812595 0 0 0 0.925177
0.0816163 0 0 0 0.93742
0.0819747 0 0 0 0.949825
0.0823347 0 0 0 0.962393
0.0826963 0 0 0 0.975129
0.0830595 0 0 0 0.988032
0.0834243 0 0 0 1.00111
0.0837906 0 0 0 1.01435
0.0841586 0 0 0 1.02778
0.0845282 0 0 0 1.04138
0.0848994 0 0 0 1.05516
0.0852723 0 0 0 1.06912
0.0856468 0 0 0 1.08327
0.0860229 0 0 0 1.0976
0.0864007 0 0 0 1.11213
0.0867801 0 0 0 1.12684
0.0871612 0 0 0 1.14176
0.087544 0 0 0 1.15686
0.0879285 0 0 0 1.17217
0.0883146 0 0 0 1.18768
0.0887025 0 0 0 1.2034
0.089092 0 0 0 1.21933
0.0894833 0 0 0 1.23546
0.0898763 0 0 0 1.25181
0.090271 0 0 0 1.26837
0.0906674 0 0 0 1.28516
0.0910656 0 0 0 1.30216
0.0914655 0 0 0 1.3194
0.0918672 0 0 0 1.33686
0.0922706 0 0 0 1.35455
0.0926759 0 0 0 1.37247
0.0930829 0 0 0 1.39063
0.0934916 0 0 0 1.40903
0.0939022 0 0 0 1.42768
0.0943146 0 0 0 1.44657
0.0947288 0 0 0 1.46571
0.0951448 0 0 0 1.48511
0.0955627 0 0 0 1.50476
0.0959823 0 0 0 1.52467
0.0964039 0 0 0 1.54485
0.0968272 0 0 0 1.56529
0.0972525 0 0 0 1.58601
0.0976796 0 0 0 1.60699
0.0981085 0 0 0 1.62826
0.0985394 0 0 0 1.64981
0.0989721 0 0 0 1.67164
0.0994068 0 0 0 1.69376
0.0998433 0 0 0 1.71617
0.100282 0 0 0 1.73888
0.100722 0 0 0 1.76189
0.101165 0 0 0 1.78521
0.101609 0 0 0 1.80883
0.102055 0 0 0 1.83277
0.102503 0 0 0 1.85702
0.102953 0 0 0 1.88159
0.103406 0 0 0 1.90649
0.10386 0 0 0 1.93172
0.104316 0 0 0 1.95728
0.104774 0 0 0 1.98318
0.105234 0 0 0 2.00942
0.105696 0 0 0 2.03602
0.10616 0 0 0 2.06296
0.106627 0 0 0 2.09026
0.107095 0 0 0 2.11792
0.107565 0 0 0 2.14594
0.108038 0 0 0 2.17434
0.108512 0 0 0 2.20311
0.108989 0 0 0 2.23227
0.109467 0 0 0 2.26181
0.109948 0 0 0 2.29174
0.110431 0 0 0 2.32206
0.110916 0 0 0 2.35279
0.111403 0 0 0 2.38392
0.111892 0 0 0 2.41547
0.112384 0 0 0 2.44743
0.112877 0 0 0 2.47982
0.113373 0 0 0 2.51263
0.113871 0 0 0 2.54588
0.114371 0 0 0 2.57957
0.114873 0 0 0 2.61371
0.115377 0 0 0 2.6483
0.115884 0 0 0 2.68334
0.116393 0 0 0 2.71885
0.116904 0 0 0 2.75483
0.117418 0 0 0 2.79128
0.117933 0 0 0 2.82822
0.118451 0 0 0 2.86564
0.118971 0 0 0 2.90356
0.119494 0 0 0 2.94199
0.120019 0 0 0 2.98092
0.120546 0 0 0 3.02036
0.121075 0 0 0 3.06033
0.121607 0 0 0 3.10083
0.122141 0 0 0 3.14186
0.122677 0 0 0 3.18344
0.123216 0 0 0 3.22556
0.123757 0 0 0 3.26825
0.124301 0 0 0 3.31149
0.124847 0 0 0 3.35531
0.125395 0 0 0 3.39972
0.125946 0 0 0 3.4447
0.126499 0 0 0 3.49029
0.127054 0 0 0 3.53647
0.127612 0 0 0 3.58327
0.128173 0 0 0 3.63069
0.128736 0 0 0 3.67873
0.129301 0 0 0 3.72741
0.129869 0 0 0 3.77674
0.130439 0 0 0 3.82671
0.131012 0 0 0 3.87735
0.131587 0 0 0 3.92866
0.132165 0 0 0 3.98065
0.132746 0 0 0 4.03332
0.133329 0 0 0 4.0867
0.133914 0 0 0 4.14077
0.134502 0 0 0 4.19557
0.135093 0 0 0 4.25109
0.135686 0 0 0 4.30734
0.136282 0 0 0 4.36434
0.136881 0 0 0 4.42209
0.137482 0 0 0 4.48061
0.138085 0 0 0 4.5399
0.138692 0 0 0 4.59998
0.139301 0 0 0 4.66085
0.139913 0 0 0 4.72253
0.140527 0 0 0 4.78502
0.141144 0 0 0 4.84834
0.141764 0 0 0 4.91249
0.142387 0 0 0 4.9775
0.143012 0 0 0 5.04337
0.14364 0 0 0 5.11011
0.144271 0 0 0 5.17773
0.144904 0 0 0 5.24624
0.145541 0 0 0 5.31567
0.14618 0 0 0 5.38601
0.146822 0 0 0 5.45728
0.147467 0 0 0 5.5295
0.148114 0 0 0 5.60267
0.148765 0 0 0 5.67681
0.149418 0 0 0 5.75193
0.150074 0 0 0 5.82804
0.150733 0 0 0 5.90516
0.151395 0 0 0 5.98331
0.15206 0 0 0 6.06248
0.152728 0 0 0 6.14271
0.153399 0 0 0 6.22399
0.154072 0 0 0 6.30635
0.154749 0 0 0 6.3898
0.155429 0 0 0 6.47436
0.156111 0 0 0 6.56003
0.156797 0 0 0 6.64684
0.157485 0 0 0 6.7348
0.158177 0 0 0 6.82392
0.158872 0 0 0 6.91422
0.159569 0 0 0 7.00571
0.16027 0 0 0 7.09842
0.160974 0 0 0 7.19235
0.161681 0 0 0 7.28753
0.162391 0 0 0 7.38396
0.163104 0 0 0 7.48167
0.163821 0 0 0 7.58068
0.16454 0 0 0 7.68099
0.165263 0 0 0 7.78263
0.165988 0 0 0 7.88562
0.166717 0 0 0 7.98997
0.167449 0 0 0 8.0957
0.168185 0 0 0 8.20283
0.168923 0 0 0 8.31138
0.169665 0 0 0 8.42136
0.17041 0 0 0 8.5328
0.171159 0 0 0 8.64571
0.17191 0 0 0 8.76012
0.172665 0 0 0 8.87604
0.173424 0 0 0 8.9935
0.174185 0 0 0 9.11251
0.17495 0 0 0 9.23309
0.175719 0 0 0 9.35527
0.17649 0 0 0 9.47907
0.177265 0 0 0 9.6045
0.178044 0 0 0 9.7316
0.178826 0 0 0 9.86037
0.179611 0 0 0 9.99086
0.1804 0 0 0 10.1231
0.181192 0 0 0 10.257
0.181988 0 0 0 10.3928
0.182787 0 0 0 10.5303
0.18359 0 0 0 10.6696
0.184396 0 0 0 10.8108
0.185206 0 0 0 10.9539
0.186019 0 0 0 11.0988
0.186836 0 0 0 11.2457
0.187657 0 0 0 11.3945
0.188481 0 0 0 11.5453
0.189309 0 0 0 11.6981
0.19014 0 0 0 11.8529
0.190975 0 0 0 12.0097
0.191814 0 0 0 12.1686
0.192656 0 0 0 12.3297
0.193502 0 0 0 12.4928
0.194352 0 0 0 12.6581
0.195205 0 0 0 12.8256
0.196063 0 0 0 12.9954
0.196924 0 0 0 13.1673
0.197789 0 0 0 13.3416
0.198657 0 0 0 13.5181
0.19953 0 0 0 13.697
0.200406 0 0 0 13.8782
0.201286 0 0 0 14.0619
0.20217 0 0 0 14.248
0.203058 0 0 0 14.4365
0.20395 0 0 0 14.6275
0.204845 0 0 0 14.8211
0.205745 0 0 0 15.0172
0.206648 0 0 0 15.216
0.207556 0 0 0 15.4173
0.208467 0 0 0 15.6213
0.209383 0 0 0 15.828
0.210302 0 0 0 16.0375
0.211226 0 0 0 16.2497
0.212154 0 0 0 16.4647
0.213085 0 0 0 16.6826
0.214021 0 0 0 16.9034
0.214961 0 0 0 17.1271
0.215905 0 0 0 17.3537
0.216853 0 0 0 17.5833
0.217806 0 0 0 17.816
0.218762 0 0 0 18.0518
0.219723 0 0 0 18.2906
0.220688 0 0 0 18.5327
0.221657 0 0 0 18.7779
0.22263 0 0 0 19.0264
0.223608 0 0 0 19.2782
0.22459 0 0 0 19.5333
0.225577 0 0 0 19.7918
0.226567 0 0 0 20.0537
0.227562 0 0 0 20.319
0.228562 0 0 0 20.5879
0.229565 0 0 0 20.8604
0.230573 0 0 0 21.1364
0.231586 0 0 0 21.4161
0.232603 0 0 0 21.6995
0.233625 0 0 0 21.9866
0.234651 0 0 0 22.2776
0.235681 0 0 0 22.5724
0.236716 0 0 0 22.8711
0.237756 0 0 0 23.1737
0.2388 0 0 0 23.4804
0.239849 0 0 0 23.7911
0.240902 0 0 0 24.1059
0.24196 0 0 0 24.4249
0.243022 0 0 0 24.7481
0.24409 0 0 0 25.0756
0.245162 0 0 0 25.4074
0.246238 0 0 0 25.7437
0.24732 0 0 0 26.0843
0.248406 0 0 0 26.4295
0.249497 0 0 0 26.7792
0.250592 0 0 0 27.1336
0.251693 0 0 0 27.4926
0.252798 0 0 0 27.8564
0.253909 0 0 0 28.2251
0.255024 0 0 0 28.5986
0.256144 0 0 0 28.977
0.257268 0 0 0 29.3605
0.258398 0 0 0 29.749
0.259533 0 0 0 30.1426
0.260673 0 0 0 30.5415
0.261818 0 0 0 30.9457
0.262967 0 0 0 31.3552
0.264122 0 0 0 31.7701
0.265282 0 0 0 32.1905
0.266447 0 0 0 32.6165
0.267617 0 0 0 33.0481
0.268793 0 0 0 33.4854
0.269973 0 0 0 33.9285
0.271159 0 0 0 34.3775
0.27235 0 0 0 34.8324
0.273546 0 0 0 35.2933
0.274747 0 0 0 35.7604
0.275954 0 0 0 36.2336
0.277165 0 0 0 36.713
0.278383 0 0 0 37.1989
0.279605 0 0 0 37.6911
0.280833 0 0 0 38.1899
0.282066 0 0 0 38.6952
0.283305 0 0 0 39.2073
0.284549 0 0 0 39.7261
0.285799 0 0 0 40.2518
0.287054 0 0 0 40.7844
0.288315 0 0 0 41.3241
0.289581 0 0 0 41.871
0.290853 0 0 0 42.4251
0.29213 0 0 0 42.9865
0.293413 0 0 0 43.5553
0.294702 0 0 0 44.1317
0.295996 0 0 0 44.7156
0.297296 0 0 0 45.3074
0.298601 0 0 0 45.9069
0.299913 0 0 0 46.5144
0.30123 0 0 0 47.1299
0.302553 0 0 0 47.7536
0.303881 0 0 0 48.3855
0.305216 0 0 0 49.0258
0.306556 0 0 0 49.6745
0.307903 0 0 0 50.3319
0.309255 0 0 0 50.9979
0.310613 0 0 0 51.6727
0.311977 0 0 0 52.3565
0.313347 0 0 0 53.0493
0.314723 0 0 0 53.7513
0.316105 0 0 0 54.4626
0.317494 0 0 0 55.1833
0.318888 0 0 0 55.9135
0.320288 0 0 0 56.6534
0.321695 0 0 0 57.4031
0.323108 0 0 0 58.1627
0.324527 0 0 0 58.9324
0.325952 0 0 0 59.7122
0.327383 0 0 0 60.5024
0.328821 0 0 0 61.303
0.330265 0 0 0 62.1142
0.331716 0 0 0 62.9362
0.333172 0 0 0 63.769
0.334635 0 0 0 64.6129
0.336105 0 0 0 65.4679
0.337581 0 0 0 66.3342
0.339064 0 0 0 67.212
0.340553 0 0 0 68.1014
0.342048 0 0 0 69.0026
0.34355 0 0 0 69.9157
0.345059 0 0 0 70.8409
0.346575 0 0 0 71.7783
0.348097 0 0 0 72.7281
0.349625 0 0 0 73.6905
0.351161 0 0 0 74.6657
0.352703 0 0 0 75.6537
0.354252 0 0 0 76.6548
0.355808 0 0 0 77.6692
0.35737 0 0 0 78.697
0.35894 0 0 0 79.7384
0.360516 0 0 0 80.7935
0.362099 0 0 0 81.8627
0.363689 0 0 0 82.9459
0.365287 0 0 0 84.0436
0.366891 0 0 0 85.1557
0.368502 0 0 0 86.2825
0.37012 0 0 0 87.4243
0.371746 0 0 0 88.5812
0.373378 0 0 0 89.7534
0.375018 0 0 0 90.9411
0.376665 0 0 0 92.1445
0.378319 0 0 0 93.3638
0.379981 0 0 0 94.5993
0.381649 0 0 0 95.8511
0.383326 0 0 0 97.1195
0.385009 0 0 0 98.4047
0.3867 0 0 0 99.7068
0.388398 0 0 0 101.026
0.390104 0 0 0 102.363
0.391817 0 0 0 103.718
0.393538 0 0 0 105.09
0.395266 0 0 0 106.481
0.397002 0 0 0 107.89
0.398745 0 0 0 109.318
0.400496 0 0 0 110.764
0.402255 0 0 0 112.23
0.404022 0 0 0 113.715
0.405796 0 0 0 115.22
0.407578 0 0 0 116.744
0.409368 0 0 0 118.289
0.411166 0 0 0 119.855
0.412972 0 0 0 121.441
0.414785 0 0 0 123.048
0.416607 0 0 0 124.676
0.418436 0 0 0 126.326
0.420274 0 0 0 127.997
0.42212 0 0 0 129.691
0.423974 0 0 0 131.407
0.425836 0 0 0 133.146
0.427706 0 0 0 134.908
0.429584 0 0 0 136.693
0.431471 0 0 0 138.502
0.433365 0 0 0 140.335
0.435269 0 0 0 142.192
0.43718 0 0 0 144.074
0.4391 0 0 0 145.98
0.441028 0 0 0 147.912
0.442965 0 0 0 149.869
0.444911 0 0 0 151.852
0.446865 0 0 0 153.862
0.448827 0 0 0 155.898
0.450798 0 0 0 157.961
0.452778 0 0 0 160.051
0.454766 0 0 0 162.169
0.456763 0 0 0 164.315
0.458769 0 0 0 166.489
0.460784 0 0 0 168.692
0.462808 0 0 0 170.925
0.46484 0 0 0 173.187
0.466882 0 0 0 175.478
0.468932 0 0 0 177.8
0.470991 0 0 0 180.153
0.47306 0 0 0 182.537
0.475137 0 0 0 184.953
0.477224 0 0 0 187.4
0.47932 0 0 0 189.88
0.481425 0 0 0 192.393
0.483539 0 0 0 194.939
0.485663 0 0 0 197.518
0.487795 0 0 0 200.132
0.489938 0 0 0 202.78
0.492089 0 0 0 205.464
0.49425 0 0 0 208.182
0.496421 0 0 0 210.937
0.498601 0 0 0 213.729
0.500791 0 0 0 216.557
0.50299 0 0 0 219.422
0.505199 0 0 0 222.326
0.507418 0 0 0 225.268
0.509646 0 0 0 228.249
0.511884 0 0 0 231.269
0.514132 0 0 0 234.33
0.51639 0 0 0 237.431
0.518658 0 0 0 240.573
0.520936 0 0 0 243.756
0.523223 0 0 0 246.982
0.525521 0 0 0 250.25
0.527829 0 0 0 253.561
0.530147 0 0 0 256.917
0.532475 0 0 0 260.316
0.534814 0 0 0 263.761
0.537162 0 0 0 267.252
0.539522 0 0 0 270.788
0.541891 0 0 0 274.371
0.544271 0 0 0 278.002
0.546661 0 0 0 281.681
0.549062 0 0 0 285.408
0.551473 0 0 0 289.185
0.553895 0 0 0 293.012
0.556327 0 0 0 296.889
0.558771 0 0 0 300.818
0.561224 0 0 0 304.799
0.563689 0 0 0 308.832
0.566165 0 0 0 312.919
0.568651 0 0 0 317.059
0.571148 0 0 0 321.255
0.573657 0 0 0 325.506
0.576176 0 0 0 329.814
0.578706 0 0 0 334.178
0.581248 0 0 0 338.6
0.5838 0 0 0 343.081
0.586364 0 0 0 347.621
0.588939 0 0 0 352.221
0.591526 0 0 0 356.882
0.594124 0 0 0 361.604
0.596733 0 0 0 366.389
0.599353 0 0 0 371.238
0.601985 0 0 0 376.15
0.604629 0 0 0 381.128
0.607285 0 0 0 386.171
0.609951 0 0 0 391.281
0.61263 0 0 0 396.459
0.615321 0 0 0 401.705
0.618023 0 0 0 407.021
0.620737 0 0 0 412.407
0.623463 0 0 0 417.864
0.626201 0 0 0 423.394
0.628951 0 0 0 428.997
0.631713 0 0 0 434.674
0.634488 0 0 0 440.425
0.637274 0 0 0 446.254
0.640073 0 0 0 452.159
0.642884 0 0 0 458.142
0.645707 0 0 0 464.205
0.648543 0 0 0 470.347
0.651391 0 0 0 476.571
0.654252 0 0 0 482.878
0.657125 0 0 0 489.268
0.660011 0 0 0 495.742
0.662909 0 0 0 502.302
0.66582 0 0 0 508.949
0.668744 0 0 0 515.684
0.671681 0 0 0 522.508
0.674631 0 0 0 529.422
0.677594 0 0 0 536.428
0.68057 0 0 0 543.527
0.683558 0 0 0 550.719
0.68656 0 0 0 558.007
0.689575 0 0 0 565.391
0.692604 0 0 0 572.872
0.695646 0 0 0 580.453
0.698701 0 0 0 588.134
0.701769 0 0 0 595.917
0.704851 0 0 0 603.803
0.707946 0 0 0 611.793
0.711055 0 0 0 619.888
0.714178 0 0 0 628.091
0.717315 0 0 0 636.403
0.720465 0 0 0 644.824
0.723629 0 0 0 653.357
0.726807 0 0 0 662.003
0.729999 0 0 0 670.763
0.733204 0 0 0 679.639
0.736424 0 0 0 688.633
0.739659 0 0 0 697.745
0.742907 0 0 0 706.978
0.746169 0 0 0 716.334
0.749446 0 0 0 725.813
0.752738 0 0 0 735.418
0.756043 0 0 0 745.149
0.759364 0 0 0 755.01
0.762698 0 0 0 765.001
0.766048 0 0 0 775.124
0.769412 0 0 0 785.381
0.772791 0 0 0 795.774
0.776185 0 0 0 806.304
0.779594 0 0 0 816.974
0.783017 0 0 0 827.785
0.786456 0 0 0 838.739
0.78991 0 0 0 849.838
0.793379 0 0 0 861.083
0.796863 0 0 0 872.478
0.800363 0 0 0 884.023
0.803878 0 0 0 895.722
0.807408 0 0 0 907.575
0.810954 0 0 0 919.584
0.814515 0 0 0 931.753
0.818092 0 0 0 944.083
0.821685 0 0 0 956.576
0.825294 0 0 0 969.234
0.828918 0 0 0 982.06
0.832558 0 0 0 995.055
0.836215 0 0 0 1008.22
0.839887 0 0 0 1021.56
0.843575 0 0 0 1035.08
0.84728 0 0 0 1048.78
0.851001 0 0 0 1062.66
0.854738 0 0 0 1076.72
0.858492 0 0 0 1090.97
0.862262 0 0 0 1105.4
0.866049 0 0 0 1120.03
0.869852 0 0 0 1134.85
0.873673 0 0 0 1149.87
0.877509 0 0 0 1165.09
0.881363 0 0 0 1180.5
0.885234 0 0 0 1196.13
0.889121 0 0 0 1211.95
0.893026 0 0 0 1227.99
0.896948 0 0 0 1244.24
0.900887 0 0 0 1260.71
0.904843 0 0 0 1277.39
0.908817 0 0 0 1294.29
0.912808 0 0 0 1311.42
0.916817 0 0 0 1328.77
0.920843 0 0 0 1346.36
0.924887 0 0 0 1364.17
0.928949 0 0 0 1382.23
0.933029 0 0 0 1400.52
0.937126 0 0 0 1419.05
0.941242 0 0 0 1437.83
0.945375 0 0 0 1456.85
0.949527 0 0 0 1476.13
0.953697 0 0 0 1495.67
0.957885 0 0 0 1515.46
0.962092 0 0 0 1535.51
0.966317 0 0 0 1555.83
0.970561 0 0 0 1576.42
0.974823 0 0 0 1597.28
0.979104 0 0 0 1618.42
0.983404 0 0 0 1639.83
0.987723 0 0 0 1661.53
0.992061 0 0 0 1683.52
0.996418 0 0 0 1705.8
1.00079 0 0 0 1728.37
1.00519 0 0 0 1751.24
1.0096 0 0 0 1774.41
1.01404 0 0 0 1797.9
1.01849 0 0 0 1821.69
1.02296 0 0 0 1845.79
1.02746 0 0 0 1870.22
1.03197 0 0 0 1894.97
1.0365 0 0 0 1920.04
1.04105 0 0 0 1945.45
1.04562 0 0 0 1971.19
1.05022 0 0 0 1997.28
1.05483 0 0 0 2023.71
1.05946 0 0 0 2050.49
1.06411 0 0 0 2077.62
1.06879 0 0 0 2105.11
1.07348 0 0 0 2132.97
1.07819 0 0 0 2161.2
1.08293 0 0 0 2189.79
1.08769 0 0 0 2218.77
1.09246 0 0 0 2248.13
1.09726 0 0 0 2277.88
1.10208 0 0 0 2308.02
1.10692 0 0 0 2338.57
1.11178 0 0 0 2369.51
1.11666 0 0 0 2400.87
1.12157 0 0 0 2432.64
1.12649 0 0 0 2464.83
1.13144 0 0 0 2497.45
1.13641 0 0 0 2530.49
1.1414 0 0 0 2563.98
1.14641 0 0 0 2597.91
0.166681
2000
309756
     1259712000
0.000179913 0 0 0 1.00414e-08
0.000180703 0 0 0 1.01743e-08
0.000181497 0 0 0 1.03089e-08
0.000182294 0 0 0 1.04453e-08
0.000183095 0 0 0 1.05835e-08
0.000183899 0 0 0 1.07236e-08
0.000184706 0 0 0 1.08655e-08
0.000185518 0 0 0 1.10093e-08
0.000186332 0 0 0 1.11549e-08
0.000187151 0 0 0 1.13026e-08
0.000187972 0 0 0 1.14521e-08
0.000188798 0 0 0 1.16037e-08
0.000189627 0 0 0 1.17572e-08
0.00019046 0 0 0 1.19128e-08
0.000191296 0 0 0 1.20704e-08
0.000192136 0 0 0 1.22302e-08
0.00019298 0 0 0 1.2392e-08
0.000193828 0 0 0 1.2556e-08
0.000194679 0 0 0 1.27221e-08
0.000195534 0 0 0 1.28905e-08
0.000196393 0 0 0 1.30611e-08
0.000197255 0 0 0 1.32339e-08
0.000198121 0 0 0 1.3409e-08
0.000198991 0 0 0 1.35865e-08
0.000199865 0 0 0 1.37663e-08
0.000200743 0 0 0 1.39484e-08
0.000201625 0 0 0 1.4133e-08
0.00020251 0 0 0 1.432e-08
0.0002034 0 0 0 1.45095e-08
0.000204293 0 0 0 1.47015e-08
0.00020519 0 0 0 1.48961e-08
0.000206091 0 0 0 1.50932e-08
0.000206996 0 0 0 1.52929e-08
0.000207905 0 0 0 1.54953e-08
0.000208818 0 0 0 1.57003e-08
0.000209735 0 0 0 1.59081e-08
0.000210656 0 0 0 1.61186e-08
0.000211582 0 0 0 1.63319e-08
0.000212511 0 0 0 1.6548e-08
0.000213444 0 0 0 1.6767e-08
0.000214381 0 0 0 1.69889e-08
0.000215323 0 0 0 1.72137e-08
0.000216268 0 0 0 1.74414e-08
0.000217218 0 0 0 1.76722e-08
0.000218172 0 0 0 1.79061e-08
0.00021913 0 0 0 1.81431e-08
0.000220093 0 0 0 1.83831e-08
0.000221059 0 0 0 1.86264e-08
0.00022203 0 0 0 1.88729e-08
0.000223005 0 0 0 1.91226e-08
0.000223984 0 0 0 1.93757e-08
0.000224968 0 0 0 1.96321e-08
0.000225956 0 0 0 1.98919e-08
0.000226948 0 0 0 2.01551e-08
0.000227945 0 0 0 2.04218e-08
0.000228946 0 0 0 2.0692e-08
0.000229952 0 0 0 2.09658e-08
0.000230961 0 0 0 2.12433e-08
0.000231976 0 0 0 2.15244e-08
0.000232995 0 0 0 2.18092e-08
0.000234018 0 0 0 2.20978e-08
0.000235045 0 0 0 2.23902e-08
0.000236078 0 0 0 2.26865e-08
0.000237114 0 0 0 2.29867e-08
0.000238156 0 0 0 2.32909e-08
0.000239202 0 0 0 2.35991e-08
0.000240252 0 0 0 2.39114e-08
0.000241307 0 0 0 2.42278e-08
0.000242367 0 0 0 2.45484e-08
0.000243431 0 0 0 2.48733e-08
0.0002445 0 0 0 2.52024e-08
0.000245574 0 0 0 2.55359e-08
0.000246653 0 0 0 2.58738e-08
0.000247736 0 0 0 2.62162e-08
0.000248824 0 0 0 2.65631e-08
0.000249917 0 0 0 2.69146e-08
0.000251014 0 0 0 2.72708e-08
0.000252117 0 0 0 2.76317e-08
0.000253224 0 0 0 2.79973e-08
0.000254336 0 0 0 2.83678e-08
0.000255453 0 0 0 2.87432e-08
0.000256575 0 0 0 2.91235e-08
0.000257701 0 0 0 2.95089e-08
0.000258833 0 0 0 2.98994e-08
0.00025997 0 0 0 3.02951e-08
0.000261112 0 0 0 3.0696e-08
0.000262258 0 0 0 3.11022e-08
0.00026341 0 0 0 3.15137e-08
0.000264567 0 0 0 3.19307e-08
0.000265729 0 0 0 3.23533e-08
0.000266896 0 0 0 3.27814e-08
0.000268068 0 0 0 3.32152e-08
0.000269245 0 0 0 3.36547e-08
0.000270427 0 0 0 3.41001e-08
0.000271615 0 0 0 3.45513e-08
0.000272808 0 0 0 3.50085e-08
0.000274006 0 0 0 3.54718e-08
0.000275209 0 0 0 3.59412e-08
0.000276418 0 0 0 3.64168e-08
0.000277632 0 0 0 3.68987e-08
0.000278851 0 0 0 3.7387e-08
0.000280076 0 0 0 3.78817e-08
0.000281306 0 0 0 3.8383e-08
0.000282541 0 0 0 3.88909e-08
0.000283782 0 0 0 3.94055e-08
0.000285028 0 0 0 3.9927e-08
0.00028628 0 0 0 4.04553e-08
0.000287537 0 0 0 4.09907e-08
0.0002888 0 0 0 4.15331e-08
0.000290068 0 0 0 4.20827e-08
0.000291342 0 0 0 4.26396e-08
0.000292622 0 0 0 4.32038e-08
0.000293907 0 0 0 4.37755e-08
0.000295197 0 0 0 4.43548e-08
0.000296494 0 0 0 4.49418e-08
0.000297796 0 0 0 4.55365e-08
0.000299104 0 0 0 4.6139e-08
0.000300417 0 0 0 4.67496e-08
0.000301737 0 0 0 4.73682e-08
0.000303062 0 0 0 4.7995e-08
0.000304393 0 0 0 4.86302e-08
0.000305729 0 0 0 4.92737e-08
0.000307072 0 0 0 4.99257e-08
0.000308421 0 0 0 5.05864e-08
0.000309775 0 0 0 5.12558e-08
0.000311136 0 0 0 5.1934e-08
0.000312502 0 0 0 5.26213e-08
0.000313874 0 0 0 5.33176e-08
0.000315253 0 0 0 5.40231e-08
0.000316637 0 0 0 5.4738e-08
0.000318028 0 0 0 5.54624e-08
0.000319424 0 0 0 5.61963e-08
0.000320827 0 0 0 5.69399e-08
0.000322236 0 0 0 5.76934e-08
0.000323651 0 0 0 5.84568e-08
0.000325073 0 0 0 5.92304e-08
0.0003265 0 0 0 6.00142e-08
0.000327934 0 0 0 6.08083e-08
0.000329374 0 0 0 6.1613e-08
0.000330821 0 0 0 6.24283e-08
0.000332274 0 0 0 6.32544e-08
0.000333733 0 0 0 6.40915e-08
0.000335199 0 0 0 6.49396e-08
0.000336671 0 0 0 6.57989e-08
0.000338149 0 0 0 6.66696e-08
0.000339634 0 0 0 6.75519e-08
0.000341126 0 0 0 6.84458e-08
0.000342624 0 0 0 6.93515e-08
0.000344129 0 0 0 7.02692e-08
0.00034564 0 0 0 7.11991e-08
0.000347158 0 0 0 7.21413e-08
0.000348682 0 0 0 7.30959e-08
0.000350214 0 0 0 7.40632e-08
0.000351752 0 0 0 7.50432e-08
0.000353296 0 0 0 7.60363e-08
0.000354848 0 0 0 7.70424e-08
0.000356406 0 0 0 7.80619e-08
0.000357972 0 0 0 7.90949e-08
0.000359544 0 0 0 8.01416e-08
0.000361123 0 0 0 8.12021e-08
0.000362709 0 0 0 8.22766e-08
0.000364301 0 0 0 8.33654e-08
0.000365901 0 0 0 8.44685e-08
0.000367508 0 0 0 8.55863e-08
0.000369122 0 0 0 8.67188e-08
0.000370743 0 0 0 8.78664e-08
0.000372371 0 0 0 8.90291e-08
0.000374007 0 0 0 9.02072e-08
0.000375649 0 0 0 9.14009e-08
0.000377299 0 0 0 9.26104e-08
0.000378956 0 0 0 9.38359e-08
0.00038062 0 0 0 9.50776e-08
0.000382292 0 0 0 9.63358e-08
0.000383971 0 0 0 9.76106e-08
0.000385657 0 0 0 9.89023e-08
0.00038735 0 0 0 1.00211e-07
0.000389052 0 0 0 1.01537e-07
0.00039076 0 0 0 1.02881e-07
0.000392476 0 0 0 1.04242e-07
0.0003942 0 0 0 1.05622e-07
0.000395931 0 0 0 1.07019e-07
0.00039767 0 0 0 1.08435e-07
0.000399416 0 0 0 1.0987e-07
0.00040117 0 0 0 1.11324e-07
0.000402932 0 0 0 1.12797e-07
0.000404702 0 0 0 1.1429e-07
0.000406479 0 0 0 1.15802e-07
0.000408264 0 0 0 1.17335e-07
0.000410057 0 0 0 1.18887e-07
0.000411858 0 0 0 1.20461e-07
0.000413667 0 0 0 1.22055e-07
0.000415483 0 0 0 1.2367e-07
0.000417308 0 0 0 1.25306e-07
0.000419141 0 0 0 1.26965e-07
0.000420981 0 0 0 1.28645e-07
0.00042283 0 0 0 1.30347e-07
0.000424687 0 0 0 1.32072e-07
0.000426552 0 0 0 1.3382e-07
0.000428425 0 0 0 1.3559e-07
0.000430307 0 0 0 1.37385e-07
0.000432197 0 0 0 1.39203e-07
0.000434095 0 0 0 1.41045e-07
0.000436001 0 0 0 1.42911e-07
0.000437916 0 0 0 1.44802e-07
0.000439839 0 0 0 1.46718e-07
0.000441771 0 0 0 1.4866e-07
0.000443711 0 0 0 1.50627e-07
0.000445659 0 0 0 1.5262e-07
0.000447616 0 0 0 1.5464e-07
0.000449582 0 0 0 1.56686e-07
0.000451557 0 0 0 1.5876e-07
0.00045354 0 0 0 1.6086e-07
0.000455532 0 0 0 1.62989e-07
0.000457532 0 0 0 1.65146e-07
0.000459541 0 0 0 1.67331e-07
0.00046156 0 0 0 1.69546e-07
0.000463587 0 0 0 1.71789e-07
0.000465622 0 0 0 1.74062e-07
0.000467667 0 0 0 1.76366e-07
0.000469721 0 0 0 1.787e-07
0.000471784 0 0 0 1.81064e-07
0.000473856 0 0 0 1.8346e-07
0.000475937 0 0 0 1.85888e-07
0.000478027 0 0 0 1.88348e-07
0.000480126 0 0 0 1.9084e-07
0.000482235 0 0 0 1.93365e-07
0.000484353 0 0 0 1.95924e-07
0.00048648 0 0 0 1.98517e-07
0.000488616 0 0 0 2.01144e-07
0.000490762 0 0 0 2.03806e-07
0.000492917 0 0 0 2.06503e-07
0.000495082 0 0 0 2.09235e-07
0.000497256 0 0 0 2.12004e-07
0.00049944 0 0 0 2.14809e-07
0.000501633 0 0 0 2.17652e-07
0.000503836 0 0 0 2.20532e-07
0.000506049 0 0 0 2.2345e-07
0.000508271 0 0 0 2.26407e-07
0.000510504 0 0 0 2.29403e-07
0.000512746 0 0 0 2.32439e-07
0.000514997 0 0 0 2.35515e-07
0.000517259 0 0 0 2.38631e-07
0.000519531 0 0 0 2.41789e-07
0.000521812 0 0 0 2.44989e-07
0.000524104 0 0 0 2.4823e-07
0.000526405 0 0 0 2.51515e-07
0.000528717 0 0 0 2.54844e-07
0.000531039 0 0 0 2.58216e-07
0.000533371 0 0 0 2.61633e-07
0.000535714 0 0 0 2.65095e-07
0.000538066 0 0 0 2.68603e-07
0.000540429 0 0 0 2.72157e-07
0.000542803 0 0 0 2.75759e-07
0.000545187 0 0 0 2.79408e-07
0.000547581 0 0 0 2.83105e-07
0.000549986 0 0 0 2.86851e-07
0.000552401 0 0 0 2.90647e-07
0.000554827 0 0 0 2.94493e-07
0.000557263 0 0 0 2.9839e-07
0.000559711 0 0 0 3.02339e-07
0.000562169 0 0 0 3.0634e-07
0.000564638 0 0 0 3.10394e-07
0.000567117 0 0 0 3.14501e-07
0.000569608 0 0 0 3.18663e-07
0.000572109 0 0 0 3.2288e-07
0.000574622 0 0 0 3.27152e-07
0.000577145 0 0 0 3.31481e-07
0.00057968 0 0 0 3.35868e-07
0.000582226 0 0 0 3.40312e-07
0.000584783 0 0 0 3.44816e-07
0.000587351 0 0 0 3.49378e-07
0.00058993 0 0 0 3.54002e-07
0.000592521 0 0 0 3.58686e-07
0.000595123 0 0 0 3.63433e-07
0.000597737 0 0 0 3.68242e-07
0.000600362 0 0 0 3.73115e-07
0.000602998 0 0 0 3.78052e-07
0.000605647 0 0 0 3.83055e-07
0.000608306 0 0 0 3.88124e-07
0.000610978 0 0 0 3.9326e-07
0.000613661 0 0 0 3.98464e-07
0.000616356 0 0 0 4.03737e-07
0.000619063 0 0 0 4.09079e-07
0.000621782 0 0 0 4.14492e-07
0.000624512 0 0 0 4.19977e-07
0.000627255 0 0 0 4.25535e-07
0.00063001 0 0 0 4.31166e-07
0.000632776 0 0 0 4.36871e-07
0.000635555 0 0 0 4.42653e-07
0.000638346 0 0 0 4.4851e-07
0.00064115 0 0 0 4.54445e-07
0.000643965 0 0 0 4.60459e-07
0.000646793 0 0 0 4.66552e-07
0.000649634 0 0 0 4.72726e-07
0.000652487 0 0 0 4.78981e-07
0.000655352 0 0 0 4.8532e-07
0.000658231 0 0 0 4.91742e-07
0.000661121 0 0 0 4.98249e-07
0.000664025 0 0 0 5.04842e-07
0.000666941 0 0 0 5.11523e-07
0.00066987 0 0 0 5.18292e-07
0.000672812 0 0 0 5.2515e-07
0.000675766 0 0 0 5.32099e-07
0.000678734 0 0 0 5.39141e-07
0.000681715 0 0 0 5.46275e-07
0.000684709 0 0 0 5.53504e-07
0.000687716 0 0 0 5.60828e-07
0.000690736 0 0 0 5.6825e-07
0.000693769 0 0 0 5.75769e-07
0.000696816 0 0 0 5.83388e-07
0.000699876 0 0 0 5.91108e-07
0.00070295 0 0 0 5.9893e-07
0.000706037 0 0 0 6.06856e-07
0.000709138 0 0 0 6.14886e-07
0.000712252 0 0 0 6.23023e-07
0.00071538 0 0 0 6.31267e-07
0.000718522 0 0 0 6.39621e-07
0.000721677 0 0 0 6.48085e-07
0.000724846 0 0 0 6.56661e-07
0.00072803 0 0 0 6.6535e-07
0.000731227 0 0 0 6.74155e-07
0.000734438 0 0 0 6.83076e-07
0.000737664 0 0 0 6.92115e-07
0.000740903 0 0 0 7.01274e-07
0.000744157 0 0 0 7.10553e-07
0.000747425 0 0 0 7.19956e-07
0.000750707 0 0 0 7.29483e-07
0.000754004 0 0 0 7.39136e-07
0.000757316 0 0 0 7.48917e-07
0.000760641 0 0 0 7.58827e-07
0.000763982 0 0 0 7.68869e-07
0.000767337 0 0 0 7.79043e-07
0.000770707 0 0 0 7.89352e-07
0.000774092 0 0 0 7.99798e-07
0.000777491 0 0 0 8.10381e-07
0.000780906 0 0 0 8.21105e-07
0.000784335 0 0 0 8.31971e-07
0.00078778 0 0 0 8.4298e-07
0.000791239 0 0 0 8.54135e-07
0.000794714 0 0 0 8.65438e-07
0.000798204 0 0 0 8.7689e-07
0.00080171 0 0 0 8.88494e-07
0.00080523 0 0 0 9.00251e-07
0.000808767 0 0 0 9.12164e-07
0.000812318 0 0 0 9.24234e-07
0.000815886 0 0 0 9.36465e-07
0.000819469 0 0 0 9.48857e-07
0.000823068 0 0 0 9.61413e-07
0.000826682 0 0 0 9.74135e-07
0.000830313 0 0 0 9.87026e-07
0.000833959 0 0 0 1.00009e-06
0.000837622 0 0 0 1.01332e-06
0.0008413 0 0 0 1.02673e-06
0.000844995 0 0 0 1.04032e-06
0.000848706 0 0 0 1.05408e-06
0.000852433 0 0 0 1.06803e-06
0.000856177 0 0 0 1.08216e-06
0.000859937 0 0 0 1.09648e-06
0.000863713 0 0 0 1.11099e-06
0.000867506 0 0 0 1.1257e-06
0.000871316 0 0 0 1.14059e-06
0.000875143 0 0 0 1.15569e-06
0.000878986 0 0 0 1.17098e-06
0.000882846 0 0 0 1.18647e-06
0.000886723 0 0 0 1.20217e-06
0.000890617 0 0 0 1.21808e-06
0.000894529 0 0 0 1.2342e-06
0.000898457 0 0 0 1.25053e-06
0.000902403 0 0 0 1.26708e-06
0.000906366 0 0 0 1.28385e-06
0.000910346 0 0 0 1.30084e-06
0.000914344 0 0 0 1.31805e-06
0.00091836 0 0 0 1.33549e-06
0.000922393 0 0 0 1.35317e-06
0.000926444 0 0 0 1.37107e-06
0.000930512 0 0 0 1.38922e-06
0.000934599 0 0 0 1.4076e-06
0.000938703 0 0 0 1.42622e-06
0.000942826 0 0 0 1.4451e-06
0.000946966 0 0 0 1.46422e-06
0.000951125 0 0 0 1.4836e-06
0.000955302 0 0 0 1.50323e-06
0.000959497 0 0 0 1.52312e-06
0.000963711 0 0 0 1.54328e-06
0.000967943 0 0 0 1.5637e-06
0.000972194 0 0 0 1.58439e-06
0.000976464 0 0 0 1.60536e-06
0.000980752 0 0 0 1.6266e-06
0.000985059 0 0 0 1.64812e-06
0.000989385 0 0 0 1.66993e-06
0.00099373 0 0 0 1.69203e-06
0.000998094 0 0 0 1.71442e-06
0.00100248 0 0 0 1.73711e-06
0.00100688 0 0 0 1.7601e-06
0.0010113 0 0 0 1.78339e-06
0.00101574 0 0 0 1.80699e-06
0.0010202 0 0 0 1.8309e-06
0.00102468 0 0 0 1.85513e-06
0.00102918 0 0 0 1.87967e-06
0.0010337 0 0 0 1.90455e-06
0.00103824 0 0 0 1.92975e-06
0.0010428 0 0 0 1.95529e-06
0.00104738 0 0 0 1.98116e-06
0.00105198 0 0 0 2.00738e-06
0.0010566 0 0 0 2.03394e-06
0.00106124 0 0 0 2.06086e-06
0.0010659 0 0 0 2.08813e-06
0.00107058 0 0 0 2.11576e-06
0.00107529 0 0 0 2.14376e-06
0.00108001 0 0 0 2.17212e-06
0.00108475 0 0 0 2.20087e-06
0.00108952 0 0 0 2.22999e-06
0.0010943 0 0 0 2.2595e-06
0.00109911 0 0 0 2.2894e-06
0.00110393 0 0 0 2.3197e-06
0.00110878 0 0 0 2.35039e-06
0.00111365 0 0 0 2.38149e-06
0.00111854 0 0 0 2.41301e-06
0.00112345 0 0 0 2.44494e-06
0.00112839 0 0 0 2.47729e-06
0.00113334 0 0 0 2.51007e-06
0.00113832 0 0 0 2.54329e-06
0.00114332 0 0 0 2.57695e-06
0.00114834 0 0 0 2.61105e-06
0.00115338 0 0 0 2.6456e-06
0.00115845 0 0 0 2.68061e-06
0.00116354 0 0 0 2.71608e-06
0.00116865 0 0 0 2.75202e-06
0.00117378 0 0 0 2.78844e-06
0.00117893 0 0 0 2.82534e-06
0.00118411 0 0 0 2.86272e-06
0.00118931 0 0 0 2.9006e-06
0.00119453 0 0 0 2.93899e-06
0.00119978 0 0 0 2.97788e-06
0.00120505 0 0 0 3.01729e-06
0.00121034 0 0 0 3.05721e-06
0.00121566 0 0 0 3.09767e-06
0.00122099 0 0 0 3.13866e-06
0.00122636 0 0 0 3.18019e-06
0.00123174 0 0 0 3.22228e-06
0.00123715 0 0 0 3.26492e-06
0.00124258 0 0 0 3.30812e-06
0.00124804 0 0 0 3.3519e-06
0.00125352 0 0 0 3.39625e-06
0.00125903 0 0 0 3.44119e-06
0.00126456 0 0 0 3.48673e-06
0.00127011 0 0 0 3.53287e-06
0.00127569 0 0 0 3.57962e-06
0.00128129 0 0 0 3.62699e-06
0.00128692 0 0 0 3.67498e-06
0.00129257 0 0 0 3.72361e-06
0.00129825 0 0 0 3.77289e-06
0.00130395 0 0 0 3.82281e-06
0.00130967 0 0 0 3.8734e-06
0.00131543 0 0 0 3.92466e-06
0.0013212 0 0 0 3.97659e-06
0.001327 0 0 0 4.02921e-06
0.00133283 0 0 0 4.08253e-06
0.00133869 0 0 0 4.13656e-06
0.00134456 0 0 0 4.19129e-06
0.00135047 0 0 0 4.24676e-06
0.0013564 0 0 0 4.30295e-06
0.00136236 0 0 0 4.35989e-06
0.00136834 0 0 0 4.41759e-06
0.00137435 0 0 0 4.47605e-06
0.00138038 0 0 0 4.53528e-06
0.00138645 0 0 0 4.59529e-06
0.00139254 0 0 0 4.6561e-06
0.00139865 0 0 0 4.71771e-06
0.00140479 0 0 0 4.78014e-06
0.00141096 0 0 0 4.8434e-06
0.00141716 0 0 0 4.90749e-06
0.00142338 0 0 0 4.97243e-06
0.00142963 0 0 0 5.03823e-06
0.00143591 0 0 0 5.1049e-06
0.00144222 0 0 0 5.17245e-06
0.00144855 0 0 0 5.2409e-06
0.00145491 0 0 0 5.31025e-06
0.0014613 0 0 0 5.38052e-06
0.00146772 0 0 0 5.45172e-06
0.00147417 0 0 0 5.52386e-06
0.00148064 0 0 0 5.59696e-06
0.00148714 0 0 0 5.67102e-06
0.00149367 0 0 0 5.74607e-06
0.00150023 0 0 0 5.8221e-06
0.00150682 0 0 0 5.89915e-06
0.00151344 0 0 0 5.97721e-06
0.00152009 0 0 0 6.0563e-06
0.00152676 0 0 0 6.13645e-06
0.00153347 0 0 0 6.21765e-06
0.0015402 0 0 0 6.29993e-06
0.00154697 0 0 0 6.38329e-06
0.00155376 0 0 0 6.46776e-06
0.00156058 0 0 0 6.55335e-06
0.00156744 0 0 0 6.64007e-06
0.00157432 0 0 0 6.72794e-06
0.00158123 0 0 0 6.81697e-06
0.00158818 0 0 0 6.90717e-06
0.00159515 0 0 0 6.99858e-06
0.00160216 0 0 0 7.09119e-06
0.00160919 0 0 0 7.18502e-06
0.00161626 0 0 0 7.2801e-06
0.00162336 0 0 0 7.37644e-06
0.00163049 0 0 0 7.47405e-06
0.00163765 0 0 0 7.57295e-06
0.00164484 0 0 0 7.67317e-06
0.00165206 0 0 0 7.7747e-06
0.00165932 0 0 0 7.87759e-06
0.00166661 0 0 0 7.98183e-06
0.00167393 0 0 0 8.08745e-06
0.00168128 0 0 0 8.19447e-06
0.00168866 0 0 0 8.30291e-06
0.00169608 0 0 0 8.41278e-06
0.00170353 0 0 0 8.5241e-06
0.00171101 0 0 0 8.6369e-06
0.00171852 0 0 0 8.75119e-06
0.00172607 0 0 0 8.867e-06
0.00173365 0 0 0 8.98433e-06
0.00174126 0 0 0 9.10322e-06
0.00174891 0 0 0 9.22368e-06
0.00175659 0 0 0 9.34574e-06
0.0017643 0 0 0 9.46941e-06
0.00177205 0 0 0 9.59472e-06
0.00177983 0 0 0 9.72168e-06
0.00178765 0 0 0 9.85033e-06
0.0017955 0 0 0 9.98068e-06
0.00180339 0 0 0 1.01127e-05
0.00181131 0 0 0 1.02466e-05
0.00181926 0 0 0 1.03822e-05
0.00182725 0 0 0 1.05195e-05
0.00183527 0 0 0 1.06588e-05
0.00184333 0 0 0 1.07998e-05
0.00185143 0 0 0 1.09427e-05
0.00185956 0 0 0 1.10875e-05
0.00186773 0 0 0 1.12342e-05
0.00187593 0 0 0 1.13829e-05
0.00188417 0 0 0 1.15335e-05
0.00189244 0 0 0 1.16861e-05
0.00190075 0 0 0 1.18408e-05
0.0019091 0 0 0 1.19975e-05
0.00191748 0 0 0 1.21562e-05
0.00192591 0 0 0 1.23171e-05
0.00193436 0 0 0 1.24801e-05
0.00194286 0 0 0 1.26452e-05
0.00195139 0 0 0 1.28126e-05
0.00195996 0 0 0 1.29821e-05
0.00196857 0 0 0 1.31539e-05
0.00197721 0 0 0 1.3328e-05
0.0019859 0 0 0 1.35043e-05
0.00199462 0 0 0 1.3683e-05
0.00200338 0 0 0 1.38641e-05
0.00201218 0 0 0 1.40476e-05
0.00202101 0 0 0 1.42335e-05
0.00202989 0 0 0 1.44218e-05
0.0020388 0 0 0 1.46126e-05
0.00204776 0 0 0 1.4806e-05
0.00205675 0 0 0 1.50019e-05
0.00206578 0 0 0 1.52005e-05
0.00207485 0 0 0 1.54016e-05
0.00208397 0 0 0 1.56054e-05
0.00209312 0 0 0 1.58119e-05
0.00210231 0 0 0 1.60211e-05
0.00211154 0 0 0 1.62332e-05
0.00212082 0 0 0 1.6448e-05
0.00213013 0 0 0 1.66656e-05
0.00213948 0 0 0 1.68862e-05
0.00214888 0 0 0 1.71096e-05
0.00215832 0 0 0 1.7336e-05
0.0021678 0 0 0 1.75654e-05
0.00217732 0 0 0 1.77979e-05
0.00218688 0 0 0 1.80334e-05
0.00219648 0 0 0 1.8272e-05
0.00220613 0 0 0 1.85138e-05
0.00221582 0 0 0 1.87588e-05
0.00222555 0 0 0 1.9007e-05
0.00223532 0 0 0 1.92585e-05
0.00224514 0 0 0 1.95134e-05
0.002255 0 0 0 1.97716e-05
0.0022649 0 0 0 2.00332e-05
0.00227485 0 0 0 2.02983e-05
0.00228484 0 0 0 2.05669e-05
0.00229487 0 0 0 2.08391e-05
0.00230495 0 0 0 2.11149e-05
0.00231507 0 0 0 2.13943e-05
0.00232524 0 0 0 2.16774e-05
0.00233545 0 0 0 2.19642e-05
0.00234571 0 0 0 2.22549e-05
0.00235601 0 0 0 2.25494e-05
0.00236636 0 0 0 2.28478e-05
0.00237675 0 0 0 2.31501e-05
0.00238719 0 0 0 2.34565e-05
0.00239767 0 0 0 2.37669e-05
0.0024082 0 0 0 2.40814e-05
0.00241878 0 0 0 2.44e-05
0.0024294 0 0 0 2.47229e-05
0.00244007 0 0 0 2.50501e-05
0.00245078 0 0 0 2.53815e-05
0.00246155 0 0 0 2.57174e-05
0.00247236 0 0 0 2.60577e-05
0.00248321 0 0 0 2.64026e-05
0.00249412 0 0 0 2.67519e-05
0.00250507 0 0 0 2.71059e-05
0.00251607 0 0 0 2.74646e-05
0.00252712 0 0 0 2.78281e-05
0.00253822 0 0 0 2.81963e-05
0.00254937 0 0 0 2.85694e-05
0.00256057 0 0 0 2.89475e-05
0.00257181 0 0 0 2.93305e-05
0.00258311 0 0 0 2.97187e-05
0.00259445 0 0 0 3.01119e-05
0.00260584 0 0 0 3.05104e-05
0.00261729 0 0 0 3.09141e-05
0.00262878 0 0 0 3.13232e-05
0.00264033 0 0 0 3.17377e-05
0.00265192 0 0 0 3.21577e-05
0.00266357 0 0 0 3.25832e-05
0.00267526 0 0 0 3.30144e-05
0.00268701 0 0 0 3.34513e-05
0.00269881 0 0 0 3.38939e-05
0.00271067 0 0 0 3.43425e-05
0.00272257 0 0 0 3.47969e-05
0.00273453 0 0 0 3.52574e-05
0.00274654 0 0 0 3.57239e-05
0.0027586 0 0 0 3.61967e-05
0.00277071 0 0 0 3.66756e-05
0.00278288 0 0 0 3.7161e-05
0.0027951 0 0 0 3.76527e-05
0.00280738 0 0 0 3.8151e-05
0.00281971 0 0 0 3.86558e-05
0.00283209 0 0 0 3.91673e-05
0.00284453 0 0 0 3.96856e-05
0.00285702 0 0 0 4.02108e-05
0.00286957 0.114467 2.23026e-06 6 4.07429e-05
0.00288217 0 0 0 4.1282e-05
0.00289483 0 0 0 4.18283e-05
0.00290754 0 0 0 4.23818e-05
0.00292031 0 0 0 4.29427e-05
0.00293313 0 0 0 4.35109e-05
0.00294601 0 0 0 4.40867e-05
0.00295895 0 0 0 4.46701e-05
0.00297195 0 0 0 4.52612e-05
0.002985 0 0 0 4.58601e-05
0.00299811 0 0 0 4.6467e-05
0.00301127 0 0 0 4.70819e-05
0.0030245 0 0 0 4.77049e-05
0.00303778 0 0 0 4.83362e-05
0.00305112 0 0 0 4.89758e-05
0.00306452 0 0 0 4.96239e-05
0.00307798 0 0 0 5.02806e-05
0.0030915 0 0 0 5.09459e-05
0.00310507 0 0 0 5.16201e-05
0.00311871 0 0 0 5.23032e-05
0.00313241 0 0 0 5.29953e-05
0.00314616 0 0 0 5.36966e-05
0.00315998 0 0 0 5.44071e-05
0.00317386 0 0 0 5.51271e-05
0.0031878 0 0 0 5.58566e-05
0.00320179 0 0 0 5.65957e-05
0.00321586 0 0 0 5.73446e-05
0.00322998 0 0 0 5.81035e-05
0.00324416 0 0 0 5.88724e-05
0.00325841 0 0 0 5.96514e-05
0.00327272 0 0 0 6.04408e-05
0.00328709 0 0 0 6.12406e-05
0.00330153 0 0 0 6.2051e-05
0.00331603 0 0 0 6.28721e-05
0.00333059 0 0 0 6.3704e-05
0.00334522 0 0 0 6.4547e-05
0.00335991 0 0 0 6.54012e-05
0.00337466 0 0 0 6.62666e-05
0.00338948 0 0 0 6.71435e-05
0.00340437 0 0 0 6.8032e-05
0.00341932 0 0 0 6.89323e-05
0.00343434 0 0 0 6.98445e-05
0.00344942 0 0 0 7.07687e-05
0.00346457 0 0 0 7.17052e-05
0.00347978 0 0 0 7.2654e-05
0.00349507 0 0 0 7.36155e-05
0.00351041 0 0 0 7.45896e-05
0.00352583 0 0 0 7.55766e-05
0.00354132 0 0 0 7.65767e-05
0.00355687 0 0 0 7.75901e-05
0.00357249 0 0 0 7.86168e-05
0.00358818 0 0 0 7.96571e-05
0.00360393 0 0 0 8.07112e-05
0.00361976 0 0 0 8.17793e-05
0.00363566 0 0 0 8.28614e-05
0.00365163 0 0 0 8.39579e-05
0.00366766 0 0 0 8.50689e-05
0.00368377 0 0 0 8.61946e-05
0.00369995 0 0 0 8.73352e-05
0.0037162 0 0 0 8.84909e-05
0.00373252 0 0 0 8.96619e-05
0.00374891 0 0 0 9.08484e-05
0.00376537 0 0 0 9.20506e-05
0.00378191 0 0 0 9.32687e-05
0.00379852 0 0 0 9.45029e-05
0.0038152 0 0 0 9.57534e-05
0.00383195 0 0 0 9.70205e-05
0.00384878 0 0 0 9.83044e-05
0.00386568 0 0 0 9.96052e-05
0.00388266 0 0 0 0.000100923
0.00389971 0 0 0 0.000102259
0.00391684 0 0 0 0.000103612
0.00393404 0 0 0 0.000104983
0.00395132 0 0 0 0.000106372
0.00396867 0 0 0 0.00010778
0.0039861 0 0 0 0.000109206
0.0040036 0 0 0 0.000110651
0.00402119 0 0 0 0.000112115
0.00403885 0 0 0 0.000113599
0.00405658 1.8997 1.31017e-05 12 0.000115102
0.0040744 0 0 0 0.000116625
0.00409229 0 0 0 0.000118169
0.00411026 0 0 0 0.000119732
0.00412831 0 0 0 0.000121317
0.00414644 0 0 0 0.000122922
0.00416465 0 0 0 0.000124549
0.00418294 0 0 0 0.000126197
0.00420131 0 0 0 0.000127867
0.00421976 0 0 0 0.000129559
0.0042383 0 0 0 0.000131273
0.00425691 0 0 0 0.000133011
0.0042756 0 0 0 0.000134771
0.00429438 0 0 0 0.000136554
0.00431324 0 0 0 0.000138361
0.00433218 0 0 0 0.000140192
0.00435121 0 0 0 0.000142047
0.00437032 0 0 0 0.000143927
0.00438951 0 0 0 0.000145831
0.00440879 0 0 0 0.000147761
0.00442815 0 0 0 0.000149716
0.0044476 0 0 0 0.000151698
0.00446713 0 0 0 0.000153705
0.00448675 0 0 0 0.000155739
0.00450645 0 0 0 0.0001578
0.00452624 0 0 0 0.000159888
0.00454612 0 0 0 0.000162004
0.00456608 0 0 0 0.000164148
0.00458614 0 0 0 0.00016632
0.00460628 0 0 0 0.000168521
0.00462651 0 0 0 0.000170751
0.00464682 0 0 0 0.00017301
0.00466723 0 0 0 0.0001753
0.00468773 0 0 0 0.000177619
0.00470831 0 0 0 0.00017997
0.00472899 0 0 0 0.000182351
0.00474976 0 0 0 0.000184764
0.00477062 0 0 0 0.000187209
0.00479157 0 0 0 0.000189687
0.00481261 0 0 0 0.000192197
0.00483375 0 0 0 0.00019474
0.00485498 0 0 0 0.000197317
0.0048763 0 0 0 0.000199928
0.00489771 0 0 0 0.000202574
0.00491922 0 0 0 0.000205254
0.00494082 0 0 0 0.00020797
0.00496252 0 0 0 0.000210722
0.00498432 1.46512 5.44732e-06 8 0.000213511
0.00500621 0 0 0 0.000216336
0.00502819 0 0 0 0.000219199
0.00505027 0 0 0 0.0002221
0.00507245 0 0 0 0.000225039
0.00509473 0 0 0 0.000228016
0.0051171 0 0 0 0.000231034
0.00513958 0 0 0 0.000234091
0.00516215 0 0 0 0.000237189
0.00518482 0 0 0 0.000240327
0.00520759 0 0 0 0.000243508
0.00523046 0 0 0 0.00024673
0.00525343 0 0 0 0.000249995
0.0052765 0 0 0 0.000253303
0.00529967 0 0 0 0.000256655
0.00532294 0 0 0 0.000260051
0.00534632 0 0 0 0.000263492
0.0053698 0 0 0 0.000266979
0.00539338 0 0 0 0.000270512
0.00541707 0 0 0 0.000274092
0.00544086 0 0 0 0.000277719
0.00546475 0 0 0 0.000281394
0.00548875 0 0 0 0.000285117
0.00551286 0 0 0 0.00028889
0.00553707 0 0 0 0.000292713
0.00556138 0 0 0 0.000296587
0.00558581 0 0 0 0.000300511
0.00561034 0 0 0 0.000304488
0.00563498 0 0 0 0.000308517
0.00565972 0 0 0 0.0003126
0.00568458 0 0 0 0.000316736
0.00570954 0 0 0 0.000320928
0.00573462 0.995108 2.42931e-06 6 0.000325175
0.0057598 0 0 0 0.000329478
0.0057851 0 0 0 0.000333837
0.0058105 0 0 0 0.000338255
0.00583602 0 0 0 0.000342731
0.00586165 0 0 0 0.000347266
0.00588739 0 0 0 0.000351862
0.00591325 0 0 0 0.000356518
0.00593922 0 0 0 0.000361236
0.0059653 0 0 0 0.000366016
0.0059915 0 0 0 0.000370859
0.00601781 0 0 0 0.000375767
0.00604424 0 0 0 0.000380739
0.00607078 0 0 0 0.000385778
0.00609744 0 0 0 0.000390883
0.00612422 0 0 0 0.000396055
0.00615112 0 0 0 0.000401296
0.00617813 0 0 0 0.000406606
0.00620526 0 0 0 0.000411987
0.00623251 0 0 0 0.000417439
0.00625988 0 0 0 0.000422963
0.00628737 0 0 0 0.00042856
0.00631499 0 0 0 0.000434231
0.00634272 0 0 0 0.000439977
0.00637057 0 0 0 0.000445799
0.00639855 0 0 0 0.000451698
0.00642665 2.34945 4.07509e-06 24 0.000457675
0.00645488 0 0 0 0.000463732
0.00648322 0 0 0 0.000469868
0.0065117 0 0 0 0.000476086
0.00654029 0 0 0 0.000482386
0.00656901 0 0 0 0.000488769
0.00659786 0 0 0 0.000495237
0.00662684 0 0 0 0.00050179
0.00665594 0 0 0 0.000508431
0.00668517 0 0 0 0.000515159
0.00671453 0 0 0 0.000521976
0.00674402 0 0 0 0.000528883
0.00677364 0 0 0 0.000535881
0.00680338 0 0 0 0.000542973
0.00683326 0 0 0 0.000550158
0.00686327 0 0 0 0.000557438
0.00689341 0 0 0 0.000564815
0.00692369 0 0 0 0.000572289
0.00695409 0 0 0 0.000579862
0.00698463 0 0 0 0.000587535
0.00701531 0 0 0 0.00059531
0.00704611 1.76744 2.32606e-06 24 0.000603187
0.00707706 0 0 0 0.000611169
0.00710814 0 0 0 0.000619257
0.00713935 0 0 0 0.000627451
0.00717071 0 0 0 0.000635754
0.0072022 0 0 0 0.000644167
0.00723383 0 0 0 0.000652691
0.0072656 0 0 0 0.000661328
0.00729751 0 0 0 0.00067008
0.00732955 0 0 0 0.000678947
0.00736174 0 0 0 0.000687931
0.00739407 0 0 0 0.000697034
0.00742654 0 0 0 0.000706258
0.00745916 0 0 0 0.000715604
0.00749192 0 0 0 0.000725073
0.00752482 0 0 0 0.000734668
0.00755786 0 0 0 0.00074439
0.00759106 0 0 0 0.00075424
0.00762439 0 0 0 0.000764221
0.00765788 0 0 0 0.000774334
0.00769151 0 0 0 0.000784581
0.00772529 0 0 0 0.000794963
0.00775921 0 0 0 0.000805483
0.00779329 0 0 0 0.000816141
0.00782751 0 0 0 0.000826941
0.00786189 0 0 0 0.000837884
0.00789642 0 0 0 0.000848972
0.00793109 0 0 0 0.000860206
0.00796592 0 0 0 0.000871589
0.00800091 0 0 0 0.000883123
0.00803605 0 0 0 0.000894809
0.00807134 0 0 0 0.00090665
0.00810678 2.29057 1.97935e-06 12 0.000918647
0.00814239 0 0 0 0.000930804
0.00817814 0 0 0 0.000943121
0.00821406 0 0 0 0.000955601
0.00825013 0 0 0 0.000968246
0.00828636 0 0 0 0.000981059
0.00832275 0 0 0 0.000994041
0.00835931 0 0 0 0.0010072
0.00839602 0 0 0 0.00102052
0.00843289 0 0 0 0.00103403
0.00846992 0 0 0 0.00104771
0.00850712 0 0 0 0.00106158
0.00854448 0 0 0 0.00107562
0.008582 0 0 0 0.00108986
0.00861969 2.49994 1.79713e-06 30 0.00110428
0.00865755 0 0 0 0.00111889
0.00869557 0 0 0 0.0011337
0.00873376 0 0 0 0.0011487
0.00877211 0 0 0 0.0011639
0.00881064 0 0 0 0.0011793
0.00884933 0 0 0 0.00119491
0.00888819 0 0 0 0.00121072
0.00892723 0 0 0 0.00122674
0.00896643 0 0 0 0.00124297
0.00900581 0 0 0 0.00125942
0.00904536 0 0 0 0.00127609
0.00908508 2.33052 1.43084e-06 24 0.00129297
0.00912498 0 0 0 0.00131008
0.00916506 0 0 0 0.00132742
0.0092053 0 0 0 0.00134499
0.00924573 0 0 0 0.00136278
0.00928634 0 0 0 0.00138082
0.00932712 0 0 0 0.00139909
0.00936808 0 0 0 0.0014176
0.00940922 0 0 0 0.00143636
0.00945054 0 0 0 0.00145537
0.00949205 0 0 0 0.00147463
0.00953373 2.57237 1.36669e-06 24 0.00149414
0.0095756 0 0 0 0.00151391
0.00961765 0 0 0 0.00153395
0.00965989 0 0 0 0.00155425
0.00970231 0 0 0 0.00157481
0.00974492 0 0 0 0.00159565
0.00978772 0 0 0 0.00161677
0.0098307 0 0 0 0.00163816
0.00987387 0 0 0 0.00165984
0.00991724 0 0 0 0.0016818
0.00996079 3.68881 1.71842e-06 8 0.00170406
0.0100045 0 0 0 0.00172661
0.0100485 0 0 0 0.00174946
0.0100926 0 0 0 0.00177261
0.0101369 0 0 0 0.00179606
0.0101814 0 0 0 0.00181983
0.0102262 0 0 0 0.00184391
0.0102711 0 0 0 0.00186831
0.0103162 0 0 0 0.00189304
0.0103615 3.20547 1.32664e-06 24 0.00191809
0.010407 0 0 0 0.00194347
0.0104527 0 0 0 0.00196918
0.0104986 0 0 0 0.00199524
0.0105447 0 0 0 0.00202165
0.010591 0 0 0 0.0020484
0.0106375 0 0 0 0.0020755
0.0106842 0 0 0 0.00210297
0.0107312 4.61248 1.71839e-06 48 0.0021308
0.0107783 0 0 0 0.00215899
0.0108256 0 0 0 0.00218756
0.0108732 0 0 0 0.00221651
0.0109209 0 0 0 0.00224584
0.0109689 0 0 0 0.00227556
0.011017 0 0 0 0.00230567
0.0110654 0 0 0 0.00233618
0.011114 0 0 0 0.0023671
0.0111628 0 0 0 0.00239842
0.0112118 0 0 0 0.00243016
0.0112611 0 0 0 0.00246232
0.0113105 0 0 0 0.0024949
0.0113602 0 0 0 0.00252792
0.0114101 0 0 0 0.00256137
0.0114602 0 0 0 0.00259526
0.0115105 4.22255 1.27472e-06 6 0.0026296
0.0115611 0 0 0 0.0026644
0.0116119 0 0 0 0.00269966
0.0116629 0 0 0 0.00273538
0.0117141 0 0 0 0.00277158
0.0117655 0 0 0 0.00280826
0.0118172 4.25381 1.18675e-06 48 0.00284542
0.0118691 0 0 0 0.00288307
0.0119212 0 0 0 0.00292122
0.0119736 0 0 0 0.00295988
0.0120262 0 0 0 0.00299905
0.012079 0 0 0 0.00303873
0.012132 0 0 0 0.00307894
0.0121853 4.79219 1.21942e-06 36 0.00311969
0.0122388 0 0 0 0.00316097
0.0122926 0 0 0 0.0032028
0.0123465 0 0 0 0.00324518
0.0124008 0 0 0 0.00328812
0.0124552 0 0 0 0.00333163
0.0125099 4.13996 9.73551e-07 24 0.00337572
0.0125649 0 0 0 0.00342039
0.01262 0 0 0 0.00346565
0.0126755 0 0 0 0.00351151
0.0127311 0 0 0 0.00355798
0.012787 0 0 0 0.00360506
0.0128432 4.72517 1.02689e-06 24 0.00365277
0.0128996 0 0 0 0.00370111
0.0129562 0 0 0 0.00375008
0.0130131 0 0 0 0.00379971
0.0130703 0 0 0 0.00384999
0.0131277 0 0 0 0.00390093
0.0131853 4.36232 8.7613e-07 48 0.00395255
0.0132433 0 0 0 0.00400486
0.0133014 0 0 0 0.00405785
0.0133598 0 0 0 0.00411155
0.0134185 0 0 0 0.00416596
0.0134774 5.2952 9.95835e-07 24 0.00422109
0.0135366 0 0 0 0.00427694
0.0135961 0 0 0 0.00433354
0.0136558 0 0 0 0.00439088
0.0137157 0 0 0 0.00444899
0.013776 0 0 0 0.00450786
0.0138365 0 0 0 0.00456751
0.0138972 0 0 0 0.00462795
0.0139583 0 0 0 0.0046892
0.0140196 0 0 0 0.00475125
0.0140811 6.92901 1.14257e-06 24 0.00481412
0.014143 0 0 0 0.00487782
0.0142051 0 0 0 0.00494237
0.0142675 0 0 0 0.00500777
0.0143301 0 0 0 0.00507404
0.0143931 8.42663 1.30113e-06 30 0.00514118
0.0144563 0 0 0 0.00520922
0.0145198 0 0 0 0.00527815
0.0145835 0 0 0 0.005348
0.0146476 5.83536 8.54862e-07 72 0.00541876
0.0147119 0 0 0 0.00549047
0.0147765 0 0 0 0.00556312
0.0148414 0 0 0 0.00563674
0.0149066 6.09603 8.47302e-07 32 0.00571133
0.014972 0 0 0 0.00578691
0.0150378 0 0 0 0.00586349
0.0151038 0 0 0 0.00594108
0.0151702 0 0 0 0.00601969
0.0152368 0 0 0 0.00609935
0.0153037 0 0 0 0.00618006
0.0153709 0 0 0 0.00626184
0.0154384 8.82907 1.10467e-06 72 0.00634471
0.0155062 0 0 0 0.00642866
0.0155743 0 0 0 0.00651373
0.0156427 0 0 0 0.00659993
0.0157114 6.72934 7.98827e-07 48 0.00668727
0.0157804 0 0 0 0.00677576
0.0158497 0 0 0 0.00686542
0.0159193 0 0 0 0.00695627
0.0159892 0 0 0 0.00704832
0.0160594 0 0 0 0.00714159
0.01613 0 0 0 0.00723609
0.0162008 0 0 0 0.00733185
0.016272 4.77795 5.10561e-07 12 0.00742887
0.0163434 0 0 0 0.00752718
0.0164152 0 0 0 0.00762678
0.0164873 5.78062 5.93816e-07 48 0.00772771
0.0165597 0 0 0 0.00782997
0.0166324 0 0 0 0.00793358
0.0167055 0 0 0 0.00803856
0.0167788 9.07811 8.84782e-07 48 0.00814494
0.0168525 0 0 0 0.00825272
0.0169265 0 0 0 0.00836192
0.0170009 7.91459 7.41552e-07 48 0.00847258
0.0170755 0 0 0 0.00858469
0.0171505 0 0 0 0.00869829
0.0172258 5.9124 5.32537e-07 30 0.0088134
0.0173015 0 0 0 0.00893002
0.0173775 0 0 0 0.00904819
0.0174538 8.84594 7.65952e-07 24 0.00916793
0.0175304 0 0 0 0.00928924
0.0176074 0 0 0 0.00941217
0.0176847 9.2354 7.6875e-07 72 0.00953672
0.0177624 0 0 0 0.00966291
0.0178404 0 0 0 0.00979078
0.0179188 0 0 0 0.00992034
0.0179974 0 0 0 0.0100516
0.0180765 0 0 0 0.0101846
0.0181559 7.01947 5.39981e-07 24 0.0103194
0.0182356 0 0 0 0.010456
0.0183157 0 0 0 0.0105943
0.0183961 8.73182 6.4573e-07 96 0.0107345
0.0184769 0 0 0 0.0108766
0.0185581 0 0 0 0.0110205
0.0186396 13.3104 9.46257e-07 48 0.0111663
0.0187214 0 0 0 0.0113141
0.0188036 11.0218 7.63228e-07 24 0.0114638
0.0188862 0 0 0 0.0116155
0.0189692 0 0 0 0.0117692
0.0190525 4.95384 3.29773e-07 24 0.0119249
0.0191361 0 0 0 0.0120827
0.0192202 0 0 0 0.0122426
0.0193046 9.45456 6.05043e-07 72 0.0124046
0.0193894 0 0 0 0.0125688
0.0194745 7.34168 4.57637e-07 48 0.0127351
0.01956 0 0 0 0.0129036
0.0196459 0 0 0 0.0130744
0.0197322 0 0 0 0.0132474
0.0198189 0 0 0 0.0134227
0.0199059 5.36139 3.12937e-07 8 0.0136003
0.0199933 0 0 0 0.0137803
0.0200811 12.8201 7.28872e-07 54 0.0139626
0.0201693 0 0 0 0.0141474
0.0202579 0 0 0 0.0143346
0.0203469 9.4164 5.14657e-07 84 0.0145243
0.0204362 0 0 0 0.0147165
0.020526 11.3255 6.02939e-07 48 0.0149113
0.0206161 0 0 0 0.0151086
0.0207066 10.6424 5.51868e-07 24 0.0153085
0.0207976 0 0 0 0.0155111
0.0208889 9.13769 4.61545e-07 72 0.0157163
0.0209807 0 0 0 0.0159243
0.0210728 11.6212 5.71756e-07 96 0.016135
0.0211653 0 0 0 0.0163485
0.0212583 0 0 0 0.0165649
0.0213517 0 0 0 0.0167841
0.0214454 0 0 0 0.0170062
0.0215396 8.79155 4.05021e-07 48 0.0172312
0.0216342 0 0 0 0.0174592
0.0217292 14.2035 6.37369e-07 48 0.0176903
0.0218246 0 0 0 0.0179244
0.0219205 6.9086 3.01971e-07 24 0.0181616
0.0220167 12.0884 5.21476e-07 72 0.0184019
0.0221134 0 0 0 0.0186454
0.0222105 0 0 0 0.0188921
0.0223081 0 0 0 0.0191421
0.0224061 11.6098 4.75177e-07 72 0.0193954
0.0225045 0 0 0 0.0196521
0.0226033 6.24431 2.4894e-07 96 0.0199121
0.0227026 0 0 0 0.0201756
0.0228023 0 0 0 0.0204426
0.0229024 0 0 0 0.0207131
0.023003 23.2232 8.78408e-07 6 0.0209872
0.023104 0 0 0 0.0212649
0.0232055 12.7816 4.70912e-07 96 0.0215463
0.0233074 12.3892 4.50492e-07 96 0.0218315
0.0234097 0 0 0 0.0221204
0.0235125 7.79479 2.76078e-07 24 0.0224131
0.0236158 0 0 0 0.0227097
0.0237195 12.214 4.21372e-07 48 0.0230102
0.0238237 15.3477 5.22568e-07 96 0.0233147
0.0239283 0 0 0 0.0236232
0.0240334 10.8173 3.58756e-07 48 0.0239358
0.0241389 0 0 0 0.0242525
0.0242449 0 0 0 0.0245735
0.0243514 13.3059 4.24225e-07 36 0.0248986
0.0244584 0 0 0 0.0252281
0.0245658 13.468 4.18252e-07 48 0.025562
0.0246737 14.0168 4.29609e-07 120 0.0259002
0.024782 0 0 0 0.026243
0.0248908 11.2108 3.34691e-07 56 0.0265902
0.0250002 12.1448 3.57839e-07 24 0.0269421
0.0251099 0 0 0 0.0272986
0.0252202 13.5711 3.89489e-07 96 0.0276598
0.025331 12.6159 3.57345e-07 48 0.0280259
0.0254422 0 0 0 0.0283967
0.025554 0 0 0 0.0287725
0.0256662 12.9762 3.53337e-07 24 0.0291532
0.0257789 0 0 0 0.029539
0.0258921 16.5059 4.37788e-07 102 0.0299299
0.0260058 12.9134 3.38029e-07 48 0.030326
0.02612 17.6392 4.55705e-07 72 0.0307273
0.0262347 0 0 0 0.0311339
0.0263499 24.1793 6.08458e-07 48 0.0315459
0.0264657 18.6613 4.63467e-07 48 0.0319633
0.0265819 14.8296 3.63494e-07 120 0.0323863
0.0266986 0 0 0 0.0328148
0.0268159 0 0 0 0.0332491
0.0269337 8.16198 1.92325e-07 24 0.0336891
0.0270519 14.2184 3.3066e-07 144 0.0341349
0.0271707 0 0 0 0.0345866
0.0272901 17.6199 3.9913e-07 120 0.0350442
0.0274099 21.1621 4.7311e-07 48 0.035508
0.0275303 0 0 0 0.0359778
0.0276512 9.90007 2.15587e-07 48 0.0364539
0.0277726 0 0 0 0.0369363
0.0278946 12.7317 2.70056e-07 96 0.0374251
0.0280171 0 0 0 0.0379203
0.0281401 15.3274 3.16676e-07 24 0.0384221
0.0282637 16.7498 3.41544e-07 48 0.0389306
0.0283878 14.9764 3.01396e-07 108 0.0394457
0.0285125 0 0 0 0.0399677
0.0286377 15.1578 2.9713e-07 72 0.0404966
0.0287635 16.1411 3.12273e-07 30 0.0410325
0.0288898 15.8953 3.035e-07 168 0.0415755
0.0290167 19.1653 3.61158e-07 48 0.0421256
0.0291441 0 0 0 0.0426831
0.0292721 14.8628 2.72812e-07 72 0.0432479
0.0294007 17.2233 3.12012e-07 96 0.0438202
0.0295298 15.4183 2.75665e-07 72 0.0444001
0.0296595 16.9679 2.99409e-07 72 0.0449876
0.0297897 20.4013 3.55291e-07 32 0.0455829
0.0299205 0 0 0 0.0461861
0.0300519 15.9469 2.70511e-07 72 0.0467973
0.0301839 16.8196 2.81589e-07 144 0.0474165
0.0303165 0 0 0 0.048044
0.0304496 0 0 0 0.0486798
0.0305833 14.4444 2.32472e-07 96 0.0493239
0.0307176 14.1835 2.25292e-07 96 0.0499766
0.0308525 17.5987 2.75888e-07 48 0.050638
0.030988 18.1635 2.81023e-07 72 0.051308
0.0311241 20.3487 3.10721e-07 120 0.051987
0.0312608 19.546 2.94567e-07 72 0.0526749
0.0313981 17.0343 2.53362e-07 48 0.053372
0.031536 19.2191 2.82124e-07 78 0.0540782
0.0316745 15.4306 2.23552e-07 120 0.0547938
0.0318136 19.9275 2.84932e-07 48 0.0555189
0.0319533 0 0 0 0.0562536
0.0320936 19.4839 2.7136e-07 144 0.056998
0.0322346 19.0479 2.61823e-07 144 0.0577522
0.0323761 0 0 0 0.0585165
0.0325183 12.9299 1.73116e-07 12 0.0592908
0.0326611 19.0564 2.5181e-07 144 0.0600754
0.0328046 14.7761 1.927e-07 168 0.0608704
0.0329486 14.8839 1.91571e-07 48 0.0616759
0.0330933 24.4684 3.10821e-07 48 0.062492
0.0332387 22.6617 2.8411e-07 168 0.063319
0.0333846 0 0 0 0.0641568
0.0335312 18.8389 2.30056e-07 48 0.0650058
0.0336785 19.9836 2.40847e-07 192 0.065866
0.0338264 19.9797 2.37655e-07 72 0.0667376
0.033975 16.1807 1.89953e-07 48 0.0676208
0.0341242 23.0626 2.67207e-07 96 0.0685156
0.034274 21.3948 2.44646e-07 48 0.0694222
0.0344245 15.0409 1.69744e-07 30 0.0703409
0.0345757 21.1678 2.35769e-07 96 0.0712717
0.0347276 22.3332 2.45501e-07 192 0.0722148
0.0348801 25.4867 2.76507e-07 80 0.0731704
0.0350333 18.3083 1.96034e-07 168 0.0741387
0.0351871 23.031 2.43381e-07 120 0.0751198
0.0353416 24.018 2.50496e-07 72 0.0761138
0.0354969 21.7132 2.23501e-07 144 0.077121
0.0356527 26.6048 2.70275e-07 96 0.0781416
0.0358093 21.5094 2.15659e-07 96 0.0791756
0.0359666 20.4239 2.021e-07 72 0.0802233
0.0361245 19.2241 1.87743e-07 96 0.0812849
0.0362832 31.2016 3.00736e-07 24 0.0823605
0.0364425 21.0762 2.0049e-07 192 0.0834504
0.0366026 22.7997 2.14053e-07 132 0.0845547
0.0367633 25.6528 2.37693e-07 96 0.0856736
0.0369248 19.5067 1.78384e-07 96 0.0868073
0.0370869 26.2206 2.3665e-07 120 0.087956
0.0372498 23.6063 2.10272e-07 48 0.0891199
0.0374134 23.7387 2.0869e-07 222 0.0902992
0.0375777 21.07 1.8281e-07 120 0.0914941
0.0377427 24.3794 2.08761e-07 192 0.0927049
0.0379085 25.7165 2.17335e-07 144 0.0939316
0.0380749 17.3434 1.44657e-07 24 0.0951746
0.0382422 23.7275 1.95321e-07 144 0.096434
0.0384101 25.8031 2.09634e-07 120 0.0977101
0.0385788 25.4737 2.04255e-07 192 0.0990031
0.0387482 24.4106 1.93174e-07 144 0.100313
0.0389184 21.078 1.64623e-07 48 0.101641
0.0390893 21.6702 1.67038e-07 336 0.102986
0.039261 21.0801 1.60367e-07 48 0.104348
0.0394334 22.5592 1.69378e-07 192 0.105729
0.0396066 20.9453 1.55207e-07 48 0.107128
0.0397805 37.4593 2.73952e-07 8 0.108546
0.0399552 22.1345 1.59763e-07 288 0.109982
0.0401307 24.3766 1.73648e-07 150 0.111438
0.0403069 17.9738 1.26365e-07 120 0.112912
0.0404839 22.4453 1.55741e-07 120 0.114407
0.0406617 22.0632 1.51091e-07 228 0.11592
0.0408403 27.0677 1.82941e-07 168 0.117454
0.0410196 20.5023 1.36758e-07 48 0.119009
0.0411998 19.9025 1.31023e-07 336 0.120584
0.0413807 22.2561 1.44604e-07 24 0.122179
0.0415624 24.0099 1.53962e-07 336 0.123796
0.041745 27.015 1.70969e-07 144 0.125434
0.0419283 25.5568 1.59628e-07 168 0.127094
0.0421124 0 0 0 0.128776
0.0422974 24.7966 1.50861e-07 192 0.13048
0.0424831 24.1429 1.44966e-07 216 0.132207
0.0426697 25.6449 1.51974e-07 192 0.133956
0.0428571 22.4363 1.31223e-07 144 0.135729
0.0430453 28.8403 1.66475e-07 198 0.137525
0.0432344 23.7514 1.35309e-07 216 0.139345
0.0434242 23.1318 1.30058e-07 168 0.141188
0.0436149 23.2547 1.29042e-07 240 0.143057
0.0438065 23.2465 1.27312e-07 168 0.14495
0.0439988 23.7963 1.28621e-07 264 0.146868
0.0441921 24.8572 1.326e-07 216 0.148811
0.0443862 26.5932 1.40008e-07 96 0.150781
0.0445811 29.1346 1.51385e-07 144 0.152776
0.0447769 25.7108 1.3185e-07 308 0.154798
0.0449735 24.7377 1.25203e-07 312 0.156846
0.045171 29.3167 1.4644e-07 96 0.158921
0.0453694 29.7116 1.46475e-07 288 0.161024
0.0455686 25.2579 1.22892e-07 168 0.163155
0.0457688 28.4167 1.36456e-07 240 0.165314
0.0459698 25.859 1.22552e-07 198 0.167502
0.0461716 30.141 1.4098e-07 192 0.169718
0.0463744 26.5231 1.22437e-07 312 0.171964
0.0465781 23.4582 1.06875e-07 168 0.17424
0.0467826 24.9579 1.12222e-07 336 0.176546
0.0469881 34.9793 1.55229e-07 72 0.178882
0.0471944 26.6963 1.16924e-07 456 0.181249
0.0474017 26.9661 1.16563e-07 144 0.183647
0.0476099 25.1896 1.07462e-07 264 0.186078
0.0478189 30.9861 1.30464e-07 336 0.18854
0.048029 22.8044 9.47622e-08 48 0.191035
0.0482399 28.9888 1.18888e-07 408 0.193563
0.0484517 28.59 1.15721e-07 192 0.196124
0.0486645 28.4459 1.13634e-07 180 0.198719
0.0488782 28.4955 1.12345e-07 342 0.201349
0.0490929 29.0175 1.12909e-07 360 0.204013
0.0493085 29.2103 1.12175e-07 168 0.206713
0.049525 28.0379 1.06267e-07 384 0.209449
0.0497425 28.9163 1.08165e-07 344 0.21222
0.049961 32.2897 1.19206e-07 144 0.215028
0.0501804 25.8391 9.41457e-08 456 0.217874
0.0504008 27.9954 1.0067e-07 312 0.220757
0.0506221 29.2426 1.03782e-07 96 0.223678
0.0508444 31.5431 1.10484e-07 456 0.226638
0.0510677 29.9119 1.03402e-07 264 0.229637
0.051292 28.5574 9.74307e-08 168 0.232676
0.0515172 28.9287 9.74084e-08 432 0.235755
0.0517435 29.725 9.87826e-08 270 0.238875
0.0519707 32.4795 1.06527e-07 312 0.242036
0.052199 30.7795 9.96325e-08 456 0.245238
0.0524282 25.2709 8.07331e-08 336 0.248484
0.0526584 25.6465 8.08631e-08 144 0.251772
0.0528897 31.348 9.75487e-08 372 0.255103
0.053122 33.4075 1.026e-07 552 0.258479
0.0533553 32.5228 9.85784e-08 336 0.2619
0.0535896 34.078 1.01943e-07 288 0.265365
0.0538249 34.119 1.00733e-07 264 0.268877
0.0540613 35.2744 1.02784e-07 480 0.272435
0.0542987 30.439 8.7536e-08 312 0.27604
0.0545372 34.0062 9.65173e-08 462 0.279693
0.0547767 33.6393 9.42292e-08 392 0.283394
0.0550173 29.6418 8.1947e-08 144 0.287144
0.0552589 32.847 8.96221e-08 624 0.290944
0.0555015 31.2647 8.41907e-08 504 0.294794
0.0557453 37.1598 9.87585e-08 480 0.298695
0.0559901 34.7789 9.12236e-08 312 0.302647
0.056236 32.344 8.3729e-08 216 0.306652
0.056483 36.2718 9.26707e-08 408 0.31071
0.056731 29.3775 7.40762e-08 456 0.314822
0.0569802 29.1285 7.24892e-08 564 0.318988
0.0572304 33.7512 8.28962e-08 384 0.323209
0.0574817 32.2725 7.82291e-08 462 0.327486
0.0577342 32.4129 7.75433e-08 432 0.331819
0.0579877 39.6866 9.37047e-08 432 0.33621
0.0582424 32.0109 7.45943e-08 336 0.340659
0.0584982 32.7154 7.52404e-08 552 0.345167
0.0587551 32.0599 7.277e-08 552 0.349735
0.0590131 27.5025 6.16102e-08 240 0.354363
0.0592723 33.2057 7.34148e-08 744 0.359052
0.0595326 33.7522 7.36486e-08 408 0.363803
0.059794 35.6979 7.68767e-08 560 0.368617
0.0600566 30.2939 6.43871e-08 408 0.373495
0.0603203 35.2396 7.39206e-08 510 0.378438
0.0605852 37.9629 7.85931e-08 600 0.383446
0.0608513 35.72 7.2984e-08 492 0.38852
0.0611186 36.7036 7.40142e-08 552 0.393661
0.061387 35.7874 7.12242e-08 504 0.39887
0.0616566 35.0845 6.89133e-08 696 0.404148
0.0619273 36.106 6.99936e-08 360 0.409496
0.0621993 36.7409 7.02942e-08 720 0.414915
0.0624724 38.028 7.18065e-08 576 0.420406
0.0627468 35.7541 6.6631e-08 312 0.425969
0.0630224 37.1929 6.84071e-08 576 0.431606
0.0632991 34.4348 6.25072e-08 630 0.437317
0.0635771 39.5095 7.07823e-08 792 0.443104
0.0638563 47.1537 8.33737e-08 480 0.448968
0.0641368 36.1283 6.30451e-08 600 0.454909
0.0644184 39.306 6.76946e-08 600 0.460928
0.0647013 39.0027 6.6295e-08 800 0.467028
0.0649855 41.9955 7.04498e-08 588 0.473208
0.0652709 41.3928 6.85318e-08 624 0.47947
0.0655575 38.2605 6.25185e-08 672 0.485815
0.0658454 42.8359 6.90808e-08 504 0.492243
0.0661346 41.116 6.54411e-08 798 0.498757
0.066425 43.4286 6.82191e-08 696 0.505357
0.0667167 45.2514 7.01541e-08 456 0.512044
0.0670097 40.8155 6.24506e-08 1008 0.51882
0.067304 39.5353 5.97018e-08 696 0.525686
0.0675996 45.417 6.76881e-08 624 0.532642
0.0678965 45.5223 6.69589e-08 744 0.53969
0.0681946 41.737 6.05894e-08 912 0.546832
0.0684941 45.0652 6.45664e-08 744 0.554068
0.0687949 38.6852 5.47017e-08 414 0.5614
0.0690971 45.0364 6.28508e-08 924 0.568829
0.0694005 48.6514 6.7009e-08 888 0.576356
0.0697053 46.4222 6.31036e-08 656 0.583983
0.0700114 47.4126 6.36082e-08 960 0.591711
0.0703189 50.6749 6.70969e-08 600 0.599541
0.0706277 46.6145 6.09147e-08 864 0.607475
0.0709379 50.6639 6.53416e-08 792 0.615513
0.0712494 47.8052 6.08495e-08 912 0.623658
0.0715623 45.5543 5.72271e-08 744 0.631911
0.0718766 53.2206 6.59847e-08 723 0.640273
0.0721922 53.835 6.58747e-08 1116 0.648746
0.0725093 52.6421 6.35738e-08 624 0.657331
0.0728277 52.8681 6.30129e-08 912 0.666029
0.0731475 47.8375 5.62724e-08 1032 0.674842
0.0734688 50.4604 5.85825e-08 828 0.683772
0.0737914 55.7593 6.38889e-08 876 0.692821
0.0741155 54.7408 6.19027e-08 816 0.701989
0.074441 48.5867 5.42259e-08 732 0.711278
0.0747679 58.57 6.45141e-08 884 0.72069
0.0750963 52.4899 5.70619e-08 960 0.730227
0.0754261 53.8373 5.77624e-08 852 0.73989
0.0757573 62.3044 6.59737e-08 780 0.749681
0.07609 54.7687 5.72368e-08 720 0.759601
0.0764242 54.6309 5.63472e-08 1044 0.769653
0.0767598 53.6638 5.46268e-08 864 0.779838
0.0770969 56.6929 5.69566e-08 648 0.790157
0.0774355 61.0459 6.05288e-08 924 0.800613
0.0777755 56.6189 5.54061e-08 912 0.811208
0.0781171 49.996 4.82861e-08 792 0.821942
0.0784602 52.1899 4.97467e-08 996 0.832819
0.0788047 60.9831 5.73691e-08 828 0.84384
0.0791508 56.2874 5.22601e-08 768 0.855006
0.0794984 48.9911 4.48919e-08 596 0.86632
0.0798475 57.0059 5.15539e-08 1128 0.877784
0.0801982 48.2947 4.31054e-08 840 0.8894
0.0805504 59.397 5.23223e-08 732 0.901169
0.0809042 62.9538 5.47312e-08 564 0.913094
0.0812595 65.3945 5.61106e-08 924 0.925177
0.0816163 61.4922 5.20732e-08 1080 0.93742
0.0819747 60.181 5.02973e-08 648 0.949825
0.0823347 58.6785 4.84011e-08 936 0.962393
0.0826963 66.3433 5.40087e-08 480 0.975129
0.0830595 63.9457 5.1377e-08 768 0.988032
0.0834243 60.9395 4.83222e-08 984 1.00111
0.0837906 65.2957 5.11003e-08 972 1.01435
0.0841586 60.236 4.65249e-08 552 1.02778
0.0845282 70.3505 5.36275e-08 908 1.04138
0.0848994 67.1469 5.05169e-08 576 1.05516
0.0852723 63.8447 4.74053e-08 888 1.06912
0.0856468 65.695 4.81421e-08 768 1.08327
0.0860229 64.1886 4.64239e-08 624 1.0976
0.0864007 66.6509 4.75752e-08 744 1.11213
0.0867801 64.5884 4.55009e-08 720 1.12684
0.0871612 77.9765 5.4215e-08 672 1.14176
0.087544 69.8873 4.79562e-08 816 1.15686
0.0879285 73.0087 4.94438e-08 816 1.17217
0.0883146 71.9688 4.8103e-08 660 1.18768
0.0887025 71.8835 4.74185e-08 648 1.2034
0.089092 80.4292 5.23628e-08 684 1.21933
0.0894833 79.8819 5.13273e-08 668 1.23546
0.0898763 75.6946 4.80016e-08 624 1.25181
0.090271 79.1813 4.95569e-08 804 1.26837
0.0906674 75.9184 4.68942e-08 504 1.28516
0.0910656 79.2164 4.82923e-08 504 1.30216
0.0914655 76.5263 4.60431e-08 804 1.3194
0.0918672 85.3204 5.06638e-08 684 1.33686
0.0922706 80.5977 4.72343e-08 624 1.35455
0.0926759 89.5169 5.17763e-08 432 1.37247
0.0930829 80.3521 4.58684e-08 648 1.39063
0.0934916 85.2571 4.80328e-08 660 1.40903
0.0939022 88.5965 4.92623e-08 540 1.42768
0.0943146 89.6437 4.91936e-08 540 1.44657
0.0947288 88.5534 4.79606e-08 512 1.46571
0.0951448 91.3024 4.88036e-08 552 1.48511
0.0955627 102.638 5.41465e-08 516 1.50476
0.0959823 97.1617 5.05879e-08 552 1.52467
0.0964039 95.4743 4.90601e-08 456 1.54485
0.0968272 94.5907 4.79713e-08 540 1.56529
0.0972525 87.0406 4.35658e-08 288 1.58601
0.0976796 114.912 5.67649e-08 552 1.60699
0.0981085 93.5915 4.56291e-08 456 1.62826
0.0985394 104.091 5.00852e-08 456 1.64981
0.0989721 124.102 5.89337e-08 288 1.67164
0.0994068 99.69 4.67228e-08 368 1.69376
0.0998433 108.694 5.02775e-08 432 1.71617
0.100282 94.3253 4.30613e-08 288 1.73888
0.100722 119.013 5.3622e-08 384 1.76189
0.101165 98.6299 4.3858e-08 264 1.78521
0.101609 119.795 5.25739e-08 375 1.80883
0.102055 107.481 4.65535e-08 228 1.83277
0.102503 131.614 5.6262e-08 258 1.85702
0.102953 97.3838 4.10856e-08 270 1.88159
0.103406 111.84 4.65684e-08 294 1.90649
0.10386 109.831 4.51345e-08 144 1.93172
0.104316 130.826 5.30603e-08 206 1.95728
0.104774 107.107 4.28732e-08 222 1.98318
0.105234 136.818 5.40504e-08 228 2.00942
0.105696 126.07 4.91539e-08 126 2.03602
0.10616 139.352 5.3623e-08 198 2.06296
0.106627 136.584 5.18716e-08 240 2.09026
0.107095 159.844 5.99122e-08 102 2.11792
0.107565 163.76 6.05784e-08 72 2.14594
0.108038 140.942 5.14567e-08 198 2.17434
0.108512 140.257 5.05377e-08 180 2.20311
0.108989 145.853 5.18679e-08 54 2.23227
0.109467 136.13 4.77781e-08 128 2.26181
0.109948 124.623 4.3168e-08 144 2.29174
0.110431 174.795 5.97563e-08 54 2.32206
0.110916 97.2687 3.28185e-08 48 2.35279
0.111403 143.689 4.78475e-08 162 2.38392
0.111892 188.863 6.2069e-08 48 2.41547
0.112384 240.232 7.79201e-08 24 2.44743
0.112877 194.956 6.24088e-08 126 2.47982
0.113373 128.636 4.06409e-08 72 2.51263
0.113871 201.071 6.26961e-08 6 2.54588
0.114371 169.168 5.20594e-08 56 2.57957
0.114873 214.567 6.51681e-08 84 2.61371
0.115377 692.443 2.07561e-07 6 2.6483
0.115884 362.25 1.07167e-07 24 2.68334
0.116393 234.135 6.83612e-08 72 2.71885
0.116904 229.932 6.62573e-08 6 2.75483
0.117418 0 0 0 2.79128
0.117933 242.032 6.79342e-08 66 2.82822
0.118451 0 0 0 2.86564
0.118971 0 0 0 2.90356
0.119494 169.584 4.57585e-08 38 2.94199
0.120019 0 0 0 2.98092
0.120546 0 0 0 3.02036
0.121075 331.356 8.59519e-08 18 3.06033
0.121607 0 0 0 3.10083
0.122141 0 0 0 3.14186
0.122677 947.951 2.36384e-07 6 3.18344
0.123216 0 0 0 3.22556
0.123757 0 0 0 3.26825
0.124301 0.67002 1.60617e-10 1 3.31149
0.124847 0 0 0 3.35531
0.125395 0 0 0 3.39972
0.125946 0 0 0 3.4447
0.126499 0 0 0 3.49029
0.127054 0 0 0 3.53647
0.127612 0 0 0 3.58327
0.128173 0 0 0 3.63069
0.128736 0 0 0 3.67873
0.129301 0 0 0 3.72741
0.129869 0 0 0 3.77674
0.130439 0 0 0 3.82671
0.131012 0 0 0 3.87735
0.131587 0 0 0 3.92866
0.132165 0 0 0 3.98065
0.132746 0 0 0 4.03332
0.133329 0 0 0 4.0867
0.133914 0 0 0 4.14077
0.134502 0 0 0 4.19557
0.135093 0 0 0 4.25109
0.135686 0 0 0 4.30734
0.136282 0 0 0 4.36434
0.136881 0 0 0 4.42209
0.137482 0 0 0 4.48061
0.138085 0 0 0 4.5399
0.138692 0 0 0 4.59998
0.139301 0 0 0 4.66085
0.139913 0 0 0 4.72253
0.140527 0 0 0 4.78502
0.141144 0 0 0 4.84834
0.141764 0 0 0 4.91249
0.142387 0 0 0 4.9775
0.143012 0 0 0 5.04337
0.14364 0 0 0 5.11011
0.144271 0 0 0 5.17773
0.144904 0 0 0 5.24624
0.145541 0 0 0 5.31567
0.14618 0 0 0 5.38601
0.146822 0 0 0 5.45728
0.147467 0 0 0 5.5295
0.148114 0 0 0 5.60267
0.148765 0 0 0 5.67681
0.149418 0 0 0 5.75193
0.150074 0 0 0 5.82804
0.150733 0 0 0 5.90516
0.151395 0 0 0 5.98331
0.15206 0 0 0 6.06248
0.152728 0 0 0 6.14271
0.153399 0 0 0 6.22399
0.154072 0 0 0 6.30635
0.154749 0 0 0 6.3898
0.155429 0 0 0 6.47436
0.156111 0 0 0 6.56003
0.156797 0 0 0 6.64684
0.157485 0 0 0 6.7348
0.158177 0 0 0 6.82392
0.158872 0 0 0 6.91422
0.159569 0 0 0 7.00571
0.16027 0 0 0 7.09842
0.160974 0 0 0 7.19235
0.161681 0 0 0 7.28753
0.162391 0 0 0 7.38396
0.163104 0 0 0 7.48167
0.163821 0 0 0 7.58068
0.16454 0 0 0 7.68099
0.165263 0 0 0 7.78263
0.165988 0 0 0 7.88562
0.166717 0 0 0 7.98997
0.167449 0 0 0 8.0957
0.168185 0 0 0 8.20283
0.168923 0 0 0 8.31138
0.169665 0 0 0 8.42136
0.17041 0 0 0 8.5328
0.171159 0 0 0 8.64571
0.17191 0 0 0 8.76012
0.172665 0 0 0 8.87604
0.173424 0 0 0 8.9935
0.174185 0 0 0 9.11251
0.17495 0 0 0 9.23309
0.175719 0 0 0 9.35527
0.17649 0 0 0 9.47907
0.177265 0 0 0 9.6045
0.178044 0 0 0 9.7316
0.178826 0 0 0 9.86037
0.179611 0 0 0 9.99086
0.1804 0 0 0 10.1231
0.181192 0 0 0 10.257
0.181988 0 0 0 10.3928
0.182787 0 0 0 10.5303
0.18359 0 0 0 10.6696
0.184396 0 0 0 10.8108
0.185206 0 0 0 10.9539
0.186019 0 0 0 11.0988
0.186836 0 0 0 11.2457
0.187657 0 0 0 11.3945
0.188481 0 0 0 11.5453
0.189309 0 0 0 11.6981
0.19014 0 0 0 11.8529
0.190975 0 0 0 12.0097
0.191814 0 0 0 12.1686
0.192656 0 0 0 12.3297
0.193502 0 0 0 12.4928
0.194352 0 0 0 12.6581
0.195205 0 0 0 12.8256
0.196063 0 0 0 12.9954
0.196924 0 0 0 13.1673
0.197789 0 0 0 13.3416
0.198657 0 0 0 13.5181
0.19953 0 0 0 13.697
0.200406 0 0 0 13.8782
0.201286 0 0 0 14.0619
0.20217 0 0 0 14.248
0.203058 0 0 0 14.4365
0.20395 0 0 0 14.6275
0.204845 0 0 0 14.8211
0.205745 0 0 0 15.0172
0.206648 0 0 0 15.216
0.207556 0 0 0 15.4173
0.208467 0 0 0 15.6213
0.209383 0 0 0 15.828
0.210302 0 0 0 16.0375
0.211226 0 0 0 16.2497
0.212154 0 0 0 16.4647
0.213085 0 0 0 16.6826
0.214021 0 0 0 16.9034
0.214961 0 0 0 17.1271
0.215905 0 0 0 17.3537
0.216853 0 0 0 17.5833
0.217806 0 0 0 17.816
0.218762 0 0 0 18.0518
0.219723 0 0 0 18.2906
0.220688 0 0 0 18.5327
0.221657 0 0 0 18.7779
0.22263 0 0 0 19.0264
0.223608 0 0 0 19.2782
0.22459 0 0 0 19.5333
0.225577 0 0 0 19.7918
0.226567 0 0 0 20.0537
0.227562 0 0 0 20.319
0.228562 0 0 0 20.5879
0.229565 0 0 0 20.8604
0.230573 0 0 0 21.1364
0.231586 0 0 0 21.4161
0.232603 0 0 0 21.6995
0.233625 0 0 0 21.9866
0.234651 0 0 0 22.2776
0.235681 0 0 0 22.5724
0.236716 0 0 0 22.8711
0.237756 0 0 0 23.1737
0.2388 0 0 0 23.4804
0.239849 0 0 0 23.7911
0.240902 0 0 0 24.1059
0.24196 0 0 0 24.4249
0.243022 0 0 0 24.7481
0.24409 0 0 0 25.0756
0.245162 0 0 0 25.4074
0.246238 0 0 0 25.7437
0.24732 0 0 0 26.0843
0.248406 0 0 0 26.4295
0.249497 0 0 0 26.7792
0.250592 0 0 0 27.1336
0.251693 0 0 0 27.4926
0.252798 0 0 0 27.8564
0.253909 0 0 0 28.2251
0.255024 0 0 0 28.5986
0.256144 0 0 0 28.977
0.257268 0 0 0 29.3605
0.258398 0 0 0 29.749
0.259533 0 0 0 30.1426
0.260673 0 0 0 30.5415
0.261818 0 0 0 30.9457
0.262967 0 0 0 31.3552
0.264122 0 0 0 31.7701
0.265282 0 0 0 32.1905
0.266447 0 0 0 32.6165
0.267617 0 0 0 33.0481
0.268793 0 0 0 33.4854
0.269973 0 0 0 33.9285
0.271159 0 0 0 34.3775
0.27235 0 0 0 34.8324
0.273546 0 0 0 35.2933
0.274747 0 0 0 35.7604
0.275954 0 0 0 36.2336
0.277165 0 0 0 36.713
0.278383 0 0 0 37.1989
0.279605 0 0 0 37.6911
0.280833 0 0 0 38.1899
0.282066 0 0 0 38.6952
0.283305 0 0 0 39.2073
0.284549 0 0 0 39.7261
0.285799 0 0 0 40.2518
0.287054 0 0 0 40.7844
0.288315 0 0 0 41.3241
0.289581 0 0 0 41.871
0.290853 0 0 0 42.4251
0.29213 0 0 0 42.9865
0.293413 0 0 0 43.5553
0.294702 0 0 0 44.1317
0.295996 0 0 0 44.7156
0.297296 0 0 0 45.3074
0.298601 0 0 0 45.9069
0.299913 0 0 0 46.5144
0.30123 0 0 0 47.1299
0.302553 0 0 0 47.7536
0.303881 0 0 0 48.3855
0.305216 0 0 0 49.0258
0.306556 0 0 0 49.6745
0.307903 0 0 0 50.3319
0.309255 0 0 0 50.9979
0.310613 0 0 0 51.6727
0.311977 0 0 0 52.3565
0.313347 0 0 0 53.0493
0.314723 0 0 0 53.7513
0.316105 0 0 0 54.4626
0.317494 0 0 0 55.1833
0.318888 0 0 0 55.9135
0.320288 0 0 0 56.6534
0.321695 0 0 0 57.4031
0.323108 0 0 0 58.1627
0.324527 0 0 0 58.9324
0.325952 0 0 0 59.7122
0.327383 0 0 0 60.5024
0.328821 0 0 0 61.303
0.330265 0 0 0 62.1142
0.331716 0 0 0 62.9362
0.333172 0 0 0 63.769
0.334635 0 0 0 64.6129
0.336105 0 0 0 65.4679
0.337581 0 0 0 66.3342
0.339064 0 0 0 67.212
0.340553 0 0 0 68.1014
0.342048 0 0 0 69.0026
0.34355 0 0 0 69.9157
0.345059 0 0 0 70.8409
0.346575 0 0 0 71.7783
0.348097 0 0 0 72.7281
0.349625 0 0 0 73.6905
0.351161 0 0 0 74.6657
0.352703 0 0 0 75.6537
0.354252 0 0 0 76.6548
0.355808 0 0 0 77.6692
0.35737 0 0 0 78.697
0.35894 0 0 0 79.7384
0.360516 0 0 0 80.7935
0.362099 0 0 0 81.8627
0.363689 0 0 0 82.9459
0.365287 0 0 0 84.0436
0.366891 0 0 0 85.1557
0.368502 0 0 0 86.2825
0.37012 0 0 0 87.4243
0.371746 0 0 0 88.5812
0.373378 0 0 0 89.7534
0.375018 0 0 0 90.9411
0.376665 0 0 0 92.1445
0.378319 0 0 0 93.3638
0.379981 0 0 0 94.5993
0.381649 0 0 0 95.8511
0.383326 0 0 0 97.1195
0.385009 0 0 0 98.4047
0.3867 0 0 0 99.7068
0.388398 0 0 0 101.026
0.390104 0 0 0 102.363
0.391817 0 0 0 103.718
0.393538 0 0 0 105.09
0.395266 0 0 0 106.481
0.397002 0 0 0 107.89
0.398745 0 0 0 109.318
0.400496 0 0 0 110.764
0.402255 0 0 0 112.23
0.404022 0 0 0 113.715
0.405796 0 0 0 115.22
0.407578 0 0 0 116.744
0.409368 0 0 0 118.289
0.411166 0 0 0 119.855
0.412972 0 0 0 121.441
0.414785 0 0 0 123.048
0.416607 0 0 0 124.676
0.418436 0 0 0 126.326
0.420274 0 0 0 127.997
0.42212 0 0 0 129.691
0.423974 0 0 0 131.407
0.425836 0 0 0 133.146
0.427706 0 0 0 134.908
0.429584 0 0 0 136.693
0.431471 0 0 0 138.502
0.433365 0 0 0 140.335
0.435269 0 0 0 142.192
0.43718 0 0 0 144.074
0.4391 0 0 0 145.98
0.441028 0 0 0 147.912
0.442965 0 0 0 149.869
0.444911 0 0 0 151.852
0.446865 0 0 0 153.862
0.448827 0 0 0 155.898
0.450798 0 0 0 157.961
0.452778 0 0 0 160.051
0.454766 0 0 0 162.169
0.456763 0 0 0 164.315
0.458769 0 0 0 166.489
0.460784 0 0 0 168.692
0.462808 0 0 0 170.925
0.46484 0 0 0 173.187
0.466882 0 0 0 175.478
0.468932 0 0 0 177.8
0.470991 0 0 0 180.153
0.47306 0 0 0 182.537
0.475137 0 0 0 184.953
0.477224 0 0 0 187.4
0.47932 0 0 0 189.88
0.481425 0 0 0 192.393
0.483539 0 0 0 194.939
0.485663 0 0 0 197.518
0.487795 0 0 0 200.132
0.489938 0 0 0 202.78
0.492089 0 0 0 205.464
0.49425 0 0 0 208.182
0.496421 0 0 0 210.937
0.498601 0 0 0 213.729
0.500791 0 0 0 216.557
0.50299 0 0 0 219.422
0.505199 0 0 0 222.326
0.507418 0 0 0 225.268
0.509646 0 0 0 228.249
0.511884 0 0 0 231.269
0.514132 0 0 0 234.33
0.51639 0 0 0 237.431
0.518658 0 0 0 240.573
0.520936 0 0 0 243.756
0.523223 0 0 0 246.982
0.525521 0 0 0 250.25
0.527829 0 0 0 253.561
0.530147 0 0 0 256.917
0.532475 0 0 0 260.316
0.534814 0 0 0 263.761
0.537162 0 0 0 267.252
0.539522 0 0 0 270.788
0.541891 0 0 0 274.371
0.544271 0 0 0 278.002
0.546661 0 0 0 281.681
0.549062 0 0 0 285.408
0.551473 0 0 0 289.185
0.553895 0 0 0 293.012
0.556327 0 0 0 296.889
0.558771 0 0 0 300.818
0.561224 0 0 0 304.799
0.563689 0 0 0 308.832
0.566165 0 0 0 312.919
0.568651 0 0 0 317.059
0.571148 0 0 0 321.255
0.573657 0 0 0 325.506
0.576176 0 0 0 329.814
0.578706 0 0 0 334.178
0.581248 0 0 0 338.6
0.5838 0 0 0 343.081
0.586364 0 0 0 347.621
0.588939 0 0 0 352.221
0.591526 0 0 0 356.882
0.594124 0 0 0 361.604
0.596733 0 0 0 366.389
0.599353 0 0 0 371.238
0.601985 0 0 0 376.15
0.604629 0 0 0 381.128
0.607285 0 0 0 386.171
0.609951 0 0 0 391.281
0.61263 0 0 0 396.459
0.615321 0 0 0 401.705
0.618023 0 0 0 407.021
0.620737 0 0 0 412.407
0.623463 0 0 0 417.864
0.626201 0 0 0 423.394
0.628951 0 0 0 428.997
0.631713 0 0 0 434.674
0.634488 0 0 0 440.425
0.637274 0 0 0 446.254
0.640073 0 0 0 452.159
0.642884 0 0 0 458.142
0.645707 0 0 0 464.205
0.648543 0 0 0 470.347
0.651391 0 0 0 476.571
0.654252 0 0 0 482.878
0.657125 0 0 0 489.268
0.660011 0 0 0 495.742
0.662909 0 0 0 502.302
0.66582 0 0 0 508.949
0.668744 0 0 0 515.684
0.671681 0 0 0 522.508
0.674631 0 0 0 529.422
0.677594 0 0 0 536.428
0.68057 0 0 0 543.527
0.683558 0 0 0 550.719
0.68656 0 0 0 558.007
0.689575 0 0 0 565.391
0.692604 0 0 0 572.872
0.695646 0 0 0 580.453
0.698701 0 0 0 588.134
0.701769 0 0 0 595.917
0.704851 0 0 0 603.803
0.707946 0 0 0 611.793
0.711055 0 0 0 619.888
0.714178 0 0 0 628.091
0.717315 0 0 0 636.403
0.720465 0 0 0 644.824
0.723629 0 0 0 653.357
0.726807 0 0 0 662.003
0.729999 0 0 0 670.763
0.733204 0 0 0 679.639
0.736424 0 0 0 688.633
0.739659 0 0 0 697.745
0.742907 0 0 0 706.978
0.746169 0 0 0 716.334
0.749446 0 0 0 725.813
0.752738 0 0 0 735.418
0.756043 0 0 0 745.149
0.759364 0 0 0 755.01
0.762698 0 0 0 765.001
0.766048 0 0 0 775.124
0.769412 0 0 0 785.381
0.772791 0 0 0 795.774
0.776185 0 0 0 806.304
0.779594 0 0 0 816.974
0.783017 0 0 0 827.785
0.786456 0 0 0 838.739
0.78991 0 0 0 849.838
0.793379 0 0 0 861.083
0.796863 0 0 0 872.478
0.800363 0 0 0 884.023
0.803878 0 0 0 895.722
0.807408 0 0 0 907.575
0.810954 0 0 0 919.584
0.814515 0 0 0 931.753
0.818092 0 0 0 944.083
0.821685 0 0 0 956.576
0.825294 0 0 0 969.234
0.828918 0 0 0 982.06
0.832558 0 0 0 995.055
0.836215 0 0 0 1008.22
0.839887 0 0 0 1021.56
0.843575 0 0 0 1035.08
0.84728 0 0 0 1048.78
0.851001 0 0 0 1062.66
0.854738 0 0 0 1076.72
0.858492 0 0 0 1090.97
0.862262 0 0 0 1105.4
0.866049 0 0 0 1120.03
0.869852 0 0 0 1134.85
0.873673 0 0 0 1149.87
0.877509 0 0 0 1165.09
0.881363 0 0 0 1180.5
0.885234 0 0 0 1196.13
0.889121 0 0 0 1211.95
0.893026 0 0 0 1227.99
0.896948 0 0 0 1244.24
0.900887 0 0 0 1260.71
0.904843 0 0 0 1277.39
0.908817 0 0 0 1294.29
0.912808 0 0 0 1311.42
0.916817 0 0 0 1328.77
0.920843 0 0 0 1346.36
0.924887 0 0 0 1364.17
0.928949 0 0 0 1382.23
0.933029 0 0 0 1400.52
0.937126 0 0 0 1419.05
0.941242 0 0 0 1437.83
0.945375 0 0 0 1456.85
0.949527 0 0 0 1476.13
0.953697 0 0 0 1495.67
0.957885 0 0 0 1515.46
0.962092 0 0 0 1535.51
0.966317 0 0 0 1555.83
0.970561 0 0 0 1576.42
0.974823 0 0 0 1597.28
0.979104 0 0 0 1618.42
0.983404 0 0 0 1639.83
0.987723 0 0 0 1661.53
0.992061 0 0 0 1683.52
0.996418 0 0 0 1705.8
1.00079 0 0 0 1728.37
1.00519 0 0 0 1751.24
1.0096 0 0 0 1774.41
1.01404 0 0 0 1797.9
1.01849 0 0 0 1821.69
1.02296 0 0 0 1845.79
1.02746 0 0 0 1870.22
1.03197 0 0 0 1894.97
1.0365 0 0 0 1920.04
1.04105 0 0 0 1945.45
1.04562 0 0 0 1971.19
1.05022 0 0 0 1997.28
1.05483 0 0 0 2023.71
1.05946 0 0 0 2050.49
1.06411 0 0 0 2077.62
1.06879 0 0 0 2105.11
1.07348 0 0 0 2132.97
1.07819 0 0 0 2161.2
1.08293 0 0 0 2189.79
1.08769 0 0 0 2218.77
1.09246 0 0 0 2248.13
1.09726 0 0 0 2277.88
1.10208 0 0 0 2308.02
1.10692 0 0 0 2338.57
1.11178 0 0 0 2369.51
1.11666 0 0 0 2400.87
1.12157 0 0 0 2432.64
1.12649 0 0 0 2464.83
1.13144 0 0 0 2497.45
1.13641 0 0 0 2530.49
1.1414 0 0 0 2563.98
1.14641 0 0 0 2597.91
0.166681
2000
309756
     1259712000
0.000179913 0 0 0 1.00414e-08
0.000180703 0 0 0 1.01743e-08
0.000181497 0 0 0 1.03089e-08
0.000182294 0 0 0 1.04453e-08
0.000183095 0 0 0 1.05835e-08
0.000183899 0 0 0 1.07236e-08
0.000184706 0 0 0 1.08655e-08
0.000185518 0 0 0 1.10093e-08
0.000186332 0 0 0 1.11549e-08
0.000187151 0 0 0 1.13026e-08
0.000187972 0 0 0 1.14521e-08
0.000188798 0 0 0 1.16037e-08
0.000189627 0 0 0 1.17572e-08
0.00019046 0 0 0 1.19128e-08
0.000191296 0 0 0 1.20704e-08
0.000192136 0 0 0 1.22302e-08
0.00019298 0 0 0 1.2392e-08
0.000193828 0 0 0 1.2556e-08
0.000194679 0 0 0 1.27221e-08
0.000195534 0 0 0 1.28905e-08
0.000196393 0 0 0 1.30611e-08
0.000197255 0 0 0 1.32339e-08
0.000198121 0 0 0 1.3409e-08
0.000198991 0 0 0 1.35865e-08
0.000199865 0 0 0 1.37663e-08
0.000200743 0 0 0 1.39484e-08
0.000201625 0 0 0 1.4133e-08
0.00020251 0 0 0 1.432e-08
0.0002034 0 0 0 1.45095e-08
0.000204293 0 0 0 1.47015e-08
0.00020519 0 0 0 1.48961e-08
0.000206091 0 0 0 1.50932e-08
0.000206996 0 0 0 1.52929e-08
0.000207905 0 0 0 1.54953e-08
0.000208818 0 0 0 1.57003e-08
0.000209735 0 0 0 1.59081e-08
0.000210656 0 0 0 1.61186e-08
0.000211582 0 0 0 1.63319e-08
0.000212511 0 0 0 1.6548e-08
0.000213444 0 0 0 1.6767e-08
0.000214381 0 0 0 1.69889e-08
0.000215323 0 0 0 1.72137e-08
0.000216268 0 0 0 1.74414e-08
0.000217218 0 0 0 1.76722e-08
0.000218172 0 0 0 1.79061e-08
0.00021913 0 0 0 1.81431e-08
0.000220093 0 0 0 1.83831e-08
0.000221059 0 0 0 1.86264e-08
0.00022203 0 0 0 1.88729e-08
0.000223005 0 0 0 1.91226e-08
0.000223984 0 0 0 1.93757e-08
0.000224968 0 0 0 1.96321e-08
0.000225956 0 0 0 1.98919e-08
0.000226948 0 0 0 2.01551e-08
0.000227945 0 0 0 2.04218e-08
0.000228946 0 0 0 2.0692e-08
0.000229952 0 0 0 2.09658e-08
0.000230961 0 0 0 2.12433e-08
0.000231976 0 0 0 2.15244e-08
0.000232995 0 0 0 2.18092e-08
0.000234018 0 0 0 2.20978e-08
0.000235045 0 0 0 2.23902e-08
0.000236078 0 0 0 2.26865e-08
0.000237114 0 0 0 2.29867e-08
0.000238156 0 0 0 2.32909e-08
0.000239202 0 0 0 2.35991e-08
0.000240252 0 0 0 2.39114e-08
0.000241307 0 0 0 2.42278e-08
0.000242367 0 0 0 2.45484e-08
0.000243431 0 0 0 2.48733e-08
0.0002445 0 0 0 2.52024e-08
0.000245574 0 0 0 2.55359e-08
0.000246653 0 0 0 2.58738e-08
0.000247736 0 0 0 2.62162e-08
0.000248824 0 0 0 2.65631e-08
0.000249917 0 0 0 2.69146e-08
0.000251014 0 0 0 2.72708e-08
0.000252117 0 0 0 2.76317e-08
0.000253224 0 0 0 2.79973e-08
0.000254336 0 0 0 2.83678e-08
0.000255453 0 0 0 2.87432e-08
0.000256575 0 0 0 2.91235e-08
0.000257701 0 0 0 2.95089e-08
0.000258833 0 0 0 2.98994e-08
0.00025997 0 0 0 3.02951e-08
0.000261112 0 0 0 3.0696e-08
0.000262258 0 0 0 3.11022e-08
0.00026341 0 0 0 3.15137e-08
0.000264567 0 0 0 3.19307e-08
0.000265729 0 0 0 3.23533e-08
0.000266896 0 0 0 3.27814e-08
0.000268068 0 0 0 3.32152e-08
0.000269245 0 0 0 3.36547e-08
0.000270427 0 0 0 3.41001e-08
0.000271615 0 0 0 3.45513e-08
0.000272808 0 0 0 3.50085e-08
0.000274006 0 0 0 3.54718e-08
0.000275209 0 0 0 3.59412e-08
0.000276418 0 0 0 3.64168e-08
0.000277632 0 0 0 3.68987e-08
0.000278851 0 0 0 3.7387e-08
0.000280076 0 0 0 3.78817e-08
0.000281306 0 0 0 3.8383e-08
0.000282541 0 0 0 3.88909e-08
0.000283782 0 0 0 3.94055e-08
0.000285028 0 0 0 3.9927e-08
0.00028628 0 0 0 4.04553e-08
0.000287537 0 0 0 4.09907e-08
0.0002888 0 0 0 4.15331e-08
0.000290068 0 0 0 4.20827e-08
0.000291342 0 0 0 4.26396e-08
0.000292622 0 0 0 4.32038e-08
0.000293907 0 0 0 4.37755e-08
0.000295197 0 0 0 4.43548e-08
0.000296494 0 0 0 4.49418e-08
0.000297796 0 0 0 4.55365e-08
0.000299104 0 0 0 4.6139e-08
0.000300417 0 0 0 4.67496e-08
0.000301737 0 0 0 4.73682e-08
0.000303062 0 0 0 4.7995e-08
0.000304393 0 0 0 4.86302e-08
0.000305729 0 0 0 4.92737e-08
0.000307072 0 0 0 4.99257e-08
0.000308421 0 0 0 5.05864e-08
0.000309775 0 0 0 5.12558e-08
0.000311136 0 0 0 5.1934e-08
0.000312502 0 0 0 5.26213e-08
0.000313874 0 0 0 5.33176e-08
0.000315253 0 0 0 5.40231e-08
0.000316637 0 0 0 5.4738e-08
0.000318028 0 0 0 5.54624e-08
0.000319424 0 0 0 5.61963e-08
0.000320827 0 0 0 5.69399e-08
0.000322236 0 0 0 5.76934e-08
0.000323651 0 0 0 5.84568e-08
0.000325073 0 0 0 5.92304e-08
0.0003265 0 0 0 6.00142e-08
0.000327934 0 0 0 6.08083e-08
0.000329374 0 0 0 6.1613e-08
0.000330821 0 0 0 6.24283e-08
0.000332274 0 0 0 6.32544e-08
0.000333733 0 0 0 6.40915e-08
0.000335199 0 0 0 6.49396e-08
0.000336671 0 0 0 6.57989e-08
0.000338149 0 0 0 6.66696e-08
0.000339634 0 0 0 6.75519e-08
0.000341126 0 0 0 6.84458e-08
0.000342624 0 0 0 6.93515e-08
0.000344129 0 0 0 7.02692e-08
0.00034564 0 0 0 7.11991e-08
0.000347158 0 0 0 7.21413e-08
0.000348682 0 0 0 7.30959e-08
0.000350214 0 0 0 7.40632e-08
0.000351752 0 0 0 7.50432e-08
0.000353296 0 0 0 7.60363e-08
0.000354848 0 0 0 7.70424e-08
0.000356406 0 0 0 7.80619e-08
0.000357972 0 0 0 7.90949e-08
0.000359544 0 0 0 8.01416e-08
0.000361123 0 0 0 8.12021e-08
0.000362709 0 0 0 8.22766e-08
0.000364301 0 0 0 8.33654e-08
0.000365901 0 0 0 8.44685e-08
0.000367508 0 0 0 8.55863e-08
0.000369122 0 0 0 8.67188e-08
0.000370743 0 0 0 8.78664e-08
0.000372371 0 0 0 8.90291e-08
0.000374007 0 0 0 9.02072e-08
0.000375649 0 0 0 9.14009e-08
0.000377299 0 0 0 9.26104e-08
0.000378956 0 0 0 9.38359e-08
0.00038062 0 0 0 9.50776e-08
0.000382292 0 0 0 9.63358e-08
0.000383971 0 0 0 9.76106e-08
0.000385657 0 0 0 9.89023e-08
0.00038735 0 0 0 1.00211e-07
0.000389052 0 0 0 1.01537e-07
0.00039076 0 0 0 1.02881e-07
0.000392476 0 0 0 1.04242e-07
0.0003942 0 0 0 1.05622e-07
0.000395931 0 0 0 1.07019e-07
0.00039767 0 0 0 1.08435e-07
0.000399416 0 0 0 1.0987e-07
0.00040117 0 0 0 1.11324e-07
0.000402932 0 0 0 1.12797e-07
0.000404702 0 0 0 1.1429e-07
0.000406479 0 0 0 1.15802e-07
0.000408264 0 0 0 1.17335e-07
0.000410057 0 0 0 1.18887e-07
0.000411858 0 0 0 1.20461e-07
0.000413667 0 0 0 1.22055e-07
0.000415483 0 0 0 1.2367e-07
0.000417308 0 0 0 1.25306e-07
0.000419141 0 0 0 1.26965e-07
0.000420981 0 0 0 1.28645e-07
0.00042283 0 0 0 1.30347e-07
0.000424687 0 0 0 1.32072e-07
0.000426552 0 0 0 1.3382e-07
0.000428425 0 0 0 1.3559e-07
0.000430307 0 0 0 1.37385e-07
0.000432197 0 0 0 1.39203e-07
0.000434095 0 0 0 1.41045e-07
0.000436001 0 0 0 1.42911e-07
0.000437916 0 0 0 1.44802e-07
0.000439839 0 0 0 1.46718e-07
0.000441771 0 0 0 1.4866e-07
0.000443711 0 0 0 1.50627e-07
0.000445659 0 0 0 1.5262e-07
0.000447616 0 0 0 1.5464e-07
0.000449582 0 0 0 1.56686e-07
0.000451557 0 0 0 1.5876e-07
0.00045354 0 0 0 1.6086e-07
0.000455532 0 0 0 1.62989e-07
0.000457532 0 0 0 1.65146e-07
0.000459541 0 0 0 1.67331e-07
0.00046156 0 0 0 1.69546e-07
0.000463587 0 0 0 1.71789e-07
0.000465622 0 0 0 1.74062e-07
0.000467667 0 0 0 1.76366e-07
0.000469721 0 0 0 1.787e-07
0.000471784 0 0 0 1.81064e-07
0.000473856 0 0 0 1.8346e-07
0.000475937 0 0 0 1.85888e-07
0.000478027 0 0 0 1.88348e-07
0.000480126 0 0 0 1.9084e-07
0.000482235 0 0 0 1.93365e-07
0.000484353 0 0 0 1.95924e-07
0.00048648 0 0 0 1.98517e-07
0.000488616 0 0 0 2.01144e-07
0.000490762 0 0 0 2.03806e-07
0.000492917 0 0 0 2.06503e-07
0.000495082 0 0 0 2.09235e-07
0.000497256 0 0 0 2.12004e-07
0.00049944 0 0 0 2.14809e-07
0.000501633 0 0 0 2.17652e-07
0.000503836 0 0 0 2.20532e-07
0.000506049 0 0 0 2.2345e-07
0.000508271 0 0 0 2.26407e-07
0.000510504 0 0 0 2.29403e-07
0.000512746 0 0 0 2.32439e-07
0.000514997 0 0 0 2.35515e-07
0.000517259 0 0 0 2.38631e-07
0.000519531 0 0 0 2.41789e-07
0.000521812 0 0 0 2.44989e-07
0.000524104 0 0 0 2.4823e-07
0.000526405 0 0 0 2.51515e-07
0.000528717 0 0 0 2.54844e-07
0.000531039 0 0 0 2.58216e-07
0.000533371 0 0 0 2.61633e-07
0.000535714 0 0 0 2.65095e-07
0.000538066 0 0 0 2.68603e-07
0.000540429 0 0 0 2.72157e-07
0.000542803 0 0 0 2.75759e-07
0.000545187 0 0 0 2.79408e-07
0.000547581 0 0 0 2.83105e-07
0.000549986 0 0 0 2.86851e-07
0.000552401 0 0 0 2.90647e-07
0.000554827 0 0 0 2.94493e-07
0.000557263 0 0 0 2.9839e-07
0.000559711 0 0 0 3.02339e-07
0.000562169 0 0 0 3.0634e-07
0.000564638 0 0 0 3.10394e-07
0.000567117 0 0 0 3.14501e-07
0.000569608 0 0 0 3.18663e-07
0.000572109 0 0 0 3.2288e-07
0.000574622 0 0 0 3.27152e-07
0.000577145 0 0 0 3.31481e-07
0.00057968 0 0 0 3.35868e-07
0.000582226 0 0 0 3.40312e-07
0.000584783 0 0 0 3.44816e-07
0.000587351 0 0 0 3.49378e-07
0.00058993 0 0 0 3.54002e-07
0.000592521 0 0 0 3.58686e-07
0.000595123 0 0 0 3.63433e-07
0.000597737 0 0 0 3.68242e-07
0.000600362 0 0 0 3.73115e-07
0.000602998 0 0 0 3.78052e-07
0.000605647 0 0 0 3.83055e-07
0.000608306 0 0 0 3.88124e-07
0.000610978 0 0 0 3.9326e-07
0.000613661 0 0 0 3.98464e-07
0.000616356 0 0 0 4.03737e-07
0.000619063 0 0 0 4.09079e-07
0.000621782 0 0 0 4.14492e-07
0.000624512 0 0 0 4.19977e-07
0.000627255 0 0 0 4.25535e-07
0.00063001 0 0 0 4.31166e-07
0.000632776 0 0 0 4.36871e-07
0.000635555 0 0 0 4.42653e-07
0.000638346 0 0 0 4.4851e-07
0.00064115 0 0 0 4.54445e-07
0.000643965 0 0 0 4.60459e-07
0.000646793 0 0 0 4.66552e-07
0.000649634 0 0 0 4.72726e-07
0.000652487 0 0 0 4.78981e-07
0.000655352 0 0 0 4.8532e-07
0.000658231 0 0 0 4.91742e-07
0.000661121 0 0 0 4.98249e-07
0.000664025 0 0 0 5.04842e-07
0.000666941 0 0 0 5.11523e-07
0.00066987 0 0 0 5.18292e-07
0.000672812 0 0 0 5.2515e-07
0.000675766 0 0 0 5.32099e-07
0.000678734 0 0 0 5.39141e-07
0.000681715 0 0 0 5.46275e-07
0.000684709 0 0 0 5.53504e-07
0.000687716 0 0 0 5.60828e-07
0.000690736 0 0 0 5.6825e-07
0.000693769 0 0 0 5.75769e-07
0.000696816 0 0 0 5.83388e-07
0.000699876 0 0 0 5.91108e-07
0.00070295 0 0 0 5.9893e-07
0.000706037 0 0 0 6.06856e-07
0.000709138 0 0 0 6.14886e-07
0.000712252 0 0 0 6.23023e-07
0.00071538 0 0 0 6.31267e-07
0.000718522 0 0 0 6.39621e-07
0.000721677 0 0 0 6.48085e-07
0.000724846 0 0 0 6.56661e-07
0.00072803 0 0 0 6.6535e-07
0.000731227 0 0 0 6.74155e-07
0.000734438 0 0 0 6.83076e-07
0.000737664 0 0 0 6.92115e-07
0.000740903 0 0 0 7.01274e-07
0.000744157 0 0 0 7.10553e-07
0.000747425 0 0 0 7.19956e-07
0.000750707 0 0 0 7.29483e-07
0.000754004 0 0 0 7.39136e-07
0.000757316 0 0 0 7.48917e-07
0.000760641 0 0 0 7.58827e-07
0.000763982 0 0 0 7.68869e-07
0.000767337 0 0 0 7.79043e-07
0.000770707 0 0 0 7.89352e-07
0.000774092 0 0 0 7.99798e-07
0.000777491 0 0 0 8.10381e-07
0.000780906 0 0 0 8.21105e-07
0.000784335 0 0 0 8.31971e-07
0.00078778 0 0 0 8.4298e-07
0.000791239 0 0 0 8.54135e-07
0.000794714 0 0 0 8.65438e-07
0.000798204 0 0 0 8.7689e-07
0.00080171 0 0 0 8.88494e-07
0.00080523 0 0 0 9.00251e-07
0.000808767 0 0 0 9.12164e-07
0.000812318 0 0 0 9.24234e-07
0.000815886 0 0 0 9.36465e-07
0.000819469 0 0 0 9.48857e-07
0.000823068 0 0 0 9.61413e-07
0.000826682 0 0 0 9.74135e-07
0.000830313 0 0 0 9.87026e-07
0.000833959 0 0 0 1.00009e-06
0.000837622 0 0 0 1.01332e-06
0.0008413 0 0 0 1.02673e-06
0.000844995 0 0 0 1.04032e-06
0.000848706 0 0 0 1.05408e-06
0.000852433 0 0 0 1.06803e-06
0.000856177 0 0 0 1.08216e-06
0.000859937 0 0 0 1.09648e-06
0.000863713 0 0 0 1.11099e-06
0.000867506 0 0 0 1.1257e-06
0.000871316 0 0 0 1.14059e-06
0.000875143 0 0 0 1.15569e-06
0.000878986 0 0 0 1.17098e-06
0.000882846 0 0 0 1.18647e-06
0.000886723 0 0 0 1.20217e-06
0.000890617 0 0 0 1.21808e-06
0.000894529 0 0 0 1.2342e-06
0.000898457 0 0 0 1.25053e-06
0.000902403 0 0 0 1.26708e-06
0.000906366 0 0 0 1.28385e-06
0.000910346 0 0 0 1.30084e-06
0.000914344 0 0 0 1.31805e-06
0.00091836 0 0 0 1.33549e-06
0.000922393 0 0 0 1.35317e-06
0.000926444 0 0 0 1.37107e-06
0.000930512 0 0 0 1.38922e-06
0.000934599 0 0 0 1.4076e-06
0.000938703 0 0 0 1.42622e-06
0.000942826 0 0 0 1.4451e-06
0.000946966 0 0 0 1.46422e-06
0.000951125 0 0 0 1.4836e-06
0.000955302 0 0 0 1.50323e-06
0.000959497 0 0 0 1.52312e-06
0.000963711 0 0 0 1.54328e-06
0.000967943 0 0 0 1.5637e-06
0.000972194 0 0 0 1.58439e-06
0.000976464 0 0 0 1.60536e-06
0.000980752 0 0 0 1.6266e-06
0.000985059 0 0 0 1.64812e-06
0.000989385 0 0 0 1.66993e-06
0.00099373 0 0 0 1.69203e-06
0.000998094 0 0 0 1.71442e-06
0.00100248 0 0 0 1.73711e-06
0.00100688 0 0 0 1.7601e-06
0.0010113 0 0 0 1.78339e-06
0.00101574 0 0 0 1.80699e-06
0.0010202 0 0 0 1.8309e-06
0.00102468 0 0 0 1.85513e-06
0.00102918 0 0 0 1.87967e-06
0.0010337 0 0 0 1.90455e-06
0.00103824 0 0 0 1.92975e-06
0.0010428 0 0 0 1.95529e-06
0.00104738 0 0 0 1.98116e-06
0.00105198 0 0 0 2.00738e-06
0.0010566 0 0 0 2.03394e-06
0.00106124 0 0 0 2.06086e-06
0.0010659 0 0 0 2.08813e-06
0.00107058 0 0 0 2.11576e-06
0.00107529 0 0 0 2.14376e-06
0.00108001 0 0 0 2.17212e-06
0.00108475 0 0 0 2.20087e-06
0.00108952 0 0 0 2.22999e-06
0.0010943 0 0 0 2.2595e-06
0.00109911 0 0 0 2.2894e-06
0.00110393 0 0 0 2.3197e-06
0.00110878 0 0 0 2.35039e-06
0.00111365 0 0 0 2.38149e-06
0.00111854 0 0 0 2.41301e-06
0.00112345 0 0 0 2.44494e-06
0.00112839 0 0 0 2.47729e-06
0.00113334 0 0 0 2.51007e-06
0.00113832 0 0 0 2.54329e-06
0.00114332 0 0 0 2.57695e-06
0.00114834 0 0 0 2.61105e-06
0.00115338 0 0 0 2.6456e-06
0.00115845 0 0 0 2.68061e-06
0.00116354 0 0 0 2.71608e-06
0.00116865 0 0 0 2.75202e-06
0.00117378 0 0 0 2.78844e-06
0.00117893 0 0 0 2.82534e-06
0.00118411 0 0 0 2.86272e-06
0.00118931 0 0 0 2.9006e-06
0.00119453 0 0 0 2.93899e-06
0.00119978 0 0 0 2.97788e-06
0.00120505 0 0 0 3.01729e-06
0.00121034 0 0 0 3.05721e-06
0.00121566 0 0 0 3.09767e-06
0.00122099 0 0 0 3.13866e-06
0.00122636 0 0 0 3.18019e-06
0.00123174 0 0 0 3.22228e-06
0.00123715 0 0 0 3.26492e-06
0.00124258 0 0 0 3.30812e-06
0.00124804 0 0 0 3.3519e-06
0.00125352 0 0 0 3.39625e-06
0.00125903 0 0 0 3.44119e-06
0.00126456 0 0 0 3.48673e-06
0.00127011 0 0 0 3.53287e-06
0.00127569 0 0 0 3.57962e-06
0.00128129 0 0 0 3.62699e-06
0.00128692 0 0 0 3.67498e-06
0.00129257 0 0 0 3.72361e-06
0.00129825 0 0 0 3.77289e-06
0.00130395 0 0 0 3.82281e-06
0.00130967 0 0 0 3.8734e-06
0.00131543 0 0 0 3.92466e-06
0.0013212 0 0 0 3.97659e-06
0.001327 0 0 0 4.02921e-06
0.00133283 0 0 0 4.08253e-06
0.00133869 0 0 0 4.13656e-06
0.00134456 0 0 0 4.19129e-06
0.00135047 0 0 0 4.24676e-06
0.0013564 0 0 0 4.30295e-06
0.00136236 0 0 0 4.35989e-06
0.00136834 0 0 0 4.41759e-06
0.00137435 0 0 0 4.47605e-06
0.00138038 0 0 0 4.53528e-06
0.00138645 0 0 0 4.59529e-06
0.00139254 0 0 0 4.6561e-06
0.00139865 0 0 0 4.71771e-06
0.00140479 0 0 0 4.78014e-06
0.00141096 0 0 0 4.8434e-06
0.00141716 0 0 0 4.90749e-06
0.00142338 0 0 0 4.97243e-06
0.00142963 0 0 0 5.03823e-06
0.00143591 0 0 0 5.1049e-06
0.00144222 0 0 0 5.17245e-06
0.00144855 0 0 0 5.2409e-06
0.00145491 0 0 0 5.31025e-06
0.0014613 0 0 0 5.38052e-06
0.00146772 0 0 0 5.45172e-06
0.00147417 0 0 0 5.52386e-06
0.00148064 0 0 0 5.59696e-06
0.00148714 0 0 0 5.67102e-06
0.00149367 0 0 0 5.74607e-06
0.00150023 0 0 0 5.8221e-06
0.00150682 0 0 0 5.89915e-06
0.00151344 0 0 0 5.97721e-06
0.00152009 0 0 0 6.0563e-06
0.00152676 0 0 0 6.13645e-06
0.00153347 0 0 0 6.21765e-06
0.0015402 0 0 0 6.29993e-06
0.00154697 0 0 0 6.38329e-06
0.00155376 0 0 0 6.46776e-06
0.00156058 0 0 0 6.55335e-06
0.00156744 0 0 0 6.64007e-06
0.00157432 0 0 0 6.72794e-06
0.00158123 0 0 0 6.81697e-06
0.00158818 0 0 0 6.90717e-06
0.00159515 0 0 0 6.99858e-06
0.00160216 0 0 0 7.09119e-06
0.00160919 0 0 0 7.18502e-06
0.00161626 0 0 0 7.2801e-06
0.00162336 0 0 0 7.37644e-06
0.00163049 0 0 0 7.47405e-06
0.00163765 0 0 0 7.57295e-06
0.00164484 0 0 0 7.67317e-06
0.00165206 0 0 0 7.7747e-06
0.00165932 0 0 0 7.87759e-06
0.00166661 0 0 0 7.98183e-06
0.00167393 0 0 0 8.08745e-06
0.00168128 0 0 0 8.19447e-06
0.00168866 0 0 0 8.30291e-06
0.00169608 0 0 0 8.41278e-06
0.00170353 0 0 0 8.5241e-06
0.00171101 0 0 0 8.6369e-06
0.00171852 0 0 0 8.75119e-06
0.00172607 0 0 0 8.867e-06
0.00173365 0 0 0 8.98433e-06
0.00174126 0 0 0 9.10322e-06
0.00174891 0 0 0 9.22368e-06
0.00175659 0 0 0 9.34574e-06
0.0017643 0 0 0 9.46941e-06
0.00177205 0 0 0 9.59472e-06
0.00177983 0 0 0 9.72168e-06
0.00178765 0 0 0 9.85033e-06
0.0017955 0 0 0 9.98068e-06
0.00180339 0 0 0 1.01127e-05
0.00181131 0 0 0 1.02466e-05
0.00181926 0 0 0 1.03822e-05
0.00182725 0 0 0 1.05195e-05
0.00183527 0 0 0 1.06588e-05
0.00184333 0 0 0 1.07998e-05
0.00185143 0 0 0 1.09427e-05
0.00185956 0 0 0 1.10875e-05
0.00186773 0 0 0 1.12342e-05
0.00187593 0 0 0 1.13829e-05
0.00188417 0 0 0 1.15335e-05
0.00189244 0 0 0 1.16861e-05
0.00190075 0 0 0 1.18408e-05
0.0019091 0 0 0 1.19975e-05
0.00191748 0 0 0 1.21562e-05
0.00192591 0 0 0 1.23171e-05
0.00193436 0 0 0 1.24801e-05
0.00194286 0 0 0 1.26452e-05
0.00195139 0 0 0 1.28126e-05
0.00195996 0 0 0 1.29821e-05
0.00196857 0 0 0 1.31539e-05
0.00197721 0 0 0 1.3328e-05
0.0019859 0 0 0 1.35043e-05
0.00199462 0 0 0 1.3683e-05
0.00200338 0 0 0 1.38641e-05
0.00201218 0 0 0 1.40476e-05
0.00202101 0 0 0 1.42335e-05
0.00202989 0 0 0 1.44218e-05
0.0020388 0 0 0 1.46126e-05
0.00204776 0 0 0 1.4806e-05
0.00205675 0 0 0 1.50019e-05
0.00206578 0 0 0 1.52005e-05
0.00207485 0 0 0 1.54016e-05
0.00208397 0 0 0 1.56054e-05
0.00209312 0 0 0 1.58119e-05
0.00210231 0 0 0 1.60211e-05
0.00211154 0 0 0 1.62332e-05
0.00212082 0 0 0 1.6448e-05
0.00213013 0 0 0 1.66656e-05
0.00213948 0 0 0 1.68862e-05
0.00214888 0 0 0 1.71096e-05
0.00215832 0 0 0 1.7336e-05
0.0021678 0 0 0 1.75654e-05
0.00217732 0 0 0 1.77979e-05
0.00218688 0 0 0 1.80334e-05
0.00219648 0 0 0 1.8272e-05
0.00220613 0 0 0 1.85138e-05
0.00221582 0 0 0 1.87588e-05
0.00222555 0 0 0 1.9007e-05
0.00223532 0 0 0 1.92585e-05
0.00224514 0 0 0 1.95134e-05
0.002255 0 0 0 1.97716e-05
0.0022649 0 0 0 2.00332e-05
0.00227485 0 0 0 2.02983e-05
0.00228484 0 0 0 2.05669e-05
0.00229487 0 0 0 2.08391e-05
0.00230495 0 0 0 2.11149e-05
0.00231507 0 0 0 2.13943e-05
0.00232524 0 0 0 2.16774e-05
0.00233545 0 0 0 2.19642e-05
0.00234571 0 0 0 2.22549e-05
0.00235601 0 0 0 2.25494e-05
0.00236636 0 0 0 2.28478e-05
0.00237675 0 0 0 2.31501e-05
0.00238719 0 0 0 2.34565e-05
0.00239767 0 0 0 2.37669e-05
0.0024082 0 0 0 2.40814e-05
0.00241878 0 0 0 2.44e-05
0.0024294 0 0 0 2.47229e-05
0.00244007 0 0 0 2.50501e-05
0.00245078 0 0 0 2.53815e-05
0.00246155 0 0 0 2.57174e-05
0.00247236 0 0 0 2.60577e-05
0.00248321 0 0 0 2.64026e-05
0.00249412 0 0 0 2.67519e-05
0.00250507 0 0 0 2.71059e-05
0.00251607 0 0 0 2.74646e-05
0.00252712 0 0 0 2.78281e-05
0.00253822 0 0 0 2.81963e-05
0.00254937 0 0 0 2.85694e-05
0.00256057 0 0 0 2.89475e-05
0.00257181 0 0 0 2.93305e-05
0.00258311 0 0 0 2.97187e-05
0.00259445 0 0 0 3.01119e-05
0.00260584 0 0 0 3.05104e-05
0.00261729 0 0 0 3.09141e-05
0.00262878 0 0 0 3.13232e-05
0.00264033 0 0 0 3.17377e-05
0.00265192 0 0 0 3.21577e-05
0.00266357 0 0 0 3.25832e-05
0.00267526 0 0 0 3.30144e-05
0.00268701 0 0 0 3.34513e-05
0.00269881 0 0 0 3.38939e-05
0.00271067 0 0 0 3.43425e-05
0.00272257 0 0 0 3.47969e-05
0.00273453 0 0 0 3.52574e-05
0.00274654 0 0 0 3.57239e-05
0.0027586 0 0 0 3.61967e-05
0.00277071 0 0 0 3.66756e-05
0.00278288 0 0 0 3.7161e-05
0.0027951 0 0 0 3.76527e-05
0.00280738 0 0 0 3.8151e-05
0.00281971 0 0 0 3.86558e-05
0.00283209 0 0 0 3.91673e-05
0.00284453 0 0 0 3.96856e-05
0.00285702 0 0 0 4.02108e-05
0.00286957 0 0 0 4.07429e-05
0.00288217 0 0 0 4.1282e-05
0.00289483 0 0 0 4.18283e-05
0.00290754 0 0 0 4.23818e-05
0.00292031 0 0 0 4.29427e-05
0.00293313 0 0 0 4.35109e-05
0.00294601 0 0 0 4.40867e-05
0.00295895 0 0 0 4.46701e-05
0.00297195 0 0 0 4.52612e-05
0.002985 0 0 0 4.58601e-05
0.00299811 0 0 0 4.6467e-05
0.00301127 0 0 0 4.70819e-05
0.0030245 0 0 0 4.77049e-05
0.00303778 0 0 0 4.83362e-05
0.00305112 0 0 0 4.89758e-05
0.00306452 0 0 0 4.96239e-05
0.00307798 0 0 0 5.02806e-05
0.0030915 0 0 0 5.09459e-05
0.00310507 0 0 0 5.16201e-05
0.00311871 0 0 0 5.23032e-05
0.00313241 0 0 0 5.29953e-05
0.00314616 0 0 0 5.36966e-05
0.00315998 0 0 0 5.44071e-05
0.00317386 0 0 0 5.51271e-05
0.0031878 0 0 0 5.58566e-05
0.00320179 0 0 0 5.65957e-05
0.00321586 0 0 0 5.73446e-05
0.00322998 0 0 0 5.81035e-05
0.00324416 0 0 0 5.88724e-05
0.00325841 0 0 0 5.96514e-05
0.00327272 0 0 0 6.04408e-05
0.00328709 0 0 0 6.12406e-05
0.00330153 0 0 0 6.2051e-05
0.00331603 0 0 0 6.28721e-05
0.00333059 0 0 0 6.3704e-05
0.00334522 0 0 0 6.4547e-05
0.00335991 0 0 0 6.54012e-05
0.00337466 0 0 0 6.62666e-05
0.00338948 0 0 0 6.71435e-05
0.00340437 0 0 0 6.8032e-05
0.00341932 0 0 0 6.89323e-05
0.00343434 0 0 0 6.98445e-05
0.00344942 0 0 0 7.07687e-05
0.00346457 0 0 0 7.17052e-05
0.00347978 0 0 0 7.2654e-05
0.00349507 0 0 0 7.36155e-05
0.00351041 0 0 0 7.45896e-05
0.00352583 0 0 0 7.55766e-05
0.00354132 0 0 0 7.65767e-05
0.00355687 0 0 0 7.75901e-05
0.00357249 0 0 0 7.86168e-05
0.00358818 0 0 0 7.96571e-05
0.00360393 0 0 0 8.07112e-05
0.00361976 0 0 0 8.17793e-05
0.00363566 0 0 0 8.28614e-05
0.00365163 0 0 0 8.39579e-05
0.00366766 0 0 0 8.50689e-05
0.00368377 0 0 0 8.61946e-05
0.00369995 0 0 0 8.73352e-05
0.0037162 0 0 0 8.84909e-05
0.00373252 0 0 0 8.96619e-05
0.00374891 0 0 0 9.08484e-05
0.00376537 0 0 0 9.20506e-05
0.00378191 0 0 0 9.32687e-05
0.00379852 0 0 0 9.45029e-05
0.0038152 0 0 0 9.57534e-05
0.00383195 0 0 0 9.70205e-05
0.00384878 0 0 0 9.83044e-05
0.00386568 0 0 0 9.96052e-05
0.00388266 0 0 0 0.000100923
0.00389971 0 0 0 0.000102259
0.00391684 0 0 0 0.000103612
0.00393404 0 0 0 0.000104983
0.00395132 0 0 0 0.000106372
0.00396867 0 0 0 0.00010778
0.0039861 0 0 0 0.000109206
0.0040036 0 0 0 0.000110651
0.00402119 0 0 0 0.000112115
0.00403885 0 0 0 0.000113599
0.00405658 0 0 0 0.000115102
0.0040744 0 0 0 0.000116625
0.00409229 0 0 0 0.000118169
0.00411026 0 0 0 0.000119732
0.00412831 0 0 0 0.000121317
0.00414644 0 0 0 0.000122922
0.00416465 0 0 0 0.000124549
0.00418294 0 0 0 0.000126197
0.00420131 0 0 0 0.000127867
0.00421976 0 0 0 0.000129559
0.0042383 0 0 0 0.000131273
0.00425691 0 0 0 0.000133011
0.0042756 0 0 0 0.000134771
0.00429438 0 0 0 0.000136554
0.00431324 0 0 0 0.000138361
0.00433218 0 0 0 0.000140192
0.00435121 0 0 0 0.000142047
0.00437032 0 0 0 0.000143927
0.00438951 0 0 0 0.000145831
0.00440879 0 0 0 0.000147761
0.00442815 0 0 0 0.000149716
0.0044476 0 0 0 0.000151698
0.00446713 0 0 0 0.000153705
0.00448675 0 0 0 0.000155739
0.00450645 0 0 0 0.0001578
0.00452624 0 0 0 0.000159888
0.00454612 0 0 0 0.000162004
0.00456608 0 0 0 0.000164148
0.00458614 0 0 0 0.00016632
0.00460628 0 0 0 0.000168521
0.00462651 0 0 0 0.000170751
0.00464682 0 0 0 0.00017301
0.00466723 0 0 0 0.0001753
0.00468773 0 0 0 0.000177619
0.00470831 0 0 0 0.00017997
0.00472899 0 0 0 0.000182351
0.00474976 0 0 0 0.000184764
0.00477062 0 0 0 0.000187209
0.00479157 0 0 0 0.000189687
0.00481261 0 0 0 0.000192197
0.00483375 0 0 0 0.00019474
0.00485498 0 0 0 0.000197317
0.0048763 0 0 0 0.000199928
0.00489771 0 0 0 0.000202574
0.00491922 0 0 0 0.000205254
0.00494082 0 0 0 0.00020797
0.00496252 0 0 0 0.000210722
0.00498432 0 0 0 0.000213511
0.00500621 0 0 0 0.000216336
0.00502819 0 0 0 0.000219199
0.00505027 0 0 0 0.0002221
0.00507245 0 0 0 0.000225039
0.00509473 0 0 0 0.000228016
0.0051171 0 0 0 0.000231034
0.00513958 0 0 0 0.000234091
0.00516215 0 0 0 0.000237189
0.00518482 0 0 0 0.000240327
0.00520759 0 0 0 0.000243508
0.00523046 0 0 0 0.00024673
0.00525343 0 0 0 0.000249995
0.0052765 0 0 0 0.000253303
0.00529967 0 0 0 0.000256655
0.00532294 0 0 0 0.000260051
0.00534632 0 0 0 0.000263492
0.0053698 0 0 0 0.000266979
0.00539338 0 0 0 0.000270512
0.00541707 0 0 0 0.000274092
0.00544086 0 0 0 0.000277719
0.00546475 0 0 0 0.000281394
0.00548875 0 0 0 0.000285117
0.00551286 0 0 0 0.00028889
0.00553707 0 0 0 0.000292713
0.00556138 0 0 0 0.000296587
0.00558581 0 0 0 0.000300511
0.00561034 0 0 0 0.000304488
0.00563498 0 0 0 0.000308517
0.00565972 0 0 0 0.0003126
0.00568458 0 0 0 0.000316736
0.00570954 0 0 0 0.000320928
0.00573462 0 0 0 0.000325175
0.0057598 0 0 0 0.000329478
0.0057851 0 0 0 0.000333837
0.0058105 0 0 0 0.000338255
0.00583602 0 0 0 0.000342731
0.00586165 0 0 0 0.000347266
0.00588739 0 0 0 0.000351862
0.00591325 0 0 0 0.000356518
0.00593922 0 0 0 0.000361236
0.0059653 0 0 0 0.000366016
0.0059915 0 0 0 0.000370859
0.00601781 0 0 0 0.000375767
0.00604424 0 0 0 0.000380739
0.00607078 0 0 0 0.000385778
0.00609744 0 0 0 0.000390883
0.00612422 0 0 0 0.000396055
0.00615112 0 0 0 0.000401296
0.00617813 0 0 0 0.000406606
0.00620526 0 0 0 0.000411987
0.00623251 0 0 0 0.000417439
0.00625988 0 0 0 0.000422963
0.00628737 0 0 0 0.00042856
0.00631499 0 0 0 0.000434231
0.00634272 0 0 0 0.000439977
0.00637057 0 0 0 0.000445799
0.00639855 0 0 0 0.000451698
0.00642665 0 0 0 0.000457675
0.00645488 0 0 0 0.000463732
0.00648322 0 0 0 0.000469868
0.0065117 0 0 0 0.000476086
0.00654029 0 0 0 0.000482386
0.00656901 0 0 0 0.000488769
0.00659786 0 0 0 0.000495237
0.00662684 0 0 0 0.00050179
0.00665594 0 0 0 0.000508431
0.00668517 0 0 0 0.000515159
0.00671453 0 0 0 0.000521976
0.00674402 0 0 0 0.000528883
0.00677364 0 0 0 0.000535881
0.00680338 0 0 0 0.000542973
0.00683326 0 0 0 0.000550158
0.00686327 0 0 0 0.000557438
0.00689341 0 0 0 0.000564815
0.00692369 0 0 0 0.000572289
0.00695409 0 0 0 0.000579862
0.00698463 0 0 0 0.000587535
0.00701531 0 0 0 0.00059531
0.00704611 0 0 0 0.000603187
0.00707706 0 0 0 0.000611169
0.00710814 0 0 0 0.000619257
0.00713935 0 0 0 0.000627451
0.00717071 0 0 0 0.000635754
0.0072022 0 0 0 0.000644167
0.00723383 0 0 0 0.000652691
0.0072656 0 0 0 0.000661328
0.00729751 0 0 0 0.00067008
0.00732955 0 0 0 0.000678947
0.00736174 0 0 0 0.000687931
0.00739407 0 0 0 0.000697034
0.00742654 0 0 0 0.000706258
0.00745916 0 0 0 0.000715604
0.00749192 0 0 0 0.000725073
0.00752482 0 0 0 0.000734668
0.00755786 0 0 0 0.00074439
0.00759106 0 0 0 0.00075424
0.00762439 0 0 0 0.000764221
0.00765788 0 0 0 0.000774334
0.00769151 0 0 0 0.000784581
0.00772529 0 0 0 0.000794963
0.00775921 0 0 0 0.000805483
0.00779329 0 0 0 0.000816141
0.00782751 0 0 0 0.000826941
0.00786189 0 0 0 0.000837884
0.00789642 0 0 0 0.000848972
0.00793109 0 0 0 0.000860206
0.00796592 0 0 0 0.000871589
0.00800091 0 0 0 0.000883123
0.00803605 0 0 0 0.000894809
0.00807134 0 0 0 0.00090665
0.00810678 0 0 0 0.000918647
0.00814239 0 0 0 0.000930804
0.00817814 0 0 0 0.000943121
0.00821406 0 0 0 0.000955601
0.00825013 0 0 0 0.000968246
0.00828636 0 0 0 0.000981059
0.00832275 0 0 0 0.000994041
0.00835931 0 0 0 0.0010072
0.00839602 0 0 0 0.00102052
0.00843289 0 0 0 0.00103403
0.00846992 0 0 0 0.00104771
0.00850712 0 0 0 0.00106158
0.00854448 0 0 0 0.00107562
0.008582 0 0 0 0.00108986
0.00861969 0 0 0 0.00110428
0.00865755 0 0 0 0.00111889
0.00869557 0 0 0 0.0011337
0.00873376 0 0 0 0.0011487
0.00877211 0 0 0 0.0011639
0.00881064 0 0 0 0.0011793
0.00884933 0 0 0 0.00119491
0.00888819 0 0 0 0.00121072
0.00892723 0 0 0 0.00122674
0.00896643 0 0 0 0.00124297
0.00900581 0 0 0 0.00125942
0.00904536 0 0 0 0.00127609
0.00908508 0 0 0 0.00129297
0.00912498 0 0 0 0.00131008
0.00916506 0 0 0 0.00132742
0.0092053 0 0 0 0.00134499
0.00924573 0 0 0 0.00136278
0.00928634 0 0 0 0.00138082
0.00932712 0 0 0 0.00139909
0.00936808 0 0 0 0.0014176
0.00940922 0 0 0 0.00143636
0.00945054 0 0 0 0.00145537
0.00949205 0 0 0 0.00147463
0.00953373 0 0 0 0.00149414
0.0095756 0 0 0 0.00151391
0.00961765 0 0 0 0.00153395
0.00965989 0 0 0 0.00155425
0.00970231 0 0 0 0.00157481
0.00974492 0 0 0 0.00159565
0.00978772 0 0 0 0.00161677
0.0098307 0 0 0 0.00163816
0.00987387 0 0 0 0.00165984
0.00991724 0 0 0 0.0016818
0.00996079 0 0 0 0.00170406
0.0100045 0 0 0 0.00172661
0.0100485 0 0 0 0.00174946
0.0100926 0 0 0 0.00177261
0.0101369 0 0 0 0.00179606
0.0101814 0 0 0 0.00181983
0.0102262 0 0 0 0.00184391
0.0102711 0 0 0 0.00186831
0.0103162 0 0 0 0.00189304
0.0103615 0 0 0 0.00191809
0.010407 0 0 0 0.00194347
0.0104527 0 0 0 0.00196918
0.0104986 0 0 0 0.00199524
0.0105447 0 0 0 0.00202165
0.010591 0 0 0 0.0020484
0.0106375 0 0 0 0.0020755
0.0106842 0 0 0 0.00210297
0.0107312 0 0 0 0.0021308
0.0107783 0 0 0 0.00215899
0.0108256 0 0 0 0.00218756
0.0108732 0 0 0 0.00221651
0.0109209 0 0 0 0.00224584
0.0109689 0 0 0 0.00227556
0.011017 0 0 0 0.00230567
0.0110654 0 0 0 0.00233618
0.011114 0 0 0 0.0023671
0.0111628 0 0 0 0.00239842
0.0112118 0 0 0 0.00243016
0.0112611 0 0 0 0.00246232
0.0113105 0 0 0 0.0024949
0.0113602 0 0 0 0.00252792
0.0114101 0 0 0 0.00256137
0.0114602 0 0 0 0.00259526
0.0115105 0 0 0 0.0026296
0.0115611 0 0 0 0.0026644
0.0116119 0 0 0 0.00269966
0.0116629 0 0 0 0.00273538
0.0117141 0 0 0 0.00277158
0.0117655 0 0 0 0.00280826
0.0118172 0 0 0 0.00284542
0.0118691 0 0 0 0.00288307
0.0119212 0 0 0 0.00292122
0.0119736 0 0 0 0.00295988
0.0120262 0 0 0 0.00299905
0.012079 0 0 0 0.00303873
0.012132 0 0 0 0.00307894
0.0121853 0 0 0 0.00311969
0.0122388 0 0 0 0.00316097
0.0122926 0 0 0 0.0032028
0.0123465 0 0 0 0.00324518
0.0124008 0 0 0 0.00328812
0.0124552 0 0 0 0.00333163
0.0125099 0 0 0 0.00337572
0.0125649 0 0 0 0.00342039
0.01262 0 0 0 0.00346565
0.0126755 0 0 0 0.00351151
0.0127311 0 0 0 0.00355798
0.012787 0 0 0 0.00360506
0.0128432 0 0 0 0.00365277
0.0128996 0 0 0 0.00370111
0.0129562 0 0 0 0.00375008
0.0130131 0 0 0 0.00379971
0.0130703 0 0 0 0.00384999
0.0131277 0 0 0 0.00390093
0.0131853 0 0 0 0.00395255
0.0132433 0 0 0 0.00400486
0.0133014 0 0 0 0.00405785
0.0133598 0 0 0 0.00411155
0.0134185 0 0 0 0.00416596
0.0134774 0 0 0 0.00422109
0.0135366 0 0 0 0.00427694
0.0135961 0 0 0 0.00433354
0.0136558 0 0 0 0.00439088
0.0137157 0 0 0 0.00444899
0.013776 0 0 0 0.00450786
0.0138365 0 0 0 0.00456751
0.0138972 0 0 0 0.00462795
0.0139583 0 0 0 0.0046892
0.0140196 0 0 0 0.00475125
0.0140811 0 0 0 0.00481412
0.014143 0 0 0 0.00487782
0.0142051 0 0 0 0.00494237
0.0142675 0 0 0 0.00500777
0.0143301 0 0 0 0.00507404
0.0143931 0 0 0 0.00514118
0.0144563 0 0 0 0.00520922
0.0145198 0 0 0 0.00527815
0.0145835 0 0 0 0.005348
0.0146476 0 0 0 0.00541876
0.0147119 0 0 0 0.00549047
0.0147765 0 0 0 0.00556312
0.0148414 0 0 0 0.00563674
0.0149066 0 0 0 0.00571133
0.014972 0 0 0 0.00578691
0.0150378 0 0 0 0.00586349
0.0151038 0 0 0 0.00594108
0.0151702 0 0 0 0.00601969
0.0152368 0 0 0 0.00609935
0.0153037 0 0 0 0.00618006
0.0153709 0 0 0 0.00626184
0.0154384 0 0 0 0.00634471
0.0155062 0 0 0 0.00642866
0.0155743 0 0 0 0.00651373
0.0156427 0 0 0 0.00659993
0.0157114 0 0 0 0.00668727
0.0157804 0 0 0 0.00677576
0.0158497 0 0 0 0.00686542
0.0159193 0 0 0 0.00695627
0.0159892 0 0 0 0.00704832
0.0160594 0 0 0 0.00714159
0.01613 0 0 0 0.00723609
0.0162008 0 0 0 0.00733185
0.016272 0 0 0 0.00742887
0.0163434 0 0 0 0.00752718
0.0164152 0 0 0 0.00762678
0.0164873 0 0 0 0.00772771
0.0165597 0 0 0 0.00782997
0.0166324 0 0 0 0.00793358
0.0167055 0 0 0 0.00803856
0.0167788 0 0 0 0.00814494
0.0168525 0 0 0 0.00825272
0.0169265 0 0 0 0.00836192
0.0170009 0 0 0 0.00847258
0.0170755 0 0 0 0.00858469
0.0171505 0 0 0 0.00869829
0.0172258 0 0 0 0.0088134
0.0173015 0 0 0 0.00893002
0.0173775 0 0 0 0.00904819
0.0174538 0 0 0 0.00916793
0.0175304 0 0 0 0.00928924
0.0176074 0 0 0 0.00941217
0.0176847 0 0 0 0.00953672
0.0177624 0 0 0 0.00966291
0.0178404 0 0 0 0.00979078
0.0179188 0 0 0 0.00992034
0.0179974 0 0 0 0.0100516
0.0180765 0 0 0 0.0101846
0.0181559 0 0 0 0.0103194
0.0182356 0 0 0 0.010456
0.0183157 0 0 0 0.0105943
0.0183961 0 0 0 0.0107345
0.0184769 0 0 0 0.0108766
0.0185581 0 0 0 0.0110205
0.0186396 0 0 0 0.0111663
0.0187214 0 0 0 0.0113141
0.0188036 0 0 0 0.0114638
0.0188862 0 0 0 0.0116155
0.0189692 0 0 0 0.0117692
0.0190525 0 0 0 0.0119249
0.0191361 0 0 0 0.0120827
0.0192202 0 0 0 0.0122426
0.0193046 0 0 0 0.0124046
0.0193894 0 0 0 0.0125688
0.0194745 0 0 0 0.0127351
0.01956 0 0 0 0.0129036
0.0196459 0 0 0 0.0130744
0.0197322 0 0 0 0.0132474
0.0198189 0 0 0 0.0134227
0.0199059 0 0 0 0.0136003
0.0199933 0 0 0 0.0137803
0.0200811 0 0 0 0.0139626
0.0201693 0 0 0 0.0141474
0.0202579 0 0 0 0.0143346
0.0203469 0 0 0 0.0145243
0.0204362 0 0 0 0.0147165
0.020526 0 0 0 0.0149113
0.0206161 0 0 0 0.0151086
0.0207066 0 0 0 0.0153085
0.0207976 0 0 0 0.0155111
0.0208889 0 0 0 0.0157163
0.0209807 0 0 0 0.0159243
0.0210728 0 0 0 0.016135
0.0211653 0 0 0 0.0163485
0.0212583 0 0 0 0.0165649
0.0213517 0 0 0 0.0167841
0.0214454 0 0 0 0.0170062
0.0215396 0 0 0 0.0172312
0.0216342 0 0 0 0.0174592
0.0217292 0 0 0 0.0176903
0.0218246 0 0 0 0.0179244
0.0219205 0 0 0 0.0181616
0.0220167 0 0 0 0.0184019
0.0221134 0 0 0 0.0186454
0.0222105 0 0 0 0.0188921
0.0223081 0 0 0 0.0191421
0.0224061 0 0 0 0.0193954
0.0225045 0 0 0 0.0196521
0.0226033 0 0 0 0.0199121
0.0227026 0 0 0 0.0201756
0.0228023 0 0 0 0.0204426
0.0229024 0 0 0 0.0207131
0.023003 0 0 0 0.0209872
0.023104 0 0 0 0.0212649
0.0232055 0 0 0 0.0215463
0.0233074 0 0 0 0.0218315
0.0234097 0 0 0 0.0221204
0.0235125 0 0 0 0.0224131
0.0236158 0 0 0 0.0227097
0.0237195 0 0 0 0.0230102
0.0238237 0 0 0 0.0233147
0.0239283 0 0 0 0.0236232
0.0240334 0 0 0 0.0239358
0.0241389 0 0 0 0.0242525
0.0242449 0 0 0 0.0245735
0.0243514 0 0 0 0.0248986
0.0244584 0 0 0 0.0252281
0.0245658 0 0 0 0.025562
0.0246737 0 0 0 0.0259002
0.024782 0 0 0 0.026243
0.0248908 0 0 0 0.0265902
0.0250002 0 0 0 0.0269421
0.0251099 0 0 0 0.0272986
0.0252202 0 0 0 0.0276598
0.025331 0 0 0 0.0280259
0.0254422 0 0 0 0.0283967
0.025554 0 0 0 0.0287725
0.0256662 0 0 0 0.0291532
0.0257789 0 0 0 0.029539
0.0258921 0 0 0 0.0299299
0.0260058 0 0 0 0.030326
0.02612 0 0 0 0.0307273
0.0262347 0 0 0 0.0311339
0.0263499 0 0 0 0.0315459
0.0264657 0 0 0 0.0319633
0.0265819 0 0 0 0.0323863
0.0266986 0 0 0 0.0328148
0.0268159 0 0 0 0.0332491
0.0269337 0 0 0 0.0336891
0.0270519 0 0 0 0.0341349
0.0271707 0 0 0 0.0345866
0.0272901 0 0 0 0.0350442
0.0274099 0 0 0 0.035508
0.0275303 0 0 0 0.0359778
0.0276512 0 0 0 0.0364539
0.0277726 0 0 0 0.0369363
0.0278946 0 0 0 0.0374251
0.0280171 0 0 0 0.0379203
0.0281401 0 0 0 0.0384221
0.0282637 0 0 0 0.0389306
0.0283878 0 0 0 0.0394457
0.0285125 0 0 0 0.0399677
0.0286377 0 0 0 0.0404966
0.0287635 0 0 0 0.0410325
0.0288898 0 0 0 0.0415755
0.0290167 0 0 0 0.0421256
0.0291441 0 0 0 0.0426831
0.0292721 0 0 0 0.0432479
0.0294007 0 0 0 0.0438202
0.0295298 0 0 0 0.0444001
0.0296595 0 0 0 0.0449876
0.0297897 0 0 0 0.0455829
0.0299205 0 0 0 0.0461861
0.0300519 0 0 0 0.0467973
0.0301839 0 0 0 0.0474165
0.0303165 0 0 0 0.048044
0.0304496 0 0 0 0.0486798
0.0305833 0 0 0 0.0493239
0.0307176 0 0 0 0.0499766
0.0308525 0 0 0 0.050638
0.030988 0 0 0 0.051308
0.0311241 0 0 0 0.051987
0.0312608 0 0 0 0.0526749
0.0313981 0 0 0 0.053372
0.031536 0 0 0 0.0540782
0.0316745 0 0 0 0.0547938
0.0318136 0 0 0 0.0555189
0.0319533 0 0 0 0.0562536
0.0320936 0 0 0 0.056998
0.0322346 0 0 0 0.0577522
0.0323761 0 0 0 0.0585165
0.0325183 0 0 0 0.0592908
0.0326611 0 0 0 0.0600754
0.0328046 0 0 0 0.0608704
0.0329486 0 0 0 0.0616759
0.0330933 0 0 0 0.062492
0.0332387 0 0 0 0.063319
0.0333846 0 0 0 0.0641568
0.0335312 0 0 0 0.0650058
0.0336785 0 0 0 0.065866
0.0338264 0 0 0 0.0667376
0.033975 0 0 0 0.0676208
0.0341242 0 0 0 0.0685156
0.034274 0 0 0 0.0694222
0.0344245 0 0 0 0.0703409
0.0345757 0 0 0 0.0712717
0.0347276 0 0 0 0.0722148
0.0348801 0 0 0 0.0731704
0.0350333 0 0 0 0.0741387
0.0351871 0 0 0 0.0751198
0.0353416 0 0 0 0.0761138
0.0354969 0 0 0 0.077121
0.0356527 0 0 0 0.0781416
0.0358093 0 0 0 0.0791756
0.0359666 0 0 0 0.0802233
0.0361245 0 0 0 0.0812849
0.0362832 0 0 0 0.0823605
0.0364425 0 0 0 0.0834504
0.0366026 0 0 0 0.0845547
0.0367633 0 0 0 0.0856736
0.0369248 0 0 0 0.0868073
0.0370869 0 0 0 0.087956
0.0372498 0 0 0 0.0891199
0.0374134 0 0 0 0.0902992
0.0375777 0 0 0 0.0914941
0.0377427 0 0 0 0.0927049
0.0379085 0 0 0 0.0939316
0.0380749 0 0 0 0.0951746
0.0382422 0 0 0 0.096434
0.0384101 0 0 0 0.0977101
0.0385788 0 0 0 0.0990031
0.0387482 0 0 0 0.100313
0.0389184 0 0 0 0.101641
0.0390893 0 0 0 0.102986
0.039261 0 0 0 0.104348
0.0394334 0 0 0 0.105729
0.0396066 0 0 0 0.107128
0.0397805 0 0 0 0.108546
0.0399552 0 0 0 0.109982
0.0401307 0 0 0 0.111438
0.0403069 0 0 0 0.112912
0.0404839 0 0 0 0.114407
0.0406617 0 0 0 0.11592
0.0408403 0 0 0 0.117454
0.0410196 0 0 0 0.119009
0.0411998 0 0 0 0.120584
0.0413807 0 0 0 0.122179
0.0415624 0 0 0 0.123796
0.041745 0 0 0 0.125434
0.0419283 0 0 0 0.127094
0.0421124 0 0 0 0.128776
0.0422974 0 0 0 0.13048
0.0424831 0 0 0 0.132207
0.0426697 0 0 0 0.133956
0.0428571 0 0 0 0.135729
0.0430453 0 0 0 0.137525
0.0432344 0 0 0 0.139345
0.0434242 0 0 0 0.141188
0.0436149 0 0 0 0.143057
0.0438065 0 0 0 0.14495
0.0439988 0 0 0 0.146868
0.0441921 0 0 0 0.148811
0.0443862 0 0 0 0.150781
0.0445811 0 0 0 0.152776
0.0447769 0 0 0 0.154798
0.0449735 0 0 0 0.156846
0.045171 0 0 0 0.158921
0.0453694 0 0 0 0.161024
0.0455686 0 0 0 0.163155
0.0457688 0 0 0 0.165314
0.0459698 18.3241 8.68424e-08 6 0.167502
0.0461716 0 0 0 0.169718
0.0463744 0 0 0 0.171964
0.0465781 0 0 0 0.17424
0.0467826 0 0 0 0.176546
0.0469881 0 0 0 0.178882
0.0471944 0 0 0 0.181249
0.0474017 0 0 0 0.183647
0.0476099 0 0 0 0.186078
0.0478189 0 0 0 0.18854
0.048029 0 0 0 0.191035
0.0482399 0 0 0 0.193563
0.0484517 0 0 0 0.196124
0.0486645 0 0 0 0.198719
0.0488782 0 0 0 0.201349
0.0490929 0 0 0 0.204013
0.0493085 0 0 0 0.206713
0.049525 0 0 0 0.209449
0.0497425 0 0 0 0.21222
0.049961 0 0 0 0.215028
0.0501804 0 0 0 0.217874
0.0504008 0 0 0 0.220757
0.0506221 0 0 0 0.223678
0.0508444 0 0 0 0.226638
0.0510677 0 0 0 0.229637
0.051292 0 0 0 0.232676
0.0515172 0 0 0 0.235755
0.0517435 0 0 0 0.238875
0.0519707 0 0 0 0.242036
0.052199 0 0 0 0.245238
0.0524282 0 0 0 0.248484
0.0526584 0 0 0 0.251772
0.0528897 0 0 0 0.255103
0.053122 0 0 0 0.258479
0.0533553 0 0 0 0.2619
0.0535896 0 0 0 0.265365
0.0538249 0 0 0 0.268877
0.0540613 0 0 0 0.272435
0.0542987 0 0 0 0.27604
0.0545372 0 0 0 0.279693
0.0547767 0 0 0 0.283394
0.0550173 0 0 0 0.287144
0.0552589 0 0 0 0.290944
0.0555015 0 0 0 0.294794
0.0557453 0 0 0 0.298695
0.0559901 0 0 0 0.302647
0.056236 0 0 0 0.306652
0.056483 0 0 0 0.31071
0.056731 0 0 0 0.314822
0.0569802 0 0 0 0.318988
0.0572304 0 0 0 0.323209
0.0574817 0 0 0 0.327486
0.0577342 0 0 0 0.331819
0.0579877 0 0 0 0.33621
0.0582424 0 0 0 0.340659
0.0584982 0 0 0 0.345167
0.0587551 0 0 0 0.349735
0.0590131 0 0 0 0.354363
0.0592723 0 0 0 0.359052
0.0595326 0 0 0 0.363803
0.059794 0 0 0 0.368617
0.0600566 0 0 0 0.373495
0.0603203 0 0 0 0.378438
0.0605852 0 0 0 0.383446
0.0608513 0 0 0 0.38852
0.0611186 0 0 0 0.393661
0.061387 0 0 0 0.39887
0.0616566 0 0 0 0.404148
0.0619273 0 0 0 0.409496
0.0621993 0 0 0 0.414915
0.0624724 0 0 0 0.420406
0.0627468 0 0 0 0.425969
0.0630224 0 0 0 0.431606
0.0632991 0 0 0 0.437317
0.0635771 0 0 0 0.443104
0.0638563 0 0 0 0.448968
0.0641368 0 0 0 0.454909
0.0644184 0 0 0 0.460928
0.0647013 0 0 0 0.467028
0.0649855 17.1064 2.86969e-08 12 0.473208
0.0652709 0 0 0 0.47947
0.0655575 0 0 0 0.485815
0.0658454 0 0 0 0.492243
0.0661346 0 0 0 0.498757
0.066425 0 0 0 0.505357
0.0667167 0 0 0 0.512044
0.0670097 0 0 0 0.51882
0.067304 0 0 0 0.525686
0.0675996 0 0 0 0.532642
0.0678965 0 0 0 0.53969
0.0681946 0 0 0 0.546832
0.0684941 0 0 0 0.554068
0.0687949 0 0 0 0.5614
0.0690971 0 0 0 0.568829
0.0694005 0 0 0 0.576356
0.0697053 0 0 0 0.583983
0.0700114 0 0 0 0.591711
0.0703189 0 0 0 0.599541
0.0706277 0 0 0 0.607475
0.0709379 0 0 0 0.615513
0.0712494 0 0 0 0.623658
0.0715623 0 0 0 0.631911
0.0718766 0 0 0 0.640273
0.0721922 0 0 0 0.648746
0.0725093 0 0 0 0.657331
0.0728277 0 0 0 0.666029
0.0731475 0 0 0 0.674842
0.0734688 0 0 0 0.683772
0.0737914 0 0 0 0.692821
0.0741155 0 0 0 0.701989
0.074441 0 0 0 0.711278
0.0747679 0 0 0 0.72069
0.0750963 0 0 0 0.730227
0.0754261 0 0 0 0.73989
0.0757573 0 0 0 0.749681
0.07609 0 0 0 0.759601
0.0764242 0 0 0 0.769653
0.0767598 0 0 0 0.779838
0.0770969 0 0 0 0.790157
0.0774355 0 0 0 0.800613
0.0777755 0 0 0 0.811208
0.0781171 0 0 0 0.821942
0.0784602 0 0 0 0.832819
0.0788047 0 0 0 0.84384
0.0791508 0 0 0 0.855006
0.0794984 30.9376 2.8349e-08 8 0.86632
0.0798475 0 0 0 0.877784
0.0801982 0 0 0 0.8894
0.0805504 0 0 0 0.901169
0.0809042 0 0 0 0.913094
0.0812595 0 0 0 0.925177
0.0816163 0 0 0 0.93742
0.0819747 0 0 0 0.949825
0.0823347 0 0 0 0.962393
0.0826963 0 0 0 0.975129
0.0830595 0 0 0 0.988032
0.0834243 0 0 0 1.00111
0.0837906 0 0 0 1.01435
0.0841586 0 0 0 1.02778
0.0845282 0 0 0 1.04138
0.0848994 0 0 0 1.05516
0.0852723 0 0 0 1.06912
0.0856468 0 0 0 1.08327
0.0860229 0 0 0 1.0976
0.0864007 0 0 0 1.11213
0.0867801 0 0 0 1.12684
0.0871612 0 0 0 1.14176
0.087544 0 0 0 1.15686
0.0879285 0 0 0 1.17217
0.0883146 0 0 0 1.18768
0.0887025 0 0 0 1.2034
0.089092 0 0 0 1.21933
0.0894833 0 0 0 1.23546
0.0898763 0 0 0 1.25181
0.090271 0 0 0 1.26837
0.0906674 0 0 0 1.28516
0.0910656 0 0 0 1.30216
0.0914655 0 0 0 1.3194
0.0918672 31.9116 1.89493e-08 6 1.33686
0.0922706 0 0 0 1.35455
0.0926759 0 0 0 1.37247
0.0930829 0 0 0 1.39063
0.0934916 0 0 0 1.40903
0.0939022 0 0 0 1.42768
0.0943146 0 0 0 1.44657
0.0947288 0 0 0 1.46571
0.0951448 0 0 0 1.48511
0.0955627 0 0 0 1.50476
0.0959823 0 0 0 1.52467
0.0964039 0 0 0 1.54485
0.0968272 0 0 0 1.56529
0.0972525 0 0 0 1.58601
0.0976796 0 0 0 1.60699
0.0981085 0 0 0 1.62826
0.0985394 0 0 0 1.64981
0.0989721 0 0 0 1.67164
0.0994068 0 0 0 1.69376
0.0998433 0 0 0 1.71617
0.100282 0 0 0 1.73888
0.100722 0 0 0 1.76189
0.101165 0 0 0 1.78521
0.101609 0 0 0 1.80883
0.102055 0 0 0 1.83277
0.102503 0 0 0 1.85702
0.102953 55.5137 2.34209e-08 24 1.88159
0.103406 0 0 0 1.90649
0.10386 0 0 0 1.93172
0.104316 0 0 0 1.95728
0.104774 0 0 0 1.98318
0.105234 0 0 0 2.00942
0.105696 0 0 0 2.03602
0.10616 0 0 0 2.06296
0.106627 0 0 0 2.09026
0.107095 0 0 0 2.11792
0.107565 0 0 0 2.14594
0.108038 0 0 0 2.17434
0.108512 0 0 0 2.20311
0.108989 0 0 0 2.23227
0.109467 0 0 0 2.26181
0.109948 0 0 0 2.29174
0.110431 0 0 0 2.32206
0.110916 0 0 0 2.35279
0.111403 0 0 0 2.38392
0.111892 0 0 0 2.41547
0.112384 35.6609 1.15667e-08 24 2.44743
0.112877 0 0 0 2.47982
0.113373 0 0 0 2.51263
0.113871 0 0 0 2.54588
0.114371 0 0 0 2.57957
0.114873 0 0 0 2.61371
0.115377 0 0 0 2.6483
0.115884 0 0 0 2.68334
0.116393 0 0 0 2.71885
0.116904 0 0 0 2.75483
0.117418 0 0 0 2.79128
0.117933 0 0 0 2.82822
0.118451 0 0 0 2.86564
0.118971 0 0 0 2.90356
0.119494 0 0 0 2.94199
0.120019 0 0 0 2.98092
0.120546 0 0 0 3.02036
0.121075 0 0 0 3.06033
0.121607 0 0 0 3.10083
0.122141 0 0 0 3.14186
0.122677 0 0 0 3.18344
0.123216 0 0 0 3.22556
0.123757 0 0 0 3.26825
0.124301 0 0 0 3.31149
0.124847 0 0 0 3.35531
0.125395 0 0 0 3.39972
0.125946 0 0 0 3.4447
0.126499 0 0 0 3.49029
0.127054 0 0 0 3.53647
0.127612 0 0 0 3.58327
0.128173 0 0 0 3.63069
0.128736 0 0 0 3.67873
0.129301 0 0 0 3.72741
0.129869 89.5074 1.88135e-08 12 3.77674
0.130439 0 0 0 3.82671
0.131012 0 0 0 3.87735
0.131587 0 0 0 3.92866
0.132165 0 0 0 3.98065
0.132746 0 0 0 4.03332
0.133329 0 0 0 4.0867
0.133914 0 0 0 4.14077
0.134502 0 0 0 4.19557
0.135093 0 0 0 4.25109
0.135686 0 0 0 4.30734
0.136282 0 0 0 4.36434
0.136881 0 0 0 4.42209
0.137482 0 0 0 4.48061
0.138085 55.8657 9.76849e-09 30 4.5399
0.138692 0 0 0 4.59998
0.139301 0 0 0 4.66085
0.139913 0 0 0 4.72253
0.140527 0 0 0 4.78502
0.141144 0 0 0 4.84834
0.141764 0 0 0 4.91249
0.142387 0 0 0 4.9775
0.143012 0 0 0 5.04337
0.14364 0 0 0 5.11011
0.144271 0 0 0 5.17773
0.144904 0 0 0 5.24624
0.145541 62.5732 9.34456e-09 24 5.31567
0.14618 0 0 0 5.38601
0.146822 0 0 0 5.45728
0.147467 0 0 0 5.5295
0.148114 0 0 0 5.60267
0.148765 0 0 0 5.67681
0.149418 0 0 0 5.75193
0.150074 0 0 0 5.82804
0.150733 0 0 0 5.90516
0.151395 0 0 0 5.98331
0.15206 0 0 0 6.06248
0.152728 81.5013 1.05326e-08 24 6.14271
0.153399 0 0 0 6.22399
0.154072 0 0 0 6.30635
0.154749 0 0 0 6.3898
0.155429 0 0 0 6.47436
0.156111 0 0 0 6.56003
0.156797 0 0 0 6.64684
0.157485 0 0 0 6.7348
0.158177 0 0 0 6.82392
0.158872 32.4596 3.72674e-09 8 6.91422
0.159569 0 0 0 7.00571
0.16027 0 0 0 7.09842
0.160974 0 0 0 7.19235
0.161681 0 0 0 7.28753
0.162391 0 0 0 7.38396
0.163104 0 0 0 7.48167
0.163821 0 0 0 7.58068
0.16454 0 0 0 7.68099
0.165263 0 0 0 7.78263
0.165988 48.405 4.87285e-09 24 7.88562
0.166717 0 0 0 7.98997
0.167449 0 0 0 8.0957
0.168185 0 0 0 8.20283
0.168923 0 0 0 8.31138
0.169665 0 0 0 8.42136
0.17041 0 0 0 8.5328
0.171159 0 0 0 8.64571
0.17191 78.6467 7.12687e-09 48 8.76012
0.172665 0 0 0 8.87604
0.173424 0 0 0 8.9935
0.174185 0 0 0 9.11251
0.17495 0 0 0 9.23309
0.175719 0 0 0 9.35527
0.17649 0 0 0 9.47907
0.177265 0 0 0 9.6045
0.178044 0 0 0 9.7316
0.178826 0 0 0 9.86037
0.179611 0 0 0 9.99086
0.1804 0 0 0 10.1231
0.181192 0 0 0 10.257
0.181988 0 0 0 10.3928
0.182787 0 0 0 10.5303
0.18359 58.6403 4.3629e-09 6 10.6696
0.184396 0 0 0 10.8108
0.185206 0 0 0 10.9539
0.186019 0 0 0 11.0988
0.186836 0 0 0 11.2457
0.187657 0 0 0 11.3945
0.188481 0 0 0 11.5453
0.189309 98.4733 6.68241e-09 48 11.6981
0.19014 0 0 0 11.8529
0.190975 0 0 0 12.0097
0.191814 0 0 0 12.1686
0.192656 0 0 0 12.3297
0.193502 0 0 0 12.4928
0.194352 0 0 0 12.6581
0.195205 52.9721 3.27866e-09 36 12.8256
0.196063 0 0 0 12.9954
0.196924 0 0 0 13.1673
0.197789 0 0 0 13.3416
0.198657 0 0 0 13.5181
0.19953 0 0 0 13.697
0.200406 56.7557 3.24641e-09 24 13.8782
0.201286 0 0 0 14.0619
0.20217 0 0 0 14.248
0.203058 0 0 0 14.4365
0.20395 0 0 0 14.6275
0.204845 0 0 0 14.8211
0.205745 134.731 7.12206e-09 24 15.0172
0.206648 0 0 0 15.216
0.207556 0 0 0 15.4173
0.208467 0 0 0 15.6213
0.209383 0 0 0 15.828
0.210302 98.461 4.87368e-09 48 16.0375
0.211226 0 0 0 16.2497
0.212154 0 0 0 16.4647
0.213085 0 0 0 16.6826
0.214021 0 0 0 16.9034
0.214961 0 0 0 17.1271
0.215905 100.643 4.60383e-09 24 17.3537
0.216853 0 0 0 17.5833
0.217806 0 0 0 17.816
0.218762 0 0 0 18.0518
0.219723 0 0 0 18.2906
0.220688 0 0 0 18.5327
0.221657 0 0 0 18.7779
0.22263 0 0 0 19.0264
0.223608 0 0 0 19.2782
0.22459 0 0 0 19.5333
0.225577 151.004 6.05663e-09 24 19.7918
0.226567 0 0 0 20.0537
0.227562 0 0 0 20.319
0.228562 0 0 0 20.5879
0.229565 63.9727 2.43445e-09 30 20.8604
0.230573 0 0 0 21.1364
0.231586 0 0 0 21.4161
0.232603 0 0 0 21.6995
0.233625 0 0 0 21.9866
0.234651 108.278 3.85834e-09 72 22.2776
0.235681 0 0 0 22.5724
0.236716 0 0 0 22.8711
0.237756 0 0 0 23.1737
0.2388 53.8985 1.82222e-09 32 23.4804
0.239849 0 0 0 23.7911
0.240902 0 0 0 24.1059
0.24196 0 0 0 24.4249
0.243022 0 0 0 24.7481
0.24409 0 0 0 25.0756
0.245162 0 0 0 25.4074
0.246238 0 0 0 25.7437
0.24732 78.7838 2.39765e-09 72 26.0843
0.248406 0 0 0 26.4295
0.249497 0 0 0 26.7792
0.250592 0 0 0 27.1336
0.251693 89.446 2.58269e-09 48 27.4926
0.252798 0 0 0 27.8564
0.253909 0 0 0 28.2251
0.255024 0 0 0 28.5986
0.256144 0 0 0 28.977
0.257268 0 0 0 29.3605
0.258398 0 0 0 29.749
0.259533 122.441 3.2246e-09 12 30.1426
0.260673 0 0 0 30.5415
0.261818 0 0 0 30.9457
0.262967 0 0 0 31.3552
0.264122 83.0773 2.07584e-09 48 31.7701
0.265282 0 0 0 32.1905
0.266447 0 0 0 32.6165
0.267617 127.894 3.07208e-09 48 33.0481
0.268793 0 0 0 33.4854
0.269973 0 0 0 33.9285
0.271159 0 0 0 34.3775
0.27235 134.778 3.07159e-09 48 34.8324
0.273546 0 0 0 35.2933
0.274747 0 0 0 35.7604
0.275954 83.7475 1.8348e-09 30 36.2336
0.277165 0 0 0 36.713
0.278383 0 0 0 37.1989
0.279605 122.899 2.58843e-09 24 37.6911
0.280833 0 0 0 38.1899
0.282066 0 0 0 38.6952
0.283305 149.084 3.01852e-09 72 39.2073
0.284549 0 0 0 39.7261
0.285799 0 0 0 40.2518
0.287054 0 0 0 40.7844
0.288315 0 0 0 41.3241
0.289581 0 0 0 41.871
0.290853 113.204 2.1182e-09 24 42.4251
0.29213 0 0 0 42.9865
0.293413 0 0 0 43.5553
0.294702 110.577 1.98904e-09 96 44.1317
0.295996 0 0 0 44.7156
0.297296 118.29 2.07257e-09 48 45.3074
0.298601 0 0 0 45.9069
0.299913 0 0 0 46.5144
0.30123 126.904 2.13751e-09 24 47.1299
0.302553 0 0 0 47.7536
0.303881 0 0 0 48.3855
0.305216 95.9349 1.55339e-09 24 49.0258
0.306556 0 0 0 49.6745
0.307903 155.862 2.45825e-09 72 50.3319
0.309255 0 0 0 50.9979
0.310613 0 0 0 51.6727
0.311977 162.715 2.46709e-09 48 52.3565
0.313347 0 0 0 53.0493
0.314723 0 0 0 53.7513
0.316105 0 0 0 54.4626
0.317494 0 0 0 55.1833
0.318888 134.677 1.91208e-09 8 55.9135
0.320288 0 0 0 56.6534
0.321695 132.903 1.83793e-09 54 57.4031
0.323108 0 0 0 58.1627
0.324527 107.984 1.45456e-09 84 58.9324
0.325952 0 0 0 59.7122
0.327383 0 0 0 60.5024
0.328821 134.199 1.73779e-09 48 61.303
0.330265 0 0 0 62.1142
0.331716 118.709 1.49731e-09 24 62.9362
0.333172 0 0 0 63.769
0.334635 113.188 1.39063e-09 72 64.6129
0.336105 0 0 0 65.4679
0.337581 194.002 2.32165e-09 96 66.3342
0.339064 0 0 0 67.212
0.340553 0 0 0 68.1014
0.342048 0 0 0 69.0026
0.34355 135.16 1.53463e-09 48 69.9157
0.345059 0 0 0 70.8409
0.346575 164.318 1.81727e-09 48 71.7783
0.348097 0 0 0 72.7281
0.349625 122.91 1.32405e-09 24 73.6905
0.351161 0 0 0 74.6657
0.352703 174.56 1.83165e-09 72 75.6537
0.354252 0 0 0 76.6548
0.355808 0 0 0 77.6692
0.35737 0 0 0 78.697
0.35894 143.38 1.42742e-09 72 79.7384
0.360516 0 0 0 80.7935
0.362099 150.072 1.45527e-09 96 81.8627
0.363689 0 0 0 82.9459
0.365287 0 0 0 84.0436
0.366891 75.2754 7.01727e-10 6 85.1557
0.368502 0 0 0 86.2825
0.37012 189.419 1.71997e-09 96 87.4243
0.371746 0 0 0 88.5812
0.373378 166.833 1.47557e-09 96 89.7534
0.375018 0 0 0 90.9411
0.376665 167.174 1.44021e-09 24 92.1445
0.378319 198.403 1.68694e-09 48 93.3638
0.379981 0 0 0 94.5993
0.381649 132.742 1.09936e-09 96 95.8511
0.383326 0 0 0 97.1195
0.385009 202.287 1.63185e-09 48 98.4047
0.3867 0 0 0 99.7068
0.388398 0 0 0 101.026
0.390104 206.469 1.60118e-09 36 102.363
0.391817 154.403 1.18176e-09 48 103.718
0.393538 0 0 0 105.09
0.395266 198.287 1.47827e-09 120 106.481
0.397002 0 0 0 107.89
0.398745 237.687 1.72601e-09 56 109.318
0.400496 171.078 1.2261e-09 24 110.764
0.402255 0 0 0 112.23
0.404022 204.524 1.42776e-09 96 113.715
0.405796 170.028 1.17145e-09 48 115.22
0.407578 0 0 0 116.744
0.409368 0 0 0 118.289
0.411166 287.576 1.9047e-09 24 119.855
0.412972 177.617 1.16105e-09 102 121.441
0.414785 0 0 0 123.048
0.416607 194.057 1.2356e-09 48 124.676
0.418436 187.849 1.18045e-09 72 126.326
0.420274 0 0 0 127.997
0.42212 201.891 1.23576e-09 48 129.691
0.423974 199.997 1.20818e-09 48 131.407
0.425836 228.863 1.36451e-09 120 133.146
0.427706 0 0 0 134.908
0.429584 0 0 0 136.693
0.431471 261.296 1.49763e-09 24 138.502
0.433365 227.395 1.28631e-09 144 140.335
0.435269 210.795 1.17683e-09 120 142.192
0.43718 0 0 0 144.074
0.4391 232.524 1.26445e-09 48 145.98
0.441028 0 0 0 147.912
0.442965 186.304 9.86822e-10 48 149.869
0.444911 257.984 1.34865e-09 96 151.852
0.446865 0 0 0 153.862
0.448827 0 0 0 155.898
0.450798 232.125 1.16655e-09 24 157.961
0.452778 173.222 8.59158e-10 48 160.051
0.454766 187.755 9.19078e-10 108 162.169
0.456763 282.006 1.36242e-09 72 164.315
0.458769 166.1 7.91978e-10 30 166.489
0.460784 0 0 0 168.692
0.462808 278.734 1.29454e-09 168 170.925
0.46484 290.157 1.32999e-09 48 173.187
0.466882 0 0 0 175.478
0.468932 237.842 1.0619e-09 72 177.8
0.470991 267.679 1.17951e-09 96 180.153
0.47306 284.203 1.23597e-09 72 182.537
0.475137 363.123 1.55855e-09 72 184.953
0.477224 297.243 1.25913e-09 32 187.4
0.47932 257.581 1.07687e-09 72 189.88
0.481425 277.19 1.14372e-09 144 192.393
0.483539 0 0 0 194.939
0.485663 0 0 0 197.518
0.487795 237.489 9.4201e-10 96 200.132
0.489938 272.677 1.06746e-09 96 202.78
0.492089 249.984 9.65843e-10 48 205.464
0.49425 256.364 9.77557e-10 72 208.182
0.496421 368.882 1.38824e-09 120 210.937
0.498601 329.784 1.22489e-09 72 213.729
0.500791 0 0 0 216.557
0.50299 403.062 1.45821e-09 48 219.422
0.505199 231.856 8.27861e-10 78 222.326
0.507418 343.311 1.20981e-09 120 225.268
0.509646 321.658 1.1187e-09 48 228.249
0.511884 0 0 0 231.269
0.514132 304.256 1.03072e-09 144 234.33
0.51639 302.664 1.01194e-09 144 237.431
0.518658 0 0 0 240.573
0.520936 327.049 1.06509e-09 156 243.756
0.523223 276.256 8.87923e-10 48 246.982
0.525521 307.255 9.7466e-10 120 250.25
0.527829 383.633 1.20105e-09 48 253.561
0.530147 285.809 8.83106e-10 48 256.917
0.532475 333.675 1.01754e-09 168 260.316
0.534814 402.503 1.2114e-09 48 263.761
0.537162 334.869 9.94679e-10 96 267.252
0.539522 286.361 8.39487e-10 96 270.788
0.541891 341.464 9.8795e-10 72 274.371
0.544271 267.817 7.64749e-10 48 278.002
0.546661 340.285 9.58989e-10 144 281.681
0.549062 0 0 0 285.408
0.551473 504.18 1.38401e-09 30 289.185
0.553895 417.112 1.13005e-09 96 293.012
0.556327 382.854 1.02369e-09 248 296.889
0.558771 302.185 7.9744e-10 24 300.818
0.561224 377.47 9.831e-10 168 304.799
0.563689 387.855 9.96956e-10 120 308.832
0.566165 414.434 1.05136e-09 72 312.919
0.568651 389.478 9.7515e-10 144 317.059
0.571148 424.736 1.04954e-09 192 321.255
0.573657 0 0 0 325.506
0.576176 459.109 1.10504e-09 72 329.814
0.578706 382.654 9.08985e-10 96 334.178
0.581248 341.387 8.00367e-10 24 338.6
0.5838 423.307 9.79463e-10 300 343.081
0.586364 554.065 1.26527e-09 24 347.621
0.588939 434.025 9.78203e-10 96 352.221
0.591526 394.118 8.7666e-10 216 356.882
0.594124 0 0 0 361.604
0.596733 414.717 8.9854e-10 126 366.389
0.599353 380.945 8.14591e-10 144 371.238
0.601985 504.316 1.06432e-09 144 376.15
0.604629 464.877 9.68271e-10 168 381.128
0.607285 577.345 1.18682e-09 144 386.171
0.609951 285.447 5.79115e-10 24 391.281
0.61263 505.032 1.01123e-09 144 396.459
0.615321 460.226 9.09478e-10 192 401.705
0.618023 550.828 1.07431e-09 120 407.021
0.620737 420.455 8.09324e-10 144 412.407
0.623463 415.656 7.89636e-10 48 417.864
0.626201 507.591 9.51695e-10 336 423.394
0.628951 471.451 8.72391e-10 48 428.997
0.631713 533.99 9.75212e-10 192 434.674
0.634488 521.651 9.40235e-10 48 440.425
0.637274 851.49 1.5147e-09 56 446.254
0.640073 601.641 1.05627e-09 240 452.159
0.642884 546.152 9.46328e-10 150 458.142
0.645707 563.343 9.63367e-10 240 464.205
0.648543 433.383 7.31445e-10 84 470.347
0.651391 584.383 9.73416e-10 144 476.571
0.654252 554.027 9.10799e-10 168 482.878
0.657125 643.727 1.04444e-09 144 489.268
0.660011 561.4 8.98969e-10 240 495.742
0.662909 988.531 1.56226e-09 24 502.302
0.66582 542.03 8.4543e-10 336 508.949
0.668744 558.081 8.59098e-10 144 515.684
0.671681 665.003 1.01032e-09 168 522.508
0.674631 635.83 9.53383e-10 96 529.422
0.677594 634.354 9.38748e-10 216 536.428
0.68057 824.881 1.20476e-09 96 543.527
0.683558 656.325 9.46057e-10 336 550.719
0.68656 618.182 8.79439e-10 48 558.007
0.689575 716.56 1.00608e-09 246 565.391
0.692604 724.921 1.00453e-09 168 572.872
0.695646 692.166 9.46612e-10 360 580.453
0.698701 728.139 9.82803e-10 24 588.134
0.701769 761.524 1.01444e-09 360 595.917
0.704851 732.349 9.62835e-10 120 603.803
0.707946 763.517 9.90703e-10 240 611.793
0.711055 0 0 0 619.888
0.714178 613.256 7.75082e-10 276 628.091
0.717315 770.146 9.60661e-10 176 636.403
0.720465 872.776 1.07446e-09 312 644.824
0.723629 817.803 9.93635e-10 240 653.357
0.726807 767.433 9.20257e-10 312 662.003
0.729999 975.02 1.15391e-09 48 670.763
0.733204 740.412 8.64816e-10 192 679.639
0.736424 795.115 9.16582e-10 198 688.633
0.739659 788.073 8.96599e-10 288 697.745
0.742907 824.614 9.2592e-10 288 706.978
0.746169 777.548 8.61669e-10 96 716.334
0.749446 910.685 9.9603e-10 384 725.813
0.752738 892.653 9.63557e-10 288 735.418
0.756043 807.416 8.60167e-10 192 745.149
0.759364 857.145 9.01219e-10 288 755.01
0.762698 865.531 8.98152e-10 216 765.001
0.766048 913.087 9.35126e-10 240 775.124
0.769412 908.168 9.17941e-10 288 785.381
0.772791 957.302 9.54966e-10 168 795.774
0.776185 1034.14 1.01815e-09 336 806.304
0.779594 988.999 9.60984e-10 138 816.974
0.783017 832.282 7.98145e-10 336 827.785
0.786456 991.409 9.38328e-10 432 838.739
0.78991 800.065 7.4734e-10 120 849.838
0.793379 891.515 8.21887e-10 456 861.083
0.796863 1032.73 9.39637e-10 152 872.478
0.800363 1189.86 1.06847e-09 168 884.023
0.803878 1026.79 9.0999e-10 504 895.722
0.807408 874.007 7.64471e-10 336 907.575
0.810954 968.64 8.3618e-10 48 919.584
0.814515 1051.19 8.95588e-10 552 931.753
0.818092 1221.23 1.02687e-09 264 944.083
0.821685 1121.04 9.30317e-10 264 956.576
0.825294 990.385 8.11156e-10 192 969.234
0.828918 1185.35 9.58159e-10 534 982.06
0.832558 1344.24 1.0724e-09 336 995.055
0.836215 1128.34 8.8841e-10 240 1008.22
0.839887 1053.25 8.18456e-10 264 1021.56
0.843575 1242.33 9.52775e-10 324 1035.08
0.84728 1189.36 9.00238e-10 528 1048.78
0.851001 1228.52 9.17737e-10 336 1062.66
0.854738 1283.39 9.46204e-10 336 1076.72
0.858492 1181.26 8.59529e-10 408 1090.97
0.862262 1289.44 9.25991e-10 216 1105.4
0.866049 1282.63 9.09074e-10 432 1120.03
0.869852 1390.64 9.72755e-10 168 1134.85
0.873673 1076.14 7.42931e-10 462 1149.87
0.877509 1342.04 9.14398e-10 536 1165.09
0.881363 1207.61 8.12061e-10 288 1180.5
0.885234 1325.76 8.79869e-10 384 1196.13
0.889121 1330.77 8.71657e-10 456 1211.95
0.893026 1398.34 9.03953e-10 552 1227.99
0.896948 1481.56 9.4524e-10 336 1244.24
0.900887 1517.99 9.55835e-10 120 1260.71
0.904843 1484.51 9.22548e-10 672 1277.39
0.908817 1392.8 8.54252e-10 300 1294.29
0.912808 1454.17 8.80244e-10 528 1311.42
0.916817 1805.98 1.07892e-09 312 1328.77
0.920843 1421.4 8.3808e-10 510 1346.36
0.924887 1437.83 8.36694e-10 576 1364.17
0.928949 1570.35 9.01876e-10 432 1382.23
0.933029 1808.02 1.02481e-09 384 1400.52
0.937126 1703.12 9.52743e-10 456 1419.05
0.941242 1640.55 9.05756e-10 528 1437.83
0.945375 1551.17 8.45223e-10 528 1456.85
0.949527 1745.8 9.38853e-10 408 1476.13
0.953697 1629.27 8.64744e-10 368 1495.67
0.957885 1886.35 9.88114e-10 600 1515.46
0.962092 1941.55 1.00375e-09 480 1535.51
0.966317 1813.56 9.25336e-10 486 1555.83
0.970561 1978.85 9.96485e-10 480 1576.42
0.974823 1972.57 9.80346e-10 636 1597.28
0.979104 1705.81 8.367e-10 408 1618.42
0.983404 1926.61 9.32661e-10 696 1639.83
0.987723 2052.61 9.80679e-10 504 1661.53
0.992061 2009.9 9.4773e-10 648 1683.52
0.996418 2121.64 9.87355e-10 504 1705.8
1.00079 2056.89 9.44719e-10 504 1728.37
1.00519 2257.16 1.02317e-09 360 1751.24
1.0096 2022.29 9.04725e-10 606 1774.41
1.01404 1998.43 8.82374e-10 672 1797.9
1.01849 2514.28 1.09564e-09 816 1821.69
1.02296 2277.79 9.79624e-10 624 1845.79
1.02746 2376.51 1.00873e-09 672 1870.22
1.03197 2593.41 1.08642e-09 576 1894.97
1.0365 2421.29 1.00107e-09 656 1920.04
1.04105 2462.86 1.00496e-09 540 1945.45
1.04562 2454.34 9.88405e-10 480 1971.19
1.05022 2569.75 1.02137e-09 792 1997.28
1.05483 2778.48 1.0899e-09 582 2023.71
1.05946 2732.99 1.05806e-09 744 2050.49
1.06411 2568.88 9.81536e-10 672 2077.62
1.06879 2713.34 1.02319e-09 624 2105.11
1.07348 2897.22 1.07827e-09 888 2132.97
1.07819 2635.69 9.6812e-10 624 2161.2
1.08293 2911.05 1.0553e-09 744 2189.79
1.08769 2919.05 1.04438e-09 624 2218.77
1.09246 2746.36 9.69761e-10 816 2248.13
1.09726 3046.93 1.06184e-09 744 2277.88
1.10208 3222.47 1.10835e-09 510 2308.02
1.10692 3074.59 1.04368e-09 1020 2338.57
1.11178 3386.89 1.13467e-09 864 2369.51
1.11666 3302.43 1.09193e-09 512 2400.87
1.12157 3436.28 1.12135e-09 1176 2432.64
1.12649 3357.23 1.08124e-09 768 2464.83
1.13144 3025.02 9.61526e-10 528 2497.45
1.13641 3565.1 1.11839e-09 1248 2530.49
1.1414 4118.45 1.27511e-09 504 2563.98
1.14641 3332.37 1.01826e-09 624 2597.91
