0.15483
2000
1.95544e+06
     9261000000
9.73381e-05 0.0102326 0.000808946 6 1.36586e-09
9.77656e-05 0 0 0 1.38394e-09
9.81949e-05 0 0 0 1.40225e-09
9.86262e-05 0 0 0 1.4208e-09
9.90593e-05 0 0 0 1.43961e-09
9.94943e-05 0 0 0 1.45866e-09
9.99313e-05 0 0 0 1.47796e-09
0.00010037 0 0 0 1.49752e-09
0.000100811 0 0 0 1.51733e-09
0.000101254 0 0 0 1.53741e-09
0.000101698 0 0 0 1.55776e-09
0.000102145 0 0 0 1.57837e-09
0.000102594 0 0 0 1.59926e-09
0.000103044 0 0 0 1.62042e-09
0.000103497 0 0 0 1.64186e-09
0.000103951 0 0 0 1.66359e-09
0.000104408 0 0 0 1.6856e-09
0.000104866 0 0 0 1.70791e-09
0.000105327 0 0 0 1.73051e-09
0.000105789 0 0 0 1.75341e-09
0.000106254 0 0 0 1.77661e-09
0.00010672 0 0 0 1.80012e-09
0.000107189 0 0 0 1.82394e-09
0.00010766 0 0 0 1.84808e-09
0.000108133 0 0 0 1.87253e-09
0.000108608 0 0 0 1.89731e-09
0.000109085 0 0 0 1.92242e-09
0.000109564 0 0 0 1.94786e-09
0.000110045 0 0 0 1.97363e-09
0.000110528 0 0 0 1.99975e-09
0.000111013 0 0 0 2.02621e-09
0.000111501 0 0 0 2.05302e-09
0.000111991 0 0 0 2.08019e-09
0.000112482 0 0 0 2.10772e-09
0.000112976 0 0 0 2.13561e-09
0.000113473 0 0 0 2.16387e-09
0.000113971 0 0 0 2.1925e-09
0.000114471 0 0 0 2.22152e-09
0.000114974 0 0 0 2.25091e-09
0.000115479 0 0 0 2.2807e-09
0.000115986 0 0 0 2.31088e-09
0.000116496 0 0 0 2.34146e-09
0.000117007 0 0 0 2.37244e-09
0.000117521 0 0 0 2.40384e-09
0.000118037 0 0 0 2.43565e-09
0.000118556 0 0 0 2.46788e-09
0.000119076 0 0 0 2.50054e-09
0.000119599 0 0 0 2.53362e-09
0.000120124 0 0 0 2.56715e-09
0.000120652 0 0 0 2.60112e-09
0.000121182 0 0 0 2.63554e-09
0.000121714 0 0 0 2.67042e-09
0.000122248 0 0 0 2.70576e-09
0.000122785 0 0 0 2.74156e-09
0.000123325 0 0 0 2.77784e-09
0.000123866 0 0 0 2.8146e-09
0.00012441 0 0 0 2.85184e-09
0.000124957 0 0 0 2.88958e-09
0.000125505 0 0 0 2.92782e-09
0.000126056 0 0 0 2.96656e-09
0.00012661 0 0 0 3.00582e-09
0.000127166 0 0 0 3.04559e-09
0.000127725 0 0 0 3.0859e-09
0.000128285 0 0 0 3.12673e-09
0.000128849 0 0 0 3.16811e-09
0.000129415 0 0 0 3.21003e-09
0.000129983 0 0 0 3.25251e-09
0.000130554 0 0 0 3.29555e-09
0.000131127 0 0 0 3.33916e-09
0.000131703 0 0 0 3.38334e-09
0.000132282 0 0 0 3.42812e-09
0.000132862 0 0 0 3.47348e-09
0.000133446 0 0 0 3.51944e-09
0.000134032 0 0 0 3.56602e-09
0.000134621 0 0 0 3.6132e-09
0.000135212 0 0 0 3.66102e-09
0.000135806 0 0 0 3.70946e-09
0.000136402 0 0 0 3.75855e-09
0.000137001 0 0 0 3.80829e-09
0.000137603 0.0180786 0.000505903 12 3.85868e-09
0.000138207 0 0 0 3.90974e-09
0.000138814 0 0 0 3.96148e-09
0.000139424 0 0 0 4.0139e-09
0.000140036 0 0 0 4.06702e-09
0.000140651 0 0 0 4.12084e-09
0.000141269 0 0 0 4.17537e-09
0.000141889 0 0 0 4.23062e-09
0.000142512 0 0 0 4.2866e-09
0.000143138 0 0 0 4.34333e-09
0.000143767 0 0 0 4.4008e-09
0.000144398 0 0 0 4.45904e-09
0.000145032 0 0 0 4.51804e-09
0.000145669 0 0 0 4.57783e-09
0.000146309 0 0 0 4.63841e-09
0.000146951 0 0 0 4.69979e-09
0.000147597 0 0 0 4.76198e-09
0.000148245 0 0 0 4.82499e-09
0.000148896 0 0 0 4.88884e-09
0.00014955 0 0 0 4.95353e-09
0.000150207 0 0 0 5.01908e-09
0.000150866 0 0 0 5.0855e-09
0.000151529 0 0 0 5.1528e-09
0.000152194 0 0 0 5.22098e-09
0.000152863 0 0 0 5.29007e-09
0.000153534 0 0 0 5.36007e-09
0.000154208 0 0 0 5.431e-09
0.000154885 0 0 0 5.50287e-09
0.000155566 0 0 0 5.57569e-09
0.000156249 0 0 0 5.64947e-09
0.000156935 0 0 0 5.72423e-09
0.000157624 0 0 0 5.79998e-09
0.000158316 0 0 0 5.87673e-09
0.000159012 0 0 0 5.95449e-09
0.00015971 0 0 0 6.03329e-09
0.000160411 0 0 0 6.11313e-09
0.000161116 0 0 0 6.19402e-09
0.000161823 0 0 0 6.27599e-09
0.000162534 0 0 0 6.35903e-09
0.000163248 0 0 0 6.44318e-09
0.000163965 0 0 0 6.52844e-09
0.000164685 0 0 0 6.61484e-09
0.000165408 0 0 0 6.70237e-09
0.000166134 0 0 0 6.79106e-09
0.000166864 0 0 0 6.88093e-09
0.000167597 0 0 0 6.97198e-09
0.000168333 0.0243636 0.000372407 8 7.06424e-09
0.000169072 0 0 0 7.15772e-09
0.000169815 0 0 0 7.25244e-09
0.00017056 0 0 0 7.34841e-09
0.00017131 0 0 0 7.44565e-09
0.000172062 0 0 0 7.54417e-09
0.000172817 0 0 0 7.64401e-09
0.000173576 0 0 0 7.74516e-09
0.000174339 0 0 0 7.84765e-09
0.000175104 0 0 0 7.9515e-09
0.000175873 0 0 0 8.05672e-09
0.000176646 0 0 0 8.16333e-09
0.000177421 0 0 0 8.27135e-09
0.000178201 0 0 0 8.38081e-09
0.000178983 0 0 0 8.49171e-09
0.000179769 0 0 0 8.60408e-09
0.000180559 0 0 0 8.71794e-09
0.000181352 0 0 0 8.8333e-09
0.000182148 0 0 0 8.95019e-09
0.000182948 0 0 0 9.06863e-09
0.000183752 0 0 0 9.18863e-09
0.000184558 0 0 0 9.31022e-09
0.000185369 0 0 0 9.43342e-09
0.000186183 0 0 0 9.55825e-09
0.000187001 0 0 0 9.68474e-09
0.000187822 0 0 0 9.81289e-09
0.000188647 0 0 0 9.94275e-09
0.000189475 0 0 0 1.00743e-08
0.000190307 0 0 0 1.02076e-08
0.000191143 0 0 0 1.03427e-08
0.000191983 0 0 0 1.04796e-08
0.000192826 0 0 0 1.06182e-08
0.000193673 0 0 0 1.07588e-08
0.000194523 0.0338776 0.00033557 6 1.09011e-08
0.000195377 0 0 0 1.10454e-08
0.000196235 0 0 0 1.11915e-08
0.000197097 0 0 0 1.13396e-08
0.000197963 0 0 0 1.14897e-08
0.000198832 0 0 0 1.16417e-08
0.000199705 0 0 0 1.17958e-08
0.000200582 0 0 0 1.19519e-08
0.000201463 0 0 0 1.211e-08
0.000202348 0 0 0 1.22703e-08
0.000203237 0 0 0 1.24327e-08
0.000204129 0 0 0 1.25972e-08
0.000205026 0 0 0 1.27639e-08
0.000205926 0 0 0 1.29328e-08
0.00020683 0 0 0 1.31039e-08
0.000207739 0 0 0 1.32773e-08
0.000208651 0 0 0 1.3453e-08
0.000209567 0 0 0 1.3631e-08
0.000210488 0 0 0 1.38114e-08
0.000211412 0 0 0 1.39942e-08
0.000212341 0 0 0 1.41794e-08
0.000213273 0 0 0 1.4367e-08
0.00021421 0 0 0 1.45571e-08
0.00021515 0 0 0 1.47497e-08
0.000216095 0 0 0 1.49449e-08
0.000217044 0.0319206 0.00022762 24 1.51427e-08
0.000217997 0 0 0 1.53431e-08
0.000218955 0 0 0 1.55461e-08
0.000219916 0 0 0 1.57518e-08
0.000220882 0 0 0 1.59603e-08
0.000221852 0 0 0 1.61715e-08
0.000222827 0 0 0 1.63855e-08
0.000223805 0 0 0 1.66023e-08
0.000224788 0 0 0 1.6822e-08
0.000225775 0 0 0 1.70446e-08
0.000226767 0 0 0 1.72701e-08
0.000227763 0 0 0 1.74987e-08
0.000228763 0 0 0 1.77302e-08
0.000229767 0 0 0 1.79648e-08
0.000230776 0 0 0 1.82026e-08
0.00023179 0 0 0 1.84434e-08
0.000232808 0 0 0 1.86875e-08
0.00023383 0 0 0 1.89348e-08
0.000234857 0 0 0 1.91854e-08
0.000235889 0 0 0 1.94392e-08
0.000236925 0 0 0 1.96965e-08
0.000237965 0.0357937 0.000193665 24 1.99571e-08
0.00023901 0 0 0 2.02212e-08
0.00024006 0 0 0 2.04888e-08
0.000241114 0 0 0 2.07599e-08
0.000242173 0 0 0 2.10346e-08
0.000243236 0 0 0 2.1313e-08
0.000244305 0 0 0 2.1595e-08
0.000245378 0 0 0 2.18808e-08
0.000246455 0 0 0 2.21703e-08
0.000247538 0 0 0 2.24637e-08
0.000248625 0 0 0 2.2761e-08
0.000249716 0 0 0 2.30621e-08
0.000250813 0 0 0 2.33673e-08
0.000251915 0 0 0 2.36765e-08
0.000253021 0 0 0 2.39898e-08
0.000254132 0 0 0 2.43073e-08
0.000255248 0 0 0 2.4629e-08
0.000256369 0 0 0 2.49549e-08
0.000257495 0 0 0 2.52851e-08
0.000258626 0 0 0 2.56197e-08
0.000259762 0 0 0 2.59587e-08
0.000260902 0 0 0 2.63022e-08
0.000262048 0 0 0 2.66503e-08
0.000263199 0 0 0 2.70029e-08
0.000264355 0 0 0 2.73603e-08
0.000265516 0 0 0 2.77223e-08
0.000266682 0 0 0 2.80892e-08
0.000267853 0 0 0 2.84609e-08
0.000269029 0 0 0 2.88375e-08
0.000270211 0 0 0 2.92191e-08
0.000271398 0 0 0 2.96057e-08
0.000272589 0 0 0 2.99975e-08
0.000273787 0 0 0 3.03945e-08
0.000274989 0.0510017 0.000178823 12 3.07967e-08
0.000276197 0 0 0 3.12042e-08
0.00027741 0 0 0 3.16171e-08
0.000278628 0 0 0 3.20355e-08
0.000279851 0 0 0 3.24594e-08
0.00028108 0 0 0 3.28889e-08
0.000282315 0 0 0 3.33242e-08
0.000283555 0 0 0 3.37651e-08
0.0002848 0 0 0 3.42119e-08
0.000286051 0 0 0 3.46647e-08
0.000287307 0 0 0 3.51234e-08
0.000288569 0 0 0 3.55882e-08
0.000289836 0 0 0 3.60591e-08
0.000291109 0.0446883 0.000132072 30 3.65363e-08
0.000292387 0 0 0 3.70197e-08
0.000293671 0 0 0 3.75096e-08
0.000294961 0 0 0 3.8006e-08
0.000296256 0 0 0 3.85089e-08
0.000297557 0 0 0 3.90185e-08
0.000298864 0 0 0 3.95348e-08
0.000300177 0 0 0 4.0058e-08
0.000301495 0 0 0 4.05881e-08
0.000302819 0 0 0 4.11252e-08
0.000304149 0 0 0 4.16694e-08
0.000305485 0 0 0 4.22208e-08
0.000306826 0.0528309 0.000133351 24 4.27795e-08
0.000308174 0 0 0 4.33456e-08
0.000309527 0 0 0 4.39191e-08
0.000310886 0 0 0 4.45003e-08
0.000312252 0 0 0 4.50892e-08
0.000313623 0 0 0 4.56858e-08
0.000315 0 0 0 4.62904e-08
0.000316384 0 0 0 4.6903e-08
0.000317773 0 0 0 4.75236e-08
0.000319169 0 0 0 4.81525e-08
0.00032057 0 0 0 4.87897e-08
0.000321978 0.0574006 0.000125378 24 4.94353e-08
0.000323392 0 0 0 5.00895e-08
0.000324812 0 0 0 5.07523e-08
0.000326239 0 0 0 5.14239e-08
0.000327672 0 0 0 5.21044e-08
0.000329111 0 0 0 5.27939e-08
0.000330556 0 0 0 5.34925e-08
0.000332008 0 0 0 5.42004e-08
0.000333466 0 0 0 5.49176e-08
0.00033493 0 0 0 5.56443e-08
0.000336401 0.0766496 0.000146799 8 5.63806e-08
0.000337878 0 0 0 5.71267e-08
0.000339362 0 0 0 5.78827e-08
0.000340853 0 0 0 5.86486e-08
0.000342349 0 0 0 5.94247e-08
0.000343853 0 0 0 6.02111e-08
0.000345363 0 0 0 6.10078e-08
0.00034688 0 0 0 6.18151e-08
0.000348403 0 0 0 6.26331e-08
0.000349933 0.0493956 8.4046e-05 24 6.3462e-08
0.00035147 0 0 0 6.43017e-08
0.000353013 0 0 0 6.51526e-08
0.000354564 0 0 0 6.60148e-08
0.000356121 0 0 0 6.68884e-08
0.000357685 0 0 0 6.77735e-08
0.000359256 0 0 0 6.86703e-08
0.000360833 0 0 0 6.9579e-08
0.000362418 0 0 0 7.04998e-08
0.00036401 0.0581253 8.78639e-05 48 7.14327e-08
0.000365608 0 0 0 7.23779e-08
0.000367214 0 0 0 7.33357e-08
0.000368827 0 0 0 7.43061e-08
0.000370446 0 0 0 7.52894e-08
0.000372073 0 0 0 7.62857e-08
0.000373707 0 0 0 7.72952e-08
0.000375348 0 0 0 7.8318e-08
0.000376997 0 0 0 7.93544e-08
0.000378652 0 0 0 8.04045e-08
0.000380315 0 0 0 8.14685e-08
0.000381986 0 0 0 8.25465e-08
0.000383663 0 0 0 8.36389e-08
0.000385348 0 0 0 8.47456e-08
0.00038704 0 0 0 8.58671e-08
0.00038874 0.0718483 8.91707e-05 6 8.70033e-08
0.000390447 0 0 0 8.81546e-08
0.000392162 0 0 0 8.93212e-08
0.000393884 0 0 0 9.05032e-08
0.000395614 0 0 0 9.17008e-08
0.000397351 0 0 0 9.29142e-08
0.000399096 0 0 0 9.41438e-08
0.000400849 0.0622571 7.04742e-05 48 9.53896e-08
0.000402609 0 0 0 9.66518e-08
0.000404378 0 0 0 9.79308e-08
0.000406153 0 0 0 9.92267e-08
0.000407937 0 0 0 1.0054e-07
0.000409729 0 0 0 1.0187e-07
0.000411528 0.0660877 6.91363e-05 36 1.03218e-07
0.000413335 0 0 0 1.04584e-07
0.000415151 0 0 0 1.05968e-07
0.000416974 0 0 0 1.0737e-07
0.000418805 0 0 0 1.08791e-07
0.000420644 0 0 0 1.10231e-07
0.000422492 0.0762161 7.36846e-05 24 1.11689e-07
0.000424347 0 0 0 1.13167e-07
0.000426211 0 0 0 1.14665e-07
0.000428082 0 0 0 1.16182e-07
0.000429962 0 0 0 1.1772e-07
0.000431851 0 0 0 1.19277e-07
0.000433747 0.0836239 7.47145e-05 24 1.20856e-07
0.000435652 0 0 0 1.22455e-07
0.000437565 0 0 0 1.24076e-07
0.000439487 0 0 0 1.25717e-07
0.000441417 0 0 0 1.27381e-07
0.000443355 0 0 0 1.29067e-07
0.000445302 0.068993 5.69671e-05 48 1.30775e-07
0.000447258 0 0 0 1.32505e-07
0.000449222 0 0 0 1.34259e-07
0.000451195 0 0 0 1.36035e-07
0.000453177 0 0 0 1.37835e-07
0.000455167 0.0853686 6.6004e-05 24 1.39659e-07
0.000457166 0 0 0 1.41507e-07
0.000459173 0 0 0 1.4338e-07
0.00046119 0 0 0 1.45277e-07
0.000463215 0 0 0 1.472e-07
0.00046525 0 0 0 1.49148e-07
0.000467293 0 0 0 1.51121e-07
0.000469345 0 0 0 1.53121e-07
0.000471406 0 0 0 1.55147e-07
0.000473476 0 0 0 1.572e-07
0.000475556 0.0719132 4.87516e-05 24 1.5928e-07
0.000477644 0 0 0 1.61388e-07
0.000479742 0 0 0 1.63524e-07
0.000481849 0 0 0 1.65688e-07
0.000483965 0 0 0 1.6788e-07
0.00048609 0.0769288 4.8834e-05 30 1.70102e-07
0.000488225 0 0 0 1.72353e-07
0.000490369 0 0 0 1.74633e-07
0.000492523 0 0 0 1.76944e-07
0.000494686 0.0874553 5.26723e-05 72 1.79286e-07
0.000496858 0 0 0 1.81658e-07
0.00049904 0 0 0 1.84062e-07
0.000501232 0 0 0 1.86498e-07
0.000503433 0 0 0 1.88966e-07
0.000505644 0.0705198 3.97705e-05 32 1.91466e-07
0.000507864 0 0 0 1.94e-07
0.000510095 0 0 0 1.96567e-07
0.000512335 0 0 0 1.99168e-07
0.000514585 0 0 0 2.01804e-07
0.000516845 0 0 0 2.04474e-07
0.000519115 0 0 0 2.0718e-07
0.000521394 0 0 0 2.09922e-07
0.000523684 0.0805767 4.09058e-05 72 2.12699e-07
0.000525984 0 0 0 2.15514e-07
0.000528294 0 0 0 2.18366e-07
0.000530614 0 0 0 2.21256e-07
0.000532944 0.0832185 4.00828e-05 48 2.24183e-07
0.000535285 0 0 0 2.2715e-07
0.000537636 0 0 0 2.30156e-07
0.000539997 0 0 0 2.33201e-07
0.000542368 0 0 0 2.36287e-07
0.00054475 0 0 0 2.39414e-07
0.000547142 0 0 0 2.42582e-07
0.000549545 0.0809728 3.55724e-05 12 2.45792e-07
0.000551959 0 0 0 2.49045e-07
0.000554383 0 0 0 2.5234e-07
0.000556817 0.11018 4.65317e-05 48 2.5568e-07
0.000559263 0 0 0 2.59063e-07
0.000561719 0 0 0 2.62491e-07
0.000564186 0 0 0 2.65965e-07
0.000566663 0.0733423 2.93875e-05 48 2.69484e-07
0.000569152 0 0 0 2.7305e-07
0.000571651 0 0 0 2.76663e-07
0.000574162 0.107893 4.15599e-05 48 2.80324e-07
0.000576683 0 0 0 2.84034e-07
0.000579216 0 0 0 2.87793e-07
0.00058176 0.0944531 3.49759e-05 30 2.91601e-07
0.000584314 0 0 0 2.9546e-07
0.000586881 0 0 0 2.99369e-07
0.000589458 0 0 0 3.03331e-07
0.000592047 0.0649695 2.28258e-05 24 3.07345e-07
0.000594647 0 0 0 3.11412e-07
0.000597258 0 0 0 3.15533e-07
0.000599881 0.12432 4.19883e-05 72 3.19708e-07
0.000602516 0 0 0 3.23939e-07
0.000605162 0 0 0 3.28225e-07
0.000607819 0 0 0 3.32569e-07
0.000610489 0 0 0 3.3697e-07
0.00061317 0.081284 2.57068e-05 24 3.41429e-07
0.000615862 0 0 0 3.45947e-07
0.000618567 0 0 0 3.50525e-07
0.000621284 0.111738 3.39716e-05 96 3.55163e-07
0.000624012 0 0 0 3.59863e-07
0.000626753 0 0 0 3.64625e-07
0.000629505 0.121578 3.55338e-05 48 3.6945e-07
0.00063227 0 0 0 3.74339e-07
0.000635046 0 0 0 3.79292e-07
0.000637835 0.0867955 2.43869e-05 24 3.84312e-07
0.000640636 0 0 0 3.89397e-07
0.00064345 0.130209 3.56353e-05 24 3.9455e-07
0.000646276 0 0 0 3.99771e-07
0.000649114 0 0 0 4.05061e-07
0.000651964 0.105201 2.76778e-05 72 4.10421e-07
0.000654828 0 0 0 4.15852e-07
0.000657703 0.118602 3.03937e-05 48 4.21355e-07
0.000660592 0 0 0 4.26931e-07
0.000663493 0 0 0 4.3258e-07
0.000666407 0 0 0 4.38305e-07
0.000669333 0 0 0 4.44105e-07
0.000672273 0.124611 2.99023e-05 8 4.49982e-07
0.000675225 0 0 0 4.55936e-07
0.000678191 0 0 0 4.61969e-07
0.000681169 0.123327 2.84497e-05 54 4.68083e-07
0.00068416 0 0 0 4.74277e-07
0.000687165 0.123183 2.76792e-05 84 4.80553e-07
0.000690183 0 0 0 4.86912e-07
0.000693214 0.110823 2.42555e-05 48 4.93355e-07
0.000696258 0 0 0 4.99884e-07
0.000699316 0.113906 2.42835e-05 24 5.06498e-07
0.000702387 0 0 0 5.13201e-07
0.000705472 0 0 0 5.19992e-07
0.00070857 0.119554 2.45019e-05 72 5.26873e-07
0.000711682 0 0 0 5.33845e-07
0.000714807 0.128693 2.56906e-05 96 5.40909e-07
0.000717946 0 0 0 5.48067e-07
0.000721099 0 0 0 5.5532e-07
0.000724266 0 0 0 5.62668e-07
0.000727447 0.102256 1.93673e-05 48 5.70114e-07
0.000730641 0 0 0 5.77658e-07
0.00073385 0.107247 1.97856e-05 48 5.85302e-07
0.000737073 0 0 0 5.93047e-07
0.00074031 0.137546 2.47167e-05 24 6.00895e-07
0.000743561 0 0 0 6.08847e-07
0.000746826 0.126223 2.20935e-05 72 6.16903e-07
0.000750106 0 0 0 6.25067e-07
0.0007534 0 0 0 6.33338e-07
0.000756709 0 0 0 6.41719e-07
0.000760032 0.129685 2.15366e-05 72 6.50211e-07
0.00076337 0.13504 2.21331e-05 96 6.58815e-07
0.000766723 0 0 0 6.67533e-07
0.00077009 0 0 0 6.76366e-07
0.000773472 0 0 0 6.85317e-07
0.000776868 0.144377 2.24512e-05 6 6.94385e-07
0.00078028 0 0 0 7.03574e-07
0.000783707 0.120506 1.82529e-05 96 7.12884e-07
0.000787149 0 0 0 7.22318e-07
0.000790606 0.129583 1.91185e-05 96 7.31876e-07
0.000794078 0.069652 1.01421e-05 24 7.41561e-07
0.000797565 0 0 0 7.51374e-07
0.000801068 0.134503 1.90769e-05 48 7.61317e-07
0.000804586 0 0 0 7.71391e-07
0.000808119 0.143886 1.98782e-05 96 7.81599e-07
0.000811668 0.148402 2.02343e-05 48 7.91942e-07
0.000815233 0 0 0 8.02421e-07
0.000818813 0 0 0 8.1304e-07
0.000822409 0.122385 1.60417e-05 36 8.23799e-07
0.00082602 0 0 0 8.347e-07
0.000829648 0.112411 1.43519e-05 48 8.45745e-07
0.000833291 0 0 0 8.56937e-07
0.000836951 0.136357 1.69575e-05 120 8.68277e-07
0.000840627 0.161786 1.98571e-05 56 8.79767e-07
0.000844318 0 0 0 8.91408e-07
0.000848026 0.109483 1.30889e-05 24 9.03204e-07
0.00085175 0.139714 1.64849e-05 96 9.15156e-07
0.000855491 0 0 0 9.27266e-07
0.000859248 0.125614 1.44367e-05 48 9.39537e-07
0.000863022 0 0 0 9.5197e-07
0.000866812 0 0 0 9.64567e-07
0.000870618 0.0836392 9.24081e-06 24 9.77331e-07
0.000874442 0.119466 1.30267e-05 102 9.90264e-07
0.000878282 0.157531 1.6953e-05 48 1.00337e-06
0.000882139 0 0 0 1.01665e-06
0.000886013 0.13796 1.44617e-05 72 1.0301e-06
0.000889904 0.142296 1.47213e-05 48 1.04373e-06
0.000893812 0.179042 1.8281e-05 48 1.05754e-06
0.000897738 0 0 0 1.07154e-06
0.00090168 0.139573 1.38812e-05 120 1.08571e-06
0.00090564 0 0 0 1.10008e-06
0.000909617 0.154902 1.5006e-05 24 1.11464e-06
0.000913612 0 0 0 1.12939e-06
0.000917624 0.169643 1.60076e-05 144 1.14433e-06
0.000921654 0.198291 1.84664e-05 120 1.15948e-06
0.000925702 0.168153 1.54552e-05 48 1.17482e-06
0.000929767 0 0 0 1.19037e-06
0.00093385 0 0 0 1.20612e-06
0.000937951 0.142881 1.26246e-05 48 1.22208e-06
0.000942071 0.159932 1.39466e-05 96 1.23825e-06
0.000946208 0 0 0 1.25464e-06
0.000950363 0.108805 9.24199e-06 24 1.27124e-06
0.000954537 0.165283 1.38559e-05 48 1.28806e-06
0.000958729 0 0 0 1.30511e-06
0.000962939 0.123197 1.00598e-05 108 1.32238e-06
0.000967168 0.159226 1.28319e-05 72 1.33987e-06
0.000971416 0.163753 1.30244e-05 30 1.3576e-06
0.000975682 0.167979 1.31861e-05 168 1.37557e-06
0.000979967 0.168998 1.30927e-05 48 1.39377e-06
0.00098427 0 0 0 1.41222e-06
0.000988593 0.17238 1.30083e-05 72 1.4309e-06
0.000992934 0 0 0 1.44984e-06
0.000997295 0.175985 1.29357e-05 96 1.46902e-06
0.00100167 0.169459 1.22933e-05 72 1.48846e-06
0.00100607 0.138761 9.93485e-06 72 1.50816e-06
0.00101049 0.114417 8.08489e-06 32 1.52812e-06
0.00101493 0.136423 9.51399e-06 72 1.54834e-06
0.00101939 0.152279 1.04811e-05 144 1.56883e-06
0.00102386 0 0 0 1.58959e-06
0.00102836 0 0 0 1.61062e-06
0.00103288 0.178744 1.18269e-05 96 1.63194e-06
0.00103741 0.172151 1.12419e-05 96 1.65353e-06
0.00104197 0.210649 1.35762e-05 48 1.67541e-06
0.00104654 0.206102 1.31097e-05 72 1.69758e-06
0.00105114 0.163952 1.02924e-05 120 1.72005e-06
0.00105576 0.201251 1.2469e-05 72 1.74281e-06
0.00106039 0 0 0 1.76587e-06
0.00106505 0.189005 1.14064e-05 48 1.78924e-06
0.00106973 0.175675 1.04634e-05 78 1.81291e-06
0.00107443 0.172782 1.01567e-05 120 1.8369e-06
0.00107914 0.183021 1.06181e-05 48 1.86121e-06
0.00108388 0.151846 8.69444e-06 144 1.88584e-06
0.00108864 0.172902 9.77073e-06 144 1.9108e-06
0.00109342 0 0 0 1.93608e-06
0.00109823 0.173059 9.52585e-06 12 1.9617e-06
0.00110305 0.196401 1.06695e-05 144 1.98766e-06
0.00110789 0.142671 7.64939e-06 48 2.01396e-06
0.00111276 0.240264 1.27137e-05 120 2.04061e-06
0.00111765 0.259427 1.35484e-05 48 2.06762e-06
0.00112255 0.166866 8.60062e-06 216 2.09498e-06
0.00112748 0 0 0 2.1227e-06
0.00113243 0.228577 1.14757e-05 48 2.15079e-06
0.00113741 0.213348 1.05712e-05 96 2.17925e-06
0.0011424 0.247179 1.20875e-05 96 2.20809e-06
0.00114742 0.200616 9.68237e-06 120 2.23731e-06
0.00115246 0.193836 9.23297e-06 96 2.26691e-06
0.00115752 0.133114 6.25781e-06 48 2.29691e-06
0.0011626 0 0 0 2.32731e-06
0.00116771 0.156771 7.17871e-06 126 2.3581e-06
0.00117284 0.174431 7.88303e-06 192 2.38931e-06
0.00117799 0.10476 4.67258e-06 56 2.42092e-06
0.00118316 0.192601 8.47831e-06 192 2.45296e-06
0.00118836 0.230781 1.00263e-05 120 2.48542e-06
0.00119358 0 0 0 2.51831e-06
0.00119882 0.218791 9.25877e-06 216 2.55163e-06
0.00120408 0.195846 8.17955e-06 96 2.5854e-06
0.00120937 0.201226 8.29447e-06 96 2.61961e-06
0.00121468 0.197936 8.0523e-06 72 2.65428e-06
0.00122002 0.206043 8.27266e-06 96 2.6894e-06
0.00122537 0 0 0 2.72499e-06
0.00123076 0.184786 7.22664e-06 216 2.76105e-06
0.00123616 0.19117 7.37869e-06 108 2.79758e-06
0.00124159 0.187896 7.15761e-06 120 2.8346e-06
0.00124704 0.230758 8.67555e-06 96 2.87211e-06
0.00125252 0.232448 8.62497e-06 120 2.91012e-06
0.00125802 0.196572 7.19853e-06 48 2.94863e-06
0.00126354 0.20281 7.32996e-06 78 2.98765e-06
0.00126909 0.23514 8.38744e-06 264 3.02718e-06
0.00127467 0.114099 4.01677e-06 24 3.06724e-06
0.00128026 0.220165 7.64949e-06 312 3.10783e-06
0.00128589 0.246911 8.46673e-06 24 3.14896e-06
0.00129153 0.207842 7.03395e-06 48 3.19063e-06
0.00129721 0.239565 8.00165e-06 216 3.23285e-06
0.0013029 0.194044 6.39657e-06 72 3.27563e-06
0.00130862 0.182314 5.93143e-06 264 3.31897e-06
0.00131437 0 0 0 3.36289e-06
0.00132014 0.210205 6.66137e-06 240 3.40739e-06
0.00132594 0.239915 7.50358e-06 192 3.45248e-06
0.00133176 0 0 0 3.49817e-06
0.00133761 0.192875 5.8758e-06 240 3.54446e-06
0.00134349 0.14729 4.4285e-06 8 3.59136e-06
0.00134939 0.233823 6.93843e-06 48 3.63889e-06
0.00135531 0.221442 6.48523e-06 336 3.68704e-06
0.00136127 0.259318 7.49527e-06 174 3.73583e-06
0.00136724 0.214777 6.12679e-06 120 3.78527e-06
0.00137325 0.216085 6.08361e-06 84 3.83536e-06
0.00137928 0.248731 6.91127e-06 216 3.88611e-06
0.00138534 0.246706 6.76546e-06 144 3.93753e-06
0.00139142 0.203721 5.51373e-06 336 3.98964e-06
0.00139753 0 0 0 4.04243e-06
0.00140367 0.238698 6.29273e-06 264 4.09593e-06
0.00140983 0.239666 6.23572e-06 168 4.15013e-06
0.00141602 0.190548 4.89302e-06 168 4.20504e-06
0.00142224 0.230846 5.85038e-06 72 4.26069e-06
0.00142849 0.266295 6.66065e-06 192 4.31707e-06
0.00143476 0.219091 5.4084e-06 216 4.3742e-06
0.00144106 0.224219 5.4627e-06 192 4.43208e-06
0.00144739 0.232445 5.58915e-06 144 4.49073e-06
0.00145375 0.219315 5.20457e-06 198 4.55015e-06
0.00146013 0.206808 4.84366e-06 96 4.61037e-06
0.00146655 0.202594 4.683e-06 168 4.67137e-06
0.00147299 0.246395 5.62109e-06 360 4.73319e-06
0.00147945 0.229893 5.17613e-06 168 4.79582e-06
0.00148595 0.246079 5.46819e-06 264 4.85929e-06
0.00149248 0.224818 4.9305e-06 216 4.92359e-06
0.00149903 0.198818 4.30335e-06 96 4.98874e-06
0.00150562 0.212463 4.53864e-06 144 5.05476e-06
0.00151223 0.239547 5.05038e-06 236 5.12165e-06
0.00151887 0.234778 4.88518e-06 240 5.18942e-06
0.00152554 0.236418 4.85506e-06 144 5.25809e-06
0.00153224 0.279552 5.66587e-06 240 5.32767e-06
0.00153897 0.273761 5.47605e-06 312 5.39817e-06
0.00154573 0.281265 5.55267e-06 240 5.46961e-06
0.00155251 0.443072 8.6328e-06 6 5.54198e-06
0.00155933 0.252975 4.86457e-06 288 5.61532e-06
0.00156618 0.282307 5.35773e-06 408 5.68963e-06
0.00157306 0.265431 4.97164e-06 72 5.76492e-06
0.00157997 0.241224 4.45923e-06 192 5.8412e-06
0.00158691 0.28067 5.12067e-06 312 5.9185e-06
0.00159388 0.259068 4.66481e-06 456 5.99682e-06
0.00160087 0.208482 3.70493e-06 48 6.07617e-06
0.00160791 0.247418 4.33944e-06 360 6.15658e-06
0.00161497 0.232017 4.01618e-06 168 6.23805e-06
0.00162206 0.212219 3.6255e-06 216 6.32059e-06
0.00162918 0.279532 4.71309e-06 336 6.40423e-06
0.00163634 0.254573 4.23621e-06 264 6.48898e-06
0.00164352 0.186416 3.06153e-06 144 6.57485e-06
0.00165074 0.263537 4.27158e-06 378 6.66185e-06
0.00165799 0.27321 4.37053e-06 144 6.75001e-06
0.00166527 0.261344 4.12612e-06 384 6.83933e-06
0.00167259 0.278235 4.33542e-06 312 6.92983e-06
0.00167993 0.290725 4.47088e-06 320 7.02154e-06
0.00168731 0.299081 4.53931e-06 240 7.11445e-06
0.00169472 0.234936 3.51917e-06 216 7.2086e-06
0.00170216 0.280245 4.14306e-06 408 7.30399e-06
0.00170964 0.285542 4.16623e-06 240 7.40064e-06
0.00171714 0.224221 3.22878e-06 144 7.49857e-06
0.00172469 0.263179 3.7403e-06 456 7.5978e-06
0.00173226 0.262649 3.68401e-06 264 7.69834e-06
0.00173987 0.308455 4.27e-06 360 7.80021e-06
0.00174751 0.265667 3.62965e-06 366 7.90343e-06
0.00175518 0.308513 4.15998e-06 312 8.00801e-06
0.00176289 0.294613 3.92067e-06 384 8.11398e-06
0.00177063 0.300468 3.94636e-06 264 8.22135e-06
0.00177841 0.292505 3.7916e-06 192 8.33015e-06
0.00178622 0.27464 3.51353e-06 420 8.44038e-06
0.00179406 0.274593 3.46705e-06 600 8.55207e-06
0.00180194 0.336266 4.19029e-06 216 8.66524e-06
0.00180986 0.349984 4.30428e-06 240 8.7799e-06
0.0018178 0.291804 3.54189e-06 408 8.89609e-06
0.00182579 0.31306 3.75026e-06 408 9.01381e-06
0.0018338 0.343703 4.06357e-06 408 9.13308e-06
0.00184186 0.306839 3.58035e-06 246 9.25394e-06
0.00184995 0.318773 3.67103e-06 368 9.3764e-06
0.00185807 0.305106 3.46774e-06 384 9.50047e-06
0.00186623 0.302769 3.39625e-06 432 9.62619e-06
0.00187443 0.325407 3.60251e-06 696 9.75358e-06
0.00188266 0.303612 3.31733e-06 288 9.88264e-06
0.00189093 0.290264 3.13006e-06 264 1.00134e-05
0.00189923 0.304052 3.23592e-06 360 1.01459e-05
0.00190757 0.310915 3.26575e-06 456 1.02802e-05
0.00191595 0.306479 3.17711e-06 504 1.04162e-05
0.00192436 0.308837 3.15974e-06 372 1.05541e-05
0.00193281 0.340201 3.43517e-06 336 1.06937e-05
0.0019413 0.344819 3.43634e-06 510 1.08352e-05
0.00194983 0.34439 3.38724e-06 408 1.09786e-05
0.00195839 0.323871 3.14382e-06 456 1.11239e-05
0.00196699 0.328044 3.14274e-06 528 1.12711e-05
0.00197563 0.304381 2.87796e-06 480 1.14202e-05
0.00198431 0.330457 3.08371e-06 528 1.15714e-05
0.00199302 0.316027 2.91053e-06 336 1.17245e-05
0.00200177 0.31661 2.87782e-06 696 1.18796e-05
0.00201056 0.357337 3.20559e-06 456 1.20368e-05
0.00201939 0.358622 3.1751e-06 464 1.21961e-05
0.00202826 0.367715 3.21309e-06 504 1.23575e-05
0.00203717 0.379603 3.27364e-06 414 1.2521e-05
0.00204612 0.375768 3.19825e-06 312 1.26867e-05
0.0020551 0.378606 3.18032e-06 624 1.28546e-05
0.00206413 0.352587 2.92308e-06 636 1.30247e-05
0.00207319 0.355506 2.90878e-06 360 1.31971e-05
0.0020823 0.355531 2.871e-06 912 1.33717e-05
0.00209144 0.393519 3.13626e-06 360 1.35486e-05
0.00210063 0.362019 2.84753e-06 576 1.37279e-05
0.00210985 0.381935 2.96495e-06 456 1.39096e-05
0.00211912 0.341235 2.6144e-06 672 1.40936e-05
0.00212842 0.353562 2.67347e-06 480 1.42801e-05
0.00213777 0.357891 2.67086e-06 726 1.44691e-05
0.00214716 0.354607 2.61179e-06 528 1.46606e-05
0.00215659 0.403523 2.93326e-06 744 1.48546e-05
0.00216606 0.369458 2.65056e-06 456 1.50512e-05
0.00217557 0.403126 2.85433e-06 504 1.52503e-05
0.00218513 0.410671 2.86978e-06 680 1.54521e-05
0.00219472 0.425185 2.9324e-06 564 1.56566e-05
0.00220436 0.391934 2.66777e-06 816 1.58638e-05
0.00221404 0.472984 3.1774e-06 624 1.60737e-05
0.00222377 0.417439 2.76764e-06 744 1.62864e-05
0.00223353 0.418593 2.73905e-06 750 1.65019e-05
0.00224334 0.390274 2.52039e-06 432 1.67203e-05
0.00225319 0.432839 2.75877e-06 648 1.69416e-05
0.00226309 0.423975 2.66698e-06 840 1.71657e-05
0.00227303 0.440525 2.7349e-06 984 1.73929e-05
0.00228301 0.409998 2.51213e-06 456 1.7623e-05
0.00229304 0.403978 2.44292e-06 672 1.78563e-05
0.00230311 0.421351 2.51471e-06 648 1.80925e-05
0.00231322 0.44901 2.64478e-06 936 1.8332e-05
0.00232338 0.394076 2.29089e-06 696 1.85745e-05
0.00233358 0.457684 2.62591e-06 522 1.88203e-05
0.00234383 0.486389 2.75416e-06 816 1.90694e-05
0.00235412 0.480537 2.68548e-06 1160 1.93217e-05
0.00236446 0.47457 2.6175e-06 792 1.95774e-05
0.00237485 0.432215 2.35276e-06 528 1.98365e-05
0.00238528 0.470965 2.53021e-06 960 2.0099e-05
0.00239575 0.489953 2.59785e-06 792 2.03649e-05
0.00240627 0.489869 2.56348e-06 768 2.06344e-05
0.00241684 0.485362 2.50672e-06 888 2.09075e-05
0.00242745 0.437604 2.23055e-06 795 2.11841e-05
0.00243811 0.507846 2.55478e-06 804 2.14645e-05
0.00244882 0.549811 2.72977e-06 984 2.17485e-05
0.00245958 0.542419 2.6579e-06 768 2.20363e-05
0.00247038 0.510075 2.46677e-06 708 2.23279e-05
0.00248123 0.506184 2.41598e-06 996 2.26234e-05
0.00249212 0.598943 2.82138e-06 960 2.29227e-05
0.00250307 0.536335 2.49346e-06 1056 2.32261e-05
0.00251406 0.53976 2.47661e-06 312 2.35334e-05
0.0025251 0.557813 2.52602e-06 1184 2.38448e-05
0.00253619 0.547564 2.44722e-06 648 2.41604e-05
0.00254733 0.536506 2.36649e-06 1020 2.44801e-05
0.00255852 0.551189 2.3995e-06 672 2.4804e-05
0.00256975 0.562014 2.41467e-06 1068 2.51322e-05
0.00258104 0.589315 2.4989e-06 780 2.54648e-05
0.00259237 0.577651 2.41745e-06 936 2.58018e-05
0.00260376 0.548881 2.26705e-06 576 2.61432e-05
0.00261519 0.605872 2.46976e-06 972 2.64892e-05
0.00262668 0.563425 2.26673e-06 1104 2.68397e-05
0.00263821 0.573881 2.27865e-06 816 2.71949e-05
0.0026498 0.656154 2.57129e-06 708 2.75547e-05
0.00266143 0.550314 2.12837e-06 804 2.79194e-05
0.00267312 0.657562 2.50994e-06 648 2.82888e-05
0.00268486 0.579774 2.18412e-06 864 2.86632e-05
0.00269665 0.582696 2.16646e-06 1148 2.90425e-05
0.0027085 0.594719 2.18228e-06 840 2.94268e-05
0.00272039 0.603423 2.18531e-06 540 2.98162e-05
0.00273234 0.608667 2.17551e-06 876 3.02107e-05
0.00274434 0.642894 2.26783e-06 732 3.06105e-05
0.00275639 0.627201 2.18358e-06 768 3.10156e-05
0.00276849 0.613595 2.10831e-06 840 3.1426e-05
0.00278065 0.663966 2.25159e-06 948 3.18418e-05
0.00279286 0.61879 2.07099e-06 804 3.22632e-05
0.00280513 0.60755 2.00682e-06 696 3.26901e-05
0.00281745 0.664222 2.16536e-06 840 3.31227e-05
0.00282982 0.680474 2.18937e-06 780 3.3561e-05
0.00284225 0.721596 2.29135e-06 744 3.40051e-05
0.00285473 0.706616 2.21448e-06 836 3.44551e-05
0.00286727 0.680605 2.10511e-06 816 3.49111e-05
0.00287986 0.750846 2.29203e-06 696 3.5373e-05
0.00289251 0.755746 2.27686e-06 720 3.58411e-05
0.00290521 0.708002 2.10516e-06 672 3.63154e-05
0.00291797 0.74473 2.18545e-06 936 3.6796e-05
0.00293078 0.75299 2.18083e-06 600 3.72829e-05
0.00294365 0.755027 2.15817e-06 744 3.77762e-05
0.00295658 0.771933 2.17768e-06 744 3.82761e-05
0.00296957 0.77119 2.14717e-06 624 3.87826e-05
0.00298261 0.687648 1.88957e-06 888 3.92958e-05
0.00299571 0.775591 2.10339e-06 756 3.98158e-05
0.00300886 0.838585 2.24452e-06 396 4.03427e-05
0.00302208 0.800528 2.11468e-06 740 4.08766e-05
0.00303535 0.833963 2.17423e-06 744 4.14175e-05
0.00304868 0.791345 2.03618e-06 756 4.19655e-05
0.00306207 0.903095 2.29337e-06 648 4.25209e-05
0.00307551 0.847118 2.12312e-06 480 4.30835e-05
0.00308902 0.852207 2.10798e-06 624 4.36537e-05
0.00310259 0.946964 2.31178e-06 612 4.42313e-05
0.00311621 0.906535 2.18418e-06 732 4.48166e-05
0.0031299 0.86068 2.04661e-06 600 4.54097e-05
0.00314364 0.99661 2.33889e-06 552 4.60106e-05
0.00315745 0.987325 2.28684e-06 612 4.66194e-05
0.00317132 0.950034 2.17173e-06 684 4.72363e-05
0.00318524 0.947748 2.13821e-06 468 4.78614e-05
0.00319923 1.03103 2.29572e-06 464 4.84948e-05
0.00321328 0.906674 1.99246e-06 648 4.91365e-05
0.00322739 1.07845 2.33898e-06 540 4.97867e-05
0.00324157 0.900844 1.92828e-06 408 5.04455e-05
0.0032558 1.07805 2.27745e-06 504 5.11131e-05
0.0032701 1.02181 2.13046e-06 444 5.17894e-05
0.00328446 1.10697 2.27787e-06 480 5.24748e-05
0.00329889 1.19215 2.4211e-06 456 5.31691e-05
0.00331337 1.28062 2.5668e-06 408 5.38727e-05
0.00332792 1.24058 2.45408e-06 480 5.45856e-05
0.00334254 1.19657 2.33611e-06 408 5.53079e-05
0.00335722 1.16965 2.25373e-06 200 5.60398e-05
0.00337196 1.34942 2.56616e-06 576 5.67814e-05
0.00338677 1.10575 2.07532e-06 312 5.75328e-05
0.00340164 1.30577 2.41871e-06 360 5.82941e-05
0.00341658 1.52517 2.78822e-06 264 5.90655e-05
0.00343159 1.36066 2.45499e-06 345 5.98471e-05
0.00344666 1.41636 2.52211e-06 252 6.0639e-05
0.00346179 1.49598 2.62909e-06 312 6.14415e-05
0.003477 1.24924 2.16679e-06 246 6.22545e-05
0.00349227 1.4219 2.43405e-06 216 6.30783e-05
0.0035076 1.68219 2.84202e-06 246 6.3913e-05
0.00352301 1.46574 2.44399e-06 150 6.47588e-05
0.00353848 1.56908 2.58213e-06 278 6.56157e-05
0.00355402 1.48794 2.41664e-06 168 6.6484e-05
0.00356963 1.8328 2.93786e-06 210 6.73638e-05
0.0035853 1.44835 2.29129e-06 120 6.82552e-05
0.00360105 1.67366 2.61316e-06 246 6.91584e-05
0.00361686 1.414 2.1789e-06 120 7.00736e-05
0.00363275 2.12206 3.22727e-06 102 7.10009e-05
0.0036487 1.84533 2.76977e-06 192 7.19404e-05
0.00366472 1.94586 2.88251e-06 186 7.28924e-05
0.00368082 1.75202 2.56147e-06 48 7.3857e-05
0.00369698 1.38551 1.99917e-06 86 7.48343e-05
0.00371322 1.7043 2.42704e-06 192 7.58246e-05
0.00372953 2.04222 2.87028e-06 78 7.68279e-05
0.00374591 3.81446 5.2911e-06 24 7.78446e-05
0.00376236 2.38024 3.25855e-06 162 7.88747e-05
0.00377888 1.79251 2.42191e-06 72 7.99184e-05
0.00379547 2.94841 3.93164e-06 24 8.0976e-05
0.00381214 2.88226 3.79323e-06 102 8.20475e-05
0.00382888 3.21019 4.16964e-06 72 8.31333e-05
0.0038457 2.18322 2.7987e-06 30 8.42334e-05
0.00386259 3.63854 4.60337e-06 8 8.5348e-05
0.00387955 2.85379 3.56337e-06 132 8.64774e-05
0.00389659 3.85253 4.74763e-06 6 8.76218e-05
0.0039137 0 0 0 8.87812e-05
0.00393089 3.09561 3.71585e-06 96 8.99561e-05
0.00394815 3.62398 4.29327e-06 6 9.11464e-05
0.00396549 0 0 0 9.23526e-05
0.00398291 3.49335 4.03113e-06 60 9.35747e-05
0.0040004 3.83008 4.36197e-06 6 9.48129e-05
0.00401797 0 0 0 9.60676e-05
0.00403561 2.84329 3.15412e-06 38 9.73388e-05
0.00405333 0 0 0 9.86269e-05
0.00407114 0 0 0 9.9932e-05
0.00408901 3.1019 3.30793e-06 18 0.000101254
0.00410697 0 0 0 0.000102594
0.00412501 0 0 0 0.000103952
0.00414312 8.92874 9.15357e-06 6 0.000105327
0.00416132 0 0 0 0.000106721
0.00417959 0 0 0 0.000108133
0.00419795 6.44209 6.34891e-06 1 0.000109564
0.00421638 0 0 0 0.000111014
0.0042349 0 0 0 0.000112483
0.0042535 0 0 0 0.000113972
0.00427218 0 0 0 0.00011548
0.00429094 0 0 0 0.000117008
0.00430979 0 0 0 0.000118556
0.00432871 0 0 0 0.000120125
0.00434772 0 0 0 0.000121715
0.00436682 0 0 0 0.000123326
0.00438599 0 0 0 0.000124957
0.00440526 0 0 0 0.000126611
0.0044246 0 0 0 0.000128286
0.00444403 0 0 0 0.000129984
0.00446355 0 0 0 0.000131704
0.00448315 0 0 0 0.000133447
0.00450284 0 0 0 0.000135213
0.00452262 0 0 0 0.000137002
0.00454248 0 0 0 0.000138815
0.00456243 0 0 0 0.000140652
0.00458246 0 0 0 0.000142513
0.00460259 0 0 0 0.000144399
0.0046228 0 0 0 0.00014631
0.0046431 0 0 0 0.000148246
0.00466349 0 0 0 0.000150208
0.00468397 0 0 0 0.000152195
0.00470454 0 0 0 0.000154209
0.0047252 0 0 0 0.00015625
0.00474596 0 0 0 0.000158318
0.0047668 0 0 0 0.000160413
0.00478773 0 0 0 0.000162535
0.00480876 0 0 0 0.000164686
0.00482988 0 0 0 0.000166865
0.00485109 0 0 0 0.000169073
0.00487239 0 0 0 0.000171311
0.00489379 0 0 0 0.000173578
0.00491528 0 0 0 0.000175875
0.00493687 0 0 0 0.000178202
0.00495855 0 0 0 0.00018056
0.00498032 0 0 0 0.000182949
0.0050022 0 0 0 0.00018537
0.00502416 0 0 0 0.000187823
0.00504623 0 0 0 0.000190309
0.00506839 0 0 0 0.000192827
0.00509065 0 0 0 0.000195379
0.005113 0 0 0 0.000197964
0.00513546 0 0 0 0.000200584
0.00515801 0 0 0 0.000203238
0.00518066 0 0 0 0.000205928
0.00520342 0 0 0 0.000208653
0.00522627 0 0 0 0.000211414
0.00524922 0 0 0 0.000214211
0.00527227 0 0 0 0.000217046
0.00529543 0 0 0 0.000219918
0.00531868 0 0 0 0.000222828
0.00534204 0 0 0 0.000225777
0.0053655 0 0 0 0.000228765
0.00538906 0 0 0 0.000231792
0.00541273 0 0 0 0.000234859
0.0054365 0 0 0 0.000237967
0.00546038 0 0 0 0.000241116
0.00548436 0 0 0 0.000244306
0.00550844 0 0 0 0.000247539
0.00553263 0 0 0 0.000250815
0.00555693 0 0 0 0.000254134
0.00558133 0 0 0 0.000257497
0.00560585 0 0 0 0.000260904
0.00563046 0 0 0 0.000264357
0.00565519 0 0 0 0.000267855
0.00568003 0 0 0 0.0002714
0.00570497 0 0 0 0.000274991
0.00573003 0 0 0 0.00027863
0.00575519 0 0 0 0.000282317
0.00578046 0 0 0 0.000286053
0.00580585 0 0 0 0.000289838
0.00583135 0 0 0 0.000293674
0.00585696 0 0 0 0.00029756
0.00588268 0 0 0 0.000301497
0.00590851 0 0 0 0.000305487
0.00593446 0 0 0 0.000309529
0.00596052 0 0 0 0.000313625
0.0059867 0 0 0 0.000317775
0.00601299 0 0 0 0.000321981
0.0060394 0 0 0 0.000326241
0.00606592 0 0 0 0.000330558
0.00609256 0 0 0 0.000334933
0.00611932 0 0 0 0.000339365
0.00614619 0 0 0 0.000343856
0.00617318 0 0 0 0.000348406
0.00620029 0 0 0 0.000353016
0.00622752 0 0 0 0.000357688
0.00625487 0 0 0 0.000362421
0.00628234 0 0 0 0.000367217
0.00630993 0 0 0 0.000372076
0.00633764 0 0 0 0.000377
0.00636547 0 0 0 0.000381988
0.00639343 0 0 0 0.000387043
0.00642151 0 0 0 0.000392165
0.00644971 0 0 0 0.000397354
0.00647803 0 0 0 0.000402612
0.00650648 0 0 0 0.00040794
0.00653505 0 0 0 0.000413338
0.00656375 0 0 0 0.000418808
0.00659258 0 0 0 0.00042435
0.00662153 0 0 0 0.000429965
0.00665061 0 0 0 0.000435655
0.00667982 0 0 0 0.00044142
0.00670915 0 0 0 0.000447261
0.00673862 0 0 0 0.00045318
0.00676821 0 0 0 0.000459177
0.00679794 0 0 0 0.000465253
0.00682779 0 0 0 0.00047141
0.00685777 0 0 0 0.000477648
0.00688789 0 0 0 0.000483968
0.00691814 0 0 0 0.000490373
0.00694852 0 0 0 0.000496862
0.00697904 0 0 0 0.000503437
0.00700969 0 0 0 0.000510099
0.00704047 0 0 0 0.000516849
0.00707139 0 0 0 0.000523688
0.00710245 0 0 0 0.000530618
0.00713364 0 0 0 0.00053764
0.00716497 0 0 0 0.000544754
0.00719643 0 0 0 0.000551963
0.00722804 0 0 0 0.000559267
0.00725978 0 0 0 0.000566667
0.00729166 0 0 0 0.000574166
0.00732368 0 0 0 0.000581764
0.00735585 0 0 0 0.000589462
0.00738815 0 0 0 0.000597263
0.0074206 0 0 0 0.000605166
0.00745319 0 0 0 0.000613174
0.00748592 0 0 0 0.000621288
0.00751879 0 0 0 0.00062951
0.00755181 0 0 0 0.00063784
0.00758498 0 0 0 0.00064628
0.00761829 0 0 0 0.000654833
0.00765174 0 0 0 0.000663498
0.00768535 0 0 0 0.000672278
0.0077191 0 0 0 0.000681174
0.007753 0 0 0 0.000690188
0.00778705 0 0 0 0.000699321
0.00782125 0 0 0 0.000708575
0.00785559 0 0 0 0.000717952
0.00789009 0 0 0 0.000727452
0.00792474 0 0 0 0.000737078
0.00795955 0 0 0 0.000746832
0.0079945 0 0 0 0.000756715
0.00802961 0 0 0 0.000766728
0.00806487 0 0 0 0.000776874
0.00810029 0 0 0 0.000787155
0.00813587 0 0 0 0.000797571
0.00817159 0 0 0 0.000808125
0.00820748 0 0 0 0.000818819
0.00824353 0 0 0 0.000829654
0.00827973 0 0 0 0.000840633
0.00831609 0 0 0 0.000851757
0.00835261 0 0 0 0.000863028
0.00838929 0 0 0 0.000874448
0.00842614 0 0 0 0.00088602
0.00846314 0 0 0 0.000897744
0.00850031 0 0 0 0.000909624
0.00853764 0 0 0 0.000921661
0.00857513 0 0 0 0.000933857
0.00861279 0 0 0 0.000946215
0.00865062 0 0 0 0.000958736
0.00868861 0 0 0 0.000971423
0.00872676 0 0 0 0.000984278
0.00876509 0 0 0 0.000997302
0.00880358 0 0 0 0.0010105
0.00884224 0 0 0 0.00102387
0.00888107 0 0 0 0.00103742
0.00892008 0 0 0 0.00105115
0.00895925 0 0 0 0.00106506
0.0089986 0 0 0 0.00107915
0.00903812 0 0 0 0.00109343
0.00907781 0 0 0 0.0011079
0.00911767 0 0 0 0.00112256
0.00915772 0 0 0 0.00113742
0.00919793 0 0 0 0.00115247
0.00923833 0 0 0 0.00116772
0.0092789 0 0 0 0.00118317
0.00931965 0 0 0 0.00119883
0.00936058 0 0 0 0.00121469
0.00940169 0 0 0 0.00123077
0.00944297 0 0 0 0.00124705
0.00948444 0 0 0 0.00126355
0.0095261 0 0 0 0.00128027
0.00956793 0 0 0 0.00129722
0.00960995 0 0 0 0.00131438
0.00965215 0 0 0 0.00133177
0.00969454 0 0 0 0.0013494
0.00973712 0 0 0 0.00136725
0.00977988 0 0 0 0.00138535
0.00982283 0 0 0 0.00140368
0.00986597 0 0 0 0.00142225
0.0099093 0 0 0 0.00144107
0.00995281 0 0 0 0.00146014
0.00999652 0 0 0 0.00147947
0.0100404 0 0 0 0.00149904
0.0100845 0 0 0 0.00151888
0.0101288 0 0 0 0.00153898
0.0101733 0 0 0 0.00155934
0.010218 0 0 0 0.00157998
0.0102628 0 0 0 0.00160089
0.0103079 0 0 0 0.00162207
0.0103532 0 0 0 0.00164354
0.0103986 0 0 0 0.00166528
0.0104443 0 0 0 0.00168732
0.0104902 0 0 0 0.00170965
0.0105362 0 0 0 0.00173227
0.0105825 0 0 0 0.0017552
0.010629 0 0 0 0.00177842
0.0106757 0 0 0 0.00180196
0.0107226 0 0 0 0.0018258
0.0107696 0 0 0 0.00184996
0.0108169 0 0 0 0.00187444
0.0108644 0 0 0 0.00189925
0.0109122 0 0 0 0.00192438
0.0109601 0 0 0 0.00194984
0.0110082 0 0 0 0.00197565
0.0110566 0 0 0 0.00200179
0.0111051 0 0 0 0.00202828
0.0111539 0 0 0 0.00205512
0.0112029 0 0 0 0.00208231
0.0112521 0 0 0 0.00210987
0.0113015 0 0 0 0.00213779
0.0113511 0 0 0 0.00216608
0.011401 0 0 0 0.00219474
0.011451 0 0 0 0.00222378
0.0115013 0 0 0 0.00225321
0.0115518 0 0 0 0.00228303
0.0116026 0 0 0 0.00231324
0.0116535 0 0 0 0.00234385
0.0117047 0 0 0 0.00237486
0.0117561 0 0 0 0.00240629
0.0118077 0 0 0 0.00243813
0.0118596 0 0 0 0.0024704
0.0119117 0 0 0 0.00250309
0.011964 0 0 0 0.00253621
0.0120165 0 0 0 0.00256977
0.0120693 0 0 0 0.00260378
0.0121223 0 0 0 0.00263823
0.0121755 0 0 0 0.00267314
0.012229 0 0 0 0.00270852
0.0122827 0 0 0 0.00274436
0.0123367 0 0 0 0.00278067
0.0123908 0 0 0 0.00281747
0.0124452 0 0 0 0.00285475
0.0124999 0 0 0 0.00289253
0.0125548 0 0 0 0.00293081
0.0126099 0 0 0 0.00296959
0.0126653 0 0 0 0.00300888
0.0127209 0 0 0 0.0030487
0.0127768 0 0 0 0.00308904
0.0128329 0 0 0 0.00312992
0.0128893 0 0 0 0.00317134
0.0129459 0 0 0 0.0032133
0.0130027 0 0 0 0.00325583
0.0130598 0 0 0 0.00329891
0.0131172 0 0 0 0.00334256
0.0131748 0 0 0 0.0033868
0.0132326 0 0 0 0.00343161
0.0132908 0 0 0 0.00347702
0.0133491 0 0 0 0.00352303
0.0134078 0 0 0 0.00356965
0.0134666 0 0 0 0.00361689
0.0135258 0 0 0 0.00366475
0.0135852 0 0 0 0.00371325
0.0136448 0 0 0 0.00376238
0.0137048 0 0 0 0.00381217
0.0137649 0 0 0 0.00386262
0.0138254 0 0 0 0.00391373
0.0138861 0 0 0 0.00396552
0.0139471 0 0 0 0.004018
0.0140083 0 0 0 0.00407117
0.0140699 0 0 0 0.00412504
0.0141317 0 0 0 0.00417962
0.0141937 0 0 0 0.00423493
0.0142561 0 0 0 0.00429097
0.0143187 0 0 0 0.00434776
0.0143815 0 0 0 0.00440529
0.0144447 0 0 0 0.00446358
0.0145081 0 0 0 0.00452265
0.0145719 0 0 0 0.0045825
0.0146358 0 0 0 0.00464314
0.0147001 0 0 0 0.00470458
0.0147647 0 0 0 0.00476683
0.0148295 0 0 0 0.00482991
0.0148946 0 0 0 0.00489383
0.0149601 0 0 0 0.00495859
0.0150258 0 0 0 0.0050242
0.0150917 0 0 0 0.00509069
0.015158 0 0 0 0.00515805
0.0152246 0 0 0 0.00522631
0.0152915 0 0 0 0.00529547
0.0153586 0 0 0 0.00536554
0.0154261 0 0 0 0.00543654
0.0154938 0 0 0 0.00550848
0.0155618 0 0 0 0.00558138
0.0156302 0 0 0 0.00565523
0.0156988 0 0 0 0.00573007
0.0157678 0 0 0 0.00580589
0.015837 0 0 0 0.00588272
0.0159066 0 0 0 0.00596057
0.0159764 0 0 0 0.00603944
0.0160466 0 0 0 0.00611936
0.0161171 0 0 0 0.00620034
0.0161878 0 0 0 0.00628239
0.0162589 0 0 0 0.00636552
0.0163303 0 0 0 0.00644975
0.0164021 0 0 0 0.0065351
0.0164741 0 0 0 0.00662158
0.0165464 0 0 0 0.0067092
0.0166191 0 0 0 0.00679799
0.0166921 0 0 0 0.00688794
0.0167654 0 0 0 0.00697909
0.016839 0 0 0 0.00707144
0.016913 0 0 0 0.00716502
0.0169872 0 0 0 0.00725983
0.0170618 0 0 0 0.0073559
0.0171368 0 0 0 0.00745324
0.017212 0 0 0 0.00755187
0.0172876 0 0 0 0.0076518
0.0173635 0 0 0 0.00775306
0.0174398 0 0 0 0.00785565
0.0175164 0 0 0 0.00795961
0.0175933 0 0 0 0.00806493
0.0176706 0 0 0 0.00817166
0.0177482 0 0 0 0.00827979
0.0178261 0 0 0 0.00838936
0.0179044 0 0 0 0.00850037
0.017983 0 0 0 0.00861286
0.018062 0 0 0 0.00872683
0.0181413 0 0 0 0.00884231
0.018221 0 0 0 0.00895932
0.018301 0 0 0 0.00907788
0.0183814 0 0 0 0.009198
0.0184621 0 0 0 0.00931972
0.0185432 0 0 0 0.00944304
0.0186246 0 0 0 0.009568
0.0187064 0 0 0 0.00969462
0.0187886 0 0 0 0.0098229
0.0188711 0 0 0 0.00995289
0.018954 0 0 0 0.0100846
0.0190372 0 0 0 0.010218
0.0191208 0 0 0 0.0103533
0.0192048 0 0 0 0.0104903
0.0192891 0 0 0 0.0106291
0.0193738 0 0 0 0.0107697
0.0194589 0 0 0 0.0109122
0.0195444 0 0 0 0.0110566
0.0196302 0 0 0 0.011203
0.0197164 0 0 0 0.0113512
0.019803 0 0 0 0.0115014
0.01989 0 0 0 0.0116536
0.0199773 0 0 0 0.0118078
0.0200651 0 0 0 0.0119641
0.0201532 0 0 0 0.0121224
0.0202417 0 0 0 0.0122828
0.0203306 0 0 0 0.0124453
0.0204199 0 0 0 0.01261
0.0205095 0 0 0 0.0127769
0.0205996 0 0 0 0.012946
0.0206901 0 0 0 0.0131173
0.0207809 0 0 0 0.0132909
0.0208722 0 0 0 0.0134667
0.0209639 0 0 0 0.0136449
0.0210559 0 0 0 0.0138255
0.0211484 0 0 0 0.0140085
0.0212413 0 0 0 0.0141938
0.0213346 0 0 0 0.0143816
0.0214282 0 0 0 0.014572
0.0215224 0 0 0 0.0147648
0.0216169 0 0 0 0.0149602
0.0217118 0 0 0 0.0151581
0.0218072 0 0 0 0.0153587
0.0219029 0 0 0 0.015562
0.0219991 0 0 0 0.0157679
0.0220957 0 0 0 0.0159765
0.0221928 0 0 0 0.016188
0.0222902 0 0 0 0.0164022
0.0223881 0 0 0 0.0166192
0.0224864 0 0 0 0.0168391
0.0225852 0 0 0 0.017062
0.0226844 0 0 0 0.0172877
0.022784 0 0 0 0.0175165
0.0228841 0 0 0 0.0177483
0.0229846 0 0 0 0.0179832
0.0230855 0 0 0 0.0182211
0.0231869 0 0 0 0.0184623
0.0232887 0 0 0 0.0187066
0.023391 0 0 0 0.0189541
0.0234937 0 0 0 0.0192049
0.0235969 0 0 0 0.0194591
0.0237005 0 0 0 0.0197166
0.0238046 0 0 0 0.0199775
0.0239091 0 0 0 0.0202418
0.0240141 0 0 0 0.0205097
0.0241196 0 0 0 0.0207811
0.0242255 0 0 0 0.0210561
0.0243319 0 0 0 0.0213347
0.0244388 0 0 0 0.021617
0.0245461 0 0 0 0.0219031
0.0246539 0 0 0 0.0221929
0.0247622 0 0 0 0.0224866
0.0248709 0 0 0 0.0227842
0.0249801 0 0 0 0.0230857
0.0250898 0 0 0 0.0233912
0.0252 0 0 0 0.0237007
0.0253107 0 0 0 0.0240143
0.0254218 0 0 0 0.0243321
0.0255335 0 0 0 0.0246541
0.0256456 0 0 0 0.0249803
0.0257583 0 0 0 0.0253109
0.0258714 0 0 0 0.0256458
0.025985 0 0 0 0.0259852
0.0260991 0 0 0 0.026329
0.0262137 0 0 0 0.0266775
0.0263288 0 0 0 0.0270305
0.0264445 0 0 0 0.0273882
0.0265606 0 0 0 0.0277506
0.0266773 0 0 0 0.0281178
0.0267944 0 0 0 0.0284899
0.0269121 0 0 0 0.0288669
0.0270303 0 0 0 0.0292489
0.027149 0 0 0 0.0296359
0.0272682 0 0 0 0.0300281
0.027388 0 0 0 0.0304255
0.0275082 0 0 0 0.0308281
0.027629 0 0 0 0.031236
0.0277504 0 0 0 0.0316494
0.0278722 0 0 0 0.0320682
0.0279947 0 0 0 0.0324925
0.0281176 0 0 0 0.0329225
0.0282411 0 0 0 0.0333581
0.0283651 0 0 0 0.0337996
0.0284897 0 0 0 0.0342468
0.0286148 0 0 0 0.0347
0.0287405 0 0 0 0.0351592
0.0288667 0 0 0 0.0356245
0.0289934 0 0 0 0.0360959
0.0291208 0 0 0 0.0365735
0.0292487 0 0 0 0.0370575
0.0293771 0 0 0 0.0375479
0.0295061 0 0 0 0.0380447
0.0296357 0 0 0 0.0385482
0.0297659 0 0 0 0.0390583
0.0298966 0 0 0 0.0395751
0.0300279 0 0 0 0.0400988
0.0301597 0 0 0 0.0406295
0.0302922 0 0 0 0.0411671
0.0304252 0 0 0 0.0417119
0.0305588 0 0 0 0.0422638
0.030693 0 0 0 0.0428231
0.0308278 0 0 0 0.0433898
0.0309632 0 0 0 0.0439639
0.0310992 0 0 0 0.0445457
0.0312358 0 0 0 0.0451352
0.031373 0 0 0 0.0457324
0.0315107 0 0 0 0.0463376
0.0316491 0 0 0 0.0469508
0.0317881 0 0 0 0.0475721
0.0319277 0 0 0 0.0482016
0.0320679 0 0 0 0.0488395
0.0322088 0 0 0 0.0494857
0.0323502 0 0 0 0.0501406
0.0324923 0 0 0 0.0508041
0.032635 0 0 0 0.0514764
0.0327783 0 0 0 0.0521575
0.0329222 0 0 0 0.0528477
0.0330668 0 0 0 0.0535471
0.033212 0 0 0 0.0542556
0.0333579 0 0 0 0.0549736
0.0335044 0 0 0 0.0557011
0.0336515 0 0 0 0.0564381
0.0337993 0 0 0 0.057185
0.0339478 0 0 0 0.0579417
0.0340968 0 0 0 0.0587084
0.0342466 0 0 0 0.0594853
0.034397 0 0 0 0.0602725
0.034548 0 0 0 0.0610701
0.0346998 0 0 0 0.0618782
0.0348522 0 0 0 0.062697
0.0350052 0 0 0 0.0635267
0.0351589 0 0 0 0.0643673
0.0353133 0 0 0 0.0652191
0.0354684 0 0 0 0.0660821
0.0356242 0 0 0 0.0669566
0.0357806 0 0 0 0.0678426
0.0359378 0 0 0 0.0687404
0.0360956 0 0 0 0.06965
0.0362541 0 0 0 0.0705717
0.0364133 0 0 0 0.0715055
0.0365733 0 0 0 0.0724517
0.0367339 0 0 0 0.0734105
0.0368952 0 0 0 0.0743819
0.0370572 0 0 0 0.0753662
0.03722 0 0 0 0.0763635
0.0373834 0 0 0 0.077374
0.0375476 0 0 0 0.0783979
0.0377125 0 0 0 0.0794353
0.0378781 0 0 0 0.0804865
0.0380445 0 0 0 0.0815516
0.0382115 0 0 0 0.0826307
0.0383793 0 0 0 0.0837242
0.0385479 0 0 0 0.0848321
0.0387172 0 0 0 0.0859547
0.0388872 0 0 0 0.0870921
0.039058 0 0 0 0.0882446
0.0392295 0 0 0 0.0894123
0.0394018 0 0 0 0.0905955
0.0395748 0 0 0 0.0917943
0.0397486 0 0 0 0.093009
0.0399232 0 0 0 0.0942398
0.0400985 0 0 0 0.0954868
0.0402746 0 0 0 0.0967504
0.0404515 0 0 0 0.0980307
0.0406292 0 0 0 0.0993279
0.0408076 0 0 0 0.100642
0.0409868 0 0 0 0.101974
0.0411668 0 0 0 0.103324
0.0413476 0 0 0 0.104691
0.0415292 0 0 0 0.106076
0.0417115 0 0 0 0.10748
0.0418947 0 0 0 0.108902
0.0420787 0 0 0 0.110343
0.0422635 0 0 0 0.111803
0.0424491 0 0 0 0.113283
0.0426355 0 0 0 0.114782
0.0428228 0 0 0 0.116301
0.0430108 0 0 0 0.11784
0.0431997 0 0 0 0.119399
0.0433894 0 0 0 0.120979
0.04358 0 0 0 0.12258
0.0437714 0 0 0 0.124202
0.0439636 0 0 0 0.125846
0.0441567 0 0 0 0.127511
0.0443506 0 0 0 0.129198
0.0445454 0 0 0 0.130908
0.044741 0 0 0 0.13264
0.0449375 0 0 0 0.134395
0.0451348 0 0 0 0.136174
0.0453331 0 0 0 0.137976
0.0455321 0 0 0 0.139802
0.0457321 0 0 0 0.141652
0.0459329 0 0 0 0.143526
0.0461347 0 0 0 0.145425
0.0463373 0 0 0 0.14735
0.0465408 0 0 0 0.1493
0.0467452 0 0 0 0.151275
0.0469504 0 0 0 0.153277
0.0471566 0 0 0 0.155305
0.0473637 0 0 0 0.157361
0.0475717 0 0 0 0.159443
0.0477807 0 0 0 0.161553
0.0479905 0 0 0 0.163691
0.0482012 0 0 0 0.165857
0.0484129 0 0 0 0.168051
0.0486255 0 0 0 0.170275
0.0488391 0 0 0 0.172528
0.0490536 0 0 0 0.174811
0.049269 0 0 0 0.177125
0.0494854 0 0 0 0.179469
0.0497027 0 0 0 0.181843
0.049921 0 0 0 0.18425
0.0501402 0 0 0 0.186688
0.0503604 0 0 0 0.189158
0.0505816 0 0 0 0.191661
0.0508037 0 0 0 0.194198
0.0510268 0 0 0 0.196768
0.0512509 0 0 0 0.199371
0.051476 0 0 0 0.20201
0.051702 0 0 0 0.204683
0.0519291 0 0 0 0.207391
0.0521572 0 0 0 0.210136
0.0523862 0 0 0 0.212916
0.0526163 0 0 0 0.215734
0.0528473 0 0 0 0.218589
0.0530794 0 0 0 0.221481
0.0533125 0 0 0 0.224412
0.0535467 0 0 0 0.227382
0.0537818 0 0 0 0.230391
0.054018 0 0 0 0.233439
0.0542552 0 0 0 0.236528
0.0544935 0 0 0 0.239658
0.0547328 0 0 0 0.24283
0.0549732 0 0 0 0.246043
0.0552146 0 0 0 0.249299
0.0554571 0 0 0 0.252598
0.0557006 0 0 0 0.25594
0.0559453 0 0 0 0.259327
0.056191 0 0 0 0.262759
0.0564377 0 0 0 0.266236
0.0566856 0 0 0 0.269759
0.0569345 0 0 0 0.273329
0.0571846 0 0 0 0.276946
0.0574357 0 0 0 0.28061
0.0576879 0 0 0 0.284324
0.0579413 0 0 0 0.288086
0.0581957 0 0 0 0.291898
0.0584513 0 0 0 0.295761
0.058708 0 0 0 0.299675
0.0589658 0 0 0 0.30364
0.0592248 0 0 0 0.307658
0.0594849 0 0 0 0.311729
0.0597461 0 0 0 0.315855
0.0600085 0 0 0 0.320034
0.060272 0 0 0 0.324269
0.0605367 0 0 0 0.32856
0.0608026 0 0 0 0.332908
0.0610696 0 0 0 0.337313
0.0613378 0 0 0 0.341777
0.0616072 0 0 0 0.3463
0.0618777 0 0 0 0.350882
0.0621495 0 0 0 0.355525
0.0624224 0 0 0 0.36023
0.0626966 0 0 0 0.364997
0.0629719 0 0 0 0.369827
0.0632484 0 0 0 0.374721
0.0635262 0 0 0 0.379679
0.0638052 0 0 0 0.384704
0.0640854 0 0 0 0.389794
0.0643668 0 0 0 0.394952
0.0646495 0 0 0 0.400179
0.0649334 0 0 0 0.405474
0.0652186 0 0 0 0.41084
0.065505 0 0 0 0.416276
0.0657927 0 0 0 0.421785
0.0660816 0 0 0 0.427366
0.0663718 0 0 0 0.433022
0.0666633 0 0 0 0.438752
0.0669561 0 0 0 0.444558
0.0672501 0 0 0 0.45044
0.0675455 0 0 0 0.456401
0.0678421 0 0 0 0.462441
0.06814 0 0 0 0.46856
0.0684393 0 0 0 0.47476
0.0687398 0 0 0 0.481043
0.0690417 0 0 0 0.487408
0.0693449 0 0 0 0.493858
0.0696495 0 0 0 0.500393
0.0699553 0 0 0 0.507015
0.0702626 0 0 0 0.513724
0.0705711 0 0 0 0.520522
0.0708811 0 0 0 0.52741
0.0711923 0 0 0 0.534389
0.071505 0 0 0 0.541461
0.071819 0 0 0 0.548626
0.0721344 0 0 0 0.555886
0.0724512 0 0 0 0.563242
0.0727694 0 0 0 0.570695
0.073089 0 0 0 0.578247
0.0734099 0 0 0 0.585899
0.0737323 0 0 0 0.593652
0.0740561 0 0 0 0.601508
0.0743814 0 0 0 0.609468
0.074708 0 0 0 0.617533
0.0750361 0 0 0 0.625704
0.0753657 0 0 0 0.633984
0.0756966 0 0 0 0.642374
0.0760291 0 0 0 0.650874
0.076363 0 0 0 0.659487
0.0766983 0 0 0 0.668214
0.0770351 0 0 0 0.677056
0.0773735 0 0 0 0.686016
0.0777133 0 0 0 0.695094
0.0780545 0 0 0 0.704292
0.0783973 0 0 0 0.713612
0.0787416 0 0 0 0.723055
0.0790874 0 0 0 0.732623
0.0794347 0 0 0 0.742317
0.0797836 0 0 0 0.75214
0.080134 0 0 0 0.762093
0.0804859 0 0 0 0.772178
0.0808394 0 0 0 0.782396
0.0811944 0 0 0 0.79275
0.081551 0 0 0 0.80324
0.0819091 0 0 0 0.813869
0.0822688 0 0 0 0.824639
0.0826301 0 0 0 0.835551
0.082993 0 0 0 0.846608
0.0833575 0 0 0 0.857811
0.0837235 0 0 0 0.869162
0.0840912 0 0 0 0.880664
0.0844605 0 0 0 0.892318
0.0848314 0 0 0 0.904125
0.085204 0 0 0 0.91609
0.0855782 0 0 0 0.928212
0.085954 0 0 0 0.940495
0.0863315 0 0 0 0.952941
0.0867106 0 0 0 0.965551
0.0870914 0 0 0 0.978328
0.0874739 0 0 0 0.991274
0.0878581 0 0 0 1.00439
0.0882439 0 0 0 1.01768
0.0886314 0 0 0 1.03115
0.0890207 0 0 0 1.04479
0.0894116 0 0 0 1.05862
0.0898043 0 0 0 1.07263
0.0901987 0 0 0 1.08682
0.0905948 0 0 0 1.1012
0.0909927 0 0 0 1.11578
0.0913923 0 0 0 1.13054
0.0917936 0 0 0 1.1455
0.0921967 0 0 0 1.16066
0.0926016 0 0 0 1.17602
0.0930083 0 0 0 1.19158
0.0934168 0 0 0 1.20735
0.093827 0 0 0 1.22333
0.0942391 0 0 0 1.23951
0.0946529 0 0 0 1.25592
0.0950686 0 0 0 1.27253
0.0954861 0 0 0 1.28937
0.0959055 0 0 0 1.30644
0.0963267 0 0 0 1.32372
0.0967497 0 0 0 1.34124
0.0971746 0 0 0 1.35899
0.0976013 0 0 0 1.37697
0.09803 0 0 0 1.39519
0.0984605 0 0 0 1.41366
0.0988929 0 0 0 1.43236
0.0993272 0 0 0 1.45132
0.0997634 0 0 0 1.47052
0.100202 0 0 0 1.48998
0.100642 0 0 0 1.5097
0.101084 0 0 0 1.52968
0.101527 0 0 0 1.54992
0.101973 0 0 0 1.57043
0.102421 0 0 0 1.59121
0.102871 0 0 0 1.61227
0.103323 0 0 0 1.6336
0.103776 0 0 0 1.65522
0.104232 0 0 0 1.67712
0.10469 0 0 0 1.69931
0.10515 0 0 0 1.7218
0.105612 0 0 0 1.74459
0.106075 0 0 0 1.76767
0.106541 0 0 0 1.79106
0.107009 0 0 0 1.81476
0.107479 0 0 0 1.83878
0.107951 0 0 0 1.86311
0.108425 0 0 0 1.88776
0.108901 0 0 0 1.91275
0.10938 0 0 0 1.93806
0.10986 0 0 0 1.9637
0.110342 0 0 0 1.98969
0.110827 0 0 0 2.01602
0.111314 0 0 0 2.04269
0.111803 0 0 0 2.06973
0.112294 0 0 0 2.09711
0.112787 0 0 0 2.12486
0.113282 0 0 0 2.15298
0.113779 0 0 0 2.18147
0.114279 0 0 0 2.21034
0.114781 0 0 0 2.23959
0.115285 0 0 0 2.26923
0.115791 0 0 0 2.29925
0.1163 0 0 0 2.32968
0.116811 0 0 0 2.36051
0.117324 0 0 0 2.39174
0.117839 0 0 0 2.42339
0.118356 0 0 0 2.45546
0.118876 0 0 0 2.48795
0.119398 0 0 0 2.52088
0.119923 0 0 0 2.55424
0.120449 0 0 0 2.58804
0.120978 0 0 0 2.62228
0.12151 0 0 0 2.65698
0.122043 0 0 0 2.69214
0.122579 0 0 0 2.72777
0.123117 0 0 0 2.76386
0.123658 0 0 0 2.80044
0.124201 0 0 0 2.8375
0.124747 0 0 0 2.87504
0.125294 0 0 0 2.91309
0.125845 0 0 0 2.95164
0.126397 0 0 0 2.9907
0.126952 0 0 0 3.03027
0.12751 0 0 0 3.07037
0.12807 0 0 0 3.111
0.128632 0 0 0 3.15217
0.129197 0 0 0 3.19388
0.129765 0 0 0 3.23614
0.130335 0 0 0 3.27897
0.130907 0 0 0 3.32236
0.131482 0 0 0 3.36632
0.132059 0 0 0 3.41087
0.132639 0 0 0 3.456
0.133222 0 0 0 3.50174
0.133807 0 0 0 3.54807
0.134394 0 0 0 3.59503
0.134985 0 0 0 3.6426
0.135577 0 0 0 3.6908
0.136173 0 0 0 3.73964
0.136771 0 0 0 3.78913
0.137372 0 0 0 3.83927
0.137975 0 0 0 3.89007
0.138581 0 0 0 3.94155
0.139189 0 0 0 3.99371
0.139801 0 0 0 4.04656
0.140415 0 0 0 4.1001
0.141031 0 0 0 4.15436
0.141651 0 0 0 4.20933
0.142273 0 0 0 4.26503
0.142897 0 0 0 4.32147
0.143525 0 0 0 4.37866
0.144155 0 0 0 4.4366
0.144788 0 0 0 4.49531
0.145424 0 0 0 4.5548
0.146063 0 0 0 4.61507
0.146704 0 0 0 4.67614
0.147349 0 0 0 4.73802
0.147996 0 0 0 4.80072
0.148646 0 0 0 4.86424
0.149299 0 0 0 4.92861
0.149954 0 0 0 4.99383
0.150613 0 0 0 5.05991
0.151274 0 0 0 5.12687
0.151939 0 0 0 5.19471
0.152606 0 0 0 5.26345
0.153276 0 0 0 5.33311
0.153949 0 0 0 5.40368
0.154625 0 0 0 5.47518
0.155304 0 0 0 5.54764
0.155986 0 0 0 5.62105
0.156671 0 0 0 5.69543
0.157359 0 0 0 5.7708
0.15805 0 0 0 5.84716
0.158745 0 0 0 5.92454
0.159442 0 0 0 6.00293
0.160142 0 0 0 6.08237
0.160845 0 0 0 6.16286
0.161552 0 0 0 6.24441
0.162261 0 0 0 6.32704
0.162974 0 0 0 6.41077
0.163689 0 0 0 6.4956
0.164408 0 0 0 6.58155
0.16513 0 0 0 6.66865
0.165855 0 0 0 6.75689
0.166584 0 0 0 6.84631
0.167315 0 0 0 6.9369
0.16805 0 0 0 7.0287
0.168788 0 0 0 7.12171
0.169529 0 0 0 7.21595
0.170274 0 0 0 7.31144
0.171022 0 0 0 7.40819
0.171773 0 0 0 7.50622
0.172527 0 0 0 7.60555
0.173285 0 0 0 7.70619
0.174046 0 0 0 7.80817
0.17481 0 0 0 7.91149
0.175578 0 0 0 8.01618
0.176349 0 0 0 8.12226
0.177123 0 0 0 8.22974
0.177901 0 0 0 8.33864
0.178683 0 0 0 8.44899
0.179467 0 0 0 8.56079
0.180255 0 0 0 8.67407
0.181047 0 0 0 8.78886
0.181842 0 0 0 8.90516
0.182641 0 0 0 9.023
0.183443 0 0 0 9.1424
0.184248 0 0 0 9.26338
0.185058 0 0 0 9.38596
0.18587 0 0 0 9.51016
0.186687 0 0 0 9.63601
0.187506 0 0 0 9.76352
0.18833 0 0 0 9.89272
0.189157 0 0 0 10.0236
0.189988 0 0 0 10.1563
0.190822 0 0 0 10.2907
0.19166 0 0 0 10.4268
0.192502 0 0 0 10.5648
0.193347 0 0 0 10.7046
0.194196 0 0 0 10.8463
0.195049 0 0 0 10.9898
0.195906 0 0 0 11.1352
0.196766 0 0 0 11.2826
0.19763 0 0 0 11.4319
0.198498 0 0 0 11.5832
0.19937 0 0 0 11.7364
0.200245 0 0 0 11.8917
0.201125 0 0 0 12.0491
0.202008 0 0 0 12.2086
0.202895 0 0 0 12.3701
0.203786 0 0 0 12.5338
0.204681 0 0 0 12.6997
0.20558 0 0 0 12.8677
0.206483 0 0 0 13.038
0.20739 0 0 0 13.2105
0.208301 0 0 0 13.3853
0.209215 0 0 0 13.5625
0.210134 0 0 0 13.7419
0.211057 0 0 0 13.9238
0.211984 0 0 0 14.108
0.212915 0 0 0 14.2947
0.21385 0 0 0 14.4839
0.214789 0 0 0 14.6755
0.215732 0 0 0 14.8697
0.21668 0 0 0 15.0665
0.217631 0 0 0 15.2659
0.218587 0 0 0 15.4679
0.219547 0 0 0 15.6726
0.220511 0 0 0 15.88
0.22148 0 0 0 16.0901
0.222452 0 0 0 16.303
0.223429 0 0 0 16.5188
0.22441 0 0 0 16.7373
0.225396 0 0 0 16.9588
0.226386 0 0 0 17.1832
0.22738 0 0 0 17.4106
0.228379 0 0 0 17.641
0.229381 0 0 0 17.8745
0.230389 0 0 0 18.111
0.231401 0 0 0 18.3507
0.232417 0 0 0 18.5935
0.233438 0 0 0 18.8395
0.234463 0 0 0 19.0888
0.235492 0 0 0 19.3414
0.236527 0 0 0 19.5974
0.237565 0 0 0 19.8567
0.238609 0 0 0 20.1195
0.239656 0 0 0 20.3857
0.240709 0 0 0 20.6555
0.241766 0 0 0 20.9288
0.242828 0 0 0 21.2057
0.243894 0 0 0 21.4864
0.244965 0 0 0 21.7707
0.246041 0 0 0 22.0588
0.247122 0 0 0 22.3507
0.248207 0 0 0 22.6464
0.249297 0 0 0 22.9461
0.250392 0 0 0 23.2498
0.251491 0 0 0 23.5574
0.252596 0 0 0 23.8691
0.253705 0 0 0 24.185
0.254819 0 0 0 24.505
0.255938 0 0 0 24.8293
0.257062 0 0 0 25.1579
0.258191 0 0 0 25.4908
0.259325 0 0 0 25.8281
0.260464 0 0 0 26.1699
0.261608 0 0 0 26.5162
0.262757 0 0 0 26.8671
0.263911 0 0 0 27.2226
0.26507 0 0 0 27.5828
0.266234 0 0 0 27.9478
0.267403 0 0 0 28.3177
0.268577 0 0 0 28.6924
0.269757 0 0 0 29.0721
0.270942 0 0 0 29.4568
0.272132 0 0 0 29.8466
0.273327 0 0 0 30.2415
0.274527 0 0 0 30.6417
0.275733 0 0 0 31.0472
0.276943 0 0 0 31.458
0.27816 0 0 0 31.8743
0.279381 0 0 0 32.2961
0.280608 0 0 0 32.7235
0.281841 0 0 0 33.1565
0.283078 0 0 0 33.5953
0.284322 0 0 0 34.0398
0.28557 0 0 0 34.4903
0.286824 0 0 0 34.9467
0.288084 0 0 0 35.4091
0.289349 0 0 0 35.8777
0.29062 0 0 0 36.3524
0.291896 0 0 0 36.8335
0.293178 0 0 0 37.3209
0.294466 0 0 0 37.8148
0.295759 0 0 0 38.3152
0.297058 0 0 0 38.8222
0.298362 0 0 0 39.3359
0.299672 0 0 0 39.8564
0.300988 0 0 0 40.3839
0.30231 0 0 0 40.9182
0.303638 0 0 0 41.4597
0.304971 0 0 0 42.0083
0.306311 0 0 0 42.5642
0.307656 0 0 0 43.1275
0.309007 0 0 0 43.6982
0.310364 0 0 0 44.2764
0.311727 0 0 0 44.8623
0.313096 0 0 0 45.456
0.314471 0 0 0 46.0575
0.315852 0 0 0 46.667
0.317239 0 0 0 47.2845
0.318632 0 0 0 47.9102
0.320032 0 0 0 48.5442
0.321437 0 0 0 49.1866
0.322849 0 0 0 49.8375
0.324267 0 0 0 50.497
0.325691 0 0 0 51.1652
0.327121 0 0 0 51.8423
0.328558 0 0 0 52.5283
0.330001 0 0 0 53.2234
0.33145 0 0 0 53.9277
0.332905 0 0 0 54.6413
0.334367 0 0 0 55.3644
0.335836 0 0 0 56.097
0.337311 0 0 0 56.8393
0.338792 0 0 0 57.5915
0.34028 0 0 0 58.3536
0.341774 0 0 0 59.1257
0.343275 0 0 0 59.9081
0.344783 0 0 0 60.7009
0.346297 0 0 0 61.5041
0.347818 0 0 0 62.318
0.349345 0 0 0 63.1427
0.35088 0 0 0 63.9782
0.35242 0 0 0 64.8248
0.353968 0 0 0 65.6827
0.355523 0 0 0 66.5518
0.357084 0 0 0 67.4325
0.358652 0 0 0 68.3248
0.360227 0 0 0 69.229
0.361809 0 0 0 70.1451
0.363398 0 0 0 71.0733
0.364994 0 0 0 72.0138
0.366597 0 0 0 72.9667
0.368207 0 0 0 73.9323
0.369824 0 0 0 74.9106
0.371448 0 0 0 75.9019
0.373079 0 0 0 76.9063
0.374718 0 0 0 77.924
0.376363 0 0 0 78.9552
0.378016 0 0 0 80
0.379676 0 0 0 81.0586
0.381344 0 0 0 82.1312
0.383019 0 0 0 83.2181
0.384701 0 0 0 84.3193
0.38639 0 0 0 85.4351
0.388087 0 0 0 86.5656
0.389791 0 0 0 87.7111
0.391503 0 0 0 88.8718
0.393223 0 0 0 90.0478
0.394949 0 0 0 91.2394
0.396684 0 0 0 92.4468
0.398426 0 0 0 93.6701
0.400176 0 0 0 94.9096
0.401933 0 0 0 96.1656
0.403698 0 0 0 97.4381
0.405471 0 0 0 98.7275
0.407252 0 0 0 100.034
0.40904 0 0 0 101.358
0.410837 0 0 0 102.699
0.412641 0 0 0 104.058
0.414453 0 0 0 105.435
0.416273 0 0 0 106.83
0.418101 0 0 0 108.244
0.419938 0 0 0 109.676
0.421782 0 0 0 111.127
0.423634 0 0 0 112.598
0.425495 0 0 0 114.088
0.427363 0 0 0 115.598
0.42924 0 0 0 117.127
0.431125 0 0 0 118.677
0.433018 0 0 0 120.248
0.43492 0 0 0 121.839
0.43683 0 0 0 123.451
0.438748 0 0 0 125.085
0.440675 0 0 0 126.74
0.442611 0 0 0 128.417
0.444554 0 0 0 130.117
0.446507 0 0 0 131.838
0.448468 0 0 0 133.583
0.450437 0 0 0 135.351
0.452415 0 0 0 137.142
0.454402 0 0 0 138.957
0.456398 0 0 0 140.795
0.458402 0 0 0 142.658
0.460415 0 0 0 144.546
0.462437 0 0 0 146.459
0.464468 0 0 0 148.397
0.466508 0 0 0 150.361
0.468557 0 0 0 152.351
0.470614 0 0 0 154.367
0.472681 0 0 0 156.409
0.474757 0 0 0 158.479
0.476842 0 0 0 160.576
0.478936 0 0 0 162.701
0.481039 0 0 0 164.854
0.483152 0 0 0 167.036
0.485274 0 0 0 169.246
0.487405 0 0 0 171.486
0.489545 0 0 0 173.755
0.491695 0 0 0 176.054
0.493855 0 0 0 178.384
0.496023 0 0 0 180.744
0.498202 0 0 0 183.136
0.50039 0 0 0 185.559
0.502587 0 0 0 188.015
0.504794 0 0 0 190.503
0.507011 0 0 0 193.024
0.509238 0 0 0 195.578
0.511474 0 0 0 198.166
0.51372 0 0 0 200.788
0.515977 0 0 0 203.445
0.518243 0 0 0 206.138
0.520518 0 0 0 208.865
0.522804 0 0 0 211.629
0.5251 0 0 0 214.43
0.527406 0 0 0 217.267
0.529723 0 0 0 220.142
0.532049 0 0 0 223.055
0.534386 0 0 0 226.007
0.536732 0 0 0 228.998
0.539089 0 0 0 232.028
0.541457 0 0 0 235.099
0.543835 0 0 0 238.21
0.546223 0 0 0 241.362
0.548622 0 0 0 244.556
0.551031 0 0 0 247.792
0.553451 0 0 0 251.071
0.555882 0 0 0 254.393
0.558323 0 0 0 257.76
0.560775 0 0 0 261.17
0.563238 0 0 0 264.627
0.565711 0 0 0 268.128
0.568196 0 0 0 271.676
0.570691 0 0 0 275.271
0.573197 0 0 0 278.914
0.575715 0 0 0 282.605
0.578243 0 0 0 286.345
0.580782 0 0 0 290.134
0.583333 0 0 0 293.973
0.585895 0 0 0 297.863
0.588468 0 0 0 301.805
0.591052 0 0 0 305.798
0.593648 0 0 0 309.845
0.596255 0 0 0 313.945
0.598873 0 0 0 318.1
0.601503 0 0 0 322.309
0.604145 0 0 0 326.574
0.606798 0 0 0 330.896
0.609463 0 0 0 335.274
0.61214 0 0 0 339.711
0.614828 0 0 0 344.206
0.617528 0 0 0 348.761
0.62024 0 0 0 353.376
0.15483
2000
1.95544e+06
     9261000000
9.73381e-05 0 0 0 1.36586e-09
9.77656e-05 0 0 0 1.38394e-09
9.81949e-05 0 0 0 1.40225e-09
9.86262e-05 0 0 0 1.4208e-09
9.90593e-05 0 0 0 1.43961e-09
9.94943e-05 0 0 0 1.45866e-09
9.99313e-05 0 0 0 1.47796e-09
0.00010037 0 0 0 1.49752e-09
0.000100811 0 0 0 1.51733e-09
0.000101254 0 0 0 1.53741e-09
0.000101698 0 0 0 1.55776e-09
0.000102145 0 0 0 1.57837e-09
0.000102594 0 0 0 1.59926e-09
0.000103044 0 0 0 1.62042e-09
0.000103497 0 0 0 1.64186e-09
0.000103951 0 0 0 1.66359e-09
0.000104408 0 0 0 1.6856e-09
0.000104866 0 0 0 1.70791e-09
0.000105327 0 0 0 1.73051e-09
0.000105789 0 0 0 1.75341e-09
0.000106254 0 0 0 1.77661e-09
0.00010672 0 0 0 1.80012e-09
0.000107189 0 0 0 1.82394e-09
0.00010766 0 0 0 1.84808e-09
0.000108133 0 0 0 1.87253e-09
0.000108608 0 0 0 1.89731e-09
0.000109085 0 0 0 1.92242e-09
0.000109564 0 0 0 1.94786e-09
0.000110045 0 0 0 1.97363e-09
0.000110528 0 0 0 1.99975e-09
0.000111013 0 0 0 2.02621e-09
0.000111501 0 0 0 2.05302e-09
0.000111991 0 0 0 2.08019e-09
0.000112482 0 0 0 2.10772e-09
0.000112976 0 0 0 2.13561e-09
0.000113473 0 0 0 2.16387e-09
0.000113971 0 0 0 2.1925e-09
0.000114471 0 0 0 2.22152e-09
0.000114974 0 0 0 2.25091e-09
0.000115479 0 0 0 2.2807e-09
0.000115986 0 0 0 2.31088e-09
0.000116496 0 0 0 2.34146e-09
0.000117007 0 0 0 2.37244e-09
0.000117521 0 0 0 2.40384e-09
0.000118037 0 0 0 2.43565e-09
0.000118556 0 0 0 2.46788e-09
0.000119076 0 0 0 2.50054e-09
0.000119599 0 0 0 2.53362e-09
0.000120124 0 0 0 2.56715e-09
0.000120652 0 0 0 2.60112e-09
0.000121182 0 0 0 2.63554e-09
0.000121714 0 0 0 2.67042e-09
0.000122248 0 0 0 2.70576e-09
0.000122785 0 0 0 2.74156e-09
0.000123325 0 0 0 2.77784e-09
0.000123866 0 0 0 2.8146e-09
0.00012441 0 0 0 2.85184e-09
0.000124957 0 0 0 2.88958e-09
0.000125505 0 0 0 2.92782e-09
0.000126056 0 0 0 2.96656e-09
0.00012661 0 0 0 3.00582e-09
0.000127166 0 0 0 3.04559e-09
0.000127725 0 0 0 3.0859e-09
0.000128285 0 0 0 3.12673e-09
0.000128849 0 0 0 3.16811e-09
0.000129415 0 0 0 3.21003e-09
0.000129983 0 0 0 3.25251e-09
0.000130554 0 0 0 3.29555e-09
0.000131127 0 0 0 3.33916e-09
0.000131703 0 0 0 3.38334e-09
0.000132282 0 0 0 3.42812e-09
0.000132862 0 0 0 3.47348e-09
0.000133446 0 0 0 3.51944e-09
0.000134032 0 0 0 3.56602e-09
0.000134621 0 0 0 3.6132e-09
0.000135212 0 0 0 3.66102e-09
0.000135806 0 0 0 3.70946e-09
0.000136402 0 0 0 3.75855e-09
0.000137001 0 0 0 3.80829e-09
0.000137603 0 0 0 3.85868e-09
0.000138207 0 0 0 3.90974e-09
0.000138814 0 0 0 3.96148e-09
0.000139424 0 0 0 4.0139e-09
0.000140036 0 0 0 4.06702e-09
0.000140651 0 0 0 4.12084e-09
0.000141269 0 0 0 4.17537e-09
0.000141889 0 0 0 4.23062e-09
0.000142512 0 0 0 4.2866e-09
0.000143138 0 0 0 4.34333e-09
0.000143767 0 0 0 4.4008e-09
0.000144398 0 0 0 4.45904e-09
0.000145032 0 0 0 4.51804e-09
0.000145669 0 0 0 4.57783e-09
0.000146309 0 0 0 4.63841e-09
0.000146951 0 0 0 4.69979e-09
0.000147597 0 0 0 4.76198e-09
0.000148245 0 0 0 4.82499e-09
0.000148896 0 0 0 4.88884e-09
0.00014955 0 0 0 4.95353e-09
0.000150207 0 0 0 5.01908e-09
0.000150866 0 0 0 5.0855e-09
0.000151529 0 0 0 5.1528e-09
0.000152194 0 0 0 5.22098e-09
0.000152863 0 0 0 5.29007e-09
0.000153534 0 0 0 5.36007e-09
0.000154208 0 0 0 5.431e-09
0.000154885 0 0 0 5.50287e-09
0.000155566 0 0 0 5.57569e-09
0.000156249 0 0 0 5.64947e-09
0.000156935 0 0 0 5.72423e-09
0.000157624 0 0 0 5.79998e-09
0.000158316 0 0 0 5.87673e-09
0.000159012 0 0 0 5.95449e-09
0.00015971 0 0 0 6.03329e-09
0.000160411 0 0 0 6.11313e-09
0.000161116 0 0 0 6.19402e-09
0.000161823 0 0 0 6.27599e-09
0.000162534 0 0 0 6.35903e-09
0.000163248 0 0 0 6.44318e-09
0.000163965 0 0 0 6.52844e-09
0.000164685 0 0 0 6.61484e-09
0.000165408 0 0 0 6.70237e-09
0.000166134 0 0 0 6.79106e-09
0.000166864 0 0 0 6.88093e-09
0.000167597 0 0 0 6.97198e-09
0.000168333 0 0 0 7.06424e-09
0.000169072 0 0 0 7.15772e-09
0.000169815 0 0 0 7.25244e-09
0.00017056 0 0 0 7.34841e-09
0.00017131 0 0 0 7.44565e-09
0.000172062 0 0 0 7.54417e-09
0.000172817 0 0 0 7.64401e-09
0.000173576 0 0 0 7.74516e-09
0.000174339 0 0 0 7.84765e-09
0.000175104 0 0 0 7.9515e-09
0.000175873 0 0 0 8.05672e-09
0.000176646 0 0 0 8.16333e-09
0.000177421 0 0 0 8.27135e-09
0.000178201 0 0 0 8.38081e-09
0.000178983 0 0 0 8.49171e-09
0.000179769 0 0 0 8.60408e-09
0.000180559 0 0 0 8.71794e-09
0.000181352 0 0 0 8.8333e-09
0.000182148 0 0 0 8.95019e-09
0.000182948 0 0 0 9.06863e-09
0.000183752 0 0 0 9.18863e-09
0.000184558 0 0 0 9.31022e-09
0.000185369 0 0 0 9.43342e-09
0.000186183 0 0 0 9.55825e-09
0.000187001 0 0 0 9.68474e-09
0.000187822 0 0 0 9.81289e-09
0.000188647 0 0 0 9.94275e-09
0.000189475 0 0 0 1.00743e-08
0.000190307 0 0 0 1.02076e-08
0.000191143 0 0 0 1.03427e-08
0.000191983 0 0 0 1.04796e-08
0.000192826 0 0 0 1.06182e-08
0.000193673 0 0 0 1.07588e-08
0.000194523 0 0 0 1.09011e-08
0.000195377 0 0 0 1.10454e-08
0.000196235 0 0 0 1.11915e-08
0.000197097 0 0 0 1.13396e-08
0.000197963 0 0 0 1.14897e-08
0.000198832 0 0 0 1.16417e-08
0.000199705 0 0 0 1.17958e-08
0.000200582 0 0 0 1.19519e-08
0.000201463 0 0 0 1.211e-08
0.000202348 0 0 0 1.22703e-08
0.000203237 0 0 0 1.24327e-08
0.000204129 0 0 0 1.25972e-08
0.000205026 0 0 0 1.27639e-08
0.000205926 0 0 0 1.29328e-08
0.00020683 0 0 0 1.31039e-08
0.000207739 0 0 0 1.32773e-08
0.000208651 0 0 0 1.3453e-08
0.000209567 0 0 0 1.3631e-08
0.000210488 0 0 0 1.38114e-08
0.000211412 0 0 0 1.39942e-08
0.000212341 0 0 0 1.41794e-08
0.000213273 0 0 0 1.4367e-08
0.00021421 0 0 0 1.45571e-08
0.00021515 0 0 0 1.47497e-08
0.000216095 0 0 0 1.49449e-08
0.000217044 0 0 0 1.51427e-08
0.000217997 0 0 0 1.53431e-08
0.000218955 0 0 0 1.55461e-08
0.000219916 0 0 0 1.57518e-08
0.000220882 0 0 0 1.59603e-08
0.000221852 0 0 0 1.61715e-08
0.000222827 0 0 0 1.63855e-08
0.000223805 0 0 0 1.66023e-08
0.000224788 0 0 0 1.6822e-08
0.000225775 0 0 0 1.70446e-08
0.000226767 0 0 0 1.72701e-08
0.000227763 0 0 0 1.74987e-08
0.000228763 0 0 0 1.77302e-08
0.000229767 0 0 0 1.79648e-08
0.000230776 0 0 0 1.82026e-08
0.00023179 0 0 0 1.84434e-08
0.000232808 0 0 0 1.86875e-08
0.00023383 0 0 0 1.89348e-08
0.000234857 0 0 0 1.91854e-08
0.000235889 0 0 0 1.94392e-08
0.000236925 0 0 0 1.96965e-08
0.000237965 0 0 0 1.99571e-08
0.00023901 0 0 0 2.02212e-08
0.00024006 0 0 0 2.04888e-08
0.000241114 0 0 0 2.07599e-08
0.000242173 0 0 0 2.10346e-08
0.000243236 0 0 0 2.1313e-08
0.000244305 0 0 0 2.1595e-08
0.000245378 0 0 0 2.18808e-08
0.000246455 0 0 0 2.21703e-08
0.000247538 0 0 0 2.24637e-08
0.000248625 0 0 0 2.2761e-08
0.000249716 0 0 0 2.30621e-08
0.000250813 0 0 0 2.33673e-08
0.000251915 0 0 0 2.36765e-08
0.000253021 0 0 0 2.39898e-08
0.000254132 0 0 0 2.43073e-08
0.000255248 0 0 0 2.4629e-08
0.000256369 0 0 0 2.49549e-08
0.000257495 0 0 0 2.52851e-08
0.000258626 0 0 0 2.56197e-08
0.000259762 0 0 0 2.59587e-08
0.000260902 0 0 0 2.63022e-08
0.000262048 0 0 0 2.66503e-08
0.000263199 0 0 0 2.70029e-08
0.000264355 0 0 0 2.73603e-08
0.000265516 0 0 0 2.77223e-08
0.000266682 0 0 0 2.80892e-08
0.000267853 0 0 0 2.84609e-08
0.000269029 0 0 0 2.88375e-08
0.000270211 0 0 0 2.92191e-08
0.000271398 0 0 0 2.96057e-08
0.000272589 0 0 0 2.99975e-08
0.000273787 0 0 0 3.03945e-08
0.000274989 0 0 0 3.07967e-08
0.000276197 0 0 0 3.12042e-08
0.00027741 0 0 0 3.16171e-08
0.000278628 0 0 0 3.20355e-08
0.000279851 0 0 0 3.24594e-08
0.00028108 0 0 0 3.28889e-08
0.000282315 0 0 0 3.33242e-08
0.000283555 0 0 0 3.37651e-08
0.0002848 0 0 0 3.42119e-08
0.000286051 0 0 0 3.46647e-08
0.000287307 0 0 0 3.51234e-08
0.000288569 0 0 0 3.55882e-08
0.000289836 0 0 0 3.60591e-08
0.000291109 0 0 0 3.65363e-08
0.000292387 0 0 0 3.70197e-08
0.000293671 0 0 0 3.75096e-08
0.000294961 0 0 0 3.8006e-08
0.000296256 0 0 0 3.85089e-08
0.000297557 0 0 0 3.90185e-08
0.000298864 0 0 0 3.95348e-08
0.000300177 0 0 0 4.0058e-08
0.000301495 0 0 0 4.05881e-08
0.000302819 0 0 0 4.11252e-08
0.000304149 0 0 0 4.16694e-08
0.000305485 0 0 0 4.22208e-08
0.000306826 0 0 0 4.27795e-08
0.000308174 0 0 0 4.33456e-08
0.000309527 0 0 0 4.39191e-08
0.000310886 0 0 0 4.45003e-08
0.000312252 0 0 0 4.50892e-08
0.000313623 0 0 0 4.56858e-08
0.000315 0 0 0 4.62904e-08
0.000316384 0 0 0 4.6903e-08
0.000317773 0 0 0 4.75236e-08
0.000319169 0 0 0 4.81525e-08
0.00032057 0 0 0 4.87897e-08
0.000321978 0 0 0 4.94353e-08
0.000323392 0 0 0 5.00895e-08
0.000324812 0 0 0 5.07523e-08
0.000326239 0 0 0 5.14239e-08
0.000327672 0 0 0 5.21044e-08
0.000329111 0 0 0 5.27939e-08
0.000330556 0 0 0 5.34925e-08
0.000332008 0 0 0 5.42004e-08
0.000333466 0 0 0 5.49176e-08
0.00033493 0 0 0 5.56443e-08
0.000336401 0 0 0 5.63806e-08
0.000337878 0 0 0 5.71267e-08
0.000339362 0 0 0 5.78827e-08
0.000340853 0 0 0 5.86486e-08
0.000342349 0 0 0 5.94247e-08
0.000343853 0 0 0 6.02111e-08
0.000345363 0 0 0 6.10078e-08
0.00034688 0 0 0 6.18151e-08
0.000348403 0 0 0 6.26331e-08
0.000349933 0 0 0 6.3462e-08
0.00035147 0 0 0 6.43017e-08
0.000353013 0 0 0 6.51526e-08
0.000354564 0 0 0 6.60148e-08
0.000356121 0 0 0 6.68884e-08
0.000357685 0 0 0 6.77735e-08
0.000359256 0 0 0 6.86703e-08
0.000360833 0 0 0 6.9579e-08
0.000362418 0 0 0 7.04998e-08
0.00036401 0 0 0 7.14327e-08
0.000365608 0 0 0 7.23779e-08
0.000367214 0 0 0 7.33357e-08
0.000368827 0 0 0 7.43061e-08
0.000370446 0 0 0 7.52894e-08
0.000372073 0 0 0 7.62857e-08
0.000373707 0 0 0 7.72952e-08
0.000375348 0 0 0 7.8318e-08
0.000376997 0 0 0 7.93544e-08
0.000378652 0 0 0 8.04045e-08
0.000380315 0 0 0 8.14685e-08
0.000381986 0 0 0 8.25465e-08
0.000383663 0 0 0 8.36389e-08
0.000385348 0 0 0 8.47456e-08
0.00038704 0 0 0 8.58671e-08
0.00038874 0 0 0 8.70033e-08
0.000390447 0 0 0 8.81546e-08
0.000392162 0 0 0 8.93212e-08
0.000393884 0 0 0 9.05032e-08
0.000395614 0 0 0 9.17008e-08
0.000397351 0 0 0 9.29142e-08
0.000399096 0 0 0 9.41438e-08
0.000400849 0 0 0 9.53896e-08
0.000402609 0 0 0 9.66518e-08
0.000404378 0 0 0 9.79308e-08
0.000406153 0 0 0 9.92267e-08
0.000407937 0 0 0 1.0054e-07
0.000409729 0 0 0 1.0187e-07
0.000411528 0 0 0 1.03218e-07
0.000413335 0 0 0 1.04584e-07
0.000415151 0 0 0 1.05968e-07
0.000416974 0 0 0 1.0737e-07
0.000418805 0 0 0 1.08791e-07
0.000420644 0 0 0 1.10231e-07
0.000422492 0 0 0 1.11689e-07
0.000424347 0 0 0 1.13167e-07
0.000426211 0 0 0 1.14665e-07
0.000428082 0 0 0 1.16182e-07
0.000429962 0 0 0 1.1772e-07
0.000431851 0 0 0 1.19277e-07
0.000433747 0 0 0 1.20856e-07
0.000435652 0 0 0 1.22455e-07
0.000437565 0 0 0 1.24076e-07
0.000439487 0 0 0 1.25717e-07
0.000441417 0 0 0 1.27381e-07
0.000443355 0 0 0 1.29067e-07
0.000445302 0 0 0 1.30775e-07
0.000447258 0 0 0 1.32505e-07
0.000449222 0 0 0 1.34259e-07
0.000451195 0 0 0 1.36035e-07
0.000453177 0 0 0 1.37835e-07
0.000455167 0 0 0 1.39659e-07
0.000457166 0 0 0 1.41507e-07
0.000459173 0 0 0 1.4338e-07
0.00046119 0 0 0 1.45277e-07
0.000463215 0 0 0 1.472e-07
0.00046525 0 0 0 1.49148e-07
0.000467293 0 0 0 1.51121e-07
0.000469345 0 0 0 1.53121e-07
0.000471406 0 0 0 1.55147e-07
0.000473476 0 0 0 1.572e-07
0.000475556 0 0 0 1.5928e-07
0.000477644 0 0 0 1.61388e-07
0.000479742 0 0 0 1.63524e-07
0.000481849 0 0 0 1.65688e-07
0.000483965 0 0 0 1.6788e-07
0.00048609 0 0 0 1.70102e-07
0.000488225 0 0 0 1.72353e-07
0.000490369 0 0 0 1.74633e-07
0.000492523 0 0 0 1.76944e-07
0.000494686 0 0 0 1.79286e-07
0.000496858 0 0 0 1.81658e-07
0.00049904 0 0 0 1.84062e-07
0.000501232 0 0 0 1.86498e-07
0.000503433 0 0 0 1.88966e-07
0.000505644 0 0 0 1.91466e-07
0.000507864 0 0 0 1.94e-07
0.000510095 0 0 0 1.96567e-07
0.000512335 0 0 0 1.99168e-07
0.000514585 0 0 0 2.01804e-07
0.000516845 0 0 0 2.04474e-07
0.000519115 0 0 0 2.0718e-07
0.000521394 0 0 0 2.09922e-07
0.000523684 0 0 0 2.12699e-07
0.000525984 0 0 0 2.15514e-07
0.000528294 0 0 0 2.18366e-07
0.000530614 0 0 0 2.21256e-07
0.000532944 0 0 0 2.24183e-07
0.000535285 0 0 0 2.2715e-07
0.000537636 0 0 0 2.30156e-07
0.000539997 0 0 0 2.33201e-07
0.000542368 0 0 0 2.36287e-07
0.00054475 0 0 0 2.39414e-07
0.000547142 0 0 0 2.42582e-07
0.000549545 0 0 0 2.45792e-07
0.000551959 0 0 0 2.49045e-07
0.000554383 0 0 0 2.5234e-07
0.000556817 0 0 0 2.5568e-07
0.000559263 0 0 0 2.59063e-07
0.000561719 0 0 0 2.62491e-07
0.000564186 0 0 0 2.65965e-07
0.000566663 0 0 0 2.69484e-07
0.000569152 0 0 0 2.7305e-07
0.000571651 0 0 0 2.76663e-07
0.000574162 0 0 0 2.80324e-07
0.000576683 0 0 0 2.84034e-07
0.000579216 0 0 0 2.87793e-07
0.00058176 0 0 0 2.91601e-07
0.000584314 0 0 0 2.9546e-07
0.000586881 0 0 0 2.99369e-07
0.000589458 0 0 0 3.03331e-07
0.000592047 0 0 0 3.07345e-07
0.000594647 0 0 0 3.11412e-07
0.000597258 0 0 0 3.15533e-07
0.000599881 0 0 0 3.19708e-07
0.000602516 0 0 0 3.23939e-07
0.000605162 0 0 0 3.28225e-07
0.000607819 0 0 0 3.32569e-07
0.000610489 0 0 0 3.3697e-07
0.00061317 0 0 0 3.41429e-07
0.000615862 0 0 0 3.45947e-07
0.000618567 0 0 0 3.50525e-07
0.000621284 0 0 0 3.55163e-07
0.000624012 0 0 0 3.59863e-07
0.000626753 0 0 0 3.64625e-07
0.000629505 0 0 0 3.6945e-07
0.00063227 0 0 0 3.74339e-07
0.000635046 0 0 0 3.79292e-07
0.000637835 0 0 0 3.84312e-07
0.000640636 0 0 0 3.89397e-07
0.00064345 0 0 0 3.9455e-07
0.000646276 0 0 0 3.99771e-07
0.000649114 0 0 0 4.05061e-07
0.000651964 0 0 0 4.10421e-07
0.000654828 0 0 0 4.15852e-07
0.000657703 0 0 0 4.21355e-07
0.000660592 0 0 0 4.26931e-07
0.000663493 0 0 0 4.3258e-07
0.000666407 0 0 0 4.38305e-07
0.000669333 0 0 0 4.44105e-07
0.000672273 0 0 0 4.49982e-07
0.000675225 0 0 0 4.55936e-07
0.000678191 0 0 0 4.61969e-07
0.000681169 0 0 0 4.68083e-07
0.00068416 0 0 0 4.74277e-07
0.000687165 0 0 0 4.80553e-07
0.000690183 0 0 0 4.86912e-07
0.000693214 0 0 0 4.93355e-07
0.000696258 0 0 0 4.99884e-07
0.000699316 0 0 0 5.06498e-07
0.000702387 0 0 0 5.13201e-07
0.000705472 0 0 0 5.19992e-07
0.00070857 0 0 0 5.26873e-07
0.000711682 0 0 0 5.33845e-07
0.000714807 0 0 0 5.40909e-07
0.000717946 0 0 0 5.48067e-07
0.000721099 0 0 0 5.5532e-07
0.000724266 0 0 0 5.62668e-07
0.000727447 0 0 0 5.70114e-07
0.000730641 0 0 0 5.77658e-07
0.00073385 0 0 0 5.85302e-07
0.000737073 0 0 0 5.93047e-07
0.00074031 0 0 0 6.00895e-07
0.000743561 0 0 0 6.08847e-07
0.000746826 0 0 0 6.16903e-07
0.000750106 0 0 0 6.25067e-07
0.0007534 0 0 0 6.33338e-07
0.000756709 0 0 0 6.41719e-07
0.000760032 0 0 0 6.50211e-07
0.00076337 0 0 0 6.58815e-07
0.000766723 0 0 0 6.67533e-07
0.00077009 0 0 0 6.76366e-07
0.000773472 0 0 0 6.85317e-07
0.000776868 0 0 0 6.94385e-07
0.00078028 0 0 0 7.03574e-07
0.000783707 0 0 0 7.12884e-07
0.000787149 0 0 0 7.22318e-07
0.000790606 0 0 0 7.31876e-07
0.000794078 0 0 0 7.41561e-07
0.000797565 0 0 0 7.51374e-07
0.000801068 0 0 0 7.61317e-07
0.000804586 0 0 0 7.71391e-07
0.000808119 0 0 0 7.81599e-07
0.000811668 0 0 0 7.91942e-07
0.000815233 0 0 0 8.02421e-07
0.000818813 0 0 0 8.1304e-07
0.000822409 0 0 0 8.23799e-07
0.00082602 0 0 0 8.347e-07
0.000829648 0 0 0 8.45745e-07
0.000833291 0 0 0 8.56937e-07
0.000836951 0 0 0 8.68277e-07
0.000840627 0 0 0 8.79767e-07
0.000844318 0 0 0 8.91408e-07
0.000848026 0 0 0 9.03204e-07
0.00085175 0 0 0 9.15156e-07
0.000855491 0 0 0 9.27266e-07
0.000859248 0 0 0 9.39537e-07
0.000863022 0 0 0 9.5197e-07
0.000866812 0 0 0 9.64567e-07
0.000870618 0 0 0 9.77331e-07
0.000874442 0 0 0 9.90264e-07
0.000878282 0 0 0 1.00337e-06
0.000882139 0 0 0 1.01665e-06
0.000886013 0 0 0 1.0301e-06
0.000889904 0 0 0 1.04373e-06
0.000893812 0 0 0 1.05754e-06
0.000897738 0 0 0 1.07154e-06
0.00090168 0 0 0 1.08571e-06
0.00090564 0 0 0 1.10008e-06
0.000909617 0 0 0 1.11464e-06
0.000913612 0 0 0 1.12939e-06
0.000917624 0 0 0 1.14433e-06
0.000921654 0 0 0 1.15948e-06
0.000925702 0 0 0 1.17482e-06
0.000929767 0 0 0 1.19037e-06
0.00093385 0 0 0 1.20612e-06
0.000937951 0 0 0 1.22208e-06
0.000942071 0 0 0 1.23825e-06
0.000946208 0 0 0 1.25464e-06
0.000950363 0 0 0 1.27124e-06
0.000954537 0 0 0 1.28806e-06
0.000958729 0 0 0 1.30511e-06
0.000962939 0 0 0 1.32238e-06
0.000967168 0 0 0 1.33987e-06
0.000971416 0 0 0 1.3576e-06
0.000975682 0 0 0 1.37557e-06
0.000979967 0 0 0 1.39377e-06
0.00098427 0 0 0 1.41222e-06
0.000988593 0 0 0 1.4309e-06
0.000992934 0 0 0 1.44984e-06
0.000997295 0 0 0 1.46902e-06
0.00100167 0 0 0 1.48846e-06
0.00100607 0 0 0 1.50816e-06
0.00101049 0 0 0 1.52812e-06
0.00101493 0 0 0 1.54834e-06
0.00101939 0 0 0 1.56883e-06
0.00102386 0 0 0 1.58959e-06
0.00102836 0 0 0 1.61062e-06
0.00103288 0 0 0 1.63194e-06
0.00103741 0 0 0 1.65353e-06
0.00104197 0 0 0 1.67541e-06
0.00104654 0 0 0 1.69758e-06
0.00105114 0 0 0 1.72005e-06
0.00105576 0 0 0 1.74281e-06
0.00106039 0 0 0 1.76587e-06
0.00106505 0 0 0 1.78924e-06
0.00106973 0 0 0 1.81291e-06
0.00107443 0 0 0 1.8369e-06
0.00107914 0 0 0 1.86121e-06
0.00108388 0 0 0 1.88584e-06
0.00108864 0 0 0 1.9108e-06
0.00109342 0 0 0 1.93608e-06
0.00109823 0 0 0 1.9617e-06
0.00110305 0 0 0 1.98766e-06
0.00110789 0 0 0 2.01396e-06
0.00111276 0 0 0 2.04061e-06
0.00111765 0 0 0 2.06762e-06
0.00112255 0 0 0 2.09498e-06
0.00112748 0 0 0 2.1227e-06
0.00113243 0 0 0 2.15079e-06
0.00113741 0 0 0 2.17925e-06
0.0011424 0 0 0 2.20809e-06
0.00114742 0 0 0 2.23731e-06
0.00115246 0 0 0 2.26691e-06
0.00115752 0 0 0 2.29691e-06
0.0011626 0 0 0 2.32731e-06
0.00116771 0 0 0 2.3581e-06
0.00117284 0 0 0 2.38931e-06
0.00117799 0 0 0 2.42092e-06
0.00118316 0 0 0 2.45296e-06
0.00118836 0 0 0 2.48542e-06
0.00119358 0 0 0 2.51831e-06
0.00119882 0 0 0 2.55163e-06
0.00120408 0 0 0 2.5854e-06
0.00120937 0 0 0 2.61961e-06
0.00121468 0 0 0 2.65428e-06
0.00122002 0 0 0 2.6894e-06
0.00122537 0 0 0 2.72499e-06
0.00123076 0 0 0 2.76105e-06
0.00123616 0 0 0 2.79758e-06
0.00124159 0 0 0 2.8346e-06
0.00124704 0 0 0 2.87211e-06
0.00125252 0 0 0 2.91012e-06
0.00125802 0 0 0 2.94863e-06
0.00126354 0 0 0 2.98765e-06
0.00126909 0 0 0 3.02718e-06
0.00127467 0 0 0 3.06724e-06
0.00128026 0 0 0 3.10783e-06
0.00128589 0 0 0 3.14896e-06
0.00129153 0 0 0 3.19063e-06
0.00129721 0 0 0 3.23285e-06
0.0013029 0 0 0 3.27563e-06
0.00130862 0 0 0 3.31897e-06
0.00131437 0 0 0 3.36289e-06
0.00132014 0 0 0 3.40739e-06
0.00132594 0 0 0 3.45248e-06
0.00133176 0 0 0 3.49817e-06
0.00133761 0 0 0 3.54446e-06
0.00134349 0 0 0 3.59136e-06
0.00134939 0 0 0 3.63889e-06
0.00135531 0 0 0 3.68704e-06
0.00136127 0 0 0 3.73583e-06
0.00136724 0 0 0 3.78527e-06
0.00137325 0 0 0 3.83536e-06
0.00137928 0 0 0 3.88611e-06
0.00138534 0 0 0 3.93753e-06
0.00139142 0 0 0 3.98964e-06
0.00139753 0 0 0 4.04243e-06
0.00140367 0 0 0 4.09593e-06
0.00140983 0 0 0 4.15013e-06
0.00141602 0 0 0 4.20504e-06
0.00142224 0 0 0 4.26069e-06
0.00142849 0 0 0 4.31707e-06
0.00143476 0 0 0 4.3742e-06
0.00144106 0 0 0 4.43208e-06
0.00144739 0 0 0 4.49073e-06
0.00145375 0 0 0 4.55015e-06
0.00146013 0 0 0 4.61037e-06
0.00146655 0 0 0 4.67137e-06
0.00147299 0 0 0 4.73319e-06
0.00147945 0 0 0 4.79582e-06
0.00148595 0 0 0 4.85929e-06
0.00149248 0 0 0 4.92359e-06
0.00149903 0 0 0 4.98874e-06
0.00150562 0 0 0 5.05476e-06
0.00151223 0 0 0 5.12165e-06
0.00151887 0 0 0 5.18942e-06
0.00152554 0 0 0 5.25809e-06
0.00153224 0 0 0 5.32767e-06
0.00153897 0 0 0 5.39817e-06
0.00154573 0 0 0 5.46961e-06
0.00155251 0.454426 8.85402e-06 6 5.54198e-06
0.00155933 0 0 0 5.61532e-06
0.00156618 0 0 0 5.68963e-06
0.00157306 0 0 0 5.76492e-06
0.00157997 0 0 0 5.8412e-06
0.00158691 0 0 0 5.9185e-06
0.00159388 0 0 0 5.99682e-06
0.00160087 0 0 0 6.07617e-06
0.00160791 0 0 0 6.15658e-06
0.00161497 0 0 0 6.23805e-06
0.00162206 0 0 0 6.32059e-06
0.00162918 0 0 0 6.40423e-06
0.00163634 0 0 0 6.48898e-06
0.00164352 0 0 0 6.57485e-06
0.00165074 0 0 0 6.66185e-06
0.00165799 0 0 0 6.75001e-06
0.00166527 0 0 0 6.83933e-06
0.00167259 0 0 0 6.92983e-06
0.00167993 0 0 0 7.02154e-06
0.00168731 0 0 0 7.11445e-06
0.00169472 0 0 0 7.2086e-06
0.00170216 0 0 0 7.30399e-06
0.00170964 0 0 0 7.40064e-06
0.00171714 0 0 0 7.49857e-06
0.00172469 0 0 0 7.5978e-06
0.00173226 0 0 0 7.69834e-06
0.00173987 0 0 0 7.80021e-06
0.00174751 0 0 0 7.90343e-06
0.00175518 0 0 0 8.00801e-06
0.00176289 0 0 0 8.11398e-06
0.00177063 0 0 0 8.22135e-06
0.00177841 0 0 0 8.33015e-06
0.00178622 0 0 0 8.44038e-06
0.00179406 0 0 0 8.55207e-06
0.00180194 0 0 0 8.66524e-06
0.00180986 0 0 0 8.7799e-06
0.0018178 0 0 0 8.89609e-06
0.00182579 0 0 0 9.01381e-06
0.0018338 0 0 0 9.13308e-06
0.00184186 0 0 0 9.25394e-06
0.00184995 0 0 0 9.3764e-06
0.00185807 0 0 0 9.50047e-06
0.00186623 0 0 0 9.62619e-06
0.00187443 0 0 0 9.75358e-06
0.00188266 0 0 0 9.88264e-06
0.00189093 0 0 0 1.00134e-05
0.00189923 0 0 0 1.01459e-05
0.00190757 0 0 0 1.02802e-05
0.00191595 0 0 0 1.04162e-05
0.00192436 0 0 0 1.05541e-05
0.00193281 0 0 0 1.06937e-05
0.0019413 0 0 0 1.08352e-05
0.00194983 0 0 0 1.09786e-05
0.00195839 0 0 0 1.11239e-05
0.00196699 0 0 0 1.12711e-05
0.00197563 0 0 0 1.14202e-05
0.00198431 0 0 0 1.15714e-05
0.00199302 0 0 0 1.17245e-05
0.00200177 0 0 0 1.18796e-05
0.00201056 0 0 0 1.20368e-05
0.00201939 0 0 0 1.21961e-05
0.00202826 0 0 0 1.23575e-05
0.00203717 0 0 0 1.2521e-05
0.00204612 0 0 0 1.26867e-05
0.0020551 0 0 0 1.28546e-05
0.00206413 0 0 0 1.30247e-05
0.00207319 0 0 0 1.31971e-05
0.0020823 0 0 0 1.33717e-05
0.00209144 0 0 0 1.35486e-05
0.00210063 0 0 0 1.37279e-05
0.00210985 0 0 0 1.39096e-05
0.00211912 0 0 0 1.40936e-05
0.00212842 0 0 0 1.42801e-05
0.00213777 0 0 0 1.44691e-05
0.00214716 0 0 0 1.46606e-05
0.00215659 0 0 0 1.48546e-05
0.00216606 0 0 0 1.50512e-05
0.00217557 0 0 0 1.52503e-05
0.00218513 0 0 0 1.54521e-05
0.00219472 0.396135 2.73205e-06 12 1.56566e-05
0.00220436 0 0 0 1.58638e-05
0.00221404 0 0 0 1.60737e-05
0.00222377 0 0 0 1.62864e-05
0.00223353 0 0 0 1.65019e-05
0.00224334 0 0 0 1.67203e-05
0.00225319 0 0 0 1.69416e-05
0.00226309 0 0 0 1.71657e-05
0.00227303 0 0 0 1.73929e-05
0.00228301 0 0 0 1.7623e-05
0.00229304 0 0 0 1.78563e-05
0.00230311 0 0 0 1.80925e-05
0.00231322 0 0 0 1.8332e-05
0.00232338 0 0 0 1.85745e-05
0.00233358 0 0 0 1.88203e-05
0.00234383 0 0 0 1.90694e-05
0.00235412 0 0 0 1.93217e-05
0.00236446 0 0 0 1.95774e-05
0.00237485 0 0 0 1.98365e-05
0.00238528 0 0 0 2.0099e-05
0.00239575 0 0 0 2.03649e-05
0.00240627 0 0 0 2.06344e-05
0.00241684 0 0 0 2.09075e-05
0.00242745 0 0 0 2.11841e-05
0.00243811 0 0 0 2.14645e-05
0.00244882 0 0 0 2.17485e-05
0.00245958 0 0 0 2.20363e-05
0.00247038 0 0 0 2.23279e-05
0.00248123 0 0 0 2.26234e-05
0.00249212 0 0 0 2.29227e-05
0.00250307 0 0 0 2.32261e-05
0.00251406 0 0 0 2.35334e-05
0.0025251 0 0 0 2.38448e-05
0.00253619 0 0 0 2.41604e-05
0.00254733 0 0 0 2.44801e-05
0.00255852 0 0 0 2.4804e-05
0.00256975 0 0 0 2.51322e-05
0.00258104 0 0 0 2.54648e-05
0.00259237 0 0 0 2.58018e-05
0.00260376 0 0 0 2.61432e-05
0.00261519 0 0 0 2.64892e-05
0.00262668 0 0 0 2.68397e-05
0.00263821 0 0 0 2.71949e-05
0.0026498 0 0 0 2.75547e-05
0.00266143 0 0 0 2.79194e-05
0.00267312 0 0 0 2.82888e-05
0.00268486 0 0 0 2.86632e-05
0.00269665 0.171911 6.39163e-07 8 2.90425e-05
0.0027085 0 0 0 2.94268e-05
0.00272039 0 0 0 2.98162e-05
0.00273234 0 0 0 3.02107e-05
0.00274434 0 0 0 3.06105e-05
0.00275639 0 0 0 3.10156e-05
0.00276849 0 0 0 3.1426e-05
0.00278065 0 0 0 3.18418e-05
0.00279286 0 0 0 3.22632e-05
0.00280513 0 0 0 3.26901e-05
0.00281745 0 0 0 3.31227e-05
0.00282982 0 0 0 3.3561e-05
0.00284225 0 0 0 3.40051e-05
0.00285473 0 0 0 3.44551e-05
0.00286727 0 0 0 3.49111e-05
0.00287986 0 0 0 3.5373e-05
0.00289251 0 0 0 3.58411e-05
0.00290521 0 0 0 3.63154e-05
0.00291797 0 0 0 3.6796e-05
0.00293078 0 0 0 3.72829e-05
0.00294365 0 0 0 3.77762e-05
0.00295658 0 0 0 3.82761e-05
0.00296957 0 0 0 3.87826e-05
0.00298261 0 0 0 3.92958e-05
0.00299571 0 0 0 3.98158e-05
0.00300886 0 0 0 4.03427e-05
0.00302208 0 0 0 4.08766e-05
0.00303535 0 0 0 4.14175e-05
0.00304868 0 0 0 4.19655e-05
0.00306207 0 0 0 4.25209e-05
0.00307551 0 0 0 4.30835e-05
0.00308902 0 0 0 4.36537e-05
0.00310259 0.227162 5.5456e-07 6 4.42313e-05
0.00311621 0 0 0 4.48166e-05
0.0031299 0 0 0 4.54097e-05
0.00314364 0 0 0 4.60106e-05
0.00315745 0 0 0 4.66194e-05
0.00317132 0 0 0 4.72363e-05
0.00318524 0 0 0 4.78614e-05
0.00319923 0 0 0 4.84948e-05
0.00321328 0 0 0 4.91365e-05
0.00322739 0 0 0 4.97867e-05
0.00324157 0 0 0 5.04455e-05
0.0032558 0 0 0 5.11131e-05
0.0032701 0 0 0 5.17894e-05
0.00328446 0 0 0 5.24748e-05
0.00329889 0 0 0 5.31691e-05
0.00331337 0 0 0 5.38727e-05
0.00332792 0 0 0 5.45856e-05
0.00334254 0 0 0 5.53079e-05
0.00335722 0 0 0 5.60398e-05
0.00337196 0 0 0 5.67814e-05
0.00338677 0 0 0 5.75328e-05
0.00340164 0 0 0 5.82941e-05
0.00341658 0 0 0 5.90655e-05
0.00343159 0 0 0 5.98471e-05
0.00344666 0 0 0 6.0639e-05
0.00346179 0 0 0 6.14415e-05
0.003477 0.752087 1.30449e-06 24 6.22545e-05
0.00349227 0 0 0 6.30783e-05
0.0035076 0 0 0 6.3913e-05
0.00352301 0 0 0 6.47588e-05
0.00353848 0 0 0 6.56157e-05
0.00355402 0 0 0 6.6484e-05
0.00356963 0 0 0 6.73638e-05
0.0035853 0 0 0 6.82552e-05
0.00360105 0 0 0 6.91584e-05
0.00361686 0 0 0 7.00736e-05
0.00363275 0 0 0 7.10009e-05
0.0036487 0 0 0 7.19404e-05
0.00366472 0 0 0 7.28924e-05
0.00368082 0 0 0 7.3857e-05
0.00369698 0 0 0 7.48343e-05
0.00371322 0 0 0 7.58246e-05
0.00372953 0 0 0 7.68279e-05
0.00374591 0 0 0 7.78446e-05
0.00376236 0 0 0 7.88747e-05
0.00377888 0 0 0 7.99184e-05
0.00379547 0 0 0 8.0976e-05
0.00381214 0.79185 1.04212e-06 24 8.20475e-05
0.00382888 0 0 0 8.31333e-05
0.0038457 0 0 0 8.42334e-05
0.00386259 0 0 0 8.5348e-05
0.00387955 0 0 0 8.64774e-05
0.00389659 0 0 0 8.76218e-05
0.0039137 0 0 0 8.87812e-05
0.00393089 0 0 0 8.99561e-05
0.00394815 0 0 0 9.11464e-05
0.00396549 0 0 0 9.23526e-05
0.00398291 0 0 0 9.35747e-05
0.0040004 0 0 0 9.48129e-05
0.00401797 0 0 0 9.60676e-05
0.00403561 0 0 0 9.73388e-05
0.00405333 0 0 0 9.86269e-05
0.00407114 0 0 0 9.9932e-05
0.00408901 0 0 0 0.000101254
0.00410697 0 0 0 0.000102594
0.00412501 0 0 0 0.000103952
0.00414312 0 0 0 0.000105327
0.00416132 0 0 0 0.000106721
0.00417959 0 0 0 0.000108133
0.00419795 0 0 0 0.000109564
0.00421638 0 0 0 0.000111014
0.0042349 0 0 0 0.000112483
0.0042535 0 0 0 0.000113972
0.00427218 0 0 0 0.00011548
0.00429094 0 0 0 0.000117008
0.00430979 0 0 0 0.000118556
0.00432871 0 0 0 0.000120125
0.00434772 0 0 0 0.000121715
0.00436682 0 0 0 0.000123326
0.00438599 0.758777 6.55683e-07 12 0.000124957
0.00440526 0 0 0 0.000126611
0.0044246 0 0 0 0.000128286
0.00444403 0 0 0 0.000129984
0.00446355 0 0 0 0.000131704
0.00448315 0 0 0 0.000133447
0.00450284 0 0 0 0.000135213
0.00452262 0 0 0 0.000137002
0.00454248 0 0 0 0.000138815
0.00456243 0 0 0 0.000140652
0.00458246 0 0 0 0.000142513
0.00460259 0 0 0 0.000144399
0.0046228 0 0 0 0.00014631
0.0046431 0 0 0 0.000148246
0.00466349 0.791132 5.68721e-07 30 0.000150208
0.00468397 0 0 0 0.000152195
0.00470454 0 0 0 0.000154209
0.0047252 0 0 0 0.00015625
0.00474596 0 0 0 0.000158318
0.0047668 0 0 0 0.000160413
0.00478773 0 0 0 0.000162535
0.00480876 0 0 0 0.000164686
0.00482988 0 0 0 0.000166865
0.00485109 0 0 0 0.000169073
0.00487239 0 0 0 0.000171311
0.00489379 0 0 0 0.000173578
0.00491528 0.948822 5.82537e-07 24 0.000175875
0.00493687 0 0 0 0.000178202
0.00495855 0 0 0 0.00018056
0.00498032 0 0 0 0.000182949
0.0050022 0 0 0 0.00018537
0.00502416 0 0 0 0.000187823
0.00504623 0 0 0 0.000190309
0.00506839 0 0 0 0.000192827
0.00509065 0 0 0 0.000195379
0.005113 0 0 0 0.000197964
0.00513546 0 0 0 0.000200584
0.00515801 1.09928 5.84042e-07 24 0.000203238
0.00518066 0 0 0 0.000205928
0.00520342 0 0 0 0.000208653
0.00522627 0 0 0 0.000211414
0.00524922 0 0 0 0.000214211
0.00527227 0 0 0 0.000217046
0.00529543 0 0 0 0.000219918
0.00531868 0 0 0 0.000222828
0.00534204 0 0 0 0.000225777
0.0053655 0 0 0 0.000228765
0.00538906 0.822046 3.82948e-07 8 0.000231792
0.00541273 0 0 0 0.000234859
0.0054365 0 0 0 0.000237967
0.00546038 0 0 0 0.000241116
0.00548436 0 0 0 0.000244306
0.00550844 0 0 0 0.000247539
0.00553263 0 0 0 0.000250815
0.00555693 0 0 0 0.000254134
0.00558133 0 0 0 0.000257497
0.00560585 0.988794 4.09229e-07 24 0.000260904
0.00563046 0 0 0 0.000264357
0.00565519 0 0 0 0.000267855
0.00568003 0 0 0 0.0002714
0.00570497 0 0 0 0.000274991
0.00573003 0 0 0 0.00027863
0.00575519 0 0 0 0.000282317
0.00578046 0 0 0 0.000286053
0.00580585 1.40187 5.2227e-07 48 0.000289838
0.00583135 0 0 0 0.000293674
0.00585696 0 0 0 0.00029756
0.00588268 0 0 0 0.000301497
0.00590851 0 0 0 0.000305487
0.00593446 0 0 0 0.000309529
0.00596052 0 0 0 0.000313625
0.0059867 0 0 0 0.000317775
0.00601299 0 0 0 0.000321981
0.0060394 0 0 0 0.000326241
0.00606592 0 0 0 0.000330558
0.00609256 0 0 0 0.000334933
0.00611932 0 0 0 0.000339365
0.00614619 0 0 0 0.000343856
0.00617318 0 0 0 0.000348406
0.00620029 0 0 0 0.000353016
0.00622752 1.56379 4.72081e-07 6 0.000357688
0.00625487 0 0 0 0.000362421
0.00628234 0 0 0 0.000367217
0.00630993 0 0 0 0.000372076
0.00633764 0 0 0 0.000377
0.00636547 0 0 0 0.000381988
0.00639343 1.52589 4.25701e-07 48 0.000387043
0.00642151 0 0 0 0.000392165
0.00644971 0 0 0 0.000397354
0.00647803 0 0 0 0.000402612
0.00650648 0 0 0 0.00040794
0.00653505 0 0 0 0.000413338
0.00656375 0 0 0 0.000418808
0.00659258 1.61208 4.10208e-07 36 0.00042435
0.00662153 0 0 0 0.000429965
0.00665061 0 0 0 0.000435655
0.00667982 0 0 0 0.00044142
0.00670915 0 0 0 0.000447261
0.00673862 0 0 0 0.00045318
0.00676821 1.49598 3.51793e-07 24 0.000459177
0.00679794 0 0 0 0.000465253
0.00682779 0 0 0 0.00047141
0.00685777 0 0 0 0.000477648
0.00688789 0 0 0 0.000483968
0.00691814 0 0 0 0.000490373
0.00694852 1.07289 2.33164e-07 24 0.000496862
0.00697904 0 0 0 0.000503437
0.00700969 0 0 0 0.000510099
0.00704047 0 0 0 0.000516849
0.00707139 0 0 0 0.000523688
0.00710245 0 0 0 0.000530618
0.00713364 1.09098 2.19112e-07 48 0.00053764
0.00716497 0 0 0 0.000544754
0.00719643 0 0 0 0.000551963
0.00722804 0 0 0 0.000559267
0.00725978 0 0 0 0.000566667
0.00729166 1.11543 2.09771e-07 24 0.000574166
0.00732368 0 0 0 0.000581764
0.00735585 0 0 0 0.000589462
0.00738815 0 0 0 0.000597263
0.0074206 0 0 0 0.000605166
0.00745319 0 0 0 0.000613174
0.00748592 0 0 0 0.000621288
0.00751879 0 0 0 0.00062951
0.00755181 0 0 0 0.00063784
0.00758498 0 0 0 0.00064628
0.00761829 2.09831 3.46004e-07 24 0.000654833
0.00765174 0 0 0 0.000663498
0.00768535 0 0 0 0.000672278
0.0077191 0 0 0 0.000681174
0.007753 0 0 0 0.000690188
0.00778705 1.82749 2.82177e-07 30 0.000699321
0.00782125 0 0 0 0.000708575
0.00785559 0 0 0 0.000717952
0.00789009 0 0 0 0.000727452
0.00792474 1.69897 2.48893e-07 72 0.000737078
0.00795955 0 0 0 0.000746832
0.0079945 0 0 0 0.000756715
0.00802961 0 0 0 0.000766728
0.00806487 1.46072 2.03029e-07 32 0.000776874
0.00810029 0 0 0 0.000787155
0.00813587 0 0 0 0.000797571
0.00817159 0 0 0 0.000808125
0.00820748 0 0 0 0.000818819
0.00824353 0 0 0 0.000829654
0.00827973 0 0 0 0.000840633
0.00831609 0 0 0 0.000851757
0.00835261 1.90912 2.38864e-07 72 0.000863028
0.00838929 0 0 0 0.000874448
0.00842614 0 0 0 0.00088602
0.00846314 0 0 0 0.000897744
0.00850031 2.4293 2.88377e-07 48 0.000909624
0.00853764 0 0 0 0.000921661
0.00857513 0 0 0 0.000933857
0.00861279 0 0 0 0.000946215
0.00865062 0 0 0 0.000958736
0.00868861 0 0 0 0.000971423
0.00872676 0 0 0 0.000984278
0.00876509 0 0 0 0.000997302
0.00880358 1.6367 1.74894e-07 12 0.0010105
0.00884224 0 0 0 0.00102387
0.00888107 0 0 0 0.00103742
0.00892008 2.59364 2.66433e-07 48 0.00105115
0.00895925 0 0 0 0.00106506
0.0089986 0 0 0 0.00107915
0.00903812 0 0 0 0.00109343
0.00907781 1.51892 1.48039e-07 48 0.0011079
0.00911767 0 0 0 0.00112256
0.00915772 0 0 0 0.00113742
0.00919793 1.85445 1.73752e-07 48 0.00115247
0.00923833 0 0 0 0.00116772
0.0092789 0 0 0 0.00118317
0.00931965 3.74127 3.3698e-07 30 0.00119883
0.00936058 0 0 0 0.00121469
0.00940169 0 0 0 0.00123077
0.00944297 2.2852 1.97871e-07 24 0.00124705
0.00948444 0 0 0 0.00126355
0.0095261 0 0 0 0.00128027
0.00956793 1.5886 1.32234e-07 72 0.00129722
0.00960995 0 0 0 0.00131438
0.00965215 0 0 0 0.00133177
0.00969454 0 0 0 0.0013494
0.00973712 0 0 0 0.00136725
0.00977988 0 0 0 0.00138535
0.00982283 1.31263 1.00976e-07 24 0.00140368
0.00986597 0 0 0 0.00142225
0.0099093 0 0 0 0.00144107
0.00995281 2.0981 1.55157e-07 96 0.00146014
0.00999652 0 0 0 0.00147947
0.0100404 0 0 0 0.00149904
0.0100845 1.88682 1.34137e-07 48 0.00151888
0.0101288 0 0 0 0.00153898
0.0101733 3.07548 2.12967e-07 24 0.00155934
0.010218 0 0 0 0.00157998
0.0102628 0 0 0 0.00160089
0.0103079 1.23546 8.22434e-08 24 0.00162207
0.0103532 0 0 0 0.00164354
0.0103986 0 0 0 0.00166528
0.0104443 2.71858 1.73975e-07 72 0.00168732
0.0104902 0 0 0 0.00170965
0.0105362 2.93081 1.82689e-07 48 0.00173227
0.0105825 0 0 0 0.0017552
0.010629 0 0 0 0.00177842
0.0106757 0 0 0 0.00180196
0.0107226 0 0 0 0.0018258
0.0107696 2.11747 1.23594e-07 8 0.00184996
0.0108169 0 0 0 0.00187444
0.0108644 3.83032 2.17769e-07 54 0.00189925
0.0109122 0 0 0 0.00192438
0.0109601 0 0 0 0.00194984
0.0110082 2.49348 1.36282e-07 84 0.00197565
0.0110566 0 0 0 0.00200179
0.0111051 3.43588 1.82916e-07 48 0.00202828
0.0111539 0 0 0 0.00205512
0.0112029 2.05386 1.06504e-07 24 0.00208231
0.0112521 0 0 0 0.00210987
0.0113015 2.96463 1.49743e-07 72 0.00213779
0.0113511 0 0 0 0.00216608
0.011401 3.09393 1.52219e-07 96 0.00219474
0.011451 0 0 0 0.00222378
0.0115013 0 0 0 0.00225321
0.0115518 0 0 0 0.00228303
0.0116026 0 0 0 0.00231324
0.0116535 3.68881 1.69941e-07 48 0.00234385
0.0117047 0 0 0 0.00237486
0.0117561 3.31446 1.48733e-07 48 0.00240629
0.0118077 0 0 0 0.00243813
0.0118596 2.90862 1.27134e-07 24 0.0024704
0.0119117 3.43857 1.48335e-07 72 0.00250309
0.011964 0 0 0 0.00253621
0.0120165 0 0 0 0.00256977
0.0120693 0 0 0 0.00260378
0.0121223 4.57452 1.8723e-07 72 0.00263823
0.0121755 0 0 0 0.00267314
0.012229 3.36211 1.34037e-07 96 0.00270852
0.0122827 0 0 0 0.00274436
0.0123367 0 0 0 0.00278067
0.0123908 0 0 0 0.00281747
0.0124452 3.97301 1.50277e-07 6 0.00285475
0.0124999 0 0 0 0.00289253
0.0125548 4.16548 1.53469e-07 96 0.00293081
0.0126099 3.5215 1.28048e-07 96 0.00296959
0.0126653 0 0 0 0.00300888
0.0127209 4.32143 1.53058e-07 24 0.0030487
0.0127768 0 0 0 0.00308904
0.0128329 3.91468 1.35053e-07 48 0.00312992
0.0128893 3.62853 1.23547e-07 96 0.00317134
0.0129459 0 0 0 0.0032133
0.0130027 3.39185 1.12491e-07 48 0.00325583
0.0130598 0 0 0 0.00329891
0.0131172 0 0 0 0.00334256
0.0131748 4.4121 1.40669e-07 36 0.0033868
0.0132326 0 0 0 0.00343161
0.0132908 5.01992 1.55895e-07 48 0.00347702
0.0133491 3.06902 9.40645e-08 120 0.00352303
0.0134078 0 0 0 0.00356965
0.0134666 3.84949 1.14924e-07 56 0.00361689
0.0135258 5.8703 1.72965e-07 24 0.00366475
0.0135852 0 0 0 0.00371325
0.0136448 5.77985 1.65881e-07 96 0.00376238
0.0137048 3.96863 1.12411e-07 48 0.00381217
0.0137649 0 0 0 0.00386262
0.0138254 0 0 0 0.00391373
0.0138861 5.17827 1.41002e-07 24 0.00396552
0.0139471 0 0 0 0.004018
0.0140083 4.46853 1.18519e-07 102 0.00407117
0.0140699 5.82751 1.52545e-07 48 0.00412504
0.0141317 4.60087 1.18862e-07 72 0.00417962
0.0141937 0 0 0 0.00423493
0.0142561 4.96332 1.24899e-07 48 0.00429097
0.0143187 3.13242 7.7796e-08 48 0.00434776
0.0143815 3.28805 8.05946e-08 120 0.00440529
0.0144447 0 0 0 0.00446358
0.0145081 0 0 0 0.00452265
0.0145719 5.11972 1.20639e-07 24 0.0045825
0.0146358 5.28679 1.22948e-07 144 0.00464314
0.0147001 0 0 0 0.00470458
0.0147647 5.12105 1.16003e-07 120 0.00476683
0.0148295 4.76086 1.06436e-07 48 0.00482991
0.0148946 0 0 0 0.00489383
0.0149601 3.20983 6.98982e-08 48 0.00495859
0.0150258 0 0 0 0.0050242
0.0150917 5.29624 1.1234e-07 96 0.00509069
0.015158 0 0 0 0.00515805
0.0152246 3.82938 7.91181e-08 24 0.00522631
0.0152915 7.04434 1.43641e-07 48 0.00529547
0.0153586 4.97636 1.00148e-07 108 0.00536554
0.0154261 0 0 0 0.00543654
0.0154938 5.30132 1.03919e-07 72 0.00550848
0.0155618 5.76653 1.11562e-07 30 0.00558138
0.0156302 5.15616 9.84505e-08 168 0.00565523
0.0156988 5.58405 1.05228e-07 48 0.00573007
0.0157678 0 0 0 0.00580589
0.015837 3.90584 7.16932e-08 72 0.00588272
0.0159066 5.21789 9.45256e-08 96 0.00596057
0.0159764 5.09449 9.10848e-08 72 0.00603944
0.0160466 4.83687 8.53493e-08 72 0.00611936
0.0161171 7.95889 1.38605e-07 32 0.00620034
0.0161878 0 0 0 0.00628239
0.0162589 5.71852 9.70045e-08 72 0.00636552
0.0163303 5.70349 9.54859e-08 144 0.00644975
0.0164021 0 0 0 0.0065351
0.0164741 0 0 0 0.00662158
0.0165464 6.1331 9.87077e-08 96 0.0067092
0.0166191 5.99222 9.51808e-08 96 0.00679799
0.0166921 7.55792 1.18483e-07 48 0.00688794
0.0167654 5.6043 8.67092e-08 72 0.00697909
0.016839 5.23793 7.99822e-08 120 0.00707144
0.016913 5.72984 8.6351e-08 72 0.00716502
0.0169872 5.6007 8.33025e-08 48 0.00725983
0.0170618 5.80392 8.51976e-08 78 0.0073559
0.0171368 6.03813 8.74781e-08 120 0.00745324
0.017212 6.54887 9.36383e-08 48 0.00755187
0.0172876 0 0 0 0.0076518
0.0173635 6.03866 8.41027e-08 144 0.00775306
0.0174398 6.44934 8.86492e-08 144 0.00785565
0.0175164 0 0 0 0.00795961
0.0175933 3.7952 5.08132e-08 12 0.00806493
0.0176706 6.71313 8.87068e-08 144 0.00817166
0.0177482 6.21768 8.1087e-08 168 0.00827979
0.0178261 6.52801 8.40223e-08 48 0.00838936
0.0179044 6.70565 8.51814e-08 48 0.00850037
0.017983 6.54095 8.20042e-08 168 0.00861286
0.018062 0 0 0 0.00872683
0.0181413 7.46427 9.11515e-08 48 0.00884231
0.018221 7.45899 8.98975e-08 192 0.00895932
0.018301 8.30594 9.87976e-08 72 0.00907788
0.0183814 4.85517 5.69972e-08 48 0.009198
0.0184621 6.42613 7.44541e-08 96 0.00931972
0.0185432 6.24658 7.14286e-08 48 0.00944304
0.0186246 9.05541 1.02195e-07 30 0.009568
0.0187064 6.79708 7.57066e-08 96 0.00969462
0.0187886 7.33426 8.06229e-08 192 0.0098229
0.0188711 7.57656 8.21987e-08 80 0.00995289
0.018954 7.25609 7.76938e-08 168 0.0100846
0.0190372 7.6936 8.13025e-08 120 0.010218
0.0191208 7.28759 7.60062e-08 72 0.0103533
0.0192048 6.25394 6.43738e-08 144 0.0104903
0.0192891 7.23954 7.35458e-08 96 0.0106291
0.0193738 9.31648 9.34091e-08 96 0.0107697
0.0194589 7.75883 7.67758e-08 72 0.0109122
0.0195444 8.92961 8.7207e-08 96 0.0110566
0.0196302 5.14344 4.9575e-08 24 0.011203
0.0197164 7.29551 6.93995e-08 192 0.0113512
0.019803 7.44232 6.98714e-08 132 0.0115014
0.01989 5.58739 5.17715e-08 96 0.0116536
0.0199773 6.73155 6.15585e-08 96 0.0118078
0.0200651 7.21705 6.51363e-08 120 0.0119641
0.0201532 11.8046 1.05149e-07 48 0.0121224
0.0202417 8.6928 7.64195e-08 222 0.0122828
0.0203306 8.41716 7.303e-08 120 0.0124453
0.0204199 7.66347 6.56223e-08 192 0.01261
0.0205095 8.37135 7.07477e-08 144 0.0127769
0.0205996 7.79919 6.50515e-08 24 0.012946
0.0206901 9.19657 7.57049e-08 144 0.0131173
0.0207809 9.47997 7.70187e-08 120 0.0132909
0.0208722 8.46386 6.78654e-08 192 0.0134667
0.0209639 8.99824 7.12079e-08 144 0.0136449
0.0210559 9.45727 7.3863e-08 48 0.0138255
0.0211484 8.47228 6.53059e-08 336 0.0140085
0.0212413 8.1252 6.18126e-08 48 0.0141938
0.0213346 10.3783 7.7922e-08 192 0.0143816
0.0214282 9.65194 7.15218e-08 48 0.014572
0.0215224 5.00096 3.65736e-08 8 0.0147648
0.0216169 8.81388 6.3617e-08 288 0.0149602
0.0217118 9.41452 6.70648e-08 150 0.0151581
0.0218072 8.838 6.21357e-08 120 0.0153587
0.0219029 8.54162 5.92677e-08 120 0.015562
0.0219991 7.98463 5.46794e-08 228 0.0157679
0.0220957 9.00232 6.08434e-08 168 0.0159765
0.0221928 10.8424 7.23226e-08 48 0.016188
0.0222902 9.04514 5.95465e-08 336 0.0164022
0.0223881 7.54935 4.90502e-08 24 0.0166192
0.0224864 8.57124 5.49624e-08 336 0.0168391
0.0225852 9.11044 5.76571e-08 144 0.017062
0.0226844 9.08773 5.67622e-08 168 0.0172877
0.022784 0 0 0 0.0175165
0.0228841 12.671 7.70895e-08 192 0.0177483
0.0229846 9.76813 5.86526e-08 216 0.0179832
0.0230855 8.99146 5.3284e-08 192 0.0182211
0.0231869 8.42975 4.93028e-08 144 0.0184623
0.0232887 8.69305 5.01788e-08 198 0.0187066
0.023391 12.3734 7.049e-08 216 0.0189541
0.0234937 9.60715 5.40162e-08 168 0.0192049
0.0235969 9.37675 5.20322e-08 240 0.0194591
0.0237005 8.68067 4.75406e-08 168 0.0197166
0.0238046 10.821 5.84884e-08 264 0.0199775
0.0239091 9.97706 5.32224e-08 216 0.0202418
0.0240141 7.68984 4.04856e-08 96 0.0205097
0.0241196 10.4041 5.40602e-08 144 0.0207811
0.0242255 9.49904 4.87129e-08 308 0.0210561
0.0243319 10.0603 5.09175e-08 312 0.0213347
0.0244388 9.03557 4.51338e-08 96 0.021617
0.0245461 10.2876 5.07168e-08 288 0.0219031
0.0246539 14.1421 6.88084e-08 168 0.0221929
0.0247622 11.1051 5.3326e-08 240 0.0224866
0.0248709 11.8906 5.63525e-08 198 0.0227842
0.0249801 9.39453 4.39415e-08 192 0.0230857
0.0250898 10.5439 4.86734e-08 312 0.0233912
0.0252 13.801 6.28771e-08 168 0.0237007
0.0253107 11.9368 5.36735e-08 336 0.0240143
0.0254218 5.83939 2.59137e-08 72 0.0243321
0.0255335 11.3862 4.98693e-08 456 0.0246541
0.0256456 10.8601 4.69438e-08 144 0.0249803
0.0257583 10.1075 4.31199e-08 264 0.0253109
0.0258714 12.3918 5.21748e-08 336 0.0256458
0.025985 7.16376 2.97685e-08 48 0.0259852
0.0260991 12.2689 5.03166e-08 408 0.026329
0.0262137 13.7022 5.54609e-08 192 0.0266775
0.0263288 13.2162 5.27953e-08 180 0.0270305
0.0264445 11.0812 4.36884e-08 342 0.0273882
0.0265606 11.8636 4.61622e-08 360 0.0277506
0.0266773 10.6462 4.08842e-08 168 0.0281178
0.0267944 13.6478 5.17264e-08 384 0.0284899
0.0269121 11.4166 4.2705e-08 344 0.0288669
0.0270303 14.6024 5.39085e-08 144 0.0292489
0.027149 13.4379 4.89615e-08 456 0.0296359
0.0272682 12.9453 4.65507e-08 312 0.0300281
0.027388 10.425 3.69981e-08 96 0.0304255
0.0275082 11.6132 4.06768e-08 456 0.0308281
0.027629 11.7078 4.04727e-08 264 0.031236
0.0277504 12.4516 4.24817e-08 168 0.0316494
0.0278722 11.7957 3.97186e-08 432 0.0320682
0.0279947 11.5426 3.83587e-08 270 0.0324925
0.0281176 12.8221 4.20542e-08 312 0.0329225
0.0282411 13.157 4.25888e-08 456 0.0333581
0.0283651 12.9416 4.13445e-08 336 0.0337996
0.0284897 9.82957 3.09925e-08 144 0.0342468
0.0286148 12.6935 3.94998e-08 372 0.0347
0.0287405 12.1716 3.73809e-08 552 0.0351592
0.0288667 15.5457 4.71197e-08 336 0.0356245
0.0289934 14.0176 4.19332e-08 288 0.0360959
0.0291208 14.158 4.18001e-08 264 0.0365735
0.0292487 13.1488 3.83134e-08 480 0.0370575
0.0293771 13.8663 3.98766e-08 312 0.0375479
0.0295061 12.7967 3.632e-08 462 0.0380447
0.0296357 13.7283 3.84551e-08 392 0.0385482
0.0297659 12.4573 3.44393e-08 144 0.0390583
0.0298966 14.14 3.85806e-08 624 0.0395751
0.0300279 13.7127 3.69261e-08 504 0.0400988
0.0301597 13.7807 3.66245e-08 480 0.0406295
0.0302922 13.8746 3.63926e-08 312 0.0411671
0.0304252 13.566 3.51184e-08 216 0.0417119
0.0305588 13.3758 3.41737e-08 408 0.0422638
0.030693 15.0169 3.78655e-08 456 0.0428231
0.0308278 13.77 3.42681e-08 564 0.0433898
0.0309632 14.8837 3.65559e-08 384 0.0439639
0.0310992 14.6406 3.54892e-08 462 0.0445457
0.0312358 14.3383 3.43023e-08 432 0.0451352
0.031373 15.1495 3.57699e-08 432 0.0457324
0.0315107 16.6414 3.87791e-08 336 0.0463376
0.0316491 14.8241 3.40931e-08 552 0.0469508
0.0317881 15.4474 3.50628e-08 552 0.0475721
0.0319277 14.4978 3.24774e-08 240 0.0482016
0.0320679 15.7335 3.47855e-08 744 0.0488395
0.0322088 15.5817 3.39999e-08 408 0.0494857
0.0323502 14.2724 3.07362e-08 560 0.0501406
0.0324923 16.7458 3.55918e-08 408 0.0508041
0.032635 14.6089 3.06444e-08 510 0.0514764
0.0327783 16.4335 3.40216e-08 600 0.0521575
0.0329222 15.1097 3.08726e-08 492 0.0528477
0.0330668 15.9378 3.21393e-08 552 0.0535471
0.033212 15.2758 3.04019e-08 504 0.0542556
0.0333579 16.1472 3.17164e-08 696 0.0549736
0.0335044 15.1183 2.93076e-08 360 0.0557011
0.0336515 17.544 3.35659e-08 720 0.0564381
0.0337993 18.0676 3.41163e-08 576 0.057185
0.0339478 15.533 2.89472e-08 312 0.0579417
0.0340968 16.6762 3.06717e-08 576 0.0587084
0.0342466 17.0361 3.09245e-08 630 0.0594853
0.034397 18.247 3.26899e-08 792 0.0602725
0.034548 17.8698 3.15961e-08 480 0.0610701
0.0346998 17.9767 3.137e-08 600 0.0618782
0.0348522 18.0691 3.11195e-08 600 0.062697
0.0350052 17.8913 3.04107e-08 800 0.0635267
0.0351589 18.4879 3.10144e-08 588 0.0643673
0.0353133 18.324 3.0338e-08 624 0.0652191
0.0354684 20.2014 3.30096e-08 672 0.0660821
0.0356242 18.2546 2.94388e-08 504 0.0669566
0.0357806 19.3035 3.07239e-08 798 0.0678426
0.0359378 18.9542 2.97739e-08 696 0.0687404
0.0360956 20.6045 3.19435e-08 456 0.06965
0.0362541 18.2658 2.7948e-08 1008 0.0705717
0.0364133 18.1365 2.73878e-08 696 0.0715055
0.0365733 19.3574 2.88496e-08 624 0.0724517
0.0367339 20.7046 3.04544e-08 744 0.0734105
0.0368952 21.6735 3.14633e-08 912 0.0743819
0.0370572 20.6142 2.95346e-08 744 0.0753662
0.03722 19.9465 2.82048e-08 414 0.0763635
0.0373834 19.7933 2.76227e-08 924 0.077374
0.0375476 20.8814 2.87605e-08 888 0.0783979
0.0377125 21.5943 2.9354e-08 656 0.0794353
0.0378781 21.6539 2.90506e-08 960 0.0804865
0.0380445 24.4192 3.23327e-08 600 0.0815516
0.0382115 20.0746 2.62329e-08 864 0.0826307
0.0383793 23.6787 3.05386e-08 792 0.0837242
0.0385479 21.3152 2.71314e-08 912 0.0848321
0.0387172 22.266 2.79714e-08 744 0.0859547
0.0388872 24.5802 3.04753e-08 723 0.0870921
0.039058 24.6481 3.01604e-08 1116 0.0882446
0.0392295 23.834 2.87834e-08 624 0.0894123
0.0394018 27.7927 3.31258e-08 912 0.0905955
0.0395748 24.6456 2.89912e-08 1032 0.0917943
0.0397486 22.7112 2.63667e-08 828 0.093009
0.0399232 27.5407 3.15561e-08 876 0.0942398
0.0400985 24.2593 2.74332e-08 816 0.0954868
0.0402746 24.8794 2.7767e-08 732 0.0967504
0.0404515 27.5117 3.03038e-08 884 0.0980307
0.0406292 24.3466 2.64673e-08 960 0.0993279
0.0408076 24.9992 2.68217e-08 852 0.100642
0.0409868 25.4308 2.69285e-08 780 0.101974
0.0411668 25.6217 2.67763e-08 720 0.103324
0.0413476 26.9957 2.78438e-08 1044 0.104691
0.0415292 25.9518 2.64175e-08 864 0.106076
0.0417115 27.9413 2.80712e-08 648 0.10748
0.0418947 27.5628 2.73293e-08 924 0.108902
0.0420787 26.9112 2.63348e-08 912 0.110343
0.0422635 27.4567 2.65177e-08 792 0.111803
0.0424491 27.6112 2.63186e-08 996 0.113283
0.0426355 27.5228 2.58918e-08 828 0.114782
0.0428228 31.9368 2.96518e-08 768 0.116301
0.0430108 24.0799 2.2065e-08 596 0.11784
0.0431997 27.0546 2.44671e-08 1128 0.119399
0.0433894 29.1442 2.60126e-08 840 0.120979
0.04358 29.0581 2.55971e-08 732 0.12258
0.0437714 31.0628 2.70056e-08 564 0.124202
0.0439636 28.9389 2.48305e-08 924 0.125846
0.0441567 29.1181 2.4658e-08 1080 0.127511
0.0443506 25.2903 2.11368e-08 648 0.129198
0.0445454 33.1092 2.73102e-08 936 0.130908
0.044741 31.4902 2.56355e-08 480 0.13264
0.0449375 28.8776 2.32016e-08 768 0.134395
0.0451348 30.2111 2.3956e-08 984 0.136174
0.0453331 31.0482 2.42983e-08 972 0.137976
0.0455321 32.808 2.53402e-08 552 0.139802
0.0457321 32.9788 2.51395e-08 908 0.141652
0.0459329 33.1156 2.4914e-08 576 0.143526
0.0461347 33.6447 2.49815e-08 888 0.145425
0.0463373 33.5106 2.4557e-08 768 0.14735
0.0465408 33.9012 2.45187e-08 624 0.1493
0.0467452 34.3975 2.45528e-08 744 0.151275
0.0469504 33.5519 2.36364e-08 720 0.153277
0.0471566 34.8621 2.42387e-08 672 0.155305
0.0473637 36.8616 2.52941e-08 816 0.157361
0.0475717 37.3738 2.53107e-08 816 0.159443
0.0477807 35.0345 2.34166e-08 660 0.161553
0.0479905 36.1929 2.38749e-08 648 0.163691
0.0482012 42.9493 2.79618e-08 684 0.165857
0.0484129 36.3742 2.33719e-08 668 0.168051
0.0486255 39.3858 2.49765e-08 624 0.170275
0.0488391 39.2263 2.45504e-08 804 0.172528
0.0490536 40.537 2.50394e-08 504 0.174811
0.049269 36.0991 2.20069e-08 504 0.177125
0.0494854 41.805 2.51526e-08 804 0.179469
0.0497027 41.7848 2.48121e-08 684 0.181843
0.049921 42.5511 2.49371e-08 624 0.18425
0.0501402 44.7628 2.58906e-08 432 0.186688
0.0503604 39.3708 2.24745e-08 648 0.189158
0.0505816 43.2424 2.43623e-08 660 0.191661
0.0508037 38.8149 2.15822e-08 540 0.194198
0.0510268 45.8116 2.51399e-08 540 0.196768
0.0512509 42.2614 2.28888e-08 512 0.199371
0.051476 46.545 2.48796e-08 552 0.20201
0.051702 54.9726 2.90006e-08 516 0.204683
0.0519291 53.0744 2.76335e-08 552 0.207391
0.0521572 40.5718 2.08481e-08 456 0.210136
0.0523862 52.0957 2.64202e-08 540 0.212916
0.0526163 51.29 2.56718e-08 288 0.215734
0.0528473 62.7254 3.09855e-08 552 0.218589
0.0530794 52.3483 2.55216e-08 456 0.221481
0.0533125 53.7277 2.5852e-08 456 0.224412
0.0535467 54.4161 2.58413e-08 288 0.227382
0.0537818 55.3494 2.59412e-08 368 0.230391
0.054018 57.8877 2.67765e-08 432 0.233439
0.0542552 52.0872 2.37788e-08 288 0.236528
0.0544935 55.2432 2.48902e-08 384 0.239658
0.0547328 49.2391 2.18953e-08 264 0.24283
0.0549732 66.3755 2.91299e-08 375 0.246043
0.0552146 53.1781 2.30332e-08 228 0.249299
0.0554571 58.237 2.4895e-08 258 0.252598
0.0557006 52.8263 2.22871e-08 270 0.25594
0.0559453 63.5562 2.64638e-08 294 0.259327
0.056191 60.3383 2.47958e-08 144 0.262759
0.0564377 70.9393 2.87715e-08 206 0.266236
0.0566856 68.5291 2.7431e-08 222 0.269759
0.0569345 65.9845 2.60675e-08 228 0.273329
0.0571846 60.417 2.35563e-08 126 0.276946
0.0574357 57.354 2.207e-08 198 0.28061
0.0576879 70.7954 2.68865e-08 240 0.284324
0.0579413 57.2301 2.14508e-08 102 0.288086
0.0581957 105.923 3.91832e-08 72 0.291898
0.0584513 58.2417 2.12635e-08 198 0.295761
0.058708 81.4925 2.93636e-08 180 0.299675
0.0589658 85.9147 3.05528e-08 54 0.30364
0.0592248 68.318 2.39778e-08 128 0.307658
0.0594849 86.8826 3.00952e-08 144 0.311729
0.0597461 63.266 2.16284e-08 54 0.315855
0.0600085 85.9592 2.90027e-08 48 0.320034
0.060272 89.5276 2.98121e-08 162 0.324269
0.0605367 87.6858 2.88175e-08 48 0.32856
0.0608026 80.152 2.59975e-08 24 0.332908
0.0610696 86.3011 2.76265e-08 126 0.337313
0.0613378 98.9262 3.12544e-08 72 0.341777
0.0616072 67.3366 2.09962e-08 6 0.3463
0.0618777 101.379 3.11981e-08 56 0.350882
0.0621495 92.5699 2.81152e-08 84 0.355525
0.0624224 114.957 3.44586e-08 6 0.36023
0.0626966 109.971 3.25334e-08 24 0.364997
0.0629719 93.3098 2.7244e-08 72 0.369827
0.0632484 148.199 4.27051e-08 6 0.374721
0.0635262 0 0 0 0.379679
0.0638052 165.463 4.64425e-08 66 0.384704
0.0640854 0 0 0 0.389794
0.0643668 0 0 0 0.394952
0.0646495 171.107 4.61697e-08 38 0.400179
0.0649334 0 0 0 0.405474
0.0652186 0 0 0 0.41084
0.065505 106.711 2.76802e-08 18 0.416276
0.0657927 0 0 0 0.421785
0.0660816 0 0 0 0.427366
0.0663718 117.243 2.9236e-08 6 0.433022
0.0666633 0 0 0 0.438752
0.0669561 0 0 0 0.444558
0.0672501 93.645 2.24486e-08 1 0.45044
0.0675455 0 0 0 0.456401
0.0678421 0 0 0 0.462441
0.06814 0 0 0 0.46856
0.0684393 0 0 0 0.47476
0.0687398 0 0 0 0.481043
0.0690417 0 0 0 0.487408
0.0693449 0 0 0 0.493858
0.0696495 0 0 0 0.500393
0.0699553 0 0 0 0.507015
0.0702626 0 0 0 0.513724
0.0705711 0 0 0 0.520522
0.0708811 0 0 0 0.52741
0.0711923 0 0 0 0.534389
0.071505 0 0 0 0.541461
0.071819 0 0 0 0.548626
0.0721344 0 0 0 0.555886
0.0724512 0 0 0 0.563242
0.0727694 0 0 0 0.570695
0.073089 0 0 0 0.578247
0.0734099 0 0 0 0.585899
0.0737323 0 0 0 0.593652
0.0740561 0 0 0 0.601508
0.0743814 0 0 0 0.609468
0.074708 0 0 0 0.617533
0.0750361 0 0 0 0.625704
0.0753657 0 0 0 0.633984
0.0756966 0 0 0 0.642374
0.0760291 0 0 0 0.650874
0.076363 0 0 0 0.659487
0.0766983 0 0 0 0.668214
0.0770351 0 0 0 0.677056
0.0773735 0 0 0 0.686016
0.0777133 0 0 0 0.695094
0.0780545 0 0 0 0.704292
0.0783973 0 0 0 0.713612
0.0787416 0 0 0 0.723055
0.0790874 0 0 0 0.732623
0.0794347 0 0 0 0.742317
0.0797836 0 0 0 0.75214
0.080134 0 0 0 0.762093
0.0804859 0 0 0 0.772178
0.0808394 0 0 0 0.782396
0.0811944 0 0 0 0.79275
0.081551 0 0 0 0.80324
0.0819091 0 0 0 0.813869
0.0822688 0 0 0 0.824639
0.0826301 0 0 0 0.835551
0.082993 0 0 0 0.846608
0.0833575 0 0 0 0.857811
0.0837235 0 0 0 0.869162
0.0840912 0 0 0 0.880664
0.0844605 0 0 0 0.892318
0.0848314 0 0 0 0.904125
0.085204 0 0 0 0.91609
0.0855782 0 0 0 0.928212
0.085954 0 0 0 0.940495
0.0863315 0 0 0 0.952941
0.0867106 0 0 0 0.965551
0.0870914 0 0 0 0.978328
0.0874739 0 0 0 0.991274
0.0878581 0 0 0 1.00439
0.0882439 0 0 0 1.01768
0.0886314 0 0 0 1.03115
0.0890207 0 0 0 1.04479
0.0894116 0 0 0 1.05862
0.0898043 0 0 0 1.07263
0.0901987 0 0 0 1.08682
0.0905948 0 0 0 1.1012
0.0909927 0 0 0 1.11578
0.0913923 0 0 0 1.13054
0.0917936 0 0 0 1.1455
0.0921967 0 0 0 1.16066
0.0926016 0 0 0 1.17602
0.0930083 0 0 0 1.19158
0.0934168 0 0 0 1.20735
0.093827 0 0 0 1.22333
0.0942391 0 0 0 1.23951
0.0946529 0 0 0 1.25592
0.0950686 0 0 0 1.27253
0.0954861 0 0 0 1.28937
0.0959055 0 0 0 1.30644
0.0963267 0 0 0 1.32372
0.0967497 0 0 0 1.34124
0.0971746 0 0 0 1.35899
0.0976013 0 0 0 1.37697
0.09803 0 0 0 1.39519
0.0984605 0 0 0 1.41366
0.0988929 0 0 0 1.43236
0.0993272 0 0 0 1.45132
0.0997634 0 0 0 1.47052
0.100202 0 0 0 1.48998
0.100642 0 0 0 1.5097
0.101084 0 0 0 1.52968
0.101527 0 0 0 1.54992
0.101973 0 0 0 1.57043
0.102421 0 0 0 1.59121
0.102871 0 0 0 1.61227
0.103323 0 0 0 1.6336
0.103776 0 0 0 1.65522
0.104232 0 0 0 1.67712
0.10469 0 0 0 1.69931
0.10515 0 0 0 1.7218
0.105612 0 0 0 1.74459
0.106075 0 0 0 1.76767
0.106541 0 0 0 1.79106
0.107009 0 0 0 1.81476
0.107479 0 0 0 1.83878
0.107951 0 0 0 1.86311
0.108425 0 0 0 1.88776
0.108901 0 0 0 1.91275
0.10938 0 0 0 1.93806
0.10986 0 0 0 1.9637
0.110342 0 0 0 1.98969
0.110827 0 0 0 2.01602
0.111314 0 0 0 2.04269
0.111803 0 0 0 2.06973
0.112294 0 0 0 2.09711
0.112787 0 0 0 2.12486
0.113282 0 0 0 2.15298
0.113779 0 0 0 2.18147
0.114279 0 0 0 2.21034
0.114781 0 0 0 2.23959
0.115285 0 0 0 2.26923
0.115791 0 0 0 2.29925
0.1163 0 0 0 2.32968
0.116811 0 0 0 2.36051
0.117324 0 0 0 2.39174
0.117839 0 0 0 2.42339
0.118356 0 0 0 2.45546
0.118876 0 0 0 2.48795
0.119398 0 0 0 2.52088
0.119923 0 0 0 2.55424
0.120449 0 0 0 2.58804
0.120978 0 0 0 2.62228
0.12151 0 0 0 2.65698
0.122043 0 0 0 2.69214
0.122579 0 0 0 2.72777
0.123117 0 0 0 2.76386
0.123658 0 0 0 2.80044
0.124201 0 0 0 2.8375
0.124747 0 0 0 2.87504
0.125294 0 0 0 2.91309
0.125845 0 0 0 2.95164
0.126397 0 0 0 2.9907
0.126952 0 0 0 3.03027
0.12751 0 0 0 3.07037
0.12807 0 0 0 3.111
0.128632 0 0 0 3.15217
0.129197 0 0 0 3.19388
0.129765 0 0 0 3.23614
0.130335 0 0 0 3.27897
0.130907 0 0 0 3.32236
0.131482 0 0 0 3.36632
0.132059 0 0 0 3.41087
0.132639 0 0 0 3.456
0.133222 0 0 0 3.50174
0.133807 0 0 0 3.54807
0.134394 0 0 0 3.59503
0.134985 0 0 0 3.6426
0.135577 0 0 0 3.6908
0.136173 0 0 0 3.73964
0.136771 0 0 0 3.78913
0.137372 0 0 0 3.83927
0.137975 0 0 0 3.89007
0.138581 0 0 0 3.94155
0.139189 0 0 0 3.99371
0.139801 0 0 0 4.04656
0.140415 0 0 0 4.1001
0.141031 0 0 0 4.15436
0.141651 0 0 0 4.20933
0.142273 0 0 0 4.26503
0.142897 0 0 0 4.32147
0.143525 0 0 0 4.37866
0.144155 0 0 0 4.4366
0.144788 0 0 0 4.49531
0.145424 0 0 0 4.5548
0.146063 0 0 0 4.61507
0.146704 0 0 0 4.67614
0.147349 0 0 0 4.73802
0.147996 0 0 0 4.80072
0.148646 0 0 0 4.86424
0.149299 0 0 0 4.92861
0.149954 0 0 0 4.99383
0.150613 0 0 0 5.05991
0.151274 0 0 0 5.12687
0.151939 0 0 0 5.19471
0.152606 0 0 0 5.26345
0.153276 0 0 0 5.33311
0.153949 0 0 0 5.40368
0.154625 0 0 0 5.47518
0.155304 0 0 0 5.54764
0.155986 0 0 0 5.62105
0.156671 0 0 0 5.69543
0.157359 0 0 0 5.7708
0.15805 0 0 0 5.84716
0.158745 0 0 0 5.92454
0.159442 0 0 0 6.00293
0.160142 0 0 0 6.08237
0.160845 0 0 0 6.16286
0.161552 0 0 0 6.24441
0.162261 0 0 0 6.32704
0.162974 0 0 0 6.41077
0.163689 0 0 0 6.4956
0.164408 0 0 0 6.58155
0.16513 0 0 0 6.66865
0.165855 0 0 0 6.75689
0.166584 0 0 0 6.84631
0.167315 0 0 0 6.9369
0.16805 0 0 0 7.0287
0.168788 0 0 0 7.12171
0.169529 0 0 0 7.21595
0.170274 0 0 0 7.31144
0.171022 0 0 0 7.40819
0.171773 0 0 0 7.50622
0.172527 0 0 0 7.60555
0.173285 0 0 0 7.70619
0.174046 0 0 0 7.80817
0.17481 0 0 0 7.91149
0.175578 0 0 0 8.01618
0.176349 0 0 0 8.12226
0.177123 0 0 0 8.22974
0.177901 0 0 0 8.33864
0.178683 0 0 0 8.44899
0.179467 0 0 0 8.56079
0.180255 0 0 0 8.67407
0.181047 0 0 0 8.78886
0.181842 0 0 0 8.90516
0.182641 0 0 0 9.023
0.183443 0 0 0 9.1424
0.184248 0 0 0 9.26338
0.185058 0 0 0 9.38596
0.18587 0 0 0 9.51016
0.186687 0 0 0 9.63601
0.187506 0 0 0 9.76352
0.18833 0 0 0 9.89272
0.189157 0 0 0 10.0236
0.189988 0 0 0 10.1563
0.190822 0 0 0 10.2907
0.19166 0 0 0 10.4268
0.192502 0 0 0 10.5648
0.193347 0 0 0 10.7046
0.194196 0 0 0 10.8463
0.195049 0 0 0 10.9898
0.195906 0 0 0 11.1352
0.196766 0 0 0 11.2826
0.19763 0 0 0 11.4319
0.198498 0 0 0 11.5832
0.19937 0 0 0 11.7364
0.200245 0 0 0 11.8917
0.201125 0 0 0 12.0491
0.202008 0 0 0 12.2086
0.202895 0 0 0 12.3701
0.203786 0 0 0 12.5338
0.204681 0 0 0 12.6997
0.20558 0 0 0 12.8677
0.206483 0 0 0 13.038
0.20739 0 0 0 13.2105
0.208301 0 0 0 13.3853
0.209215 0 0 0 13.5625
0.210134 0 0 0 13.7419
0.211057 0 0 0 13.9238
0.211984 0 0 0 14.108
0.212915 0 0 0 14.2947
0.21385 0 0 0 14.4839
0.214789 0 0 0 14.6755
0.215732 0 0 0 14.8697
0.21668 0 0 0 15.0665
0.217631 0 0 0 15.2659
0.218587 0 0 0 15.4679
0.219547 0 0 0 15.6726
0.220511 0 0 0 15.88
0.22148 0 0 0 16.0901
0.222452 0 0 0 16.303
0.223429 0 0 0 16.5188
0.22441 0 0 0 16.7373
0.225396 0 0 0 16.9588
0.226386 0 0 0 17.1832
0.22738 0 0 0 17.4106
0.228379 0 0 0 17.641
0.229381 0 0 0 17.8745
0.230389 0 0 0 18.111
0.231401 0 0 0 18.3507
0.232417 0 0 0 18.5935
0.233438 0 0 0 18.8395
0.234463 0 0 0 19.0888
0.235492 0 0 0 19.3414
0.236527 0 0 0 19.5974
0.237565 0 0 0 19.8567
0.238609 0 0 0 20.1195
0.239656 0 0 0 20.3857
0.240709 0 0 0 20.6555
0.241766 0 0 0 20.9288
0.242828 0 0 0 21.2057
0.243894 0 0 0 21.4864
0.244965 0 0 0 21.7707
0.246041 0 0 0 22.0588
0.247122 0 0 0 22.3507
0.248207 0 0 0 22.6464
0.249297 0 0 0 22.9461
0.250392 0 0 0 23.2498
0.251491 0 0 0 23.5574
0.252596 0 0 0 23.8691
0.253705 0 0 0 24.185
0.254819 0 0 0 24.505
0.255938 0 0 0 24.8293
0.257062 0 0 0 25.1579
0.258191 0 0 0 25.4908
0.259325 0 0 0 25.8281
0.260464 0 0 0 26.1699
0.261608 0 0 0 26.5162
0.262757 0 0 0 26.8671
0.263911 0 0 0 27.2226
0.26507 0 0 0 27.5828
0.266234 0 0 0 27.9478
0.267403 0 0 0 28.3177
0.268577 0 0 0 28.6924
0.269757 0 0 0 29.0721
0.270942 0 0 0 29.4568
0.272132 0 0 0 29.8466
0.273327 0 0 0 30.2415
0.274527 0 0 0 30.6417
0.275733 0 0 0 31.0472
0.276943 0 0 0 31.458
0.27816 0 0 0 31.8743
0.279381 0 0 0 32.2961
0.280608 0 0 0 32.7235
0.281841 0 0 0 33.1565
0.283078 0 0 0 33.5953
0.284322 0 0 0 34.0398
0.28557 0 0 0 34.4903
0.286824 0 0 0 34.9467
0.288084 0 0 0 35.4091
0.289349 0 0 0 35.8777
0.29062 0 0 0 36.3524
0.291896 0 0 0 36.8335
0.293178 0 0 0 37.3209
0.294466 0 0 0 37.8148
0.295759 0 0 0 38.3152
0.297058 0 0 0 38.8222
0.298362 0 0 0 39.3359
0.299672 0 0 0 39.8564
0.300988 0 0 0 40.3839
0.30231 0 0 0 40.9182
0.303638 0 0 0 41.4597
0.304971 0 0 0 42.0083
0.306311 0 0 0 42.5642
0.307656 0 0 0 43.1275
0.309007 0 0 0 43.6982
0.310364 0 0 0 44.2764
0.311727 0 0 0 44.8623
0.313096 0 0 0 45.456
0.314471 0 0 0 46.0575
0.315852 0 0 0 46.667
0.317239 0 0 0 47.2845
0.318632 0 0 0 47.9102
0.320032 0 0 0 48.5442
0.321437 0 0 0 49.1866
0.322849 0 0 0 49.8375
0.324267 0 0 0 50.497
0.325691 0 0 0 51.1652
0.327121 0 0 0 51.8423
0.328558 0 0 0 52.5283
0.330001 0 0 0 53.2234
0.33145 0 0 0 53.9277
0.332905 0 0 0 54.6413
0.334367 0 0 0 55.3644
0.335836 0 0 0 56.097
0.337311 0 0 0 56.8393
0.338792 0 0 0 57.5915
0.34028 0 0 0 58.3536
0.341774 0 0 0 59.1257
0.343275 0 0 0 59.9081
0.344783 0 0 0 60.7009
0.346297 0 0 0 61.5041
0.347818 0 0 0 62.318
0.349345 0 0 0 63.1427
0.35088 0 0 0 63.9782
0.35242 0 0 0 64.8248
0.353968 0 0 0 65.6827
0.355523 0 0 0 66.5518
0.357084 0 0 0 67.4325
0.358652 0 0 0 68.3248
0.360227 0 0 0 69.229
0.361809 0 0 0 70.1451
0.363398 0 0 0 71.0733
0.364994 0 0 0 72.0138
0.366597 0 0 0 72.9667
0.368207 0 0 0 73.9323
0.369824 0 0 0 74.9106
0.371448 0 0 0 75.9019
0.373079 0 0 0 76.9063
0.374718 0 0 0 77.924
0.376363 0 0 0 78.9552
0.378016 0 0 0 80
0.379676 0 0 0 81.0586
0.381344 0 0 0 82.1312
0.383019 0 0 0 83.2181
0.384701 0 0 0 84.3193
0.38639 0 0 0 85.4351
0.388087 0 0 0 86.5656
0.389791 0 0 0 87.7111
0.391503 0 0 0 88.8718
0.393223 0 0 0 90.0478
0.394949 0 0 0 91.2394
0.396684 0 0 0 92.4468
0.398426 0 0 0 93.6701
0.400176 0 0 0 94.9096
0.401933 0 0 0 96.1656
0.403698 0 0 0 97.4381
0.405471 0 0 0 98.7275
0.407252 0 0 0 100.034
0.40904 0 0 0 101.358
0.410837 0 0 0 102.699
0.412641 0 0 0 104.058
0.414453 0 0 0 105.435
0.416273 0 0 0 106.83
0.418101 0 0 0 108.244
0.419938 0 0 0 109.676
0.421782 0 0 0 111.127
0.423634 0 0 0 112.598
0.425495 0 0 0 114.088
0.427363 0 0 0 115.598
0.42924 0 0 0 117.127
0.431125 0 0 0 118.677
0.433018 0 0 0 120.248
0.43492 0 0 0 121.839
0.43683 0 0 0 123.451
0.438748 0 0 0 125.085
0.440675 0 0 0 126.74
0.442611 0 0 0 128.417
0.444554 0 0 0 130.117
0.446507 0 0 0 131.838
0.448468 0 0 0 133.583
0.450437 0 0 0 135.351
0.452415 0 0 0 137.142
0.454402 0 0 0 138.957
0.456398 0 0 0 140.795
0.458402 0 0 0 142.658
0.460415 0 0 0 144.546
0.462437 0 0 0 146.459
0.464468 0 0 0 148.397
0.466508 0 0 0 150.361
0.468557 0 0 0 152.351
0.470614 0 0 0 154.367
0.472681 0 0 0 156.409
0.474757 0 0 0 158.479
0.476842 0 0 0 160.576
0.478936 0 0 0 162.701
0.481039 0 0 0 164.854
0.483152 0 0 0 167.036
0.485274 0 0 0 169.246
0.487405 0 0 0 171.486
0.489545 0 0 0 173.755
0.491695 0 0 0 176.054
0.493855 0 0 0 178.384
0.496023 0 0 0 180.744
0.498202 0 0 0 183.136
0.50039 0 0 0 185.559
0.502587 0 0 0 188.015
0.504794 0 0 0 190.503
0.507011 0 0 0 193.024
0.509238 0 0 0 195.578
0.511474 0 0 0 198.166
0.51372 0 0 0 200.788
0.515977 0 0 0 203.445
0.518243 0 0 0 206.138
0.520518 0 0 0 208.865
0.522804 0 0 0 211.629
0.5251 0 0 0 214.43
0.527406 0 0 0 217.267
0.529723 0 0 0 220.142
0.532049 0 0 0 223.055
0.534386 0 0 0 226.007
0.536732 0 0 0 228.998
0.539089 0 0 0 232.028
0.541457 0 0 0 235.099
0.543835 0 0 0 238.21
0.546223 0 0 0 241.362
0.548622 0 0 0 244.556
0.551031 0 0 0 247.792
0.553451 0 0 0 251.071
0.555882 0 0 0 254.393
0.558323 0 0 0 257.76
0.560775 0 0 0 261.17
0.563238 0 0 0 264.627
0.565711 0 0 0 268.128
0.568196 0 0 0 271.676
0.570691 0 0 0 275.271
0.573197 0 0 0 278.914
0.575715 0 0 0 282.605
0.578243 0 0 0 286.345
0.580782 0 0 0 290.134
0.583333 0 0 0 293.973
0.585895 0 0 0 297.863
0.588468 0 0 0 301.805
0.591052 0 0 0 305.798
0.593648 0 0 0 309.845
0.596255 0 0 0 313.945
0.598873 0 0 0 318.1
0.601503 0 0 0 322.309
0.604145 0 0 0 326.574
0.606798 0 0 0 330.896
0.609463 0 0 0 335.274
0.61214 0 0 0 339.711
0.614828 0 0 0 344.206
0.617528 0 0 0 348.761
0.62024 0 0 0 353.376
0.15483
2000
1.95544e+06
     9261000000
9.73381e-05 0 0 0 1.36586e-09
9.77656e-05 0 0 0 1.38394e-09
9.81949e-05 0 0 0 1.40225e-09
9.86262e-05 0 0 0 1.4208e-09
9.90593e-05 0 0 0 1.43961e-09
9.94943e-05 0 0 0 1.45866e-09
9.99313e-05 0 0 0 1.47796e-09
0.00010037 0 0 0 1.49752e-09
0.000100811 0 0 0 1.51733e-09
0.000101254 0 0 0 1.53741e-09
0.000101698 0 0 0 1.55776e-09
0.000102145 0 0 0 1.57837e-09
0.000102594 0 0 0 1.59926e-09
0.000103044 0 0 0 1.62042e-09
0.000103497 0 0 0 1.64186e-09
0.000103951 0 0 0 1.66359e-09
0.000104408 0 0 0 1.6856e-09
0.000104866 0 0 0 1.70791e-09
0.000105327 0 0 0 1.73051e-09
0.000105789 0 0 0 1.75341e-09
0.000106254 0 0 0 1.77661e-09
0.00010672 0 0 0 1.80012e-09
0.000107189 0 0 0 1.82394e-09
0.00010766 0 0 0 1.84808e-09
0.000108133 0 0 0 1.87253e-09
0.000108608 0 0 0 1.89731e-09
0.000109085 0 0 0 1.92242e-09
0.000109564 0 0 0 1.94786e-09
0.000110045 0 0 0 1.97363e-09
0.000110528 0 0 0 1.99975e-09
0.000111013 0 0 0 2.02621e-09
0.000111501 0 0 0 2.05302e-09
0.000111991 0 0 0 2.08019e-09
0.000112482 0 0 0 2.10772e-09
0.000112976 0 0 0 2.13561e-09
0.000113473 0 0 0 2.16387e-09
0.000113971 0 0 0 2.1925e-09
0.000114471 0 0 0 2.22152e-09
0.000114974 0 0 0 2.25091e-09
0.000115479 0 0 0 2.2807e-09
0.000115986 0 0 0 2.31088e-09
0.000116496 0 0 0 2.34146e-09
0.000117007 0 0 0 2.37244e-09
0.000117521 0 0 0 2.40384e-09
0.000118037 0 0 0 2.43565e-09
0.000118556 0 0 0 2.46788e-09
0.000119076 0 0 0 2.50054e-09
0.000119599 0 0 0 2.53362e-09
0.000120124 0 0 0 2.56715e-09
0.000120652 0 0 0 2.60112e-09
0.000121182 0 0 0 2.63554e-09
0.000121714 0 0 0 2.67042e-09
0.000122248 0 0 0 2.70576e-09
0.000122785 0 0 0 2.74156e-09
0.000123325 0 0 0 2.77784e-09
0.000123866 0 0 0 2.8146e-09
0.00012441 0 0 0 2.85184e-09
0.000124957 0 0 0 2.88958e-09
0.000125505 0 0 0 2.92782e-09
0.000126056 0 0 0 2.96656e-09
0.00012661 0 0 0 3.00582e-09
0.000127166 0 0 0 3.04559e-09
0.000127725 0 0 0 3.0859e-09
0.000128285 0 0 0 3.12673e-09
0.000128849 0 0 0 3.16811e-09
0.000129415 0 0 0 3.21003e-09
0.000129983 0 0 0 3.25251e-09
0.000130554 0 0 0 3.29555e-09
0.000131127 0 0 0 3.33916e-09
0.000131703 0 0 0 3.38334e-09
0.000132282 0 0 0 3.42812e-09
0.000132862 0 0 0 3.47348e-09
0.000133446 0 0 0 3.51944e-09
0.000134032 0 0 0 3.56602e-09
0.000134621 0 0 0 3.6132e-09
0.000135212 0 0 0 3.66102e-09
0.000135806 0 0 0 3.70946e-09
0.000136402 0 0 0 3.75855e-09
0.000137001 0 0 0 3.80829e-09
0.000137603 0 0 0 3.85868e-09
0.000138207 0 0 0 3.90974e-09
0.000138814 0 0 0 3.96148e-09
0.000139424 0 0 0 4.0139e-09
0.000140036 0 0 0 4.06702e-09
0.000140651 0 0 0 4.12084e-09
0.000141269 0 0 0 4.17537e-09
0.000141889 0 0 0 4.23062e-09
0.000142512 0 0 0 4.2866e-09
0.000143138 0 0 0 4.34333e-09
0.000143767 0 0 0 4.4008e-09
0.000144398 0 0 0 4.45904e-09
0.000145032 0 0 0 4.51804e-09
0.000145669 0 0 0 4.57783e-09
0.000146309 0 0 0 4.63841e-09
0.000146951 0 0 0 4.69979e-09
0.000147597 0 0 0 4.76198e-09
0.000148245 0 0 0 4.82499e-09
0.000148896 0 0 0 4.88884e-09
0.00014955 0 0 0 4.95353e-09
0.000150207 0 0 0 5.01908e-09
0.000150866 0 0 0 5.0855e-09
0.000151529 0 0 0 5.1528e-09
0.000152194 0 0 0 5.22098e-09
0.000152863 0 0 0 5.29007e-09
0.000153534 0 0 0 5.36007e-09
0.000154208 0 0 0 5.431e-09
0.000154885 0 0 0 5.50287e-09
0.000155566 0 0 0 5.57569e-09
0.000156249 0 0 0 5.64947e-09
0.000156935 0 0 0 5.72423e-09
0.000157624 0 0 0 5.79998e-09
0.000158316 0 0 0 5.87673e-09
0.000159012 0 0 0 5.95449e-09
0.00015971 0 0 0 6.03329e-09
0.000160411 0 0 0 6.11313e-09
0.000161116 0 0 0 6.19402e-09
0.000161823 0 0 0 6.27599e-09
0.000162534 0 0 0 6.35903e-09
0.000163248 0 0 0 6.44318e-09
0.000163965 0 0 0 6.52844e-09
0.000164685 0 0 0 6.61484e-09
0.000165408 0 0 0 6.70237e-09
0.000166134 0 0 0 6.79106e-09
0.000166864 0 0 0 6.88093e-09
0.000167597 0 0 0 6.97198e-09
0.000168333 0 0 0 7.06424e-09
0.000169072 0 0 0 7.15772e-09
0.000169815 0 0 0 7.25244e-09
0.00017056 0 0 0 7.34841e-09
0.00017131 0 0 0 7.44565e-09
0.000172062 0 0 0 7.54417e-09
0.000172817 0 0 0 7.64401e-09
0.000173576 0 0 0 7.74516e-09
0.000174339 0 0 0 7.84765e-09
0.000175104 0 0 0 7.9515e-09
0.000175873 0 0 0 8.05672e-09
0.000176646 0 0 0 8.16333e-09
0.000177421 0 0 0 8.27135e-09
0.000178201 0 0 0 8.38081e-09
0.000178983 0 0 0 8.49171e-09
0.000179769 0 0 0 8.60408e-09
0.000180559 0 0 0 8.71794e-09
0.000181352 0 0 0 8.8333e-09
0.000182148 0 0 0 8.95019e-09
0.000182948 0 0 0 9.06863e-09
0.000183752 0 0 0 9.18863e-09
0.000184558 0 0 0 9.31022e-09
0.000185369 0 0 0 9.43342e-09
0.000186183 0 0 0 9.55825e-09
0.000187001 0 0 0 9.68474e-09
0.000187822 0 0 0 9.81289e-09
0.000188647 0 0 0 9.94275e-09
0.000189475 0 0 0 1.00743e-08
0.000190307 0 0 0 1.02076e-08
0.000191143 0 0 0 1.03427e-08
0.000191983 0 0 0 1.04796e-08
0.000192826 0 0 0 1.06182e-08
0.000193673 0 0 0 1.07588e-08
0.000194523 0 0 0 1.09011e-08
0.000195377 0 0 0 1.10454e-08
0.000196235 0 0 0 1.11915e-08
0.000197097 0 0 0 1.13396e-08
0.000197963 0 0 0 1.14897e-08
0.000198832 0 0 0 1.16417e-08
0.000199705 0 0 0 1.17958e-08
0.000200582 0 0 0 1.19519e-08
0.000201463 0 0 0 1.211e-08
0.000202348 0 0 0 1.22703e-08
0.000203237 0 0 0 1.24327e-08
0.000204129 0 0 0 1.25972e-08
0.000205026 0 0 0 1.27639e-08
0.000205926 0 0 0 1.29328e-08
0.00020683 0 0 0 1.31039e-08
0.000207739 0 0 0 1.32773e-08
0.000208651 0 0 0 1.3453e-08
0.000209567 0 0 0 1.3631e-08
0.000210488 0 0 0 1.38114e-08
0.000211412 0 0 0 1.39942e-08
0.000212341 0 0 0 1.41794e-08
0.000213273 0 0 0 1.4367e-08
0.00021421 0 0 0 1.45571e-08
0.00021515 0 0 0 1.47497e-08
0.000216095 0 0 0 1.49449e-08
0.000217044 0 0 0 1.51427e-08
0.000217997 0 0 0 1.53431e-08
0.000218955 0 0 0 1.55461e-08
0.000219916 0 0 0 1.57518e-08
0.000220882 0 0 0 1.59603e-08
0.000221852 0 0 0 1.61715e-08
0.000222827 0 0 0 1.63855e-08
0.000223805 0 0 0 1.66023e-08
0.000224788 0 0 0 1.6822e-08
0.000225775 0 0 0 1.70446e-08
0.000226767 0 0 0 1.72701e-08
0.000227763 0 0 0 1.74987e-08
0.000228763 0 0 0 1.77302e-08
0.000229767 0 0 0 1.79648e-08
0.000230776 0 0 0 1.82026e-08
0.00023179 0 0 0 1.84434e-08
0.000232808 0 0 0 1.86875e-08
0.00023383 0 0 0 1.89348e-08
0.000234857 0 0 0 1.91854e-08
0.000235889 0 0 0 1.94392e-08
0.000236925 0 0 0 1.96965e-08
0.000237965 0 0 0 1.99571e-08
0.00023901 0 0 0 2.02212e-08
0.00024006 0 0 0 2.04888e-08
0.000241114 0 0 0 2.07599e-08
0.000242173 0 0 0 2.10346e-08
0.000243236 0 0 0 2.1313e-08
0.000244305 0 0 0 2.1595e-08
0.000245378 0 0 0 2.18808e-08
0.000246455 0 0 0 2.21703e-08
0.000247538 0 0 0 2.24637e-08
0.000248625 0 0 0 2.2761e-08
0.000249716 0 0 0 2.30621e-08
0.000250813 0 0 0 2.33673e-08
0.000251915 0 0 0 2.36765e-08
0.000253021 0 0 0 2.39898e-08
0.000254132 0 0 0 2.43073e-08
0.000255248 0 0 0 2.4629e-08
0.000256369 0 0 0 2.49549e-08
0.000257495 0 0 0 2.52851e-08
0.000258626 0 0 0 2.56197e-08
0.000259762 0 0 0 2.59587e-08
0.000260902 0 0 0 2.63022e-08
0.000262048 0 0 0 2.66503e-08
0.000263199 0 0 0 2.70029e-08
0.000264355 0 0 0 2.73603e-08
0.000265516 0 0 0 2.77223e-08
0.000266682 0 0 0 2.80892e-08
0.000267853 0 0 0 2.84609e-08
0.000269029 0 0 0 2.88375e-08
0.000270211 0 0 0 2.92191e-08
0.000271398 0 0 0 2.96057e-08
0.000272589 0 0 0 2.99975e-08
0.000273787 0 0 0 3.03945e-08
0.000274989 0 0 0 3.07967e-08
0.000276197 0 0 0 3.12042e-08
0.00027741 0 0 0 3.16171e-08
0.000278628 0 0 0 3.20355e-08
0.000279851 0 0 0 3.24594e-08
0.00028108 0 0 0 3.28889e-08
0.000282315 0 0 0 3.33242e-08
0.000283555 0 0 0 3.37651e-08
0.0002848 0 0 0 3.42119e-08
0.000286051 0 0 0 3.46647e-08
0.000287307 0 0 0 3.51234e-08
0.000288569 0 0 0 3.55882e-08
0.000289836 0 0 0 3.60591e-08
0.000291109 0 0 0 3.65363e-08
0.000292387 0 0 0 3.70197e-08
0.000293671 0 0 0 3.75096e-08
0.000294961 0 0 0 3.8006e-08
0.000296256 0 0 0 3.85089e-08
0.000297557 0 0 0 3.90185e-08
0.000298864 0 0 0 3.95348e-08
0.000300177 0 0 0 4.0058e-08
0.000301495 0 0 0 4.05881e-08
0.000302819 0 0 0 4.11252e-08
0.000304149 0 0 0 4.16694e-08
0.000305485 0 0 0 4.22208e-08
0.000306826 0 0 0 4.27795e-08
0.000308174 0 0 0 4.33456e-08
0.000309527 0 0 0 4.39191e-08
0.000310886 0 0 0 4.45003e-08
0.000312252 0 0 0 4.50892e-08
0.000313623 0 0 0 4.56858e-08
0.000315 0 0 0 4.62904e-08
0.000316384 0 0 0 4.6903e-08
0.000317773 0 0 0 4.75236e-08
0.000319169 0 0 0 4.81525e-08
0.00032057 0 0 0 4.87897e-08
0.000321978 0 0 0 4.94353e-08
0.000323392 0 0 0 5.00895e-08
0.000324812 0 0 0 5.07523e-08
0.000326239 0 0 0 5.14239e-08
0.000327672 0 0 0 5.21044e-08
0.000329111 0 0 0 5.27939e-08
0.000330556 0 0 0 5.34925e-08
0.000332008 0 0 0 5.42004e-08
0.000333466 0 0 0 5.49176e-08
0.00033493 0 0 0 5.56443e-08
0.000336401 0 0 0 5.63806e-08
0.000337878 0 0 0 5.71267e-08
0.000339362 0 0 0 5.78827e-08
0.000340853 0 0 0 5.86486e-08
0.000342349 0 0 0 5.94247e-08
0.000343853 0 0 0 6.02111e-08
0.000345363 0 0 0 6.10078e-08
0.00034688 0 0 0 6.18151e-08
0.000348403 0 0 0 6.26331e-08
0.000349933 0 0 0 6.3462e-08
0.00035147 0 0 0 6.43017e-08
0.000353013 0 0 0 6.51526e-08
0.000354564 0 0 0 6.60148e-08
0.000356121 0 0 0 6.68884e-08
0.000357685 0 0 0 6.77735e-08
0.000359256 0 0 0 6.86703e-08
0.000360833 0 0 0 6.9579e-08
0.000362418 0 0 0 7.04998e-08
0.00036401 0 0 0 7.14327e-08
0.000365608 0 0 0 7.23779e-08
0.000367214 0 0 0 7.33357e-08
0.000368827 0 0 0 7.43061e-08
0.000370446 0 0 0 7.52894e-08
0.000372073 0 0 0 7.62857e-08
0.000373707 0 0 0 7.72952e-08
0.000375348 0 0 0 7.8318e-08
0.000376997 0 0 0 7.93544e-08
0.000378652 0 0 0 8.04045e-08
0.000380315 0 0 0 8.14685e-08
0.000381986 0 0 0 8.25465e-08
0.000383663 0 0 0 8.36389e-08
0.000385348 0 0 0 8.47456e-08
0.00038704 0 0 0 8.58671e-08
0.00038874 0 0 0 8.70033e-08
0.000390447 0 0 0 8.81546e-08
0.000392162 0 0 0 8.93212e-08
0.000393884 0 0 0 9.05032e-08
0.000395614 0 0 0 9.17008e-08
0.000397351 0 0 0 9.29142e-08
0.000399096 0 0 0 9.41438e-08
0.000400849 0 0 0 9.53896e-08
0.000402609 0 0 0 9.66518e-08
0.000404378 0 0 0 9.79308e-08
0.000406153 0 0 0 9.92267e-08
0.000407937 0 0 0 1.0054e-07
0.000409729 0 0 0 1.0187e-07
0.000411528 0 0 0 1.03218e-07
0.000413335 0 0 0 1.04584e-07
0.000415151 0 0 0 1.05968e-07
0.000416974 0 0 0 1.0737e-07
0.000418805 0 0 0 1.08791e-07
0.000420644 0 0 0 1.10231e-07
0.000422492 0 0 0 1.11689e-07
0.000424347 0 0 0 1.13167e-07
0.000426211 0 0 0 1.14665e-07
0.000428082 0 0 0 1.16182e-07
0.000429962 0 0 0 1.1772e-07
0.000431851 0 0 0 1.19277e-07
0.000433747 0 0 0 1.20856e-07
0.000435652 0 0 0 1.22455e-07
0.000437565 0 0 0 1.24076e-07
0.000439487 0 0 0 1.25717e-07
0.000441417 0 0 0 1.27381e-07
0.000443355 0 0 0 1.29067e-07
0.000445302 0 0 0 1.30775e-07
0.000447258 0 0 0 1.32505e-07
0.000449222 0 0 0 1.34259e-07
0.000451195 0 0 0 1.36035e-07
0.000453177 0 0 0 1.37835e-07
0.000455167 0 0 0 1.39659e-07
0.000457166 0 0 0 1.41507e-07
0.000459173 0 0 0 1.4338e-07
0.00046119 0 0 0 1.45277e-07
0.000463215 0 0 0 1.472e-07
0.00046525 0 0 0 1.49148e-07
0.000467293 0 0 0 1.51121e-07
0.000469345 0 0 0 1.53121e-07
0.000471406 0 0 0 1.55147e-07
0.000473476 0 0 0 1.572e-07
0.000475556 0 0 0 1.5928e-07
0.000477644 0 0 0 1.61388e-07
0.000479742 0 0 0 1.63524e-07
0.000481849 0 0 0 1.65688e-07
0.000483965 0 0 0 1.6788e-07
0.00048609 0 0 0 1.70102e-07
0.000488225 0 0 0 1.72353e-07
0.000490369 0 0 0 1.74633e-07
0.000492523 0 0 0 1.76944e-07
0.000494686 0 0 0 1.79286e-07
0.000496858 0 0 0 1.81658e-07
0.00049904 0 0 0 1.84062e-07
0.000501232 0 0 0 1.86498e-07
0.000503433 0 0 0 1.88966e-07
0.000505644 0 0 0 1.91466e-07
0.000507864 0 0 0 1.94e-07
0.000510095 0 0 0 1.96567e-07
0.000512335 0 0 0 1.99168e-07
0.000514585 0 0 0 2.01804e-07
0.000516845 0 0 0 2.04474e-07
0.000519115 0 0 0 2.0718e-07
0.000521394 0 0 0 2.09922e-07
0.000523684 0 0 0 2.12699e-07
0.000525984 0 0 0 2.15514e-07
0.000528294 0 0 0 2.18366e-07
0.000530614 0 0 0 2.21256e-07
0.000532944 0 0 0 2.24183e-07
0.000535285 0 0 0 2.2715e-07
0.000537636 0 0 0 2.30156e-07
0.000539997 0 0 0 2.33201e-07
0.000542368 0 0 0 2.36287e-07
0.00054475 0 0 0 2.39414e-07
0.000547142 0 0 0 2.42582e-07
0.000549545 0 0 0 2.45792e-07
0.000551959 0 0 0 2.49045e-07
0.000554383 0 0 0 2.5234e-07
0.000556817 0 0 0 2.5568e-07
0.000559263 0 0 0 2.59063e-07
0.000561719 0 0 0 2.62491e-07
0.000564186 0 0 0 2.65965e-07
0.000566663 0 0 0 2.69484e-07
0.000569152 0 0 0 2.7305e-07
0.000571651 0 0 0 2.76663e-07
0.000574162 0 0 0 2.80324e-07
0.000576683 0 0 0 2.84034e-07
0.000579216 0 0 0 2.87793e-07
0.00058176 0 0 0 2.91601e-07
0.000584314 0 0 0 2.9546e-07
0.000586881 0 0 0 2.99369e-07
0.000589458 0 0 0 3.03331e-07
0.000592047 0 0 0 3.07345e-07
0.000594647 0 0 0 3.11412e-07
0.000597258 0 0 0 3.15533e-07
0.000599881 0 0 0 3.19708e-07
0.000602516 0 0 0 3.23939e-07
0.000605162 0 0 0 3.28225e-07
0.000607819 0 0 0 3.32569e-07
0.000610489 0 0 0 3.3697e-07
0.00061317 0 0 0 3.41429e-07
0.000615862 0 0 0 3.45947e-07
0.000618567 0 0 0 3.50525e-07
0.000621284 0 0 0 3.55163e-07
0.000624012 0 0 0 3.59863e-07
0.000626753 0 0 0 3.64625e-07
0.000629505 0 0 0 3.6945e-07
0.00063227 0 0 0 3.74339e-07
0.000635046 0 0 0 3.79292e-07
0.000637835 0 0 0 3.84312e-07
0.000640636 0 0 0 3.89397e-07
0.00064345 0 0 0 3.9455e-07
0.000646276 0 0 0 3.99771e-07
0.000649114 0 0 0 4.05061e-07
0.000651964 0 0 0 4.10421e-07
0.000654828 0 0 0 4.15852e-07
0.000657703 0 0 0 4.21355e-07
0.000660592 0 0 0 4.26931e-07
0.000663493 0 0 0 4.3258e-07
0.000666407 0 0 0 4.38305e-07
0.000669333 0 0 0 4.44105e-07
0.000672273 0 0 0 4.49982e-07
0.000675225 0 0 0 4.55936e-07
0.000678191 0 0 0 4.61969e-07
0.000681169 0 0 0 4.68083e-07
0.00068416 0 0 0 4.74277e-07
0.000687165 0 0 0 4.80553e-07
0.000690183 0 0 0 4.86912e-07
0.000693214 0 0 0 4.93355e-07
0.000696258 0 0 0 4.99884e-07
0.000699316 0 0 0 5.06498e-07
0.000702387 0 0 0 5.13201e-07
0.000705472 0 0 0 5.19992e-07
0.00070857 0 0 0 5.26873e-07
0.000711682 0 0 0 5.33845e-07
0.000714807 0 0 0 5.40909e-07
0.000717946 0 0 0 5.48067e-07
0.000721099 0 0 0 5.5532e-07
0.000724266 0 0 0 5.62668e-07
0.000727447 0 0 0 5.70114e-07
0.000730641 0 0 0 5.77658e-07
0.00073385 0 0 0 5.85302e-07
0.000737073 0 0 0 5.93047e-07
0.00074031 0 0 0 6.00895e-07
0.000743561 0 0 0 6.08847e-07
0.000746826 0 0 0 6.16903e-07
0.000750106 0 0 0 6.25067e-07
0.0007534 0 0 0 6.33338e-07
0.000756709 0 0 0 6.41719e-07
0.000760032 0 0 0 6.50211e-07
0.00076337 0 0 0 6.58815e-07
0.000766723 0 0 0 6.67533e-07
0.00077009 0 0 0 6.76366e-07
0.000773472 0 0 0 6.85317e-07
0.000776868 0 0 0 6.94385e-07
0.00078028 0 0 0 7.03574e-07
0.000783707 0 0 0 7.12884e-07
0.000787149 0 0 0 7.22318e-07
0.000790606 0 0 0 7.31876e-07
0.000794078 0 0 0 7.41561e-07
0.000797565 0 0 0 7.51374e-07
0.000801068 0 0 0 7.61317e-07
0.000804586 0 0 0 7.71391e-07
0.000808119 0 0 0 7.81599e-07
0.000811668 0 0 0 7.91942e-07
0.000815233 0 0 0 8.02421e-07
0.000818813 0 0 0 8.1304e-07
0.000822409 0 0 0 8.23799e-07
0.00082602 0 0 0 8.347e-07
0.000829648 0 0 0 8.45745e-07
0.000833291 0 0 0 8.56937e-07
0.000836951 0 0 0 8.68277e-07
0.000840627 0 0 0 8.79767e-07
0.000844318 0 0 0 8.91408e-07
0.000848026 0 0 0 9.03204e-07
0.00085175 0 0 0 9.15156e-07
0.000855491 0 0 0 9.27266e-07
0.000859248 0 0 0 9.39537e-07
0.000863022 0 0 0 9.5197e-07
0.000866812 0 0 0 9.64567e-07
0.000870618 0 0 0 9.77331e-07
0.000874442 0 0 0 9.90264e-07
0.000878282 0 0 0 1.00337e-06
0.000882139 0 0 0 1.01665e-06
0.000886013 0 0 0 1.0301e-06
0.000889904 0 0 0 1.04373e-06
0.000893812 0 0 0 1.05754e-06
0.000897738 0 0 0 1.07154e-06
0.00090168 0 0 0 1.08571e-06
0.00090564 0 0 0 1.10008e-06
0.000909617 0 0 0 1.11464e-06
0.000913612 0 0 0 1.12939e-06
0.000917624 0 0 0 1.14433e-06
0.000921654 0 0 0 1.15948e-06
0.000925702 0 0 0 1.17482e-06
0.000929767 0 0 0 1.19037e-06
0.00093385 0 0 0 1.20612e-06
0.000937951 0 0 0 1.22208e-06
0.000942071 0 0 0 1.23825e-06
0.000946208 0 0 0 1.25464e-06
0.000950363 0 0 0 1.27124e-06
0.000954537 0 0 0 1.28806e-06
0.000958729 0 0 0 1.30511e-06
0.000962939 0 0 0 1.32238e-06
0.000967168 0 0 0 1.33987e-06
0.000971416 0 0 0 1.3576e-06
0.000975682 0 0 0 1.37557e-06
0.000979967 0 0 0 1.39377e-06
0.00098427 0 0 0 1.41222e-06
0.000988593 0 0 0 1.4309e-06
0.000992934 0 0 0 1.44984e-06
0.000997295 0 0 0 1.46902e-06
0.00100167 0 0 0 1.48846e-06
0.00100607 0 0 0 1.50816e-06
0.00101049 0 0 0 1.52812e-06
0.00101493 0 0 0 1.54834e-06
0.00101939 0 0 0 1.56883e-06
0.00102386 0 0 0 1.58959e-06
0.00102836 0 0 0 1.61062e-06
0.00103288 0 0 0 1.63194e-06
0.00103741 0 0 0 1.65353e-06
0.00104197 0 0 0 1.67541e-06
0.00104654 0 0 0 1.69758e-06
0.00105114 0 0 0 1.72005e-06
0.00105576 0 0 0 1.74281e-06
0.00106039 0 0 0 1.76587e-06
0.00106505 0 0 0 1.78924e-06
0.00106973 0 0 0 1.81291e-06
0.00107443 0 0 0 1.8369e-06
0.00107914 0 0 0 1.86121e-06
0.00108388 0 0 0 1.88584e-06
0.00108864 0 0 0 1.9108e-06
0.00109342 0 0 0 1.93608e-06
0.00109823 0 0 0 1.9617e-06
0.00110305 0 0 0 1.98766e-06
0.00110789 0 0 0 2.01396e-06
0.00111276 0 0 0 2.04061e-06
0.00111765 0 0 0 2.06762e-06
0.00112255 0 0 0 2.09498e-06
0.00112748 0 0 0 2.1227e-06
0.00113243 0 0 0 2.15079e-06
0.00113741 0 0 0 2.17925e-06
0.0011424 0 0 0 2.20809e-06
0.00114742 0 0 0 2.23731e-06
0.00115246 0 0 0 2.26691e-06
0.00115752 0 0 0 2.29691e-06
0.0011626 0 0 0 2.32731e-06
0.00116771 0 0 0 2.3581e-06
0.00117284 0 0 0 2.38931e-06
0.00117799 0 0 0 2.42092e-06
0.00118316 0 0 0 2.45296e-06
0.00118836 0 0 0 2.48542e-06
0.00119358 0 0 0 2.51831e-06
0.00119882 0 0 0 2.55163e-06
0.00120408 0 0 0 2.5854e-06
0.00120937 0 0 0 2.61961e-06
0.00121468 0 0 0 2.65428e-06
0.00122002 0 0 0 2.6894e-06
0.00122537 0 0 0 2.72499e-06
0.00123076 0 0 0 2.76105e-06
0.00123616 0 0 0 2.79758e-06
0.00124159 0 0 0 2.8346e-06
0.00124704 0 0 0 2.87211e-06
0.00125252 0 0 0 2.91012e-06
0.00125802 0 0 0 2.94863e-06
0.00126354 0 0 0 2.98765e-06
0.00126909 0 0 0 3.02718e-06
0.00127467 0 0 0 3.06724e-06
0.00128026 0 0 0 3.10783e-06
0.00128589 0 0 0 3.14896e-06
0.00129153 0 0 0 3.19063e-06
0.00129721 0 0 0 3.23285e-06
0.0013029 0 0 0 3.27563e-06
0.00130862 0 0 0 3.31897e-06
0.00131437 0 0 0 3.36289e-06
0.00132014 0 0 0 3.40739e-06
0.00132594 0 0 0 3.45248e-06
0.00133176 0 0 0 3.49817e-06
0.00133761 0 0 0 3.54446e-06
0.00134349 0 0 0 3.59136e-06
0.00134939 0 0 0 3.63889e-06
0.00135531 0 0 0 3.68704e-06
0.00136127 0 0 0 3.73583e-06
0.00136724 0 0 0 3.78527e-06
0.00137325 0 0 0 3.83536e-06
0.00137928 0 0 0 3.88611e-06
0.00138534 0 0 0 3.93753e-06
0.00139142 0 0 0 3.98964e-06
0.00139753 0 0 0 4.04243e-06
0.00140367 0 0 0 4.09593e-06
0.00140983 0 0 0 4.15013e-06
0.00141602 0 0 0 4.20504e-06
0.00142224 0 0 0 4.26069e-06
0.00142849 0 0 0 4.31707e-06
0.00143476 0 0 0 4.3742e-06
0.00144106 0 0 0 4.43208e-06
0.00144739 0 0 0 4.49073e-06
0.00145375 0 0 0 4.55015e-06
0.00146013 0 0 0 4.61037e-06
0.00146655 0 0 0 4.67137e-06
0.00147299 0 0 0 4.73319e-06
0.00147945 0 0 0 4.79582e-06
0.00148595 0 0 0 4.85929e-06
0.00149248 0 0 0 4.92359e-06
0.00149903 0 0 0 4.98874e-06
0.00150562 0 0 0 5.05476e-06
0.00151223 0 0 0 5.12165e-06
0.00151887 0 0 0 5.18942e-06
0.00152554 0 0 0 5.25809e-06
0.00153224 0 0 0 5.32767e-06
0.00153897 0 0 0 5.39817e-06
0.00154573 0 0 0 5.46961e-06
0.00155251 0 0 0 5.54198e-06
0.00155933 0 0 0 5.61532e-06
0.00156618 0 0 0 5.68963e-06
0.00157306 0 0 0 5.76492e-06
0.00157997 0 0 0 5.8412e-06
0.00158691 0 0 0 5.9185e-06
0.00159388 0 0 0 5.99682e-06
0.00160087 0 0 0 6.07617e-06
0.00160791 0 0 0 6.15658e-06
0.00161497 0 0 0 6.23805e-06
0.00162206 0 0 0 6.32059e-06
0.00162918 0 0 0 6.40423e-06
0.00163634 0 0 0 6.48898e-06
0.00164352 0 0 0 6.57485e-06
0.00165074 0 0 0 6.66185e-06
0.00165799 0 0 0 6.75001e-06
0.00166527 0 0 0 6.83933e-06
0.00167259 0 0 0 6.92983e-06
0.00167993 0 0 0 7.02154e-06
0.00168731 0 0 0 7.11445e-06
0.00169472 0 0 0 7.2086e-06
0.00170216 0 0 0 7.30399e-06
0.00170964 0 0 0 7.40064e-06
0.00171714 0 0 0 7.49857e-06
0.00172469 0 0 0 7.5978e-06
0.00173226 0 0 0 7.69834e-06
0.00173987 0 0 0 7.80021e-06
0.00174751 0 0 0 7.90343e-06
0.00175518 0 0 0 8.00801e-06
0.00176289 0 0 0 8.11398e-06
0.00177063 0 0 0 8.22135e-06
0.00177841 0 0 0 8.33015e-06
0.00178622 0 0 0 8.44038e-06
0.00179406 0 0 0 8.55207e-06
0.00180194 0 0 0 8.66524e-06
0.00180986 0 0 0 8.7799e-06
0.0018178 0 0 0 8.89609e-06
0.00182579 0 0 0 9.01381e-06
0.0018338 0 0 0 9.13308e-06
0.00184186 0 0 0 9.25394e-06
0.00184995 0 0 0 9.3764e-06
0.00185807 0 0 0 9.50047e-06
0.00186623 0 0 0 9.62619e-06
0.00187443 0 0 0 9.75358e-06
0.00188266 0 0 0 9.88264e-06
0.00189093 0 0 0 1.00134e-05
0.00189923 0 0 0 1.01459e-05
0.00190757 0 0 0 1.02802e-05
0.00191595 0 0 0 1.04162e-05
0.00192436 0 0 0 1.05541e-05
0.00193281 0 0 0 1.06937e-05
0.0019413 0 0 0 1.08352e-05
0.00194983 0 0 0 1.09786e-05
0.00195839 0 0 0 1.11239e-05
0.00196699 0 0 0 1.12711e-05
0.00197563 0 0 0 1.14202e-05
0.00198431 0 0 0 1.15714e-05
0.00199302 0 0 0 1.17245e-05
0.00200177 0 0 0 1.18796e-05
0.00201056 0 0 0 1.20368e-05
0.00201939 0 0 0 1.21961e-05
0.00202826 0 0 0 1.23575e-05
0.00203717 0 0 0 1.2521e-05
0.00204612 0 0 0 1.26867e-05
0.0020551 0 0 0 1.28546e-05
0.00206413 0 0 0 1.30247e-05
0.00207319 0 0 0 1.31971e-05
0.0020823 0 0 0 1.33717e-05
0.00209144 0 0 0 1.35486e-05
0.00210063 0 0 0 1.37279e-05
0.00210985 0 0 0 1.39096e-05
0.00211912 0 0 0 1.40936e-05
0.00212842 0 0 0 1.42801e-05
0.00213777 0 0 0 1.44691e-05
0.00214716 0 0 0 1.46606e-05
0.00215659 0 0 0 1.48546e-05
0.00216606 0 0 0 1.50512e-05
0.00217557 0 0 0 1.52503e-05
0.00218513 0 0 0 1.54521e-05
0.00219472 0 0 0 1.56566e-05
0.00220436 0 0 0 1.58638e-05
0.00221404 0 0 0 1.60737e-05
0.00222377 0 0 0 1.62864e-05
0.00223353 0 0 0 1.65019e-05
0.00224334 0 0 0 1.67203e-05
0.00225319 0 0 0 1.69416e-05
0.00226309 0 0 0 1.71657e-05
0.00227303 0 0 0 1.73929e-05
0.00228301 0 0 0 1.7623e-05
0.00229304 0 0 0 1.78563e-05
0.00230311 0 0 0 1.80925e-05
0.00231322 0 0 0 1.8332e-05
0.00232338 0 0 0 1.85745e-05
0.00233358 0 0 0 1.88203e-05
0.00234383 0 0 0 1.90694e-05
0.00235412 0 0 0 1.93217e-05
0.00236446 0 0 0 1.95774e-05
0.00237485 0 0 0 1.98365e-05
0.00238528 0 0 0 2.0099e-05
0.00239575 0 0 0 2.03649e-05
0.00240627 0 0 0 2.06344e-05
0.00241684 0 0 0 2.09075e-05
0.00242745 0 0 0 2.11841e-05
0.00243811 0 0 0 2.14645e-05
0.00244882 0 0 0 2.17485e-05
0.00245958 0 0 0 2.20363e-05
0.00247038 0 0 0 2.23279e-05
0.00248123 0 0 0 2.26234e-05
0.00249212 0 0 0 2.29227e-05
0.00250307 0 0 0 2.32261e-05
0.00251406 0 0 0 2.35334e-05
0.0025251 0 0 0 2.38448e-05
0.00253619 0 0 0 2.41604e-05
0.00254733 0 0 0 2.44801e-05
0.00255852 0 0 0 2.4804e-05
0.00256975 0 0 0 2.51322e-05
0.00258104 0 0 0 2.54648e-05
0.00259237 0 0 0 2.58018e-05
0.00260376 0 0 0 2.61432e-05
0.00261519 0 0 0 2.64892e-05
0.00262668 0 0 0 2.68397e-05
0.00263821 0 0 0 2.71949e-05
0.0026498 0 0 0 2.75547e-05
0.00266143 0 0 0 2.79194e-05
0.00267312 0 0 0 2.82888e-05
0.00268486 0 0 0 2.86632e-05
0.00269665 0 0 0 2.90425e-05
0.0027085 0 0 0 2.94268e-05
0.00272039 0 0 0 2.98162e-05
0.00273234 0 0 0 3.02107e-05
0.00274434 0 0 0 3.06105e-05
0.00275639 0 0 0 3.10156e-05
0.00276849 0 0 0 3.1426e-05
0.00278065 0 0 0 3.18418e-05
0.00279286 0 0 0 3.22632e-05
0.00280513 0 0 0 3.26901e-05
0.00281745 0 0 0 3.31227e-05
0.00282982 0 0 0 3.3561e-05
0.00284225 0 0 0 3.40051e-05
0.00285473 0 0 0 3.44551e-05
0.00286727 0 0 0 3.49111e-05
0.00287986 0 0 0 3.5373e-05
0.00289251 0 0 0 3.58411e-05
0.00290521 0 0 0 3.63154e-05
0.00291797 0 0 0 3.6796e-05
0.00293078 0 0 0 3.72829e-05
0.00294365 0 0 0 3.77762e-05
0.00295658 0 0 0 3.82761e-05
0.00296957 0 0 0 3.87826e-05
0.00298261 0 0 0 3.92958e-05
0.00299571 0 0 0 3.98158e-05
0.00300886 0 0 0 4.03427e-05
0.00302208 0 0 0 4.08766e-05
0.00303535 0 0 0 4.14175e-05
0.00304868 0 0 0 4.19655e-05
0.00306207 0 0 0 4.25209e-05
0.00307551 0 0 0 4.30835e-05
0.00308902 0 0 0 4.36537e-05
0.00310259 0 0 0 4.42313e-05
0.00311621 0 0 0 4.48166e-05
0.0031299 0 0 0 4.54097e-05
0.00314364 0 0 0 4.60106e-05
0.00315745 0 0 0 4.66194e-05
0.00317132 0 0 0 4.72363e-05
0.00318524 0 0 0 4.78614e-05
0.00319923 0 0 0 4.84948e-05
0.00321328 0 0 0 4.91365e-05
0.00322739 0 0 0 4.97867e-05
0.00324157 0 0 0 5.04455e-05
0.0032558 0 0 0 5.11131e-05
0.0032701 0 0 0 5.17894e-05
0.00328446 0 0 0 5.24748e-05
0.00329889 0 0 0 5.31691e-05
0.00331337 0 0 0 5.38727e-05
0.00332792 0 0 0 5.45856e-05
0.00334254 0 0 0 5.53079e-05
0.00335722 0 0 0 5.60398e-05
0.00337196 0 0 0 5.67814e-05
0.00338677 0 0 0 5.75328e-05
0.00340164 0 0 0 5.82941e-05
0.00341658 0 0 0 5.90655e-05
0.00343159 0 0 0 5.98471e-05
0.00344666 0 0 0 6.0639e-05
0.00346179 0 0 0 6.14415e-05
0.003477 0 0 0 6.22545e-05
0.00349227 0 0 0 6.30783e-05
0.0035076 0 0 0 6.3913e-05
0.00352301 0 0 0 6.47588e-05
0.00353848 0 0 0 6.56157e-05
0.00355402 0 0 0 6.6484e-05
0.00356963 0 0 0 6.73638e-05
0.0035853 0 0 0 6.82552e-05
0.00360105 0 0 0 6.91584e-05
0.00361686 0 0 0 7.00736e-05
0.00363275 0 0 0 7.10009e-05
0.0036487 0 0 0 7.19404e-05
0.00366472 0 0 0 7.28924e-05
0.00368082 0 0 0 7.3857e-05
0.00369698 0 0 0 7.48343e-05
0.00371322 0 0 0 7.58246e-05
0.00372953 0 0 0 7.68279e-05
0.00374591 0 0 0 7.78446e-05
0.00376236 0 0 0 7.88747e-05
0.00377888 0 0 0 7.99184e-05
0.00379547 0 0 0 8.0976e-05
0.00381214 0 0 0 8.20475e-05
0.00382888 0 0 0 8.31333e-05
0.0038457 0 0 0 8.42334e-05
0.00386259 0 0 0 8.5348e-05
0.00387955 0 0 0 8.64774e-05
0.00389659 0 0 0 8.76218e-05
0.0039137 0 0 0 8.87812e-05
0.00393089 0 0 0 8.99561e-05
0.00394815 0 0 0 9.11464e-05
0.00396549 0 0 0 9.23526e-05
0.00398291 0 0 0 9.35747e-05
0.0040004 0 0 0 9.48129e-05
0.00401797 0 0 0 9.60676e-05
0.00403561 0 0 0 9.73388e-05
0.00405333 0 0 0 9.86269e-05
0.00407114 0 0 0 9.9932e-05
0.00408901 0 0 0 0.000101254
0.00410697 0 0 0 0.000102594
0.00412501 0 0 0 0.000103952
0.00414312 0 0 0 0.000105327
0.00416132 0 0 0 0.000106721
0.00417959 0 0 0 0.000108133
0.00419795 0 0 0 0.000109564
0.00421638 0 0 0 0.000111014
0.0042349 0 0 0 0.000112483
0.0042535 0 0 0 0.000113972
0.00427218 0 0 0 0.00011548
0.00429094 0 0 0 0.000117008
0.00430979 0 0 0 0.000118556
0.00432871 0 0 0 0.000120125
0.00434772 0 0 0 0.000121715
0.00436682 0 0 0 0.000123326
0.00438599 0 0 0 0.000124957
0.00440526 0 0 0 0.000126611
0.0044246 0 0 0 0.000128286
0.00444403 0 0 0 0.000129984
0.00446355 0 0 0 0.000131704
0.00448315 0 0 0 0.000133447
0.00450284 0 0 0 0.000135213
0.00452262 0 0 0 0.000137002
0.00454248 0 0 0 0.000138815
0.00456243 0 0 0 0.000140652
0.00458246 0 0 0 0.000142513
0.00460259 0 0 0 0.000144399
0.0046228 0 0 0 0.00014631
0.0046431 0 0 0 0.000148246
0.00466349 0 0 0 0.000150208
0.00468397 0 0 0 0.000152195
0.00470454 0 0 0 0.000154209
0.0047252 0 0 0 0.00015625
0.00474596 0 0 0 0.000158318
0.0047668 0 0 0 0.000160413
0.00478773 0 0 0 0.000162535
0.00480876 0 0 0 0.000164686
0.00482988 0 0 0 0.000166865
0.00485109 0 0 0 0.000169073
0.00487239 0 0 0 0.000171311
0.00489379 0 0 0 0.000173578
0.00491528 0 0 0 0.000175875
0.00493687 0 0 0 0.000178202
0.00495855 0 0 0 0.00018056
0.00498032 0 0 0 0.000182949
0.0050022 0 0 0 0.00018537
0.00502416 0 0 0 0.000187823
0.00504623 0 0 0 0.000190309
0.00506839 0 0 0 0.000192827
0.00509065 0 0 0 0.000195379
0.005113 0 0 0 0.000197964
0.00513546 0 0 0 0.000200584
0.00515801 0 0 0 0.000203238
0.00518066 0 0 0 0.000205928
0.00520342 0 0 0 0.000208653
0.00522627 0 0 0 0.000211414
0.00524922 0 0 0 0.000214211
0.00527227 0 0 0 0.000217046
0.00529543 0 0 0 0.000219918
0.00531868 0 0 0 0.000222828
0.00534204 0 0 0 0.000225777
0.0053655 0 0 0 0.000228765
0.00538906 0 0 0 0.000231792
0.00541273 0 0 0 0.000234859
0.0054365 0 0 0 0.000237967
0.00546038 0 0 0 0.000241116
0.00548436 0 0 0 0.000244306
0.00550844 0 0 0 0.000247539
0.00553263 0 0 0 0.000250815
0.00555693 0 0 0 0.000254134
0.00558133 0 0 0 0.000257497
0.00560585 0 0 0 0.000260904
0.00563046 0 0 0 0.000264357
0.00565519 0 0 0 0.000267855
0.00568003 0 0 0 0.0002714
0.00570497 0 0 0 0.000274991
0.00573003 0 0 0 0.00027863
0.00575519 0 0 0 0.000282317
0.00578046 0 0 0 0.000286053
0.00580585 0 0 0 0.000289838
0.00583135 0 0 0 0.000293674
0.00585696 0 0 0 0.00029756
0.00588268 0 0 0 0.000301497
0.00590851 0 0 0 0.000305487
0.00593446 0 0 0 0.000309529
0.00596052 0 0 0 0.000313625
0.0059867 0 0 0 0.000317775
0.00601299 0 0 0 0.000321981
0.0060394 0 0 0 0.000326241
0.00606592 0 0 0 0.000330558
0.00609256 0 0 0 0.000334933
0.00611932 0 0 0 0.000339365
0.00614619 0 0 0 0.000343856
0.00617318 0 0 0 0.000348406
0.00620029 0 0 0 0.000353016
0.00622752 0 0 0 0.000357688
0.00625487 0 0 0 0.000362421
0.00628234 0 0 0 0.000367217
0.00630993 0 0 0 0.000372076
0.00633764 0 0 0 0.000377
0.00636547 0 0 0 0.000381988
0.00639343 0 0 0 0.000387043
0.00642151 0 0 0 0.000392165
0.00644971 0 0 0 0.000397354
0.00647803 0 0 0 0.000402612
0.00650648 0 0 0 0.00040794
0.00653505 0 0 0 0.000413338
0.00656375 0 0 0 0.000418808
0.00659258 0 0 0 0.00042435
0.00662153 0 0 0 0.000429965
0.00665061 0 0 0 0.000435655
0.00667982 0 0 0 0.00044142
0.00670915 0 0 0 0.000447261
0.00673862 0 0 0 0.00045318
0.00676821 0 0 0 0.000459177
0.00679794 0 0 0 0.000465253
0.00682779 0 0 0 0.00047141
0.00685777 0 0 0 0.000477648
0.00688789 0 0 0 0.000483968
0.00691814 0 0 0 0.000490373
0.00694852 0 0 0 0.000496862
0.00697904 0 0 0 0.000503437
0.00700969 0 0 0 0.000510099
0.00704047 0 0 0 0.000516849
0.00707139 0 0 0 0.000523688
0.00710245 0 0 0 0.000530618
0.00713364 0 0 0 0.00053764
0.00716497 0 0 0 0.000544754
0.00719643 0 0 0 0.000551963
0.00722804 0 0 0 0.000559267
0.00725978 0 0 0 0.000566667
0.00729166 0 0 0 0.000574166
0.00732368 0 0 0 0.000581764
0.00735585 0 0 0 0.000589462
0.00738815 0 0 0 0.000597263
0.0074206 0 0 0 0.000605166
0.00745319 0 0 0 0.000613174
0.00748592 0 0 0 0.000621288
0.00751879 0 0 0 0.00062951
0.00755181 0 0 0 0.00063784
0.00758498 0 0 0 0.00064628
0.00761829 0 0 0 0.000654833
0.00765174 0 0 0 0.000663498
0.00768535 0 0 0 0.000672278
0.0077191 0 0 0 0.000681174
0.007753 0 0 0 0.000690188
0.00778705 0 0 0 0.000699321
0.00782125 0 0 0 0.000708575
0.00785559 0 0 0 0.000717952
0.00789009 0 0 0 0.000727452
0.00792474 0 0 0 0.000737078
0.00795955 0 0 0 0.000746832
0.0079945 0 0 0 0.000756715
0.00802961 0 0 0 0.000766728
0.00806487 0 0 0 0.000776874
0.00810029 0 0 0 0.000787155
0.00813587 0 0 0 0.000797571
0.00817159 0 0 0 0.000808125
0.00820748 0 0 0 0.000818819
0.00824353 0 0 0 0.000829654
0.00827973 0 0 0 0.000840633
0.00831609 0 0 0 0.000851757
0.00835261 0 0 0 0.000863028
0.00838929 0 0 0 0.000874448
0.00842614 0 0 0 0.00088602
0.00846314 0 0 0 0.000897744
0.00850031 0 0 0 0.000909624
0.00853764 0 0 0 0.000921661
0.00857513 0 0 0 0.000933857
0.00861279 0 0 0 0.000946215
0.00865062 0 0 0 0.000958736
0.00868861 0 0 0 0.000971423
0.00872676 0 0 0 0.000984278
0.00876509 0 0 0 0.000997302
0.00880358 0 0 0 0.0010105
0.00884224 0 0 0 0.00102387
0.00888107 0 0 0 0.00103742
0.00892008 0 0 0 0.00105115
0.00895925 0 0 0 0.00106506
0.0089986 0 0 0 0.00107915
0.00903812 0 0 0 0.00109343
0.00907781 0 0 0 0.0011079
0.00911767 0 0 0 0.00112256
0.00915772 0 0 0 0.00113742
0.00919793 0 0 0 0.00115247
0.00923833 0 0 0 0.00116772
0.0092789 0 0 0 0.00118317
0.00931965 0 0 0 0.00119883
0.00936058 0 0 0 0.00121469
0.00940169 0 0 0 0.00123077
0.00944297 0 0 0 0.00124705
0.00948444 0 0 0 0.00126355
0.0095261 0 0 0 0.00128027
0.00956793 0 0 0 0.00129722
0.00960995 0 0 0 0.00131438
0.00965215 0 0 0 0.00133177
0.00969454 0 0 0 0.0013494
0.00973712 0 0 0 0.00136725
0.00977988 0 0 0 0.00138535
0.00982283 0 0 0 0.00140368
0.00986597 0 0 0 0.00142225
0.0099093 0 0 0 0.00144107
0.00995281 0 0 0 0.00146014
0.00999652 0 0 0 0.00147947
0.0100404 0 0 0 0.00149904
0.0100845 0 0 0 0.00151888
0.0101288 0 0 0 0.00153898
0.0101733 0 0 0 0.00155934
0.010218 0 0 0 0.00157998
0.0102628 0 0 0 0.00160089
0.0103079 0 0 0 0.00162207
0.0103532 0 0 0 0.00164354
0.0103986 0 0 0 0.00166528
0.0104443 0 0 0 0.00168732
0.0104902 0 0 0 0.00170965
0.0105362 0 0 0 0.00173227
0.0105825 0 0 0 0.0017552
0.010629 0 0 0 0.00177842
0.0106757 0 0 0 0.00180196
0.0107226 0 0 0 0.0018258
0.0107696 0 0 0 0.00184996
0.0108169 0 0 0 0.00187444
0.0108644 0 0 0 0.00189925
0.0109122 0 0 0 0.00192438
0.0109601 0 0 0 0.00194984
0.0110082 0 0 0 0.00197565
0.0110566 0 0 0 0.00200179
0.0111051 0 0 0 0.00202828
0.0111539 0 0 0 0.00205512
0.0112029 0 0 0 0.00208231
0.0112521 0 0 0 0.00210987
0.0113015 0 0 0 0.00213779
0.0113511 0 0 0 0.00216608
0.011401 0 0 0 0.00219474
0.011451 0 0 0 0.00222378
0.0115013 0 0 0 0.00225321
0.0115518 0 0 0 0.00228303
0.0116026 0 0 0 0.00231324
0.0116535 0 0 0 0.00234385
0.0117047 0 0 0 0.00237486
0.0117561 0 0 0 0.00240629
0.0118077 0 0 0 0.00243813
0.0118596 0 0 0 0.0024704
0.0119117 0 0 0 0.00250309
0.011964 0 0 0 0.00253621
0.0120165 0 0 0 0.00256977
0.0120693 0 0 0 0.00260378
0.0121223 0 0 0 0.00263823
0.0121755 0 0 0 0.00267314
0.012229 0 0 0 0.00270852
0.0122827 0 0 0 0.00274436
0.0123367 0 0 0 0.00278067
0.0123908 0 0 0 0.00281747
0.0124452 0 0 0 0.00285475
0.0124999 0 0 0 0.00289253
0.0125548 0 0 0 0.00293081
0.0126099 0 0 0 0.00296959
0.0126653 0 0 0 0.00300888
0.0127209 0 0 0 0.0030487
0.0127768 0 0 0 0.00308904
0.0128329 0 0 0 0.00312992
0.0128893 0 0 0 0.00317134
0.0129459 0 0 0 0.0032133
0.0130027 0 0 0 0.00325583
0.0130598 0 0 0 0.00329891
0.0131172 0 0 0 0.00334256
0.0131748 0 0 0 0.0033868
0.0132326 0 0 0 0.00343161
0.0132908 0 0 0 0.00347702
0.0133491 0 0 0 0.00352303
0.0134078 0 0 0 0.00356965
0.0134666 0 0 0 0.00361689
0.0135258 0 0 0 0.00366475
0.0135852 0 0 0 0.00371325
0.0136448 0 0 0 0.00376238
0.0137048 0 0 0 0.00381217
0.0137649 0 0 0 0.00386262
0.0138254 0 0 0 0.00391373
0.0138861 0 0 0 0.00396552
0.0139471 0 0 0 0.004018
0.0140083 0 0 0 0.00407117
0.0140699 0 0 0 0.00412504
0.0141317 0 0 0 0.00417962
0.0141937 0 0 0 0.00423493
0.0142561 0 0 0 0.00429097
0.0143187 0 0 0 0.00434776
0.0143815 0 0 0 0.00440529
0.0144447 0 0 0 0.00446358
0.0145081 0 0 0 0.00452265
0.0145719 0 0 0 0.0045825
0.0146358 0 0 0 0.00464314
0.0147001 0 0 0 0.00470458
0.0147647 0 0 0 0.00476683
0.0148295 0 0 0 0.00482991
0.0148946 0 0 0 0.00489383
0.0149601 0 0 0 0.00495859
0.0150258 0 0 0 0.0050242
0.0150917 0 0 0 0.00509069
0.015158 0 0 0 0.00515805
0.0152246 0 0 0 0.00522631
0.0152915 0 0 0 0.00529547
0.0153586 0 0 0 0.00536554
0.0154261 0 0 0 0.00543654
0.0154938 0 0 0 0.00550848
0.0155618 0 0 0 0.00558138
0.0156302 0 0 0 0.00565523
0.0156988 0 0 0 0.00573007
0.0157678 0 0 0 0.00580589
0.015837 0 0 0 0.00588272
0.0159066 0 0 0 0.00596057
0.0159764 0 0 0 0.00603944
0.0160466 0 0 0 0.00611936
0.0161171 0 0 0 0.00620034
0.0161878 0 0 0 0.00628239
0.0162589 0 0 0 0.00636552
0.0163303 0 0 0 0.00644975
0.0164021 0 0 0 0.0065351
0.0164741 0 0 0 0.00662158
0.0165464 0 0 0 0.0067092
0.0166191 0 0 0 0.00679799
0.0166921 0 0 0 0.00688794
0.0167654 0 0 0 0.00697909
0.016839 0 0 0 0.00707144
0.016913 0 0 0 0.00716502
0.0169872 0 0 0 0.00725983
0.0170618 0 0 0 0.0073559
0.0171368 0 0 0 0.00745324
0.017212 0 0 0 0.00755187
0.0172876 0 0 0 0.0076518
0.0173635 0 0 0 0.00775306
0.0174398 0 0 0 0.00785565
0.0175164 0 0 0 0.00795961
0.0175933 0 0 0 0.00806493
0.0176706 0 0 0 0.00817166
0.0177482 0 0 0 0.00827979
0.0178261 0 0 0 0.00838936
0.0179044 0 0 0 0.00850037
0.017983 0 0 0 0.00861286
0.018062 0 0 0 0.00872683
0.0181413 0 0 0 0.00884231
0.018221 0 0 0 0.00895932
0.018301 0 0 0 0.00907788
0.0183814 0 0 0 0.009198
0.0184621 0 0 0 0.00931972
0.0185432 0 0 0 0.00944304
0.0186246 0 0 0 0.009568
0.0187064 0 0 0 0.00969462
0.0187886 0 0 0 0.0098229
0.0188711 0 0 0 0.00995289
0.018954 0 0 0 0.0100846
0.0190372 0 0 0 0.010218
0.0191208 0 0 0 0.0103533
0.0192048 0 0 0 0.0104903
0.0192891 0 0 0 0.0106291
0.0193738 0 0 0 0.0107697
0.0194589 0 0 0 0.0109122
0.0195444 0 0 0 0.0110566
0.0196302 0 0 0 0.011203
0.0197164 0 0 0 0.0113512
0.019803 0 0 0 0.0115014
0.01989 0 0 0 0.0116536
0.0199773 0 0 0 0.0118078
0.0200651 0 0 0 0.0119641
0.0201532 0 0 0 0.0121224
0.0202417 0 0 0 0.0122828
0.0203306 0 0 0 0.0124453
0.0204199 0 0 0 0.01261
0.0205095 0 0 0 0.0127769
0.0205996 0 0 0 0.012946
0.0206901 0 0 0 0.0131173
0.0207809 0 0 0 0.0132909
0.0208722 0 0 0 0.0134667
0.0209639 0 0 0 0.0136449
0.0210559 0 0 0 0.0138255
0.0211484 0 0 0 0.0140085
0.0212413 0 0 0 0.0141938
0.0213346 0 0 0 0.0143816
0.0214282 0 0 0 0.014572
0.0215224 0 0 0 0.0147648
0.0216169 0 0 0 0.0149602
0.0217118 0 0 0 0.0151581
0.0218072 0 0 0 0.0153587
0.0219029 0 0 0 0.015562
0.0219991 0 0 0 0.0157679
0.0220957 0 0 0 0.0159765
0.0221928 0 0 0 0.016188
0.0222902 0 0 0 0.0164022
0.0223881 0 0 0 0.0166192
0.0224864 0 0 0 0.0168391
0.0225852 0 0 0 0.017062
0.0226844 0 0 0 0.0172877
0.022784 0 0 0 0.0175165
0.0228841 0 0 0 0.0177483
0.0229846 0 0 0 0.0179832
0.0230855 0 0 0 0.0182211
0.0231869 0 0 0 0.0184623
0.0232887 0 0 0 0.0187066
0.023391 0 0 0 0.0189541
0.0234937 0 0 0 0.0192049
0.0235969 0 0 0 0.0194591
0.0237005 0 0 0 0.0197166
0.0238046 0 0 0 0.0199775
0.0239091 0 0 0 0.0202418
0.0240141 0 0 0 0.0205097
0.0241196 0 0 0 0.0207811
0.0242255 0 0 0 0.0210561
0.0243319 0 0 0 0.0213347
0.0244388 0 0 0 0.021617
0.0245461 0 0 0 0.0219031
0.0246539 0 0 0 0.0221929
0.0247622 0 0 0 0.0224866
0.0248709 9.30151 4.40821e-08 6 0.0227842
0.0249801 0 0 0 0.0230857
0.0250898 0 0 0 0.0233912
0.0252 0 0 0 0.0237007
0.0253107 0 0 0 0.0240143
0.0254218 0 0 0 0.0243321
0.0255335 0 0 0 0.0246541
0.0256456 0 0 0 0.0249803
0.0257583 0 0 0 0.0253109
0.0258714 0 0 0 0.0256458
0.025985 0 0 0 0.0259852
0.0260991 0 0 0 0.026329
0.0262137 0 0 0 0.0266775
0.0263288 0 0 0 0.0270305
0.0264445 0 0 0 0.0273882
0.0265606 0 0 0 0.0277506
0.0266773 0 0 0 0.0281178
0.0267944 0 0 0 0.0284899
0.0269121 0 0 0 0.0288669
0.0270303 0 0 0 0.0292489
0.027149 0 0 0 0.0296359
0.0272682 0 0 0 0.0300281
0.027388 0 0 0 0.0304255
0.0275082 0 0 0 0.0308281
0.027629 0 0 0 0.031236
0.0277504 0 0 0 0.0316494
0.0278722 0 0 0 0.0320682
0.0279947 0 0 0 0.0324925
0.0281176 0 0 0 0.0329225
0.0282411 0 0 0 0.0333581
0.0283651 0 0 0 0.0337996
0.0284897 0 0 0 0.0342468
0.0286148 0 0 0 0.0347
0.0287405 0 0 0 0.0351592
0.0288667 0 0 0 0.0356245
0.0289934 0 0 0 0.0360959
0.0291208 0 0 0 0.0365735
0.0292487 0 0 0 0.0370575
0.0293771 0 0 0 0.0375479
0.0295061 0 0 0 0.0380447
0.0296357 0 0 0 0.0385482
0.0297659 0 0 0 0.0390583
0.0298966 0 0 0 0.0395751
0.0300279 0 0 0 0.0400988
0.0301597 0 0 0 0.0406295
0.0302922 0 0 0 0.0411671
0.0304252 0 0 0 0.0417119
0.0305588 0 0 0 0.0422638
0.030693 0 0 0 0.0428231
0.0308278 0 0 0 0.0433898
0.0309632 0 0 0 0.0439639
0.0310992 0 0 0 0.0445457
0.0312358 0 0 0 0.0451352
0.031373 0 0 0 0.0457324
0.0315107 0 0 0 0.0463376
0.0316491 0 0 0 0.0469508
0.0317881 0 0 0 0.0475721
0.0319277 0 0 0 0.0482016
0.0320679 0 0 0 0.0488395
0.0322088 0 0 0 0.0494857
0.0323502 0 0 0 0.0501406
0.0324923 0 0 0 0.0508041
0.032635 0 0 0 0.0514764
0.0327783 0 0 0 0.0521575
0.0329222 0 0 0 0.0528477
0.0330668 0 0 0 0.0535471
0.033212 0 0 0 0.0542556
0.0333579 0 0 0 0.0549736
0.0335044 0 0 0 0.0557011
0.0336515 0 0 0 0.0564381
0.0337993 0 0 0 0.057185
0.0339478 0 0 0 0.0579417
0.0340968 0 0 0 0.0587084
0.0342466 0 0 0 0.0594853
0.034397 0 0 0 0.0602725
0.034548 0 0 0 0.0610701
0.0346998 0 0 0 0.0618782
0.0348522 0 0 0 0.062697
0.0350052 0 0 0 0.0635267
0.0351589 18.6088 3.12173e-08 12 0.0643673
0.0353133 0 0 0 0.0652191
0.0354684 0 0 0 0.0660821
0.0356242 0 0 0 0.0669566
0.0357806 0 0 0 0.0678426
0.0359378 0 0 0 0.0687404
0.0360956 0 0 0 0.06965
0.0362541 0 0 0 0.0705717
0.0364133 0 0 0 0.0715055
0.0365733 0 0 0 0.0724517
0.0367339 0 0 0 0.0734105
0.0368952 0 0 0 0.0743819
0.0370572 0 0 0 0.0753662
0.03722 0 0 0 0.0763635
0.0373834 0 0 0 0.077374
0.0375476 0 0 0 0.0783979
0.0377125 0 0 0 0.0794353
0.0378781 0 0 0 0.0804865
0.0380445 0 0 0 0.0815516
0.0382115 0 0 0 0.0826307
0.0383793 0 0 0 0.0837242
0.0385479 0 0 0 0.0848321
0.0387172 0 0 0 0.0859547
0.0388872 0 0 0 0.0870921
0.039058 0 0 0 0.0882446
0.0392295 0 0 0 0.0894123
0.0394018 0 0 0 0.0905955
0.0395748 0 0 0 0.0917943
0.0397486 0 0 0 0.093009
0.0399232 0 0 0 0.0942398
0.0400985 0 0 0 0.0954868
0.0402746 0 0 0 0.0967504
0.0404515 0 0 0 0.0980307
0.0406292 0 0 0 0.0993279
0.0408076 0 0 0 0.100642
0.0409868 0 0 0 0.101974
0.0411668 0 0 0 0.103324
0.0413476 0 0 0 0.104691
0.0415292 0 0 0 0.106076
0.0417115 0 0 0 0.10748
0.0418947 0 0 0 0.108902
0.0420787 0 0 0 0.110343
0.0422635 0 0 0 0.111803
0.0424491 0 0 0 0.113283
0.0426355 0 0 0 0.114782
0.0428228 0 0 0 0.116301
0.0430108 17.8042 1.63145e-08 8 0.11784
0.0431997 0 0 0 0.119399
0.0433894 0 0 0 0.120979
0.04358 0 0 0 0.12258
0.0437714 0 0 0 0.124202
0.0439636 0 0 0 0.125846
0.0441567 0 0 0 0.127511
0.0443506 0 0 0 0.129198
0.0445454 0 0 0 0.130908
0.044741 0 0 0 0.13264
0.0449375 0 0 0 0.134395
0.0451348 0 0 0 0.136174
0.0453331 0 0 0 0.137976
0.0455321 0 0 0 0.139802
0.0457321 0 0 0 0.141652
0.0459329 0 0 0 0.143526
0.0461347 0 0 0 0.145425
0.0463373 0 0 0 0.14735
0.0465408 0 0 0 0.1493
0.0467452 0 0 0 0.151275
0.0469504 0 0 0 0.153277
0.0471566 0 0 0 0.155305
0.0473637 0 0 0 0.157361
0.0475717 0 0 0 0.159443
0.0477807 0 0 0 0.161553
0.0479905 0 0 0 0.163691
0.0482012 0 0 0 0.165857
0.0484129 0 0 0 0.168051
0.0486255 0 0 0 0.170275
0.0488391 0 0 0 0.172528
0.0490536 0 0 0 0.174811
0.049269 0 0 0 0.177125
0.0494854 0 0 0 0.179469
0.0497027 24.6392 1.46309e-08 6 0.181843
0.049921 0 0 0 0.18425
0.0501402 0 0 0 0.186688
0.0503604 0 0 0 0.189158
0.0505816 0 0 0 0.191661
0.0508037 0 0 0 0.194198
0.0510268 0 0 0 0.196768
0.0512509 0 0 0 0.199371
0.051476 0 0 0 0.20201
0.051702 0 0 0 0.204683
0.0519291 0 0 0 0.207391
0.0521572 0 0 0 0.210136
0.0523862 0 0 0 0.212916
0.0526163 0 0 0 0.215734
0.0528473 0 0 0 0.218589
0.0530794 0 0 0 0.221481
0.0533125 0 0 0 0.224412
0.0535467 0 0 0 0.227382
0.0537818 0 0 0 0.230391
0.054018 0 0 0 0.233439
0.0542552 0 0 0 0.236528
0.0544935 0 0 0 0.239658
0.0547328 0 0 0 0.24283
0.0549732 0 0 0 0.246043
0.0552146 0 0 0 0.249299
0.0554571 0 0 0 0.252598
0.0557006 17.2378 7.27252e-09 24 0.25594
0.0559453 0 0 0 0.259327
0.056191 0 0 0 0.262759
0.0564377 0 0 0 0.266236
0.0566856 0 0 0 0.269759
0.0569345 0 0 0 0.273329
0.0571846 0 0 0 0.276946
0.0574357 0 0 0 0.28061
0.0576879 0 0 0 0.284324
0.0579413 0 0 0 0.288086
0.0581957 0 0 0 0.291898
0.0584513 0 0 0 0.295761
0.058708 0 0 0 0.299675
0.0589658 0 0 0 0.30364
0.0592248 0 0 0 0.307658
0.0594849 0 0 0 0.311729
0.0597461 0 0 0 0.315855
0.0600085 0 0 0 0.320034
0.060272 0 0 0 0.324269
0.0605367 0 0 0 0.32856
0.0608026 38.6368 1.2532e-08 24 0.332908
0.0610696 0 0 0 0.337313
0.0613378 0 0 0 0.341777
0.0616072 0 0 0 0.3463
0.0618777 0 0 0 0.350882
0.0621495 0 0 0 0.355525
0.0624224 0 0 0 0.36023
0.0626966 0 0 0 0.364997
0.0629719 0 0 0 0.369827
0.0632484 0 0 0 0.374721
0.0635262 0 0 0 0.379679
0.0638052 0 0 0 0.384704
0.0640854 0 0 0 0.389794
0.0643668 0 0 0 0.394952
0.0646495 0 0 0 0.400179
0.0649334 0 0 0 0.405474
0.0652186 0 0 0 0.41084
0.065505 0 0 0 0.416276
0.0657927 0 0 0 0.421785
0.0660816 0 0 0 0.427366
0.0663718 0 0 0 0.433022
0.0666633 0 0 0 0.438752
0.0669561 0 0 0 0.444558
0.0672501 0 0 0 0.45044
0.0675455 0 0 0 0.456401
0.0678421 0 0 0 0.462441
0.06814 0 0 0 0.46856
0.0684393 0 0 0 0.47476
0.0687398 0 0 0 0.481043
0.0690417 0 0 0 0.487408
0.0693449 0 0 0 0.493858
0.0696495 0 0 0 0.500393
0.0699553 0 0 0 0.507015
0.0702626 23.6963 4.98072e-09 12 0.513724
0.0705711 0 0 0 0.520522
0.0708811 0 0 0 0.52741
0.0711923 0 0 0 0.534389
0.071505 0 0 0 0.541461
0.071819 0 0 0 0.548626
0.0721344 0 0 0 0.555886
0.0724512 0 0 0 0.563242
0.0727694 0 0 0 0.570695
0.073089 0 0 0 0.578247
0.0734099 0 0 0 0.585899
0.0737323 0 0 0 0.593652
0.0740561 0 0 0 0.601508
0.0743814 0 0 0 0.609468
0.074708 46.5179 8.13397e-09 30 0.617533
0.0750361 0 0 0 0.625704
0.0753657 0 0 0 0.633984
0.0756966 0 0 0 0.642374
0.0760291 0 0 0 0.650874
0.076363 0 0 0 0.659487
0.0766983 0 0 0 0.668214
0.0770351 0 0 0 0.677056
0.0773735 0 0 0 0.686016
0.0777133 0 0 0 0.695094
0.0780545 0 0 0 0.704292
0.0783973 0 0 0 0.713612
0.0787416 25.2384 3.76905e-09 24 0.723055
0.0790874 0 0 0 0.732623
0.0794347 0 0 0 0.742317
0.0797836 0 0 0 0.75214
0.080134 0 0 0 0.762093
0.0804859 0 0 0 0.772178
0.0808394 0 0 0 0.782396
0.0811944 0 0 0 0.79275
0.081551 0 0 0 0.80324
0.0819091 0 0 0 0.813869
0.0822688 0 0 0 0.824639
0.0826301 52.6442 6.80329e-09 24 0.835551
0.082993 0 0 0 0.846608
0.0833575 0 0 0 0.857811
0.0837235 0 0 0 0.869162
0.0840912 0 0 0 0.880664
0.0844605 0 0 0 0.892318
0.0848314 0 0 0 0.904125
0.085204 0 0 0 0.91609
0.0855782 0 0 0 0.928212
0.085954 45.2321 5.19317e-09 8 0.940495
0.0863315 0 0 0 0.952941
0.0867106 0 0 0 0.965551
0.0870914 0 0 0 0.978328
0.0874739 0 0 0 0.991274
0.0878581 0 0 0 1.00439
0.0882439 0 0 0 1.01768
0.0886314 0 0 0 1.03115
0.0890207 0 0 0 1.04479
0.0894116 0 0 0 1.05862
0.0898043 28.4184 2.86083e-09 24 1.07263
0.0901987 0 0 0 1.08682
0.0905948 0 0 0 1.1012
0.0909927 0 0 0 1.11578
0.0913923 0 0 0 1.13054
0.0917936 0 0 0 1.1455
0.0921967 0 0 0 1.16066
0.0926016 0 0 0 1.17602
0.0930083 39.1758 3.55007e-09 48 1.19158
0.0934168 0 0 0 1.20735
0.093827 0 0 0 1.22333
0.0942391 0 0 0 1.23951
0.0946529 0 0 0 1.25592
0.0950686 0 0 0 1.27253
0.0954861 0 0 0 1.28937
0.0959055 0 0 0 1.30644
0.0963267 0 0 0 1.32372
0.0967497 0 0 0 1.34124
0.0971746 0 0 0 1.35899
0.0976013 0 0 0 1.37697
0.09803 0 0 0 1.39519
0.0984605 0 0 0 1.41366
0.0988929 0 0 0 1.43236
0.0993272 67.9821 5.05794e-09 6 1.45132
0.0997634 0 0 0 1.47052
0.100202 0 0 0 1.48998
0.100642 0 0 0 1.5097
0.101084 0 0 0 1.52968
0.101527 0 0 0 1.54992
0.101973 0 0 0 1.57043
0.102421 39.1769 2.65855e-09 48 1.59121
0.102871 0 0 0 1.61227
0.103323 0 0 0 1.6336
0.103776 0 0 0 1.65522
0.104232 0 0 0 1.67712
0.10469 0 0 0 1.69931
0.10515 0 0 0 1.7218
0.105612 54.4478 3.37e-09 36 1.74459
0.106075 0 0 0 1.76767
0.106541 0 0 0 1.79106
0.107009 0 0 0 1.81476
0.107479 0 0 0 1.83878
0.107951 0 0 0 1.86311
0.108425 43.7687 2.50356e-09 24 1.88776
0.108901 0 0 0 1.91275
0.10938 0 0 0 1.93806
0.10986 0 0 0 1.9637
0.110342 0 0 0 1.98969
0.110827 0 0 0 2.01602
0.111314 41.834 2.2114e-09 24 2.04269
0.111803 0 0 0 2.06973
0.112294 0 0 0 2.09711
0.112787 0 0 0 2.12486
0.113282 0 0 0 2.15298
0.113779 36.2835 1.79598e-09 48 2.18147
0.114279 0 0 0 2.21034
0.114781 0 0 0 2.23959
0.115285 0 0 0 2.26923
0.115791 0 0 0 2.29925
0.1163 0 0 0 2.32968
0.116811 42.815 1.95854e-09 24 2.36051
0.117324 0 0 0 2.39174
0.117839 0 0 0 2.42339
0.118356 0 0 0 2.45546
0.118876 0 0 0 2.48795
0.119398 0 0 0 2.52088
0.119923 0 0 0 2.55424
0.120449 0 0 0 2.58804
0.120978 0 0 0 2.62228
0.12151 0 0 0 2.65698
0.122043 41.5796 1.66772e-09 24 2.69214
0.122579 0 0 0 2.72777
0.123117 0 0 0 2.76386
0.123658 0 0 0 2.80044
0.124201 57.2113 2.17715e-09 30 2.8375
0.124747 0 0 0 2.87504
0.125294 0 0 0 2.91309
0.125845 0 0 0 2.95164
0.126397 0 0 0 2.9907
0.126952 47.6508 1.69797e-09 72 3.03027
0.12751 0 0 0 3.07037
0.12807 0 0 0 3.111
0.128632 0 0 0 3.15217
0.129197 61.4295 2.07683e-09 32 3.19388
0.129765 0 0 0 3.23614
0.130335 0 0 0 3.27897
0.130907 0 0 0 3.32236
0.131482 0 0 0 3.36632
0.132059 0 0 0 3.41087
0.132639 0 0 0 3.456
0.133222 0 0 0 3.50174
0.133807 40.8685 1.24376e-09 72 3.54807
0.134394 0 0 0 3.59503
0.134985 0 0 0 3.6426
0.135577 0 0 0 3.6908
0.136173 63.0426 1.82032e-09 48 3.73964
0.136771 0 0 0 3.78913
0.137372 0 0 0 3.83927
0.137975 0 0 0 3.89007
0.138581 0 0 0 3.94155
0.139189 0 0 0 3.99371
0.139801 0 0 0 4.04656
0.140415 22.2099 5.84917e-10 12 4.1001
0.141031 0 0 0 4.15436
0.141651 0 0 0 4.20933
0.142273 0 0 0 4.26503
0.142897 50.1656 1.25348e-09 48 4.32147
0.143525 0 0 0 4.37866
0.144155 0 0 0 4.4366
0.144788 57.0432 1.37021e-09 48 4.49531
0.145424 0 0 0 4.5548
0.146063 0 0 0 4.61507
0.146704 0 0 0 4.67614
0.147349 61.4207 1.39978e-09 48 4.73802
0.147996 0 0 0 4.80072
0.148646 0 0 0 4.86424
0.149299 65.3449 1.43163e-09 30 4.92861
0.149954 0 0 0 4.99383
0.150613 0 0 0 5.05991
0.151274 66.6021 1.40274e-09 24 5.12687
0.151939 0 0 0 5.19471
0.152606 0 0 0 5.26345
0.153276 61.3352 1.24186e-09 72 5.33311
0.153949 0 0 0 5.40368
0.154625 0 0 0 5.47518
0.155304 0 0 0 5.54764
0.155986 0 0 0 5.62105
0.156671 0 0 0 5.69543
0.157359 44.7673 8.37659e-10 24 5.7708
0.15805 0 0 0 5.84716
0.158745 0 0 0 5.92454
0.159442 56.0795 1.00875e-09 96 6.00293
0.160142 0 0 0 6.08237
0.160845 68.881 1.20687e-09 48 6.16286
0.161552 0 0 0 6.24441
0.162261 0 0 0 6.32704
0.162974 64.265 1.08245e-09 24 6.41077
0.163689 0 0 0 6.4956
0.164408 0 0 0 6.58155
0.16513 84.3881 1.36642e-09 24 6.66865
0.165855 0 0 0 6.75689
0.166584 55.2809 8.71888e-10 72 6.84631
0.167315 0 0 0 6.9369
0.16805 0 0 0 7.0287
0.168788 49.4822 7.50251e-10 48 7.12171
0.169529 0 0 0 7.21595
0.170274 0 0 0 7.31144
0.171022 0 0 0 7.40819
0.171773 0 0 0 7.50622
0.172527 112.919 1.60317e-09 8 7.60555
0.173285 0 0 0 7.70619
0.174046 58.4672 8.08547e-10 54 7.80817
0.17481 0 0 0 7.91149
0.175578 56.9834 7.67579e-10 84 8.01618
0.176349 0 0 0 8.12226
0.177123 0 0 0 8.22974
0.177901 49.4235 6.40001e-10 48 8.33864
0.178683 0 0 0 8.44899
0.179467 72.7535 9.17661e-10 24 8.56079
0.180255 0 0 0 8.67407
0.181047 67.079 8.24131e-10 72 8.78886
0.181842 0 0 0 8.90516
0.182641 77.7601 9.30568e-10 96 9.023
0.183443 0 0 0 9.1424
0.184248 0 0 0 9.26338
0.185058 0 0 0 9.38596
0.18587 55.1675 6.2638e-10 48 9.51016
0.186687 0 0 0 9.63601
0.187506 80.0259 8.85047e-10 48 9.76352
0.18833 0 0 0 9.89272
0.189157 63.7593 6.86848e-10 24 10.0236
0.189988 0 0 0 10.1563
0.190822 59.055 6.19662e-10 72 10.2907
0.19166 0 0 0 10.4268
0.192502 0 0 0 10.5648
0.193347 0 0 0 10.7046
0.194196 73.9304 7.36012e-10 72 10.8463
0.195049 0 0 0 10.9898
0.195906 81.039 7.85845e-10 96 11.1352
0.196766 0 0 0 11.2826
0.19763 0 0 0 11.4319
0.198498 30.7583 2.86733e-10 6 11.5832
0.19937 0 0 0 11.7364
0.200245 58.7668 5.33615e-10 96 11.8917
0.201125 0 0 0 12.0491
0.202008 69.4815 6.14536e-10 96 12.2086
0.202895 0 0 0 12.3701
0.203786 54.0107 4.65307e-10 24 12.5338
0.204681 102.905 8.74953e-10 48 12.6997
0.20558 0 0 0 12.8677
0.206483 67.4788 5.58855e-10 96 13.038
0.20739 0 0 0 13.2105
0.208301 65.0819 5.25017e-10 48 13.3853
0.209215 0 0 0 13.5625
0.210134 0 0 0 13.7419
0.211057 80.0452 6.20756e-10 36 13.9238
0.211984 87.1664 6.67153e-10 48 14.108
0.212915 0 0 0 14.2947
0.21385 62.406 4.65247e-10 120 14.4839
0.214789 0 0 0 14.6755
0.215732 80.9199 5.87617e-10 56 14.8697
0.21668 69.9478 5.01307e-10 24 15.0665
0.217631 0 0 0 15.2659
0.218587 81.5989 5.69633e-10 96 15.4679
0.219547 80.9647 5.57824e-10 48 15.6726
0.220511 0 0 0 15.88
0.22148 0 0 0 16.0901
0.222452 153.897 1.01931e-09 24 16.303
0.223429 79.2449 5.18008e-10 102 16.5188
0.22441 0 0 0 16.7373
0.225396 69.4843 4.42418e-10 48 16.9588
0.226386 88.7251 5.57549e-10 72 17.1832
0.22738 0 0 0 17.4106
0.228379 79.9671 4.89474e-10 48 17.641
0.229381 73.8904 4.46372e-10 48 17.8745
0.230389 80.4095 4.7941e-10 120 18.111
0.231401 0 0 0 18.3507
0.232417 0 0 0 18.5935
0.233438 94.7533 5.43083e-10 24 18.8395
0.234463 80.7316 4.56674e-10 144 19.0888
0.235492 91.6398 5.11608e-10 120 19.3414
0.236527 0 0 0 19.5974
0.237565 58.4269 3.17723e-10 48 19.8567
0.238609 0 0 0 20.1195
0.239656 73.0988 3.87192e-10 48 20.3857
0.240709 70.1729 3.6684e-10 96 20.6555
0.241766 0 0 0 20.9288
0.242828 0 0 0 21.2057
0.243894 120.433 6.05234e-10 24 21.4864
0.244965 88.1467 4.37196e-10 48 21.7707
0.246041 95.0526 4.65291e-10 108 22.0588
0.247122 77.973 3.767e-10 72 22.3507
0.248207 95.7717 4.56646e-10 30 22.6464
0.249297 0 0 0 22.9461
0.250392 91.7001 4.25886e-10 168 23.2498
0.251491 119.438 5.47467e-10 48 23.5574
0.252596 0 0 0 23.8691
0.253705 104.503 4.6658e-10 72 24.185
0.254819 101.649 4.4791e-10 96 24.505
0.255938 72.773 3.16481e-10 72 24.8293
0.257062 90.8031 3.89735e-10 72 25.1579
0.258191 81.1022 3.43551e-10 32 25.4908
0.259325 73.3433 3.06627e-10 72 25.8281
0.260464 72.9127 3.00846e-10 144 26.1699
0.261608 0 0 0 26.5162
0.262757 0 0 0 26.8671
0.263911 76.5817 3.03765e-10 96 27.2226
0.26507 124.28 4.86524e-10 96 27.5828
0.266234 70.5803 2.72695e-10 48 27.9478
0.267403 116.657 4.44832e-10 72 28.3177
0.268577 91.5081 3.44378e-10 120 28.6924
0.269757 116.079 4.3114e-10 72 29.0721
0.270942 0 0 0 29.4568
0.272132 65.8334 2.38174e-10 48 29.8466
0.273327 112.58 4.01975e-10 78 30.2415
0.274527 76.6439 2.70089e-10 120 30.6417
0.275733 89.5945 3.11603e-10 48 31.0472
0.276943 0 0 0 31.458
0.27816 103.929 3.52077e-10 144 31.8743
0.279381 100.078 3.34604e-10 144 32.2961
0.280608 0 0 0 32.7235
0.281841 89.2772 2.90746e-10 156 33.1565
0.283078 72.8305 2.34087e-10 48 33.5953
0.284322 82.3321 2.61171e-10 120 34.0398
0.28557 84.9006 2.65801e-10 48 34.4903
0.286824 84.3153 2.60521e-10 48 34.9467
0.288084 109.439 3.33732e-10 168 35.4091
0.289349 76.4844 2.30192e-10 48 35.8777
0.29062 126.463 3.7564e-10 96 36.3524
0.291896 102.805 3.01378e-10 96 36.8335
0.293178 113.566 3.28577e-10 72 37.3209
0.294466 139.782 3.99145e-10 48 37.8148
0.295759 113.69 3.204e-10 144 38.3152
0.297058 0 0 0 38.8222
0.298362 133.381 3.6614e-10 30 39.3359
0.299672 94.0851 2.54897e-10 96 39.8564
0.300988 99.2676 2.65425e-10 248 40.3839
0.30231 83.5665 2.20525e-10 24 40.9182
0.303638 99.9542 2.60326e-10 168 41.4597
0.304971 84.8522 2.18107e-10 120 42.0083
0.306311 98.8305 2.5072e-10 72 42.5642
0.307656 116.071 2.9061e-10 144 43.1275
0.309007 97.7934 2.41651e-10 192 43.6982
0.310364 0 0 0 44.2764
0.311727 121.215 2.91754e-10 72 44.8623
0.313096 99.5257 2.36421e-10 96 45.456
0.314471 148.337 3.47769e-10 24 46.0575
0.315852 113.876 2.63491e-10 300 46.667
0.317239 91.1422 2.08134e-10 24 47.2845
0.318632 108.704 2.44996e-10 96 47.9102
0.320032 112.775 2.50852e-10 216 48.5442
0.321437 0 0 0 49.1866
0.322849 100.062 2.16799e-10 126 49.8375
0.324267 93.5918 2.00131e-10 144 50.497
0.325691 83.6925 1.76626e-10 144 51.1652
0.327121 107.199 2.2328e-10 168 51.8423
0.328558 128.638 2.64435e-10 144 52.5283
0.330001 114.48 2.32257e-10 24 53.2234
0.33145 107.576 2.15401e-10 144 53.9277
0.332905 114.923 2.27106e-10 192 54.6413
0.334367 136.978 2.67154e-10 120 55.3644
0.335836 103.017 1.98295e-10 144 56.097
0.337311 146 2.77362e-10 48 56.8393
0.338792 114.394 2.1448e-10 336 57.5915
0.34028 136.92 2.53361e-10 48 58.3536
0.341774 126.261 2.30587e-10 192 59.1257
0.343275 171.267 3.08695e-10 48 59.9081
0.344783 118.95 2.11598e-10 56 60.7009
0.346297 128.102 2.24902e-10 240 61.5041
0.347818 108.869 1.88639e-10 150 62.318
0.349345 128.784 2.20232e-10 240 63.1427
0.35088 117.749 1.98732e-10 84 63.9782
0.35242 116.015 1.93249e-10 144 64.8248
0.353968 111.109 1.82658e-10 168 65.6827
0.355523 136.941 2.22186e-10 144 66.5518
0.357084 136.186 2.18075e-10 240 67.4325
0.358652 133.143 2.10418e-10 24 68.3248
0.360227 125.907 1.96383e-10 336 69.229
0.361809 143.4 2.20746e-10 144 70.1451
0.363398 133.63 2.0302e-10 168 71.0733
0.364994 140.662 2.10913e-10 96 72.0138
0.366597 139.138 2.05903e-10 216 72.9667
0.368207 142.404 2.07984e-10 96 73.9323
0.369824 140.692 2.02801e-10 336 74.9106
0.371448 125.61 1.78696e-10 48 75.9019
0.373079 139.13 1.95345e-10 246 76.9063
0.374718 138.899 1.92473e-10 168 77.924
0.376363 156.46 2.13976e-10 360 78.9552
0.378016 129.835 1.75244e-10 24 80
0.379676 161.426 2.15038e-10 360 81.0586
0.381344 156.056 2.05171e-10 120 82.1312
0.383019 160.541 2.0831e-10 240 83.2181
0.384701 0 0 0 84.3193
0.38639 144.725 1.82915e-10 276 85.4351
0.388087 128.437 1.60209e-10 176 86.5656
0.389791 140.667 1.73173e-10 312 87.7111
0.391503 153.351 1.86322e-10 240 88.8718
0.393223 169.113 2.0279e-10 312 90.0478
0.394949 194.261 2.29904e-10 48 91.2394
0.396684 136.195 1.59078e-10 192 92.4468
0.398426 193.474 2.2303e-10 198 93.6701
0.400176 172.165 1.95874e-10 288 94.9096
0.401933 156.589 1.75827e-10 288 96.1656
0.403698 134.795 1.49378e-10 96 97.4381
0.405471 160.096 1.751e-10 384 98.7275
0.407252 151.362 1.63385e-10 288 100.034
0.40904 168.256 1.79249e-10 192 101.358
0.410837 164.787 1.73261e-10 288 102.699
0.412641 154.275 1.60089e-10 216 104.058
0.414453 167.832 1.71883e-10 240 105.435
0.416273 186.574 1.88582e-10 288 106.83
0.418101 164.186 1.63786e-10 168 108.244
0.419938 180.444 1.77653e-10 336 109.676
0.421782 176.954 1.71942e-10 138 111.127
0.423634 173.386 1.66274e-10 336 112.598
0.425495 205.044 1.94066e-10 432 114.088
0.427363 161.949 1.51276e-10 120 115.598
0.42924 171.515 1.58119e-10 456 117.127
0.431125 159.36 1.44995e-10 152 118.677
0.433018 188.536 1.69301e-10 168 120.248
0.43492 205.047 1.81723e-10 504 121.839
0.43683 217.431 1.90181e-10 336 123.451
0.438748 196.916 1.69988e-10 48 125.085
0.440675 200.292 1.70644e-10 552 126.74
0.442611 249.265 2.09594e-10 264 128.417
0.444554 224.471 1.86281e-10 264 130.117
0.446507 166.592 1.36444e-10 192 131.838
0.448468 202.793 1.63924e-10 534 133.583
0.450437 222.917 1.77838e-10 336 135.351
0.452415 188.26 1.48228e-10 240 137.142
0.454402 197.62 1.53566e-10 264 138.957
0.456398 182.32 1.39826e-10 324 140.795
0.458402 217.673 1.64759e-10 528 142.658
0.460415 214.819 1.60475e-10 336 144.546
0.462437 218.073 1.60778e-10 336 146.459
0.464468 237.879 1.7309e-10 408 148.397
0.466508 237.302 1.70415e-10 216 150.361
0.468557 220.33 1.56161e-10 432 152.351
0.470614 199.212 1.39349e-10 168 154.367
0.472681 244.372 1.68706e-10 462 156.409
0.474757 233.837 1.59325e-10 536 158.479
0.476842 229.822 1.54544e-10 288 160.576
0.478936 261.23 1.7337e-10 384 162.701
0.481039 236.171 1.54692e-10 456 164.854
0.483152 247.548 1.60027e-10 552 167.036
0.485274 249.286 1.59046e-10 336 169.246
0.487405 178.557 1.12432e-10 120 171.486
0.489545 231.405 1.43807e-10 672 173.755
0.491695 221.862 1.36075e-10 300 176.054
0.493855 256.614 1.55334e-10 528 178.384
0.496023 248.518 1.48469e-10 312 180.744
0.498202 250.276 1.47566e-10 510 183.136
0.50039 270.559 1.57442e-10 576 185.559
0.502587 279.837 1.60714e-10 432 188.015
0.504794 231.644 1.31299e-10 384 190.503
0.507011 276.594 1.5473e-10 456 193.024
0.509238 275.026 1.51843e-10 528 195.578
0.511474 269.813 1.4702e-10 528 198.166
0.51372 302.991 1.62942e-10 408 200.788
0.515977 282.651 1.50019e-10 368 203.445
0.518243 300.327 1.57318e-10 600 206.138
0.520518 276.152 1.42766e-10 480 208.865
0.522804 289.643 1.47785e-10 486 211.629
0.5251 266.825 1.34364e-10 480 214.43
0.527406 340.218 1.69085e-10 636 217.267
0.529723 316.443 1.55215e-10 408 220.142
0.532049 292.271 1.41486e-10 696 223.055
0.534386 334.294 1.59716e-10 504 226.007
0.536732 332.011 1.56554e-10 648 228.998
0.539089 309.63 1.44094e-10 504 232.028
0.541457 310.072 1.42415e-10 504 235.099
0.543835 355.817 1.61291e-10 360 238.21
0.546223 342.346 1.53158e-10 606 241.362
0.548622 396.017 1.74855e-10 672 244.556
0.551031 375.18 1.63492e-10 816 247.792
0.553451 342.328 1.47227e-10 624 251.071
0.555882 366.479 1.55556e-10 672 254.393
0.558323 398.17 1.668e-10 576 257.76
0.560775 381.594 1.57768e-10 656 261.17
0.563238 388.431 1.58498e-10 540 264.627
0.565711 399.81 1.6101e-10 480 268.128
0.568196 383.363 1.5237e-10 792 271.676
0.570691 388.06 1.52223e-10 582 275.271
0.573197 443.298 1.7162e-10 744 278.914
0.575715 412.438 1.57587e-10 672 282.605
0.578243 435.737 1.64315e-10 624 286.345
0.580782 418.6 1.55791e-10 888 290.134
0.583333 419.699 1.5416e-10 624 293.973
0.585895 425.894 1.54393e-10 744 297.863
0.588468 422.948 1.51322e-10 624 301.805
0.591052 384.531 1.35781e-10 816 305.798
0.593648 444.242 1.54816e-10 744 309.845
0.596255 462.958 1.59232e-10 510 313.945
0.598873 465.703 1.58084e-10 1020 318.1
0.601503 447.911 1.50059e-10 864 322.309
0.604145 489.507 1.61852e-10 512 326.574
0.606798 480.074 1.5666e-10 1176 330.896
0.609463 495.485 1.59578e-10 768 335.274
0.61214 494.818 1.57282e-10 528 339.711
0.614828 499.383 1.5666e-10 1248 344.206
0.617528 524.646 1.62435e-10 504 348.761
0.62024 525.454 1.60561e-10 624 353.376
