0.500677
2000
3.04789e+06
      753571000
8.39596e-05 0.0331658 0.00262196 6 1.67857e-08
8.43283e-05 0 0 0 1.70079e-08
8.46986e-05 0 0 0 1.72329e-08
8.50706e-05 0 0 0 1.7461e-08
8.54442e-05 0 0 0 1.7692e-08
8.58194e-05 0 0 0 1.79261e-08
8.61963e-05 0 0 0 1.81633e-08
8.65749e-05 0 0 0 1.84037e-08
8.69551e-05 0 0 0 1.86472e-08
8.73369e-05 0 0 0 1.8894e-08
8.77205e-05 0 0 0 1.9144e-08
8.81057e-05 0 0 0 1.93973e-08
8.84927e-05 0 0 0 1.9654e-08
8.88813e-05 0 0 0 1.99141e-08
8.92716e-05 0 0 0 2.01776e-08
8.96637e-05 0 0 0 2.04446e-08
9.00574e-05 0 0 0 2.07152e-08
9.04529e-05 0 0 0 2.09893e-08
9.08502e-05 0 0 0 2.1267e-08
9.12492e-05 0 0 0 2.15485e-08
9.16499e-05 0 0 0 2.18336e-08
9.20524e-05 0 0 0 2.21225e-08
9.24566e-05 0 0 0 2.24153e-08
9.28627e-05 0 0 0 2.27119e-08
9.32705e-05 0 0 0 2.30124e-08
9.36801e-05 0 0 0 2.3317e-08
9.40915e-05 0 0 0 2.36255e-08
9.45047e-05 0 0 0 2.39382e-08
9.49198e-05 0 0 0 2.42549e-08
9.53366e-05 0 0 0 2.45759e-08
9.57553e-05 0 0 0 2.49011e-08
9.61758e-05 0 0 0 2.52306e-08
9.65982e-05 0 0 0 2.55645e-08
9.70224e-05 0 0 0 2.59028e-08
9.74485e-05 0 0 0 2.62455e-08
9.78765e-05 0 0 0 2.65928e-08
9.83063e-05 0 0 0 2.69447e-08
9.8738e-05 0 0 0 2.73013e-08
9.91717e-05 0 0 0 2.76626e-08
9.96072e-05 0 0 0 2.80286e-08
0.000100045 0 0 0 2.83995e-08
0.000100484 0 0 0 2.87753e-08
0.000100925 0 0 0 2.91561e-08
0.000101368 0 0 0 2.95419e-08
0.000101814 0 0 0 2.99329e-08
0.000102261 0 0 0 3.0329e-08
0.00010271 0 0 0 3.07303e-08
0.000103161 0 0 0 3.11369e-08
0.000103614 0 0 0 3.1549e-08
0.000104069 0 0 0 3.19665e-08
0.000104526 0 0 0 3.23895e-08
0.000104985 0 0 0 3.28181e-08
0.000105446 0 0 0 3.32524e-08
0.000105909 0 0 0 3.36924e-08
0.000106374 0 0 0 3.41382e-08
0.000106842 0 0 0 3.459e-08
0.000107311 0 0 0 3.50477e-08
0.000107782 0 0 0 3.55115e-08
0.000108255 0 0 0 3.59814e-08
0.000108731 0 0 0 3.64575e-08
0.000109208 0 0 0 3.694e-08
0.000109688 0 0 0 3.74288e-08
0.00011017 0 0 0 3.79241e-08
0.000110653 0 0 0 3.84259e-08
0.000111139 0 0 0 3.89344e-08
0.000111627 0 0 0 3.94496e-08
0.000112118 0 0 0 3.99717e-08
0.00011261 0 0 0 4.05006e-08
0.000113105 0 0 0 4.10365e-08
0.000113601 0 0 0 4.15796e-08
0.0001141 0 0 0 4.21298e-08
0.000114601 0 0 0 4.26873e-08
0.000115105 0 0 0 4.32522e-08
0.00011561 0 0 0 4.38245e-08
0.000116118 0 0 0 4.44044e-08
0.000116628 0 0 0 4.4992e-08
0.00011714 0 0 0 4.55874e-08
0.000117654 0 0 0 4.61907e-08
0.000118171 0 0 0 4.68019e-08
0.00011869 0.120417 0.00336969 12 4.74212e-08
0.000119211 0 0 0 4.80487e-08
0.000119735 0 0 0 4.86846e-08
0.000120261 0 0 0 4.93288e-08
0.000120789 0 0 0 4.99816e-08
0.000121319 0 0 0 5.0643e-08
0.000121852 0 0 0 5.13131e-08
0.000122387 0 0 0 5.19921e-08
0.000122925 0 0 0 5.26801e-08
0.000123464 0 0 0 5.33772e-08
0.000124007 0 0 0 5.40836e-08
0.000124551 0 0 0 5.47993e-08
0.000125098 0 0 0 5.55244e-08
0.000125648 0 0 0 5.62591e-08
0.000126199 0 0 0 5.70036e-08
0.000126754 0 0 0 5.77579e-08
0.00012731 0 0 0 5.85222e-08
0.000127869 0 0 0 5.92967e-08
0.000128431 0 0 0 6.00813e-08
0.000128995 0 0 0 6.08764e-08
0.000129562 0 0 0 6.16819e-08
0.000130131 0 0 0 6.24982e-08
0.000130702 0 0 0 6.33252e-08
0.000131276 0 0 0 6.41632e-08
0.000131853 0 0 0 6.50122e-08
0.000132432 0 0 0 6.58725e-08
0.000133013 0 0 0 6.67442e-08
0.000133597 0 0 0 6.76274e-08
0.000134184 0 0 0 6.85223e-08
0.000134773 0 0 0 6.94291e-08
0.000135365 0 0 0 7.03478e-08
0.00013596 0 0 0 7.12787e-08
0.000136557 0 0 0 7.2222e-08
0.000137156 0 0 0 7.31777e-08
0.000137759 0 0 0 7.4146e-08
0.000138364 0 0 0 7.51272e-08
0.000138971 0 0 0 7.61213e-08
0.000139582 0 0 0 7.71286e-08
0.000140195 0 0 0 7.81493e-08
0.00014081 0 0 0 7.91834e-08
0.000141429 0 0 0 8.02312e-08
0.00014205 0 0 0 8.12929e-08
0.000142674 0 0 0 8.23687e-08
0.0001433 0 0 0 8.34586e-08
0.00014393 0 0 0 8.4563e-08
0.000144562 0 0 0 8.5682e-08
0.000145197 0.468159 0.007156 8 8.68159e-08
0.000145834 0 0 0 8.79647e-08
0.000146475 0 0 0 8.91287e-08
0.000147118 0 0 0 9.03081e-08
0.000147764 0 0 0 9.15032e-08
0.000148413 0 0 0 9.2714e-08
0.000149065 0 0 0 9.39409e-08
0.000149719 0 0 0 9.5184e-08
0.000150377 0 0 0 9.64436e-08
0.000151037 0 0 0 9.77198e-08
0.000151701 0 0 0 9.90129e-08
0.000152367 0 0 0 1.00323e-07
0.000153036 0 0 0 1.01651e-07
0.000153708 0 0 0 1.02996e-07
0.000154383 0 0 0 1.04359e-07
0.000155061 0 0 0 1.0574e-07
0.000155742 0 0 0 1.07139e-07
0.000156426 0 0 0 1.08557e-07
0.000157113 0 0 0 1.09993e-07
0.000157803 0 0 0 1.11449e-07
0.000158496 0 0 0 1.12924e-07
0.000159192 0 0 0 1.14418e-07
0.000159891 0 0 0 1.15932e-07
0.000160593 0 0 0 1.17466e-07
0.000161299 0 0 0 1.1902e-07
0.000162007 0 0 0 1.20595e-07
0.000162718 0 0 0 1.22191e-07
0.000163433 0 0 0 1.23808e-07
0.000164151 0 0 0 1.25447e-07
0.000164872 0 0 0 1.27107e-07
0.000165596 0 0 0 1.28789e-07
0.000166323 0 0 0 1.30493e-07
0.000167053 0 0 0 1.3222e-07
0.000167787 0.0179661 0.000177961 6 1.33969e-07
0.000168524 0 0 0 1.35742e-07
0.000169264 0 0 0 1.37538e-07
0.000170007 0 0 0 1.39358e-07
0.000170754 0 0 0 1.41202e-07
0.000171504 0 0 0 1.43071e-07
0.000172257 0 0 0 1.44964e-07
0.000173014 0 0 0 1.46882e-07
0.000173773 0 0 0 1.48826e-07
0.000174536 0 0 0 1.50796e-07
0.000175303 0 0 0 1.52791e-07
0.000176073 0 0 0 1.54813e-07
0.000176846 0 0 0 1.56861e-07
0.000177623 0 0 0 1.58937e-07
0.000178403 0 0 0 1.6104e-07
0.000179186 0 0 0 1.63171e-07
0.000179973 0 0 0 1.65331e-07
0.000180764 0 0 0 1.67518e-07
0.000181557 0 0 0 1.69735e-07
0.000182355 0 0 0 1.71981e-07
0.000183156 0 0 0 1.74257e-07
0.00018396 0 0 0 1.76563e-07
0.000184768 0 0 0 1.78899e-07
0.000185579 0 0 0 1.81267e-07
0.000186394 0 0 0 1.83665e-07
0.000187213 0.287713 0.00205163 24 1.86096e-07
0.000188035 0 0 0 1.88558e-07
0.000188861 0 0 0 1.91054e-07
0.00018969 0 0 0 1.93582e-07
0.000190523 0 0 0 1.96143e-07
0.00019136 0 0 0 1.98739e-07
0.0001922 0 0 0 2.01369e-07
0.000193044 0 0 0 2.04034e-07
0.000193892 0 0 0 2.06734e-07
0.000194744 0 0 0 2.09469e-07
0.000195599 0 0 0 2.12241e-07
0.000196458 0 0 0 2.1505e-07
0.000197321 0 0 0 2.17895e-07
0.000198187 0 0 0 2.20779e-07
0.000199058 0 0 0 2.237e-07
0.000199932 0 0 0 2.2666e-07
0.00020081 0 0 0 2.2966e-07
0.000201692 0 0 0 2.32699e-07
0.000202578 0 0 0 2.35778e-07
0.000203467 0 0 0 2.38898e-07
0.000204361 0 0 0 2.42059e-07
0.000205258 0.372687 0.00201646 24 2.45263e-07
0.00020616 0 0 0 2.48508e-07
0.000207065 0 0 0 2.51797e-07
0.000207974 0 0 0 2.55129e-07
0.000208888 0 0 0 2.58505e-07
0.000209805 0 0 0 2.61925e-07
0.000210726 0 0 0 2.65392e-07
0.000211652 0 0 0 2.68903e-07
0.000212581 0 0 0 2.72462e-07
0.000213515 0 0 0 2.76067e-07
0.000214453 0 0 0 2.7972e-07
0.000215394 0 0 0 2.83422e-07
0.00021634 0 0 0 2.87172e-07
0.00021729 0 0 0 2.90972e-07
0.000218245 0 0 0 2.94823e-07
0.000219203 0 0 0 2.98724e-07
0.000220166 0 0 0 3.02677e-07
0.000221133 0 0 0 3.06682e-07
0.000222104 0 0 0 3.10741e-07
0.000223079 0 0 0 3.14853e-07
0.000224059 0 0 0 3.19019e-07
0.000225043 0 0 0 3.23241e-07
0.000226031 0 0 0 3.27518e-07
0.000227024 0 0 0 3.31852e-07
0.000228021 0 0 0 3.36243e-07
0.000229022 0 0 0 3.40693e-07
0.000230028 0 0 0 3.45201e-07
0.000231038 0 0 0 3.49769e-07
0.000232053 0 0 0 3.54398e-07
0.000233072 0 0 0 3.59087e-07
0.000234096 0 0 0 3.63839e-07
0.000235124 0 0 0 3.68654e-07
0.000236156 0 0 0 3.73532e-07
0.000237193 0.428933 0.00150393 12 3.78475e-07
0.000238235 0 0 0 3.83483e-07
0.000239281 0 0 0 3.88558e-07
0.000240332 0 0 0 3.937e-07
0.000241388 0 0 0 3.9891e-07
0.000242448 0 0 0 4.04188e-07
0.000243512 0 0 0 4.09537e-07
0.000244582 0 0 0 4.14956e-07
0.000245656 0 0 0 4.20447e-07
0.000246735 0 0 0 4.26011e-07
0.000247818 0 0 0 4.31648e-07
0.000248907 0 0 0 4.3736e-07
0.00025 0 0 0 4.43148e-07
0.000251098 0.497344 0.00146986 30 4.49012e-07
0.0002522 0 0 0 4.54954e-07
0.000253308 0 0 0 4.60974e-07
0.00025442 0 0 0 4.67074e-07
0.000255538 0 0 0 4.73255e-07
0.00025666 0 0 0 4.79517e-07
0.000257787 0 0 0 4.85863e-07
0.000258919 0 0 0 4.92292e-07
0.000260056 0 0 0 4.98806e-07
0.000261198 0 0 0 5.05407e-07
0.000262345 0 0 0 5.12095e-07
0.000263498 0 0 0 5.18871e-07
0.000264655 0.310689 0.000784211 24 5.25738e-07
0.000265817 0 0 0 5.32695e-07
0.000266984 0 0 0 5.39744e-07
0.000268157 0 0 0 5.46886e-07
0.000269335 0 0 0 5.54123e-07
0.000270517 0 0 0 5.61456e-07
0.000271705 0 0 0 5.68885e-07
0.000272899 0 0 0 5.76413e-07
0.000274097 0 0 0 5.84041e-07
0.000275301 0 0 0 5.91769e-07
0.00027651 0 0 0 5.996e-07
0.000277724 0.37005 0.000808286 24 6.07535e-07
0.000278944 0 0 0 6.15574e-07
0.000280169 0 0 0 6.2372e-07
0.000281399 0 0 0 6.31973e-07
0.000282635 0 0 0 6.40336e-07
0.000283876 0 0 0 6.4881e-07
0.000285123 0 0 0 6.57395e-07
0.000286375 0 0 0 6.66095e-07
0.000287633 0 0 0 6.74909e-07
0.000288896 0 0 0 6.8384e-07
0.000290165 0.456259 0.000873824 8 6.92889e-07
0.000291439 0 0 0 7.02058e-07
0.000292719 0 0 0 7.11348e-07
0.000294004 0 0 0 7.20761e-07
0.000295296 0 0 0 7.30299e-07
0.000296592 0 0 0 7.39963e-07
0.000297895 0 0 0 7.49755e-07
0.000299203 0 0 0 7.59676e-07
0.000300517 0 0 0 7.69729e-07
0.000301837 0.52207 0.000888296 24 7.79915e-07
0.000303163 0 0 0 7.90235e-07
0.000304494 0 0 0 8.00692e-07
0.000305831 0 0 0 8.11288e-07
0.000307174 0 0 0 8.22023e-07
0.000308523 0 0 0 8.32901e-07
0.000309878 0 0 0 8.43923e-07
0.000311239 0 0 0 8.5509e-07
0.000312606 0 0 0 8.66406e-07
0.000313979 0.682627 0.00103188 48 8.77871e-07
0.000315358 0 0 0 8.89488e-07
0.000316743 0 0 0 9.01258e-07
0.000318134 0 0 0 9.13184e-07
0.000319531 0 0 0 9.25268e-07
0.000320934 0 0 0 9.37512e-07
0.000322343 0 0 0 9.49918e-07
0.000323759 0 0 0 9.62488e-07
0.000325181 0 0 0 9.75225e-07
0.000326609 0 0 0 9.8813e-07
0.000328043 0 0 0 1.00121e-06
0.000329484 0 0 0 1.01445e-06
0.000330931 0 0 0 1.02788e-06
0.000332384 0 0 0 1.04148e-06
0.000333844 0 0 0 1.05526e-06
0.00033531 0.305275 0.000378876 6 1.06923e-06
0.000336783 0 0 0 1.08338e-06
0.000338262 0 0 0 1.09771e-06
0.000339747 0 0 0 1.11224e-06
0.000341239 0 0 0 1.12696e-06
0.000342738 0 0 0 1.14187e-06
0.000344243 0 0 0 1.15698e-06
0.000345755 0.530926 0.000601001 48 1.17229e-06
0.000347273 0 0 0 1.1878e-06
0.000348798 0 0 0 1.20352e-06
0.00035033 0 0 0 1.21945e-06
0.000351869 0 0 0 1.23558e-06
0.000353414 0 0 0 1.25193e-06
0.000354966 0.724239 0.000757648 36 1.2685e-06
0.000356525 0 0 0 1.28528e-06
0.000358091 0 0 0 1.30229e-06
0.000359663 0 0 0 1.31953e-06
0.000361243 0 0 0 1.33699e-06
0.000362829 0 0 0 1.35468e-06
0.000364423 0.588584 0.000569034 24 1.37261e-06
0.000366023 0 0 0 1.39077e-06
0.00036763 0 0 0 1.40917e-06
0.000369245 0 0 0 1.42782e-06
0.000370867 0 0 0 1.44671e-06
0.000372495 0 0 0 1.46586e-06
0.000374131 0.810195 0.000723876 24 1.48526e-06
0.000375774 0 0 0 1.50491e-06
0.000377424 0 0 0 1.52482e-06
0.000379082 0 0 0 1.545e-06
0.000380747 0 0 0 1.56545e-06
0.000382419 0 0 0 1.58616e-06
0.000384098 1.19466 0.000986422 48 1.60715e-06
0.000385785 0 0 0 1.62842e-06
0.000387479 0 0 0 1.64997e-06
0.000389181 0 0 0 1.6718e-06
0.00039089 0 0 0 1.69392e-06
0.000392607 1.05376 0.000814727 24 1.71634e-06
0.000394331 0 0 0 1.73905e-06
0.000396063 0 0 0 1.76206e-06
0.000397802 0 0 0 1.78538e-06
0.000399549 0 0 0 1.80901e-06
0.000401304 0 0 0 1.83295e-06
0.000403066 0 0 0 1.8572e-06
0.000404836 0 0 0 1.88178e-06
0.000406614 0 0 0 1.90668e-06
0.0004084 0 0 0 1.93191e-06
0.000410193 1.11087 0.000753083 24 1.95747e-06
0.000411995 0 0 0 1.98338e-06
0.000413804 0 0 0 2.00962e-06
0.000415621 0 0 0 2.03622e-06
0.000417447 0 0 0 2.06316e-06
0.00041928 1.01448 0.000643985 30 2.09046e-06
0.000421121 0 0 0 2.11813e-06
0.000422971 0 0 0 2.14615e-06
0.000424828 0 0 0 2.17455e-06
0.000426694 0.988088 0.000595103 72 2.20333e-06
0.000428568 0 0 0 2.23249e-06
0.00043045 0 0 0 2.26203e-06
0.00043234 0 0 0 2.29196e-06
0.000434239 0 0 0 2.32229e-06
0.000436146 1.11525 0.000628957 32 2.35302e-06
0.000438061 0 0 0 2.38416e-06
0.000439985 0 0 0 2.41571e-06
0.000441918 0 0 0 2.44767e-06
0.000443858 0 0 0 2.48006e-06
0.000445808 0 0 0 2.51288e-06
0.000447765 0 0 0 2.54614e-06
0.000449732 0 0 0 2.57983e-06
0.000451707 0.840932 0.000426911 72 2.61397e-06
0.000453691 0 0 0 2.64856e-06
0.000455683 0 0 0 2.6836e-06
0.000457684 0 0 0 2.71912e-06
0.000459694 0.957709 0.000461288 48 2.7551e-06
0.000461713 0 0 0 2.79156e-06
0.000463741 0 0 0 2.8285e-06
0.000465777 0 0 0 2.86593e-06
0.000467823 0 0 0 2.90385e-06
0.000469877 0 0 0 2.94228e-06
0.000471941 0 0 0 2.98121e-06
0.000474013 0.807265 0.000354642 12 3.02066e-06
0.000476095 0 0 0 3.06063e-06
0.000478186 0 0 0 3.10113e-06
0.000480286 0.926374 0.00039123 48 3.14217e-06
0.000482395 0 0 0 3.18375e-06
0.000484514 0 0 0 3.22588e-06
0.000486642 0 0 0 3.26857e-06
0.000488779 1.05008 0.000420758 48 3.31182e-06
0.000490925 0 0 0 3.35565e-06
0.000493081 0 0 0 3.40005e-06
0.000495247 0.742381 0.000285962 48 3.44504e-06
0.000497422 0 0 0 3.49063e-06
0.000499606 0 0 0 3.53682e-06
0.0005018 0.924931 0.000342502 30 3.58362e-06
0.000504004 0 0 0 3.63105e-06
0.000506217 0 0 0 3.6791e-06
0.00050844 0 0 0 3.72778e-06
0.000510673 0.638702 0.000224396 24 3.77711e-06
0.000512916 0 0 0 3.82709e-06
0.000515169 0 0 0 3.87773e-06
0.000517431 1.17771 0.000397766 72 3.92905e-06
0.000519703 0 0 0 3.98104e-06
0.000521986 0 0 0 4.03372e-06
0.000524278 0 0 0 4.0871e-06
0.000526581 0 0 0 4.14118e-06
0.000528893 1.20666 0.000381615 24 4.19598e-06
0.000531216 0 0 0 4.25151e-06
0.000533549 0 0 0 4.30777e-06
0.000535892 1.45539 0.000442479 96 4.36477e-06
0.000538245 0 0 0 4.42253e-06
0.000540609 0 0 0 4.48105e-06
0.000542983 1.29472 0.00037841 48 4.54035e-06
0.000545368 0 0 0 4.60043e-06
0.000547763 0 0 0 4.66131e-06
0.000550169 0.92666 0.000260363 24 4.72299e-06
0.000552585 0 0 0 4.78549e-06
0.000555011 1.37856 0.000377283 24 4.84882e-06
0.000557449 0 0 0 4.91298e-06
0.000559897 0 0 0 4.97799e-06
0.000562356 1.4836 0.000390327 72 5.04387e-06
0.000564825 0 0 0 5.11061e-06
0.000567306 1.05933 0.000271473 48 5.17824e-06
0.000569797 0 0 0 5.24676e-06
0.0005723 0 0 0 5.31619e-06
0.000574813 0 0 0 5.38654e-06
0.000577337 0 0 0 5.45782e-06
0.000579873 1.28087 0.000307363 8 5.53004e-06
0.00058242 0 0 0 5.60322e-06
0.000584977 0 0 0 5.67737e-06
0.000587546 1.87631 0.000432836 54 5.75249e-06
0.000590127 0 0 0 5.82862e-06
0.000592718 1.82324 0.000409679 84 5.90575e-06
0.000595321 0 0 0 5.9839e-06
0.000597936 1.52094 0.000332886 48 6.06308e-06
0.000600562 0 0 0 6.14331e-06
0.000603199 1.35446 0.000288755 24 6.22461e-06
0.000605848 0 0 0 6.30697e-06
0.000608509 0 0 0 6.39043e-06
0.000611181 1.58665 0.000325174 72 6.475e-06
0.000613865 0 0 0 6.56068e-06
0.000616561 1.62663 0.000324717 96 6.6475e-06
0.000619269 0 0 0 6.73546e-06
0.000621988 0 0 0 6.82459e-06
0.00062472 0 0 0 6.9149e-06
0.000627463 1.19851 0.000226998 48 7.0064e-06
0.000630219 0 0 0 7.09912e-06
0.000632987 1.4857 0.000274089 48 7.19306e-06
0.000635767 0 0 0 7.28825e-06
0.000638559 2.42333 0.000435468 24 7.38469e-06
0.000641363 0 0 0 7.48241e-06
0.00064418 1.38341 0.000242145 72 7.58143e-06
0.000647009 0 0 0 7.68175e-06
0.00064985 0 0 0 7.7834e-06
0.000652704 0 0 0 7.8864e-06
0.00065557 1.38159 0.000229438 72 7.99076e-06
0.000658449 1.62316 0.000266036 96 8.0965e-06
0.000661341 0 0 0 8.20364e-06
0.000664246 0 0 0 8.3122e-06
0.000667163 0 0 0 8.42219e-06
0.000670093 2.13861 0.000332562 6 8.53364e-06
0.000673035 0 0 0 8.64656e-06
0.000675991 1.74737 0.000264671 96 8.76098e-06
0.00067896 0 0 0 8.87692e-06
0.000681942 2.369 0.000349518 96 8.99438e-06
0.000684936 2.53991 0.000369839 24 9.1134e-06
0.000687944 0 0 0 9.234e-06
0.000690966 1.94581 0.00027598 48 9.35619e-06
0.000694 0 0 0 9.48e-06
0.000697048 1.8565 0.000256479 96 9.60545e-06
0.000700109 2.02686 0.000276358 48 9.73256e-06
0.000703184 0 0 0 9.86135e-06
0.000706272 0 0 0 9.99184e-06
0.000709374 2.47963 0.000325019 36 1.01241e-05
0.000712489 0 0 0 1.0258e-05
0.000715618 2.44451 0.000312101 48 1.03938e-05
0.000718761 0 0 0 1.05313e-05
0.000721917 1.621 0.000201589 120 1.06707e-05
0.000725088 1.69798 0.000208404 56 1.08119e-05
0.000728272 0 0 0 1.0955e-05
0.00073147 3.04457 0.000363984 24 1.10999e-05
0.000734682 2.1195 0.00025008 96 1.12468e-05
0.000737909 0 0 0 1.13956e-05
0.00074115 2.0305 0.000233363 48 1.15464e-05
0.000744404 0 0 0 1.16992e-05
0.000747674 0 0 0 1.1854e-05
0.000750957 1.58814 0.000175464 24 1.20109e-05
0.000754255 2.22095 0.000242175 102 1.21698e-05
0.000757567 2.34034 0.000251861 48 1.23309e-05
0.000760894 0 0 0 1.2494e-05
0.000764236 2.28023 0.000239024 72 1.26594e-05
0.000767592 2.25101 0.000232879 48 1.28269e-05
0.000770963 2.50288 0.000255555 48 1.29966e-05
0.000774349 0 0 0 1.31686e-05
0.00077775 2.10335 0.000209188 120 1.33429e-05
0.000781165 0 0 0 1.35194e-05
0.000784596 1.30387 0.000126311 24 1.36983e-05
0.000788042 0 0 0 1.38796e-05
0.000791502 2.23381 0.000210783 144 1.40633e-05
0.000794978 2.35303 0.000219132 120 1.42494e-05
0.00079847 2.50731 0.000230451 48 1.44379e-05
0.000801976 0 0 0 1.4629e-05
0.000805498 0 0 0 1.48226e-05
0.000809036 2.36982 0.000209392 48 1.50187e-05
0.000812589 2.20118 0.00019195 96 1.52175e-05
0.000816157 0 0 0 1.54188e-05
0.000819742 2.84808 0.000241917 24 1.56229e-05
0.000823342 2.10662 0.0001766 48 1.58296e-05
0.000826957 0 0 0 1.60391e-05
0.000830589 2.50489 0.000204539 108 1.62513e-05
0.000834237 2.94183 0.00023708 72 1.64664e-05
0.0008379 2.17502 0.000172994 30 1.66843e-05
0.00084158 2.84634 0.000223432 168 1.6905e-05
0.000845276 3.34397 0.000259067 48 1.71287e-05
0.000848988 0 0 0 1.73554e-05
0.000852717 2.4325 0.000183563 72 1.75851e-05
0.000856461 0 0 0 1.78178e-05
0.000860223 2.08748 0.000153439 96 1.80536e-05
0.000864001 1.84172 0.000133607 72 1.82925e-05
0.000867795 2.55907 0.000183221 72 1.85345e-05
0.000871606 1.30779 9.24107e-05 32 1.87798e-05
0.000875434 3.14605 0.000219402 72 1.90283e-05
0.000879278 3.22274 0.000221815 144 1.92801e-05
0.00088314 0 0 0 1.95352e-05
0.000887018 0 0 0 1.97937e-05
0.000890914 2.98493 0.000197503 96 2.00557e-05
0.000894826 2.6202 0.000171106 96 2.0321e-05
0.000898756 2.72739 0.000175779 48 2.059e-05
0.000902703 2.49878 0.000158942 72 2.08624e-05
0.000906667 2.98684 0.000187506 120 2.11385e-05
0.000910649 3.11725 0.000193136 72 2.14182e-05
0.000914648 0 0 0 2.17016e-05
0.000918665 3.50382 0.000211454 48 2.19888e-05
0.0009227 2.80139 0.000166855 78 2.22798e-05
0.000926752 2.82392 0.000166 120 2.25746e-05
0.000930822 3.47004 0.000201317 48 2.28733e-05
0.00093491 3.23743 0.000185369 144 2.3176e-05
0.000939015 2.98673 0.000168781 144 2.34827e-05
0.000943139 0 0 0 2.37934e-05
0.000947281 1.94267 0.000106932 12 2.41083e-05
0.000951441 3.44229 0.000187002 144 2.44273e-05
0.00095562 3.49265 0.00018726 48 2.47506e-05
0.000959816 3.59882 0.000190433 120 2.50781e-05
0.000964032 3.67714 0.000192036 48 2.54099e-05
0.000968265 3.18806 0.00016432 216 2.57462e-05
0.000972518 0 0 0 2.60869e-05
0.000976789 2.50657 0.000125841 48 2.64321e-05
0.000981078 3.76386 0.000186496 96 2.67819e-05
0.000985387 2.6047 0.000127375 96 2.71363e-05
0.000989714 3.36312 0.000162315 120 2.74954e-05
0.000994061 4.20758 0.000200419 96 2.78592e-05
0.000998426 3.88937 0.000182842 48 2.82279e-05
0.00100281 0 0 0 2.86014e-05
0.00100721 4.25386 0.000194788 126 2.89799e-05
0.00101164 3.82652 0.000172932 192 2.93634e-05
0.00101608 4.10946 0.000183293 56 2.97519e-05
0.00102054 4.37104 0.000192414 192 3.01456e-05
0.00102503 4.3814 0.000190351 120 3.05445e-05
0.00102953 0 0 0 3.09487e-05
0.00103405 3.78764 0.000160285 216 3.13583e-05
0.00103859 3.72924 0.000155753 96 3.17732e-05
0.00104315 3.96983 0.000163636 96 3.21937e-05
0.00104773 4.98054 0.000202615 72 3.26197e-05
0.00105233 3.04371 0.000122205 96 3.30513e-05
0.00105695 0 0 0 3.34887e-05
0.0010616 3.74421 0.00014643 216 3.39319e-05
0.00106626 4.05235 0.00015641 108 3.43809e-05
0.00107094 4.63573 0.000176591 120 3.48358e-05
0.00107564 3.69101 0.000138767 96 3.52968e-05
0.00108037 4.82754 0.000179125 120 3.57639e-05
0.00108511 5.08097 0.000186067 48 3.62371e-05
0.00108988 4.27097 0.000154362 78 3.67167e-05
0.00109466 3.82458 0.000136423 264 3.72025e-05
0.00109947 4.33528 0.00015262 24 3.76948e-05
0.0011043 4.07657 0.000141638 312 3.81936e-05
0.00110915 3.65382 0.000125292 24 3.86991e-05
0.00111402 5.37748 0.000181989 48 3.92112e-05
0.00111891 4.30812 0.000143895 216 3.973e-05
0.00112383 4.25175 0.000140157 72 4.02558e-05
0.00112876 4.45171 0.000144832 264 4.07885e-05
0.00113372 0 0 0 4.13282e-05
0.0011387 4.33508 0.000137378 240 4.18751e-05
0.0011437 4.35702 0.00013627 192 4.24292e-05
0.00114872 0 0 0 4.29907e-05
0.00115377 4.64061 0.000141373 240 4.35596e-05
0.00115883 4.50334 0.0001354 8 4.4136e-05
0.00116392 3.19593 9.48354e-05 48 4.47201e-05
0.00116903 5.16295 0.000151204 336 4.53118e-05
0.00117417 4.3121 0.000124636 174 4.59114e-05
0.00117932 4.0482 0.00011548 120 4.6519e-05
0.0011845 3.57973 0.000100783 84 4.71346e-05
0.00118971 5.67995 0.000157824 216 4.77583e-05
0.00119493 5.91759 0.000162279 144 4.83903e-05
0.00120018 5.66875 0.000153425 336 4.90306e-05
0.00120545 0 0 0 4.96794e-05
0.00121074 4.8364 0.000127501 264 5.03368e-05
0.00121606 5.81359 0.00015126 168 5.10029e-05
0.0012214 5.03036 0.000129173 168 5.16778e-05
0.00122676 7.89582 0.000200106 72 5.23617e-05
0.00123215 5.89436 0.000147431 192 5.30546e-05
0.00123756 6.61687 0.000163341 216 5.37566e-05
0.001243 6.39962 0.000155915 192 5.4468e-05
0.00124846 5.45078 0.000131064 144 5.51888e-05
0.00125394 4.8954 0.000116173 198 5.59191e-05
0.00125945 6.18842 0.000144939 96 5.6659e-05
0.00126498 7.01439 0.000162139 168 5.74088e-05
0.00127053 5.70759 0.000130209 360 5.81685e-05
0.00127611 7.41744 0.000167006 168 5.89382e-05
0.00128172 6.1701 0.000137108 264 5.97181e-05
0.00128735 6.03709 0.0001324 216 6.05084e-05
0.001293 6.3694 0.000137864 96 6.13091e-05
0.00129868 6.1285 0.000130917 144 6.21204e-05
0.00130438 5.90402 0.000124475 236 6.29424e-05
0.00131011 5.08925 0.000105895 240 6.37753e-05
0.00131586 5.33052 0.000109467 144 6.46192e-05
0.00132164 5.70142 0.000115555 240 6.54743e-05
0.00132745 6.317 0.000126359 312 6.63408e-05
0.00133328 5.97347 0.000117927 240 6.72186e-05
0.00133913 10.6261 0.000207038 6 6.81081e-05
0.00134501 6.2455 0.000120098 288 6.90094e-05
0.00135092 7.47217 0.000141809 408 6.99226e-05
0.00135685 6.71339 0.000125745 72 7.08479e-05
0.00136281 7.33539 0.000135601 192 7.17854e-05
0.0013688 5.96108 0.000108757 312 7.27353e-05
0.00137481 6.33744 0.000114113 456 7.36978e-05
0.00138084 5.28262 9.38775e-05 48 7.4673e-05
0.00138691 7.71542 0.00013532 360 7.56612e-05
0.001393 6.05153 0.000104751 168 7.66624e-05
0.00139912 7.13074 0.00012182 216 7.76769e-05
0.00140526 6.79561 0.000114579 336 7.87047e-05
0.00141143 7.03702 0.000117099 264 7.97462e-05
0.00141763 5.4679 8.98001e-05 144 8.08015e-05
0.00142386 7.49777 0.000121529 378 8.18707e-05
0.00143011 7.20342 0.000115233 144 8.29541e-05
0.00143639 7.86976 0.000124248 384 8.40518e-05
0.0014427 7.44145 0.000115952 312 8.51641e-05
0.00144903 7.51408 0.000115554 320 8.62911e-05
0.0014554 7.56552 0.000114826 240 8.74329e-05
0.00146179 7.10945 0.000106495 216 8.85899e-05
0.00146821 6.98053 0.000103198 408 8.97622e-05
0.00147466 7.4786 0.000109117 240 9.095e-05
0.00148113 8.96088 0.000129037 144 9.21536e-05
0.00148764 8.51956 0.00012108 456 9.3373e-05
0.00149417 8.04939 0.000112904 264 9.46086e-05
0.00150073 7.9984 0.000110723 360 9.58606e-05
0.00150732 7.2602 9.91916e-05 366 9.71291e-05
0.00151394 8.35485 0.000112656 312 9.84144e-05
0.00152059 8.33033 0.000110859 384 9.97167e-05
0.00152727 9.15122 0.000120193 264 0.000101036
0.00153398 8.66483 0.000112318 192 0.000102373
0.00154071 7.85066 0.000100435 420 0.000103728
0.00154748 8.72856 0.000110208 600 0.000105101
0.00155428 9.43758 0.000117604 216 0.000106491
0.0015611 8.1182 9.98417e-05 240 0.0001079
0.00156796 8.02756 9.74376e-05 408 0.000109328
0.00157484 8.12341 9.73133e-05 408 0.000110775
0.00158176 9.87751 0.000116781 408 0.000112241
0.00158871 9.90174 0.000115539 246 0.000113726
0.00159568 8.76877 0.000100982 368 0.000115231
0.00160269 8.76081 9.95729e-05 384 0.000116756
0.00160973 8.92457 0.000100109 432 0.000118301
0.0016168 9.94341 0.000110081 696 0.000119866
0.0016239 8.41972 9.19956e-05 288 0.000121453
0.00163103 9.10315 9.81639e-05 264 0.00012306
0.00163819 10.7082 0.000113963 360 0.000124688
0.00164539 9.1188 9.57808e-05 456 0.000126338
0.00165261 9.88776 0.000102501 504 0.00012801
0.00165987 9.55003 9.77074e-05 372 0.000129704
0.00166716 9.43328 9.52524e-05 336 0.00013142
0.00167448 9.56572 9.53283e-05 510 0.000133159
0.00168184 9.94947 9.78576e-05 408 0.000134921
0.00168922 10.6603 0.00010348 456 0.000136707
0.00169664 9.59284 9.19017e-05 528 0.000138516
0.00170409 9.51863 8.99998e-05 480 0.000140349
0.00171158 10.7755 0.000100553 528 0.000142206
0.00171909 11.0968 0.000102199 336 0.000144088
0.00172664 10.7177 9.74182e-05 696 0.000145995
0.00173422 10.826 9.71172e-05 456 0.000147926
0.00174184 11.7517 0.000104045 464 0.000149884
0.00174949 11.1512 9.74393e-05 504 0.000151867
0.00175717 9.62112 8.29713e-05 414 0.000153877
0.00176489 10.2742 8.74462e-05 312 0.000155913
0.00177264 11.908 0.000100028 624 0.000157976
0.00178043 11.8552 9.82841e-05 636 0.000160067
0.00178824 11.1498 9.12285e-05 360 0.000162185
0.0017961 12.1735 9.83044e-05 912 0.000164331
0.00180399 12.1819 9.70875e-05 360 0.000166506
0.00181191 12.8032 0.000100706 576 0.000168709
0.00181987 12.1501 9.43212e-05 456 0.000170942
0.00182786 12.9165 9.8961e-05 672 0.000173204
0.00183589 12.3871 9.36651e-05 480 0.000175496
0.00184395 11.9392 8.90995e-05 726 0.000177818
0.00185205 13.0362 9.6016e-05 528 0.000180171
0.00186018 13.7685 0.000100085 744 0.000182555
0.00186835 15.0698 0.000108114 456 0.000184971
0.00187655 12.316 8.7203e-05 504 0.000187419
0.00188479 13.8299 9.66436e-05 680 0.000189899
0.00189307 14.8403 0.00010235 564 0.000192412
0.00190139 14.9515 0.00010177 816 0.000194958
0.00190974 13.9673 9.38294e-05 624 0.000197538
0.00191812 14.0142 9.29151e-05 744 0.000200152
0.00192655 14.3713 9.40378e-05 750 0.0002028
0.00193501 17.2101 0.000111143 432 0.000205484
0.00194351 16.1007 0.00010262 648 0.000208203
0.00195204 14.4663 9.09994e-05 840 0.000210958
0.00196061 15.359 9.5353e-05 984 0.00021375
0.00196922 16.1306 9.88349e-05 456 0.000216578
0.00197787 16.8991 0.000102192 672 0.000219444
0.00198656 15.2033 9.07363e-05 648 0.000222348
0.00199528 15.8502 9.33616e-05 936 0.00022529
0.00200404 16.2921 9.47114e-05 696 0.000228272
0.00201285 17.3497 9.95419e-05 522 0.000231292
0.00202168 17.2758 9.78237e-05 816 0.000234353
0.00203056 17.6311 9.85318e-05 1160 0.000237454
0.00203948 19.2643 0.000106253 792 0.000240596
0.00204844 16.2646 8.85361e-05 528 0.00024378
0.00205743 18.5271 9.95349e-05 960 0.000247006
0.00206647 17.3462 9.19735e-05 792 0.000250275
0.00207554 19.7137 0.000103162 768 0.000253586
0.00208466 18.0318 9.31279e-05 888 0.000256942
0.00209381 17.8584 9.10276e-05 795 0.000260342
0.00210301 19.5013 9.81037e-05 804 0.000263787
0.00211225 18.9149 9.39112e-05 984 0.000267278
0.00212152 21.8845 0.000107236 768 0.000270815
0.00213084 21.1166 0.000102122 708 0.000274398
0.0021402 21.7434 0.00010378 996 0.000278029
0.0021496 20.878 9.83477e-05 960 0.000281709
0.00215904 21.2737 9.89029e-05 1056 0.000285436
0.00216852 20.6955 9.49583e-05 312 0.000289214
0.00217804 22.4308 0.000101576 1184 0.000293041
0.00218761 20.1026 8.98442e-05 648 0.000296918
0.00219721 21.7138 9.57777e-05 1020 0.000300848
0.00220686 22.9023 9.97007e-05 672 0.000304829
0.00221655 21.3753 9.18382e-05 1068 0.000308862
0.00222629 23.92 0.000101429 780 0.000312949
0.00223607 22 9.20695e-05 936 0.000317091
0.00224589 24.2433 0.000100132 576 0.000321287
0.00225575 22.5869 9.20725e-05 972 0.000325538
0.00226566 22.4665 9.03859e-05 1104 0.000329846
0.00227561 22.1175 8.78195e-05 816 0.000334211
0.0022856 27.4653 0.000107629 708 0.000338633
0.00229564 25.7916 9.97506e-05 804 0.000343115
0.00230572 24.4248 9.32307e-05 648 0.000347655
0.00231584 25.9747 9.78518e-05 864 0.000352255
0.00232601 25.2979 9.40576e-05 1148 0.000356917
0.00233623 26.3919 9.68434e-05 840 0.00036164
0.00234649 25.0135 9.05869e-05 540 0.000366425
0.00235679 26.5344 9.48399e-05 876 0.000371274
0.00236714 27.9495 9.85929e-05 732 0.000376187
0.00237754 28.396 9.88598e-05 768 0.000381165
0.00238798 25.751 8.84804e-05 840 0.000386209
0.00239847 29.7923 0.00010103 948 0.00039132
0.002409 26.9161 9.00839e-05 804 0.000396498
0.00241958 30.515 0.000100795 696 0.000401745
0.00243021 27.4766 8.95734e-05 840 0.000407061
0.00244088 28.4328 9.14801e-05 780 0.000412448
0.0024516 33.0469 0.000104937 744 0.000417906
0.00246237 30.0051 9.40336e-05 836 0.000423436
0.00247318 33.6317 0.000104023 816 0.000429039
0.00248404 32.1535 9.81517e-05 696 0.000434716
0.00249495 32.5297 9.80032e-05 720 0.000440469
0.00250591 33.8843 0.000100751 672 0.000446298
0.00251691 32.8714 9.64629e-05 936 0.000452203
0.00252797 35.6303 0.000103194 600 0.000458187
0.00253907 36.0894 0.000103158 744 0.00046425
0.00255022 33.9361 9.57363e-05 744 0.000470394
0.00256142 40.7808 0.000113543 624 0.000476618
0.00257267 37.4346 0.000102865 888 0.000482926
0.00258396 35.8149 9.71294e-05 756 0.000489316
0.00259531 34.2457 9.16608e-05 396 0.000495791
0.00260671 40.3812 0.000106671 740 0.000502352
0.00261816 39.9126 0.000104056 744 0.000508999
0.00262966 36.8421 9.47969e-05 756 0.000515735
0.0026412 42.4974 0.00010792 648 0.00052256
0.0026528 46.9485 0.000117667 480 0.000529475
0.00266445 44.3547 0.000109714 624 0.000536481
0.00267615 47.2041 0.000115237 612 0.00054358
0.00268791 47.6119 0.000114715 732 0.000550773
0.00269971 50.5458 0.000120193 600 0.000558062
0.00271157 45.768 0.00010741 552 0.000565446
0.00272348 46.7832 0.000108359 612 0.000572929
0.00273544 50.9029 0.000116361 684 0.00058051
0.00274745 47.471 0.000107099 468 0.000588192
0.00275952 50.9254 0.000113392 464 0.000595976
0.00277163 54.939 0.000120731 648 0.000603862
0.00278381 54.9727 0.000119227 540 0.000611853
0.00279603 64.6412 0.000138366 408 0.000619949
0.00280831 52.4871 0.000110882 504 0.000628153
0.00282064 54.445 0.000113517 444 0.000636465
0.00283303 56.9679 0.000117226 480 0.000644888
0.00284547 59.2769 0.000120384 456 0.000653421
0.00285797 60.0044 0.00012027 408 0.000662068
0.00287052 47.8109 9.45782e-05 480 0.000670829
0.00288313 65.0495 0.000126998 408 0.000679706
0.00289579 60.9606 0.000117461 200 0.000688701
0.00290851 67.2753 0.000127936 576 0.000697814
0.00292128 65.0566 0.000122101 312 0.000707048
0.00293411 69.7348 0.000129172 360 0.000716404
0.00294699 81.0324 0.000148138 264 0.000725885
0.00295994 61.9303 0.000111738 345 0.00073549
0.00297293 70.0137 0.000124673 252 0.000745223
0.00298599 75.2023 0.000132164 312 0.000755084
0.0029991 56.3344 9.77113e-05 246 0.000765076
0.00301228 57.4401 9.83279e-05 216 0.0007752
0.0030255 69.4339 0.000117307 246 0.000785458
0.00303879 87.4488 0.000145813 150 0.000795852
0.00305214 69.323 0.00011408 278 0.000806384
0.00306554 73.9043 0.000120031 168 0.000817054
0.003079 85.1513 0.000136492 210 0.000827866
0.00309252 77.2224 0.000122166 120 0.000838821
0.00310611 70.4686 0.000110025 246 0.000849921
0.00311975 74.9793 0.000115539 120 0.000861168
0.00313345 92.0379 0.000139973 102 0.000872564
0.00314721 69.3059 0.000104025 192 0.000884111
0.00316103 75.0938 0.000111241 186 0.00089581
0.00317491 104.526 0.000152818 48 0.000907664
0.00318886 93.4658 0.000134863 86 0.000919675
0.00320286 74.2302 0.000105709 192 0.000931845
0.00321693 118.674 0.000166793 78 0.000944176
0.00323105 116.35 0.000161392 24 0.00095667
0.00324524 96.6202 0.000132273 162 0.00096933
0.00325949 89.7368 0.000121246 72 0.000982157
0.00327381 93.8912 0.000125202 24 0.000995153
0.00328819 102.223 0.000134532 102 0.00100832
0.00330263 116.665 0.000151534 72 0.00102167
0.00331713 122.872 0.00015751 30 0.00103518
0.0033317 82.0302 0.000103782 8 0.00104888
0.00334633 132.498 0.000165443 132 0.00106276
0.00336103 93.5131 0.00011524 6 0.00107683
0.00337579 0 0 0 0.00109108
0.00339061 138.109 0.000165781 96 0.00110551
0.0034055 215.92 0.000255797 6 0.00112014
0.00342046 0 0 0 0.00113497
0.00343548 154.898 0.000178744 60 0.00114998
0.00345057 61.0342 6.95101e-05 6 0.0011652
0.00346572 0 0 0 0.00118062
0.00348094 109.929 0.000121946 38 0.00119624
0.00349623 0 0 0 0.00121207
0.00351158 0 0 0 0.00122811
0.003527 193.752 0.000206621 18 0.00124436
0.00354249 0 0 0 0.00126083
0.00355805 0 0 0 0.00127752
0.00357368 105.791 0.000108455 6 0.00129442
0.00358937 0 0 0 0.00131155
0.00360513 0 0 0 0.00132891
0.00362097 5.626 5.54463e-06 1 0.00134649
0.00363687 0 0 0 0.00136431
0.00365284 0 0 0 0.00138236
0.00366888 0 0 0 0.00140065
0.00368499 0 0 0 0.00141919
0.00370118 0 0 0 0.00143797
0.00371743 0 0 0 0.001457
0.00373376 0 0 0 0.00147628
0.00375015 0 0 0 0.00149581
0.00376662 0 0 0 0.00151561
0.00378317 0 0 0 0.00153566
0.00379978 0 0 0 0.00155598
0.00381647 0 0 0 0.00157657
0.00383323 0 0 0 0.00159744
0.00385006 0 0 0 0.00161858
0.00386697 0 0 0 0.00163999
0.00388395 0 0 0 0.0016617
0.00390101 0 0 0 0.00168368
0.00391814 0 0 0 0.00170596
0.00393535 0 0 0 0.00172854
0.00395263 0 0 0 0.00175141
0.00396999 0 0 0 0.00177459
0.00398742 0 0 0 0.00179807
0.00400494 0 0 0 0.00182187
0.00402252 0 0 0 0.00184597
0.00404019 0 0 0 0.0018704
0.00405793 0 0 0 0.00189515
0.00407575 0 0 0 0.00192023
0.00409365 0 0 0 0.00194564
0.00411163 0 0 0 0.00197139
0.00412969 0 0 0 0.00199747
0.00414782 0 0 0 0.00202391
0.00416604 0 0 0 0.00205069
0.00418433 0 0 0 0.00207783
0.00420271 0 0 0 0.00210532
0.00422117 0 0 0 0.00213318
0.00423971 0 0 0 0.00216141
0.00425832 0 0 0 0.00219001
0.00427703 0 0 0 0.00221899
0.00429581 0 0 0 0.00224835
0.00431467 0 0 0 0.00227811
0.00433362 0 0 0 0.00230825
0.00435265 0 0 0 0.0023388
0.00437177 0 0 0 0.00236975
0.00439097 0 0 0 0.0024011
0.00441025 0 0 0 0.00243288
0.00442962 0 0 0 0.00246507
0.00444907 0 0 0 0.00249769
0.00446861 0 0 0 0.00253074
0.00448824 0 0 0 0.00256423
0.00450795 0 0 0 0.00259816
0.00452775 0 0 0 0.00263255
0.00454763 0 0 0 0.00266738
0.0045676 0 0 0 0.00270268
0.00458766 0 0 0 0.00273844
0.00460781 0 0 0 0.00277468
0.00462804 0 0 0 0.0028114
0.00464837 0 0 0 0.0028486
0.00466878 0 0 0 0.0028863
0.00468929 0 0 0 0.00292449
0.00470988 0 0 0 0.00296319
0.00473056 0 0 0 0.0030024
0.00475134 0 0 0 0.00304213
0.00477221 0 0 0 0.00308239
0.00479316 0 0 0 0.00312318
0.00481421 0 0 0 0.0031645
0.00483536 0 0 0 0.00320638
0.00485659 0 0 0 0.00324881
0.00487792 0 0 0 0.0032918
0.00489934 0 0 0 0.00333536
0.00492086 0 0 0 0.0033795
0.00494247 0 0 0 0.00342422
0.00496417 0 0 0 0.00346953
0.00498597 0 0 0 0.00351544
0.00500787 0 0 0 0.00356196
0.00502986 0 0 0 0.0036091
0.00505195 0 0 0 0.00365685
0.00507414 0 0 0 0.00370525
0.00509642 0 0 0 0.00375428
0.0051188 0 0 0 0.00380396
0.00514128 0 0 0 0.00385429
0.00516386 0 0 0 0.0039053
0.00518654 0 0 0 0.00395698
0.00520932 0 0 0 0.00400934
0.0052322 0 0 0 0.00406239
0.00525517 0 0 0 0.00411615
0.00527825 0 0 0 0.00417062
0.00530143 0 0 0 0.00422581
0.00532472 0 0 0 0.00428173
0.0053481 0 0 0 0.00433839
0.00537159 0 0 0 0.0043958
0.00539518 0 0 0 0.00445396
0.00541887 0 0 0 0.0045129
0.00544267 0 0 0 0.00457262
0.00546657 0 0 0 0.00463313
0.00549058 0 0 0 0.00469444
0.00551469 0 0 0 0.00475656
0.00553891 0 0 0 0.0048195
0.00556323 0 0 0 0.00488328
0.00558766 0 0 0 0.0049479
0.0056122 0 0 0 0.00501338
0.00563685 0 0 0 0.00507972
0.00566161 0 0 0 0.00514694
0.00568647 0 0 0 0.00521504
0.00571144 0 0 0 0.00528405
0.00573653 0 0 0 0.00535398
0.00576172 0 0 0 0.00542483
0.00578702 0 0 0 0.00549661
0.00581244 0 0 0 0.00556935
0.00583796 0 0 0 0.00564305
0.0058636 0 0 0 0.00571772
0.00588935 0 0 0 0.00579338
0.00591521 0 0 0 0.00587005
0.00594119 0 0 0 0.00594772
0.00596728 0 0 0 0.00602643
0.00599349 0 0 0 0.00610618
0.00601981 0 0 0 0.00618698
0.00604625 0 0 0 0.00626885
0.0060728 0 0 0 0.0063518
0.00609947 0 0 0 0.00643586
0.00612626 0 0 0 0.00652102
0.00615316 0 0 0 0.00660731
0.00618018 0 0 0 0.00669475
0.00620733 0 0 0 0.00678334
0.00623459 0 0 0 0.0068731
0.00626197 0 0 0 0.00696405
0.00628947 0 0 0 0.00705621
0.00631709 0 0 0 0.00714958
0.00634483 0 0 0 0.00724419
0.00637269 0 0 0 0.00734005
0.00640068 0 0 0 0.00743718
0.00642879 0 0 0 0.0075356
0.00645702 0 0 0 0.00763531
0.00648538 0 0 0 0.00773635
0.00651386 0 0 0 0.00783872
0.00654247 0 0 0 0.00794245
0.0065712 0 0 0 0.00804755
0.00660006 0 0 0 0.00815405
0.00662904 0 0 0 0.00826195
0.00665816 0 0 0 0.00837128
0.0066874 0 0 0 0.00848205
0.00671676 0 0 0 0.0085943
0.00674626 0 0 0 0.00870802
0.00677589 0 0 0 0.00882325
0.00680565 0 0 0 0.00894001
0.00683553 0 0 0 0.00905831
0.00686555 0 0 0 0.00917818
0.00689571 0 0 0 0.00929964
0.00692599 0 0 0 0.0094227
0.0069564 0 0 0 0.00954739
0.00698696 0 0 0 0.00967372
0.00701764 0 0 0 0.00980174
0.00704846 0 0 0 0.00993144
0.00707941 0 0 0 0.0100629
0.0071105 0 0 0 0.010196
0.00714173 0 0 0 0.0103309
0.00717309 0 0 0 0.0104677
0.0072046 0 0 0 0.0106062
0.00723624 0 0 0 0.0107465
0.00726801 0 0 0 0.0108887
0.00729993 0 0 0 0.0110328
0.00733199 0 0 0 0.0111788
0.00736419 0 0 0 0.0113267
0.00739653 0 0 0 0.0114766
0.00742901 0 0 0 0.0116285
0.00746164 0 0 0 0.0117824
0.00749441 0 0 0 0.0119383
0.00752732 0 0 0 0.0120963
0.00756038 0 0 0 0.0122563
0.00759358 0 0 0 0.0124185
0.00762693 0 0 0 0.0125829
0.00766042 0 0 0 0.0127494
0.00769407 0 0 0 0.0129181
0.00772786 0 0 0 0.013089
0.00776179 0 0 0 0.0132622
0.00779588 0 0 0 0.0134377
0.00783012 0 0 0 0.0136155
0.0078645 0 0 0 0.0137957
0.00789904 0 0 0 0.0139783
0.00793373 0 0 0 0.0141632
0.00796857 0 0 0 0.0143507
0.00800357 0 0 0 0.0145406
0.00803872 0 0 0 0.014733
0.00807402 0 0 0 0.0149279
0.00810948 0 0 0 0.0151255
0.00814509 0 0 0 0.0153256
0.00818086 0 0 0 0.0155284
0.00821679 0 0 0 0.0157339
0.00825288 0 0 0 0.0159421
0.00828912 0 0 0 0.0161531
0.00832552 0 0 0 0.0163668
0.00836209 0 0 0 0.0165834
0.00839881 0 0 0 0.0168029
0.00843569 0 0 0 0.0170252
0.00847274 0 0 0 0.0172505
0.00850995 0 0 0 0.0174788
0.00854732 0 0 0 0.0177101
0.00858486 0 0 0 0.0179444
0.00862256 0 0 0 0.0181819
0.00866043 0 0 0 0.0184225
0.00869846 0 0 0 0.0186663
0.00873666 0 0 0 0.0189133
0.00877503 0 0 0 0.0191635
0.00881357 0 0 0 0.0194171
0.00885227 0 0 0 0.0196741
0.00889115 0 0 0 0.0199344
0.0089302 0 0 0 0.0201982
0.00896941 0 0 0 0.0204655
0.0090088 0 0 0 0.0207363
0.00904837 0 0 0 0.0210107
0.00908811 0 0 0 0.0212887
0.00912802 0 0 0 0.0215704
0.0091681 0 0 0 0.0218559
0.00920837 0 0 0 0.0221451
0.00924881 0 0 0 0.0224381
0.00928942 0 0 0 0.0227351
0.00933022 0 0 0 0.0230359
0.0093712 0 0 0 0.0233407
0.00941235 0 0 0 0.0236496
0.00945369 0 0 0 0.0239626
0.0094952 0 0 0 0.0242797
0.0095369 0 0 0 0.024601
0.00957879 0 0 0 0.0249265
0.00962085 0 0 0 0.0252563
0.0096631 0 0 0 0.0255906
0.00970554 0 0 0 0.0259292
0.00974816 0 0 0 0.0262723
0.00979097 0 0 0 0.02662
0.00983397 0 0 0 0.0269722
0.00987716 0 0 0 0.0273291
0.00992054 0 0 0 0.0276908
0.0099641 0 0 0 0.0280572
0.0100079 0 0 0 0.0284285
0.0100518 0 0 0 0.0288047
0.010096 0 0 0 0.0291859
0.0101403 0 0 0 0.0295721
0.0101848 0 0 0 0.0299634
0.0102296 0 0 0 0.0303599
0.0102745 0 0 0 0.0307616
0.0103196 0 0 0 0.0311687
0.0103649 0 0 0 0.0315812
0.0104104 0 0 0 0.0319991
0.0104562 0 0 0 0.0324225
0.0105021 0 0 0 0.0328515
0.0105482 0 0 0 0.0332863
0.0105945 0 0 0 0.0337267
0.0106411 0 0 0 0.034173
0.0106878 0 0 0 0.0346252
0.0107347 0 0 0 0.0350834
0.0107819 0 0 0 0.0355477
0.0108292 0 0 0 0.0360181
0.0108768 0 0 0 0.0364947
0.0109245 0 0 0 0.0369776
0.0109725 0 0 0 0.037467
0.0110207 0 0 0 0.0379628
0.0110691 0 0 0 0.0384651
0.0111177 0 0 0 0.0389741
0.0111665 0 0 0 0.0394899
0.0112156 0 0 0 0.0400124
0.0112648 0 0 0 0.0405419
0.0113143 0 0 0 0.0410784
0.011364 0 0 0 0.041622
0.0114139 0 0 0 0.0421728
0.011464 0 0 0 0.0427308
0.0115144 0 0 0 0.0432963
0.0115649 0 0 0 0.0438692
0.0116157 0 0 0 0.0444497
0.0116667 0 0 0 0.0450379
0.011718 0 0 0 0.0456339
0.0117694 0 0 0 0.0462378
0.0118211 0 0 0 0.0468496
0.011873 0 0 0 0.0474696
0.0119252 0 0 0 0.0480977
0.0119776 0 0 0 0.0487342
0.0120302 0 0 0 0.0493791
0.012083 0 0 0 0.0500325
0.012136 0 0 0 0.0506946
0.0121893 0 0 0 0.0513654
0.0122429 0 0 0 0.0520452
0.0122966 0 0 0 0.0527339
0.0123506 0 0 0 0.0534317
0.0124049 0 0 0 0.0541387
0.0124594 0 0 0 0.0548551
0.0125141 0 0 0 0.055581
0.012569 0 0 0 0.0563165
0.0126242 0 0 0 0.0570618
0.0126797 0 0 0 0.0578169
0.0127354 0 0 0 0.0585819
0.0127913 0 0 0 0.0593571
0.0128475 0 0 0 0.0601426
0.0129039 0 0 0 0.0609385
0.0129606 0 0 0 0.0617449
0.0130175 0 0 0 0.0625619
0.0130746 0 0 0 0.0633898
0.0131321 0 0 0 0.0642286
0.0131897 0 0 0 0.0650785
0.0132477 0 0 0 0.0659397
0.0133058 0 0 0 0.0668123
0.0133643 0 0 0 0.0676964
0.013423 0 0 0 0.0685922
0.0134819 0 0 0 0.0694999
0.0135411 0 0 0 0.0704196
0.0136006 0 0 0 0.0713514
0.0136603 0 0 0 0.0722956
0.0137203 0 0 0 0.0732523
0.0137806 0 0 0 0.0742216
0.0138411 0 0 0 0.0752038
0.0139019 0 0 0 0.076199
0.0139629 0 0 0 0.0772073
0.0140242 0 0 0 0.078229
0.0140858 0 0 0 0.0792642
0.0141477 0 0 0 0.0803131
0.0142098 0 0 0 0.0813758
0.0142722 0 0 0 0.0824527
0.0143349 0 0 0 0.0835438
0.0143979 0 0 0 0.0846493
0.0144611 0 0 0 0.0857694
0.0145246 0 0 0 0.0869044
0.0145884 0 0 0 0.0880544
0.0146524 0 0 0 0.0892196
0.0147168 0 0 0 0.0904002
0.0147814 0 0 0 0.0915965
0.0148463 0 0 0 0.0928086
0.0149115 0 0 0 0.0940367
0.014977 0 0 0 0.0952811
0.0150428 0 0 0 0.0965419
0.0151089 0 0 0 0.0978195
0.0151752 0 0 0 0.0991139
0.0152419 0 0 0 0.100425
0.0153088 0 0 0 0.101754
0.015376 0 0 0 0.103101
0.0154436 0 0 0 0.104465
0.0155114 0 0 0 0.105848
0.0155795 0 0 0 0.107248
0.0156479 0 0 0 0.108667
0.0157166 0 0 0 0.110105
0.0157857 0 0 0 0.111562
0.015855 0 0 0 0.113039
0.0159246 0 0 0 0.114535
0.0159945 0 0 0 0.11605
0.0160648 0 0 0 0.117586
0.0161353 0 0 0 0.119142
0.0162062 0 0 0 0.120718
0.0162774 0 0 0 0.122316
0.0163489 0 0 0 0.123934
0.0164207 0 0 0 0.125574
0.0164928 0 0 0 0.127236
0.0165652 0 0 0 0.12892
0.0166379 0 0 0 0.130626
0.016711 0 0 0 0.132354
0.0167844 0 0 0 0.134106
0.0168581 0 0 0 0.13588
0.0169322 0 0 0 0.137679
0.0170065 0 0 0 0.1395
0.0170812 0 0 0 0.141346
0.0171562 0 0 0 0.143217
0.0172316 0 0 0 0.145112
0.0173072 0 0 0 0.147032
0.0173832 0 0 0 0.148978
0.0174596 0 0 0 0.150949
0.0175363 0 0 0 0.152947
0.0176133 0 0 0 0.154971
0.0176906 0 0 0 0.157021
0.0177683 0 0 0 0.159099
0.0178463 0 0 0 0.161205
0.0179247 0 0 0 0.163338
0.0180034 0 0 0 0.165499
0.0180825 0 0 0 0.167689
0.0181619 0 0 0 0.169908
0.0182417 0 0 0 0.172157
0.0183218 0 0 0 0.174435
0.0184022 0 0 0 0.176743
0.0184831 0 0 0 0.179082
0.0185642 0 0 0 0.181452
0.0186458 0 0 0 0.183853
0.0187276 0 0 0 0.186286
0.0188099 0 0 0 0.188751
0.0188925 0 0 0 0.191248
0.0189755 0 0 0 0.193779
0.0190588 0 0 0 0.196344
0.0191425 0 0 0 0.198942
0.0192266 0 0 0 0.201574
0.019311 0 0 0 0.204242
0.0193958 0 0 0 0.206944
0.019481 0 0 0 0.209683
0.0195665 0 0 0 0.212458
0.0196525 0 0 0 0.215269
0.0197388 0 0 0 0.218118
0.0198255 0 0 0 0.221004
0.0199125 0 0 0 0.223928
0.02 0 0 0 0.226892
0.0200878 0 0 0 0.229894
0.020176 0 0 0 0.232936
0.0202646 0 0 0 0.236019
0.0203536 0 0 0 0.239142
0.020443 0 0 0 0.242306
0.0205328 0 0 0 0.245513
0.020623 0 0 0 0.248762
0.0207135 0 0 0 0.252053
0.0208045 0 0 0 0.255389
0.0208959 0 0 0 0.258768
0.0209876 0 0 0 0.262193
0.0210798 0 0 0 0.265662
0.0211724 0 0 0 0.269178
0.0212654 0 0 0 0.27274
0.0213588 0 0 0 0.276349
0.0214526 0 0 0 0.280006
0.0215468 0 0 0 0.283711
0.0216414 0 0 0 0.287465
0.0217364 0 0 0 0.291269
0.0218319 0 0 0 0.295124
0.0219278 0 0 0 0.299029
0.0220241 0 0 0 0.302986
0.0221208 0 0 0 0.306995
0.0222179 0 0 0 0.311058
0.0223155 0 0 0 0.315174
0.0224135 0 0 0 0.319345
0.0225119 0 0 0 0.32357
0.0226108 0 0 0 0.327852
0.0227101 0 0 0 0.332191
0.0228098 0 0 0 0.336586
0.02291 0 0 0 0.34104
0.0230106 0 0 0 0.345553
0.0231117 0 0 0 0.350126
0.0232132 0 0 0 0.354759
0.0233151 0 0 0 0.359454
0.0234175 0 0 0 0.36421
0.0235204 0 0 0 0.36903
0.0236236 0 0 0 0.373913
0.0237274 0 0 0 0.378861
0.0238316 0 0 0 0.383875
0.0239363 0 0 0 0.388954
0.0240414 0 0 0 0.394101
0.024147 0 0 0 0.399316
0.024253 0 0 0 0.4046
0.0243595 0 0 0 0.409954
0.0244665 0 0 0 0.415379
0.0245739 0 0 0 0.420876
0.0246819 0 0 0 0.426445
0.0247903 0 0 0 0.432089
0.0248991 0 0 0 0.437806
0.0250085 0 0 0 0.4436
0.0251183 0 0 0 0.44947
0.0252286 0 0 0 0.455418
0.0253394 0 0 0 0.461444
0.0254507 0 0 0 0.46755
0.0255625 0 0 0 0.473737
0.0256747 0 0 0 0.480006
0.0257875 0 0 0 0.486358
0.0259007 0 0 0 0.492794
0.0260145 0 0 0 0.499315
0.0261287 0 0 0 0.505922
0.0262435 0 0 0 0.512617
0.0263587 0 0 0 0.519401
0.0264745 0 0 0 0.526274
0.0265907 0 0 0 0.533238
0.0267075 0 0 0 0.540294
0.0268248 0 0 0 0.547444
0.0269426 0 0 0 0.554688
0.0270609 0 0 0 0.562028
0.0271798 0 0 0 0.569465
0.0272991 0 0 0 0.577001
0.027419 0 0 0 0.584637
0.0275394 0 0 0 0.592373
0.0276604 0 0 0 0.600212
0.0277819 0 0 0 0.608154
0.0279039 0 0 0 0.616202
0.0280264 0 0 0 0.624356
0.0281495 0 0 0 0.632618
0.0282731 0 0 0 0.640989
0.0283973 0 0 0 0.649472
0.028522 0 0 0 0.658066
0.0286472 0 0 0 0.666774
0.0287731 0 0 0 0.675597
0.0288994 0 0 0 0.684537
0.0290263 0 0 0 0.693596
0.0291538 0 0 0 0.702774
0.0292818 0 0 0 0.712074
0.0294104 0 0 0 0.721497
0.0295396 0 0 0 0.731044
0.0296693 0 0 0 0.740718
0.0297996 0 0 0 0.75052
0.0299305 0 0 0 0.760451
0.0300619 0 0 0 0.770514
0.030194 0 0 0 0.78071
0.0303266 0 0 0 0.791041
0.0304597 0 0 0 0.801509
0.0305935 0 0 0 0.812115
0.0307279 0 0 0 0.822862
0.0308628 0 0 0 0.833751
0.0309983 0 0 0 0.844784
0.0311345 0 0 0 0.855963
0.0312712 0 0 0 0.867289
0.0314085 0 0 0 0.878766
0.0315465 0 0 0 0.890395
0.031685 0 0 0 0.902177
0.0318242 0 0 0 0.914116
0.0319639 0 0 0 0.926212
0.0321043 0 0 0 0.938468
0.0322453 0 0 0 0.950887
0.0323869 0 0 0 0.96347
0.0325291 0 0 0 0.976219
0.032672 0 0 0 0.989138
0.0328155 0 0 0 1.00223
0.0329596 0 0 0 1.01549
0.0331043 0 0 0 1.02893
0.0332497 0 0 0 1.04254
0.0333957 0 0 0 1.05634
0.0335424 0 0 0 1.07032
0.0336897 0 0 0 1.08448
0.0338377 0 0 0 1.09883
0.0339863 0 0 0 1.11337
0.0341355 0 0 0 1.1281
0.0342854 0 0 0 1.14303
0.034436 0 0 0 1.15816
0.0345872 0 0 0 1.17348
0.0347391 0 0 0 1.18901
0.0348917 0 0 0 1.20475
0.0350449 0 0 0 1.22069
0.0351988 0 0 0 1.23684
0.0353534 0 0 0 1.25321
0.0355087 0 0 0 1.26979
0.0356646 0 0 0 1.2866
0.0358212 0 0 0 1.30362
0.0359785 0 0 0 1.32087
0.0361366 0 0 0 1.33835
0.0362952 0 0 0 1.35606
0.0364546 0 0 0 1.37401
0.0366147 0 0 0 1.39219
0.0367755 0 0 0 1.41061
0.036937 0 0 0 1.42928
0.0370993 0 0 0 1.44819
0.0372622 0 0 0 1.46735
0.0374258 0 0 0 1.48677
0.0375902 0 0 0 1.50645
0.0377553 0 0 0 1.52638
0.0379211 0 0 0 1.54658
0.0380876 0 0 0 1.56704
0.0382549 0 0 0 1.58778
0.0384229 0 0 0 1.60879
0.0385916 0 0 0 1.63008
0.0387611 0 0 0 1.65165
0.0389313 0 0 0 1.67351
0.0391023 0 0 0 1.69565
0.039274 0 0 0 1.71809
0.0394465 0 0 0 1.74083
0.0396197 0 0 0 1.76386
0.0397937 0 0 0 1.7872
0.0399685 0 0 0 1.81085
0.040144 0 0 0 1.83482
0.0403203 0 0 0 1.8591
0.0404974 0 0 0 1.8837
0.0406752 0 0 0 1.90862
0.0408539 0 0 0 1.93388
0.0410333 0 0 0 1.95947
0.0412135 0 0 0 1.9854
0.0413945 0 0 0 2.01167
0.0415763 0 0 0 2.03829
0.0417589 0 0 0 2.06527
0.0419423 0 0 0 2.09259
0.0421264 0 0 0 2.12029
0.0423115 0 0 0 2.14834
0.0424973 0 0 0 2.17677
0.0426839 0 0 0 2.20558
0.0428714 0 0 0 2.23476
0.0430596 0 0 0 2.26434
0.0432487 0 0 0 2.2943
0.0434387 0 0 0 2.32466
0.0436294 0 0 0 2.35542
0.043821 0 0 0 2.38659
0.0440135 0 0 0 2.41817
0.0442068 0 0 0 2.45017
0.0444009 0 0 0 2.48259
0.0445959 0 0 0 2.51545
0.0447918 0 0 0 2.54873
0.0449885 0 0 0 2.58246
0.045186 0 0 0 2.61663
0.0453845 0 0 0 2.65126
0.0455838 0 0 0 2.68634
0.045784 0 0 0 2.72189
0.045985 0 0 0 2.75791
0.046187 0 0 0 2.7944
0.0463898 0 0 0 2.83138
0.0465936 0 0 0 2.86885
0.0467982 0 0 0 2.90681
0.0470037 0 0 0 2.94528
0.0472101 0 0 0 2.98425
0.0474175 0 0 0 3.02374
0.0476257 0 0 0 3.06375
0.0478349 0 0 0 3.1043
0.0480449 0 0 0 3.14538
0.0482559 0 0 0 3.187
0.0484678 0 0 0 3.22917
0.0486807 0 0 0 3.2719
0.0488945 0 0 0 3.3152
0.0491092 0 0 0 3.35907
0.0493249 0 0 0 3.40352
0.0495415 0 0 0 3.44856
0.0497591 0 0 0 3.49419
0.0499776 0 0 0 3.54043
0.0501971 0 0 0 3.58728
0.0504175 0 0 0 3.63475
0.0506389 0 0 0 3.68285
0.0508613 0 0 0 3.73158
0.0510847 0 0 0 3.78096
0.051309 0 0 0 3.83099
0.0515344 0 0 0 3.88169
0.0517607 0 0 0 3.93306
0.051988 0 0 0 3.9851
0.0522163 0 0 0 4.03784
0.0524456 0 0 0 4.09127
0.052676 0 0 0 4.14541
0.0529073 0 0 0 4.20026
0.0531396 0 0 0 4.25584
0.053373 0 0 0 4.31216
0.0536074 0 0 0 4.36922
0.0538428 0 0 0 4.42704
0.0540793 0 0 0 4.48562
0.0543168 0 0 0 4.54498
0.0545553 0 0 0 4.60512
0.0547949 0 0 0 4.66606
0.0550356 0 0 0 4.72781
0.0552772 0 0 0 4.79037
0.05552 0 0 0 4.85376
0.0557638 0 0 0 4.91799
0.0560087 0 0 0 4.98307
0.0562547 0 0 0 5.04901
0.0565017 0 0 0 5.11582
0.0567499 0 0 0 5.18352
0.0569991 0 0 0 5.25211
0.0572494 0 0 0 5.32161
0.0575008 0 0 0 5.39203
0.0577534 0 0 0 5.46339
0.058007 0 0 0 5.53568
0.0582617 0 0 0 5.60893
0.0585176 0 0 0 5.68316
0.0587746 0 0 0 5.75836
0.0590327 0 0 0 5.83456
0.059292 0 0 0 5.91177
0.0595524 0 0 0 5.99
0.0598139 0 0 0 6.06926
0.0600766 0 0 0 6.14958
0.0603404 0 0 0 6.23095
0.0606054 0 0 0 6.31341
0.0608716 0 0 0 6.39695
0.0611389 0 0 0 6.4816
0.0614074 0 0 0 6.56737
0.0616771 0 0 0 6.65428
0.0619479 0 0 0 6.74233
0.06222 0 0 0 6.83155
0.0624932 0 0 0 6.92195
0.0627677 0 0 0 7.01355
0.0630433 0 0 0 7.10636
0.0633202 0 0 0 7.2004
0.0635983 0 0 0 7.29568
0.0638776 0 0 0 7.39222
0.0641581 0 0 0 7.49004
0.0644399 0 0 0 7.58916
0.0647229 0 0 0 7.68958
0.0650071 0 0 0 7.79134
0.0652926 0 0 0 7.89444
0.0655793 0 0 0 7.99891
0.0658673 0 0 0 8.10476
0.0661566 0 0 0 8.212
0.0664471 0 0 0 8.32067
0.0667389 0 0 0 8.43078
0.067032 0 0 0 8.54234
0.0673264 0 0 0 8.65538
0.0676221 0 0 0 8.76992
0.0679191 0 0 0 8.88597
0.0682173 0 0 0 9.00356
0.0685169 0 0 0 9.1227
0.0688178 0 0 0 9.24342
0.06912 0 0 0 9.36574
0.0694236 0 0 0 9.48967
0.0697285 0 0 0 9.61525
0.0700347 0 0 0 9.74248
0.0703423 0 0 0 9.87141
0.0706512 0 0 0 10.002
0.0709615 0 0 0 10.1344
0.0712731 0 0 0 10.2685
0.0715861 0 0 0 10.4044
0.0719005 0 0 0 10.5421
0.0722162 0 0 0 10.6816
0.0725334 0 0 0 10.8229
0.0728519 0 0 0 10.9661
0.0731719 0 0 0 11.1112
0.0734932 0 0 0 11.2583
0.073816 0 0 0 11.4072
0.0741401 0 0 0 11.5582
0.0744657 0 0 0 11.7111
0.0747928 0 0 0 11.8661
0.0751212 0 0 0 12.0231
0.0754511 0 0 0 12.1822
0.0757825 0 0 0 12.3435
0.0761153 0 0 0 12.5068
0.0764496 0 0 0 12.6723
0.0767853 0 0 0 12.84
0.0771225 0 0 0 13.0099
0.0774612 0 0 0 13.182
0.0778014 0 0 0 13.3565
0.0781431 0 0 0 13.5332
0.0784863 0 0 0 13.7123
0.0788309 0 0 0 13.8938
0.0791771 0 0 0 14.0776
0.0795249 0 0 0 14.2639
0.0798741 0 0 0 14.4527
0.0802249 0 0 0 14.6439
0.0805772 0 0 0 14.8377
0.0809311 0 0 0 15.034
0.0812865 0 0 0 15.233
0.0816435 0 0 0 15.4346
0.082002 0 0 0 15.6388
0.0823621 0 0 0 15.8457
0.0827238 0 0 0 16.0554
0.0830871 0 0 0 16.2679
0.083452 0 0 0 16.4832
0.0838185 0 0 0 16.7013
0.0841866 0 0 0 16.9223
0.0845563 0 0 0 17.1462
0.0849277 0 0 0 17.3731
0.0853006 0 0 0 17.603
0.0856753 0 0 0 17.8359
0.0860515 0 0 0 18.072
0.0864294 0 0 0 18.3111
0.086809 0 0 0 18.5534
0.0871902 0 0 0 18.7989
0.0875731 0 0 0 19.0477
0.0879577 0 0 0 19.2998
0.088344 0 0 0 19.5551
0.088732 0 0 0 19.8139
0.0891217 0 0 0 20.0761
0.089513 0 0 0 20.3418
0.0899062 0 0 0 20.611
0.090301 0 0 0 20.8837
0.0906976 0 0 0 21.16
0.0910959 0 0 0 21.4401
0.0914959 0 0 0 21.7238
0.0918977 0 0 0 22.0112
0.0923013 0 0 0 22.3025
0.0927067 0 0 0 22.5976
0.0931138 0 0 0 22.8967
0.0935227 0 0 0 23.1997
0.0939335 0 0 0 23.5067
0.094346 0 0 0 23.8177
0.0947603 0 0 0 24.1329
0.0951765 0 0 0 24.4522
0.0955944 0 0 0 24.7758
0.0960143 0 0 0 25.1037
0.0964359 0 0 0 25.4359
0.0968594 0 0 0 25.7724
0.0972848 0 0 0 26.1135
0.097712 0 0 0 26.459
0.0981412 0 0 0 26.8092
0.0985722 0 0 0 27.1639
0.0990051 0 0 0 27.5234
0.0994399 0 0 0 27.8876
0.0998766 0 0 0 28.2566
0.100315 0 0 0 28.6306
0.100756 0 0 0 29.0094
0.101198 0 0 0 29.3933
0.101643 0 0 0 29.7823
0.102089 0 0 0 30.1764
0.102537 0 0 0 30.5757
0.102988 0 0 0 30.9803
0.10344 0 0 0 31.3902
0.103894 0 0 0 31.8056
0.10435 0 0 0 32.2265
0.104809 0 0 0 32.653
0.105269 0 0 0 33.0851
0.105731 0 0 0 33.5229
0.106196 0 0 0 33.9665
0.106662 0 0 0 34.4159
0.10713 0 0 0 34.8714
0.107601 0 0 0 35.3328
0.108073 0 0 0 35.8004
0.108548 0 0 0 36.2741
0.109025 0 0 0 36.7541
0.109504 0 0 0 37.2405
0.109985 0 0 0 37.7333
0.110468 0 0 0 38.2326
0.110953 0 0 0 38.7385
0.11144 0 0 0 39.2511
0.111929 0 0 0 39.7706
0.112421 0 0 0 40.2968
0.112915 0 0 0 40.8301
0.11341 0 0 0 41.3704
0.113909 0 0 0 41.9178
0.114409 0 0 0 42.4725
0.114911 0 0 0 43.0345
0.115416 0 0 0 43.604
0.115923 0 0 0 44.181
0.116432 0 0 0 44.7657
0.116943 0 0 0 45.358
0.117457 0 0 0 45.9583
0.117973 0 0 0 46.5664
0.118491 0 0 0 47.1826
0.119011 0 0 0 47.807
0.119534 0 0 0 48.4396
0.120059 0 0 0 49.0806
0.120586 0 0 0 49.7301
0.121115 0 0 0 50.3882
0.121647 0 0 0 51.0549
0.122182 0 0 0 51.7305
0.122718 0 0 0 52.4151
0.123257 0 0 0 53.1087
0.123798 0 0 0 53.8115
0.124342 0 0 0 54.5235
0.124888 0 0 0 55.245
0.125437 0 0 0 55.9761
0.125987 0 0 0 56.7168
0.126541 0 0 0 57.4673
0.127096 0 0 0 58.2278
0.127655 0 0 0 58.9983
0.128215 0 0 0 59.779
0.128778 0 0 0 60.5701
0.129344 0 0 0 61.3716
0.129912 0 0 0 62.1837
0.130482 0 0 0 63.0066
0.131055 0 0 0 63.8404
0.131631 0 0 0 64.6851
0.132209 0 0 0 65.5411
0.13279 0 0 0 66.4084
0.133373 0 0 0 67.2872
0.133959 0 0 0 68.1776
0.134547 0 0 0 69.0798
0.135138 0 0 0 69.9939
0.135731 0 0 0 70.9201
0.136327 0 0 0 71.8586
0.136926 0 0 0 72.8095
0.137527 0 0 0 73.773
0.138131 0 0 0 74.7492
0.138738 0 0 0 75.7383
0.139347 0 0 0 76.7406
0.139959 0 0 0 77.7561
0.140574 0 0 0 78.785
0.141191 0 0 0 79.8276
0.141811 0 0 0 80.8839
0.142434 0 0 0 81.9542
0.14306 0 0 0 83.0387
0.143688 0 0 0 84.1376
0.144319 0 0 0 85.251
0.144953 0 0 0 86.3791
0.145589 0 0 0 87.5221
0.146229 0 0 0 88.6803
0.146871 0 0 0 89.8538
0.147516 0 0 0 91.0428
0.148164 0 0 0 92.2476
0.148814 0 0 0 93.4683
0.149468 0 0 0 94.7051
0.150124 0 0 0 95.9583
0.150784 0 0 0 97.2281
0.151446 0 0 0 98.5147
0.152111 0 0 0 99.8184
0.152779 0 0 0 101.139
0.15345 0 0 0 102.478
0.154124 0 0 0 103.834
0.154801 0 0 0 105.208
0.15548 0 0 0 106.6
0.156163 0 0 0 108.011
0.156849 0 0 0 109.44
0.157538 0 0 0 110.888
0.15823 0 0 0 112.355
0.158925 0 0 0 113.842
0.159623 0 0 0 115.349
0.160324 0 0 0 116.875
0.161028 0 0 0 118.422
0.161735 0 0 0 119.989
0.162445 0 0 0 121.576
0.163158 0 0 0 123.185
0.163875 0 0 0 124.815
0.164595 0 0 0 126.467
0.165318 0 0 0 128.141
0.166044 0 0 0 129.836
0.166773 0 0 0 131.554
0.167505 0 0 0 133.295
0.168241 0 0 0 135.059
0.16898 0 0 0 136.846
0.169722 0 0 0 138.657
0.170467 0 0 0 140.492
0.171216 0 0 0 142.351
0.171968 0 0 0 144.235
0.172723 0 0 0 146.143
0.173481 0 0 0 148.077
0.174243 0 0 0 150.037
0.175008 0 0 0 152.022
0.175777 0 0 0 154.034
0.176549 0 0 0 156.072
0.177324 0 0 0 158.138
0.178103 0 0 0 160.23
0.178885 0 0 0 162.35
0.179671 0 0 0 164.499
0.18046 0 0 0 166.676
0.181252 0 0 0 168.881
0.182048 0 0 0 171.116
0.182848 0 0 0 173.38
0.183651 0 0 0 175.675
0.184457 0 0 0 177.999
0.185268 0 0 0 180.355
0.186081 0 0 0 182.741
0.186898 0 0 0 185.16
0.187719 0 0 0 187.61
0.188544 0 0 0 190.092
0.189372 0 0 0 192.608
0.190203 0 0 0 195.157
0.191038 0 0 0 197.739
0.191877 0 0 0 200.356
0.19272 0 0 0 203.007
0.193566 0 0 0 205.693
0.194417 0 0 0 208.415
0.19527 0 0 0 211.173
0.196128 0 0 0 213.968
0.196989 0 0 0 216.799
0.197854 0 0 0 219.668
0.198723 0 0 0 222.575
0.199596 0 0 0 225.52
0.200473 0 0 0 228.504
0.201353 0 0 0 231.528
0.202237 0 0 0 234.592
0.203125 0 0 0 237.696
0.204017 0 0 0 240.842
0.204913 0 0 0 244.029
0.205813 0 0 0 247.258
0.206717 0 0 0 250.53
0.207625 0 0 0 253.845
0.208537 0 0 0 257.204
0.209453 0 0 0 260.608
0.210372 0 0 0 264.056
0.211296 0 0 0 267.55
0.212224 0 0 0 271.091
0.213156 0 0 0 274.678
0.214092 0 0 0 278.313
0.215033 0 0 0 281.996
0.215977 0 0 0 285.728
0.216925 0 0 0 289.509
0.217878 0 0 0 293.34
0.218835 0 0 0 297.221
0.219796 0 0 0 301.154
0.220761 0 0 0 305.14
0.221731 0 0 0 309.177
0.222705 0 0 0 313.269
0.223683 0 0 0 317.414
0.224665 0 0 0 321.614
0.225652 0 0 0 325.87
0.226643 0 0 0 330.183
0.227638 0 0 0 334.552
0.228638 0 0 0 338.979
0.229642 0 0 0 343.465
0.23065 0 0 0 348.01
0.231663 0 0 0 352.615
0.23268 0 0 0 357.281
0.233702 0 0 0 362.009
0.234729 0 0 0 366.799
0.23576 0 0 0 371.653
0.236795 0 0 0 376.571
0.237835 0 0 0 381.554
0.238879 0 0 0 386.603
0.239928 0 0 0 391.719
0.240982 0 0 0 396.903
0.24204 0 0 0 402.155
0.243103 0 0 0 407.476
0.244171 0 0 0 412.868
0.245243 0 0 0 418.332
0.24632 0 0 0 423.868
0.247402 0 0 0 429.477
0.248488 0 0 0 435.16
0.24958 0 0 0 440.918
0.250676 0 0 0 446.753
0.251777 0 0 0 452.665
0.252882 0 0 0 458.655
0.253993 0 0 0 464.724
0.255108 0 0 0 470.874
0.256229 0 0 0 477.105
0.257354 0 0 0 483.418
0.258484 0 0 0 489.815
0.259619 0 0 0 496.297
0.26076 0 0 0 502.864
0.261905 0 0 0 509.519
0.263055 0 0 0 516.261
0.26421 0 0 0 523.093
0.26537 0 0 0 530.015
0.266536 0 0 0 537.028
0.267706 0 0 0 544.135
0.268882 0 0 0 551.335
0.270063 0 0 0 558.631
0.271249 0 0 0 566.023
0.27244 0 0 0 573.513
0.273637 0 0 0 581.102
0.274838 0 0 0 588.792
0.276045 0 0 0 596.583
0.277258 0 0 0 604.478
0.278475 0 0 0 612.477
0.279698 0 0 0 620.582
0.280927 0 0 0 628.794
0.28216 0 0 0 637.115
0.283399 0 0 0 645.545
0.284644 0 0 0 654.088
0.285894 0 0 0 662.743
0.28715 0 0 0 671.513
0.288411 0 0 0 680.399
0.289677 0 0 0 689.403
0.290949 0 0 0 698.526
0.292227 0 0 0 707.769
0.293511 0 0 0 717.135
0.2948 0 0 0 726.625
0.296094 0 0 0 736.24
0.297395 0 0 0 745.983
0.298701 0 0 0 755.854
0.300012 0 0 0 765.856
0.30133 0 0 0 775.991
0.302653 0 0 0 786.259
0.303982 0 0 0 796.664
0.305317 0 0 0 807.206
0.306658 0 0 0 817.888
0.308005 0 0 0 828.711
0.309358 0 0 0 839.677
0.310716 0 0 0 850.788
0.312081 0 0 0 862.047
0.313451 0 0 0 873.454
0.314828 0 0 0 885.012
0.31621 0 0 0 896.724
0.317599 0 0 0 908.59
0.318994 0 0 0 920.613
0.320395 0 0 0 932.795
0.321802 0 0 0 945.139
0.323215 0 0 0 957.646
0.324635 0 0 0 970.318
0.32606 0 0 0 983.158
0.327492 0 0 0 996.168
0.32893 0 0 0 1009.35
0.330375 0 0 0 1022.71
0.331826 0 0 0 1036.24
0.333283 0 0 0 1049.95
0.334747 0 0 0 1063.85
0.336217 0 0 0 1077.92
0.337693 0 0 0 1092.19
0.339176 0 0 0 1106.64
0.340666 0 0 0 1121.29
0.342162 0 0 0 1136.12
0.343665 0 0 0 1151.16
0.345174 0 0 0 1166.39
0.34669 0 0 0 1181.83
0.348212 0 0 0 1197.46
0.349742 0 0 0 1213.31
0.351278 0 0 0 1229.37
0.35282 0 0 0 1245.63
0.35437 0 0 0 1262.12
0.355926 0 0 0 1278.82
0.357489 0 0 0 1295.74
0.359059 0 0 0 1312.89
0.360636 0 0 0 1330.26
0.36222 0 0 0 1347.86
0.36381 0 0 0 1365.7
0.365408 0 0 0 1383.77
0.367013 0 0 0 1402.08
0.368625 0 0 0 1420.64
0.370244 0 0 0 1439.44
0.37187 0 0 0 1458.48
0.373503 0 0 0 1477.78
0.375143 0 0 0 1497.34
0.37679 0 0 0 1517.15
0.378445 0 0 0 1537.23
0.380107 0 0 0 1557.57
0.381776 0 0 0 1578.18
0.383453 0 0 0 1599.07
0.385137 0 0 0 1620.23
0.386828 0 0 0 1641.67
0.388527 0 0 0 1663.39
0.390234 0 0 0 1685.4
0.391947 0 0 0 1707.7
0.393669 0 0 0 1730.3
0.395397 0 0 0 1753.2
0.397134 0 0 0 1776.4
0.398878 0 0 0 1799.91
0.40063 0 0 0 1823.72
0.402389 0 0 0 1847.86
0.404156 0 0 0 1872.31
0.405931 0 0 0 1897.09
0.407714 0 0 0 1922.19
0.409504 0 0 0 1947.63
0.411303 0 0 0 1973.4
0.413109 0 0 0 1999.51
0.414923 0 0 0 2025.97
0.416745 0 0 0 2052.78
0.418576 0 0 0 2079.95
0.420414 0 0 0 2107.47
0.42226 0 0 0 2135.36
0.424115 0 0 0 2163.61
0.425977 0 0 0 2192.24
0.427848 0 0 0 2221.25
0.429727 0 0 0 2250.65
0.431614 0 0 0 2280.43
0.43351 0 0 0 2310.61
0.435413 0 0 0 2341.18
0.437326 0 0 0 2372.16
0.439246 0 0 0 2403.55
0.441175 0 0 0 2435.36
0.443113 0 0 0 2467.59
0.445059 0 0 0 2500.24
0.447013 0 0 0 2533.32
0.448976 0 0 0 2566.85
0.450948 0 0 0 2600.81
0.452928 0 0 0 2635.23
0.454918 0 0 0 2670.1
0.456915 0 0 0 2705.44
0.458922 0 0 0 2741.24
0.460937 0 0 0 2777.51
0.462962 0 0 0 2814.27
0.464995 0 0 0 2851.51
0.467037 0 0 0 2889.24
0.469088 0 0 0 2927.47
0.471148 0 0 0 2966.21
0.473217 0 0 0 3005.46
0.475295 0 0 0 3045.23
0.477383 0 0 0 3085.53
0.479479 0 0 0 3126.36
0.481585 0 0 0 3167.73
0.4837 0 0 0 3209.65
0.485824 0 0 0 3252.12
0.487958 0 0 0 3295.16
0.490101 0 0 0 3338.76
0.492253 0 0 0 3382.94
0.494415 0 0 0 3427.71
0.496586 0 0 0 3473.07
0.498767 0 0 0 3519.03
0.500957 0 0 0 3565.59
0.503157 0 0 0 3612.78
0.505367 0 0 0 3660.58
0.507586 0 0 0 3709.02
0.509816 0 0 0 3758.11
0.512054 0 0 0 3807.84
0.514303 0 0 0 3858.22
0.516562 0 0 0 3909.28
0.51883 0 0 0 3961.01
0.521109 0 0 0 4013.43
0.523397 0 0 0 4066.54
0.525696 0 0 0 4120.35
0.528005 0 0 0 4174.87
0.530323 0 0 0 4230.12
0.532652 0 0 0 4286.09
0.534992 0 0 0 4342.81
0.500677
2000
3.04789e+06
      753571000
8.39596e-05 0 0 0 1.67857e-08
8.43283e-05 0 0 0 1.70079e-08
8.46986e-05 0 0 0 1.72329e-08
8.50706e-05 0 0 0 1.7461e-08
8.54442e-05 0 0 0 1.7692e-08
8.58194e-05 0 0 0 1.79261e-08
8.61963e-05 0 0 0 1.81633e-08
8.65749e-05 0 0 0 1.84037e-08
8.69551e-05 0 0 0 1.86472e-08
8.73369e-05 0 0 0 1.8894e-08
8.77205e-05 0 0 0 1.9144e-08
8.81057e-05 0 0 0 1.93973e-08
8.84927e-05 0 0 0 1.9654e-08
8.88813e-05 0 0 0 1.99141e-08
8.92716e-05 0 0 0 2.01776e-08
8.96637e-05 0 0 0 2.04446e-08
9.00574e-05 0 0 0 2.07152e-08
9.04529e-05 0 0 0 2.09893e-08
9.08502e-05 0 0 0 2.1267e-08
9.12492e-05 0 0 0 2.15485e-08
9.16499e-05 0 0 0 2.18336e-08
9.20524e-05 0 0 0 2.21225e-08
9.24566e-05 0 0 0 2.24153e-08
9.28627e-05 0 0 0 2.27119e-08
9.32705e-05 0 0 0 2.30124e-08
9.36801e-05 0 0 0 2.3317e-08
9.40915e-05 0 0 0 2.36255e-08
9.45047e-05 0 0 0 2.39382e-08
9.49198e-05 0 0 0 2.42549e-08
9.53366e-05 0 0 0 2.45759e-08
9.57553e-05 0 0 0 2.49011e-08
9.61758e-05 0 0 0 2.52306e-08
9.65982e-05 0 0 0 2.55645e-08
9.70224e-05 0 0 0 2.59028e-08
9.74485e-05 0 0 0 2.62455e-08
9.78765e-05 0 0 0 2.65928e-08
9.83063e-05 0 0 0 2.69447e-08
9.8738e-05 0 0 0 2.73013e-08
9.91717e-05 0 0 0 2.76626e-08
9.96072e-05 0 0 0 2.80286e-08
0.000100045 0 0 0 2.83995e-08
0.000100484 0 0 0 2.87753e-08
0.000100925 0 0 0 2.91561e-08
0.000101368 0 0 0 2.95419e-08
0.000101814 0 0 0 2.99329e-08
0.000102261 0 0 0 3.0329e-08
0.00010271 0 0 0 3.07303e-08
0.000103161 0 0 0 3.11369e-08
0.000103614 0 0 0 3.1549e-08
0.000104069 0 0 0 3.19665e-08
0.000104526 0 0 0 3.23895e-08
0.000104985 0 0 0 3.28181e-08
0.000105446 0 0 0 3.32524e-08
0.000105909 0 0 0 3.36924e-08
0.000106374 0 0 0 3.41382e-08
0.000106842 0 0 0 3.459e-08
0.000107311 0 0 0 3.50477e-08
0.000107782 0 0 0 3.55115e-08
0.000108255 0 0 0 3.59814e-08
0.000108731 0 0 0 3.64575e-08
0.000109208 0 0 0 3.694e-08
0.000109688 0 0 0 3.74288e-08
0.00011017 0 0 0 3.79241e-08
0.000110653 0 0 0 3.84259e-08
0.000111139 0 0 0 3.89344e-08
0.000111627 0 0 0 3.94496e-08
0.000112118 0 0 0 3.99717e-08
0.00011261 0 0 0 4.05006e-08
0.000113105 0 0 0 4.10365e-08
0.000113601 0 0 0 4.15796e-08
0.0001141 0 0 0 4.21298e-08
0.000114601 0 0 0 4.26873e-08
0.000115105 0 0 0 4.32522e-08
0.00011561 0 0 0 4.38245e-08
0.000116118 0 0 0 4.44044e-08
0.000116628 0 0 0 4.4992e-08
0.00011714 0 0 0 4.55874e-08
0.000117654 0 0 0 4.61907e-08
0.000118171 0 0 0 4.68019e-08
0.00011869 0 0 0 4.74212e-08
0.000119211 0 0 0 4.80487e-08
0.000119735 0 0 0 4.86846e-08
0.000120261 0 0 0 4.93288e-08
0.000120789 0 0 0 4.99816e-08
0.000121319 0 0 0 5.0643e-08
0.000121852 0 0 0 5.13131e-08
0.000122387 0 0 0 5.19921e-08
0.000122925 0 0 0 5.26801e-08
0.000123464 0 0 0 5.33772e-08
0.000124007 0 0 0 5.40836e-08
0.000124551 0 0 0 5.47993e-08
0.000125098 0 0 0 5.55244e-08
0.000125648 0 0 0 5.62591e-08
0.000126199 0 0 0 5.70036e-08
0.000126754 0 0 0 5.77579e-08
0.00012731 0 0 0 5.85222e-08
0.000127869 0 0 0 5.92967e-08
0.000128431 0 0 0 6.00813e-08
0.000128995 0 0 0 6.08764e-08
0.000129562 0 0 0 6.16819e-08
0.000130131 0 0 0 6.24982e-08
0.000130702 0 0 0 6.33252e-08
0.000131276 0 0 0 6.41632e-08
0.000131853 0 0 0 6.50122e-08
0.000132432 0 0 0 6.58725e-08
0.000133013 0 0 0 6.67442e-08
0.000133597 0 0 0 6.76274e-08
0.000134184 0 0 0 6.85223e-08
0.000134773 0 0 0 6.94291e-08
0.000135365 0 0 0 7.03478e-08
0.00013596 0 0 0 7.12787e-08
0.000136557 0 0 0 7.2222e-08
0.000137156 0 0 0 7.31777e-08
0.000137759 0 0 0 7.4146e-08
0.000138364 0 0 0 7.51272e-08
0.000138971 0 0 0 7.61213e-08
0.000139582 0 0 0 7.71286e-08
0.000140195 0 0 0 7.81493e-08
0.00014081 0 0 0 7.91834e-08
0.000141429 0 0 0 8.02312e-08
0.00014205 0 0 0 8.12929e-08
0.000142674 0 0 0 8.23687e-08
0.0001433 0 0 0 8.34586e-08
0.00014393 0 0 0 8.4563e-08
0.000144562 0 0 0 8.5682e-08
0.000145197 0 0 0 8.68159e-08
0.000145834 0 0 0 8.79647e-08
0.000146475 0 0 0 8.91287e-08
0.000147118 0 0 0 9.03081e-08
0.000147764 0 0 0 9.15032e-08
0.000148413 0 0 0 9.2714e-08
0.000149065 0 0 0 9.39409e-08
0.000149719 0 0 0 9.5184e-08
0.000150377 0 0 0 9.64436e-08
0.000151037 0 0 0 9.77198e-08
0.000151701 0 0 0 9.90129e-08
0.000152367 0 0 0 1.00323e-07
0.000153036 0 0 0 1.01651e-07
0.000153708 0 0 0 1.02996e-07
0.000154383 0 0 0 1.04359e-07
0.000155061 0 0 0 1.0574e-07
0.000155742 0 0 0 1.07139e-07
0.000156426 0 0 0 1.08557e-07
0.000157113 0 0 0 1.09993e-07
0.000157803 0 0 0 1.11449e-07
0.000158496 0 0 0 1.12924e-07
0.000159192 0 0 0 1.14418e-07
0.000159891 0 0 0 1.15932e-07
0.000160593 0 0 0 1.17466e-07
0.000161299 0 0 0 1.1902e-07
0.000162007 0 0 0 1.20595e-07
0.000162718 0 0 0 1.22191e-07
0.000163433 0 0 0 1.23808e-07
0.000164151 0 0 0 1.25447e-07
0.000164872 0 0 0 1.27107e-07
0.000165596 0 0 0 1.28789e-07
0.000166323 0 0 0 1.30493e-07
0.000167053 0 0 0 1.3222e-07
0.000167787 0 0 0 1.33969e-07
0.000168524 0 0 0 1.35742e-07
0.000169264 0 0 0 1.37538e-07
0.000170007 0 0 0 1.39358e-07
0.000170754 0 0 0 1.41202e-07
0.000171504 0 0 0 1.43071e-07
0.000172257 0 0 0 1.44964e-07
0.000173014 0 0 0 1.46882e-07
0.000173773 0 0 0 1.48826e-07
0.000174536 0 0 0 1.50796e-07
0.000175303 0 0 0 1.52791e-07
0.000176073 0 0 0 1.54813e-07
0.000176846 0 0 0 1.56861e-07
0.000177623 0 0 0 1.58937e-07
0.000178403 0 0 0 1.6104e-07
0.000179186 0 0 0 1.63171e-07
0.000179973 0 0 0 1.65331e-07
0.000180764 0 0 0 1.67518e-07
0.000181557 0 0 0 1.69735e-07
0.000182355 0 0 0 1.71981e-07
0.000183156 0 0 0 1.74257e-07
0.00018396 0 0 0 1.76563e-07
0.000184768 0 0 0 1.78899e-07
0.000185579 0 0 0 1.81267e-07
0.000186394 0 0 0 1.83665e-07
0.000187213 0 0 0 1.86096e-07
0.000188035 0 0 0 1.88558e-07
0.000188861 0 0 0 1.91054e-07
0.00018969 0 0 0 1.93582e-07
0.000190523 0 0 0 1.96143e-07
0.00019136 0 0 0 1.98739e-07
0.0001922 0 0 0 2.01369e-07
0.000193044 0 0 0 2.04034e-07
0.000193892 0 0 0 2.06734e-07
0.000194744 0 0 0 2.09469e-07
0.000195599 0 0 0 2.12241e-07
0.000196458 0 0 0 2.1505e-07
0.000197321 0 0 0 2.17895e-07
0.000198187 0 0 0 2.20779e-07
0.000199058 0 0 0 2.237e-07
0.000199932 0 0 0 2.2666e-07
0.00020081 0 0 0 2.2966e-07
0.000201692 0 0 0 2.32699e-07
0.000202578 0 0 0 2.35778e-07
0.000203467 0 0 0 2.38898e-07
0.000204361 0 0 0 2.42059e-07
0.000205258 0 0 0 2.45263e-07
0.00020616 0 0 0 2.48508e-07
0.000207065 0 0 0 2.51797e-07
0.000207974 0 0 0 2.55129e-07
0.000208888 0 0 0 2.58505e-07
0.000209805 0 0 0 2.61925e-07
0.000210726 0 0 0 2.65392e-07
0.000211652 0 0 0 2.68903e-07
0.000212581 0 0 0 2.72462e-07
0.000213515 0 0 0 2.76067e-07
0.000214453 0 0 0 2.7972e-07
0.000215394 0 0 0 2.83422e-07
0.00021634 0 0 0 2.87172e-07
0.00021729 0 0 0 2.90972e-07
0.000218245 0 0 0 2.94823e-07
0.000219203 0 0 0 2.98724e-07
0.000220166 0 0 0 3.02677e-07
0.000221133 0 0 0 3.06682e-07
0.000222104 0 0 0 3.10741e-07
0.000223079 0 0 0 3.14853e-07
0.000224059 0 0 0 3.19019e-07
0.000225043 0 0 0 3.23241e-07
0.000226031 0 0 0 3.27518e-07
0.000227024 0 0 0 3.31852e-07
0.000228021 0 0 0 3.36243e-07
0.000229022 0 0 0 3.40693e-07
0.000230028 0 0 0 3.45201e-07
0.000231038 0 0 0 3.49769e-07
0.000232053 0 0 0 3.54398e-07
0.000233072 0 0 0 3.59087e-07
0.000234096 0 0 0 3.63839e-07
0.000235124 0 0 0 3.68654e-07
0.000236156 0 0 0 3.73532e-07
0.000237193 0 0 0 3.78475e-07
0.000238235 0 0 0 3.83483e-07
0.000239281 0 0 0 3.88558e-07
0.000240332 0 0 0 3.937e-07
0.000241388 0 0 0 3.9891e-07
0.000242448 0 0 0 4.04188e-07
0.000243512 0 0 0 4.09537e-07
0.000244582 0 0 0 4.14956e-07
0.000245656 0 0 0 4.20447e-07
0.000246735 0 0 0 4.26011e-07
0.000247818 0 0 0 4.31648e-07
0.000248907 0 0 0 4.3736e-07
0.00025 0 0 0 4.43148e-07
0.000251098 0 0 0 4.49012e-07
0.0002522 0 0 0 4.54954e-07
0.000253308 0 0 0 4.60974e-07
0.00025442 0 0 0 4.67074e-07
0.000255538 0 0 0 4.73255e-07
0.00025666 0 0 0 4.79517e-07
0.000257787 0 0 0 4.85863e-07
0.000258919 0 0 0 4.92292e-07
0.000260056 0 0 0 4.98806e-07
0.000261198 0 0 0 5.05407e-07
0.000262345 0 0 0 5.12095e-07
0.000263498 0 0 0 5.18871e-07
0.000264655 0 0 0 5.25738e-07
0.000265817 0 0 0 5.32695e-07
0.000266984 0 0 0 5.39744e-07
0.000268157 0 0 0 5.46886e-07
0.000269335 0 0 0 5.54123e-07
0.000270517 0 0 0 5.61456e-07
0.000271705 0 0 0 5.68885e-07
0.000272899 0 0 0 5.76413e-07
0.000274097 0 0 0 5.84041e-07
0.000275301 0 0 0 5.91769e-07
0.00027651 0 0 0 5.996e-07
0.000277724 0 0 0 6.07535e-07
0.000278944 0 0 0 6.15574e-07
0.000280169 0 0 0 6.2372e-07
0.000281399 0 0 0 6.31973e-07
0.000282635 0 0 0 6.40336e-07
0.000283876 0 0 0 6.4881e-07
0.000285123 0 0 0 6.57395e-07
0.000286375 0 0 0 6.66095e-07
0.000287633 0 0 0 6.74909e-07
0.000288896 0 0 0 6.8384e-07
0.000290165 0 0 0 6.92889e-07
0.000291439 0 0 0 7.02058e-07
0.000292719 0 0 0 7.11348e-07
0.000294004 0 0 0 7.20761e-07
0.000295296 0 0 0 7.30299e-07
0.000296592 0 0 0 7.39963e-07
0.000297895 0 0 0 7.49755e-07
0.000299203 0 0 0 7.59676e-07
0.000300517 0 0 0 7.69729e-07
0.000301837 0 0 0 7.79915e-07
0.000303163 0 0 0 7.90235e-07
0.000304494 0 0 0 8.00692e-07
0.000305831 0 0 0 8.11288e-07
0.000307174 0 0 0 8.22023e-07
0.000308523 0 0 0 8.32901e-07
0.000309878 0 0 0 8.43923e-07
0.000311239 0 0 0 8.5509e-07
0.000312606 0 0 0 8.66406e-07
0.000313979 0 0 0 8.77871e-07
0.000315358 0 0 0 8.89488e-07
0.000316743 0 0 0 9.01258e-07
0.000318134 0 0 0 9.13184e-07
0.000319531 0 0 0 9.25268e-07
0.000320934 0 0 0 9.37512e-07
0.000322343 0 0 0 9.49918e-07
0.000323759 0 0 0 9.62488e-07
0.000325181 0 0 0 9.75225e-07
0.000326609 0 0 0 9.8813e-07
0.000328043 0 0 0 1.00121e-06
0.000329484 0 0 0 1.01445e-06
0.000330931 0 0 0 1.02788e-06
0.000332384 0 0 0 1.04148e-06
0.000333844 0 0 0 1.05526e-06
0.00033531 0 0 0 1.06923e-06
0.000336783 0 0 0 1.08338e-06
0.000338262 0 0 0 1.09771e-06
0.000339747 0 0 0 1.11224e-06
0.000341239 0 0 0 1.12696e-06
0.000342738 0 0 0 1.14187e-06
0.000344243 0 0 0 1.15698e-06
0.000345755 0 0 0 1.17229e-06
0.000347273 0 0 0 1.1878e-06
0.000348798 0 0 0 1.20352e-06
0.00035033 0 0 0 1.21945e-06
0.000351869 0 0 0 1.23558e-06
0.000353414 0 0 0 1.25193e-06
0.000354966 0 0 0 1.2685e-06
0.000356525 0 0 0 1.28528e-06
0.000358091 0 0 0 1.30229e-06
0.000359663 0 0 0 1.31953e-06
0.000361243 0 0 0 1.33699e-06
0.000362829 0 0 0 1.35468e-06
0.000364423 0 0 0 1.37261e-06
0.000366023 0 0 0 1.39077e-06
0.00036763 0 0 0 1.40917e-06
0.000369245 0 0 0 1.42782e-06
0.000370867 0 0 0 1.44671e-06
0.000372495 0 0 0 1.46586e-06
0.000374131 0 0 0 1.48526e-06
0.000375774 0 0 0 1.50491e-06
0.000377424 0 0 0 1.52482e-06
0.000379082 0 0 0 1.545e-06
0.000380747 0 0 0 1.56545e-06
0.000382419 0 0 0 1.58616e-06
0.000384098 0 0 0 1.60715e-06
0.000385785 0 0 0 1.62842e-06
0.000387479 0 0 0 1.64997e-06
0.000389181 0 0 0 1.6718e-06
0.00039089 0 0 0 1.69392e-06
0.000392607 0 0 0 1.71634e-06
0.000394331 0 0 0 1.73905e-06
0.000396063 0 0 0 1.76206e-06
0.000397802 0 0 0 1.78538e-06
0.000399549 0 0 0 1.80901e-06
0.000401304 0 0 0 1.83295e-06
0.000403066 0 0 0 1.8572e-06
0.000404836 0 0 0 1.88178e-06
0.000406614 0 0 0 1.90668e-06
0.0004084 0 0 0 1.93191e-06
0.000410193 0 0 0 1.95747e-06
0.000411995 0 0 0 1.98338e-06
0.000413804 0 0 0 2.00962e-06
0.000415621 0 0 0 2.03622e-06
0.000417447 0 0 0 2.06316e-06
0.00041928 0 0 0 2.09046e-06
0.000421121 0 0 0 2.11813e-06
0.000422971 0 0 0 2.14615e-06
0.000424828 0 0 0 2.17455e-06
0.000426694 0 0 0 2.20333e-06
0.000428568 0 0 0 2.23249e-06
0.00043045 0 0 0 2.26203e-06
0.00043234 0 0 0 2.29196e-06
0.000434239 0 0 0 2.32229e-06
0.000436146 0 0 0 2.35302e-06
0.000438061 0 0 0 2.38416e-06
0.000439985 0 0 0 2.41571e-06
0.000441918 0 0 0 2.44767e-06
0.000443858 0 0 0 2.48006e-06
0.000445808 0 0 0 2.51288e-06
0.000447765 0 0 0 2.54614e-06
0.000449732 0 0 0 2.57983e-06
0.000451707 0 0 0 2.61397e-06
0.000453691 0 0 0 2.64856e-06
0.000455683 0 0 0 2.6836e-06
0.000457684 0 0 0 2.71912e-06
0.000459694 0 0 0 2.7551e-06
0.000461713 0 0 0 2.79156e-06
0.000463741 0 0 0 2.8285e-06
0.000465777 0 0 0 2.86593e-06
0.000467823 0 0 0 2.90385e-06
0.000469877 0 0 0 2.94228e-06
0.000471941 0 0 0 2.98121e-06
0.000474013 0 0 0 3.02066e-06
0.000476095 0 0 0 3.06063e-06
0.000478186 0 0 0 3.10113e-06
0.000480286 0 0 0 3.14217e-06
0.000482395 0 0 0 3.18375e-06
0.000484514 0 0 0 3.22588e-06
0.000486642 0 0 0 3.26857e-06
0.000488779 0 0 0 3.31182e-06
0.000490925 0 0 0 3.35565e-06
0.000493081 0 0 0 3.40005e-06
0.000495247 0 0 0 3.44504e-06
0.000497422 0 0 0 3.49063e-06
0.000499606 0 0 0 3.53682e-06
0.0005018 0 0 0 3.58362e-06
0.000504004 0 0 0 3.63105e-06
0.000506217 0 0 0 3.6791e-06
0.00050844 0 0 0 3.72778e-06
0.000510673 0 0 0 3.77711e-06
0.000512916 0 0 0 3.82709e-06
0.000515169 0 0 0 3.87773e-06
0.000517431 0 0 0 3.92905e-06
0.000519703 0 0 0 3.98104e-06
0.000521986 0 0 0 4.03372e-06
0.000524278 0 0 0 4.0871e-06
0.000526581 0 0 0 4.14118e-06
0.000528893 0 0 0 4.19598e-06
0.000531216 0 0 0 4.25151e-06
0.000533549 0 0 0 4.30777e-06
0.000535892 0 0 0 4.36477e-06
0.000538245 0 0 0 4.42253e-06
0.000540609 0 0 0 4.48105e-06
0.000542983 0 0 0 4.54035e-06
0.000545368 0 0 0 4.60043e-06
0.000547763 0 0 0 4.66131e-06
0.000550169 0 0 0 4.72299e-06
0.000552585 0 0 0 4.78549e-06
0.000555011 0 0 0 4.84882e-06
0.000557449 0 0 0 4.91298e-06
0.000559897 0 0 0 4.97799e-06
0.000562356 0 0 0 5.04387e-06
0.000564825 0 0 0 5.11061e-06
0.000567306 0 0 0 5.17824e-06
0.000569797 0 0 0 5.24676e-06
0.0005723 0 0 0 5.31619e-06
0.000574813 0 0 0 5.38654e-06
0.000577337 0 0 0 5.45782e-06
0.000579873 0 0 0 5.53004e-06
0.00058242 0 0 0 5.60322e-06
0.000584977 0 0 0 5.67737e-06
0.000587546 0 0 0 5.75249e-06
0.000590127 0 0 0 5.82862e-06
0.000592718 0 0 0 5.90575e-06
0.000595321 0 0 0 5.9839e-06
0.000597936 0 0 0 6.06308e-06
0.000600562 0 0 0 6.14331e-06
0.000603199 0 0 0 6.22461e-06
0.000605848 0 0 0 6.30697e-06
0.000608509 0 0 0 6.39043e-06
0.000611181 0 0 0 6.475e-06
0.000613865 0 0 0 6.56068e-06
0.000616561 0 0 0 6.6475e-06
0.000619269 0 0 0 6.73546e-06
0.000621988 0 0 0 6.82459e-06
0.00062472 0 0 0 6.9149e-06
0.000627463 0 0 0 7.0064e-06
0.000630219 0 0 0 7.09912e-06
0.000632987 0 0 0 7.19306e-06
0.000635767 0 0 0 7.28825e-06
0.000638559 0 0 0 7.38469e-06
0.000641363 0 0 0 7.48241e-06
0.00064418 0 0 0 7.58143e-06
0.000647009 0 0 0 7.68175e-06
0.00064985 0 0 0 7.7834e-06
0.000652704 0 0 0 7.8864e-06
0.00065557 0 0 0 7.99076e-06
0.000658449 0 0 0 8.0965e-06
0.000661341 0 0 0 8.20364e-06
0.000664246 0 0 0 8.3122e-06
0.000667163 0 0 0 8.42219e-06
0.000670093 0 0 0 8.53364e-06
0.000673035 0 0 0 8.64656e-06
0.000675991 0 0 0 8.76098e-06
0.00067896 0 0 0 8.87692e-06
0.000681942 0 0 0 8.99438e-06
0.000684936 0 0 0 9.1134e-06
0.000687944 0 0 0 9.234e-06
0.000690966 0 0 0 9.35619e-06
0.000694 0 0 0 9.48e-06
0.000697048 0 0 0 9.60545e-06
0.000700109 0 0 0 9.73256e-06
0.000703184 0 0 0 9.86135e-06
0.000706272 0 0 0 9.99184e-06
0.000709374 0 0 0 1.01241e-05
0.000712489 0 0 0 1.0258e-05
0.000715618 0 0 0 1.03938e-05
0.000718761 0 0 0 1.05313e-05
0.000721917 0 0 0 1.06707e-05
0.000725088 0 0 0 1.08119e-05
0.000728272 0 0 0 1.0955e-05
0.00073147 0 0 0 1.10999e-05
0.000734682 0 0 0 1.12468e-05
0.000737909 0 0 0 1.13956e-05
0.00074115 0 0 0 1.15464e-05
0.000744404 0 0 0 1.16992e-05
0.000747674 0 0 0 1.1854e-05
0.000750957 0 0 0 1.20109e-05
0.000754255 0 0 0 1.21698e-05
0.000757567 0 0 0 1.23309e-05
0.000760894 0 0 0 1.2494e-05
0.000764236 0 0 0 1.26594e-05
0.000767592 0 0 0 1.28269e-05
0.000770963 0 0 0 1.29966e-05
0.000774349 0 0 0 1.31686e-05
0.00077775 0 0 0 1.33429e-05
0.000781165 0 0 0 1.35194e-05
0.000784596 0 0 0 1.36983e-05
0.000788042 0 0 0 1.38796e-05
0.000791502 0 0 0 1.40633e-05
0.000794978 0 0 0 1.42494e-05
0.00079847 0 0 0 1.44379e-05
0.000801976 0 0 0 1.4629e-05
0.000805498 0 0 0 1.48226e-05
0.000809036 0 0 0 1.50187e-05
0.000812589 0 0 0 1.52175e-05
0.000816157 0 0 0 1.54188e-05
0.000819742 0 0 0 1.56229e-05
0.000823342 0 0 0 1.58296e-05
0.000826957 0 0 0 1.60391e-05
0.000830589 0 0 0 1.62513e-05
0.000834237 0 0 0 1.64664e-05
0.0008379 0 0 0 1.66843e-05
0.00084158 0 0 0 1.6905e-05
0.000845276 0 0 0 1.71287e-05
0.000848988 0 0 0 1.73554e-05
0.000852717 0 0 0 1.75851e-05
0.000856461 0 0 0 1.78178e-05
0.000860223 0 0 0 1.80536e-05
0.000864001 0 0 0 1.82925e-05
0.000867795 0 0 0 1.85345e-05
0.000871606 0 0 0 1.87798e-05
0.000875434 0 0 0 1.90283e-05
0.000879278 0 0 0 1.92801e-05
0.00088314 0 0 0 1.95352e-05
0.000887018 0 0 0 1.97937e-05
0.000890914 0 0 0 2.00557e-05
0.000894826 0 0 0 2.0321e-05
0.000898756 0 0 0 2.059e-05
0.000902703 0 0 0 2.08624e-05
0.000906667 0 0 0 2.11385e-05
0.000910649 0 0 0 2.14182e-05
0.000914648 0 0 0 2.17016e-05
0.000918665 0 0 0 2.19888e-05
0.0009227 0 0 0 2.22798e-05
0.000926752 0 0 0 2.25746e-05
0.000930822 0 0 0 2.28733e-05
0.00093491 0 0 0 2.3176e-05
0.000939015 0 0 0 2.34827e-05
0.000943139 0 0 0 2.37934e-05
0.000947281 0 0 0 2.41083e-05
0.000951441 0 0 0 2.44273e-05
0.00095562 0 0 0 2.47506e-05
0.000959816 0 0 0 2.50781e-05
0.000964032 0 0 0 2.54099e-05
0.000968265 0 0 0 2.57462e-05
0.000972518 0 0 0 2.60869e-05
0.000976789 0 0 0 2.64321e-05
0.000981078 0 0 0 2.67819e-05
0.000985387 0 0 0 2.71363e-05
0.000989714 0 0 0 2.74954e-05
0.000994061 0 0 0 2.78592e-05
0.000998426 0 0 0 2.82279e-05
0.00100281 0 0 0 2.86014e-05
0.00100721 0 0 0 2.89799e-05
0.00101164 0 0 0 2.93634e-05
0.00101608 0 0 0 2.97519e-05
0.00102054 0 0 0 3.01456e-05
0.00102503 0 0 0 3.05445e-05
0.00102953 0 0 0 3.09487e-05
0.00103405 0 0 0 3.13583e-05
0.00103859 0 0 0 3.17732e-05
0.00104315 0 0 0 3.21937e-05
0.00104773 0 0 0 3.26197e-05
0.00105233 0 0 0 3.30513e-05
0.00105695 0 0 0 3.34887e-05
0.0010616 0 0 0 3.39319e-05
0.00106626 0 0 0 3.43809e-05
0.00107094 0 0 0 3.48358e-05
0.00107564 0 0 0 3.52968e-05
0.00108037 0 0 0 3.57639e-05
0.00108511 0 0 0 3.62371e-05
0.00108988 0 0 0 3.67167e-05
0.00109466 0 0 0 3.72025e-05
0.00109947 0 0 0 3.76948e-05
0.0011043 0 0 0 3.81936e-05
0.00110915 0 0 0 3.86991e-05
0.00111402 0 0 0 3.92112e-05
0.00111891 0 0 0 3.973e-05
0.00112383 0 0 0 4.02558e-05
0.00112876 0 0 0 4.07885e-05
0.00113372 0 0 0 4.13282e-05
0.0011387 0 0 0 4.18751e-05
0.0011437 0 0 0 4.24292e-05
0.00114872 0 0 0 4.29907e-05
0.00115377 0 0 0 4.35596e-05
0.00115883 0 0 0 4.4136e-05
0.00116392 0 0 0 4.47201e-05
0.00116903 0 0 0 4.53118e-05
0.00117417 0 0 0 4.59114e-05
0.00117932 0 0 0 4.6519e-05
0.0011845 0 0 0 4.71346e-05
0.00118971 0 0 0 4.77583e-05
0.00119493 0 0 0 4.83903e-05
0.00120018 0 0 0 4.90306e-05
0.00120545 0 0 0 4.96794e-05
0.00121074 0 0 0 5.03368e-05
0.00121606 0 0 0 5.10029e-05
0.0012214 0 0 0 5.16778e-05
0.00122676 0 0 0 5.23617e-05
0.00123215 0 0 0 5.30546e-05
0.00123756 0 0 0 5.37566e-05
0.001243 0 0 0 5.4468e-05
0.00124846 0 0 0 5.51888e-05
0.00125394 0 0 0 5.59191e-05
0.00125945 0 0 0 5.6659e-05
0.00126498 0 0 0 5.74088e-05
0.00127053 0 0 0 5.81685e-05
0.00127611 0 0 0 5.89382e-05
0.00128172 0 0 0 5.97181e-05
0.00128735 0 0 0 6.05084e-05
0.001293 0 0 0 6.13091e-05
0.00129868 0 0 0 6.21204e-05
0.00130438 0 0 0 6.29424e-05
0.00131011 0 0 0 6.37753e-05
0.00131586 0 0 0 6.46192e-05
0.00132164 0 0 0 6.54743e-05
0.00132745 0 0 0 6.63408e-05
0.00133328 0 0 0 6.72186e-05
0.00133913 10.16 0.000197956 6 6.81081e-05
0.00134501 0 0 0 6.90094e-05
0.00135092 0 0 0 6.99226e-05
0.00135685 0 0 0 7.08479e-05
0.00136281 0 0 0 7.17854e-05
0.0013688 0 0 0 7.27353e-05
0.00137481 0 0 0 7.36978e-05
0.00138084 0 0 0 7.4673e-05
0.00138691 0 0 0 7.56612e-05
0.001393 0 0 0 7.66624e-05
0.00139912 0 0 0 7.76769e-05
0.00140526 0 0 0 7.87047e-05
0.00141143 0 0 0 7.97462e-05
0.00141763 0 0 0 8.08015e-05
0.00142386 0 0 0 8.18707e-05
0.00143011 0 0 0 8.29541e-05
0.00143639 0 0 0 8.40518e-05
0.0014427 0 0 0 8.51641e-05
0.00144903 0 0 0 8.62911e-05
0.0014554 0 0 0 8.74329e-05
0.00146179 0 0 0 8.85899e-05
0.00146821 0 0 0 8.97622e-05
0.00147466 0 0 0 9.095e-05
0.00148113 0 0 0 9.21536e-05
0.00148764 0 0 0 9.3373e-05
0.00149417 0 0 0 9.46086e-05
0.00150073 0 0 0 9.58606e-05
0.00150732 0 0 0 9.71291e-05
0.00151394 0 0 0 9.84144e-05
0.00152059 0 0 0 9.97167e-05
0.00152727 0 0 0 0.000101036
0.00153398 0 0 0 0.000102373
0.00154071 0 0 0 0.000103728
0.00154748 0 0 0 0.000105101
0.00155428 0 0 0 0.000106491
0.0015611 0 0 0 0.0001079
0.00156796 0 0 0 0.000109328
0.00157484 0 0 0 0.000110775
0.00158176 0 0 0 0.000112241
0.00158871 0 0 0 0.000113726
0.00159568 0 0 0 0.000115231
0.00160269 0 0 0 0.000116756
0.00160973 0 0 0 0.000118301
0.0016168 0 0 0 0.000119866
0.0016239 0 0 0 0.000121453
0.00163103 0 0 0 0.00012306
0.00163819 0 0 0 0.000124688
0.00164539 0 0 0 0.000126338
0.00165261 0 0 0 0.00012801
0.00165987 0 0 0 0.000129704
0.00166716 0 0 0 0.00013142
0.00167448 0 0 0 0.000133159
0.00168184 0 0 0 0.000134921
0.00168922 0 0 0 0.000136707
0.00169664 0 0 0 0.000138516
0.00170409 0 0 0 0.000140349
0.00171158 0 0 0 0.000142206
0.00171909 0 0 0 0.000144088
0.00172664 0 0 0 0.000145995
0.00173422 0 0 0 0.000147926
0.00174184 0 0 0 0.000149884
0.00174949 0 0 0 0.000151867
0.00175717 0 0 0 0.000153877
0.00176489 0 0 0 0.000155913
0.00177264 0 0 0 0.000157976
0.00178043 0 0 0 0.000160067
0.00178824 0 0 0 0.000162185
0.0017961 0 0 0 0.000164331
0.00180399 0 0 0 0.000166506
0.00181191 0 0 0 0.000168709
0.00181987 0 0 0 0.000170942
0.00182786 0 0 0 0.000173204
0.00183589 0 0 0 0.000175496
0.00184395 0 0 0 0.000177818
0.00185205 0 0 0 0.000180171
0.00186018 0 0 0 0.000182555
0.00186835 0 0 0 0.000184971
0.00187655 0 0 0 0.000187419
0.00188479 0 0 0 0.000189899
0.00189307 20.1568 0.000139016 12 0.000192412
0.00190139 0 0 0 0.000194958
0.00190974 0 0 0 0.000197538
0.00191812 0 0 0 0.000200152
0.00192655 0 0 0 0.0002028
0.00193501 0 0 0 0.000205484
0.00194351 0 0 0 0.000208203
0.00195204 0 0 0 0.000210958
0.00196061 0 0 0 0.00021375
0.00196922 0 0 0 0.000216578
0.00197787 0 0 0 0.000219444
0.00198656 0 0 0 0.000222348
0.00199528 0 0 0 0.00022529
0.00200404 0 0 0 0.000228272
0.00201285 0 0 0 0.000231292
0.00202168 0 0 0 0.000234353
0.00203056 0 0 0 0.000237454
0.00203948 0 0 0 0.000240596
0.00204844 0 0 0 0.00024378
0.00205743 0 0 0 0.000247006
0.00206647 0 0 0 0.000250275
0.00207554 0 0 0 0.000253586
0.00208466 0 0 0 0.000256942
0.00209381 0 0 0 0.000260342
0.00210301 0 0 0 0.000263787
0.00211225 0 0 0 0.000267278
0.00212152 0 0 0 0.000270815
0.00213084 0 0 0 0.000274398
0.0021402 0 0 0 0.000278029
0.0021496 0 0 0 0.000281709
0.00215904 0 0 0 0.000285436
0.00216852 0 0 0 0.000289214
0.00217804 0 0 0 0.000293041
0.00218761 0 0 0 0.000296918
0.00219721 0 0 0 0.000300848
0.00220686 0 0 0 0.000304829
0.00221655 0 0 0 0.000308862
0.00222629 0 0 0 0.000312949
0.00223607 0 0 0 0.000317091
0.00224589 0 0 0 0.000321287
0.00225575 0 0 0 0.000325538
0.00226566 0 0 0 0.000329846
0.00227561 0 0 0 0.000334211
0.0022856 0 0 0 0.000338633
0.00229564 0 0 0 0.000343115
0.00230572 0 0 0 0.000347655
0.00231584 0 0 0 0.000352255
0.00232601 30.0499 0.000111726 8 0.000356917
0.00233623 0 0 0 0.00036164
0.00234649 0 0 0 0.000366425
0.00235679 0 0 0 0.000371274
0.00236714 0 0 0 0.000376187
0.00237754 0 0 0 0.000381165
0.00238798 0 0 0 0.000386209
0.00239847 0 0 0 0.00039132
0.002409 0 0 0 0.000396498
0.00241958 0 0 0 0.000401745
0.00243021 0 0 0 0.000407061
0.00244088 0 0 0 0.000412448
0.0024516 0 0 0 0.000417906
0.00246237 0 0 0 0.000423436
0.00247318 0 0 0 0.000429039
0.00248404 0 0 0 0.000434716
0.00249495 0 0 0 0.000440469
0.00250591 0 0 0 0.000446298
0.00251691 0 0 0 0.000452203
0.00252797 0 0 0 0.000458187
0.00253907 0 0 0 0.00046425
0.00255022 0 0 0 0.000470394
0.00256142 0 0 0 0.000476618
0.00257267 0 0 0 0.000482926
0.00258396 0 0 0 0.000489316
0.00259531 0 0 0 0.000495791
0.00260671 0 0 0 0.000502352
0.00261816 0 0 0 0.000508999
0.00262966 0 0 0 0.000515735
0.0026412 0 0 0 0.00052256
0.0026528 0 0 0 0.000529475
0.00266445 0 0 0 0.000536481
0.00267615 25.6028 6.25028e-05 6 0.00054358
0.00268791 0 0 0 0.000550773
0.00269971 0 0 0 0.000558062
0.00271157 0 0 0 0.000565446
0.00272348 0 0 0 0.000572929
0.00273544 0 0 0 0.00058051
0.00274745 0 0 0 0.000588192
0.00275952 0 0 0 0.000595976
0.00277163 0 0 0 0.000603862
0.00278381 0 0 0 0.000611853
0.00279603 0 0 0 0.000619949
0.00280831 0 0 0 0.000628153
0.00282064 0 0 0 0.000636465
0.00283303 0 0 0 0.000644888
0.00284547 0 0 0 0.000653421
0.00285797 0 0 0 0.000662068
0.00287052 0 0 0 0.000670829
0.00288313 0 0 0 0.000679706
0.00289579 0 0 0 0.000688701
0.00290851 0 0 0 0.000697814
0.00292128 0 0 0 0.000707048
0.00293411 0 0 0 0.000716404
0.00294699 0 0 0 0.000725885
0.00295994 0 0 0 0.00073549
0.00297293 0 0 0 0.000745223
0.00298599 0 0 0 0.000755084
0.0029991 30.2348 5.2442e-05 24 0.000765076
0.00301228 0 0 0 0.0007752
0.0030255 0 0 0 0.000785458
0.00303879 0 0 0 0.000795852
0.00305214 0 0 0 0.000806384
0.00306554 0 0 0 0.000817054
0.003079 0 0 0 0.000827866
0.00309252 0 0 0 0.000838821
0.00310611 0 0 0 0.000849921
0.00311975 0 0 0 0.000861168
0.00313345 0 0 0 0.000872564
0.00314721 0 0 0 0.000884111
0.00316103 0 0 0 0.00089581
0.00317491 0 0 0 0.000907664
0.00318886 0 0 0 0.000919675
0.00320286 0 0 0 0.000931845
0.00321693 0 0 0 0.000944176
0.00323105 0 0 0 0.00095667
0.00324524 0 0 0 0.00096933
0.00325949 0 0 0 0.000982157
0.00327381 0 0 0 0.000995153
0.00328819 28.0831 3.69591e-05 24 0.00100832
0.00330263 0 0 0 0.00102167
0.00331713 0 0 0 0.00103518
0.0033317 0 0 0 0.00104888
0.00334633 0 0 0 0.00106276
0.00336103 0 0 0 0.00107683
0.00337579 0 0 0 0.00109108
0.00339061 0 0 0 0.00110551
0.0034055 0 0 0 0.00112014
0.00342046 0 0 0 0.00113497
0.00343548 0 0 0 0.00114998
0.00345057 0 0 0 0.0011652
0.00346572 0 0 0 0.00118062
0.00348094 0 0 0 0.00119624
0.00349623 0 0 0 0.00121207
0.00351158 0 0 0 0.00122811
0.003527 0 0 0 0.00124436
0.00354249 0 0 0 0.00126083
0.00355805 0 0 0 0.00127752
0.00357368 0 0 0 0.00129442
0.00358937 0 0 0 0.00131155
0.00360513 0 0 0 0.00132891
0.00362097 0 0 0 0.00134649
0.00363687 0 0 0 0.00136431
0.00365284 0 0 0 0.00138236
0.00366888 0 0 0 0.00140065
0.00368499 0 0 0 0.00141919
0.00370118 0 0 0 0.00143797
0.00371743 0 0 0 0.001457
0.00373376 0 0 0 0.00147628
0.00375015 0 0 0 0.00149581
0.00376662 0 0 0 0.00151561
0.00378317 37.6269 3.25146e-05 12 0.00153566
0.00379978 0 0 0 0.00155598
0.00381647 0 0 0 0.00157657
0.00383323 0 0 0 0.00159744
0.00385006 0 0 0 0.00161858
0.00386697 0 0 0 0.00163999
0.00388395 0 0 0 0.0016617
0.00390101 0 0 0 0.00168368
0.00391814 0 0 0 0.00170596
0.00393535 0 0 0 0.00172854
0.00395263 0 0 0 0.00175141
0.00396999 0 0 0 0.00177459
0.00398742 0 0 0 0.00179807
0.00400494 0 0 0 0.00182187
0.00402252 55.2869 3.9744e-05 30 0.00184597
0.00404019 0 0 0 0.0018704
0.00405793 0 0 0 0.00189515
0.00407575 0 0 0 0.00192023
0.00409365 0 0 0 0.00194564
0.00411163 0 0 0 0.00197139
0.00412969 0 0 0 0.00199747
0.00414782 0 0 0 0.00202391
0.00416604 0 0 0 0.00205069
0.00418433 0 0 0 0.00207783
0.00420271 0 0 0 0.00210532
0.00422117 0 0 0 0.00213318
0.00423971 60.9683 3.7432e-05 24 0.00216141
0.00425832 0 0 0 0.00219001
0.00427703 0 0 0 0.00221899
0.00429581 0 0 0 0.00224835
0.00431467 0 0 0 0.00227811
0.00433362 0 0 0 0.00230825
0.00435265 0 0 0 0.0023388
0.00437177 0 0 0 0.00236975
0.00439097 0 0 0 0.0024011
0.00441025 0 0 0 0.00243288
0.00442962 0 0 0 0.00246507
0.00444907 64.6066 3.43253e-05 24 0.00249769
0.00446861 0 0 0 0.00253074
0.00448824 0 0 0 0.00256423
0.00450795 0 0 0 0.00259816
0.00452775 0 0 0 0.00263255
0.00454763 0 0 0 0.00266738
0.0045676 0 0 0 0.00270268
0.00458766 0 0 0 0.00273844
0.00460781 0 0 0 0.00277468
0.00462804 0 0 0 0.0028114
0.00464837 70.528 3.28553e-05 8 0.0028486
0.00466878 0 0 0 0.0028863
0.00468929 0 0 0 0.00292449
0.00470988 0 0 0 0.00296319
0.00473056 0 0 0 0.0030024
0.00475134 0 0 0 0.00304213
0.00477221 0 0 0 0.00308239
0.00479316 0 0 0 0.00312318
0.00481421 0 0 0 0.0031645
0.00483536 55.7218 2.30614e-05 24 0.00320638
0.00485659 0 0 0 0.00324881
0.00487792 0 0 0 0.0032918
0.00489934 0 0 0 0.00333536
0.00492086 0 0 0 0.0033795
0.00494247 0 0 0 0.00342422
0.00496417 0 0 0 0.00346953
0.00498597 0 0 0 0.00351544
0.00500787 56.1106 2.09041e-05 48 0.00356196
0.00502986 0 0 0 0.0036091
0.00505195 0 0 0 0.00365685
0.00507414 0 0 0 0.00370525
0.00509642 0 0 0 0.00375428
0.0051188 0 0 0 0.00380396
0.00514128 0 0 0 0.00385429
0.00516386 0 0 0 0.0039053
0.00518654 0 0 0 0.00395698
0.00520932 0 0 0 0.00400934
0.0052322 0 0 0 0.00406239
0.00525517 0 0 0 0.00411615
0.00527825 0 0 0 0.00417062
0.00530143 0 0 0 0.00422581
0.00532472 0 0 0 0.00428173
0.0053481 0 0 0 0.00433839
0.00537159 55.8816 1.68697e-05 6 0.0043958
0.00539518 0 0 0 0.00445396
0.00541887 0 0 0 0.0045129
0.00544267 0 0 0 0.00457262
0.00546657 0 0 0 0.00463313
0.00549058 0 0 0 0.00469444
0.00551469 76.4407 2.13259e-05 48 0.00475656
0.00553891 0 0 0 0.0048195
0.00556323 0 0 0 0.00488328
0.00558766 0 0 0 0.0049479
0.0056122 0 0 0 0.00501338
0.00563685 0 0 0 0.00507972
0.00566161 0 0 0 0.00514694
0.00568647 63.9096 1.62624e-05 36 0.00521504
0.00571144 0 0 0 0.00528405
0.00573653 0 0 0 0.00535398
0.00576172 0 0 0 0.00542483
0.00578702 0 0 0 0.00549661
0.00581244 0 0 0 0.00556935
0.00583796 91.546 2.15279e-05 24 0.00564305
0.0058636 0 0 0 0.00571772
0.00588935 0 0 0 0.00579338
0.00591521 0 0 0 0.00587005
0.00594119 0 0 0 0.00594772
0.00596728 0 0 0 0.00602643
0.00599349 45.0641 9.79349e-06 24 0.00610618
0.00601981 0 0 0 0.00618698
0.00604625 0 0 0 0.00626885
0.0060728 0 0 0 0.0063518
0.00609947 0 0 0 0.00643586
0.00612626 0 0 0 0.00652102
0.00615316 107.193 2.15287e-05 48 0.00660731
0.00618018 0 0 0 0.00669475
0.00620733 0 0 0 0.00678334
0.00623459 0 0 0 0.0068731
0.00626197 0 0 0 0.00696405
0.00628947 46.3869 8.72369e-06 24 0.00705621
0.00631709 0 0 0 0.00714958
0.00634483 0 0 0 0.00724419
0.00637269 0 0 0 0.00734005
0.00640068 0 0 0 0.00743718
0.00642879 0 0 0 0.0075356
0.00645702 0 0 0 0.00763531
0.00648538 0 0 0 0.00773635
0.00651386 0 0 0 0.00783872
0.00654247 0 0 0 0.00794245
0.0065712 65.1162 1.07375e-05 24 0.00804755
0.00660006 0 0 0 0.00815405
0.00662904 0 0 0 0.00826195
0.00665816 0 0 0 0.00837128
0.0066874 119.142 1.86397e-05 30 0.00848205
0.00671676 0 0 0 0.0085943
0.00674626 0 0 0 0.00870802
0.00677589 0 0 0 0.00882325
0.00680565 0 0 0 0.00894001
0.00683553 91.9375 1.34686e-05 72 0.00905831
0.00686555 0 0 0 0.00917818
0.00689571 0 0 0 0.00929964
0.00692599 0 0 0 0.0094227
0.0069564 94.8104 1.31779e-05 32 0.00954739
0.00698696 0 0 0 0.00967372
0.00701764 0 0 0 0.00980174
0.00704846 0 0 0 0.00993144
0.00707941 0 0 0 0.0100629
0.0071105 0 0 0 0.010196
0.00714173 0 0 0 0.0103309
0.00717309 0 0 0 0.0104677
0.0072046 111.123 1.39034e-05 72 0.0106062
0.00723624 0 0 0 0.0107465
0.00726801 0 0 0 0.0108887
0.00729993 0 0 0 0.0110328
0.00733199 87.264 1.03589e-05 48 0.0111788
0.00736419 0 0 0 0.0113267
0.00739653 0 0 0 0.0114766
0.00742901 0 0 0 0.0116285
0.00746164 0 0 0 0.0117824
0.00749441 0 0 0 0.0119383
0.00752732 0 0 0 0.0120963
0.00756038 0 0 0 0.0122563
0.00759358 114.233 1.22067e-05 12 0.0124185
0.00762693 0 0 0 0.0125829
0.00766042 0 0 0 0.0127494
0.00769407 127.041 1.30504e-05 48 0.0129181
0.00772786 0 0 0 0.013089
0.00776179 0 0 0 0.0132622
0.00779588 0 0 0 0.0134377
0.00783012 91.0291 8.872e-06 48 0.0136155
0.0078645 0 0 0 0.0137957
0.00789904 0 0 0 0.0139783
0.00793373 119.546 1.12008e-05 48 0.0141632
0.00796857 0 0 0 0.0143507
0.00800357 0 0 0 0.0145406
0.00803872 98.051 8.83156e-06 30 0.014733
0.00807402 0 0 0 0.0149279
0.00810948 0 0 0 0.0151255
0.00814509 56.0665 4.85469e-06 24 0.0153256
0.00818086 0 0 0 0.0155284
0.00821679 0 0 0 0.0157339
0.00825288 81.9628 6.82255e-06 72 0.0159421
0.00828912 0 0 0 0.0161531
0.00832552 0 0 0 0.0163668
0.00836209 0 0 0 0.0165834
0.00839881 0 0 0 0.0168029
0.00843569 0 0 0 0.0170252
0.00847274 59.1042 4.54666e-06 24 0.0172505
0.00850995 0 0 0 0.0174788
0.00854732 0 0 0 0.0177101
0.00858486 82.9474 6.13408e-06 96 0.0179444
0.00862256 0 0 0 0.0181819
0.00866043 0 0 0 0.0184225
0.00869846 107.166 7.61861e-06 48 0.0186663
0.00873666 0 0 0 0.0189133
0.00877503 109.047 7.55118e-06 24 0.0191635
0.00881357 0 0 0 0.0194171
0.00885227 0 0 0 0.0196741
0.00889115 110.788 7.37505e-06 24 0.0199344
0.0089302 0 0 0 0.0201982
0.00896941 0 0 0 0.0204655
0.0090088 122.036 7.80968e-06 72 0.0207363
0.00904837 0 0 0 0.0210107
0.00908811 81.6096 5.08706e-06 48 0.0212887
0.00912802 0 0 0 0.0215704
0.0091681 0 0 0 0.0218559
0.00920837 0 0 0 0.0221451
0.00924881 0 0 0 0.0224381
0.00928942 140.075 8.176e-06 8 0.0227351
0.00933022 0 0 0 0.0230359
0.0093712 110.113 6.26039e-06 54 0.0233407
0.00941235 0 0 0 0.0236496
0.00945369 0 0 0 0.0239626
0.0094952 87.8241 4.80006e-06 84 0.0242797
0.0095369 0 0 0 0.024601
0.00957879 114.891 6.11645e-06 48 0.0249265
0.00962085 0 0 0 0.0252563
0.0096631 74.673 3.87222e-06 24 0.0255906
0.00970554 0 0 0 0.0259292
0.00974816 139.5 7.04614e-06 72 0.0262723
0.00979097 0 0 0 0.02662
0.00983397 118.335 5.82198e-06 96 0.0269722
0.00987716 0 0 0 0.0273291
0.00992054 0 0 0 0.0276908
0.0099641 0 0 0 0.0280572
0.0100079 0 0 0 0.0284285
0.0100518 117.243 5.40133e-06 48 0.0288047
0.010096 0 0 0 0.0291859
0.0101403 155.345 6.97092e-06 48 0.0295721
0.0101848 0 0 0 0.0299634
0.0102296 130.291 5.69496e-06 24 0.0303599
0.0102745 114.294 4.93049e-06 72 0.0307616
0.0103196 0 0 0 0.0311687
0.0103649 0 0 0 0.0315812
0.0104104 0 0 0 0.0319991
0.0104562 158.714 6.49597e-06 72 0.0324225
0.0105021 0 0 0 0.0328515
0.0105482 116.059 4.62691e-06 96 0.0332863
0.0105945 0 0 0 0.0337267
0.0106411 0 0 0 0.034173
0.0106878 0 0 0 0.0346252
0.0107347 336.84 1.27408e-05 6 0.0350834
0.0107819 0 0 0 0.0355477
0.0108292 155.245 5.7197e-06 96 0.0360181
0.0108768 128.013 4.65478e-06 96 0.0364947
0.0109245 0 0 0 0.0369776
0.0109725 97.1964 3.44253e-06 24 0.037467
0.0110207 0 0 0 0.0379628
0.0110691 135.147 4.66245e-06 48 0.0384651
0.0111177 116.353 3.96165e-06 96 0.0389741
0.0111665 0 0 0 0.0394899
0.0112156 105.855 3.5107e-06 48 0.0400124
0.0112648 0 0 0 0.0405419
0.0113143 0 0 0 0.0410784
0.011364 196.767 6.27345e-06 36 0.041622
0.0114139 0 0 0 0.0421728
0.011464 140.025 4.34851e-06 48 0.0427308
0.0115144 124.924 3.82889e-06 120 0.0432963
0.0115649 0 0 0 0.0438692
0.0116157 136.344 4.07046e-06 56 0.0444497
0.0116667 127.265 3.74979e-06 24 0.0450379
0.011718 0 0 0 0.0456339
0.0117694 128.829 3.69738e-06 96 0.0462378
0.0118211 135.533 3.83897e-06 48 0.0468496
0.011873 0 0 0 0.0474696
0.0119252 0 0 0 0.0480977
0.0119776 92.8716 2.52886e-06 24 0.0487342
0.0120302 0 0 0 0.0493791
0.012083 147.825 3.92076e-06 102 0.0500325
0.012136 89.678 2.34747e-06 48 0.0506946
0.0121893 148.017 3.82399e-06 72 0.0513654
0.0122429 0 0 0 0.0520452
0.0122966 95.1452 2.39427e-06 48 0.0527339
0.0123506 121.174 3.00945e-06 48 0.0534317
0.0124049 151.683 3.71797e-06 120 0.0541387
0.0124594 0 0 0 0.0548551
0.0125141 0 0 0 0.055581
0.012569 162.219 3.82244e-06 24 0.0563165
0.0126242 162.264 3.77358e-06 144 0.0570618
0.0126797 0 0 0 0.0578169
0.0127354 143.415 3.24867e-06 120 0.0585819
0.0127913 166.009 3.71137e-06 48 0.0593571
0.0128475 0 0 0 0.0601426
0.0129039 169.738 3.69626e-06 48 0.0609385
0.0129606 0 0 0 0.0617449
0.0130175 174.143 3.69379e-06 96 0.0625619
0.0130746 0 0 0 0.0633898
0.0131321 164.233 3.39318e-06 24 0.0642286
0.0131897 149.294 3.04425e-06 48 0.0650785
0.0132477 140.584 2.8292e-06 108 0.0659397
0.0133058 0 0 0 0.0668123
0.0133643 190.598 3.73619e-06 72 0.0676964
0.013423 227.819 4.40749e-06 30 0.0685922
0.0134819 165.554 3.16105e-06 168 0.0694999
0.0135411 165.983 3.12785e-06 48 0.0704196
0.0136006 0 0 0 0.0713514
0.0136603 159.821 2.93358e-06 72 0.0722956
0.0137203 194.205 3.51816e-06 96 0.0732523
0.0137806 126.046 2.25358e-06 72 0.0742216
0.0138411 156.708 2.7652e-06 72 0.0752038
0.0139019 118.276 2.0598e-06 32 0.076199
0.0139629 0 0 0 0.0772073
0.0140242 202.068 3.42773e-06 72 0.078229
0.0140858 173.547 2.90547e-06 144 0.0792642
0.0141477 0 0 0 0.0803131
0.0142098 0 0 0 0.0813758
0.0142722 164.373 2.64546e-06 96 0.0824527
0.0143349 184.741 2.93444e-06 96 0.0835438
0.0143979 139.632 2.18895e-06 48 0.0846493
0.0144611 153.58 2.37617e-06 72 0.0857694
0.0145246 173.272 2.64583e-06 120 0.0869044
0.0145884 216.013 3.2554e-06 72 0.0880544
0.0146524 133.119 1.97995e-06 48 0.0892196
0.0147168 143.712 2.1096e-06 78 0.0904002
0.0147814 176.938 2.5634e-06 120 0.0915965
0.0148463 166.7 2.38354e-06 48 0.0928086
0.0149115 0 0 0 0.0940367
0.014977 218.484 3.0429e-06 144 0.0952811
0.0150428 181.481 2.49455e-06 144 0.0965419
0.0151089 0 0 0 0.0978195
0.0151752 228.045 3.05325e-06 12 0.0991139
0.0152419 174.456 2.30525e-06 144 0.100425
0.0153088 177.391 2.31342e-06 168 0.101754
0.015376 138.412 1.78151e-06 48 0.103101
0.0154436 262.304 3.33203e-06 48 0.104465
0.0155114 185.827 2.32972e-06 168 0.105848
0.0155795 0 0 0 0.107248
0.0156479 155.393 1.89762e-06 48 0.108667
0.0157166 147.56 1.77843e-06 192 0.110105
0.0157857 150.277 1.78752e-06 72 0.111562
0.015855 123.895 1.45446e-06 48 0.113039
0.0159246 209.373 2.42583e-06 96 0.114535
0.0159945 207.828 2.37648e-06 48 0.11605
0.0160648 214.664 2.42259e-06 30 0.117586
0.0161353 177.243 1.97415e-06 96 0.119142
0.0162062 141.46 1.55502e-06 192 0.120718
0.0162774 233.565 2.53396e-06 80 0.122316
0.0163489 205.428 2.1996e-06 168 0.123934
0.0164207 201.427 2.12859e-06 120 0.125574
0.0164928 162.714 1.69703e-06 72 0.127236
0.0165652 194.407 2.00109e-06 144 0.12892
0.0166379 192.764 1.95827e-06 96 0.130626
0.016711 176.424 1.76887e-06 96 0.132354
0.0167844 184.305 1.82374e-06 72 0.134106
0.0168581 248.963 2.43138e-06 96 0.13588
0.0169322 151.366 1.45894e-06 24 0.137679
0.0170065 195.822 1.86278e-06 192 0.1395
0.0170812 222.898 2.09265e-06 132 0.141346
0.0171562 211.028 1.95534e-06 96 0.143217
0.0172316 239.453 2.18974e-06 96 0.145112
0.0173072 229.1 2.06771e-06 120 0.147032
0.0173832 190.934 1.70074e-06 48 0.148978
0.0174596 215.469 1.89422e-06 222 0.150949
0.0175363 227.837 1.97678e-06 120 0.152947
0.0176133 178.273 1.52655e-06 192 0.154971
0.0176906 204.301 1.72658e-06 144 0.157021
0.0177683 157.338 1.31232e-06 24 0.159099
0.0178463 215.006 1.7699e-06 144 0.161205
0.0179247 204.091 1.65811e-06 120 0.163338
0.0180034 187.41 1.5027e-06 192 0.165499
0.0180825 224.948 1.78013e-06 144 0.167689
0.0181619 295.074 2.30458e-06 48 0.169908
0.0182417 223.866 1.7256e-06 336 0.172157
0.0183218 192.09 1.46132e-06 48 0.174435
0.0184022 252.957 1.89924e-06 192 0.176743
0.0184831 180.492 1.33747e-06 48 0.179082
0.0185642 144.102 1.05386e-06 8 0.181452
0.0186458 212.702 1.53524e-06 288 0.183853
0.0187276 233.73 1.66499e-06 150 0.186286
0.0188099 201.849 1.4191e-06 120 0.188751
0.0188925 212.894 1.47721e-06 120 0.191248
0.0189755 236.183 1.6174e-06 228 0.193779
0.0190588 181.099 1.22398e-06 168 0.196344
0.0191425 203.31 1.35615e-06 48 0.198942
0.0192266 242.609 1.59716e-06 336 0.201574
0.019311 301.67 1.96004e-06 24 0.204242
0.0193958 234.746 1.50529e-06 336 0.206944
0.019481 197.886 1.25236e-06 144 0.209683
0.0195665 201.139 1.25632e-06 168 0.212458
0.0196525 0 0 0 0.215269
0.0197388 213.558 1.29927e-06 192 0.218118
0.0198255 251.046 1.5074e-06 216 0.221004
0.0199125 200.004 1.18524e-06 192 0.223928
0.02 262.132 1.53313e-06 144 0.226892
0.0200878 219.851 1.26904e-06 198 0.229894
0.020176 252.395 1.43787e-06 216 0.232936
0.0202646 199.287 1.12049e-06 168 0.236019
0.0203536 257.823 1.43068e-06 240 0.239142
0.020443 258.772 1.41719e-06 168 0.242306
0.0205328 236.504 1.27832e-06 264 0.245513
0.020623 234.335 1.25006e-06 216 0.248762
0.0207135 221.447 1.16588e-06 96 0.252053
0.0208045 219.469 1.14037e-06 144 0.255389
0.0208959 283.823 1.4555e-06 308 0.258768
0.0209876 217.719 1.10192e-06 312 0.262193
0.0210798 246.786 1.23273e-06 96 0.265662
0.0211724 244.999 1.20782e-06 288 0.269178
0.0212654 239.738 1.16644e-06 168 0.27274
0.0213588 242.949 1.16663e-06 240 0.276349
0.0214526 225.734 1.06981e-06 198 0.280006
0.0215468 255.872 1.1968e-06 192 0.283711
0.0216414 241.115 1.11305e-06 312 0.287465
0.0217364 226.992 1.03417e-06 168 0.291269
0.0218319 275.014 1.23659e-06 336 0.295124
0.0219278 213.164 9.45968e-07 72 0.299029
0.0220241 230.083 1.00772e-06 456 0.302986
0.0221208 201.649 8.71646e-07 144 0.306995
0.0222179 228.182 9.73456e-07 264 0.311058
0.0223155 209.034 8.80122e-07 336 0.315174
0.0224135 320.35 1.33119e-06 48 0.319345
0.0225119 236.025 9.67976e-07 408 0.32357
0.0226108 227.827 9.22152e-07 192 0.327852
0.0227101 234.822 9.38054e-07 180 0.332191
0.0228098 293.839 1.15848e-06 342 0.336586
0.02291 261.25 1.01654e-06 360 0.34104
0.0230106 277.245 1.06469e-06 168 0.345553
0.0231117 227.379 8.61792e-07 384 0.350126
0.0232132 277.444 1.03781e-06 344 0.354759
0.0233151 273.891 1.01114e-06 144 0.359454
0.0234175 260.388 9.48733e-07 456 0.36421
0.0235204 286.548 1.03041e-06 312 0.36903
0.0236236 244.964 8.69375e-07 96 0.373913
0.0237274 277.714 9.72734e-07 456 0.378861
0.0238316 287.675 9.94464e-07 264 0.383875
0.0239363 223.072 7.61067e-07 168 0.388954
0.0240414 257.567 8.67277e-07 432 0.394101
0.024147 287.782 9.56363e-07 270 0.399316
0.024253 255.098 8.36673e-07 312 0.4046
0.0243595 281.581 9.11472e-07 456 0.409954
0.0244665 301.395 9.62869e-07 336 0.415379
0.0245739 359.86 1.13463e-06 144 0.420876
0.0246819 290.104 9.02746e-07 372 0.426445
0.0247903 278.388 8.54974e-07 552 0.432089
0.0248991 259.698 7.87159e-07 336 0.437806
0.0250085 257.833 7.713e-07 288 0.4436
0.0251183 255.054 7.53021e-07 264 0.44947
0.0252286 266.316 7.76003e-07 480 0.455418
0.0253394 277.536 7.98135e-07 312 0.461444
0.0254507 292.004 8.28774e-07 462 0.46755
0.0255625 256.135 7.17477e-07 392 0.473737
0.0256747 243.173 6.72271e-07 144 0.480006
0.0257875 278.146 7.58913e-07 624 0.486358
0.0259007 269.176 7.24848e-07 504 0.492794
0.0260145 300.24 7.9794e-07 480 0.499315
0.0261287 273.456 7.17264e-07 312 0.505922
0.0262435 304.218 7.87531e-07 216 0.512617
0.0263587 279.996 7.15362e-07 408 0.519401
0.0264745 287.649 7.25315e-07 456 0.526274
0.0265907 298.017 7.41644e-07 564 0.533238
0.0267075 289.209 7.10324e-07 384 0.540294
0.0268248 272.48 6.60496e-07 462 0.547444
0.0269426 302.401 7.23453e-07 432 0.554688
0.0270609 315.74 7.45499e-07 432 0.562028
0.0271798 286.67 6.68022e-07 336 0.569465
0.0272991 316.554 7.28026e-07 552 0.577001
0.027419 294.476 6.68406e-07 552 0.584637
0.0275394 337.643 7.56378e-07 240 0.592373
0.0276604 296.975 6.56586e-07 744 0.600212
0.0277819 309.701 6.7578e-07 408 0.608154
0.0279039 308.052 6.63403e-07 560 0.616202
0.0280264 307.097 6.52708e-07 408 0.624356
0.0281495 275.494 5.77892e-07 510 0.632618
0.0282731 339.855 7.03589e-07 600 0.640989
0.0283973 311.466 6.36394e-07 492 0.649472
0.028522 301.331 6.07645e-07 552 0.658066
0.0286472 296.426 5.89948e-07 504 0.666774
0.0287731 303.892 5.96908e-07 696 0.675597
0.0288994 315.624 6.11855e-07 360 0.684537
0.0290263 292.563 5.59744e-07 720 0.693596
0.0291538 310.424 5.86158e-07 576 0.702774
0.0292818 326.222 6.07945e-07 312 0.712074
0.0294104 367.203 6.75379e-07 576 0.721497
0.0295396 341.821 6.20485e-07 630 0.731044
0.0296693 360.609 6.46041e-07 792 0.740718
0.0297996 329.269 5.82189e-07 480 0.75052
0.0299305 350.196 6.11105e-07 600 0.760451
0.0300619 315.512 5.43389e-07 600 0.770514
0.030194 323.344 5.49605e-07 800 0.78071
0.0303266 343.767 5.76688e-07 588 0.791041
0.0304597 320.996 5.31456e-07 624 0.801509
0.0305935 353.893 5.78269e-07 672 0.812115
0.0307279 339.86 5.48086e-07 504 0.822862
0.0308628 360.284 5.73436e-07 798 0.833751
0.0309983 351 5.51363e-07 696 0.844784
0.0311345 377.288 5.84916e-07 456 0.855963
0.0312712 368.067 5.63169e-07 1008 0.867289
0.0314085 361.803 5.46355e-07 696 0.878766
0.0315465 383.953 5.72231e-07 624 0.890395
0.031685 369.41 5.43366e-07 744 0.902177
0.0318242 395.427 5.74039e-07 912 0.914116
0.0319639 410.903 5.88715e-07 744 0.926212
0.0321043 375.602 5.3111e-07 414 0.938468
0.0322453 393.757 5.4951e-07 924 0.950887
0.0323869 400.555 5.51695e-07 888 0.96347
0.0325291 394.513 5.36278e-07 656 0.976219
0.032672 428.174 5.74433e-07 960 0.989138
0.0328155 405.518 5.36933e-07 600 1.00223
0.0329596 405.405 5.29772e-07 864 1.01549
0.0331043 407.85 5.26007e-07 792 1.02893
0.0332497 423.723 5.39342e-07 912 1.04254
0.0333957 381.318 4.79027e-07 744 1.05634
0.0335424 399.377 4.95161e-07 723 1.07032
0.0336897 444.363 5.43741e-07 1116 1.08448
0.0338377 418.371 5.05251e-07 624 1.09883
0.0339863 484.652 5.77651e-07 912 1.11337
0.0341355 435.243 5.11986e-07 1032 1.1281
0.0342854 410.476 4.76546e-07 828 1.14303
0.034436 451.208 5.16994e-07 876 1.15816
0.0345872 458.843 5.18875e-07 816 1.17348
0.0347391 445.53 4.97241e-07 732 1.18901
0.0348917 478.222 5.26756e-07 884 1.20475
0.0350449 442.316 4.80843e-07 960 1.22069
0.0351988 467.672 5.01768e-07 852 1.23684
0.0353534 473.428 5.0131e-07 780 1.25321
0.0355087 559.206 5.84406e-07 720 1.26979
0.0356646 460.597 4.75067e-07 1044 1.2866
0.0358212 463.044 4.71353e-07 864 1.30362
0.0359785 460.1 4.6224e-07 648 1.32087
0.0361366 477.562 4.73517e-07 924 1.33835
0.0362952 435.677 4.26345e-07 912 1.35606
0.0364546 468.984 4.52944e-07 792 1.37401
0.0366147 497.79 4.74487e-07 996 1.39219
0.0367755 532.586 5.01024e-07 828 1.41061
0.036937 445.74 4.13848e-07 768 1.42928
0.0370993 469.713 4.30411e-07 596 1.44819
0.0372622 497.152 4.49604e-07 1128 1.46735
0.0374258 486.437 4.34168e-07 840 1.48677
0.0375902 521.681 4.59544e-07 732 1.50645
0.0377553 581.484 5.05534e-07 564 1.52638
0.0379211 549.952 4.71877e-07 924 1.54658
0.0380876 512.288 4.33819e-07 1080 1.56704
0.0382549 460.766 3.85093e-07 648 1.58778
0.0384229 549.307 4.53097e-07 936 1.60879
0.0385916 574.686 4.6784e-07 480 1.63008
0.0387611 553.452 4.4467e-07 768 1.65165
0.0389313 501.641 3.97779e-07 984 1.67351
0.0391023 555.281 4.34562e-07 972 1.69565
0.039274 546.875 4.22394e-07 552 1.71809
0.0394465 569.661 4.34247e-07 908 1.74083
0.0396197 566.453 4.26162e-07 576 1.76386
0.0397937 556.768 4.13406e-07 888 1.7872
0.0399685 625.889 4.58659e-07 768 1.81085
0.040144 592.988 4.28874e-07 624 1.83482
0.0403203 623.12 4.4478e-07 744 1.8591
0.0404974 615.258 4.33433e-07 720 1.8837
0.0406752 548.618 3.81439e-07 672 1.90862
0.0408539 634.405 4.35325e-07 816 1.93388
0.0410333 619.007 4.19211e-07 816 1.95947
0.0412135 627.611 4.19487e-07 660 1.9854
0.0413945 628.47 4.14575e-07 648 2.01167
0.0415763 639.194 4.16142e-07 684 2.03829
0.0417589 623.729 4.00771e-07 668 2.06527
0.0419423 659.737 4.18371e-07 624 2.09259
0.0421264 629.964 3.94273e-07 804 2.12029
0.0423115 667.434 4.12269e-07 504 2.14834
0.0424973 773.329 4.71441e-07 504 2.17677
0.0426839 638.054 3.83893e-07 804 2.20558
0.0428714 781.122 4.63835e-07 684 2.23476
0.0430596 760.063 4.45436e-07 624 2.26434
0.0432487 703.483 4.06892e-07 432 2.2943
0.0434387 654.149 3.73416e-07 648 2.32466
0.0436294 714.966 4.02803e-07 660 2.35542
0.043821 727.433 4.04474e-07 540 2.38659
0.0440135 827.042 4.53854e-07 540 2.41817
0.0442068 716.11 3.87846e-07 512 2.45017
0.0444009 693.098 3.7048e-07 552 2.48259
0.0445959 875.825 4.62039e-07 516 2.51545
0.0447918 822.071 4.28017e-07 552 2.54873
0.0449885 833.14 4.28115e-07 456 2.58246
0.045186 784.422 3.97817e-07 540 2.61663
0.0453845 885.939 4.43433e-07 288 2.65126
0.0455838 900.881 4.45023e-07 552 2.68634
0.045784 904.729 4.41086e-07 456 2.72189
0.045985 892.842 4.29606e-07 456 2.75791
0.046187 968.087 4.59728e-07 288 2.7944
0.0463898 959.655 4.49772e-07 368 2.83138
0.0465936 963.709 4.45773e-07 432 2.86885
0.0467982 969.832 4.42747e-07 288 2.90681
0.0470037 1003.91 4.5232e-07 384 2.94528
0.0472101 940.024 4.18003e-07 264 2.98425
0.0474175 1203.21 5.28048e-07 375 3.02374
0.0476257 932.423 4.03864e-07 228 3.06375
0.0478349 1213.61 5.18791e-07 258 3.1043
0.0480449 937.24 3.95416e-07 270 3.14538
0.0482559 1052.46 4.38229e-07 294 3.187
0.0484678 970.542 3.9884e-07 144 3.22917
0.0486807 1113.79 4.5173e-07 206 3.2719
0.0488945 1156.11 4.62769e-07 222 3.3152
0.0491092 1109.54 4.38328e-07 228 3.35907
0.0493249 1347.3 5.25305e-07 126 3.40352
0.0495415 1104.56 4.25036e-07 198 3.44856
0.0497591 1156.73 4.393e-07 240 3.49419
0.0499776 1212.13 4.54326e-07 102 3.54043
0.0501971 1440.59 5.32908e-07 72 3.58728
0.0504175 1005.96 3.67269e-07 198 3.63475
0.0506389 1226.54 4.4195e-07 180 3.68285
0.0508613 1487.32 5.28917e-07 54 3.73158
0.0510847 1242.99 4.36255e-07 128 3.78096
0.051309 1380.27 4.78109e-07 144 3.83099
0.0515344 2072.81 7.08623e-07 54 3.88169
0.0517607 1398.15 4.71738e-07 48 3.93306
0.051988 1559.5 5.19305e-07 162 3.9851
0.0522163 875.193 2.87628e-07 48 4.03784
0.0524456 1529.65 4.96147e-07 24 4.09127
0.052676 1391.24 4.4536e-07 126 4.14541
0.0529073 1915.23 6.0509e-07 72 4.20026
0.0531396 1550.03 4.83314e-07 6 4.25584
0.053373 1911.54 5.88254e-07 56 4.31216
0.0536074 1736.48 5.27402e-07 84 4.36922
0.0538428 5305.33 1.59028e-06 6 4.42704
0.0540793 2040.18 6.0356e-07 24 4.48562
0.0543168 1847.06 5.39293e-07 72 4.54498
0.0545553 967.881 2.78905e-07 6 4.60512
0.0547949 0 0 0 4.66606
0.0550356 1698.33 4.76692e-07 66 4.72781
0.0552772 0 0 0 4.79037
0.05552 0 0 0 4.85376
0.0557638 2093.42 5.64865e-07 38 4.91799
0.0560087 0 0 0 4.98307
0.0562547 0 0 0 5.04901
0.0565017 3134.05 8.12956e-07 18 5.11582
0.0567499 0 0 0 5.18352
0.0569991 0 0 0 5.25211
0.0572494 7851.05 1.95776e-06 6 5.32161
0.0575008 0 0 0 5.39203
0.0577534 0 0 0 5.46339
0.058007 436.822 1.04715e-07 1 5.53568
0.0582617 0 0 0 5.60893
0.0585176 0 0 0 5.68316
0.0587746 0 0 0 5.75836
0.0590327 0 0 0 5.83456
0.059292 0 0 0 5.91177
0.0595524 0 0 0 5.99
0.0598139 0 0 0 6.06926
0.0600766 0 0 0 6.14958
0.0603404 0 0 0 6.23095
0.0606054 0 0 0 6.31341
0.0608716 0 0 0 6.39695
0.0611389 0 0 0 6.4816
0.0614074 0 0 0 6.56737
0.0616771 0 0 0 6.65428
0.0619479 0 0 0 6.74233
0.06222 0 0 0 6.83155
0.0624932 0 0 0 6.92195
0.0627677 0 0 0 7.01355
0.0630433 0 0 0 7.10636
0.0633202 0 0 0 7.2004
0.0635983 0 0 0 7.29568
0.0638776 0 0 0 7.39222
0.0641581 0 0 0 7.49004
0.0644399 0 0 0 7.58916
0.0647229 0 0 0 7.68958
0.0650071 0 0 0 7.79134
0.0652926 0 0 0 7.89444
0.0655793 0 0 0 7.99891
0.0658673 0 0 0 8.10476
0.0661566 0 0 0 8.212
0.0664471 0 0 0 8.32067
0.0667389 0 0 0 8.43078
0.067032 0 0 0 8.54234
0.0673264 0 0 0 8.65538
0.0676221 0 0 0 8.76992
0.0679191 0 0 0 8.88597
0.0682173 0 0 0 9.00356
0.0685169 0 0 0 9.1227
0.0688178 0 0 0 9.24342
0.06912 0 0 0 9.36574
0.0694236 0 0 0 9.48967
0.0697285 0 0 0 9.61525
0.0700347 0 0 0 9.74248
0.0703423 0 0 0 9.87141
0.0706512 0 0 0 10.002
0.0709615 0 0 0 10.1344
0.0712731 0 0 0 10.2685
0.0715861 0 0 0 10.4044
0.0719005 0 0 0 10.5421
0.0722162 0 0 0 10.6816
0.0725334 0 0 0 10.8229
0.0728519 0 0 0 10.9661
0.0731719 0 0 0 11.1112
0.0734932 0 0 0 11.2583
0.073816 0 0 0 11.4072
0.0741401 0 0 0 11.5582
0.0744657 0 0 0 11.7111
0.0747928 0 0 0 11.8661
0.0751212 0 0 0 12.0231
0.0754511 0 0 0 12.1822
0.0757825 0 0 0 12.3435
0.0761153 0 0 0 12.5068
0.0764496 0 0 0 12.6723
0.0767853 0 0 0 12.84
0.0771225 0 0 0 13.0099
0.0774612 0 0 0 13.182
0.0778014 0 0 0 13.3565
0.0781431 0 0 0 13.5332
0.0784863 0 0 0 13.7123
0.0788309 0 0 0 13.8938
0.0791771 0 0 0 14.0776
0.0795249 0 0 0 14.2639
0.0798741 0 0 0 14.4527
0.0802249 0 0 0 14.6439
0.0805772 0 0 0 14.8377
0.0809311 0 0 0 15.034
0.0812865 0 0 0 15.233
0.0816435 0 0 0 15.4346
0.082002 0 0 0 15.6388
0.0823621 0 0 0 15.8457
0.0827238 0 0 0 16.0554
0.0830871 0 0 0 16.2679
0.083452 0 0 0 16.4832
0.0838185 0 0 0 16.7013
0.0841866 0 0 0 16.9223
0.0845563 0 0 0 17.1462
0.0849277 0 0 0 17.3731
0.0853006 0 0 0 17.603
0.0856753 0 0 0 17.8359
0.0860515 0 0 0 18.072
0.0864294 0 0 0 18.3111
0.086809 0 0 0 18.5534
0.0871902 0 0 0 18.7989
0.0875731 0 0 0 19.0477
0.0879577 0 0 0 19.2998
0.088344 0 0 0 19.5551
0.088732 0 0 0 19.8139
0.0891217 0 0 0 20.0761
0.089513 0 0 0 20.3418
0.0899062 0 0 0 20.611
0.090301 0 0 0 20.8837
0.0906976 0 0 0 21.16
0.0910959 0 0 0 21.4401
0.0914959 0 0 0 21.7238
0.0918977 0 0 0 22.0112
0.0923013 0 0 0 22.3025
0.0927067 0 0 0 22.5976
0.0931138 0 0 0 22.8967
0.0935227 0 0 0 23.1997
0.0939335 0 0 0 23.5067
0.094346 0 0 0 23.8177
0.0947603 0 0 0 24.1329
0.0951765 0 0 0 24.4522
0.0955944 0 0 0 24.7758
0.0960143 0 0 0 25.1037
0.0964359 0 0 0 25.4359
0.0968594 0 0 0 25.7724
0.0972848 0 0 0 26.1135
0.097712 0 0 0 26.459
0.0981412 0 0 0 26.8092
0.0985722 0 0 0 27.1639
0.0990051 0 0 0 27.5234
0.0994399 0 0 0 27.8876
0.0998766 0 0 0 28.2566
0.100315 0 0 0 28.6306
0.100756 0 0 0 29.0094
0.101198 0 0 0 29.3933
0.101643 0 0 0 29.7823
0.102089 0 0 0 30.1764
0.102537 0 0 0 30.5757
0.102988 0 0 0 30.9803
0.10344 0 0 0 31.3902
0.103894 0 0 0 31.8056
0.10435 0 0 0 32.2265
0.104809 0 0 0 32.653
0.105269 0 0 0 33.0851
0.105731 0 0 0 33.5229
0.106196 0 0 0 33.9665
0.106662 0 0 0 34.4159
0.10713 0 0 0 34.8714
0.107601 0 0 0 35.3328
0.108073 0 0 0 35.8004
0.108548 0 0 0 36.2741
0.109025 0 0 0 36.7541
0.109504 0 0 0 37.2405
0.109985 0 0 0 37.7333
0.110468 0 0 0 38.2326
0.110953 0 0 0 38.7385
0.11144 0 0 0 39.2511
0.111929 0 0 0 39.7706
0.112421 0 0 0 40.2968
0.112915 0 0 0 40.8301
0.11341 0 0 0 41.3704
0.113909 0 0 0 41.9178
0.114409 0 0 0 42.4725
0.114911 0 0 0 43.0345
0.115416 0 0 0 43.604
0.115923 0 0 0 44.181
0.116432 0 0 0 44.7657
0.116943 0 0 0 45.358
0.117457 0 0 0 45.9583
0.117973 0 0 0 46.5664
0.118491 0 0 0 47.1826
0.119011 0 0 0 47.807
0.119534 0 0 0 48.4396
0.120059 0 0 0 49.0806
0.120586 0 0 0 49.7301
0.121115 0 0 0 50.3882
0.121647 0 0 0 51.0549
0.122182 0 0 0 51.7305
0.122718 0 0 0 52.4151
0.123257 0 0 0 53.1087
0.123798 0 0 0 53.8115
0.124342 0 0 0 54.5235
0.124888 0 0 0 55.245
0.125437 0 0 0 55.9761
0.125987 0 0 0 56.7168
0.126541 0 0 0 57.4673
0.127096 0 0 0 58.2278
0.127655 0 0 0 58.9983
0.128215 0 0 0 59.779
0.128778 0 0 0 60.5701
0.129344 0 0 0 61.3716
0.129912 0 0 0 62.1837
0.130482 0 0 0 63.0066
0.131055 0 0 0 63.8404
0.131631 0 0 0 64.6851
0.132209 0 0 0 65.5411
0.13279 0 0 0 66.4084
0.133373 0 0 0 67.2872
0.133959 0 0 0 68.1776
0.134547 0 0 0 69.0798
0.135138 0 0 0 69.9939
0.135731 0 0 0 70.9201
0.136327 0 0 0 71.8586
0.136926 0 0 0 72.8095
0.137527 0 0 0 73.773
0.138131 0 0 0 74.7492
0.138738 0 0 0 75.7383
0.139347 0 0 0 76.7406
0.139959 0 0 0 77.7561
0.140574 0 0 0 78.785
0.141191 0 0 0 79.8276
0.141811 0 0 0 80.8839
0.142434 0 0 0 81.9542
0.14306 0 0 0 83.0387
0.143688 0 0 0 84.1376
0.144319 0 0 0 85.251
0.144953 0 0 0 86.3791
0.145589 0 0 0 87.5221
0.146229 0 0 0 88.6803
0.146871 0 0 0 89.8538
0.147516 0 0 0 91.0428
0.148164 0 0 0 92.2476
0.148814 0 0 0 93.4683
0.149468 0 0 0 94.7051
0.150124 0 0 0 95.9583
0.150784 0 0 0 97.2281
0.151446 0 0 0 98.5147
0.152111 0 0 0 99.8184
0.152779 0 0 0 101.139
0.15345 0 0 0 102.478
0.154124 0 0 0 103.834
0.154801 0 0 0 105.208
0.15548 0 0 0 106.6
0.156163 0 0 0 108.011
0.156849 0 0 0 109.44
0.157538 0 0 0 110.888
0.15823 0 0 0 112.355
0.158925 0 0 0 113.842
0.159623 0 0 0 115.349
0.160324 0 0 0 116.875
0.161028 0 0 0 118.422
0.161735 0 0 0 119.989
0.162445 0 0 0 121.576
0.163158 0 0 0 123.185
0.163875 0 0 0 124.815
0.164595 0 0 0 126.467
0.165318 0 0 0 128.141
0.166044 0 0 0 129.836
0.166773 0 0 0 131.554
0.167505 0 0 0 133.295
0.168241 0 0 0 135.059
0.16898 0 0 0 136.846
0.169722 0 0 0 138.657
0.170467 0 0 0 140.492
0.171216 0 0 0 142.351
0.171968 0 0 0 144.235
0.172723 0 0 0 146.143
0.173481 0 0 0 148.077
0.174243 0 0 0 150.037
0.175008 0 0 0 152.022
0.175777 0 0 0 154.034
0.176549 0 0 0 156.072
0.177324 0 0 0 158.138
0.178103 0 0 0 160.23
0.178885 0 0 0 162.35
0.179671 0 0 0 164.499
0.18046 0 0 0 166.676
0.181252 0 0 0 168.881
0.182048 0 0 0 171.116
0.182848 0 0 0 173.38
0.183651 0 0 0 175.675
0.184457 0 0 0 177.999
0.185268 0 0 0 180.355
0.186081 0 0 0 182.741
0.186898 0 0 0 185.16
0.187719 0 0 0 187.61
0.188544 0 0 0 190.092
0.189372 0 0 0 192.608
0.190203 0 0 0 195.157
0.191038 0 0 0 197.739
0.191877 0 0 0 200.356
0.19272 0 0 0 203.007
0.193566 0 0 0 205.693
0.194417 0 0 0 208.415
0.19527 0 0 0 211.173
0.196128 0 0 0 213.968
0.196989 0 0 0 216.799
0.197854 0 0 0 219.668
0.198723 0 0 0 222.575
0.199596 0 0 0 225.52
0.200473 0 0 0 228.504
0.201353 0 0 0 231.528
0.202237 0 0 0 234.592
0.203125 0 0 0 237.696
0.204017 0 0 0 240.842
0.204913 0 0 0 244.029
0.205813 0 0 0 247.258
0.206717 0 0 0 250.53
0.207625 0 0 0 253.845
0.208537 0 0 0 257.204
0.209453 0 0 0 260.608
0.210372 0 0 0 264.056
0.211296 0 0 0 267.55
0.212224 0 0 0 271.091
0.213156 0 0 0 274.678
0.214092 0 0 0 278.313
0.215033 0 0 0 281.996
0.215977 0 0 0 285.728
0.216925 0 0 0 289.509
0.217878 0 0 0 293.34
0.218835 0 0 0 297.221
0.219796 0 0 0 301.154
0.220761 0 0 0 305.14
0.221731 0 0 0 309.177
0.222705 0 0 0 313.269
0.223683 0 0 0 317.414
0.224665 0 0 0 321.614
0.225652 0 0 0 325.87
0.226643 0 0 0 330.183
0.227638 0 0 0 334.552
0.228638 0 0 0 338.979
0.229642 0 0 0 343.465
0.23065 0 0 0 348.01
0.231663 0 0 0 352.615
0.23268 0 0 0 357.281
0.233702 0 0 0 362.009
0.234729 0 0 0 366.799
0.23576 0 0 0 371.653
0.236795 0 0 0 376.571
0.237835 0 0 0 381.554
0.238879 0 0 0 386.603
0.239928 0 0 0 391.719
0.240982 0 0 0 396.903
0.24204 0 0 0 402.155
0.243103 0 0 0 407.476
0.244171 0 0 0 412.868
0.245243 0 0 0 418.332
0.24632 0 0 0 423.868
0.247402 0 0 0 429.477
0.248488 0 0 0 435.16
0.24958 0 0 0 440.918
0.250676 0 0 0 446.753
0.251777 0 0 0 452.665
0.252882 0 0 0 458.655
0.253993 0 0 0 464.724
0.255108 0 0 0 470.874
0.256229 0 0 0 477.105
0.257354 0 0 0 483.418
0.258484 0 0 0 489.815
0.259619 0 0 0 496.297
0.26076 0 0 0 502.864
0.261905 0 0 0 509.519
0.263055 0 0 0 516.261
0.26421 0 0 0 523.093
0.26537 0 0 0 530.015
0.266536 0 0 0 537.028
0.267706 0 0 0 544.135
0.268882 0 0 0 551.335
0.270063 0 0 0 558.631
0.271249 0 0 0 566.023
0.27244 0 0 0 573.513
0.273637 0 0 0 581.102
0.274838 0 0 0 588.792
0.276045 0 0 0 596.583
0.277258 0 0 0 604.478
0.278475 0 0 0 612.477
0.279698 0 0 0 620.582
0.280927 0 0 0 628.794
0.28216 0 0 0 637.115
0.283399 0 0 0 645.545
0.284644 0 0 0 654.088
0.285894 0 0 0 662.743
0.28715 0 0 0 671.513
0.288411 0 0 0 680.399
0.289677 0 0 0 689.403
0.290949 0 0 0 698.526
0.292227 0 0 0 707.769
0.293511 0 0 0 717.135
0.2948 0 0 0 726.625
0.296094 0 0 0 736.24
0.297395 0 0 0 745.983
0.298701 0 0 0 755.854
0.300012 0 0 0 765.856
0.30133 0 0 0 775.991
0.302653 0 0 0 786.259
0.303982 0 0 0 796.664
0.305317 0 0 0 807.206
0.306658 0 0 0 817.888
0.308005 0 0 0 828.711
0.309358 0 0 0 839.677
0.310716 0 0 0 850.788
0.312081 0 0 0 862.047
0.313451 0 0 0 873.454
0.314828 0 0 0 885.012
0.31621 0 0 0 896.724
0.317599 0 0 0 908.59
0.318994 0 0 0 920.613
0.320395 0 0 0 932.795
0.321802 0 0 0 945.139
0.323215 0 0 0 957.646
0.324635 0 0 0 970.318
0.32606 0 0 0 983.158
0.327492 0 0 0 996.168
0.32893 0 0 0 1009.35
0.330375 0 0 0 1022.71
0.331826 0 0 0 1036.24
0.333283 0 0 0 1049.95
0.334747 0 0 0 1063.85
0.336217 0 0 0 1077.92
0.337693 0 0 0 1092.19
0.339176 0 0 0 1106.64
0.340666 0 0 0 1121.29
0.342162 0 0 0 1136.12
0.343665 0 0 0 1151.16
0.345174 0 0 0 1166.39
0.34669 0 0 0 1181.83
0.348212 0 0 0 1197.46
0.349742 0 0 0 1213.31
0.351278 0 0 0 1229.37
0.35282 0 0 0 1245.63
0.35437 0 0 0 1262.12
0.355926 0 0 0 1278.82
0.357489 0 0 0 1295.74
0.359059 0 0 0 1312.89
0.360636 0 0 0 1330.26
0.36222 0 0 0 1347.86
0.36381 0 0 0 1365.7
0.365408 0 0 0 1383.77
0.367013 0 0 0 1402.08
0.368625 0 0 0 1420.64
0.370244 0 0 0 1439.44
0.37187 0 0 0 1458.48
0.373503 0 0 0 1477.78
0.375143 0 0 0 1497.34
0.37679 0 0 0 1517.15
0.378445 0 0 0 1537.23
0.380107 0 0 0 1557.57
0.381776 0 0 0 1578.18
0.383453 0 0 0 1599.07
0.385137 0 0 0 1620.23
0.386828 0 0 0 1641.67
0.388527 0 0 0 1663.39
0.390234 0 0 0 1685.4
0.391947 0 0 0 1707.7
0.393669 0 0 0 1730.3
0.395397 0 0 0 1753.2
0.397134 0 0 0 1776.4
0.398878 0 0 0 1799.91
0.40063 0 0 0 1823.72
0.402389 0 0 0 1847.86
0.404156 0 0 0 1872.31
0.405931 0 0 0 1897.09
0.407714 0 0 0 1922.19
0.409504 0 0 0 1947.63
0.411303 0 0 0 1973.4
0.413109 0 0 0 1999.51
0.414923 0 0 0 2025.97
0.416745 0 0 0 2052.78
0.418576 0 0 0 2079.95
0.420414 0 0 0 2107.47
0.42226 0 0 0 2135.36
0.424115 0 0 0 2163.61
0.425977 0 0 0 2192.24
0.427848 0 0 0 2221.25
0.429727 0 0 0 2250.65
0.431614 0 0 0 2280.43
0.43351 0 0 0 2310.61
0.435413 0 0 0 2341.18
0.437326 0 0 0 2372.16
0.439246 0 0 0 2403.55
0.441175 0 0 0 2435.36
0.443113 0 0 0 2467.59
0.445059 0 0 0 2500.24
0.447013 0 0 0 2533.32
0.448976 0 0 0 2566.85
0.450948 0 0 0 2600.81
0.452928 0 0 0 2635.23
0.454918 0 0 0 2670.1
0.456915 0 0 0 2705.44
0.458922 0 0 0 2741.24
0.460937 0 0 0 2777.51
0.462962 0 0 0 2814.27
0.464995 0 0 0 2851.51
0.467037 0 0 0 2889.24
0.469088 0 0 0 2927.47
0.471148 0 0 0 2966.21
0.473217 0 0 0 3005.46
0.475295 0 0 0 3045.23
0.477383 0 0 0 3085.53
0.479479 0 0 0 3126.36
0.481585 0 0 0 3167.73
0.4837 0 0 0 3209.65
0.485824 0 0 0 3252.12
0.487958 0 0 0 3295.16
0.490101 0 0 0 3338.76
0.492253 0 0 0 3382.94
0.494415 0 0 0 3427.71
0.496586 0 0 0 3473.07
0.498767 0 0 0 3519.03
0.500957 0 0 0 3565.59
0.503157 0 0 0 3612.78
0.505367 0 0 0 3660.58
0.507586 0 0 0 3709.02
0.509816 0 0 0 3758.11
0.512054 0 0 0 3807.84
0.514303 0 0 0 3858.22
0.516562 0 0 0 3909.28
0.51883 0 0 0 3961.01
0.521109 0 0 0 4013.43
0.523397 0 0 0 4066.54
0.525696 0 0 0 4120.35
0.528005 0 0 0 4174.87
0.530323 0 0 0 4230.12
0.532652 0 0 0 4286.09
0.534992 0 0 0 4342.81
0.500677
2000
3.04789e+06
      753571000
8.39596e-05 0 0 0 1.67857e-08
8.43283e-05 0 0 0 1.70079e-08
8.46986e-05 0 0 0 1.72329e-08
8.50706e-05 0 0 0 1.7461e-08
8.54442e-05 0 0 0 1.7692e-08
8.58194e-05 0 0 0 1.79261e-08
8.61963e-05 0 0 0 1.81633e-08
8.65749e-05 0 0 0 1.84037e-08
8.69551e-05 0 0 0 1.86472e-08
8.73369e-05 0 0 0 1.8894e-08
8.77205e-05 0 0 0 1.9144e-08
8.81057e-05 0 0 0 1.93973e-08
8.84927e-05 0 0 0 1.9654e-08
8.88813e-05 0 0 0 1.99141e-08
8.92716e-05 0 0 0 2.01776e-08
8.96637e-05 0 0 0 2.04446e-08
9.00574e-05 0 0 0 2.07152e-08
9.04529e-05 0 0 0 2.09893e-08
9.08502e-05 0 0 0 2.1267e-08
9.12492e-05 0 0 0 2.15485e-08
9.16499e-05 0 0 0 2.18336e-08
9.20524e-05 0 0 0 2.21225e-08
9.24566e-05 0 0 0 2.24153e-08
9.28627e-05 0 0 0 2.27119e-08
9.32705e-05 0 0 0 2.30124e-08
9.36801e-05 0 0 0 2.3317e-08
9.40915e-05 0 0 0 2.36255e-08
9.45047e-05 0 0 0 2.39382e-08
9.49198e-05 0 0 0 2.42549e-08
9.53366e-05 0 0 0 2.45759e-08
9.57553e-05 0 0 0 2.49011e-08
9.61758e-05 0 0 0 2.52306e-08
9.65982e-05 0 0 0 2.55645e-08
9.70224e-05 0 0 0 2.59028e-08
9.74485e-05 0 0 0 2.62455e-08
9.78765e-05 0 0 0 2.65928e-08
9.83063e-05 0 0 0 2.69447e-08
9.8738e-05 0 0 0 2.73013e-08
9.91717e-05 0 0 0 2.76626e-08
9.96072e-05 0 0 0 2.80286e-08
0.000100045 0 0 0 2.83995e-08
0.000100484 0 0 0 2.87753e-08
0.000100925 0 0 0 2.91561e-08
0.000101368 0 0 0 2.95419e-08
0.000101814 0 0 0 2.99329e-08
0.000102261 0 0 0 3.0329e-08
0.00010271 0 0 0 3.07303e-08
0.000103161 0 0 0 3.11369e-08
0.000103614 0 0 0 3.1549e-08
0.000104069 0 0 0 3.19665e-08
0.000104526 0 0 0 3.23895e-08
0.000104985 0 0 0 3.28181e-08
0.000105446 0 0 0 3.32524e-08
0.000105909 0 0 0 3.36924e-08
0.000106374 0 0 0 3.41382e-08
0.000106842 0 0 0 3.459e-08
0.000107311 0 0 0 3.50477e-08
0.000107782 0 0 0 3.55115e-08
0.000108255 0 0 0 3.59814e-08
0.000108731 0 0 0 3.64575e-08
0.000109208 0 0 0 3.694e-08
0.000109688 0 0 0 3.74288e-08
0.00011017 0 0 0 3.79241e-08
0.000110653 0 0 0 3.84259e-08
0.000111139 0 0 0 3.89344e-08
0.000111627 0 0 0 3.94496e-08
0.000112118 0 0 0 3.99717e-08
0.00011261 0 0 0 4.05006e-08
0.000113105 0 0 0 4.10365e-08
0.000113601 0 0 0 4.15796e-08
0.0001141 0 0 0 4.21298e-08
0.000114601 0 0 0 4.26873e-08
0.000115105 0 0 0 4.32522e-08
0.00011561 0 0 0 4.38245e-08
0.000116118 0 0 0 4.44044e-08
0.000116628 0 0 0 4.4992e-08
0.00011714 0 0 0 4.55874e-08
0.000117654 0 0 0 4.61907e-08
0.000118171 0 0 0 4.68019e-08
0.00011869 0 0 0 4.74212e-08
0.000119211 0 0 0 4.80487e-08
0.000119735 0 0 0 4.86846e-08
0.000120261 0 0 0 4.93288e-08
0.000120789 0 0 0 4.99816e-08
0.000121319 0 0 0 5.0643e-08
0.000121852 0 0 0 5.13131e-08
0.000122387 0 0 0 5.19921e-08
0.000122925 0 0 0 5.26801e-08
0.000123464 0 0 0 5.33772e-08
0.000124007 0 0 0 5.40836e-08
0.000124551 0 0 0 5.47993e-08
0.000125098 0 0 0 5.55244e-08
0.000125648 0 0 0 5.62591e-08
0.000126199 0 0 0 5.70036e-08
0.000126754 0 0 0 5.77579e-08
0.00012731 0 0 0 5.85222e-08
0.000127869 0 0 0 5.92967e-08
0.000128431 0 0 0 6.00813e-08
0.000128995 0 0 0 6.08764e-08
0.000129562 0 0 0 6.16819e-08
0.000130131 0 0 0 6.24982e-08
0.000130702 0 0 0 6.33252e-08
0.000131276 0 0 0 6.41632e-08
0.000131853 0 0 0 6.50122e-08
0.000132432 0 0 0 6.58725e-08
0.000133013 0 0 0 6.67442e-08
0.000133597 0 0 0 6.76274e-08
0.000134184 0 0 0 6.85223e-08
0.000134773 0 0 0 6.94291e-08
0.000135365 0 0 0 7.03478e-08
0.00013596 0 0 0 7.12787e-08
0.000136557 0 0 0 7.2222e-08
0.000137156 0 0 0 7.31777e-08
0.000137759 0 0 0 7.4146e-08
0.000138364 0 0 0 7.51272e-08
0.000138971 0 0 0 7.61213e-08
0.000139582 0 0 0 7.71286e-08
0.000140195 0 0 0 7.81493e-08
0.00014081 0 0 0 7.91834e-08
0.000141429 0 0 0 8.02312e-08
0.00014205 0 0 0 8.12929e-08
0.000142674 0 0 0 8.23687e-08
0.0001433 0 0 0 8.34586e-08
0.00014393 0 0 0 8.4563e-08
0.000144562 0 0 0 8.5682e-08
0.000145197 0 0 0 8.68159e-08
0.000145834 0 0 0 8.79647e-08
0.000146475 0 0 0 8.91287e-08
0.000147118 0 0 0 9.03081e-08
0.000147764 0 0 0 9.15032e-08
0.000148413 0 0 0 9.2714e-08
0.000149065 0 0 0 9.39409e-08
0.000149719 0 0 0 9.5184e-08
0.000150377 0 0 0 9.64436e-08
0.000151037 0 0 0 9.77198e-08
0.000151701 0 0 0 9.90129e-08
0.000152367 0 0 0 1.00323e-07
0.000153036 0 0 0 1.01651e-07
0.000153708 0 0 0 1.02996e-07
0.000154383 0 0 0 1.04359e-07
0.000155061 0 0 0 1.0574e-07
0.000155742 0 0 0 1.07139e-07
0.000156426 0 0 0 1.08557e-07
0.000157113 0 0 0 1.09993e-07
0.000157803 0 0 0 1.11449e-07
0.000158496 0 0 0 1.12924e-07
0.000159192 0 0 0 1.14418e-07
0.000159891 0 0 0 1.15932e-07
0.000160593 0 0 0 1.17466e-07
0.000161299 0 0 0 1.1902e-07
0.000162007 0 0 0 1.20595e-07
0.000162718 0 0 0 1.22191e-07
0.000163433 0 0 0 1.23808e-07
0.000164151 0 0 0 1.25447e-07
0.000164872 0 0 0 1.27107e-07
0.000165596 0 0 0 1.28789e-07
0.000166323 0 0 0 1.30493e-07
0.000167053 0 0 0 1.3222e-07
0.000167787 0 0 0 1.33969e-07
0.000168524 0 0 0 1.35742e-07
0.000169264 0 0 0 1.37538e-07
0.000170007 0 0 0 1.39358e-07
0.000170754 0 0 0 1.41202e-07
0.000171504 0 0 0 1.43071e-07
0.000172257 0 0 0 1.44964e-07
0.000173014 0 0 0 1.46882e-07
0.000173773 0 0 0 1.48826e-07
0.000174536 0 0 0 1.50796e-07
0.000175303 0 0 0 1.52791e-07
0.000176073 0 0 0 1.54813e-07
0.000176846 0 0 0 1.56861e-07
0.000177623 0 0 0 1.58937e-07
0.000178403 0 0 0 1.6104e-07
0.000179186 0 0 0 1.63171e-07
0.000179973 0 0 0 1.65331e-07
0.000180764 0 0 0 1.67518e-07
0.000181557 0 0 0 1.69735e-07
0.000182355 0 0 0 1.71981e-07
0.000183156 0 0 0 1.74257e-07
0.00018396 0 0 0 1.76563e-07
0.000184768 0 0 0 1.78899e-07
0.000185579 0 0 0 1.81267e-07
0.000186394 0 0 0 1.83665e-07
0.000187213 0 0 0 1.86096e-07
0.000188035 0 0 0 1.88558e-07
0.000188861 0 0 0 1.91054e-07
0.00018969 0 0 0 1.93582e-07
0.000190523 0 0 0 1.96143e-07
0.00019136 0 0 0 1.98739e-07
0.0001922 0 0 0 2.01369e-07
0.000193044 0 0 0 2.04034e-07
0.000193892 0 0 0 2.06734e-07
0.000194744 0 0 0 2.09469e-07
0.000195599 0 0 0 2.12241e-07
0.000196458 0 0 0 2.1505e-07
0.000197321 0 0 0 2.17895e-07
0.000198187 0 0 0 2.20779e-07
0.000199058 0 0 0 2.237e-07
0.000199932 0 0 0 2.2666e-07
0.00020081 0 0 0 2.2966e-07
0.000201692 0 0 0 2.32699e-07
0.000202578 0 0 0 2.35778e-07
0.000203467 0 0 0 2.38898e-07
0.000204361 0 0 0 2.42059e-07
0.000205258 0 0 0 2.45263e-07
0.00020616 0 0 0 2.48508e-07
0.000207065 0 0 0 2.51797e-07
0.000207974 0 0 0 2.55129e-07
0.000208888 0 0 0 2.58505e-07
0.000209805 0 0 0 2.61925e-07
0.000210726 0 0 0 2.65392e-07
0.000211652 0 0 0 2.68903e-07
0.000212581 0 0 0 2.72462e-07
0.000213515 0 0 0 2.76067e-07
0.000214453 0 0 0 2.7972e-07
0.000215394 0 0 0 2.83422e-07
0.00021634 0 0 0 2.87172e-07
0.00021729 0 0 0 2.90972e-07
0.000218245 0 0 0 2.94823e-07
0.000219203 0 0 0 2.98724e-07
0.000220166 0 0 0 3.02677e-07
0.000221133 0 0 0 3.06682e-07
0.000222104 0 0 0 3.10741e-07
0.000223079 0 0 0 3.14853e-07
0.000224059 0 0 0 3.19019e-07
0.000225043 0 0 0 3.23241e-07
0.000226031 0 0 0 3.27518e-07
0.000227024 0 0 0 3.31852e-07
0.000228021 0 0 0 3.36243e-07
0.000229022 0 0 0 3.40693e-07
0.000230028 0 0 0 3.45201e-07
0.000231038 0 0 0 3.49769e-07
0.000232053 0 0 0 3.54398e-07
0.000233072 0 0 0 3.59087e-07
0.000234096 0 0 0 3.63839e-07
0.000235124 0 0 0 3.68654e-07
0.000236156 0 0 0 3.73532e-07
0.000237193 0 0 0 3.78475e-07
0.000238235 0 0 0 3.83483e-07
0.000239281 0 0 0 3.88558e-07
0.000240332 0 0 0 3.937e-07
0.000241388 0 0 0 3.9891e-07
0.000242448 0 0 0 4.04188e-07
0.000243512 0 0 0 4.09537e-07
0.000244582 0 0 0 4.14956e-07
0.000245656 0 0 0 4.20447e-07
0.000246735 0 0 0 4.26011e-07
0.000247818 0 0 0 4.31648e-07
0.000248907 0 0 0 4.3736e-07
0.00025 0 0 0 4.43148e-07
0.000251098 0 0 0 4.49012e-07
0.0002522 0 0 0 4.54954e-07
0.000253308 0 0 0 4.60974e-07
0.00025442 0 0 0 4.67074e-07
0.000255538 0 0 0 4.73255e-07
0.00025666 0 0 0 4.79517e-07
0.000257787 0 0 0 4.85863e-07
0.000258919 0 0 0 4.92292e-07
0.000260056 0 0 0 4.98806e-07
0.000261198 0 0 0 5.05407e-07
0.000262345 0 0 0 5.12095e-07
0.000263498 0 0 0 5.18871e-07
0.000264655 0 0 0 5.25738e-07
0.000265817 0 0 0 5.32695e-07
0.000266984 0 0 0 5.39744e-07
0.000268157 0 0 0 5.46886e-07
0.000269335 0 0 0 5.54123e-07
0.000270517 0 0 0 5.61456e-07
0.000271705 0 0 0 5.68885e-07
0.000272899 0 0 0 5.76413e-07
0.000274097 0 0 0 5.84041e-07
0.000275301 0 0 0 5.91769e-07
0.00027651 0 0 0 5.996e-07
0.000277724 0 0 0 6.07535e-07
0.000278944 0 0 0 6.15574e-07
0.000280169 0 0 0 6.2372e-07
0.000281399 0 0 0 6.31973e-07
0.000282635 0 0 0 6.40336e-07
0.000283876 0 0 0 6.4881e-07
0.000285123 0 0 0 6.57395e-07
0.000286375 0 0 0 6.66095e-07
0.000287633 0 0 0 6.74909e-07
0.000288896 0 0 0 6.8384e-07
0.000290165 0 0 0 6.92889e-07
0.000291439 0 0 0 7.02058e-07
0.000292719 0 0 0 7.11348e-07
0.000294004 0 0 0 7.20761e-07
0.000295296 0 0 0 7.30299e-07
0.000296592 0 0 0 7.39963e-07
0.000297895 0 0 0 7.49755e-07
0.000299203 0 0 0 7.59676e-07
0.000300517 0 0 0 7.69729e-07
0.000301837 0 0 0 7.79915e-07
0.000303163 0 0 0 7.90235e-07
0.000304494 0 0 0 8.00692e-07
0.000305831 0 0 0 8.11288e-07
0.000307174 0 0 0 8.22023e-07
0.000308523 0 0 0 8.32901e-07
0.000309878 0 0 0 8.43923e-07
0.000311239 0 0 0 8.5509e-07
0.000312606 0 0 0 8.66406e-07
0.000313979 0 0 0 8.77871e-07
0.000315358 0 0 0 8.89488e-07
0.000316743 0 0 0 9.01258e-07
0.000318134 0 0 0 9.13184e-07
0.000319531 0 0 0 9.25268e-07
0.000320934 0 0 0 9.37512e-07
0.000322343 0 0 0 9.49918e-07
0.000323759 0 0 0 9.62488e-07
0.000325181 0 0 0 9.75225e-07
0.000326609 0 0 0 9.8813e-07
0.000328043 0 0 0 1.00121e-06
0.000329484 0 0 0 1.01445e-06
0.000330931 0 0 0 1.02788e-06
0.000332384 0 0 0 1.04148e-06
0.000333844 0 0 0 1.05526e-06
0.00033531 0 0 0 1.06923e-06
0.000336783 0 0 0 1.08338e-06
0.000338262 0 0 0 1.09771e-06
0.000339747 0 0 0 1.11224e-06
0.000341239 0 0 0 1.12696e-06
0.000342738 0 0 0 1.14187e-06
0.000344243 0 0 0 1.15698e-06
0.000345755 0 0 0 1.17229e-06
0.000347273 0 0 0 1.1878e-06
0.000348798 0 0 0 1.20352e-06
0.00035033 0 0 0 1.21945e-06
0.000351869 0 0 0 1.23558e-06
0.000353414 0 0 0 1.25193e-06
0.000354966 0 0 0 1.2685e-06
0.000356525 0 0 0 1.28528e-06
0.000358091 0 0 0 1.30229e-06
0.000359663 0 0 0 1.31953e-06
0.000361243 0 0 0 1.33699e-06
0.000362829 0 0 0 1.35468e-06
0.000364423 0 0 0 1.37261e-06
0.000366023 0 0 0 1.39077e-06
0.00036763 0 0 0 1.40917e-06
0.000369245 0 0 0 1.42782e-06
0.000370867 0 0 0 1.44671e-06
0.000372495 0 0 0 1.46586e-06
0.000374131 0 0 0 1.48526e-06
0.000375774 0 0 0 1.50491e-06
0.000377424 0 0 0 1.52482e-06
0.000379082 0 0 0 1.545e-06
0.000380747 0 0 0 1.56545e-06
0.000382419 0 0 0 1.58616e-06
0.000384098 0 0 0 1.60715e-06
0.000385785 0 0 0 1.62842e-06
0.000387479 0 0 0 1.64997e-06
0.000389181 0 0 0 1.6718e-06
0.00039089 0 0 0 1.69392e-06
0.000392607 0 0 0 1.71634e-06
0.000394331 0 0 0 1.73905e-06
0.000396063 0 0 0 1.76206e-06
0.000397802 0 0 0 1.78538e-06
0.000399549 0 0 0 1.80901e-06
0.000401304 0 0 0 1.83295e-06
0.000403066 0 0 0 1.8572e-06
0.000404836 0 0 0 1.88178e-06
0.000406614 0 0 0 1.90668e-06
0.0004084 0 0 0 1.93191e-06
0.000410193 0 0 0 1.95747e-06
0.000411995 0 0 0 1.98338e-06
0.000413804 0 0 0 2.00962e-06
0.000415621 0 0 0 2.03622e-06
0.000417447 0 0 0 2.06316e-06
0.00041928 0 0 0 2.09046e-06
0.000421121 0 0 0 2.11813e-06
0.000422971 0 0 0 2.14615e-06
0.000424828 0 0 0 2.17455e-06
0.000426694 0 0 0 2.20333e-06
0.000428568 0 0 0 2.23249e-06
0.00043045 0 0 0 2.26203e-06
0.00043234 0 0 0 2.29196e-06
0.000434239 0 0 0 2.32229e-06
0.000436146 0 0 0 2.35302e-06
0.000438061 0 0 0 2.38416e-06
0.000439985 0 0 0 2.41571e-06
0.000441918 0 0 0 2.44767e-06
0.000443858 0 0 0 2.48006e-06
0.000445808 0 0 0 2.51288e-06
0.000447765 0 0 0 2.54614e-06
0.000449732 0 0 0 2.57983e-06
0.000451707 0 0 0 2.61397e-06
0.000453691 0 0 0 2.64856e-06
0.000455683 0 0 0 2.6836e-06
0.000457684 0 0 0 2.71912e-06
0.000459694 0 0 0 2.7551e-06
0.000461713 0 0 0 2.79156e-06
0.000463741 0 0 0 2.8285e-06
0.000465777 0 0 0 2.86593e-06
0.000467823 0 0 0 2.90385e-06
0.000469877 0 0 0 2.94228e-06
0.000471941 0 0 0 2.98121e-06
0.000474013 0 0 0 3.02066e-06
0.000476095 0 0 0 3.06063e-06
0.000478186 0 0 0 3.10113e-06
0.000480286 0 0 0 3.14217e-06
0.000482395 0 0 0 3.18375e-06
0.000484514 0 0 0 3.22588e-06
0.000486642 0 0 0 3.26857e-06
0.000488779 0 0 0 3.31182e-06
0.000490925 0 0 0 3.35565e-06
0.000493081 0 0 0 3.40005e-06
0.000495247 0 0 0 3.44504e-06
0.000497422 0 0 0 3.49063e-06
0.000499606 0 0 0 3.53682e-06
0.0005018 0 0 0 3.58362e-06
0.000504004 0 0 0 3.63105e-06
0.000506217 0 0 0 3.6791e-06
0.00050844 0 0 0 3.72778e-06
0.000510673 0 0 0 3.77711e-06
0.000512916 0 0 0 3.82709e-06
0.000515169 0 0 0 3.87773e-06
0.000517431 0 0 0 3.92905e-06
0.000519703 0 0 0 3.98104e-06
0.000521986 0 0 0 4.03372e-06
0.000524278 0 0 0 4.0871e-06
0.000526581 0 0 0 4.14118e-06
0.000528893 0 0 0 4.19598e-06
0.000531216 0 0 0 4.25151e-06
0.000533549 0 0 0 4.30777e-06
0.000535892 0 0 0 4.36477e-06
0.000538245 0 0 0 4.42253e-06
0.000540609 0 0 0 4.48105e-06
0.000542983 0 0 0 4.54035e-06
0.000545368 0 0 0 4.60043e-06
0.000547763 0 0 0 4.66131e-06
0.000550169 0 0 0 4.72299e-06
0.000552585 0 0 0 4.78549e-06
0.000555011 0 0 0 4.84882e-06
0.000557449 0 0 0 4.91298e-06
0.000559897 0 0 0 4.97799e-06
0.000562356 0 0 0 5.04387e-06
0.000564825 0 0 0 5.11061e-06
0.000567306 0 0 0 5.17824e-06
0.000569797 0 0 0 5.24676e-06
0.0005723 0 0 0 5.31619e-06
0.000574813 0 0 0 5.38654e-06
0.000577337 0 0 0 5.45782e-06
0.000579873 0 0 0 5.53004e-06
0.00058242 0 0 0 5.60322e-06
0.000584977 0 0 0 5.67737e-06
0.000587546 0 0 0 5.75249e-06
0.000590127 0 0 0 5.82862e-06
0.000592718 0 0 0 5.90575e-06
0.000595321 0 0 0 5.9839e-06
0.000597936 0 0 0 6.06308e-06
0.000600562 0 0 0 6.14331e-06
0.000603199 0 0 0 6.22461e-06
0.000605848 0 0 0 6.30697e-06
0.000608509 0 0 0 6.39043e-06
0.000611181 0 0 0 6.475e-06
0.000613865 0 0 0 6.56068e-06
0.000616561 0 0 0 6.6475e-06
0.000619269 0 0 0 6.73546e-06
0.000621988 0 0 0 6.82459e-06
0.00062472 0 0 0 6.9149e-06
0.000627463 0 0 0 7.0064e-06
0.000630219 0 0 0 7.09912e-06
0.000632987 0 0 0 7.19306e-06
0.000635767 0 0 0 7.28825e-06
0.000638559 0 0 0 7.38469e-06
0.000641363 0 0 0 7.48241e-06
0.00064418 0 0 0 7.58143e-06
0.000647009 0 0 0 7.68175e-06
0.00064985 0 0 0 7.7834e-06
0.000652704 0 0 0 7.8864e-06
0.00065557 0 0 0 7.99076e-06
0.000658449 0 0 0 8.0965e-06
0.000661341 0 0 0 8.20364e-06
0.000664246 0 0 0 8.3122e-06
0.000667163 0 0 0 8.42219e-06
0.000670093 0 0 0 8.53364e-06
0.000673035 0 0 0 8.64656e-06
0.000675991 0 0 0 8.76098e-06
0.00067896 0 0 0 8.87692e-06
0.000681942 0 0 0 8.99438e-06
0.000684936 0 0 0 9.1134e-06
0.000687944 0 0 0 9.234e-06
0.000690966 0 0 0 9.35619e-06
0.000694 0 0 0 9.48e-06
0.000697048 0 0 0 9.60545e-06
0.000700109 0 0 0 9.73256e-06
0.000703184 0 0 0 9.86135e-06
0.000706272 0 0 0 9.99184e-06
0.000709374 0 0 0 1.01241e-05
0.000712489 0 0 0 1.0258e-05
0.000715618 0 0 0 1.03938e-05
0.000718761 0 0 0 1.05313e-05
0.000721917 0 0 0 1.06707e-05
0.000725088 0 0 0 1.08119e-05
0.000728272 0 0 0 1.0955e-05
0.00073147 0 0 0 1.10999e-05
0.000734682 0 0 0 1.12468e-05
0.000737909 0 0 0 1.13956e-05
0.00074115 0 0 0 1.15464e-05
0.000744404 0 0 0 1.16992e-05
0.000747674 0 0 0 1.1854e-05
0.000750957 0 0 0 1.20109e-05
0.000754255 0 0 0 1.21698e-05
0.000757567 0 0 0 1.23309e-05
0.000760894 0 0 0 1.2494e-05
0.000764236 0 0 0 1.26594e-05
0.000767592 0 0 0 1.28269e-05
0.000770963 0 0 0 1.29966e-05
0.000774349 0 0 0 1.31686e-05
0.00077775 0 0 0 1.33429e-05
0.000781165 0 0 0 1.35194e-05
0.000784596 0 0 0 1.36983e-05
0.000788042 0 0 0 1.38796e-05
0.000791502 0 0 0 1.40633e-05
0.000794978 0 0 0 1.42494e-05
0.00079847 0 0 0 1.44379e-05
0.000801976 0 0 0 1.4629e-05
0.000805498 0 0 0 1.48226e-05
0.000809036 0 0 0 1.50187e-05
0.000812589 0 0 0 1.52175e-05
0.000816157 0 0 0 1.54188e-05
0.000819742 0 0 0 1.56229e-05
0.000823342 0 0 0 1.58296e-05
0.000826957 0 0 0 1.60391e-05
0.000830589 0 0 0 1.62513e-05
0.000834237 0 0 0 1.64664e-05
0.0008379 0 0 0 1.66843e-05
0.00084158 0 0 0 1.6905e-05
0.000845276 0 0 0 1.71287e-05
0.000848988 0 0 0 1.73554e-05
0.000852717 0 0 0 1.75851e-05
0.000856461 0 0 0 1.78178e-05
0.000860223 0 0 0 1.80536e-05
0.000864001 0 0 0 1.82925e-05
0.000867795 0 0 0 1.85345e-05
0.000871606 0 0 0 1.87798e-05
0.000875434 0 0 0 1.90283e-05
0.000879278 0 0 0 1.92801e-05
0.00088314 0 0 0 1.95352e-05
0.000887018 0 0 0 1.97937e-05
0.000890914 0 0 0 2.00557e-05
0.000894826 0 0 0 2.0321e-05
0.000898756 0 0 0 2.059e-05
0.000902703 0 0 0 2.08624e-05
0.000906667 0 0 0 2.11385e-05
0.000910649 0 0 0 2.14182e-05
0.000914648 0 0 0 2.17016e-05
0.000918665 0 0 0 2.19888e-05
0.0009227 0 0 0 2.22798e-05
0.000926752 0 0 0 2.25746e-05
0.000930822 0 0 0 2.28733e-05
0.00093491 0 0 0 2.3176e-05
0.000939015 0 0 0 2.34827e-05
0.000943139 0 0 0 2.37934e-05
0.000947281 0 0 0 2.41083e-05
0.000951441 0 0 0 2.44273e-05
0.00095562 0 0 0 2.47506e-05
0.000959816 0 0 0 2.50781e-05
0.000964032 0 0 0 2.54099e-05
0.000968265 0 0 0 2.57462e-05
0.000972518 0 0 0 2.60869e-05
0.000976789 0 0 0 2.64321e-05
0.000981078 0 0 0 2.67819e-05
0.000985387 0 0 0 2.71363e-05
0.000989714 0 0 0 2.74954e-05
0.000994061 0 0 0 2.78592e-05
0.000998426 0 0 0 2.82279e-05
0.00100281 0 0 0 2.86014e-05
0.00100721 0 0 0 2.89799e-05
0.00101164 0 0 0 2.93634e-05
0.00101608 0 0 0 2.97519e-05
0.00102054 0 0 0 3.01456e-05
0.00102503 0 0 0 3.05445e-05
0.00102953 0 0 0 3.09487e-05
0.00103405 0 0 0 3.13583e-05
0.00103859 0 0 0 3.17732e-05
0.00104315 0 0 0 3.21937e-05
0.00104773 0 0 0 3.26197e-05
0.00105233 0 0 0 3.30513e-05
0.00105695 0 0 0 3.34887e-05
0.0010616 0 0 0 3.39319e-05
0.00106626 0 0 0 3.43809e-05
0.00107094 0 0 0 3.48358e-05
0.00107564 0 0 0 3.52968e-05
0.00108037 0 0 0 3.57639e-05
0.00108511 0 0 0 3.62371e-05
0.00108988 0 0 0 3.67167e-05
0.00109466 0 0 0 3.72025e-05
0.00109947 0 0 0 3.76948e-05
0.0011043 0 0 0 3.81936e-05
0.00110915 0 0 0 3.86991e-05
0.00111402 0 0 0 3.92112e-05
0.00111891 0 0 0 3.973e-05
0.00112383 0 0 0 4.02558e-05
0.00112876 0 0 0 4.07885e-05
0.00113372 0 0 0 4.13282e-05
0.0011387 0 0 0 4.18751e-05
0.0011437 0 0 0 4.24292e-05
0.00114872 0 0 0 4.29907e-05
0.00115377 0 0 0 4.35596e-05
0.00115883 0 0 0 4.4136e-05
0.00116392 0 0 0 4.47201e-05
0.00116903 0 0 0 4.53118e-05
0.00117417 0 0 0 4.59114e-05
0.00117932 0 0 0 4.6519e-05
0.0011845 0 0 0 4.71346e-05
0.00118971 0 0 0 4.77583e-05
0.00119493 0 0 0 4.83903e-05
0.00120018 0 0 0 4.90306e-05
0.00120545 0 0 0 4.96794e-05
0.00121074 0 0 0 5.03368e-05
0.00121606 0 0 0 5.10029e-05
0.0012214 0 0 0 5.16778e-05
0.00122676 0 0 0 5.23617e-05
0.00123215 0 0 0 5.30546e-05
0.00123756 0 0 0 5.37566e-05
0.001243 0 0 0 5.4468e-05
0.00124846 0 0 0 5.51888e-05
0.00125394 0 0 0 5.59191e-05
0.00125945 0 0 0 5.6659e-05
0.00126498 0 0 0 5.74088e-05
0.00127053 0 0 0 5.81685e-05
0.00127611 0 0 0 5.89382e-05
0.00128172 0 0 0 5.97181e-05
0.00128735 0 0 0 6.05084e-05
0.001293 0 0 0 6.13091e-05
0.00129868 0 0 0 6.21204e-05
0.00130438 0 0 0 6.29424e-05
0.00131011 0 0 0 6.37753e-05
0.00131586 0 0 0 6.46192e-05
0.00132164 0 0 0 6.54743e-05
0.00132745 0 0 0 6.63408e-05
0.00133328 0 0 0 6.72186e-05
0.00133913 0 0 0 6.81081e-05
0.00134501 0 0 0 6.90094e-05
0.00135092 0 0 0 6.99226e-05
0.00135685 0 0 0 7.08479e-05
0.00136281 0 0 0 7.17854e-05
0.0013688 0 0 0 7.27353e-05
0.00137481 0 0 0 7.36978e-05
0.00138084 0 0 0 7.4673e-05
0.00138691 0 0 0 7.56612e-05
0.001393 0 0 0 7.66624e-05
0.00139912 0 0 0 7.76769e-05
0.00140526 0 0 0 7.87047e-05
0.00141143 0 0 0 7.97462e-05
0.00141763 0 0 0 8.08015e-05
0.00142386 0 0 0 8.18707e-05
0.00143011 0 0 0 8.29541e-05
0.00143639 0 0 0 8.40518e-05
0.0014427 0 0 0 8.51641e-05
0.00144903 0 0 0 8.62911e-05
0.0014554 0 0 0 8.74329e-05
0.00146179 0 0 0 8.85899e-05
0.00146821 0 0 0 8.97622e-05
0.00147466 0 0 0 9.095e-05
0.00148113 0 0 0 9.21536e-05
0.00148764 0 0 0 9.3373e-05
0.00149417 0 0 0 9.46086e-05
0.00150073 0 0 0 9.58606e-05
0.00150732 0 0 0 9.71291e-05
0.00151394 0 0 0 9.84144e-05
0.00152059 0 0 0 9.97167e-05
0.00152727 0 0 0 0.000101036
0.00153398 0 0 0 0.000102373
0.00154071 0 0 0 0.000103728
0.00154748 0 0 0 0.000105101
0.00155428 0 0 0 0.000106491
0.0015611 0 0 0 0.0001079
0.00156796 0 0 0 0.000109328
0.00157484 0 0 0 0.000110775
0.00158176 0 0 0 0.000112241
0.00158871 0 0 0 0.000113726
0.00159568 0 0 0 0.000115231
0.00160269 0 0 0 0.000116756
0.00160973 0 0 0 0.000118301
0.0016168 0 0 0 0.000119866
0.0016239 0 0 0 0.000121453
0.00163103 0 0 0 0.00012306
0.00163819 0 0 0 0.000124688
0.00164539 0 0 0 0.000126338
0.00165261 0 0 0 0.00012801
0.00165987 0 0 0 0.000129704
0.00166716 0 0 0 0.00013142
0.00167448 0 0 0 0.000133159
0.00168184 0 0 0 0.000134921
0.00168922 0 0 0 0.000136707
0.00169664 0 0 0 0.000138516
0.00170409 0 0 0 0.000140349
0.00171158 0 0 0 0.000142206
0.00171909 0 0 0 0.000144088
0.00172664 0 0 0 0.000145995
0.00173422 0 0 0 0.000147926
0.00174184 0 0 0 0.000149884
0.00174949 0 0 0 0.000151867
0.00175717 0 0 0 0.000153877
0.00176489 0 0 0 0.000155913
0.00177264 0 0 0 0.000157976
0.00178043 0 0 0 0.000160067
0.00178824 0 0 0 0.000162185
0.0017961 0 0 0 0.000164331
0.00180399 0 0 0 0.000166506
0.00181191 0 0 0 0.000168709
0.00181987 0 0 0 0.000170942
0.00182786 0 0 0 0.000173204
0.00183589 0 0 0 0.000175496
0.00184395 0 0 0 0.000177818
0.00185205 0 0 0 0.000180171
0.00186018 0 0 0 0.000182555
0.00186835 0 0 0 0.000184971
0.00187655 0 0 0 0.000187419
0.00188479 0 0 0 0.000189899
0.00189307 0 0 0 0.000192412
0.00190139 0 0 0 0.000194958
0.00190974 0 0 0 0.000197538
0.00191812 0 0 0 0.000200152
0.00192655 0 0 0 0.0002028
0.00193501 0 0 0 0.000205484
0.00194351 0 0 0 0.000208203
0.00195204 0 0 0 0.000210958
0.00196061 0 0 0 0.00021375
0.00196922 0 0 0 0.000216578
0.00197787 0 0 0 0.000219444
0.00198656 0 0 0 0.000222348
0.00199528 0 0 0 0.00022529
0.00200404 0 0 0 0.000228272
0.00201285 0 0 0 0.000231292
0.00202168 0 0 0 0.000234353
0.00203056 0 0 0 0.000237454
0.00203948 0 0 0 0.000240596
0.00204844 0 0 0 0.00024378
0.00205743 0 0 0 0.000247006
0.00206647 0 0 0 0.000250275
0.00207554 0 0 0 0.000253586
0.00208466 0 0 0 0.000256942
0.00209381 0 0 0 0.000260342
0.00210301 0 0 0 0.000263787
0.00211225 0 0 0 0.000267278
0.00212152 0 0 0 0.000270815
0.00213084 0 0 0 0.000274398
0.0021402 0 0 0 0.000278029
0.0021496 0 0 0 0.000281709
0.00215904 0 0 0 0.000285436
0.00216852 0 0 0 0.000289214
0.00217804 0 0 0 0.000293041
0.00218761 0 0 0 0.000296918
0.00219721 0 0 0 0.000300848
0.00220686 0 0 0 0.000304829
0.00221655 0 0 0 0.000308862
0.00222629 0 0 0 0.000312949
0.00223607 0 0 0 0.000317091
0.00224589 0 0 0 0.000321287
0.00225575 0 0 0 0.000325538
0.00226566 0 0 0 0.000329846
0.00227561 0 0 0 0.000334211
0.0022856 0 0 0 0.000338633
0.00229564 0 0 0 0.000343115
0.00230572 0 0 0 0.000347655
0.00231584 0 0 0 0.000352255
0.00232601 0 0 0 0.000356917
0.00233623 0 0 0 0.00036164
0.00234649 0 0 0 0.000366425
0.00235679 0 0 0 0.000371274
0.00236714 0 0 0 0.000376187
0.00237754 0 0 0 0.000381165
0.00238798 0 0 0 0.000386209
0.00239847 0 0 0 0.00039132
0.002409 0 0 0 0.000396498
0.00241958 0 0 0 0.000401745
0.00243021 0 0 0 0.000407061
0.00244088 0 0 0 0.000412448
0.0024516 0 0 0 0.000417906
0.00246237 0 0 0 0.000423436
0.00247318 0 0 0 0.000429039
0.00248404 0 0 0 0.000434716
0.00249495 0 0 0 0.000440469
0.00250591 0 0 0 0.000446298
0.00251691 0 0 0 0.000452203
0.00252797 0 0 0 0.000458187
0.00253907 0 0 0 0.00046425
0.00255022 0 0 0 0.000470394
0.00256142 0 0 0 0.000476618
0.00257267 0 0 0 0.000482926
0.00258396 0 0 0 0.000489316
0.00259531 0 0 0 0.000495791
0.00260671 0 0 0 0.000502352
0.00261816 0 0 0 0.000508999
0.00262966 0 0 0 0.000515735
0.0026412 0 0 0 0.00052256
0.0026528 0 0 0 0.000529475
0.00266445 0 0 0 0.000536481
0.00267615 0 0 0 0.00054358
0.00268791 0 0 0 0.000550773
0.00269971 0 0 0 0.000558062
0.00271157 0 0 0 0.000565446
0.00272348 0 0 0 0.000572929
0.00273544 0 0 0 0.00058051
0.00274745 0 0 0 0.000588192
0.00275952 0 0 0 0.000595976
0.00277163 0 0 0 0.000603862
0.00278381 0 0 0 0.000611853
0.00279603 0 0 0 0.000619949
0.00280831 0 0 0 0.000628153
0.00282064 0 0 0 0.000636465
0.00283303 0 0 0 0.000644888
0.00284547 0 0 0 0.000653421
0.00285797 0 0 0 0.000662068
0.00287052 0 0 0 0.000670829
0.00288313 0 0 0 0.000679706
0.00289579 0 0 0 0.000688701
0.00290851 0 0 0 0.000697814
0.00292128 0 0 0 0.000707048
0.00293411 0 0 0 0.000716404
0.00294699 0 0 0 0.000725885
0.00295994 0 0 0 0.00073549
0.00297293 0 0 0 0.000745223
0.00298599 0 0 0 0.000755084
0.0029991 0 0 0 0.000765076
0.00301228 0 0 0 0.0007752
0.0030255 0 0 0 0.000785458
0.00303879 0 0 0 0.000795852
0.00305214 0 0 0 0.000806384
0.00306554 0 0 0 0.000817054
0.003079 0 0 0 0.000827866
0.00309252 0 0 0 0.000838821
0.00310611 0 0 0 0.000849921
0.00311975 0 0 0 0.000861168
0.00313345 0 0 0 0.000872564
0.00314721 0 0 0 0.000884111
0.00316103 0 0 0 0.00089581
0.00317491 0 0 0 0.000907664
0.00318886 0 0 0 0.000919675
0.00320286 0 0 0 0.000931845
0.00321693 0 0 0 0.000944176
0.00323105 0 0 0 0.00095667
0.00324524 0 0 0 0.00096933
0.00325949 0 0 0 0.000982157
0.00327381 0 0 0 0.000995153
0.00328819 0 0 0 0.00100832
0.00330263 0 0 0 0.00102167
0.00331713 0 0 0 0.00103518
0.0033317 0 0 0 0.00104888
0.00334633 0 0 0 0.00106276
0.00336103 0 0 0 0.00107683
0.00337579 0 0 0 0.00109108
0.00339061 0 0 0 0.00110551
0.0034055 0 0 0 0.00112014
0.00342046 0 0 0 0.00113497
0.00343548 0 0 0 0.00114998
0.00345057 0 0 0 0.0011652
0.00346572 0 0 0 0.00118062
0.00348094 0 0 0 0.00119624
0.00349623 0 0 0 0.00121207
0.00351158 0 0 0 0.00122811
0.003527 0 0 0 0.00124436
0.00354249 0 0 0 0.00126083
0.00355805 0 0 0 0.00127752
0.00357368 0 0 0 0.00129442
0.00358937 0 0 0 0.00131155
0.00360513 0 0 0 0.00132891
0.00362097 0 0 0 0.00134649
0.00363687 0 0 0 0.00136431
0.00365284 0 0 0 0.00138236
0.00366888 0 0 0 0.00140065
0.00368499 0 0 0 0.00141919
0.00370118 0 0 0 0.00143797
0.00371743 0 0 0 0.001457
0.00373376 0 0 0 0.00147628
0.00375015 0 0 0 0.00149581
0.00376662 0 0 0 0.00151561
0.00378317 0 0 0 0.00153566
0.00379978 0 0 0 0.00155598
0.00381647 0 0 0 0.00157657
0.00383323 0 0 0 0.00159744
0.00385006 0 0 0 0.00161858
0.00386697 0 0 0 0.00163999
0.00388395 0 0 0 0.0016617
0.00390101 0 0 0 0.00168368
0.00391814 0 0 0 0.00170596
0.00393535 0 0 0 0.00172854
0.00395263 0 0 0 0.00175141
0.00396999 0 0 0 0.00177459
0.00398742 0 0 0 0.00179807
0.00400494 0 0 0 0.00182187
0.00402252 0 0 0 0.00184597
0.00404019 0 0 0 0.0018704
0.00405793 0 0 0 0.00189515
0.00407575 0 0 0 0.00192023
0.00409365 0 0 0 0.00194564
0.00411163 0 0 0 0.00197139
0.00412969 0 0 0 0.00199747
0.00414782 0 0 0 0.00202391
0.00416604 0 0 0 0.00205069
0.00418433 0 0 0 0.00207783
0.00420271 0 0 0 0.00210532
0.00422117 0 0 0 0.00213318
0.00423971 0 0 0 0.00216141
0.00425832 0 0 0 0.00219001
0.00427703 0 0 0 0.00221899
0.00429581 0 0 0 0.00224835
0.00431467 0 0 0 0.00227811
0.00433362 0 0 0 0.00230825
0.00435265 0 0 0 0.0023388
0.00437177 0 0 0 0.00236975
0.00439097 0 0 0 0.0024011
0.00441025 0 0 0 0.00243288
0.00442962 0 0 0 0.00246507
0.00444907 0 0 0 0.00249769
0.00446861 0 0 0 0.00253074
0.00448824 0 0 0 0.00256423
0.00450795 0 0 0 0.00259816
0.00452775 0 0 0 0.00263255
0.00454763 0 0 0 0.00266738
0.0045676 0 0 0 0.00270268
0.00458766 0 0 0 0.00273844
0.00460781 0 0 0 0.00277468
0.00462804 0 0 0 0.0028114
0.00464837 0 0 0 0.0028486
0.00466878 0 0 0 0.0028863
0.00468929 0 0 0 0.00292449
0.00470988 0 0 0 0.00296319
0.00473056 0 0 0 0.0030024
0.00475134 0 0 0 0.00304213
0.00477221 0 0 0 0.00308239
0.00479316 0 0 0 0.00312318
0.00481421 0 0 0 0.0031645
0.00483536 0 0 0 0.00320638
0.00485659 0 0 0 0.00324881
0.00487792 0 0 0 0.0032918
0.00489934 0 0 0 0.00333536
0.00492086 0 0 0 0.0033795
0.00494247 0 0 0 0.00342422
0.00496417 0 0 0 0.00346953
0.00498597 0 0 0 0.00351544
0.00500787 0 0 0 0.00356196
0.00502986 0 0 0 0.0036091
0.00505195 0 0 0 0.00365685
0.00507414 0 0 0 0.00370525
0.00509642 0 0 0 0.00375428
0.0051188 0 0 0 0.00380396
0.00514128 0 0 0 0.00385429
0.00516386 0 0 0 0.0039053
0.00518654 0 0 0 0.00395698
0.00520932 0 0 0 0.00400934
0.0052322 0 0 0 0.00406239
0.00525517 0 0 0 0.00411615
0.00527825 0 0 0 0.00417062
0.00530143 0 0 0 0.00422581
0.00532472 0 0 0 0.00428173
0.0053481 0 0 0 0.00433839
0.00537159 0 0 0 0.0043958
0.00539518 0 0 0 0.00445396
0.00541887 0 0 0 0.0045129
0.00544267 0 0 0 0.00457262
0.00546657 0 0 0 0.00463313
0.00549058 0 0 0 0.00469444
0.00551469 0 0 0 0.00475656
0.00553891 0 0 0 0.0048195
0.00556323 0 0 0 0.00488328
0.00558766 0 0 0 0.0049479
0.0056122 0 0 0 0.00501338
0.00563685 0 0 0 0.00507972
0.00566161 0 0 0 0.00514694
0.00568647 0 0 0 0.00521504
0.00571144 0 0 0 0.00528405
0.00573653 0 0 0 0.00535398
0.00576172 0 0 0 0.00542483
0.00578702 0 0 0 0.00549661
0.00581244 0 0 0 0.00556935
0.00583796 0 0 0 0.00564305
0.0058636 0 0 0 0.00571772
0.00588935 0 0 0 0.00579338
0.00591521 0 0 0 0.00587005
0.00594119 0 0 0 0.00594772
0.00596728 0 0 0 0.00602643
0.00599349 0 0 0 0.00610618
0.00601981 0 0 0 0.00618698
0.00604625 0 0 0 0.00626885
0.0060728 0 0 0 0.0063518
0.00609947 0 0 0 0.00643586
0.00612626 0 0 0 0.00652102
0.00615316 0 0 0 0.00660731
0.00618018 0 0 0 0.00669475
0.00620733 0 0 0 0.00678334
0.00623459 0 0 0 0.0068731
0.00626197 0 0 0 0.00696405
0.00628947 0 0 0 0.00705621
0.00631709 0 0 0 0.00714958
0.00634483 0 0 0 0.00724419
0.00637269 0 0 0 0.00734005
0.00640068 0 0 0 0.00743718
0.00642879 0 0 0 0.0075356
0.00645702 0 0 0 0.00763531
0.00648538 0 0 0 0.00773635
0.00651386 0 0 0 0.00783872
0.00654247 0 0 0 0.00794245
0.0065712 0 0 0 0.00804755
0.00660006 0 0 0 0.00815405
0.00662904 0 0 0 0.00826195
0.00665816 0 0 0 0.00837128
0.0066874 0 0 0 0.00848205
0.00671676 0 0 0 0.0085943
0.00674626 0 0 0 0.00870802
0.00677589 0 0 0 0.00882325
0.00680565 0 0 0 0.00894001
0.00683553 0 0 0 0.00905831
0.00686555 0 0 0 0.00917818
0.00689571 0 0 0 0.00929964
0.00692599 0 0 0 0.0094227
0.0069564 0 0 0 0.00954739
0.00698696 0 0 0 0.00967372
0.00701764 0 0 0 0.00980174
0.00704846 0 0 0 0.00993144
0.00707941 0 0 0 0.0100629
0.0071105 0 0 0 0.010196
0.00714173 0 0 0 0.0103309
0.00717309 0 0 0 0.0104677
0.0072046 0 0 0 0.0106062
0.00723624 0 0 0 0.0107465
0.00726801 0 0 0 0.0108887
0.00729993 0 0 0 0.0110328
0.00733199 0 0 0 0.0111788
0.00736419 0 0 0 0.0113267
0.00739653 0 0 0 0.0114766
0.00742901 0 0 0 0.0116285
0.00746164 0 0 0 0.0117824
0.00749441 0 0 0 0.0119383
0.00752732 0 0 0 0.0120963
0.00756038 0 0 0 0.0122563
0.00759358 0 0 0 0.0124185
0.00762693 0 0 0 0.0125829
0.00766042 0 0 0 0.0127494
0.00769407 0 0 0 0.0129181
0.00772786 0 0 0 0.013089
0.00776179 0 0 0 0.0132622
0.00779588 0 0 0 0.0134377
0.00783012 0 0 0 0.0136155
0.0078645 0 0 0 0.0137957
0.00789904 0 0 0 0.0139783
0.00793373 0 0 0 0.0141632
0.00796857 0 0 0 0.0143507
0.00800357 0 0 0 0.0145406
0.00803872 0 0 0 0.014733
0.00807402 0 0 0 0.0149279
0.00810948 0 0 0 0.0151255
0.00814509 0 0 0 0.0153256
0.00818086 0 0 0 0.0155284
0.00821679 0 0 0 0.0157339
0.00825288 0 0 0 0.0159421
0.00828912 0 0 0 0.0161531
0.00832552 0 0 0 0.0163668
0.00836209 0 0 0 0.0165834
0.00839881 0 0 0 0.0168029
0.00843569 0 0 0 0.0170252
0.00847274 0 0 0 0.0172505
0.00850995 0 0 0 0.0174788
0.00854732 0 0 0 0.0177101
0.00858486 0 0 0 0.0179444
0.00862256 0 0 0 0.0181819
0.00866043 0 0 0 0.0184225
0.00869846 0 0 0 0.0186663
0.00873666 0 0 0 0.0189133
0.00877503 0 0 0 0.0191635
0.00881357 0 0 0 0.0194171
0.00885227 0 0 0 0.0196741
0.00889115 0 0 0 0.0199344
0.0089302 0 0 0 0.0201982
0.00896941 0 0 0 0.0204655
0.0090088 0 0 0 0.0207363
0.00904837 0 0 0 0.0210107
0.00908811 0 0 0 0.0212887
0.00912802 0 0 0 0.0215704
0.0091681 0 0 0 0.0218559
0.00920837 0 0 0 0.0221451
0.00924881 0 0 0 0.0224381
0.00928942 0 0 0 0.0227351
0.00933022 0 0 0 0.0230359
0.0093712 0 0 0 0.0233407
0.00941235 0 0 0 0.0236496
0.00945369 0 0 0 0.0239626
0.0094952 0 0 0 0.0242797
0.0095369 0 0 0 0.024601
0.00957879 0 0 0 0.0249265
0.00962085 0 0 0 0.0252563
0.0096631 0 0 0 0.0255906
0.00970554 0 0 0 0.0259292
0.00974816 0 0 0 0.0262723
0.00979097 0 0 0 0.02662
0.00983397 0 0 0 0.0269722
0.00987716 0 0 0 0.0273291
0.00992054 0 0 0 0.0276908
0.0099641 0 0 0 0.0280572
0.0100079 0 0 0 0.0284285
0.0100518 0 0 0 0.0288047
0.010096 0 0 0 0.0291859
0.0101403 0 0 0 0.0295721
0.0101848 0 0 0 0.0299634
0.0102296 0 0 0 0.0303599
0.0102745 0 0 0 0.0307616
0.0103196 0 0 0 0.0311687
0.0103649 0 0 0 0.0315812
0.0104104 0 0 0 0.0319991
0.0104562 0 0 0 0.0324225
0.0105021 0 0 0 0.0328515
0.0105482 0 0 0 0.0332863
0.0105945 0 0 0 0.0337267
0.0106411 0 0 0 0.034173
0.0106878 0 0 0 0.0346252
0.0107347 0 0 0 0.0350834
0.0107819 0 0 0 0.0355477
0.0108292 0 0 0 0.0360181
0.0108768 0 0 0 0.0364947
0.0109245 0 0 0 0.0369776
0.0109725 0 0 0 0.037467
0.0110207 0 0 0 0.0379628
0.0110691 0 0 0 0.0384651
0.0111177 0 0 0 0.0389741
0.0111665 0 0 0 0.0394899
0.0112156 0 0 0 0.0400124
0.0112648 0 0 0 0.0405419
0.0113143 0 0 0 0.0410784
0.011364 0 0 0 0.041622
0.0114139 0 0 0 0.0421728
0.011464 0 0 0 0.0427308
0.0115144 0 0 0 0.0432963
0.0115649 0 0 0 0.0438692
0.0116157 0 0 0 0.0444497
0.0116667 0 0 0 0.0450379
0.011718 0 0 0 0.0456339
0.0117694 0 0 0 0.0462378
0.0118211 0 0 0 0.0468496
0.011873 0 0 0 0.0474696
0.0119252 0 0 0 0.0480977
0.0119776 0 0 0 0.0487342
0.0120302 0 0 0 0.0493791
0.012083 0 0 0 0.0500325
0.012136 0 0 0 0.0506946
0.0121893 0 0 0 0.0513654
0.0122429 0 0 0 0.0520452
0.0122966 0 0 0 0.0527339
0.0123506 0 0 0 0.0534317
0.0124049 0 0 0 0.0541387
0.0124594 0 0 0 0.0548551
0.0125141 0 0 0 0.055581
0.012569 0 0 0 0.0563165
0.0126242 0 0 0 0.0570618
0.0126797 0 0 0 0.0578169
0.0127354 0 0 0 0.0585819
0.0127913 0 0 0 0.0593571
0.0128475 0 0 0 0.0601426
0.0129039 0 0 0 0.0609385
0.0129606 0 0 0 0.0617449
0.0130175 0 0 0 0.0625619
0.0130746 0 0 0 0.0633898
0.0131321 0 0 0 0.0642286
0.0131897 0 0 0 0.0650785
0.0132477 0 0 0 0.0659397
0.0133058 0 0 0 0.0668123
0.0133643 0 0 0 0.0676964
0.013423 0 0 0 0.0685922
0.0134819 0 0 0 0.0694999
0.0135411 0 0 0 0.0704196
0.0136006 0 0 0 0.0713514
0.0136603 0 0 0 0.0722956
0.0137203 0 0 0 0.0732523
0.0137806 0 0 0 0.0742216
0.0138411 0 0 0 0.0752038
0.0139019 0 0 0 0.076199
0.0139629 0 0 0 0.0772073
0.0140242 0 0 0 0.078229
0.0140858 0 0 0 0.0792642
0.0141477 0 0 0 0.0803131
0.0142098 0 0 0 0.0813758
0.0142722 0 0 0 0.0824527
0.0143349 0 0 0 0.0835438
0.0143979 0 0 0 0.0846493
0.0144611 0 0 0 0.0857694
0.0145246 0 0 0 0.0869044
0.0145884 0 0 0 0.0880544
0.0146524 0 0 0 0.0892196
0.0147168 0 0 0 0.0904002
0.0147814 0 0 0 0.0915965
0.0148463 0 0 0 0.0928086
0.0149115 0 0 0 0.0940367
0.014977 0 0 0 0.0952811
0.0150428 0 0 0 0.0965419
0.0151089 0 0 0 0.0978195
0.0151752 0 0 0 0.0991139
0.0152419 0 0 0 0.100425
0.0153088 0 0 0 0.101754
0.015376 0 0 0 0.103101
0.0154436 0 0 0 0.104465
0.0155114 0 0 0 0.105848
0.0155795 0 0 0 0.107248
0.0156479 0 0 0 0.108667
0.0157166 0 0 0 0.110105
0.0157857 0 0 0 0.111562
0.015855 0 0 0 0.113039
0.0159246 0 0 0 0.114535
0.0159945 0 0 0 0.11605
0.0160648 0 0 0 0.117586
0.0161353 0 0 0 0.119142
0.0162062 0 0 0 0.120718
0.0162774 0 0 0 0.122316
0.0163489 0 0 0 0.123934
0.0164207 0 0 0 0.125574
0.0164928 0 0 0 0.127236
0.0165652 0 0 0 0.12892
0.0166379 0 0 0 0.130626
0.016711 0 0 0 0.132354
0.0167844 0 0 0 0.134106
0.0168581 0 0 0 0.13588
0.0169322 0 0 0 0.137679
0.0170065 0 0 0 0.1395
0.0170812 0 0 0 0.141346
0.0171562 0 0 0 0.143217
0.0172316 0 0 0 0.145112
0.0173072 0 0 0 0.147032
0.0173832 0 0 0 0.148978
0.0174596 0 0 0 0.150949
0.0175363 0 0 0 0.152947
0.0176133 0 0 0 0.154971
0.0176906 0 0 0 0.157021
0.0177683 0 0 0 0.159099
0.0178463 0 0 0 0.161205
0.0179247 0 0 0 0.163338
0.0180034 0 0 0 0.165499
0.0180825 0 0 0 0.167689
0.0181619 0 0 0 0.169908
0.0182417 0 0 0 0.172157
0.0183218 0 0 0 0.174435
0.0184022 0 0 0 0.176743
0.0184831 0 0 0 0.179082
0.0185642 0 0 0 0.181452
0.0186458 0 0 0 0.183853
0.0187276 0 0 0 0.186286
0.0188099 0 0 0 0.188751
0.0188925 0 0 0 0.191248
0.0189755 0 0 0 0.193779
0.0190588 0 0 0 0.196344
0.0191425 0 0 0 0.198942
0.0192266 0 0 0 0.201574
0.019311 0 0 0 0.204242
0.0193958 0 0 0 0.206944
0.019481 0 0 0 0.209683
0.0195665 0 0 0 0.212458
0.0196525 0 0 0 0.215269
0.0197388 0 0 0 0.218118
0.0198255 0 0 0 0.221004
0.0199125 0 0 0 0.223928
0.02 0 0 0 0.226892
0.0200878 0 0 0 0.229894
0.020176 0 0 0 0.232936
0.0202646 0 0 0 0.236019
0.0203536 0 0 0 0.239142
0.020443 0 0 0 0.242306
0.0205328 0 0 0 0.245513
0.020623 0 0 0 0.248762
0.0207135 0 0 0 0.252053
0.0208045 0 0 0 0.255389
0.0208959 0 0 0 0.258768
0.0209876 0 0 0 0.262193
0.0210798 0 0 0 0.265662
0.0211724 0 0 0 0.269178
0.0212654 0 0 0 0.27274
0.0213588 0 0 0 0.276349
0.0214526 414.516 1.96449e-06 6 0.280006
0.0215468 0 0 0 0.283711
0.0216414 0 0 0 0.287465
0.0217364 0 0 0 0.291269
0.0218319 0 0 0 0.295124
0.0219278 0 0 0 0.299029
0.0220241 0 0 0 0.302986
0.0221208 0 0 0 0.306995
0.0222179 0 0 0 0.311058
0.0223155 0 0 0 0.315174
0.0224135 0 0 0 0.319345
0.0225119 0 0 0 0.32357
0.0226108 0 0 0 0.327852
0.0227101 0 0 0 0.332191
0.0228098 0 0 0 0.336586
0.02291 0 0 0 0.34104
0.0230106 0 0 0 0.345553
0.0231117 0 0 0 0.350126
0.0232132 0 0 0 0.354759
0.0233151 0 0 0 0.359454
0.0234175 0 0 0 0.36421
0.0235204 0 0 0 0.36903
0.0236236 0 0 0 0.373913
0.0237274 0 0 0 0.378861
0.0238316 0 0 0 0.383875
0.0239363 0 0 0 0.388954
0.0240414 0 0 0 0.394101
0.024147 0 0 0 0.399316
0.024253 0 0 0 0.4046
0.0243595 0 0 0 0.409954
0.0244665 0 0 0 0.415379
0.0245739 0 0 0 0.420876
0.0246819 0 0 0 0.426445
0.0247903 0 0 0 0.432089
0.0248991 0 0 0 0.437806
0.0250085 0 0 0 0.4436
0.0251183 0 0 0 0.44947
0.0252286 0 0 0 0.455418
0.0253394 0 0 0 0.461444
0.0254507 0 0 0 0.46755
0.0255625 0 0 0 0.473737
0.0256747 0 0 0 0.480006
0.0257875 0 0 0 0.486358
0.0259007 0 0 0 0.492794
0.0260145 0 0 0 0.499315
0.0261287 0 0 0 0.505922
0.0262435 0 0 0 0.512617
0.0263587 0 0 0 0.519401
0.0264745 0 0 0 0.526274
0.0265907 0 0 0 0.533238
0.0267075 0 0 0 0.540294
0.0268248 0 0 0 0.547444
0.0269426 0 0 0 0.554688
0.0270609 0 0 0 0.562028
0.0271798 0 0 0 0.569465
0.0272991 0 0 0 0.577001
0.027419 0 0 0 0.584637
0.0275394 0 0 0 0.592373
0.0276604 0 0 0 0.600212
0.0277819 0 0 0 0.608154
0.0279039 0 0 0 0.616202
0.0280264 0 0 0 0.624356
0.0281495 0 0 0 0.632618
0.0282731 0 0 0 0.640989
0.0283973 0 0 0 0.649472
0.028522 0 0 0 0.658066
0.0286472 0 0 0 0.666774
0.0287731 0 0 0 0.675597
0.0288994 0 0 0 0.684537
0.0290263 0 0 0 0.693596
0.0291538 0 0 0 0.702774
0.0292818 0 0 0 0.712074
0.0294104 0 0 0 0.721497
0.0295396 0 0 0 0.731044
0.0296693 0 0 0 0.740718
0.0297996 0 0 0 0.75052
0.0299305 0 0 0 0.760451
0.0300619 0 0 0 0.770514
0.030194 0 0 0 0.78071
0.0303266 213.998 3.58994e-07 12 0.791041
0.0304597 0 0 0 0.801509
0.0305935 0 0 0 0.812115
0.0307279 0 0 0 0.822862
0.0308628 0 0 0 0.833751
0.0309983 0 0 0 0.844784
0.0311345 0 0 0 0.855963
0.0312712 0 0 0 0.867289
0.0314085 0 0 0 0.878766
0.0315465 0 0 0 0.890395
0.031685 0 0 0 0.902177
0.0318242 0 0 0 0.914116
0.0319639 0 0 0 0.926212
0.0321043 0 0 0 0.938468
0.0322453 0 0 0 0.950887
0.0323869 0 0 0 0.96347
0.0325291 0 0 0 0.976219
0.032672 0 0 0 0.989138
0.0328155 0 0 0 1.00223
0.0329596 0 0 0 1.01549
0.0331043 0 0 0 1.02893
0.0332497 0 0 0 1.04254
0.0333957 0 0 0 1.05634
0.0335424 0 0 0 1.07032
0.0336897 0 0 0 1.08448
0.0338377 0 0 0 1.09883
0.0339863 0 0 0 1.11337
0.0341355 0 0 0 1.1281
0.0342854 0 0 0 1.14303
0.034436 0 0 0 1.15816
0.0345872 0 0 0 1.17348
0.0347391 0 0 0 1.18901
0.0348917 0 0 0 1.20475
0.0350449 0 0 0 1.22069
0.0351988 0 0 0 1.23684
0.0353534 0 0 0 1.25321
0.0355087 0 0 0 1.26979
0.0356646 0 0 0 1.2866
0.0358212 0 0 0 1.30362
0.0359785 0 0 0 1.32087
0.0361366 0 0 0 1.33835
0.0362952 0 0 0 1.35606
0.0364546 0 0 0 1.37401
0.0366147 0 0 0 1.39219
0.0367755 0 0 0 1.41061
0.036937 0 0 0 1.42928
0.0370993 390.914 3.58205e-07 8 1.44819
0.0372622 0 0 0 1.46735
0.0374258 0 0 0 1.48677
0.0375902 0 0 0 1.50645
0.0377553 0 0 0 1.52638
0.0379211 0 0 0 1.54658
0.0380876 0 0 0 1.56704
0.0382549 0 0 0 1.58778
0.0384229 0 0 0 1.60879
0.0385916 0 0 0 1.63008
0.0387611 0 0 0 1.65165
0.0389313 0 0 0 1.67351
0.0391023 0 0 0 1.69565
0.039274 0 0 0 1.71809
0.0394465 0 0 0 1.74083
0.0396197 0 0 0 1.76386
0.0397937 0 0 0 1.7872
0.0399685 0 0 0 1.81085
0.040144 0 0 0 1.83482
0.0403203 0 0 0 1.8591
0.0404974 0 0 0 1.8837
0.0406752 0 0 0 1.90862
0.0408539 0 0 0 1.93388
0.0410333 0 0 0 1.95947
0.0412135 0 0 0 1.9854
0.0413945 0 0 0 2.01167
0.0415763 0 0 0 2.03829
0.0417589 0 0 0 2.06527
0.0419423 0 0 0 2.09259
0.0421264 0 0 0 2.12029
0.0423115 0 0 0 2.14834
0.0424973 0 0 0 2.17677
0.0426839 0 0 0 2.20558
0.0428714 310.509 1.84382e-07 6 2.23476
0.0430596 0 0 0 2.26434
0.0432487 0 0 0 2.2943
0.0434387 0 0 0 2.32466
0.0436294 0 0 0 2.35542
0.043821 0 0 0 2.38659
0.0440135 0 0 0 2.41817
0.0442068 0 0 0 2.45017
0.0444009 0 0 0 2.48259
0.0445959 0 0 0 2.51545
0.0447918 0 0 0 2.54873
0.0449885 0 0 0 2.58246
0.045186 0 0 0 2.61663
0.0453845 0 0 0 2.65126
0.0455838 0 0 0 2.68634
0.045784 0 0 0 2.72189
0.045985 0 0 0 2.75791
0.046187 0 0 0 2.7944
0.0463898 0 0 0 2.83138
0.0465936 0 0 0 2.86885
0.0467982 0 0 0 2.90681
0.0470037 0 0 0 2.94528
0.0472101 0 0 0 2.98425
0.0474175 0 0 0 3.02374
0.0476257 0 0 0 3.06375
0.0478349 0 0 0 3.1043
0.0480449 460.355 1.94221e-07 24 3.14538
0.0482559 0 0 0 3.187
0.0484678 0 0 0 3.22917
0.0486807 0 0 0 3.2719
0.0488945 0 0 0 3.3152
0.0491092 0 0 0 3.35907
0.0493249 0 0 0 3.40352
0.0495415 0 0 0 3.44856
0.0497591 0 0 0 3.49419
0.0499776 0 0 0 3.54043
0.0501971 0 0 0 3.58728
0.0504175 0 0 0 3.63475
0.0506389 0 0 0 3.68285
0.0508613 0 0 0 3.73158
0.0510847 0 0 0 3.78096
0.051309 0 0 0 3.83099
0.0515344 0 0 0 3.88169
0.0517607 0 0 0 3.93306
0.051988 0 0 0 3.9851
0.0522163 0 0 0 4.03784
0.0524456 606.402 1.96688e-07 24 4.09127
0.052676 0 0 0 4.14541
0.0529073 0 0 0 4.20026
0.0531396 0 0 0 4.25584
0.053373 0 0 0 4.31216
0.0536074 0 0 0 4.36922
0.0538428 0 0 0 4.42704
0.0540793 0 0 0 4.48562
0.0543168 0 0 0 4.54498
0.0545553 0 0 0 4.60512
0.0547949 0 0 0 4.66606
0.0550356 0 0 0 4.72781
0.0552772 0 0 0 4.79037
0.05552 0 0 0 4.85376
0.0557638 0 0 0 4.91799
0.0560087 0 0 0 4.98307
0.0562547 0 0 0 5.04901
0.0565017 0 0 0 5.11582
0.0567499 0 0 0 5.18352
0.0569991 0 0 0 5.25211
0.0572494 0 0 0 5.32161
0.0575008 0 0 0 5.39203
0.0577534 0 0 0 5.46339
0.058007 0 0 0 5.53568
0.0582617 0 0 0 5.60893
0.0585176 0 0 0 5.68316
0.0587746 0 0 0 5.75836
0.0590327 0 0 0 5.83456
0.059292 0 0 0 5.91177
0.0595524 0 0 0 5.99
0.0598139 0 0 0 6.06926
0.0600766 0 0 0 6.14958
0.0603404 0 0 0 6.23095
0.0606054 588.203 1.23634e-07 12 6.31341
0.0608716 0 0 0 6.39695
0.0611389 0 0 0 6.4816
0.0614074 0 0 0 6.56737
0.0616771 0 0 0 6.65428
0.0619479 0 0 0 6.74233
0.06222 0 0 0 6.83155
0.0624932 0 0 0 6.92195
0.0627677 0 0 0 7.01355
0.0630433 0 0 0 7.10636
0.0633202 0 0 0 7.2004
0.0635983 0 0 0 7.29568
0.0638776 0 0 0 7.39222
0.0641581 0 0 0 7.49004
0.0644399 376.006 6.57472e-08 30 7.58916
0.0647229 0 0 0 7.68958
0.0650071 0 0 0 7.79134
0.0652926 0 0 0 7.89444
0.0655793 0 0 0 7.99891
0.0658673 0 0 0 8.10476
0.0661566 0 0 0 8.212
0.0664471 0 0 0 8.32067
0.0667389 0 0 0 8.43078
0.067032 0 0 0 8.54234
0.0673264 0 0 0 8.65538
0.0676221 0 0 0 8.76992
0.0679191 707.801 1.05702e-07 24 8.88597
0.0682173 0 0 0 9.00356
0.0685169 0 0 0 9.1227
0.0688178 0 0 0 9.24342
0.06912 0 0 0 9.36574
0.0694236 0 0 0 9.48967
0.0697285 0 0 0 9.61525
0.0700347 0 0 0 9.74248
0.0703423 0 0 0 9.87141
0.0706512 0 0 0 10.002
0.0709615 0 0 0 10.1344
0.0712731 618.418 7.99193e-08 24 10.2685
0.0715861 0 0 0 10.4044
0.0719005 0 0 0 10.5421
0.0722162 0 0 0 10.6816
0.0725334 0 0 0 10.8229
0.0728519 0 0 0 10.9661
0.0731719 0 0 0 11.1112
0.0734932 0 0 0 11.2583
0.073816 0 0 0 11.4072
0.0741401 328.177 3.76785e-08 8 11.5582
0.0744657 0 0 0 11.7111
0.0747928 0 0 0 11.8661
0.0751212 0 0 0 12.0231
0.0754511 0 0 0 12.1822
0.0757825 0 0 0 12.3435
0.0761153 0 0 0 12.5068
0.0764496 0 0 0 12.6723
0.0767853 0 0 0 12.84
0.0771225 0 0 0 13.0099
0.0774612 403.155 4.05849e-08 24 13.182
0.0778014 0 0 0 13.3565
0.0781431 0 0 0 13.5332
0.0784863 0 0 0 13.7123
0.0788309 0 0 0 13.8938
0.0791771 0 0 0 14.0776
0.0795249 0 0 0 14.2639
0.0798741 0 0 0 14.4527
0.0802249 667.422 6.04811e-08 48 14.6439
0.0805772 0 0 0 14.8377
0.0809311 0 0 0 15.034
0.0812865 0 0 0 15.233
0.0816435 0 0 0 15.4346
0.082002 0 0 0 15.6388
0.0823621 0 0 0 15.8457
0.0827238 0 0 0 16.0554
0.0830871 0 0 0 16.2679
0.083452 0 0 0 16.4832
0.0838185 0 0 0 16.7013
0.0841866 0 0 0 16.9223
0.0845563 0 0 0 17.1462
0.0849277 0 0 0 17.3731
0.0853006 0 0 0 17.603
0.0856753 446.21 3.31986e-08 6 17.8359
0.0860515 0 0 0 18.072
0.0864294 0 0 0 18.3111
0.086809 0 0 0 18.5534
0.0871902 0 0 0 18.7989
0.0875731 0 0 0 19.0477
0.0879577 0 0 0 19.2998
0.088344 639.712 4.3411e-08 48 19.5551
0.088732 0 0 0 19.8139
0.0891217 0 0 0 20.0761
0.089513 0 0 0 20.3418
0.0899062 0 0 0 20.611
0.090301 0 0 0 20.8837
0.0906976 0 0 0 21.16
0.0910959 585.765 3.62554e-08 36 21.4401
0.0914959 0 0 0 21.7238
0.0918977 0 0 0 22.0112
0.0923013 0 0 0 22.3025
0.0927067 0 0 0 22.5976
0.0931138 0 0 0 22.8967
0.0935227 645.526 3.6924e-08 24 23.1997
0.0939335 0 0 0 23.5067
0.094346 0 0 0 23.8177
0.0947603 0 0 0 24.1329
0.0951765 0 0 0 24.4522
0.0955944 0 0 0 24.7758
0.0960143 792.352 4.18848e-08 24 25.1037
0.0964359 0 0 0 25.4359
0.0968594 0 0 0 25.7724
0.0972848 0 0 0 26.1135
0.097712 0 0 0 26.459
0.0981412 776.23 3.84223e-08 48 26.8092
0.0985722 0 0 0 27.1639
0.0990051 0 0 0 27.5234
0.0994399 0 0 0 27.8876
0.0998766 0 0 0 28.2566
0.100315 0 0 0 28.6306
0.100756 764.969 3.4993e-08 24 29.0094
0.101198 0 0 0 29.3933
0.101643 0 0 0 29.7823
0.102089 0 0 0 30.1764
0.102537 0 0 0 30.5757
0.102988 0 0 0 30.9803
0.10344 0 0 0 31.3902
0.103894 0 0 0 31.8056
0.10435 0 0 0 32.2265
0.104809 0 0 0 32.653
0.105269 717.826 2.87914e-08 24 33.0851
0.105731 0 0 0 33.5229
0.106196 0 0 0 33.9665
0.106662 0 0 0 34.4159
0.10713 934.51 3.55624e-08 30 34.8714
0.107601 0 0 0 35.3328
0.108073 0 0 0 35.8004
0.108548 0 0 0 36.2741
0.109025 0 0 0 36.7541
0.109504 811.206 2.89062e-08 72 37.2405
0.109985 0 0 0 37.7333
0.110468 0 0 0 38.2326
0.110953 0 0 0 38.7385
0.11144 1113.01 3.7629e-08 32 39.2511
0.111929 0 0 0 39.7706
0.112421 0 0 0 40.2968
0.112915 0 0 0 40.8301
0.11341 0 0 0 41.3704
0.113909 0 0 0 41.9178
0.114409 0 0 0 42.4725
0.114911 0 0 0 43.0345
0.115416 769.149 2.34078e-08 72 43.604
0.115923 0 0 0 44.181
0.116432 0 0 0 44.7657
0.116943 0 0 0 45.358
0.117457 753.866 2.17674e-08 48 45.9583
0.117973 0 0 0 46.5664
0.118491 0 0 0 47.1826
0.119011 0 0 0 47.807
0.119534 0 0 0 48.4396
0.120059 0 0 0 49.0806
0.120586 0 0 0 49.7301
0.121115 1738.03 4.57725e-08 12 50.3882
0.121647 0 0 0 51.0549
0.122182 0 0 0 51.7305
0.122718 0 0 0 52.4151
0.123257 729.936 1.82388e-08 48 53.1087
0.123798 0 0 0 53.8115
0.124342 0 0 0 54.5235
0.124888 801.517 1.92528e-08 48 55.245
0.125437 0 0 0 55.9761
0.125987 0 0 0 56.7168
0.126541 0 0 0 57.4673
0.127096 1071.69 2.44239e-08 48 58.2278
0.127655 0 0 0 58.9983
0.128215 0 0 0 59.779
0.128778 1054.5 2.31027e-08 30 60.5701
0.129344 0 0 0 61.3716
0.129912 0 0 0 62.1837
0.130482 762.345 1.60561e-08 24 63.0066
0.131055 0 0 0 63.8404
0.131631 0 0 0 64.6851
0.132209 1002.56 2.02989e-08 72 65.5411
0.13279 0 0 0 66.4084
0.133373 0 0 0 67.2872
0.133959 0 0 0 68.1776
0.134547 0 0 0 69.0798
0.135138 0 0 0 69.9939
0.135731 628.57 1.17614e-08 24 70.9201
0.136327 0 0 0 71.8586
0.136926 0 0 0 72.8095
0.137527 746.267 1.34237e-08 96 73.773
0.138131 0 0 0 74.7492
0.138738 854.356 1.49692e-08 48 75.7383
0.139347 0 0 0 76.7406
0.139959 0 0 0 77.7561
0.140574 1022.1 1.72157e-08 24 78.785
0.141191 0 0 0 79.8276
0.141811 0 0 0 80.8839
0.142434 654.291 1.05944e-08 24 81.9542
0.14306 0 0 0 83.0387
0.143688 916.319 1.44522e-08 72 84.1376
0.144319 0 0 0 85.251
0.144953 0 0 0 86.3791
0.145589 1000.83 1.51747e-08 48 87.5221
0.146229 0 0 0 88.6803
0.146871 0 0 0 89.8538
0.147516 0 0 0 91.0428
0.148164 0 0 0 92.2476
0.148814 432.766 6.14419e-09 8 93.4683
0.149468 0 0 0 94.7051
0.150124 924.209 1.2781e-08 54 95.9583
0.150784 0 0 0 97.2281
0.151446 923.413 1.24386e-08 84 98.5147
0.152111 0 0 0 99.8184
0.152779 0 0 0 101.139
0.15345 857.813 1.11081e-08 48 102.478
0.154124 0 0 0 103.834
0.154801 1269.3 1.601e-08 24 105.208
0.15548 0 0 0 106.6
0.156163 1112.57 1.3669e-08 72 108.011
0.156849 0 0 0 109.44
0.157538 929.329 1.11214e-08 96 110.888
0.15823 0 0 0 112.355
0.158925 0 0 0 113.842
0.159623 0 0 0 115.349
0.160324 951.46 1.0803e-08 48 116.875
0.161028 0 0 0 118.422
0.161735 795.15 8.79396e-09 48 119.989
0.162445 0 0 0 121.576
0.163158 665.605 7.17023e-09 24 123.185
0.163875 0 0 0 124.815
0.164595 1124.42 1.17986e-08 72 126.467
0.165318 0 0 0 128.141
0.166044 0 0 0 129.836
0.166773 0 0 0 131.554
0.167505 917.783 9.13695e-09 72 133.295
0.168241 0 0 0 135.059
0.16898 921.836 8.93915e-09 96 136.846
0.169722 0 0 0 138.657
0.170467 0 0 0 140.492
0.171216 688.758 6.42069e-09 6 142.351
0.171968 0 0 0 144.235
0.172723 1039.66 9.44037e-09 96 146.143
0.173481 0 0 0 148.077
0.174243 1054.58 9.32736e-09 96 150.037
0.175008 0 0 0 152.022
0.175777 1617.24 1.39326e-08 24 154.034
0.176549 780.068 6.63258e-09 48 156.072
0.177324 0 0 0 158.138
0.178103 914.883 7.577e-09 96 160.23
0.178885 0 0 0 162.35
0.179671 1116.05 9.00317e-09 48 164.499
0.18046 0 0 0 166.676
0.181252 0 0 0 168.881
0.182048 1018.3 7.897e-09 36 171.116
0.182848 1312.13 1.00428e-08 48 173.38
0.183651 0 0 0 175.675
0.184457 1238.76 9.23513e-09 120 177.999
0.185268 0 0 0 180.355
0.186081 1274.37 9.25408e-09 56 182.741
0.186898 1370.1 9.81935e-09 24 185.16
0.187719 0 0 0 187.61
0.188544 1225.53 8.55533e-09 96 190.092
0.189372 1323.97 9.1218e-09 48 192.608
0.190203 0 0 0 195.157
0.191038 0 0 0 197.739
0.191877 1009.98 6.68937e-09 24 200.356
0.19272 1064.1 6.95577e-09 102 203.007
0.193566 0 0 0 205.693
0.194417 869.014 5.53316e-09 48 208.415
0.19527 1064.97 6.69227e-09 72 211.173
0.196128 0 0 0 213.968
0.196989 830.072 5.08082e-09 48 216.799
0.197854 1198.75 7.24166e-09 48 219.668
0.198723 1144.96 6.82636e-09 120 222.575
0.199596 0 0 0 225.52
0.200473 0 0 0 228.504
0.201353 1657.25 9.49861e-09 24 231.528
0.202237 1050.24 5.94088e-09 144 234.592
0.203125 1135.3 6.33816e-09 120 237.696
0.204017 0 0 0 240.842
0.204913 1404.89 7.63971e-09 48 244.029
0.205813 0 0 0 247.258
0.206717 1138.57 6.03084e-09 48 250.53
0.207625 1160.44 6.06636e-09 96 253.845
0.208537 0 0 0 257.204
0.209453 0 0 0 260.608
0.210372 1358.21 6.82571e-09 24 264.056
0.211296 1114.19 5.52625e-09 48 267.55
0.212224 1086.26 5.31736e-09 108 271.091
0.213156 1151.1 5.56113e-09 72 274.678
0.214092 979.219 4.66898e-09 30 278.313
0.215033 0 0 0 281.996
0.215977 1255.58 5.83132e-09 168 285.728
0.216925 977.384 4.48002e-09 48 289.509
0.217878 0 0 0 293.34
0.218835 822.77 3.67345e-09 72 297.221
0.219796 1007.77 4.44068e-09 96 301.154
0.220761 1297.88 5.64432e-09 72 305.14
0.221731 1221.16 5.24133e-09 72 309.177
0.222705 1085.33 4.59748e-09 32 313.269
0.223683 1499.61 6.26943e-09 72 317.414
0.224665 1316.64 5.43259e-09 144 321.614
0.225652 0 0 0 325.87
0.226643 0 0 0 330.183
0.227638 1286.66 5.10359e-09 96 334.552
0.228638 1321 5.17137e-09 96 338.979
0.229642 1191.37 4.60298e-09 48 343.465
0.23065 1499.14 5.71647e-09 72 348.01
0.231663 1147.51 4.3185e-09 120 352.615
0.23268 1399.6 5.19841e-09 72 357.281
0.233702 0 0 0 362.009
0.234729 1446.02 5.23144e-09 48 366.799
0.23576 1770.08 6.32019e-09 78 371.653
0.236795 1133.65 3.99493e-09 120 376.571
0.237835 1446 5.02907e-09 48 381.554
0.238879 0 0 0 386.603
0.239928 1497.87 5.0743e-09 144 391.719
0.240982 1343.93 4.49335e-09 144 396.903
0.24204 0 0 0 402.155
0.243103 1312.06 4.27294e-09 156 407.476
0.244171 1462.01 4.69909e-09 48 412.868
0.245243 1671.31 5.30167e-09 120 418.332
0.24632 1041.24 3.25984e-09 48 423.868
0.247402 1334.28 4.12271e-09 48 429.477
0.248488 1438.83 4.3877e-09 168 435.16
0.24958 1230.45 3.70323e-09 48 440.918
0.250676 1401.95 4.1643e-09 96 446.753
0.251777 1411.18 4.13695e-09 96 452.665
0.252882 1007.6 2.91527e-09 72 458.655
0.253993 1049.96 2.99815e-09 48 464.724
0.255108 1374.07 3.8724e-09 144 470.874
0.256229 0 0 0 477.105
0.257354 1521.11 4.17554e-09 30 483.418
0.258484 1412.6 3.82703e-09 96 489.815
0.259619 1150.19 3.07541e-09 248 496.297
0.26076 1525.34 4.02525e-09 24 502.864
0.261905 1486.18 3.87067e-09 168 509.519
0.263055 1475.64 3.79303e-09 120 516.261
0.26421 1406 3.56684e-09 72 523.093
0.26537 1233.34 3.08795e-09 144 530.015
0.266536 1172.86 2.89817e-09 192 537.028
0.267706 0 0 0 544.135
0.268882 2231.7 5.37152e-09 72 551.335
0.270063 1323.12 3.14304e-09 96 558.631
0.271249 1294.91 3.03586e-09 24 566.023
0.27244 1522.34 3.52243e-09 300 573.513
0.273637 1382.85 3.1579e-09 24 581.102
0.274838 1371.01 3.08997e-09 96 588.792
0.276045 1632.06 3.63029e-09 216 596.583
0.277258 0 0 0 604.478
0.278475 1767.88 3.83036e-09 126 612.477
0.279698 1597.39 3.41577e-09 144 620.582
0.280927 1569.24 3.31174e-09 144 628.794
0.28216 1448.2 3.01639e-09 168 637.115
0.283399 1361.63 2.79903e-09 144 645.545
0.284644 1738.83 3.52774e-09 24 654.088
0.285894 1668.29 3.34043e-09 144 662.743
0.28715 1932.67 3.81927e-09 192 671.513
0.288411 1875.78 3.65843e-09 120 680.399
0.289677 1702.12 3.27636e-09 144 689.403
0.290949 1728.42 3.28354e-09 48 698.526
0.292227 1377.44 2.5826e-09 336 707.769
0.293511 1991.05 3.68431e-09 48 717.135
0.2948 1827.33 3.33721e-09 192 726.625
0.296094 1628.66 2.93554e-09 48 736.24
0.297395 1808.77 3.21759e-09 56 745.983
0.298701 1685.23 2.95868e-09 240 755.854
0.300012 1692.63 2.93286e-09 150 765.856
0.30133 1583.12 2.70727e-09 240 775.991
0.302653 1649.74 2.78436e-09 84 786.259
0.303982 1988.94 3.31301e-09 144 796.664
0.305317 1814.97 2.98374e-09 168 807.206
0.306658 1701.15 2.7601e-09 144 817.888
0.308005 1626.96 2.60524e-09 240 828.711
0.309358 1444.31 2.28257e-09 24 839.677
0.310716 1545.94 2.41128e-09 336 850.788
0.312081 1997.94 3.07559e-09 144 862.047
0.313451 1476.96 2.24391e-09 168 873.454
0.314828 1368.45 2.05189e-09 96 885.012
0.31621 1620.51 2.39811e-09 216 896.724
0.317599 2075.48 3.03128e-09 96 908.59
0.318994 1726.09 2.48807e-09 336 920.613
0.320395 1802.19 2.56383e-09 48 932.795
0.321802 1603.47 2.25134e-09 246 945.139
0.323215 1849.68 2.56312e-09 168 957.646
0.324635 1722.3 2.35544e-09 360 970.318
0.32606 1747.03 2.35805e-09 24 983.158
0.327492 1926.8 2.56673e-09 360 996.168
0.32893 1866.24 2.45358e-09 120 1009.35
0.330375 1858.75 2.41182e-09 240 1022.71
0.331826 0 0 0 1036.24
0.333283 1943.89 2.45684e-09 276 1049.95
0.334747 1682.74 2.099e-09 176 1063.85
0.336217 1987.3 2.44653e-09 312 1077.92
0.337693 1507.91 1.83211e-09 240 1092.19
0.339176 2030.53 2.43488e-09 312 1106.64
0.340666 2017.25 2.38737e-09 48 1121.29
0.342162 2316.92 2.70621e-09 192 1136.12
0.343665 2258.01 2.60296e-09 198 1151.16
0.345174 2102.89 2.39248e-09 288 1166.39
0.34669 2019.62 2.26773e-09 288 1181.83
0.348212 2001.68 2.21824e-09 96 1197.46
0.349742 1990.09 2.17659e-09 384 1213.31
0.351278 2036.07 2.1978e-09 288 1229.37
0.35282 2555.31 2.72225e-09 192 1245.63
0.35437 1984.5 2.08654e-09 288 1262.12
0.355926 2280.51 2.36646e-09 216 1278.82
0.357489 2339.19 2.39565e-09 240 1295.74
0.359059 1768.11 1.78714e-09 288 1312.89
0.360636 2469.57 2.46354e-09 168 1330.26
0.36222 2483.29 2.44488e-09 336 1347.86
0.36381 2381.22 2.31377e-09 138 1365.7
0.365408 2297.11 2.20289e-09 336 1383.77
0.367013 2277.43 2.15549e-09 432 1402.08
0.368625 2441.85 2.28093e-09 120 1420.64
0.370244 2123.7 1.95783e-09 456 1439.44
0.37187 2241.95 2.03986e-09 152 1458.48
0.373503 2210.89 1.98533e-09 168 1477.78
0.375143 2199.78 1.94955e-09 504 1497.34
0.37679 2290.39 2.00335e-09 336 1517.15
0.378445 2710.42 2.33978e-09 48 1537.23
0.380107 2300.14 1.95967e-09 552 1557.57
0.381776 2299.78 1.93377e-09 264 1578.18
0.383453 2259.77 1.87531e-09 264 1599.07
0.385137 2290.99 1.87639e-09 192 1620.23
0.386828 2589.19 2.09293e-09 534 1641.67
0.388527 2782.42 2.21975e-09 336 1663.39
0.390234 2945.26 2.31897e-09 240 1685.4
0.391947 2568.8 1.99615e-09 264 1707.7
0.393669 2444.85 1.87502e-09 324 1730.3
0.395397 2589.23 1.95982e-09 528 1753.2
0.397134 2673.1 1.99687e-09 336 1776.4
0.398878 2646.88 1.95146e-09 336 1799.91
0.40063 2679.21 1.9495e-09 408 1823.72
0.402389 2708.2 1.94486e-09 216 1847.86
0.404156 2899.01 2.0547e-09 432 1872.31
0.405931 3468.03 2.4259e-09 168 1897.09
0.407714 2947.27 2.0347e-09 462 1922.19
0.409504 3098.46 2.11114e-09 536 1947.63
0.411303 2864.92 1.92652e-09 288 1973.4
0.413109 2678.62 1.77772e-09 384 1999.51
0.414923 2954.15 1.93497e-09 456 2025.97
0.416745 3075.86 1.98838e-09 552 2052.78
0.418576 2982.2 1.90266e-09 336 2079.95
0.420414 2499.45 1.57383e-09 120 2107.47
0.42226 3294.98 2.04766e-09 672 2135.36
0.424115 3080.33 1.88927e-09 300 2163.61
0.425977 3011.27 1.82279e-09 528 2192.24
0.427848 3454.66 2.06387e-09 312 2221.25
0.429727 2994.18 1.76541e-09 510 2250.65
0.431614 3533 2.0559e-09 576 2280.43
0.43351 3217.33 1.84776e-09 432 2310.61
0.435413 3284.5 1.8617e-09 384 2341.18
0.437326 3654.26 2.04424e-09 456 2372.16
0.439246 3433.38 1.89559e-09 528 2403.55
0.441175 3632.95 1.97958e-09 528 2435.36
0.443113 3360.91 1.80743e-09 408 2467.59
0.445059 3099.77 1.64522e-09 368 2500.24
0.447013 3640.24 1.90684e-09 600 2533.32
0.448976 3339.25 1.72633e-09 480 2566.85
0.450948 3920.83 2.00053e-09 486 2600.81
0.452928 3829.84 1.92858e-09 480 2635.23
0.454918 3461.18 1.72017e-09 636 2670.1
0.456915 3740.68 1.8348e-09 408 2705.44
0.458922 3917.87 1.89662e-09 696 2741.24
0.460937 3289.9 1.57182e-09 504 2777.51
0.462962 4254.62 2.00619e-09 648 2814.27
0.464995 3850.29 1.79182e-09 504 2851.51
0.467037 4073.64 1.87101e-09 504 2889.24
0.469088 4346.27 1.97015e-09 360 2927.47
0.471148 4202.4 1.88006e-09 606 2966.21
0.473217 4083.62 1.80306e-09 672 3005.46
0.475295 4348.96 1.89514e-09 816 3045.23
0.477383 4076.42 1.75317e-09 624 3085.53
0.479479 4567.52 1.93873e-09 672 3126.36
0.481585 4196.61 1.75803e-09 576 3167.73
0.4837 4415.65 1.82563e-09 656 3209.65
0.485824 4857.7 1.98216e-09 540 3252.12
0.487958 4476.82 1.80289e-09 480 3295.16
0.490101 4767.24 1.89477e-09 792 3338.76
0.492253 4936.37 1.93637e-09 582 3382.94
0.494415 4744.34 1.83674e-09 744 3427.71
0.496586 5179.34 1.97896e-09 672 3473.07
0.498767 5040.94 1.90092e-09 624 3519.03
0.500957 4779.41 1.77876e-09 888 3565.59
0.503157 5138.7 1.8875e-09 624 3612.78
0.505367 5118.27 1.85545e-09 744 3660.58
0.507586 5450.6 1.95012e-09 624 3709.02
0.509816 5054.17 1.78466e-09 816 3758.11
0.512054 6064.56 2.11348e-09 744 3807.84
0.514303 5812.19 1.99907e-09 510 3858.22
0.516562 6226.78 2.11369e-09 1020 3909.28
0.51883 5800.9 1.94341e-09 864 3961.01
0.521109 5617.02 1.85723e-09 512 4013.43
0.523397 6046.51 1.97313e-09 1176 4066.54
0.525696 6396.12 2.05996e-09 768 4120.35
0.528005 5846.16 1.85825e-09 528 4174.87
0.530323 6106.98 1.9158e-09 1248 4230.12
0.532652 6732.44 2.08443e-09 504 4286.09
0.534992 5947.95 1.81749e-09 624 4342.81
