0.833371
2000
309756
     1259712000
0.000179913 0.0182237 0.0014407 6 1.00414e-08
0.000180703 0 0 0 1.01743e-08
0.000181497 0 0 0 1.03089e-08
0.000182294 0 0 0 1.04453e-08
0.000183095 0 0 0 1.05835e-08
0.000183899 0 0 0 1.07236e-08
0.000184706 0 0 0 1.08655e-08
0.000185518 0 0 0 1.10093e-08
0.000186332 0 0 0 1.11549e-08
0.000187151 0 0 0 1.13026e-08
0.000187972 0 0 0 1.14521e-08
0.000188798 0 0 0 1.16037e-08
0.000189627 0 0 0 1.17572e-08
0.00019046 0 0 0 1.19128e-08
0.000191296 0 0 0 1.20704e-08
0.000192136 0 0 0 1.22302e-08
0.00019298 0 0 0 1.2392e-08
0.000193828 0 0 0 1.2556e-08
0.000194679 0 0 0 1.27221e-08
0.000195534 0 0 0 1.28905e-08
0.000196393 0 0 0 1.30611e-08
0.000197255 0 0 0 1.32339e-08
0.000198121 0 0 0 1.3409e-08
0.000198991 0 0 0 1.35865e-08
0.000199865 0 0 0 1.37663e-08
0.000200743 0 0 0 1.39484e-08
0.000201625 0 0 0 1.4133e-08
0.00020251 0 0 0 1.432e-08
0.0002034 0 0 0 1.45095e-08
0.000204293 0 0 0 1.47015e-08
0.00020519 0 0 0 1.48961e-08
0.000206091 0 0 0 1.50932e-08
0.000206996 0 0 0 1.52929e-08
0.000207905 0 0 0 1.54953e-08
0.000208818 0 0 0 1.57003e-08
0.000209735 0 0 0 1.59081e-08
0.000210656 0 0 0 1.61186e-08
0.000211582 0 0 0 1.63319e-08
0.000212511 0 0 0 1.6548e-08
0.000213444 0 0 0 1.6767e-08
0.000214381 0 0 0 1.69889e-08
0.000215323 0 0 0 1.72137e-08
0.000216268 0 0 0 1.74414e-08
0.000217218 0 0 0 1.76722e-08
0.000218172 0 0 0 1.79061e-08
0.00021913 0 0 0 1.81431e-08
0.000220093 0 0 0 1.83831e-08
0.000221059 0 0 0 1.86264e-08
0.00022203 0 0 0 1.88729e-08
0.000223005 0 0 0 1.91226e-08
0.000223984 0 0 0 1.93757e-08
0.000224968 0 0 0 1.96321e-08
0.000225956 0 0 0 1.98919e-08
0.000226948 0 0 0 2.01551e-08
0.000227945 0 0 0 2.04218e-08
0.000228946 0 0 0 2.0692e-08
0.000229952 0 0 0 2.09658e-08
0.000230961 0 0 0 2.12433e-08
0.000231976 0 0 0 2.15244e-08
0.000232995 0 0 0 2.18092e-08
0.000234018 0 0 0 2.20978e-08
0.000235045 0 0 0 2.23902e-08
0.000236078 0 0 0 2.26865e-08
0.000237114 0 0 0 2.29867e-08
0.000238156 0 0 0 2.32909e-08
0.000239202 0 0 0 2.35991e-08
0.000240252 0 0 0 2.39114e-08
0.000241307 0 0 0 2.42278e-08
0.000242367 0 0 0 2.45484e-08
0.000243431 0 0 0 2.48733e-08
0.0002445 0 0 0 2.52024e-08
0.000245574 0 0 0 2.55359e-08
0.000246653 0 0 0 2.58738e-08
0.000247736 0 0 0 2.62162e-08
0.000248824 0 0 0 2.65631e-08
0.000249917 0 0 0 2.69146e-08
0.000251014 0 0 0 2.72708e-08
0.000252117 0 0 0 2.76317e-08
0.000253224 0 0 0 2.79973e-08
0.000254336 1.0236 0.028644 12 2.83678e-08
0.000255453 0 0 0 2.87432e-08
0.000256575 0 0 0 2.91235e-08
0.000257701 0 0 0 2.95089e-08
0.000258833 0 0 0 2.98994e-08
0.00025997 0 0 0 3.02951e-08
0.000261112 0 0 0 3.0696e-08
0.000262258 0 0 0 3.11022e-08
0.00026341 0 0 0 3.15137e-08
0.000264567 0 0 0 3.19307e-08
0.000265729 0 0 0 3.23533e-08
0.000266896 0 0 0 3.27814e-08
0.000268068 0 0 0 3.32152e-08
0.000269245 0 0 0 3.36547e-08
0.000270427 0 0 0 3.41001e-08
0.000271615 0 0 0 3.45513e-08
0.000272808 0 0 0 3.50085e-08
0.000274006 0 0 0 3.54718e-08
0.000275209 0 0 0 3.59412e-08
0.000276418 0 0 0 3.64168e-08
0.000277632 0 0 0 3.68987e-08
0.000278851 0 0 0 3.7387e-08
0.000280076 0 0 0 3.78817e-08
0.000281306 0 0 0 3.8383e-08
0.000282541 0 0 0 3.88909e-08
0.000283782 0 0 0 3.94055e-08
0.000285028 0 0 0 3.9927e-08
0.00028628 0 0 0 4.04553e-08
0.000287537 0 0 0 4.09907e-08
0.0002888 0 0 0 4.15331e-08
0.000290068 0 0 0 4.20827e-08
0.000291342 0 0 0 4.26396e-08
0.000292622 0 0 0 4.32038e-08
0.000293907 0 0 0 4.37755e-08
0.000295197 0 0 0 4.43548e-08
0.000296494 0 0 0 4.49418e-08
0.000297796 0 0 0 4.55365e-08
0.000299104 0 0 0 4.6139e-08
0.000300417 0 0 0 4.67496e-08
0.000301737 0 0 0 4.73682e-08
0.000303062 0 0 0 4.7995e-08
0.000304393 0 0 0 4.86302e-08
0.000305729 0 0 0 4.92737e-08
0.000307072 0 0 0 4.99257e-08
0.000308421 0 0 0 5.05864e-08
0.000309775 0 0 0 5.12558e-08
0.000311136 0.412117 0.00629937 8 5.1934e-08
0.000312502 0 0 0 5.26213e-08
0.000313874 0 0 0 5.33176e-08
0.000315253 0 0 0 5.40231e-08
0.000316637 0 0 0 5.4738e-08
0.000318028 0 0 0 5.54624e-08
0.000319424 0 0 0 5.61963e-08
0.000320827 0 0 0 5.69399e-08
0.000322236 0 0 0 5.76934e-08
0.000323651 0 0 0 5.84568e-08
0.000325073 0 0 0 5.92304e-08
0.0003265 0 0 0 6.00142e-08
0.000327934 0 0 0 6.08083e-08
0.000329374 0 0 0 6.1613e-08
0.000330821 0 0 0 6.24283e-08
0.000332274 0 0 0 6.32544e-08
0.000333733 0 0 0 6.40915e-08
0.000335199 0 0 0 6.49396e-08
0.000336671 0 0 0 6.57989e-08
0.000338149 0 0 0 6.66696e-08
0.000339634 0 0 0 6.75519e-08
0.000341126 0 0 0 6.84458e-08
0.000342624 0 0 0 6.93515e-08
0.000344129 0 0 0 7.02692e-08
0.00034564 0 0 0 7.11991e-08
0.000347158 0 0 0 7.21413e-08
0.000348682 0 0 0 7.30959e-08
0.000350214 0 0 0 7.40632e-08
0.000351752 0 0 0 7.50432e-08
0.000353296 0 0 0 7.60363e-08
0.000354848 0 0 0 7.70424e-08
0.000356406 0 0 0 7.80619e-08
0.000357972 0 0 0 7.90949e-08
0.000359544 1.39848 0.0138525 6 8.01416e-08
0.000361123 0 0 0 8.12021e-08
0.000362709 0 0 0 8.22766e-08
0.000364301 0 0 0 8.33654e-08
0.000365901 0 0 0 8.44685e-08
0.000367508 0 0 0 8.55863e-08
0.000369122 0 0 0 8.67188e-08
0.000370743 0 0 0 8.78664e-08
0.000372371 0 0 0 8.90291e-08
0.000374007 0 0 0 9.02072e-08
0.000375649 0 0 0 9.14009e-08
0.000377299 0 0 0 9.26104e-08
0.000378956 0 0 0 9.38359e-08
0.00038062 0 0 0 9.50776e-08
0.000382292 0 0 0 9.63358e-08
0.000383971 0 0 0 9.76106e-08
0.000385657 0 0 0 9.89023e-08
0.00038735 0 0 0 1.00211e-07
0.000389052 0 0 0 1.01537e-07
0.00039076 0 0 0 1.02881e-07
0.000392476 0 0 0 1.04242e-07
0.0003942 0 0 0 1.05622e-07
0.000395931 0 0 0 1.07019e-07
0.00039767 0 0 0 1.08435e-07
0.000399416 0 0 0 1.0987e-07
0.00040117 0.941218 0.00671165 24 1.11324e-07
0.000402932 0 0 0 1.12797e-07
0.000404702 0 0 0 1.1429e-07
0.000406479 0 0 0 1.15802e-07
0.000408264 0 0 0 1.17335e-07
0.000410057 0 0 0 1.18887e-07
0.000411858 0 0 0 1.20461e-07
0.000413667 0 0 0 1.22055e-07
0.000415483 0 0 0 1.2367e-07
0.000417308 0 0 0 1.25306e-07
0.000419141 0 0 0 1.26965e-07
0.000420981 0 0 0 1.28645e-07
0.00042283 0 0 0 1.30347e-07
0.000424687 0 0 0 1.32072e-07
0.000426552 0 0 0 1.3382e-07
0.000428425 0 0 0 1.3559e-07
0.000430307 0 0 0 1.37385e-07
0.000432197 0 0 0 1.39203e-07
0.000434095 0 0 0 1.41045e-07
0.000436001 0 0 0 1.42911e-07
0.000437916 0 0 0 1.44802e-07
0.000439839 1.68131 0.00909687 24 1.46718e-07
0.000441771 0 0 0 1.4866e-07
0.000443711 0 0 0 1.50627e-07
0.000445659 0 0 0 1.5262e-07
0.000447616 0 0 0 1.5464e-07
0.000449582 0 0 0 1.56686e-07
0.000451557 0 0 0 1.5876e-07
0.00045354 0 0 0 1.6086e-07
0.000455532 0 0 0 1.62989e-07
0.000457532 0 0 0 1.65146e-07
0.000459541 0 0 0 1.67331e-07
0.00046156 0 0 0 1.69546e-07
0.000463587 0 0 0 1.71789e-07
0.000465622 0 0 0 1.74062e-07
0.000467667 0 0 0 1.76366e-07
0.000469721 0 0 0 1.787e-07
0.000471784 0 0 0 1.81064e-07
0.000473856 0 0 0 1.8346e-07
0.000475937 0 0 0 1.85888e-07
0.000478027 0 0 0 1.88348e-07
0.000480126 0 0 0 1.9084e-07
0.000482235 0 0 0 1.93365e-07
0.000484353 0 0 0 1.95924e-07
0.00048648 0 0 0 1.98517e-07
0.000488616 0 0 0 2.01144e-07
0.000490762 0 0 0 2.03806e-07
0.000492917 0 0 0 2.06503e-07
0.000495082 0 0 0 2.09235e-07
0.000497256 0 0 0 2.12004e-07
0.00049944 0 0 0 2.14809e-07
0.000501633 0 0 0 2.17652e-07
0.000503836 0 0 0 2.20532e-07
0.000506049 0 0 0 2.2345e-07
0.000508271 3.99414 0.0140043 12 2.26407e-07
0.000510504 0 0 0 2.29403e-07
0.000512746 0 0 0 2.32439e-07
0.000514997 0 0 0 2.35515e-07
0.000517259 0 0 0 2.38631e-07
0.000519531 0 0 0 2.41789e-07
0.000521812 0 0 0 2.44989e-07
0.000524104 0 0 0 2.4823e-07
0.000526405 0 0 0 2.51515e-07
0.000528717 0 0 0 2.54844e-07
0.000531039 0 0 0 2.58216e-07
0.000533371 0 0 0 2.61633e-07
0.000535714 0 0 0 2.65095e-07
0.000538066 1.20178 0.00355175 30 2.68603e-07
0.000540429 0 0 0 2.72157e-07
0.000542803 0 0 0 2.75759e-07
0.000545187 0 0 0 2.79408e-07
0.000547581 0 0 0 2.83105e-07
0.000549986 0 0 0 2.86851e-07
0.000552401 0 0 0 2.90647e-07
0.000554827 0 0 0 2.94493e-07
0.000557263 0 0 0 2.9839e-07
0.000559711 0 0 0 3.02339e-07
0.000562169 0 0 0 3.0634e-07
0.000564638 0 0 0 3.10394e-07
0.000567117 3.15664 0.00796767 24 3.14501e-07
0.000569608 0 0 0 3.18663e-07
0.000572109 0 0 0 3.2288e-07
0.000574622 0 0 0 3.27152e-07
0.000577145 0 0 0 3.31481e-07
0.00057968 0 0 0 3.35868e-07
0.000582226 0 0 0 3.40312e-07
0.000584783 0 0 0 3.44816e-07
0.000587351 0 0 0 3.49378e-07
0.00058993 0 0 0 3.54002e-07
0.000592521 0 0 0 3.58686e-07
0.000595123 2.66657 0.00582448 24 3.63433e-07
0.000597737 0 0 0 3.68242e-07
0.000600362 0 0 0 3.73115e-07
0.000602998 0 0 0 3.78052e-07
0.000605647 0 0 0 3.83055e-07
0.000608306 0 0 0 3.88124e-07
0.000610978 0 0 0 3.9326e-07
0.000613661 0 0 0 3.98464e-07
0.000616356 0 0 0 4.03737e-07
0.000619063 0 0 0 4.09079e-07
0.000621782 2.34115 0.00448375 8 4.14492e-07
0.000624512 0 0 0 4.19977e-07
0.000627255 0 0 0 4.25535e-07
0.00063001 0 0 0 4.31166e-07
0.000632776 0 0 0 4.36871e-07
0.000635555 0 0 0 4.42653e-07
0.000638346 0 0 0 4.4851e-07
0.00064115 0 0 0 4.54445e-07
0.000643965 0 0 0 4.60459e-07
0.000646793 2.54982 0.00433848 24 4.66552e-07
0.000649634 0 0 0 4.72726e-07
0.000652487 0 0 0 4.78981e-07
0.000655352 0 0 0 4.8532e-07
0.000658231 0 0 0 4.91742e-07
0.000661121 0 0 0 4.98249e-07
0.000664025 0 0 0 5.04842e-07
0.000666941 0 0 0 5.11523e-07
0.00066987 0 0 0 5.18292e-07
0.000672812 4.90188 0.00740983 48 5.2515e-07
0.000675766 0 0 0 5.32099e-07
0.000678734 0 0 0 5.39141e-07
0.000681715 0 0 0 5.46275e-07
0.000684709 0 0 0 5.53504e-07
0.000687716 0 0 0 5.60828e-07
0.000690736 0 0 0 5.6825e-07
0.000693769 0 0 0 5.75769e-07
0.000696816 0 0 0 5.83388e-07
0.000699876 0 0 0 5.91108e-07
0.00070295 0 0 0 5.9893e-07
0.000706037 0 0 0 6.06856e-07
0.000709138 0 0 0 6.14886e-07
0.000712252 0 0 0 6.23023e-07
0.00071538 0 0 0 6.31267e-07
0.000718522 6.20858 0.00770545 6 6.39621e-07
0.000721677 0 0 0 6.48085e-07
0.000724846 0 0 0 6.56661e-07
0.00072803 0 0 0 6.6535e-07
0.000731227 0 0 0 6.74155e-07
0.000734438 0 0 0 6.83076e-07
0.000737664 0 0 0 6.92115e-07
0.000740903 4.17831 0.00472979 48 7.01274e-07
0.000744157 0 0 0 7.10553e-07
0.000747425 0 0 0 7.19956e-07
0.000750707 0 0 0 7.29483e-07
0.000754004 0 0 0 7.39136e-07
0.000757316 0 0 0 7.48917e-07
0.000760641 7.1486 0.00747837 36 7.58827e-07
0.000763982 0 0 0 7.68869e-07
0.000767337 0 0 0 7.79043e-07
0.000770707 0 0 0 7.89352e-07
0.000774092 0 0 0 7.99798e-07
0.000777491 0 0 0 8.10381e-07
0.000780906 3.80692 0.00368048 24 8.21105e-07
0.000784335 0 0 0 8.31971e-07
0.00078778 0 0 0 8.4298e-07
0.000791239 0 0 0 8.54135e-07
0.000794714 0 0 0 8.65438e-07
0.000798204 0 0 0 8.7689e-07
0.00080171 9.12079 0.00814905 24 8.88494e-07
0.00080523 0 0 0 9.00251e-07
0.000808767 0 0 0 9.12164e-07
0.000812318 0 0 0 9.24234e-07
0.000815886 0 0 0 9.36465e-07
0.000819469 0 0 0 9.48857e-07
0.000823068 4.37573 0.00361301 48 9.61413e-07
0.000826682 0 0 0 9.74135e-07
0.000830313 0 0 0 9.87026e-07
0.000833959 0 0 0 1.00009e-06
0.000837622 0 0 0 1.01332e-06
0.0008413 4.79129 0.00370446 24 1.02673e-06
0.000844995 0 0 0 1.04032e-06
0.000848706 0 0 0 1.05408e-06
0.000852433 0 0 0 1.06803e-06
0.000856177 0 0 0 1.08216e-06
0.000859937 0 0 0 1.09648e-06
0.000863713 0 0 0 1.11099e-06
0.000867506 0 0 0 1.1257e-06
0.000871316 0 0 0 1.14059e-06
0.000875143 0 0 0 1.15569e-06
0.000878986 9.12994 0.00618939 24 1.17098e-06
0.000882846 0 0 0 1.18647e-06
0.000886723 0 0 0 1.20217e-06
0.000890617 0 0 0 1.21808e-06
0.000894529 0 0 0 1.2342e-06
0.000898457 4.37346 0.00277625 30 1.25053e-06
0.000902403 0 0 0 1.26708e-06
0.000906366 0 0 0 1.28385e-06
0.000910346 0 0 0 1.30084e-06
0.000914344 7.40155 0.00445778 72 1.31805e-06
0.00091836 0 0 0 1.33549e-06
0.000922393 0 0 0 1.35317e-06
0.000926444 0 0 0 1.37107e-06
0.000930512 0 0 0 1.38922e-06
0.000934599 7.18256 0.00405069 32 1.4076e-06
0.000938703 0 0 0 1.42622e-06
0.000942826 0 0 0 1.4451e-06
0.000946966 0 0 0 1.46422e-06
0.000951125 0 0 0 1.4836e-06
0.000955302 0 0 0 1.50323e-06
0.000959497 0 0 0 1.52312e-06
0.000963711 0 0 0 1.54328e-06
0.000967943 10.2251 0.00519091 72 1.5637e-06
0.000972194 0 0 0 1.58439e-06
0.000976464 0 0 0 1.60536e-06
0.000980752 0 0 0 1.6266e-06
0.000985059 11.2688 0.00542769 48 1.64812e-06
0.000989385 0 0 0 1.66993e-06
0.00099373 0 0 0 1.69203e-06
0.000998094 0 0 0 1.71442e-06
0.00100248 0 0 0 1.73711e-06
0.00100688 0 0 0 1.7601e-06
0.0010113 0 0 0 1.78339e-06
0.00101574 13.2036 0.00580053 12 1.80699e-06
0.0010202 0 0 0 1.8309e-06
0.00102468 0 0 0 1.85513e-06
0.00102918 7.98101 0.00337058 48 1.87967e-06
0.0010337 0 0 0 1.90455e-06
0.00103824 0 0 0 1.92975e-06
0.0010428 0 0 0 1.95529e-06
0.00104738 11.9149 0.0047742 48 1.98116e-06
0.00105198 0 0 0 2.00738e-06
0.0010566 0 0 0 2.03394e-06
0.00106124 9.49912 0.00365902 48 2.06086e-06
0.0010659 0 0 0 2.08813e-06
0.00107058 0 0 0 2.11576e-06
0.00107529 8.92284 0.00330412 30 2.14376e-06
0.00108001 0 0 0 2.17212e-06
0.00108475 0 0 0 2.20087e-06
0.00108952 0 0 0 2.22999e-06
0.0010943 12.1166 0.00425694 24 2.2595e-06
0.00109911 0 0 0 2.2894e-06
0.00110393 0 0 0 2.3197e-06
0.00110878 9.19298 0.00310488 72 2.35039e-06
0.00111365 0 0 0 2.38149e-06
0.00111854 0 0 0 2.41301e-06
0.00112345 0 0 0 2.44494e-06
0.00112839 0 0 0 2.47729e-06
0.00113334 13.342 0.00421953 24 2.51007e-06
0.00113832 0 0 0 2.54329e-06
0.00114332 0 0 0 2.57695e-06
0.00114834 15.2442 0.00463468 96 2.61105e-06
0.00115338 0 0 0 2.6456e-06
0.00115845 0 0 0 2.68061e-06
0.00116354 12.3146 0.0035992 48 2.71608e-06
0.00116865 0 0 0 2.75202e-06
0.00117378 0 0 0 2.78844e-06
0.00117893 15.4399 0.00433813 24 2.82534e-06
0.00118411 0 0 0 2.86272e-06
0.00118931 9.40714 0.00257453 24 2.9006e-06
0.00119453 0 0 0 2.93899e-06
0.00119978 0 0 0 2.97788e-06
0.00120505 15.4641 0.00406854 72 3.01729e-06
0.00121034 0 0 0 3.05721e-06
0.00121566 14.5832 0.00373721 48 3.09767e-06
0.00122099 0 0 0 3.13866e-06
0.00122636 0 0 0 3.18019e-06
0.00123174 0 0 0 3.22228e-06
0.00123715 0 0 0 3.26492e-06
0.00124258 6.85529 0.00164503 8 3.30812e-06
0.00124804 0 0 0 3.3519e-06
0.00125352 0 0 0 3.39625e-06
0.00125903 19.6831 0.0045406 54 3.44119e-06
0.00126456 0 0 0 3.48673e-06
0.00127011 14.842 0.00333499 84 3.53287e-06
0.00127569 0 0 0 3.57962e-06
0.00128129 20.8736 0.00456856 48 3.62699e-06
0.00128692 0 0 0 3.67498e-06
0.00129257 21.4872 0.00458082 24 3.72361e-06
0.00129825 0 0 0 3.77289e-06
0.00130395 0 0 0 3.82281e-06
0.00130967 21.6831 0.00444382 72 3.8734e-06
0.00131543 0 0 0 3.92466e-06
0.0013212 18.6234 0.00371772 96 3.97659e-06
0.001327 0 0 0 4.02921e-06
0.00133283 0 0 0 4.08253e-06
0.00133869 0 0 0 4.13656e-06
0.00134456 17.6436 0.0033417 48 4.19129e-06
0.00135047 0 0 0 4.24676e-06
0.0013564 27.856 0.00513902 48 4.30295e-06
0.00136236 0 0 0 4.35989e-06
0.00136834 15.5319 0.00279105 24 4.41759e-06
0.00137435 0 0 0 4.47605e-06
0.00138038 26.9078 0.00470981 72 4.53528e-06
0.00138645 0 0 0 4.59529e-06
0.00139254 0 0 0 4.6561e-06
0.00139865 0 0 0 4.71771e-06
0.00140479 22.6909 0.00376825 72 4.78014e-06
0.00141096 20.4623 0.00335377 96 4.8434e-06
0.00141716 0 0 0 4.90749e-06
0.00142338 0 0 0 4.97243e-06
0.00142963 0 0 0 5.03823e-06
0.00143591 10.624 0.00165207 6 5.1049e-06
0.00144222 0 0 0 5.17245e-06
0.00144855 33.8979 0.00513448 96 5.2409e-06
0.00145491 0 0 0 5.31025e-06
0.0014613 24.2292 0.00357473 96 5.38052e-06
0.00146772 19.8678 0.00289298 24 5.45172e-06
0.00147417 0 0 0 5.52386e-06
0.00148064 19.427 0.00275539 48 5.59696e-06
0.00148714 0 0 0 5.67102e-06
0.00149367 28.7885 0.00397719 96 5.74607e-06
0.00150023 15.5861 0.00212513 48 5.8221e-06
0.00150682 0 0 0 5.89915e-06
0.00151344 0 0 0 5.97721e-06
0.00152009 15.6137 0.00204657 36 6.0563e-06
0.00152676 0 0 0 6.13645e-06
0.00153347 24.335 0.00310695 48 6.21765e-06
0.0015402 0 0 0 6.29993e-06
0.00154697 27.9437 0.0034751 120 6.38329e-06
0.00155376 38.0384 0.00466871 56 6.46776e-06
0.00156058 0 0 0 6.55335e-06
0.00156744 19.6878 0.00235371 24 6.64007e-06
0.00157432 34.0126 0.00401316 96 6.72794e-06
0.00158123 0 0 0 6.81697e-06
0.00158818 28.2428 0.00324591 48 6.90717e-06
0.00159515 0 0 0 6.99858e-06
0.00160216 0 0 0 7.09119e-06
0.00160919 17.4284 0.00192557 24 7.18502e-06
0.00161626 33.6682 0.00367123 102 7.2801e-06
0.00162336 31.7294 0.00341463 48 7.37644e-06
0.00163049 0 0 0 7.47405e-06
0.00163765 38.9364 0.0040815 72 7.57295e-06
0.00164484 31.8738 0.00329752 48 7.67317e-06
0.00165206 28.6302 0.00292327 48 7.7747e-06
0.00165932 0 0 0 7.87759e-06
0.00166661 27.5113 0.00273614 120 7.98183e-06
0.00167393 0 0 0 8.08745e-06
0.00168128 22.61 0.00219032 24 8.19447e-06
0.00168866 0 0 0 8.30291e-06
0.00169608 30.6009 0.00288751 144 8.41278e-06
0.00170353 28.6529 0.00266838 120 8.5241e-06
0.00171101 25.1882 0.00231509 48 8.6369e-06
0.00171852 0 0 0 8.75119e-06
0.00172607 0 0 0 8.867e-06
0.00173365 41.0651 0.0036284 48 8.98433e-06
0.00174126 27.7257 0.00241777 96 9.10322e-06
0.00174891 0 0 0 9.22368e-06
0.00175659 27.0797 0.00230016 24 9.34574e-06
0.0017643 41.5867 0.00348627 48 9.46941e-06
0.00177205 0 0 0 9.59472e-06
0.00177983 30.3611 0.00247916 108 9.72168e-06
0.00178765 37.3886 0.00301312 72 9.85033e-06
0.0017955 37.0742 0.00294877 30 9.98068e-06
0.00180339 42.0961 0.00330446 168 1.01127e-05
0.00181131 25.7554 0.00199534 48 1.02466e-05
0.00181926 0 0 0 1.03822e-05
0.00182725 34.387 0.00259493 72 1.05195e-05
0.00183527 0 0 0 1.06588e-05
0.00184333 39.4254 0.00289794 96 1.07998e-05
0.00185143 45.2594 0.00328332 72 1.09427e-05
0.00185956 38.8175 0.00277922 72 1.10875e-05
0.00186773 33.6476 0.0023776 32 1.12342e-05
0.00187593 54.989 0.00383488 72 1.13829e-05
0.00188417 38.9503 0.00268088 144 1.15335e-05
0.00189244 0 0 0 1.16861e-05
0.00190075 0 0 0 1.18408e-05
0.0019091 38.6084 0.00255459 96 1.19975e-05
0.00191748 31.9114 0.00208389 96 1.21562e-05
0.00192591 35.8873 0.00231292 48 1.23171e-05
0.00193436 44.0263 0.00280042 72 1.24801e-05
0.00194286 41.1615 0.002584 120 1.26452e-05
0.00195139 37.4315 0.00231915 72 1.28126e-05
0.00195996 0 0 0 1.29821e-05
0.00196857 34.0235 0.0020533 48 1.31539e-05
0.00197721 51.6361 0.00307552 78 1.3328e-05
0.0019859 33.4625 0.00196704 120 1.35043e-05
0.00199462 49.2655 0.00285818 48 1.3683e-05
0.00200338 46.2731 0.00264951 144 1.38641e-05
0.00201218 38.1744 0.00215725 144 1.40476e-05
0.00202101 0 0 0 1.42335e-05
0.00202989 48.3113 0.00265924 12 1.44218e-05
0.0020388 56.8506 0.00308841 144 1.46126e-05
0.00204776 50.0047 0.00268103 48 1.4806e-05
0.00205675 50.1712 0.00265483 120 1.50019e-05
0.00206578 44.5553 0.00232687 48 1.52005e-05
0.00207485 45.0705 0.00232303 216 1.54016e-05
0.00208397 0 0 0 1.56054e-05
0.00209312 34.1191 0.00171294 48 1.58119e-05
0.00210231 48.7765 0.00241683 96 1.60211e-05
0.00211154 52.1873 0.00255206 96 1.62332e-05
0.00212082 50.0066 0.00241348 120 1.6448e-05
0.00213013 45.3827 0.00216171 96 1.66656e-05
0.00213948 37.8818 0.00178085 48 1.68862e-05
0.00214888 0 0 0 1.71096e-05
0.00215832 50.7622 0.00232445 126 1.7336e-05
0.0021678 44.6978 0.00202002 192 1.75654e-05
0.00217732 59.3863 0.00264879 56 1.77979e-05
0.00218688 53.4549 0.00235309 192 1.80334e-05
0.00219648 52.7533 0.00229188 120 1.8272e-05
0.00220613 0 0 0 1.85138e-05
0.00221582 52.3114 0.00221371 216 1.87588e-05
0.00222555 51.4421 0.00214849 96 1.9007e-05
0.00223532 54.0922 0.00222967 96 1.92585e-05
0.00224514 37.8245 0.00153875 72 1.95134e-05
0.002255 52.2402 0.00209745 96 1.97716e-05
0.0022649 0 0 0 2.00332e-05
0.00227485 54.2582 0.00212194 216 2.02983e-05
0.00228484 65.4136 0.0025248 108 2.05669e-05
0.00229487 56.187 0.00214035 120 2.08391e-05
0.00230495 54.3134 0.00204196 96 2.11149e-05
0.00231507 55.5792 0.00206226 120 2.13943e-05
0.00232524 62.8899 0.00230305 48 2.16774e-05
0.00233545 59.842 0.00216281 78 2.19642e-05
0.00234571 58.8522 0.00209926 264 2.22549e-05
0.00235601 45.5971 0.00160521 24 2.25494e-05
0.00236636 60.0497 0.00208639 312 2.28478e-05
0.00237675 71.2046 0.00244165 24 2.31501e-05
0.00238719 54.6072 0.00184806 48 2.34565e-05
0.00239767 56.8213 0.00189788 216 2.37669e-05
0.0024082 57.3672 0.00189109 72 2.40814e-05
0.00241878 60.4145 0.00196553 264 2.44e-05
0.0024294 0 0 0 2.47229e-05
0.00244007 66.5147 0.00210784 240 2.50501e-05
0.00245078 60.8639 0.00190358 192 2.53815e-05
0.00246155 0 0 0 2.57174e-05
0.00247236 63.9681 0.00194875 240 2.60577e-05
0.00248321 109.308 0.00328652 8 2.64026e-05
0.00249412 69.2119 0.00205378 48 2.67519e-05
0.00250507 70.4615 0.00206356 336 2.71059e-05
0.00251607 62.4805 0.00180592 174 2.74646e-05
0.00252712 73.8169 0.00210572 120 2.78281e-05
0.00253822 74.8069 0.0021061 84 2.81963e-05
0.00254937 71.0629 0.00197456 216 2.85694e-05
0.00256057 69.6492 0.00191 144 2.89475e-05
0.00257181 72.8427 0.00197149 336 2.93305e-05
0.00258311 0 0 0 2.97187e-05
0.00259445 72.8581 0.00192074 264 3.01119e-05
0.00260584 77.7036 0.00202172 168 3.05104e-05
0.00261729 80.0727 0.00205616 168 3.09141e-05
0.00262878 77.7013 0.0019692 72 3.13232e-05
0.00264033 72.527 0.00181406 192 3.17377e-05
0.00265192 65.3968 0.00161436 216 3.21577e-05
0.00266357 77.5169 0.00188856 192 3.25832e-05
0.00267526 71.7596 0.00172546 144 3.30144e-05
0.00268701 65.3646 0.00155117 198 3.34513e-05
0.00269881 80.9009 0.00189479 96 3.38939e-05
0.00271067 64.3118 0.00148658 168 3.43425e-05
0.00272257 86.0761 0.00196368 360 3.47969e-05
0.00273453 68.144 0.00153429 168 3.52574e-05
0.00274654 67.6095 0.00150237 264 3.57239e-05
0.0027586 79.2413 0.00173785 216 3.61967e-05
0.00277071 95.3094 0.00206294 96 3.66756e-05
0.00278288 77.1041 0.0016471 144 3.7161e-05
0.0027951 83.9865 0.00177069 236 3.76527e-05
0.00280738 81.1098 0.0016877 240 3.8151e-05
0.00281971 95.4865 0.0019609 144 3.86558e-05
0.00283209 90.7671 0.00183964 240 3.91673e-05
0.00284453 77.3065 0.00154636 312 3.96856e-05
0.00285702 102.115 0.00201593 240 4.02108e-05
0.00286957 43.361 0.000844843 6 4.07429e-05
0.00288217 93.2424 0.001793 288 4.1282e-05
0.00289483 81.0553 0.0015383 408 4.18283e-05
0.00290754 104.655 0.00196025 72 4.23818e-05
0.00292031 82.2644 0.00152073 192 4.29427e-05
0.00293313 87.0986 0.00158907 312 4.35109e-05
0.00294601 86.7012 0.00156116 456 4.40867e-05
0.00295895 74.4269 0.00132264 48 4.46701e-05
0.00297195 86.2815 0.00151328 360 4.52612e-05
0.002985 86.8036 0.00150256 168 4.58601e-05
0.00299811 102.994 0.00175953 216 4.6467e-05
0.00301127 88.7763 0.00149683 336 4.70819e-05
0.0030245 85.0097 0.0014146 264 4.77049e-05
0.00303778 101.906 0.00167362 144 4.83362e-05
0.00305112 96.2421 0.00155996 378 4.89758e-05
0.00306452 80.4389 0.00128678 144 4.96239e-05
0.00307798 92.9656 0.00146775 384 5.02806e-05
0.0030915 99.5834 0.0015517 312 5.09459e-05
0.00310507 96.2851 0.00148071 320 5.16201e-05
0.00311871 103.701 0.00157392 240 5.23032e-05
0.00313241 100.256 0.00150177 216 5.29953e-05
0.00314616 95.6005 0.00141333 408 5.36966e-05
0.00315998 103.937 0.0015165 240 5.44071e-05
0.00317386 101.435 0.00146067 144 5.51271e-05
0.0031878 95.5255 0.00135761 456 5.58566e-05
0.00320179 92.5431 0.00129804 264 5.65957e-05
0.00321586 94.3983 0.00130677 360 5.73446e-05
0.00322998 96.8371 0.00132303 366 5.81035e-05
0.00324416 110.535 0.00149045 312 5.88724e-05
0.00325841 89.2752 0.00118806 384 5.96514e-05
0.00327272 108.789 0.00142885 264 6.04408e-05
0.00328709 90.0652 0.00116747 192 6.12406e-05
0.00330153 98.7291 0.00126306 420 6.2051e-05
0.00331603 96.5433 0.00121897 600 6.28721e-05
0.00333059 110.413 0.00137588 216 6.3704e-05
0.00334522 103.698 0.00127533 240 6.4547e-05
0.00335991 112.344 0.00136362 408 6.54012e-05
0.00337466 112.646 0.00134943 408 6.62666e-05
0.00338948 98.9724 0.00117014 408 6.71435e-05
0.00340437 107.275 0.00125174 246 6.8032e-05
0.00341932 90.2431 0.00103925 368 6.89323e-05
0.00343434 113.82 0.00129364 384 6.98445e-05
0.00344942 113.619 0.00127449 432 7.07687e-05
0.00346457 104.5 0.00115689 696 7.17052e-05
0.00347978 106.368 0.00116219 288 7.2654e-05
0.00349507 118.632 0.00127927 264 7.36155e-05
0.00351041 101.183 0.00107686 360 7.45896e-05
0.00352583 100.62 0.00105688 456 7.55766e-05
0.00354132 108.505 0.00112481 504 7.65767e-05
0.00355687 117.345 0.00120057 372 7.75901e-05
0.00357249 114.811 0.0011593 336 7.86168e-05
0.00358818 121.053 0.00120637 510 7.96571e-05
0.00360393 101.711 0.00100037 408 8.07112e-05
0.00361976 113.276 0.00109957 456 8.17793e-05
0.00363566 118.281 0.00113316 528 8.28614e-05
0.00365163 115.58 0.00109282 480 8.39579e-05
0.00366766 122.823 0.00114614 528 8.50689e-05
0.00368377 102.092 0.000940239 336 8.61946e-05
0.00369995 113.687 0.00103335 696 8.73352e-05
0.0037162 129.116 0.00115827 456 8.84909e-05
0.00373252 107.798 0.0009544 464 8.96619e-05
0.00374891 121.755 0.00106389 504 9.08484e-05
0.00376537 135.882 0.00117182 414 9.20506e-05
0.00378191 118.32 0.00100705 312 9.32687e-05
0.00379852 128.351 0.00107816 624 9.45029e-05
0.0038152 124.261 0.00103017 636 9.57534e-05
0.00383195 127.81 0.00104575 360 9.70205e-05
0.00384878 123.983 0.00100119 912 9.83044e-05
0.00386568 124.868 0.000995168 360 9.96052e-05
0.00388266 138.564 0.0010899 576 0.000100923
0.00389971 127.864 0.000992604 456 0.000102259
0.00391684 121.956 0.000934374 672 0.000103612
0.00393404 122.424 0.000925716 480 0.000104983
0.00395132 116.244 0.000867499 726 0.000106372
0.00396867 133.443 0.000982849 528 0.00010778
0.0039861 142.298 0.00103438 744 0.000109206
0.0040036 136.115 0.000976513 456 0.000110651
0.00402119 132.366 0.000937217 504 0.000112115
0.00403885 138.193 0.000965695 680 0.000113599
0.00405658 147.522 0.00101743 564 0.000115102
0.0040744 147.528 0.00100417 816 0.000116625
0.00409229 136.514 0.000917075 624 0.000118169
0.00411026 147.849 0.000980247 744 0.000119732
0.00412831 136.829 0.000895338 750 0.000121317
0.00414644 152.566 0.000985271 432 0.000122922
0.00416465 138.967 0.000885729 648 0.000124549
0.00418294 151.359 0.00095211 840 0.000126197
0.00420131 147.098 0.000913222 984 0.000127867
0.00421976 149.817 0.000917958 456 0.000129559
0.0042383 154.416 0.000933781 672 0.000131273
0.00425691 147.376 0.000879566 648 0.000133011
0.0042756 157.833 0.000929674 936 0.000134771
0.00429438 148.146 0.000861217 696 0.000136554
0.00431324 155.455 0.000891907 522 0.000138361
0.00433218 145.38 0.00082321 816 0.000140192
0.00435121 156.75 0.000876001 1160 0.000142047
0.00437032 153.999 0.000849388 792 0.000143927
0.00438951 159.258 0.000866917 528 0.000145831
0.00440879 165.447 0.000888846 960 0.000147761
0.00442815 163.034 0.000864444 792 0.000149716
0.0044476 167.519 0.000876625 768 0.000151698
0.00446713 157.891 0.00081545 888 0.000153705
0.00448675 161.379 0.000822578 795 0.000155739
0.00450645 158.254 0.000796116 804 0.0001578
0.00452624 163.957 0.000814036 984 0.000159888
0.00454612 176.688 0.000865786 768 0.000162004
0.00456608 151.352 0.000731954 708 0.000164148
0.00458614 177.925 0.000849222 996 0.00016632
0.00460628 172.525 0.000812697 960 0.000168521
0.00462651 171.602 0.000797789 1056 0.000170751
0.00464682 168.418 0.000772761 312 0.00017301
0.00466723 190.493 0.000862634 1184 0.0001753
0.00468773 166.299 0.000743237 648 0.000177619
0.00470831 179.195 0.000790416 1020 0.00017997
0.00472899 158.433 0.000689708 672 0.000182351
0.00474976 191.35 0.000822128 1068 0.000184764
0.00477062 190.136 0.000806244 780 0.000187209
0.00479157 173.44 0.000725842 936 0.000189687
0.00481261 172.808 0.000713751 576 0.000192197
0.00483375 195.247 0.0007959 972 0.00019474
0.00485498 179.677 0.000722864 1104 0.000197317
0.0048763 193.246 0.000767301 816 0.000199928
0.00489771 179.187 0.000702186 708 0.000202574
0.00491922 199.18 0.000770338 804 0.000205254
0.00494082 194.128 0.000740997 648 0.00020797
0.00496252 188.605 0.000710512 864 0.000210722
0.00498432 199.261 0.000740852 1148 0.000213511
0.00500621 193.724 0.00071086 840 0.000216336
0.00502819 188.849 0.00068392 540 0.000219199
0.00505027 194.221 0.000694188 876 0.0002221
0.00507245 211.198 0.000745007 732 0.000225039
0.00509473 190.974 0.000664869 768 0.000228016
0.0051171 197.74 0.000679434 840 0.000231034
0.00513958 209.784 0.000711403 948 0.000234091
0.00516215 211.714 0.000708573 804 0.000237189
0.00518482 221.595 0.000731956 696 0.000240327
0.00520759 176.189 0.000574376 840 0.000243508
0.00523046 221.472 0.000712567 780 0.00024673
0.00525343 207.753 0.000659697 744 0.000249995
0.0052765 199.428 0.000624992 836 0.000253303
0.00529967 240.193 0.000742915 816 0.000256655
0.00532294 231.052 0.00070531 696 0.000260051
0.00534632 232.847 0.000701506 720 0.000263492
0.0053698 246.583 0.000733185 672 0.000266979
0.00539338 220.647 0.0006475 936 0.000270512
0.00541707 228 0.00066034 600 0.000274092
0.00544086 229.717 0.000656625 744 0.000277719
0.00546475 250.823 0.000707589 744 0.000281394
0.00548875 238.498 0.000664032 624 0.000285117
0.00551286 242.512 0.000666392 888 0.00028889
0.00553707 223.543 0.000606245 756 0.000292713
0.00556138 238.615 0.000638667 396 0.000296587
0.00558581 263.175 0.000695204 740 0.000300511
0.00561034 238.463 0.000621697 744 0.000304488
0.00563498 228.622 0.000588259 756 0.000308517
0.00565972 246.095 0.000624947 648 0.0003126
0.00568458 243.811 0.00061106 480 0.000316736
0.00570954 241.378 0.000597062 624 0.000320928
0.00573462 251.859 0.000614851 612 0.000325175
0.0057598 280.612 0.000676098 732 0.000329478
0.0057851 269.489 0.000640817 600 0.000333837
0.0058105 274.633 0.000644521 552 0.000338255
0.00583602 272.026 0.000630065 612 0.000342731
0.00586165 273.296 0.00062474 684 0.000347266
0.00588739 266.731 0.000601769 468 0.000351862
0.00591325 279.351 0.00062201 464 0.000356518
0.00593922 297.862 0.000654565 648 0.000361236
0.0059653 299.418 0.000649391 540 0.000366016
0.0059915 295.966 0.000633522 408 0.000370859
0.00601781 299.014 0.000631686 504 0.000375767
0.00604424 292.546 0.00060995 444 0.000380739
0.00607078 283.855 0.000584102 480 0.000385778
0.00609744 351.648 0.000714152 456 0.000390883
0.00612422 331.311 0.000664062 408 0.000396055
0.00615112 353.81 0.000699897 480 0.000401296
0.00617813 334.724 0.000653493 408 0.000406606
0.00620526 313.499 0.000604063 200 0.000411987
0.00623251 366.297 0.000696577 576 0.000417439
0.00625988 330.49 0.000620276 312 0.000422963
0.00628737 353.298 0.000654423 360 0.00042856
0.00631499 371.265 0.000678723 264 0.000434231
0.00634272 364.255 0.00065721 345 0.000439977
0.00637057 349.239 0.000621888 252 0.000445799
0.00639855 369.867 0.000650018 312 0.000451698
0.00642665 343.37 0.000595571 246 0.000457675
0.00645488 412.919 0.000706849 216 0.000463732
0.00648322 426.355 0.000720318 246 0.000469868
0.0065117 465.665 0.000776455 150 0.000476086
0.00654029 381.236 0.000627376 278 0.000482386
0.00656901 387.958 0.000630101 168 0.000488769
0.00659786 484.367 0.000776408 210 0.000495237
0.00662684 337.267 0.000533556 120 0.00050179
0.00665594 458.871 0.000716453 246 0.000508431
0.00668517 461.847 0.000711682 120 0.000515159
0.00671453 559.579 0.00085102 102 0.000521976
0.00674402 483.96 0.000726405 192 0.000528883
0.00677364 436.329 0.000646359 186 0.000535881
0.00680338 368.35 0.000538531 48 0.000542973
0.00683326 355.757 0.000513328 86 0.000550158
0.00686327 577.157 0.000821913 192 0.000557438
0.00689341 605.134 0.0008505 78 0.000564815
0.00692369 970.483 0.00134617 24 0.000572289
0.00695409 469.593 0.000642875 162 0.000579862
0.00698463 568.112 0.000767589 72 0.000587535
0.00701531 684.133 0.000912276 24 0.00059531
0.00704611 734.082 0.000966098 102 0.000603187
0.00707706 439.734 0.000571159 72 0.000611169
0.00710814 437.057 0.000560268 30 0.000619257
0.00713935 445.409 0.000563518 8 0.000627451
0.00717071 510.086 0.000636918 132 0.000635754
0.0072022 721.151 0.000888703 6 0.000644167
0.00723383 0 0 0 0.000652691
0.0072656 827.974 0.000993868 96 0.000661328
0.00729751 1299.04 0.00153895 6 0.00067008
0.00732955 0 0 0 0.000678947
0.00736174 495.797 0.000572121 60 0.000687931
0.00739407 43.5374 4.95835e-05 6 0.000697034
0.00742654 0 0 0 0.000706258
0.00745916 1176.68 0.00130532 38 0.000715604
0.00749192 0 0 0 0.000725073
0.00752482 0 0 0 0.000734668
0.00755786 851.458 0.000908012 18 0.00074439
0.00759106 0 0 0 0.00075424
0.00762439 0 0 0 0.000764221
0.00765788 3592.05 0.0036825 6 0.000774334
0.00769151 0 0 0 0.000784581
0.00772529 0 0 0 0.000794963
0.00775921 592.173 0.000583608 1 0.000805483
0.00779329 0 0 0 0.000816141
0.00782751 0 0 0 0.000826941
0.00786189 0 0 0 0.000837884
0.00789642 0 0 0 0.000848972
0.00793109 0 0 0 0.000860206
0.00796592 0 0 0 0.000871589
0.00800091 0 0 0 0.000883123
0.00803605 0 0 0 0.000894809
0.00807134 0 0 0 0.00090665
0.00810678 0 0 0 0.000918647
0.00814239 0 0 0 0.000930804
0.00817814 0 0 0 0.000943121
0.00821406 0 0 0 0.000955601
0.00825013 0 0 0 0.000968246
0.00828636 0 0 0 0.000981059
0.00832275 0 0 0 0.000994041
0.00835931 0 0 0 0.0010072
0.00839602 0 0 0 0.00102052
0.00843289 0 0 0 0.00103403
0.00846992 0 0 0 0.00104771
0.00850712 0 0 0 0.00106158
0.00854448 0 0 0 0.00107562
0.008582 0 0 0 0.00108986
0.00861969 0 0 0 0.00110428
0.00865755 0 0 0 0.00111889
0.00869557 0 0 0 0.0011337
0.00873376 0 0 0 0.0011487
0.00877211 0 0 0 0.0011639
0.00881064 0 0 0 0.0011793
0.00884933 0 0 0 0.00119491
0.00888819 0 0 0 0.00121072
0.00892723 0 0 0 0.00122674
0.00896643 0 0 0 0.00124297
0.00900581 0 0 0 0.00125942
0.00904536 0 0 0 0.00127609
0.00908508 0 0 0 0.00129297
0.00912498 0 0 0 0.00131008
0.00916506 0 0 0 0.00132742
0.0092053 0 0 0 0.00134499
0.00924573 0 0 0 0.00136278
0.00928634 0 0 0 0.00138082
0.00932712 0 0 0 0.00139909
0.00936808 0 0 0 0.0014176
0.00940922 0 0 0 0.00143636
0.00945054 0 0 0 0.00145537
0.00949205 0 0 0 0.00147463
0.00953373 0 0 0 0.00149414
0.0095756 0 0 0 0.00151391
0.00961765 0 0 0 0.00153395
0.00965989 0 0 0 0.00155425
0.00970231 0 0 0 0.00157481
0.00974492 0 0 0 0.00159565
0.00978772 0 0 0 0.00161677
0.0098307 0 0 0 0.00163816
0.00987387 0 0 0 0.00165984
0.00991724 0 0 0 0.0016818
0.00996079 0 0 0 0.00170406
0.0100045 0 0 0 0.00172661
0.0100485 0 0 0 0.00174946
0.0100926 0 0 0 0.00177261
0.0101369 0 0 0 0.00179606
0.0101814 0 0 0 0.00181983
0.0102262 0 0 0 0.00184391
0.0102711 0 0 0 0.00186831
0.0103162 0 0 0 0.00189304
0.0103615 0 0 0 0.00191809
0.010407 0 0 0 0.00194347
0.0104527 0 0 0 0.00196918
0.0104986 0 0 0 0.00199524
0.0105447 0 0 0 0.00202165
0.010591 0 0 0 0.0020484
0.0106375 0 0 0 0.0020755
0.0106842 0 0 0 0.00210297
0.0107312 0 0 0 0.0021308
0.0107783 0 0 0 0.00215899
0.0108256 0 0 0 0.00218756
0.0108732 0 0 0 0.00221651
0.0109209 0 0 0 0.00224584
0.0109689 0 0 0 0.00227556
0.011017 0 0 0 0.00230567
0.0110654 0 0 0 0.00233618
0.011114 0 0 0 0.0023671
0.0111628 0 0 0 0.00239842
0.0112118 0 0 0 0.00243016
0.0112611 0 0 0 0.00246232
0.0113105 0 0 0 0.0024949
0.0113602 0 0 0 0.00252792
0.0114101 0 0 0 0.00256137
0.0114602 0 0 0 0.00259526
0.0115105 0 0 0 0.0026296
0.0115611 0 0 0 0.0026644
0.0116119 0 0 0 0.00269966
0.0116629 0 0 0 0.00273538
0.0117141 0 0 0 0.00277158
0.0117655 0 0 0 0.00280826
0.0118172 0 0 0 0.00284542
0.0118691 0 0 0 0.00288307
0.0119212 0 0 0 0.00292122
0.0119736 0 0 0 0.00295988
0.0120262 0 0 0 0.00299905
0.012079 0 0 0 0.00303873
0.012132 0 0 0 0.00307894
0.0121853 0 0 0 0.00311969
0.0122388 0 0 0 0.00316097
0.0122926 0 0 0 0.0032028
0.0123465 0 0 0 0.00324518
0.0124008 0 0 0 0.00328812
0.0124552 0 0 0 0.00333163
0.0125099 0 0 0 0.00337572
0.0125649 0 0 0 0.00342039
0.01262 0 0 0 0.00346565
0.0126755 0 0 0 0.00351151
0.0127311 0 0 0 0.00355798
0.012787 0 0 0 0.00360506
0.0128432 0 0 0 0.00365277
0.0128996 0 0 0 0.00370111
0.0129562 0 0 0 0.00375008
0.0130131 0 0 0 0.00379971
0.0130703 0 0 0 0.00384999
0.0131277 0 0 0 0.00390093
0.0131853 0 0 0 0.00395255
0.0132433 0 0 0 0.00400486
0.0133014 0 0 0 0.00405785
0.0133598 0 0 0 0.00411155
0.0134185 0 0 0 0.00416596
0.0134774 0 0 0 0.00422109
0.0135366 0 0 0 0.00427694
0.0135961 0 0 0 0.00433354
0.0136558 0 0 0 0.00439088
0.0137157 0 0 0 0.00444899
0.013776 0 0 0 0.00450786
0.0138365 0 0 0 0.00456751
0.0138972 0 0 0 0.00462795
0.0139583 0 0 0 0.0046892
0.0140196 0 0 0 0.00475125
0.0140811 0 0 0 0.00481412
0.014143 0 0 0 0.00487782
0.0142051 0 0 0 0.00494237
0.0142675 0 0 0 0.00500777
0.0143301 0 0 0 0.00507404
0.0143931 0 0 0 0.00514118
0.0144563 0 0 0 0.00520922
0.0145198 0 0 0 0.00527815
0.0145835 0 0 0 0.005348
0.0146476 0 0 0 0.00541876
0.0147119 0 0 0 0.00549047
0.0147765 0 0 0 0.00556312
0.0148414 0 0 0 0.00563674
0.0149066 0 0 0 0.00571133
0.014972 0 0 0 0.00578691
0.0150378 0 0 0 0.00586349
0.0151038 0 0 0 0.00594108
0.0151702 0 0 0 0.00601969
0.0152368 0 0 0 0.00609935
0.0153037 0 0 0 0.00618006
0.0153709 0 0 0 0.00626184
0.0154384 0 0 0 0.00634471
0.0155062 0 0 0 0.00642866
0.0155743 0 0 0 0.00651373
0.0156427 0 0 0 0.00659993
0.0157114 0 0 0 0.00668727
0.0157804 0 0 0 0.00677576
0.0158497 0 0 0 0.00686542
0.0159193 0 0 0 0.00695627
0.0159892 0 0 0 0.00704832
0.0160594 0 0 0 0.00714159
0.01613 0 0 0 0.00723609
0.0162008 0 0 0 0.00733185
0.016272 0 0 0 0.00742887
0.0163434 0 0 0 0.00752718
0.0164152 0 0 0 0.00762678
0.0164873 0 0 0 0.00772771
0.0165597 0 0 0 0.00782997
0.0166324 0 0 0 0.00793358
0.0167055 0 0 0 0.00803856
0.0167788 0 0 0 0.00814494
0.0168525 0 0 0 0.00825272
0.0169265 0 0 0 0.00836192
0.0170009 0 0 0 0.00847258
0.0170755 0 0 0 0.00858469
0.0171505 0 0 0 0.00869829
0.0172258 0 0 0 0.0088134
0.0173015 0 0 0 0.00893002
0.0173775 0 0 0 0.00904819
0.0174538 0 0 0 0.00916793
0.0175304 0 0 0 0.00928924
0.0176074 0 0 0 0.00941217
0.0176847 0 0 0 0.00953672
0.0177624 0 0 0 0.00966291
0.0178404 0 0 0 0.00979078
0.0179188 0 0 0 0.00992034
0.0179974 0 0 0 0.0100516
0.0180765 0 0 0 0.0101846
0.0181559 0 0 0 0.0103194
0.0182356 0 0 0 0.010456
0.0183157 0 0 0 0.0105943
0.0183961 0 0 0 0.0107345
0.0184769 0 0 0 0.0108766
0.0185581 0 0 0 0.0110205
0.0186396 0 0 0 0.0111663
0.0187214 0 0 0 0.0113141
0.0188036 0 0 0 0.0114638
0.0188862 0 0 0 0.0116155
0.0189692 0 0 0 0.0117692
0.0190525 0 0 0 0.0119249
0.0191361 0 0 0 0.0120827
0.0192202 0 0 0 0.0122426
0.0193046 0 0 0 0.0124046
0.0193894 0 0 0 0.0125688
0.0194745 0 0 0 0.0127351
0.01956 0 0 0 0.0129036
0.0196459 0 0 0 0.0130744
0.0197322 0 0 0 0.0132474
0.0198189 0 0 0 0.0134227
0.0199059 0 0 0 0.0136003
0.0199933 0 0 0 0.0137803
0.0200811 0 0 0 0.0139626
0.0201693 0 0 0 0.0141474
0.0202579 0 0 0 0.0143346
0.0203469 0 0 0 0.0145243
0.0204362 0 0 0 0.0147165
0.020526 0 0 0 0.0149113
0.0206161 0 0 0 0.0151086
0.0207066 0 0 0 0.0153085
0.0207976 0 0 0 0.0155111
0.0208889 0 0 0 0.0157163
0.0209807 0 0 0 0.0159243
0.0210728 0 0 0 0.016135
0.0211653 0 0 0 0.0163485
0.0212583 0 0 0 0.0165649
0.0213517 0 0 0 0.0167841
0.0214454 0 0 0 0.0170062
0.0215396 0 0 0 0.0172312
0.0216342 0 0 0 0.0174592
0.0217292 0 0 0 0.0176903
0.0218246 0 0 0 0.0179244
0.0219205 0 0 0 0.0181616
0.0220167 0 0 0 0.0184019
0.0221134 0 0 0 0.0186454
0.0222105 0 0 0 0.0188921
0.0223081 0 0 0 0.0191421
0.0224061 0 0 0 0.0193954
0.0225045 0 0 0 0.0196521
0.0226033 0 0 0 0.0199121
0.0227026 0 0 0 0.0201756
0.0228023 0 0 0 0.0204426
0.0229024 0 0 0 0.0207131
0.023003 0 0 0 0.0209872
0.023104 0 0 0 0.0212649
0.0232055 0 0 0 0.0215463
0.0233074 0 0 0 0.0218315
0.0234097 0 0 0 0.0221204
0.0235125 0 0 0 0.0224131
0.0236158 0 0 0 0.0227097
0.0237195 0 0 0 0.0230102
0.0238237 0 0 0 0.0233147
0.0239283 0 0 0 0.0236232
0.0240334 0 0 0 0.0239358
0.0241389 0 0 0 0.0242525
0.0242449 0 0 0 0.0245735
0.0243514 0 0 0 0.0248986
0.0244584 0 0 0 0.0252281
0.0245658 0 0 0 0.025562
0.0246737 0 0 0 0.0259002
0.024782 0 0 0 0.026243
0.0248908 0 0 0 0.0265902
0.0250002 0 0 0 0.0269421
0.0251099 0 0 0 0.0272986
0.0252202 0 0 0 0.0276598
0.025331 0 0 0 0.0280259
0.0254422 0 0 0 0.0283967
0.025554 0 0 0 0.0287725
0.0256662 0 0 0 0.0291532
0.0257789 0 0 0 0.029539
0.0258921 0 0 0 0.0299299
0.0260058 0 0 0 0.030326
0.02612 0 0 0 0.0307273
0.0262347 0 0 0 0.0311339
0.0263499 0 0 0 0.0315459
0.0264657 0 0 0 0.0319633
0.0265819 0 0 0 0.0323863
0.0266986 0 0 0 0.0328148
0.0268159 0 0 0 0.0332491
0.0269337 0 0 0 0.0336891
0.0270519 0 0 0 0.0341349
0.0271707 0 0 0 0.0345866
0.0272901 0 0 0 0.0350442
0.0274099 0 0 0 0.035508
0.0275303 0 0 0 0.0359778
0.0276512 0 0 0 0.0364539
0.0277726 0 0 0 0.0369363
0.0278946 0 0 0 0.0374251
0.0280171 0 0 0 0.0379203
0.0281401 0 0 0 0.0384221
0.0282637 0 0 0 0.0389306
0.0283878 0 0 0 0.0394457
0.0285125 0 0 0 0.0399677
0.0286377 0 0 0 0.0404966
0.0287635 0 0 0 0.0410325
0.0288898 0 0 0 0.0415755
0.0290167 0 0 0 0.0421256
0.0291441 0 0 0 0.0426831
0.0292721 0 0 0 0.0432479
0.0294007 0 0 0 0.0438202
0.0295298 0 0 0 0.0444001
0.0296595 0 0 0 0.0449876
0.0297897 0 0 0 0.0455829
0.0299205 0 0 0 0.0461861
0.0300519 0 0 0 0.0467973
0.0301839 0 0 0 0.0474165
0.0303165 0 0 0 0.048044
0.0304496 0 0 0 0.0486798
0.0305833 0 0 0 0.0493239
0.0307176 0 0 0 0.0499766
0.0308525 0 0 0 0.050638
0.030988 0 0 0 0.051308
0.0311241 0 0 0 0.051987
0.0312608 0 0 0 0.0526749
0.0313981 0 0 0 0.053372
0.031536 0 0 0 0.0540782
0.0316745 0 0 0 0.0547938
0.0318136 0 0 0 0.0555189
0.0319533 0 0 0 0.0562536
0.0320936 0 0 0 0.056998
0.0322346 0 0 0 0.0577522
0.0323761 0 0 0 0.0585165
0.0325183 0 0 0 0.0592908
0.0326611 0 0 0 0.0600754
0.0328046 0 0 0 0.0608704
0.0329486 0 0 0 0.0616759
0.0330933 0 0 0 0.062492
0.0332387 0 0 0 0.063319
0.0333846 0 0 0 0.0641568
0.0335312 0 0 0 0.0650058
0.0336785 0 0 0 0.065866
0.0338264 0 0 0 0.0667376
0.033975 0 0 0 0.0676208
0.0341242 0 0 0 0.0685156
0.034274 0 0 0 0.0694222
0.0344245 0 0 0 0.0703409
0.0345757 0 0 0 0.0712717
0.0347276 0 0 0 0.0722148
0.0348801 0 0 0 0.0731704
0.0350333 0 0 0 0.0741387
0.0351871 0 0 0 0.0751198
0.0353416 0 0 0 0.0761138
0.0354969 0 0 0 0.077121
0.0356527 0 0 0 0.0781416
0.0358093 0 0 0 0.0791756
0.0359666 0 0 0 0.0802233
0.0361245 0 0 0 0.0812849
0.0362832 0 0 0 0.0823605
0.0364425 0 0 0 0.0834504
0.0366026 0 0 0 0.0845547
0.0367633 0 0 0 0.0856736
0.0369248 0 0 0 0.0868073
0.0370869 0 0 0 0.087956
0.0372498 0 0 0 0.0891199
0.0374134 0 0 0 0.0902992
0.0375777 0 0 0 0.0914941
0.0377427 0 0 0 0.0927049
0.0379085 0 0 0 0.0939316
0.0380749 0 0 0 0.0951746
0.0382422 0 0 0 0.096434
0.0384101 0 0 0 0.0977101
0.0385788 0 0 0 0.0990031
0.0387482 0 0 0 0.100313
0.0389184 0 0 0 0.101641
0.0390893 0 0 0 0.102986
0.039261 0 0 0 0.104348
0.0394334 0 0 0 0.105729
0.0396066 0 0 0 0.107128
0.0397805 0 0 0 0.108546
0.0399552 0 0 0 0.109982
0.0401307 0 0 0 0.111438
0.0403069 0 0 0 0.112912
0.0404839 0 0 0 0.114407
0.0406617 0 0 0 0.11592
0.0408403 0 0 0 0.117454
0.0410196 0 0 0 0.119009
0.0411998 0 0 0 0.120584
0.0413807 0 0 0 0.122179
0.0415624 0 0 0 0.123796
0.041745 0 0 0 0.125434
0.0419283 0 0 0 0.127094
0.0421124 0 0 0 0.128776
0.0422974 0 0 0 0.13048
0.0424831 0 0 0 0.132207
0.0426697 0 0 0 0.133956
0.0428571 0 0 0 0.135729
0.0430453 0 0 0 0.137525
0.0432344 0 0 0 0.139345
0.0434242 0 0 0 0.141188
0.0436149 0 0 0 0.143057
0.0438065 0 0 0 0.14495
0.0439988 0 0 0 0.146868
0.0441921 0 0 0 0.148811
0.0443862 0 0 0 0.150781
0.0445811 0 0 0 0.152776
0.0447769 0 0 0 0.154798
0.0449735 0 0 0 0.156846
0.045171 0 0 0 0.158921
0.0453694 0 0 0 0.161024
0.0455686 0 0 0 0.163155
0.0457688 0 0 0 0.165314
0.0459698 0 0 0 0.167502
0.0461716 0 0 0 0.169718
0.0463744 0 0 0 0.171964
0.0465781 0 0 0 0.17424
0.0467826 0 0 0 0.176546
0.0469881 0 0 0 0.178882
0.0471944 0 0 0 0.181249
0.0474017 0 0 0 0.183647
0.0476099 0 0 0 0.186078
0.0478189 0 0 0 0.18854
0.048029 0 0 0 0.191035
0.0482399 0 0 0 0.193563
0.0484517 0 0 0 0.196124
0.0486645 0 0 0 0.198719
0.0488782 0 0 0 0.201349
0.0490929 0 0 0 0.204013
0.0493085 0 0 0 0.206713
0.049525 0 0 0 0.209449
0.0497425 0 0 0 0.21222
0.049961 0 0 0 0.215028
0.0501804 0 0 0 0.217874
0.0504008 0 0 0 0.220757
0.0506221 0 0 0 0.223678
0.0508444 0 0 0 0.226638
0.0510677 0 0 0 0.229637
0.051292 0 0 0 0.232676
0.0515172 0 0 0 0.235755
0.0517435 0 0 0 0.238875
0.0519707 0 0 0 0.242036
0.052199 0 0 0 0.245238
0.0524282 0 0 0 0.248484
0.0526584 0 0 0 0.251772
0.0528897 0 0 0 0.255103
0.053122 0 0 0 0.258479
0.0533553 0 0 0 0.2619
0.0535896 0 0 0 0.265365
0.0538249 0 0 0 0.268877
0.0540613 0 0 0 0.272435
0.0542987 0 0 0 0.27604
0.0545372 0 0 0 0.279693
0.0547767 0 0 0 0.283394
0.0550173 0 0 0 0.287144
0.0552589 0 0 0 0.290944
0.0555015 0 0 0 0.294794
0.0557453 0 0 0 0.298695
0.0559901 0 0 0 0.302647
0.056236 0 0 0 0.306652
0.056483 0 0 0 0.31071
0.056731 0 0 0 0.314822
0.0569802 0 0 0 0.318988
0.0572304 0 0 0 0.323209
0.0574817 0 0 0 0.327486
0.0577342 0 0 0 0.331819
0.0579877 0 0 0 0.33621
0.0582424 0 0 0 0.340659
0.0584982 0 0 0 0.345167
0.0587551 0 0 0 0.349735
0.0590131 0 0 0 0.354363
0.0592723 0 0 0 0.359052
0.0595326 0 0 0 0.363803
0.059794 0 0 0 0.368617
0.0600566 0 0 0 0.373495
0.0603203 0 0 0 0.378438
0.0605852 0 0 0 0.383446
0.0608513 0 0 0 0.38852
0.0611186 0 0 0 0.393661
0.061387 0 0 0 0.39887
0.0616566 0 0 0 0.404148
0.0619273 0 0 0 0.409496
0.0621993 0 0 0 0.414915
0.0624724 0 0 0 0.420406
0.0627468 0 0 0 0.425969
0.0630224 0 0 0 0.431606
0.0632991 0 0 0 0.437317
0.0635771 0 0 0 0.443104
0.0638563 0 0 0 0.448968
0.0641368 0 0 0 0.454909
0.0644184 0 0 0 0.460928
0.0647013 0 0 0 0.467028
0.0649855 0 0 0 0.473208
0.0652709 0 0 0 0.47947
0.0655575 0 0 0 0.485815
0.0658454 0 0 0 0.492243
0.0661346 0 0 0 0.498757
0.066425 0 0 0 0.505357
0.0667167 0 0 0 0.512044
0.0670097 0 0 0 0.51882
0.067304 0 0 0 0.525686
0.0675996 0 0 0 0.532642
0.0678965 0 0 0 0.53969
0.0681946 0 0 0 0.546832
0.0684941 0 0 0 0.554068
0.0687949 0 0 0 0.5614
0.0690971 0 0 0 0.568829
0.0694005 0 0 0 0.576356
0.0697053 0 0 0 0.583983
0.0700114 0 0 0 0.591711
0.0703189 0 0 0 0.599541
0.0706277 0 0 0 0.607475
0.0709379 0 0 0 0.615513
0.0712494 0 0 0 0.623658
0.0715623 0 0 0 0.631911
0.0718766 0 0 0 0.640273
0.0721922 0 0 0 0.648746
0.0725093 0 0 0 0.657331
0.0728277 0 0 0 0.666029
0.0731475 0 0 0 0.674842
0.0734688 0 0 0 0.683772
0.0737914 0 0 0 0.692821
0.0741155 0 0 0 0.701989
0.074441 0 0 0 0.711278
0.0747679 0 0 0 0.72069
0.0750963 0 0 0 0.730227
0.0754261 0 0 0 0.73989
0.0757573 0 0 0 0.749681
0.07609 0 0 0 0.759601
0.0764242 0 0 0 0.769653
0.0767598 0 0 0 0.779838
0.0770969 0 0 0 0.790157
0.0774355 0 0 0 0.800613
0.0777755 0 0 0 0.811208
0.0781171 0 0 0 0.821942
0.0784602 0 0 0 0.832819
0.0788047 0 0 0 0.84384
0.0791508 0 0 0 0.855006
0.0794984 0 0 0 0.86632
0.0798475 0 0 0 0.877784
0.0801982 0 0 0 0.8894
0.0805504 0 0 0 0.901169
0.0809042 0 0 0 0.913094
0.0812595 0 0 0 0.925177
0.0816163 0 0 0 0.93742
0.0819747 0 0 0 0.949825
0.0823347 0 0 0 0.962393
0.0826963 0 0 0 0.975129
0.0830595 0 0 0 0.988032
0.0834243 0 0 0 1.00111
0.0837906 0 0 0 1.01435
0.0841586 0 0 0 1.02778
0.0845282 0 0 0 1.04138
0.0848994 0 0 0 1.05516
0.0852723 0 0 0 1.06912
0.0856468 0 0 0 1.08327
0.0860229 0 0 0 1.0976
0.0864007 0 0 0 1.11213
0.0867801 0 0 0 1.12684
0.0871612 0 0 0 1.14176
0.087544 0 0 0 1.15686
0.0879285 0 0 0 1.17217
0.0883146 0 0 0 1.18768
0.0887025 0 0 0 1.2034
0.089092 0 0 0 1.21933
0.0894833 0 0 0 1.23546
0.0898763 0 0 0 1.25181
0.090271 0 0 0 1.26837
0.0906674 0 0 0 1.28516
0.0910656 0 0 0 1.30216
0.0914655 0 0 0 1.3194
0.0918672 0 0 0 1.33686
0.0922706 0 0 0 1.35455
0.0926759 0 0 0 1.37247
0.0930829 0 0 0 1.39063
0.0934916 0 0 0 1.40903
0.0939022 0 0 0 1.42768
0.0943146 0 0 0 1.44657
0.0947288 0 0 0 1.46571
0.0951448 0 0 0 1.48511
0.0955627 0 0 0 1.50476
0.0959823 0 0 0 1.52467
0.0964039 0 0 0 1.54485
0.0968272 0 0 0 1.56529
0.0972525 0 0 0 1.58601
0.0976796 0 0 0 1.60699
0.0981085 0 0 0 1.62826
0.0985394 0 0 0 1.64981
0.0989721 0 0 0 1.67164
0.0994068 0 0 0 1.69376
0.0998433 0 0 0 1.71617
0.100282 0 0 0 1.73888
0.100722 0 0 0 1.76189
0.101165 0 0 0 1.78521
0.101609 0 0 0 1.80883
0.102055 0 0 0 1.83277
0.102503 0 0 0 1.85702
0.102953 0 0 0 1.88159
0.103406 0 0 0 1.90649
0.10386 0 0 0 1.93172
0.104316 0 0 0 1.95728
0.104774 0 0 0 1.98318
0.105234 0 0 0 2.00942
0.105696 0 0 0 2.03602
0.10616 0 0 0 2.06296
0.106627 0 0 0 2.09026
0.107095 0 0 0 2.11792
0.107565 0 0 0 2.14594
0.108038 0 0 0 2.17434
0.108512 0 0 0 2.20311
0.108989 0 0 0 2.23227
0.109467 0 0 0 2.26181
0.109948 0 0 0 2.29174
0.110431 0 0 0 2.32206
0.110916 0 0 0 2.35279
0.111403 0 0 0 2.38392
0.111892 0 0 0 2.41547
0.112384 0 0 0 2.44743
0.112877 0 0 0 2.47982
0.113373 0 0 0 2.51263
0.113871 0 0 0 2.54588
0.114371 0 0 0 2.57957
0.114873 0 0 0 2.61371
0.115377 0 0 0 2.6483
0.115884 0 0 0 2.68334
0.116393 0 0 0 2.71885
0.116904 0 0 0 2.75483
0.117418 0 0 0 2.79128
0.117933 0 0 0 2.82822
0.118451 0 0 0 2.86564
0.118971 0 0 0 2.90356
0.119494 0 0 0 2.94199
0.120019 0 0 0 2.98092
0.120546 0 0 0 3.02036
0.121075 0 0 0 3.06033
0.121607 0 0 0 3.10083
0.122141 0 0 0 3.14186
0.122677 0 0 0 3.18344
0.123216 0 0 0 3.22556
0.123757 0 0 0 3.26825
0.124301 0 0 0 3.31149
0.124847 0 0 0 3.35531
0.125395 0 0 0 3.39972
0.125946 0 0 0 3.4447
0.126499 0 0 0 3.49029
0.127054 0 0 0 3.53647
0.127612 0 0 0 3.58327
0.128173 0 0 0 3.63069
0.128736 0 0 0 3.67873
0.129301 0 0 0 3.72741
0.129869 0 0 0 3.77674
0.130439 0 0 0 3.82671
0.131012 0 0 0 3.87735
0.131587 0 0 0 3.92866
0.132165 0 0 0 3.98065
0.132746 0 0 0 4.03332
0.133329 0 0 0 4.0867
0.133914 0 0 0 4.14077
0.134502 0 0 0 4.19557
0.135093 0 0 0 4.25109
0.135686 0 0 0 4.30734
0.136282 0 0 0 4.36434
0.136881 0 0 0 4.42209
0.137482 0 0 0 4.48061
0.138085 0 0 0 4.5399
0.138692 0 0 0 4.59998
0.139301 0 0 0 4.66085
0.139913 0 0 0 4.72253
0.140527 0 0 0 4.78502
0.141144 0 0 0 4.84834
0.141764 0 0 0 4.91249
0.142387 0 0 0 4.9775
0.143012 0 0 0 5.04337
0.14364 0 0 0 5.11011
0.144271 0 0 0 5.17773
0.144904 0 0 0 5.24624
0.145541 0 0 0 5.31567
0.14618 0 0 0 5.38601
0.146822 0 0 0 5.45728
0.147467 0 0 0 5.5295
0.148114 0 0 0 5.60267
0.148765 0 0 0 5.67681
0.149418 0 0 0 5.75193
0.150074 0 0 0 5.82804
0.150733 0 0 0 5.90516
0.151395 0 0 0 5.98331
0.15206 0 0 0 6.06248
0.152728 0 0 0 6.14271
0.153399 0 0 0 6.22399
0.154072 0 0 0 6.30635
0.154749 0 0 0 6.3898
0.155429 0 0 0 6.47436
0.156111 0 0 0 6.56003
0.156797 0 0 0 6.64684
0.157485 0 0 0 6.7348
0.158177 0 0 0 6.82392
0.158872 0 0 0 6.91422
0.159569 0 0 0 7.00571
0.16027 0 0 0 7.09842
0.160974 0 0 0 7.19235
0.161681 0 0 0 7.28753
0.162391 0 0 0 7.38396
0.163104 0 0 0 7.48167
0.163821 0 0 0 7.58068
0.16454 0 0 0 7.68099
0.165263 0 0 0 7.78263
0.165988 0 0 0 7.88562
0.166717 0 0 0 7.98997
0.167449 0 0 0 8.0957
0.168185 0 0 0 8.20283
0.168923 0 0 0 8.31138
0.169665 0 0 0 8.42136
0.17041 0 0 0 8.5328
0.171159 0 0 0 8.64571
0.17191 0 0 0 8.76012
0.172665 0 0 0 8.87604
0.173424 0 0 0 8.9935
0.174185 0 0 0 9.11251
0.17495 0 0 0 9.23309
0.175719 0 0 0 9.35527
0.17649 0 0 0 9.47907
0.177265 0 0 0 9.6045
0.178044 0 0 0 9.7316
0.178826 0 0 0 9.86037
0.179611 0 0 0 9.99086
0.1804 0 0 0 10.1231
0.181192 0 0 0 10.257
0.181988 0 0 0 10.3928
0.182787 0 0 0 10.5303
0.18359 0 0 0 10.6696
0.184396 0 0 0 10.8108
0.185206 0 0 0 10.9539
0.186019 0 0 0 11.0988
0.186836 0 0 0 11.2457
0.187657 0 0 0 11.3945
0.188481 0 0 0 11.5453
0.189309 0 0 0 11.6981
0.19014 0 0 0 11.8529
0.190975 0 0 0 12.0097
0.191814 0 0 0 12.1686
0.192656 0 0 0 12.3297
0.193502 0 0 0 12.4928
0.194352 0 0 0 12.6581
0.195205 0 0 0 12.8256
0.196063 0 0 0 12.9954
0.196924 0 0 0 13.1673
0.197789 0 0 0 13.3416
0.198657 0 0 0 13.5181
0.19953 0 0 0 13.697
0.200406 0 0 0 13.8782
0.201286 0 0 0 14.0619
0.20217 0 0 0 14.248
0.203058 0 0 0 14.4365
0.20395 0 0 0 14.6275
0.204845 0 0 0 14.8211
0.205745 0 0 0 15.0172
0.206648 0 0 0 15.216
0.207556 0 0 0 15.4173
0.208467 0 0 0 15.6213
0.209383 0 0 0 15.828
0.210302 0 0 0 16.0375
0.211226 0 0 0 16.2497
0.212154 0 0 0 16.4647
0.213085 0 0 0 16.6826
0.214021 0 0 0 16.9034
0.214961 0 0 0 17.1271
0.215905 0 0 0 17.3537
0.216853 0 0 0 17.5833
0.217806 0 0 0 17.816
0.218762 0 0 0 18.0518
0.219723 0 0 0 18.2906
0.220688 0 0 0 18.5327
0.221657 0 0 0 18.7779
0.22263 0 0 0 19.0264
0.223608 0 0 0 19.2782
0.22459 0 0 0 19.5333
0.225577 0 0 0 19.7918
0.226567 0 0 0 20.0537
0.227562 0 0 0 20.319
0.228562 0 0 0 20.5879
0.229565 0 0 0 20.8604
0.230573 0 0 0 21.1364
0.231586 0 0 0 21.4161
0.232603 0 0 0 21.6995
0.233625 0 0 0 21.9866
0.234651 0 0 0 22.2776
0.235681 0 0 0 22.5724
0.236716 0 0 0 22.8711
0.237756 0 0 0 23.1737
0.2388 0 0 0 23.4804
0.239849 0 0 0 23.7911
0.240902 0 0 0 24.1059
0.24196 0 0 0 24.4249
0.243022 0 0 0 24.7481
0.24409 0 0 0 25.0756
0.245162 0 0 0 25.4074
0.246238 0 0 0 25.7437
0.24732 0 0 0 26.0843
0.248406 0 0 0 26.4295
0.249497 0 0 0 26.7792
0.250592 0 0 0 27.1336
0.251693 0 0 0 27.4926
0.252798 0 0 0 27.8564
0.253909 0 0 0 28.2251
0.255024 0 0 0 28.5986
0.256144 0 0 0 28.977
0.257268 0 0 0 29.3605
0.258398 0 0 0 29.749
0.259533 0 0 0 30.1426
0.260673 0 0 0 30.5415
0.261818 0 0 0 30.9457
0.262967 0 0 0 31.3552
0.264122 0 0 0 31.7701
0.265282 0 0 0 32.1905
0.266447 0 0 0 32.6165
0.267617 0 0 0 33.0481
0.268793 0 0 0 33.4854
0.269973 0 0 0 33.9285
0.271159 0 0 0 34.3775
0.27235 0 0 0 34.8324
0.273546 0 0 0 35.2933
0.274747 0 0 0 35.7604
0.275954 0 0 0 36.2336
0.277165 0 0 0 36.713
0.278383 0 0 0 37.1989
0.279605 0 0 0 37.6911
0.280833 0 0 0 38.1899
0.282066 0 0 0 38.6952
0.283305 0 0 0 39.2073
0.284549 0 0 0 39.7261
0.285799 0 0 0 40.2518
0.287054 0 0 0 40.7844
0.288315 0 0 0 41.3241
0.289581 0 0 0 41.871
0.290853 0 0 0 42.4251
0.29213 0 0 0 42.9865
0.293413 0 0 0 43.5553
0.294702 0 0 0 44.1317
0.295996 0 0 0 44.7156
0.297296 0 0 0 45.3074
0.298601 0 0 0 45.9069
0.299913 0 0 0 46.5144
0.30123 0 0 0 47.1299
0.302553 0 0 0 47.7536
0.303881 0 0 0 48.3855
0.305216 0 0 0 49.0258
0.306556 0 0 0 49.6745
0.307903 0 0 0 50.3319
0.309255 0 0 0 50.9979
0.310613 0 0 0 51.6727
0.311977 0 0 0 52.3565
0.313347 0 0 0 53.0493
0.314723 0 0 0 53.7513
0.316105 0 0 0 54.4626
0.317494 0 0 0 55.1833
0.318888 0 0 0 55.9135
0.320288 0 0 0 56.6534
0.321695 0 0 0 57.4031
0.323108 0 0 0 58.1627
0.324527 0 0 0 58.9324
0.325952 0 0 0 59.7122
0.327383 0 0 0 60.5024
0.328821 0 0 0 61.303
0.330265 0 0 0 62.1142
0.331716 0 0 0 62.9362
0.333172 0 0 0 63.769
0.334635 0 0 0 64.6129
0.336105 0 0 0 65.4679
0.337581 0 0 0 66.3342
0.339064 0 0 0 67.212
0.340553 0 0 0 68.1014
0.342048 0 0 0 69.0026
0.34355 0 0 0 69.9157
0.345059 0 0 0 70.8409
0.346575 0 0 0 71.7783
0.348097 0 0 0 72.7281
0.349625 0 0 0 73.6905
0.351161 0 0 0 74.6657
0.352703 0 0 0 75.6537
0.354252 0 0 0 76.6548
0.355808 0 0 0 77.6692
0.35737 0 0 0 78.697
0.35894 0 0 0 79.7384
0.360516 0 0 0 80.7935
0.362099 0 0 0 81.8627
0.363689 0 0 0 82.9459
0.365287 0 0 0 84.0436
0.366891 0 0 0 85.1557
0.368502 0 0 0 86.2825
0.37012 0 0 0 87.4243
0.371746 0 0 0 88.5812
0.373378 0 0 0 89.7534
0.375018 0 0 0 90.9411
0.376665 0 0 0 92.1445
0.378319 0 0 0 93.3638
0.379981 0 0 0 94.5993
0.381649 0 0 0 95.8511
0.383326 0 0 0 97.1195
0.385009 0 0 0 98.4047
0.3867 0 0 0 99.7068
0.388398 0 0 0 101.026
0.390104 0 0 0 102.363
0.391817 0 0 0 103.718
0.393538 0 0 0 105.09
0.395266 0 0 0 106.481
0.397002 0 0 0 107.89
0.398745 0 0 0 109.318
0.400496 0 0 0 110.764
0.402255 0 0 0 112.23
0.404022 0 0 0 113.715
0.405796 0 0 0 115.22
0.407578 0 0 0 116.744
0.409368 0 0 0 118.289
0.411166 0 0 0 119.855
0.412972 0 0 0 121.441
0.414785 0 0 0 123.048
0.416607 0 0 0 124.676
0.418436 0 0 0 126.326
0.420274 0 0 0 127.997
0.42212 0 0 0 129.691
0.423974 0 0 0 131.407
0.425836 0 0 0 133.146
0.427706 0 0 0 134.908
0.429584 0 0 0 136.693
0.431471 0 0 0 138.502
0.433365 0 0 0 140.335
0.435269 0 0 0 142.192
0.43718 0 0 0 144.074
0.4391 0 0 0 145.98
0.441028 0 0 0 147.912
0.442965 0 0 0 149.869
0.444911 0 0 0 151.852
0.446865 0 0 0 153.862
0.448827 0 0 0 155.898
0.450798 0 0 0 157.961
0.452778 0 0 0 160.051
0.454766 0 0 0 162.169
0.456763 0 0 0 164.315
0.458769 0 0 0 166.489
0.460784 0 0 0 168.692
0.462808 0 0 0 170.925
0.46484 0 0 0 173.187
0.466882 0 0 0 175.478
0.468932 0 0 0 177.8
0.470991 0 0 0 180.153
0.47306 0 0 0 182.537
0.475137 0 0 0 184.953
0.477224 0 0 0 187.4
0.47932 0 0 0 189.88
0.481425 0 0 0 192.393
0.483539 0 0 0 194.939
0.485663 0 0 0 197.518
0.487795 0 0 0 200.132
0.489938 0 0 0 202.78
0.492089 0 0 0 205.464
0.49425 0 0 0 208.182
0.496421 0 0 0 210.937
0.498601 0 0 0 213.729
0.500791 0 0 0 216.557
0.50299 0 0 0 219.422
0.505199 0 0 0 222.326
0.507418 0 0 0 225.268
0.509646 0 0 0 228.249
0.511884 0 0 0 231.269
0.514132 0 0 0 234.33
0.51639 0 0 0 237.431
0.518658 0 0 0 240.573
0.520936 0 0 0 243.756
0.523223 0 0 0 246.982
0.525521 0 0 0 250.25
0.527829 0 0 0 253.561
0.530147 0 0 0 256.917
0.532475 0 0 0 260.316
0.534814 0 0 0 263.761
0.537162 0 0 0 267.252
0.539522 0 0 0 270.788
0.541891 0 0 0 274.371
0.544271 0 0 0 278.002
0.546661 0 0 0 281.681
0.549062 0 0 0 285.408
0.551473 0 0 0 289.185
0.553895 0 0 0 293.012
0.556327 0 0 0 296.889
0.558771 0 0 0 300.818
0.561224 0 0 0 304.799
0.563689 0 0 0 308.832
0.566165 0 0 0 312.919
0.568651 0 0 0 317.059
0.571148 0 0 0 321.255
0.573657 0 0 0 325.506
0.576176 0 0 0 329.814
0.578706 0 0 0 334.178
0.581248 0 0 0 338.6
0.5838 0 0 0 343.081
0.586364 0 0 0 347.621
0.588939 0 0 0 352.221
0.591526 0 0 0 356.882
0.594124 0 0 0 361.604
0.596733 0 0 0 366.389
0.599353 0 0 0 371.238
0.601985 0 0 0 376.15
0.604629 0 0 0 381.128
0.607285 0 0 0 386.171
0.609951 0 0 0 391.281
0.61263 0 0 0 396.459
0.615321 0 0 0 401.705
0.618023 0 0 0 407.021
0.620737 0 0 0 412.407
0.623463 0 0 0 417.864
0.626201 0 0 0 423.394
0.628951 0 0 0 428.997
0.631713 0 0 0 434.674
0.634488 0 0 0 440.425
0.637274 0 0 0 446.254
0.640073 0 0 0 452.159
0.642884 0 0 0 458.142
0.645707 0 0 0 464.205
0.648543 0 0 0 470.347
0.651391 0 0 0 476.571
0.654252 0 0 0 482.878
0.657125 0 0 0 489.268
0.660011 0 0 0 495.742
0.662909 0 0 0 502.302
0.66582 0 0 0 508.949
0.668744 0 0 0 515.684
0.671681 0 0 0 522.508
0.674631 0 0 0 529.422
0.677594 0 0 0 536.428
0.68057 0 0 0 543.527
0.683558 0 0 0 550.719
0.68656 0 0 0 558.007
0.689575 0 0 0 565.391
0.692604 0 0 0 572.872
0.695646 0 0 0 580.453
0.698701 0 0 0 588.134
0.701769 0 0 0 595.917
0.704851 0 0 0 603.803
0.707946 0 0 0 611.793
0.711055 0 0 0 619.888
0.714178 0 0 0 628.091
0.717315 0 0 0 636.403
0.720465 0 0 0 644.824
0.723629 0 0 0 653.357
0.726807 0 0 0 662.003
0.729999 0 0 0 670.763
0.733204 0 0 0 679.639
0.736424 0 0 0 688.633
0.739659 0 0 0 697.745
0.742907 0 0 0 706.978
0.746169 0 0 0 716.334
0.749446 0 0 0 725.813
0.752738 0 0 0 735.418
0.756043 0 0 0 745.149
0.759364 0 0 0 755.01
0.762698 0 0 0 765.001
0.766048 0 0 0 775.124
0.769412 0 0 0 785.381
0.772791 0 0 0 795.774
0.776185 0 0 0 806.304
0.779594 0 0 0 816.974
0.783017 0 0 0 827.785
0.786456 0 0 0 838.739
0.78991 0 0 0 849.838
0.793379 0 0 0 861.083
0.796863 0 0 0 872.478
0.800363 0 0 0 884.023
0.803878 0 0 0 895.722
0.807408 0 0 0 907.575
0.810954 0 0 0 919.584
0.814515 0 0 0 931.753
0.818092 0 0 0 944.083
0.821685 0 0 0 956.576
0.825294 0 0 0 969.234
0.828918 0 0 0 982.06
0.832558 0 0 0 995.055
0.836215 0 0 0 1008.22
0.839887 0 0 0 1021.56
0.843575 0 0 0 1035.08
0.84728 0 0 0 1048.78
0.851001 0 0 0 1062.66
0.854738 0 0 0 1076.72
0.858492 0 0 0 1090.97
0.862262 0 0 0 1105.4
0.866049 0 0 0 1120.03
0.869852 0 0 0 1134.85
0.873673 0 0 0 1149.87
0.877509 0 0 0 1165.09
0.881363 0 0 0 1180.5
0.885234 0 0 0 1196.13
0.889121 0 0 0 1211.95
0.893026 0 0 0 1227.99
0.896948 0 0 0 1244.24
0.900887 0 0 0 1260.71
0.904843 0 0 0 1277.39
0.908817 0 0 0 1294.29
0.912808 0 0 0 1311.42
0.916817 0 0 0 1328.77
0.920843 0 0 0 1346.36
0.924887 0 0 0 1364.17
0.928949 0 0 0 1382.23
0.933029 0 0 0 1400.52
0.937126 0 0 0 1419.05
0.941242 0 0 0 1437.83
0.945375 0 0 0 1456.85
0.949527 0 0 0 1476.13
0.953697 0 0 0 1495.67
0.957885 0 0 0 1515.46
0.962092 0 0 0 1535.51
0.966317 0 0 0 1555.83
0.970561 0 0 0 1576.42
0.974823 0 0 0 1597.28
0.979104 0 0 0 1618.42
0.983404 0 0 0 1639.83
0.987723 0 0 0 1661.53
0.992061 0 0 0 1683.52
0.996418 0 0 0 1705.8
1.00079 0 0 0 1728.37
1.00519 0 0 0 1751.24
1.0096 0 0 0 1774.41
1.01404 0 0 0 1797.9
1.01849 0 0 0 1821.69
1.02296 0 0 0 1845.79
1.02746 0 0 0 1870.22
1.03197 0 0 0 1894.97
1.0365 0 0 0 1920.04
1.04105 0 0 0 1945.45
1.04562 0 0 0 1971.19
1.05022 0 0 0 1997.28
1.05483 0 0 0 2023.71
1.05946 0 0 0 2050.49
1.06411 0 0 0 2077.62
1.06879 0 0 0 2105.11
1.07348 0 0 0 2132.97
1.07819 0 0 0 2161.2
1.08293 0 0 0 2189.79
1.08769 0 0 0 2218.77
1.09246 0 0 0 2248.13
1.09726 0 0 0 2277.88
1.10208 0 0 0 2308.02
1.10692 0 0 0 2338.57
1.11178 0 0 0 2369.51
1.11666 0 0 0 2400.87
1.12157 0 0 0 2432.64
1.12649 0 0 0 2464.83
1.13144 0 0 0 2497.45
1.13641 0 0 0 2530.49
1.1414 0 0 0 2563.98
1.14641 0 0 0 2597.91
0.833371
2000
309756
     1259712000
0.000179913 0 0 0 1.00414e-08
0.000180703 0 0 0 1.01743e-08
0.000181497 0 0 0 1.03089e-08
0.000182294 0 0 0 1.04453e-08
0.000183095 0 0 0 1.05835e-08
0.000183899 0 0 0 1.07236e-08
0.000184706 0 0 0 1.08655e-08
0.000185518 0 0 0 1.10093e-08
0.000186332 0 0 0 1.11549e-08
0.000187151 0 0 0 1.13026e-08
0.000187972 0 0 0 1.14521e-08
0.000188798 0 0 0 1.16037e-08
0.000189627 0 0 0 1.17572e-08
0.00019046 0 0 0 1.19128e-08
0.000191296 0 0 0 1.20704e-08
0.000192136 0 0 0 1.22302e-08
0.00019298 0 0 0 1.2392e-08
0.000193828 0 0 0 1.2556e-08
0.000194679 0 0 0 1.27221e-08
0.000195534 0 0 0 1.28905e-08
0.000196393 0 0 0 1.30611e-08
0.000197255 0 0 0 1.32339e-08
0.000198121 0 0 0 1.3409e-08
0.000198991 0 0 0 1.35865e-08
0.000199865 0 0 0 1.37663e-08
0.000200743 0 0 0 1.39484e-08
0.000201625 0 0 0 1.4133e-08
0.00020251 0 0 0 1.432e-08
0.0002034 0 0 0 1.45095e-08
0.000204293 0 0 0 1.47015e-08
0.00020519 0 0 0 1.48961e-08
0.000206091 0 0 0 1.50932e-08
0.000206996 0 0 0 1.52929e-08
0.000207905 0 0 0 1.54953e-08
0.000208818 0 0 0 1.57003e-08
0.000209735 0 0 0 1.59081e-08
0.000210656 0 0 0 1.61186e-08
0.000211582 0 0 0 1.63319e-08
0.000212511 0 0 0 1.6548e-08
0.000213444 0 0 0 1.6767e-08
0.000214381 0 0 0 1.69889e-08
0.000215323 0 0 0 1.72137e-08
0.000216268 0 0 0 1.74414e-08
0.000217218 0 0 0 1.76722e-08
0.000218172 0 0 0 1.79061e-08
0.00021913 0 0 0 1.81431e-08
0.000220093 0 0 0 1.83831e-08
0.000221059 0 0 0 1.86264e-08
0.00022203 0 0 0 1.88729e-08
0.000223005 0 0 0 1.91226e-08
0.000223984 0 0 0 1.93757e-08
0.000224968 0 0 0 1.96321e-08
0.000225956 0 0 0 1.98919e-08
0.000226948 0 0 0 2.01551e-08
0.000227945 0 0 0 2.04218e-08
0.000228946 0 0 0 2.0692e-08
0.000229952 0 0 0 2.09658e-08
0.000230961 0 0 0 2.12433e-08
0.000231976 0 0 0 2.15244e-08
0.000232995 0 0 0 2.18092e-08
0.000234018 0 0 0 2.20978e-08
0.000235045 0 0 0 2.23902e-08
0.000236078 0 0 0 2.26865e-08
0.000237114 0 0 0 2.29867e-08
0.000238156 0 0 0 2.32909e-08
0.000239202 0 0 0 2.35991e-08
0.000240252 0 0 0 2.39114e-08
0.000241307 0 0 0 2.42278e-08
0.000242367 0 0 0 2.45484e-08
0.000243431 0 0 0 2.48733e-08
0.0002445 0 0 0 2.52024e-08
0.000245574 0 0 0 2.55359e-08
0.000246653 0 0 0 2.58738e-08
0.000247736 0 0 0 2.62162e-08
0.000248824 0 0 0 2.65631e-08
0.000249917 0 0 0 2.69146e-08
0.000251014 0 0 0 2.72708e-08
0.000252117 0 0 0 2.76317e-08
0.000253224 0 0 0 2.79973e-08
0.000254336 0 0 0 2.83678e-08
0.000255453 0 0 0 2.87432e-08
0.000256575 0 0 0 2.91235e-08
0.000257701 0 0 0 2.95089e-08
0.000258833 0 0 0 2.98994e-08
0.00025997 0 0 0 3.02951e-08
0.000261112 0 0 0 3.0696e-08
0.000262258 0 0 0 3.11022e-08
0.00026341 0 0 0 3.15137e-08
0.000264567 0 0 0 3.19307e-08
0.000265729 0 0 0 3.23533e-08
0.000266896 0 0 0 3.27814e-08
0.000268068 0 0 0 3.32152e-08
0.000269245 0 0 0 3.36547e-08
0.000270427 0 0 0 3.41001e-08
0.000271615 0 0 0 3.45513e-08
0.000272808 0 0 0 3.50085e-08
0.000274006 0 0 0 3.54718e-08
0.000275209 0 0 0 3.59412e-08
0.000276418 0 0 0 3.64168e-08
0.000277632 0 0 0 3.68987e-08
0.000278851 0 0 0 3.7387e-08
0.000280076 0 0 0 3.78817e-08
0.000281306 0 0 0 3.8383e-08
0.000282541 0 0 0 3.88909e-08
0.000283782 0 0 0 3.94055e-08
0.000285028 0 0 0 3.9927e-08
0.00028628 0 0 0 4.04553e-08
0.000287537 0 0 0 4.09907e-08
0.0002888 0 0 0 4.15331e-08
0.000290068 0 0 0 4.20827e-08
0.000291342 0 0 0 4.26396e-08
0.000292622 0 0 0 4.32038e-08
0.000293907 0 0 0 4.37755e-08
0.000295197 0 0 0 4.43548e-08
0.000296494 0 0 0 4.49418e-08
0.000297796 0 0 0 4.55365e-08
0.000299104 0 0 0 4.6139e-08
0.000300417 0 0 0 4.67496e-08
0.000301737 0 0 0 4.73682e-08
0.000303062 0 0 0 4.7995e-08
0.000304393 0 0 0 4.86302e-08
0.000305729 0 0 0 4.92737e-08
0.000307072 0 0 0 4.99257e-08
0.000308421 0 0 0 5.05864e-08
0.000309775 0 0 0 5.12558e-08
0.000311136 0 0 0 5.1934e-08
0.000312502 0 0 0 5.26213e-08
0.000313874 0 0 0 5.33176e-08
0.000315253 0 0 0 5.40231e-08
0.000316637 0 0 0 5.4738e-08
0.000318028 0 0 0 5.54624e-08
0.000319424 0 0 0 5.61963e-08
0.000320827 0 0 0 5.69399e-08
0.000322236 0 0 0 5.76934e-08
0.000323651 0 0 0 5.84568e-08
0.000325073 0 0 0 5.92304e-08
0.0003265 0 0 0 6.00142e-08
0.000327934 0 0 0 6.08083e-08
0.000329374 0 0 0 6.1613e-08
0.000330821 0 0 0 6.24283e-08
0.000332274 0 0 0 6.32544e-08
0.000333733 0 0 0 6.40915e-08
0.000335199 0 0 0 6.49396e-08
0.000336671 0 0 0 6.57989e-08
0.000338149 0 0 0 6.66696e-08
0.000339634 0 0 0 6.75519e-08
0.000341126 0 0 0 6.84458e-08
0.000342624 0 0 0 6.93515e-08
0.000344129 0 0 0 7.02692e-08
0.00034564 0 0 0 7.11991e-08
0.000347158 0 0 0 7.21413e-08
0.000348682 0 0 0 7.30959e-08
0.000350214 0 0 0 7.40632e-08
0.000351752 0 0 0 7.50432e-08
0.000353296 0 0 0 7.60363e-08
0.000354848 0 0 0 7.70424e-08
0.000356406 0 0 0 7.80619e-08
0.000357972 0 0 0 7.90949e-08
0.000359544 0 0 0 8.01416e-08
0.000361123 0 0 0 8.12021e-08
0.000362709 0 0 0 8.22766e-08
0.000364301 0 0 0 8.33654e-08
0.000365901 0 0 0 8.44685e-08
0.000367508 0 0 0 8.55863e-08
0.000369122 0 0 0 8.67188e-08
0.000370743 0 0 0 8.78664e-08
0.000372371 0 0 0 8.90291e-08
0.000374007 0 0 0 9.02072e-08
0.000375649 0 0 0 9.14009e-08
0.000377299 0 0 0 9.26104e-08
0.000378956 0 0 0 9.38359e-08
0.00038062 0 0 0 9.50776e-08
0.000382292 0 0 0 9.63358e-08
0.000383971 0 0 0 9.76106e-08
0.000385657 0 0 0 9.89023e-08
0.00038735 0 0 0 1.00211e-07
0.000389052 0 0 0 1.01537e-07
0.00039076 0 0 0 1.02881e-07
0.000392476 0 0 0 1.04242e-07
0.0003942 0 0 0 1.05622e-07
0.000395931 0 0 0 1.07019e-07
0.00039767 0 0 0 1.08435e-07
0.000399416 0 0 0 1.0987e-07
0.00040117 0 0 0 1.11324e-07
0.000402932 0 0 0 1.12797e-07
0.000404702 0 0 0 1.1429e-07
0.000406479 0 0 0 1.15802e-07
0.000408264 0 0 0 1.17335e-07
0.000410057 0 0 0 1.18887e-07
0.000411858 0 0 0 1.20461e-07
0.000413667 0 0 0 1.22055e-07
0.000415483 0 0 0 1.2367e-07
0.000417308 0 0 0 1.25306e-07
0.000419141 0 0 0 1.26965e-07
0.000420981 0 0 0 1.28645e-07
0.00042283 0 0 0 1.30347e-07
0.000424687 0 0 0 1.32072e-07
0.000426552 0 0 0 1.3382e-07
0.000428425 0 0 0 1.3559e-07
0.000430307 0 0 0 1.37385e-07
0.000432197 0 0 0 1.39203e-07
0.000434095 0 0 0 1.41045e-07
0.000436001 0 0 0 1.42911e-07
0.000437916 0 0 0 1.44802e-07
0.000439839 0 0 0 1.46718e-07
0.000441771 0 0 0 1.4866e-07
0.000443711 0 0 0 1.50627e-07
0.000445659 0 0 0 1.5262e-07
0.000447616 0 0 0 1.5464e-07
0.000449582 0 0 0 1.56686e-07
0.000451557 0 0 0 1.5876e-07
0.00045354 0 0 0 1.6086e-07
0.000455532 0 0 0 1.62989e-07
0.000457532 0 0 0 1.65146e-07
0.000459541 0 0 0 1.67331e-07
0.00046156 0 0 0 1.69546e-07
0.000463587 0 0 0 1.71789e-07
0.000465622 0 0 0 1.74062e-07
0.000467667 0 0 0 1.76366e-07
0.000469721 0 0 0 1.787e-07
0.000471784 0 0 0 1.81064e-07
0.000473856 0 0 0 1.8346e-07
0.000475937 0 0 0 1.85888e-07
0.000478027 0 0 0 1.88348e-07
0.000480126 0 0 0 1.9084e-07
0.000482235 0 0 0 1.93365e-07
0.000484353 0 0 0 1.95924e-07
0.00048648 0 0 0 1.98517e-07
0.000488616 0 0 0 2.01144e-07
0.000490762 0 0 0 2.03806e-07
0.000492917 0 0 0 2.06503e-07
0.000495082 0 0 0 2.09235e-07
0.000497256 0 0 0 2.12004e-07
0.00049944 0 0 0 2.14809e-07
0.000501633 0 0 0 2.17652e-07
0.000503836 0 0 0 2.20532e-07
0.000506049 0 0 0 2.2345e-07
0.000508271 0 0 0 2.26407e-07
0.000510504 0 0 0 2.29403e-07
0.000512746 0 0 0 2.32439e-07
0.000514997 0 0 0 2.35515e-07
0.000517259 0 0 0 2.38631e-07
0.000519531 0 0 0 2.41789e-07
0.000521812 0 0 0 2.44989e-07
0.000524104 0 0 0 2.4823e-07
0.000526405 0 0 0 2.51515e-07
0.000528717 0 0 0 2.54844e-07
0.000531039 0 0 0 2.58216e-07
0.000533371 0 0 0 2.61633e-07
0.000535714 0 0 0 2.65095e-07
0.000538066 0 0 0 2.68603e-07
0.000540429 0 0 0 2.72157e-07
0.000542803 0 0 0 2.75759e-07
0.000545187 0 0 0 2.79408e-07
0.000547581 0 0 0 2.83105e-07
0.000549986 0 0 0 2.86851e-07
0.000552401 0 0 0 2.90647e-07
0.000554827 0 0 0 2.94493e-07
0.000557263 0 0 0 2.9839e-07
0.000559711 0 0 0 3.02339e-07
0.000562169 0 0 0 3.0634e-07
0.000564638 0 0 0 3.10394e-07
0.000567117 0 0 0 3.14501e-07
0.000569608 0 0 0 3.18663e-07
0.000572109 0 0 0 3.2288e-07
0.000574622 0 0 0 3.27152e-07
0.000577145 0 0 0 3.31481e-07
0.00057968 0 0 0 3.35868e-07
0.000582226 0 0 0 3.40312e-07
0.000584783 0 0 0 3.44816e-07
0.000587351 0 0 0 3.49378e-07
0.00058993 0 0 0 3.54002e-07
0.000592521 0 0 0 3.58686e-07
0.000595123 0 0 0 3.63433e-07
0.000597737 0 0 0 3.68242e-07
0.000600362 0 0 0 3.73115e-07
0.000602998 0 0 0 3.78052e-07
0.000605647 0 0 0 3.83055e-07
0.000608306 0 0 0 3.88124e-07
0.000610978 0 0 0 3.9326e-07
0.000613661 0 0 0 3.98464e-07
0.000616356 0 0 0 4.03737e-07
0.000619063 0 0 0 4.09079e-07
0.000621782 0 0 0 4.14492e-07
0.000624512 0 0 0 4.19977e-07
0.000627255 0 0 0 4.25535e-07
0.00063001 0 0 0 4.31166e-07
0.000632776 0 0 0 4.36871e-07
0.000635555 0 0 0 4.42653e-07
0.000638346 0 0 0 4.4851e-07
0.00064115 0 0 0 4.54445e-07
0.000643965 0 0 0 4.60459e-07
0.000646793 0 0 0 4.66552e-07
0.000649634 0 0 0 4.72726e-07
0.000652487 0 0 0 4.78981e-07
0.000655352 0 0 0 4.8532e-07
0.000658231 0 0 0 4.91742e-07
0.000661121 0 0 0 4.98249e-07
0.000664025 0 0 0 5.04842e-07
0.000666941 0 0 0 5.11523e-07
0.00066987 0 0 0 5.18292e-07
0.000672812 0 0 0 5.2515e-07
0.000675766 0 0 0 5.32099e-07
0.000678734 0 0 0 5.39141e-07
0.000681715 0 0 0 5.46275e-07
0.000684709 0 0 0 5.53504e-07
0.000687716 0 0 0 5.60828e-07
0.000690736 0 0 0 5.6825e-07
0.000693769 0 0 0 5.75769e-07
0.000696816 0 0 0 5.83388e-07
0.000699876 0 0 0 5.91108e-07
0.00070295 0 0 0 5.9893e-07
0.000706037 0 0 0 6.06856e-07
0.000709138 0 0 0 6.14886e-07
0.000712252 0 0 0 6.23023e-07
0.00071538 0 0 0 6.31267e-07
0.000718522 0 0 0 6.39621e-07
0.000721677 0 0 0 6.48085e-07
0.000724846 0 0 0 6.56661e-07
0.00072803 0 0 0 6.6535e-07
0.000731227 0 0 0 6.74155e-07
0.000734438 0 0 0 6.83076e-07
0.000737664 0 0 0 6.92115e-07
0.000740903 0 0 0 7.01274e-07
0.000744157 0 0 0 7.10553e-07
0.000747425 0 0 0 7.19956e-07
0.000750707 0 0 0 7.29483e-07
0.000754004 0 0 0 7.39136e-07
0.000757316 0 0 0 7.48917e-07
0.000760641 0 0 0 7.58827e-07
0.000763982 0 0 0 7.68869e-07
0.000767337 0 0 0 7.79043e-07
0.000770707 0 0 0 7.89352e-07
0.000774092 0 0 0 7.99798e-07
0.000777491 0 0 0 8.10381e-07
0.000780906 0 0 0 8.21105e-07
0.000784335 0 0 0 8.31971e-07
0.00078778 0 0 0 8.4298e-07
0.000791239 0 0 0 8.54135e-07
0.000794714 0 0 0 8.65438e-07
0.000798204 0 0 0 8.7689e-07
0.00080171 0 0 0 8.88494e-07
0.00080523 0 0 0 9.00251e-07
0.000808767 0 0 0 9.12164e-07
0.000812318 0 0 0 9.24234e-07
0.000815886 0 0 0 9.36465e-07
0.000819469 0 0 0 9.48857e-07
0.000823068 0 0 0 9.61413e-07
0.000826682 0 0 0 9.74135e-07
0.000830313 0 0 0 9.87026e-07
0.000833959 0 0 0 1.00009e-06
0.000837622 0 0 0 1.01332e-06
0.0008413 0 0 0 1.02673e-06
0.000844995 0 0 0 1.04032e-06
0.000848706 0 0 0 1.05408e-06
0.000852433 0 0 0 1.06803e-06
0.000856177 0 0 0 1.08216e-06
0.000859937 0 0 0 1.09648e-06
0.000863713 0 0 0 1.11099e-06
0.000867506 0 0 0 1.1257e-06
0.000871316 0 0 0 1.14059e-06
0.000875143 0 0 0 1.15569e-06
0.000878986 0 0 0 1.17098e-06
0.000882846 0 0 0 1.18647e-06
0.000886723 0 0 0 1.20217e-06
0.000890617 0 0 0 1.21808e-06
0.000894529 0 0 0 1.2342e-06
0.000898457 0 0 0 1.25053e-06
0.000902403 0 0 0 1.26708e-06
0.000906366 0 0 0 1.28385e-06
0.000910346 0 0 0 1.30084e-06
0.000914344 0 0 0 1.31805e-06
0.00091836 0 0 0 1.33549e-06
0.000922393 0 0 0 1.35317e-06
0.000926444 0 0 0 1.37107e-06
0.000930512 0 0 0 1.38922e-06
0.000934599 0 0 0 1.4076e-06
0.000938703 0 0 0 1.42622e-06
0.000942826 0 0 0 1.4451e-06
0.000946966 0 0 0 1.46422e-06
0.000951125 0 0 0 1.4836e-06
0.000955302 0 0 0 1.50323e-06
0.000959497 0 0 0 1.52312e-06
0.000963711 0 0 0 1.54328e-06
0.000967943 0 0 0 1.5637e-06
0.000972194 0 0 0 1.58439e-06
0.000976464 0 0 0 1.60536e-06
0.000980752 0 0 0 1.6266e-06
0.000985059 0 0 0 1.64812e-06
0.000989385 0 0 0 1.66993e-06
0.00099373 0 0 0 1.69203e-06
0.000998094 0 0 0 1.71442e-06
0.00100248 0 0 0 1.73711e-06
0.00100688 0 0 0 1.7601e-06
0.0010113 0 0 0 1.78339e-06
0.00101574 0 0 0 1.80699e-06
0.0010202 0 0 0 1.8309e-06
0.00102468 0 0 0 1.85513e-06
0.00102918 0 0 0 1.87967e-06
0.0010337 0 0 0 1.90455e-06
0.00103824 0 0 0 1.92975e-06
0.0010428 0 0 0 1.95529e-06
0.00104738 0 0 0 1.98116e-06
0.00105198 0 0 0 2.00738e-06
0.0010566 0 0 0 2.03394e-06
0.00106124 0 0 0 2.06086e-06
0.0010659 0 0 0 2.08813e-06
0.00107058 0 0 0 2.11576e-06
0.00107529 0 0 0 2.14376e-06
0.00108001 0 0 0 2.17212e-06
0.00108475 0 0 0 2.20087e-06
0.00108952 0 0 0 2.22999e-06
0.0010943 0 0 0 2.2595e-06
0.00109911 0 0 0 2.2894e-06
0.00110393 0 0 0 2.3197e-06
0.00110878 0 0 0 2.35039e-06
0.00111365 0 0 0 2.38149e-06
0.00111854 0 0 0 2.41301e-06
0.00112345 0 0 0 2.44494e-06
0.00112839 0 0 0 2.47729e-06
0.00113334 0 0 0 2.51007e-06
0.00113832 0 0 0 2.54329e-06
0.00114332 0 0 0 2.57695e-06
0.00114834 0 0 0 2.61105e-06
0.00115338 0 0 0 2.6456e-06
0.00115845 0 0 0 2.68061e-06
0.00116354 0 0 0 2.71608e-06
0.00116865 0 0 0 2.75202e-06
0.00117378 0 0 0 2.78844e-06
0.00117893 0 0 0 2.82534e-06
0.00118411 0 0 0 2.86272e-06
0.00118931 0 0 0 2.9006e-06
0.00119453 0 0 0 2.93899e-06
0.00119978 0 0 0 2.97788e-06
0.00120505 0 0 0 3.01729e-06
0.00121034 0 0 0 3.05721e-06
0.00121566 0 0 0 3.09767e-06
0.00122099 0 0 0 3.13866e-06
0.00122636 0 0 0 3.18019e-06
0.00123174 0 0 0 3.22228e-06
0.00123715 0 0 0 3.26492e-06
0.00124258 0 0 0 3.30812e-06
0.00124804 0 0 0 3.3519e-06
0.00125352 0 0 0 3.39625e-06
0.00125903 0 0 0 3.44119e-06
0.00126456 0 0 0 3.48673e-06
0.00127011 0 0 0 3.53287e-06
0.00127569 0 0 0 3.57962e-06
0.00128129 0 0 0 3.62699e-06
0.00128692 0 0 0 3.67498e-06
0.00129257 0 0 0 3.72361e-06
0.00129825 0 0 0 3.77289e-06
0.00130395 0 0 0 3.82281e-06
0.00130967 0 0 0 3.8734e-06
0.00131543 0 0 0 3.92466e-06
0.0013212 0 0 0 3.97659e-06
0.001327 0 0 0 4.02921e-06
0.00133283 0 0 0 4.08253e-06
0.00133869 0 0 0 4.13656e-06
0.00134456 0 0 0 4.19129e-06
0.00135047 0 0 0 4.24676e-06
0.0013564 0 0 0 4.30295e-06
0.00136236 0 0 0 4.35989e-06
0.00136834 0 0 0 4.41759e-06
0.00137435 0 0 0 4.47605e-06
0.00138038 0 0 0 4.53528e-06
0.00138645 0 0 0 4.59529e-06
0.00139254 0 0 0 4.6561e-06
0.00139865 0 0 0 4.71771e-06
0.00140479 0 0 0 4.78014e-06
0.00141096 0 0 0 4.8434e-06
0.00141716 0 0 0 4.90749e-06
0.00142338 0 0 0 4.97243e-06
0.00142963 0 0 0 5.03823e-06
0.00143591 0 0 0 5.1049e-06
0.00144222 0 0 0 5.17245e-06
0.00144855 0 0 0 5.2409e-06
0.00145491 0 0 0 5.31025e-06
0.0014613 0 0 0 5.38052e-06
0.00146772 0 0 0 5.45172e-06
0.00147417 0 0 0 5.52386e-06
0.00148064 0 0 0 5.59696e-06
0.00148714 0 0 0 5.67102e-06
0.00149367 0 0 0 5.74607e-06
0.00150023 0 0 0 5.8221e-06
0.00150682 0 0 0 5.89915e-06
0.00151344 0 0 0 5.97721e-06
0.00152009 0 0 0 6.0563e-06
0.00152676 0 0 0 6.13645e-06
0.00153347 0 0 0 6.21765e-06
0.0015402 0 0 0 6.29993e-06
0.00154697 0 0 0 6.38329e-06
0.00155376 0 0 0 6.46776e-06
0.00156058 0 0 0 6.55335e-06
0.00156744 0 0 0 6.64007e-06
0.00157432 0 0 0 6.72794e-06
0.00158123 0 0 0 6.81697e-06
0.00158818 0 0 0 6.90717e-06
0.00159515 0 0 0 6.99858e-06
0.00160216 0 0 0 7.09119e-06
0.00160919 0 0 0 7.18502e-06
0.00161626 0 0 0 7.2801e-06
0.00162336 0 0 0 7.37644e-06
0.00163049 0 0 0 7.47405e-06
0.00163765 0 0 0 7.57295e-06
0.00164484 0 0 0 7.67317e-06
0.00165206 0 0 0 7.7747e-06
0.00165932 0 0 0 7.87759e-06
0.00166661 0 0 0 7.98183e-06
0.00167393 0 0 0 8.08745e-06
0.00168128 0 0 0 8.19447e-06
0.00168866 0 0 0 8.30291e-06
0.00169608 0 0 0 8.41278e-06
0.00170353 0 0 0 8.5241e-06
0.00171101 0 0 0 8.6369e-06
0.00171852 0 0 0 8.75119e-06
0.00172607 0 0 0 8.867e-06
0.00173365 0 0 0 8.98433e-06
0.00174126 0 0 0 9.10322e-06
0.00174891 0 0 0 9.22368e-06
0.00175659 0 0 0 9.34574e-06
0.0017643 0 0 0 9.46941e-06
0.00177205 0 0 0 9.59472e-06
0.00177983 0 0 0 9.72168e-06
0.00178765 0 0 0 9.85033e-06
0.0017955 0 0 0 9.98068e-06
0.00180339 0 0 0 1.01127e-05
0.00181131 0 0 0 1.02466e-05
0.00181926 0 0 0 1.03822e-05
0.00182725 0 0 0 1.05195e-05
0.00183527 0 0 0 1.06588e-05
0.00184333 0 0 0 1.07998e-05
0.00185143 0 0 0 1.09427e-05
0.00185956 0 0 0 1.10875e-05
0.00186773 0 0 0 1.12342e-05
0.00187593 0 0 0 1.13829e-05
0.00188417 0 0 0 1.15335e-05
0.00189244 0 0 0 1.16861e-05
0.00190075 0 0 0 1.18408e-05
0.0019091 0 0 0 1.19975e-05
0.00191748 0 0 0 1.21562e-05
0.00192591 0 0 0 1.23171e-05
0.00193436 0 0 0 1.24801e-05
0.00194286 0 0 0 1.26452e-05
0.00195139 0 0 0 1.28126e-05
0.00195996 0 0 0 1.29821e-05
0.00196857 0 0 0 1.31539e-05
0.00197721 0 0 0 1.3328e-05
0.0019859 0 0 0 1.35043e-05
0.00199462 0 0 0 1.3683e-05
0.00200338 0 0 0 1.38641e-05
0.00201218 0 0 0 1.40476e-05
0.00202101 0 0 0 1.42335e-05
0.00202989 0 0 0 1.44218e-05
0.0020388 0 0 0 1.46126e-05
0.00204776 0 0 0 1.4806e-05
0.00205675 0 0 0 1.50019e-05
0.00206578 0 0 0 1.52005e-05
0.00207485 0 0 0 1.54016e-05
0.00208397 0 0 0 1.56054e-05
0.00209312 0 0 0 1.58119e-05
0.00210231 0 0 0 1.60211e-05
0.00211154 0 0 0 1.62332e-05
0.00212082 0 0 0 1.6448e-05
0.00213013 0 0 0 1.66656e-05
0.00213948 0 0 0 1.68862e-05
0.00214888 0 0 0 1.71096e-05
0.00215832 0 0 0 1.7336e-05
0.0021678 0 0 0 1.75654e-05
0.00217732 0 0 0 1.77979e-05
0.00218688 0 0 0 1.80334e-05
0.00219648 0 0 0 1.8272e-05
0.00220613 0 0 0 1.85138e-05
0.00221582 0 0 0 1.87588e-05
0.00222555 0 0 0 1.9007e-05
0.00223532 0 0 0 1.92585e-05
0.00224514 0 0 0 1.95134e-05
0.002255 0 0 0 1.97716e-05
0.0022649 0 0 0 2.00332e-05
0.00227485 0 0 0 2.02983e-05
0.00228484 0 0 0 2.05669e-05
0.00229487 0 0 0 2.08391e-05
0.00230495 0 0 0 2.11149e-05
0.00231507 0 0 0 2.13943e-05
0.00232524 0 0 0 2.16774e-05
0.00233545 0 0 0 2.19642e-05
0.00234571 0 0 0 2.22549e-05
0.00235601 0 0 0 2.25494e-05
0.00236636 0 0 0 2.28478e-05
0.00237675 0 0 0 2.31501e-05
0.00238719 0 0 0 2.34565e-05
0.00239767 0 0 0 2.37669e-05
0.0024082 0 0 0 2.40814e-05
0.00241878 0 0 0 2.44e-05
0.0024294 0 0 0 2.47229e-05
0.00244007 0 0 0 2.50501e-05
0.00245078 0 0 0 2.53815e-05
0.00246155 0 0 0 2.57174e-05
0.00247236 0 0 0 2.60577e-05
0.00248321 0 0 0 2.64026e-05
0.00249412 0 0 0 2.67519e-05
0.00250507 0 0 0 2.71059e-05
0.00251607 0 0 0 2.74646e-05
0.00252712 0 0 0 2.78281e-05
0.00253822 0 0 0 2.81963e-05
0.00254937 0 0 0 2.85694e-05
0.00256057 0 0 0 2.89475e-05
0.00257181 0 0 0 2.93305e-05
0.00258311 0 0 0 2.97187e-05
0.00259445 0 0 0 3.01119e-05
0.00260584 0 0 0 3.05104e-05
0.00261729 0 0 0 3.09141e-05
0.00262878 0 0 0 3.13232e-05
0.00264033 0 0 0 3.17377e-05
0.00265192 0 0 0 3.21577e-05
0.00266357 0 0 0 3.25832e-05
0.00267526 0 0 0 3.30144e-05
0.00268701 0 0 0 3.34513e-05
0.00269881 0 0 0 3.38939e-05
0.00271067 0 0 0 3.43425e-05
0.00272257 0 0 0 3.47969e-05
0.00273453 0 0 0 3.52574e-05
0.00274654 0 0 0 3.57239e-05
0.0027586 0 0 0 3.61967e-05
0.00277071 0 0 0 3.66756e-05
0.00278288 0 0 0 3.7161e-05
0.0027951 0 0 0 3.76527e-05
0.00280738 0 0 0 3.8151e-05
0.00281971 0 0 0 3.86558e-05
0.00283209 0 0 0 3.91673e-05
0.00284453 0 0 0 3.96856e-05
0.00285702 0 0 0 4.02108e-05
0.00286957 53.2756 0.00103802 6 4.07429e-05
0.00288217 0 0 0 4.1282e-05
0.00289483 0 0 0 4.18283e-05
0.00290754 0 0 0 4.23818e-05
0.00292031 0 0 0 4.29427e-05
0.00293313 0 0 0 4.35109e-05
0.00294601 0 0 0 4.40867e-05
0.00295895 0 0 0 4.46701e-05
0.00297195 0 0 0 4.52612e-05
0.002985 0 0 0 4.58601e-05
0.00299811 0 0 0 4.6467e-05
0.00301127 0 0 0 4.70819e-05
0.0030245 0 0 0 4.77049e-05
0.00303778 0 0 0 4.83362e-05
0.00305112 0 0 0 4.89758e-05
0.00306452 0 0 0 4.96239e-05
0.00307798 0 0 0 5.02806e-05
0.0030915 0 0 0 5.09459e-05
0.00310507 0 0 0 5.16201e-05
0.00311871 0 0 0 5.23032e-05
0.00313241 0 0 0 5.29953e-05
0.00314616 0 0 0 5.36966e-05
0.00315998 0 0 0 5.44071e-05
0.00317386 0 0 0 5.51271e-05
0.0031878 0 0 0 5.58566e-05
0.00320179 0 0 0 5.65957e-05
0.00321586 0 0 0 5.73446e-05
0.00322998 0 0 0 5.81035e-05
0.00324416 0 0 0 5.88724e-05
0.00325841 0 0 0 5.96514e-05
0.00327272 0 0 0 6.04408e-05
0.00328709 0 0 0 6.12406e-05
0.00330153 0 0 0 6.2051e-05
0.00331603 0 0 0 6.28721e-05
0.00333059 0 0 0 6.3704e-05
0.00334522 0 0 0 6.4547e-05
0.00335991 0 0 0 6.54012e-05
0.00337466 0 0 0 6.62666e-05
0.00338948 0 0 0 6.71435e-05
0.00340437 0 0 0 6.8032e-05
0.00341932 0 0 0 6.89323e-05
0.00343434 0 0 0 6.98445e-05
0.00344942 0 0 0 7.07687e-05
0.00346457 0 0 0 7.17052e-05
0.00347978 0 0 0 7.2654e-05
0.00349507 0 0 0 7.36155e-05
0.00351041 0 0 0 7.45896e-05
0.00352583 0 0 0 7.55766e-05
0.00354132 0 0 0 7.65767e-05
0.00355687 0 0 0 7.75901e-05
0.00357249 0 0 0 7.86168e-05
0.00358818 0 0 0 7.96571e-05
0.00360393 0 0 0 8.07112e-05
0.00361976 0 0 0 8.17793e-05
0.00363566 0 0 0 8.28614e-05
0.00365163 0 0 0 8.39579e-05
0.00366766 0 0 0 8.50689e-05
0.00368377 0 0 0 8.61946e-05
0.00369995 0 0 0 8.73352e-05
0.0037162 0 0 0 8.84909e-05
0.00373252 0 0 0 8.96619e-05
0.00374891 0 0 0 9.08484e-05
0.00376537 0 0 0 9.20506e-05
0.00378191 0 0 0 9.32687e-05
0.00379852 0 0 0 9.45029e-05
0.0038152 0 0 0 9.57534e-05
0.00383195 0 0 0 9.70205e-05
0.00384878 0 0 0 9.83044e-05
0.00386568 0 0 0 9.96052e-05
0.00388266 0 0 0 0.000100923
0.00389971 0 0 0 0.000102259
0.00391684 0 0 0 0.000103612
0.00393404 0 0 0 0.000104983
0.00395132 0 0 0 0.000106372
0.00396867 0 0 0 0.00010778
0.0039861 0 0 0 0.000109206
0.0040036 0 0 0 0.000110651
0.00402119 0 0 0 0.000112115
0.00403885 0 0 0 0.000113599
0.00405658 172.351 0.00118866 12 0.000115102
0.0040744 0 0 0 0.000116625
0.00409229 0 0 0 0.000118169
0.00411026 0 0 0 0.000119732
0.00412831 0 0 0 0.000121317
0.00414644 0 0 0 0.000122922
0.00416465 0 0 0 0.000124549
0.00418294 0 0 0 0.000126197
0.00420131 0 0 0 0.000127867
0.00421976 0 0 0 0.000129559
0.0042383 0 0 0 0.000131273
0.00425691 0 0 0 0.000133011
0.0042756 0 0 0 0.000134771
0.00429438 0 0 0 0.000136554
0.00431324 0 0 0 0.000138361
0.00433218 0 0 0 0.000140192
0.00435121 0 0 0 0.000142047
0.00437032 0 0 0 0.000143927
0.00438951 0 0 0 0.000145831
0.00440879 0 0 0 0.000147761
0.00442815 0 0 0 0.000149716
0.0044476 0 0 0 0.000151698
0.00446713 0 0 0 0.000153705
0.00448675 0 0 0 0.000155739
0.00450645 0 0 0 0.0001578
0.00452624 0 0 0 0.000159888
0.00454612 0 0 0 0.000162004
0.00456608 0 0 0 0.000164148
0.00458614 0 0 0 0.00016632
0.00460628 0 0 0 0.000168521
0.00462651 0 0 0 0.000170751
0.00464682 0 0 0 0.00017301
0.00466723 0 0 0 0.0001753
0.00468773 0 0 0 0.000177619
0.00470831 0 0 0 0.00017997
0.00472899 0 0 0 0.000182351
0.00474976 0 0 0 0.000184764
0.00477062 0 0 0 0.000187209
0.00479157 0 0 0 0.000189687
0.00481261 0 0 0 0.000192197
0.00483375 0 0 0 0.00019474
0.00485498 0 0 0 0.000197317
0.0048763 0 0 0 0.000199928
0.00489771 0 0 0 0.000202574
0.00491922 0 0 0 0.000205254
0.00494082 0 0 0 0.00020797
0.00496252 0 0 0 0.000210722
0.00498432 108.077 0.00040183 8 0.000213511
0.00500621 0 0 0 0.000216336
0.00502819 0 0 0 0.000219199
0.00505027 0 0 0 0.0002221
0.00507245 0 0 0 0.000225039
0.00509473 0 0 0 0.000228016
0.0051171 0 0 0 0.000231034
0.00513958 0 0 0 0.000234091
0.00516215 0 0 0 0.000237189
0.00518482 0 0 0 0.000240327
0.00520759 0 0 0 0.000243508
0.00523046 0 0 0 0.00024673
0.00525343 0 0 0 0.000249995
0.0052765 0 0 0 0.000253303
0.00529967 0 0 0 0.000256655
0.00532294 0 0 0 0.000260051
0.00534632 0 0 0 0.000263492
0.0053698 0 0 0 0.000266979
0.00539338 0 0 0 0.000270512
0.00541707 0 0 0 0.000274092
0.00544086 0 0 0 0.000277719
0.00546475 0 0 0 0.000281394
0.00548875 0 0 0 0.000285117
0.00551286 0 0 0 0.00028889
0.00553707 0 0 0 0.000292713
0.00556138 0 0 0 0.000296587
0.00558581 0 0 0 0.000300511
0.00561034 0 0 0 0.000304488
0.00563498 0 0 0 0.000308517
0.00565972 0 0 0 0.0003126
0.00568458 0 0 0 0.000316736
0.00570954 0 0 0 0.000320928
0.00573462 164.204 0.000400862 6 0.000325175
0.0057598 0 0 0 0.000329478
0.0057851 0 0 0 0.000333837
0.0058105 0 0 0 0.000338255
0.00583602 0 0 0 0.000342731
0.00586165 0 0 0 0.000347266
0.00588739 0 0 0 0.000351862
0.00591325 0 0 0 0.000356518
0.00593922 0 0 0 0.000361236
0.0059653 0 0 0 0.000366016
0.0059915 0 0 0 0.000370859
0.00601781 0 0 0 0.000375767
0.00604424 0 0 0 0.000380739
0.00607078 0 0 0 0.000385778
0.00609744 0 0 0 0.000390883
0.00612422 0 0 0 0.000396055
0.00615112 0 0 0 0.000401296
0.00617813 0 0 0 0.000406606
0.00620526 0 0 0 0.000411987
0.00623251 0 0 0 0.000417439
0.00625988 0 0 0 0.000422963
0.00628737 0 0 0 0.00042856
0.00631499 0 0 0 0.000434231
0.00634272 0 0 0 0.000439977
0.00637057 0 0 0 0.000445799
0.00639855 0 0 0 0.000451698
0.00642665 180.173 0.000312507 24 0.000457675
0.00645488 0 0 0 0.000463732
0.00648322 0 0 0 0.000469868
0.0065117 0 0 0 0.000476086
0.00654029 0 0 0 0.000482386
0.00656901 0 0 0 0.000488769
0.00659786 0 0 0 0.000495237
0.00662684 0 0 0 0.00050179
0.00665594 0 0 0 0.000508431
0.00668517 0 0 0 0.000515159
0.00671453 0 0 0 0.000521976
0.00674402 0 0 0 0.000528883
0.00677364 0 0 0 0.000535881
0.00680338 0 0 0 0.000542973
0.00683326 0 0 0 0.000550158
0.00686327 0 0 0 0.000557438
0.00689341 0 0 0 0.000564815
0.00692369 0 0 0 0.000572289
0.00695409 0 0 0 0.000579862
0.00698463 0 0 0 0.000587535
0.00701531 0 0 0 0.00059531
0.00704611 299.855 0.000394627 24 0.000603187
0.00707706 0 0 0 0.000611169
0.00710814 0 0 0 0.000619257
0.00713935 0 0 0 0.000627451
0.00717071 0 0 0 0.000635754
0.0072022 0 0 0 0.000644167
0.00723383 0 0 0 0.000652691
0.0072656 0 0 0 0.000661328
0.00729751 0 0 0 0.00067008
0.00732955 0 0 0 0.000678947
0.00736174 0 0 0 0.000687931
0.00739407 0 0 0 0.000697034
0.00742654 0 0 0 0.000706258
0.00745916 0 0 0 0.000715604
0.00749192 0 0 0 0.000725073
0.00752482 0 0 0 0.000734668
0.00755786 0 0 0 0.00074439
0.00759106 0 0 0 0.00075424
0.00762439 0 0 0 0.000764221
0.00765788 0 0 0 0.000774334
0.00769151 0 0 0 0.000784581
0.00772529 0 0 0 0.000794963
0.00775921 0 0 0 0.000805483
0.00779329 0 0 0 0.000816141
0.00782751 0 0 0 0.000826941
0.00786189 0 0 0 0.000837884
0.00789642 0 0 0 0.000848972
0.00793109 0 0 0 0.000860206
0.00796592 0 0 0 0.000871589
0.00800091 0 0 0 0.000883123
0.00803605 0 0 0 0.000894809
0.00807134 0 0 0 0.00090665
0.00810678 558.711 0.0004828 12 0.000918647
0.00814239 0 0 0 0.000930804
0.00817814 0 0 0 0.000943121
0.00821406 0 0 0 0.000955601
0.00825013 0 0 0 0.000968246
0.00828636 0 0 0 0.000981059
0.00832275 0 0 0 0.000994041
0.00835931 0 0 0 0.0010072
0.00839602 0 0 0 0.00102052
0.00843289 0 0 0 0.00103403
0.00846992 0 0 0 0.00104771
0.00850712 0 0 0 0.00106158
0.00854448 0 0 0 0.00107562
0.008582 0 0 0 0.00108986
0.00861969 282.624 0.00020317 30 0.00110428
0.00865755 0 0 0 0.00111889
0.00869557 0 0 0 0.0011337
0.00873376 0 0 0 0.0011487
0.00877211 0 0 0 0.0011639
0.00881064 0 0 0 0.0011793
0.00884933 0 0 0 0.00119491
0.00888819 0 0 0 0.00121072
0.00892723 0 0 0 0.00122674
0.00896643 0 0 0 0.00124297
0.00900581 0 0 0 0.00125942
0.00904536 0 0 0 0.00127609
0.00908508 170.463 0.000104657 24 0.00129297
0.00912498 0 0 0 0.00131008
0.00916506 0 0 0 0.00132742
0.0092053 0 0 0 0.00134499
0.00924573 0 0 0 0.00136278
0.00928634 0 0 0 0.00138082
0.00932712 0 0 0 0.00139909
0.00936808 0 0 0 0.0014176
0.00940922 0 0 0 0.00143636
0.00945054 0 0 0 0.00145537
0.00949205 0 0 0 0.00147463
0.00953373 351.451 0.000186725 24 0.00149414
0.0095756 0 0 0 0.00151391
0.00961765 0 0 0 0.00153395
0.00965989 0 0 0 0.00155425
0.00970231 0 0 0 0.00157481
0.00974492 0 0 0 0.00159565
0.00978772 0 0 0 0.00161677
0.0098307 0 0 0 0.00163816
0.00987387 0 0 0 0.00165984
0.00991724 0 0 0 0.0016818
0.00996079 734.612 0.000342217 8 0.00170406
0.0100045 0 0 0 0.00172661
0.0100485 0 0 0 0.00174946
0.0100926 0 0 0 0.00177261
0.0101369 0 0 0 0.00179606
0.0101814 0 0 0 0.00181983
0.0102262 0 0 0 0.00184391
0.0102711 0 0 0 0.00186831
0.0103162 0 0 0 0.00189304
0.0103615 187.31 7.75215e-05 24 0.00191809
0.010407 0 0 0 0.00194347
0.0104527 0 0 0 0.00196918
0.0104986 0 0 0 0.00199524
0.0105447 0 0 0 0.00202165
0.010591 0 0 0 0.0020484
0.0106375 0 0 0 0.0020755
0.0106842 0 0 0 0.00210297
0.0107312 202.353 7.5387e-05 48 0.0021308
0.0107783 0 0 0 0.00215899
0.0108256 0 0 0 0.00218756
0.0108732 0 0 0 0.00221651
0.0109209 0 0 0 0.00224584
0.0109689 0 0 0 0.00227556
0.011017 0 0 0 0.00230567
0.0110654 0 0 0 0.00233618
0.011114 0 0 0 0.0023671
0.0111628 0 0 0 0.00239842
0.0112118 0 0 0 0.00243016
0.0112611 0 0 0 0.00246232
0.0113105 0 0 0 0.0024949
0.0113602 0 0 0 0.00252792
0.0114101 0 0 0 0.00256137
0.0114602 0 0 0 0.00259526
0.0115105 64.0525 1.93363e-05 6 0.0026296
0.0115611 0 0 0 0.0026644
0.0116119 0 0 0 0.00269966
0.0116629 0 0 0 0.00273538
0.0117141 0 0 0 0.00277158
0.0117655 0 0 0 0.00280826
0.0118172 388.09 0.000108272 48 0.00284542
0.0118691 0 0 0 0.00288307
0.0119212 0 0 0 0.00292122
0.0119736 0 0 0 0.00295988
0.0120262 0 0 0 0.00299905
0.012079 0 0 0 0.00303873
0.012132 0 0 0 0.00307894
0.0121853 301.543 7.67304e-05 36 0.00311969
0.0122388 0 0 0 0.00316097
0.0122926 0 0 0 0.0032028
0.0123465 0 0 0 0.00324518
0.0124008 0 0 0 0.00328812
0.0124552 0 0 0 0.00333163
0.0125099 656.352 0.000154347 24 0.00337572
0.0125649 0 0 0 0.00342039
0.01262 0 0 0 0.00346565
0.0126755 0 0 0 0.00351151
0.0127311 0 0 0 0.00355798
0.012787 0 0 0 0.00360506
0.0128432 709.03 0.000154089 24 0.00365277
0.0128996 0 0 0 0.00370111
0.0129562 0 0 0 0.00375008
0.0130131 0 0 0 0.00379971
0.0130703 0 0 0 0.00384999
0.0131277 0 0 0 0.00390093
0.0131853 369.96 7.4303e-05 48 0.00395255
0.0132433 0 0 0 0.00400486
0.0133014 0 0 0 0.00405785
0.0133598 0 0 0 0.00411155
0.0134185 0 0 0 0.00416596
0.0134774 348.219 6.54872e-05 24 0.00422109
0.0135366 0 0 0 0.00427694
0.0135961 0 0 0 0.00433354
0.0136558 0 0 0 0.00439088
0.0137157 0 0 0 0.00444899
0.013776 0 0 0 0.00450786
0.0138365 0 0 0 0.00456751
0.0138972 0 0 0 0.00462795
0.0139583 0 0 0 0.0046892
0.0140196 0 0 0 0.00475125
0.0140811 528.206 8.70995e-05 24 0.00481412
0.014143 0 0 0 0.00487782
0.0142051 0 0 0 0.00494237
0.0142675 0 0 0 0.00500777
0.0143301 0 0 0 0.00507404
0.0143931 438.522 6.77107e-05 30 0.00514118
0.0144563 0 0 0 0.00520922
0.0145198 0 0 0 0.00527815
0.0145835 0 0 0 0.005348
0.0146476 458.253 6.71326e-05 72 0.00541876
0.0147119 0 0 0 0.00549047
0.0147765 0 0 0 0.00556312
0.0148414 0 0 0 0.00563674
0.0149066 342.765 4.76418e-05 32 0.00571133
0.014972 0 0 0 0.00578691
0.0150378 0 0 0 0.00586349
0.0151038 0 0 0 0.00594108
0.0151702 0 0 0 0.00601969
0.0152368 0 0 0 0.00609935
0.0153037 0 0 0 0.00618006
0.0153709 0 0 0 0.00626184
0.0154384 499.766 6.25294e-05 72 0.00634471
0.0155062 0 0 0 0.00642866
0.0155743 0 0 0 0.00651373
0.0156427 0 0 0 0.00659993
0.0157114 490.868 5.82699e-05 48 0.00668727
0.0157804 0 0 0 0.00677576
0.0158497 0 0 0 0.00686542
0.0159193 0 0 0 0.00695627
0.0159892 0 0 0 0.00704832
0.0160594 0 0 0 0.00714159
0.01613 0 0 0 0.00723609
0.0162008 0 0 0 0.00733185
0.016272 690.691 7.38057e-05 12 0.00742887
0.0163434 0 0 0 0.00752718
0.0164152 0 0 0 0.00762678
0.0164873 521.501 5.35715e-05 48 0.00772771
0.0165597 0 0 0 0.00782997
0.0166324 0 0 0 0.00793358
0.0167055 0 0 0 0.00803856
0.0167788 593.79 5.78727e-05 48 0.00814494
0.0168525 0 0 0 0.00825272
0.0169265 0 0 0 0.00836192
0.0170009 602.192 5.6422e-05 48 0.00847258
0.0170755 0 0 0 0.00858469
0.0171505 0 0 0 0.00869829
0.0172258 683.332 6.15484e-05 30 0.0088134
0.0173015 0 0 0 0.00893002
0.0173775 0 0 0 0.00904819
0.0174538 465.045 4.02673e-05 24 0.00916793
0.0175304 0 0 0 0.00928924
0.0176074 0 0 0 0.00941217
0.0176847 497.774 4.14345e-05 72 0.00953672
0.0177624 0 0 0 0.00966291
0.0178404 0 0 0 0.00979078
0.0179188 0 0 0 0.00992034
0.0179974 0 0 0 0.0100516
0.0180765 0 0 0 0.0101846
0.0181559 510.064 3.92373e-05 24 0.0103194
0.0182356 0 0 0 0.010456
0.0183157 0 0 0 0.0105943
0.0183961 657.455 4.86197e-05 96 0.0107345
0.0184769 0 0 0 0.0108766
0.0185581 0 0 0 0.0110205
0.0186396 703.76 5.00314e-05 48 0.0111663
0.0187214 0 0 0 0.0113141
0.0188036 520.847 3.6067e-05 24 0.0114638
0.0188862 0 0 0 0.0116155
0.0189692 0 0 0 0.0117692
0.0190525 606.742 4.03902e-05 24 0.0119249
0.0191361 0 0 0 0.0120827
0.0192202 0 0 0 0.0122426
0.0193046 747.048 4.78072e-05 72 0.0124046
0.0193894 0 0 0 0.0125688
0.0194745 462.293 2.88166e-05 48 0.0127351
0.01956 0 0 0 0.0129036
0.0196459 0 0 0 0.0130744
0.0197322 0 0 0 0.0132474
0.0198189 0 0 0 0.0134227
0.0199059 291.633 1.70222e-05 8 0.0136003
0.0199933 0 0 0 0.0137803
0.0200811 794.96 4.51967e-05 54 0.0139626
0.0201693 0 0 0 0.0141474
0.0202579 0 0 0 0.0143346
0.0203469 523.768 2.86267e-05 84 0.0145243
0.0204362 0 0 0 0.0147165
0.020526 617.787 3.28892e-05 48 0.0149113
0.0206161 0 0 0 0.0151086
0.0207066 908.662 4.71192e-05 24 0.0153085
0.0207976 0 0 0 0.0155111
0.0208889 821.09 4.14733e-05 72 0.0157163
0.0209807 0 0 0 0.0159243
0.0210728 396.956 1.95299e-05 96 0.016135
0.0211653 0 0 0 0.0163485
0.0212583 0 0 0 0.0165649
0.0213517 0 0 0 0.0167841
0.0214454 0 0 0 0.0170062
0.0215396 715.253 3.29513e-05 48 0.0172312
0.0216342 0 0 0 0.0174592
0.0217292 654.79 2.9383e-05 48 0.0176903
0.0218246 0 0 0 0.0179244
0.0219205 678.895 2.96741e-05 24 0.0181616
0.0220167 739.311 3.18929e-05 72 0.0184019
0.0221134 0 0 0 0.0186454
0.0222105 0 0 0 0.0188921
0.0223081 0 0 0 0.0191421
0.0224061 771.105 3.15604e-05 72 0.0193954
0.0225045 0 0 0 0.0196521
0.0226033 809.361 3.22666e-05 96 0.0199121
0.0227026 0 0 0 0.0201756
0.0228023 0 0 0 0.0204426
0.0229024 0 0 0 0.0207131
0.023003 832.733 3.14977e-05 6 0.0209872
0.023104 0 0 0 0.0212649
0.0232055 692.89 2.55282e-05 96 0.0215463
0.0233074 700.95 2.54878e-05 96 0.0218315
0.0234097 0 0 0 0.0221204
0.0235125 699.945 2.47909e-05 24 0.0224131
0.0236158 0 0 0 0.0227097
0.0237195 719.536 2.48234e-05 48 0.0230102
0.0238237 683.681 2.32784e-05 96 0.0233147
0.0239283 0 0 0 0.0236232
0.0240334 766.377 2.54169e-05 48 0.0239358
0.0241389 0 0 0 0.0242525
0.0242449 0 0 0 0.0245735
0.0243514 609.433 1.94303e-05 36 0.0248986
0.0244584 0 0 0 0.0252281
0.0245658 729.149 2.26439e-05 48 0.025562
0.0246737 892.154 2.73442e-05 120 0.0259002
0.024782 0 0 0 0.026243
0.0248908 520.137 1.55283e-05 56 0.0265902
0.0250002 931.611 2.74494e-05 24 0.0269421
0.0251099 0 0 0 0.0272986
0.0252202 771.255 2.21349e-05 96 0.0276598
0.025331 812.339 2.30095e-05 48 0.0280259
0.0254422 0 0 0 0.0283967
0.025554 0 0 0 0.0287725
0.0256662 529.199 1.44099e-05 24 0.0291532
0.0257789 0 0 0 0.029539
0.0258921 796.581 2.11278e-05 102 0.0299299
0.0260058 959.266 2.51104e-05 48 0.030326
0.02612 810.482 2.09386e-05 72 0.0307273
0.0262347 0 0 0 0.0311339
0.0263499 1194.62 3.00619e-05 48 0.0315459
0.0264657 1186.59 2.94698e-05 48 0.0319633
0.0265819 873.525 2.14113e-05 120 0.0323863
0.0266986 0 0 0 0.0328148
0.0268159 0 0 0 0.0332491
0.0269337 1006.19 2.37094e-05 24 0.0336891
0.0270519 682.397 1.58697e-05 144 0.0341349
0.0271707 0 0 0 0.0345866
0.0272901 850.768 1.92718e-05 120 0.0350442
0.0274099 810.498 1.81199e-05 48 0.035508
0.0275303 0 0 0 0.0359778
0.0276512 1055.11 2.29764e-05 48 0.0364539
0.0277726 0 0 0 0.0369363
0.0278946 821.162 1.74179e-05 96 0.0374251
0.0280171 0 0 0 0.0379203
0.0281401 582.678 1.20386e-05 24 0.0384221
0.0282637 818.377 1.66875e-05 48 0.0389306
0.0283878 712.303 1.43349e-05 108 0.0394457
0.0285125 0 0 0 0.0399677
0.0286377 1018.18 1.99589e-05 72 0.0404966
0.0287635 919.618 1.77913e-05 30 0.0410325
0.0288898 865.23 1.65205e-05 168 0.0415755
0.0290167 726.551 1.36914e-05 48 0.0421256
0.0291441 0 0 0 0.0426831
0.0292721 920.946 1.69043e-05 72 0.0432479
0.0294007 832.653 1.50841e-05 96 0.0438202
0.0295298 1227.36 2.1944e-05 72 0.0444001
0.0296595 867.206 1.53024e-05 72 0.0449876
0.0297897 786.566 1.36982e-05 32 0.0455829
0.0299205 0 0 0 0.0461861
0.0300519 760.983 1.29087e-05 72 0.0467973
0.0301839 897.58 1.5027e-05 144 0.0474165
0.0303165 0 0 0 0.048044
0.0304496 0 0 0 0.0486798
0.0305833 785.922 1.26488e-05 96 0.0493239
0.0307176 1050.67 1.66889e-05 96 0.0499766
0.0308525 692.753 1.086e-05 48 0.050638
0.030988 812.335 1.25684e-05 72 0.051308
0.0311241 661.76 1.0105e-05 120 0.051987
0.0312608 1124.27 1.69432e-05 72 0.0526749
0.0313981 599.174 8.91186e-06 48 0.053372
0.031536 1025.08 1.50476e-05 78 0.0540782
0.0316745 822.368 1.19142e-05 120 0.0547938
0.0318136 1418.14 2.02771e-05 48 0.0555189
0.0319533 0 0 0 0.0562536
0.0320936 926.437 1.29028e-05 144 0.056998
0.0322346 933.018 1.28248e-05 144 0.0577522
0.0323761 0 0 0 0.0585165
0.0325183 426.134 5.70541e-06 12 0.0592908
0.0326611 1031.25 1.36269e-05 144 0.0600754
0.0328046 1117.65 1.45757e-05 168 0.0608704
0.0329486 1069.97 1.37716e-05 48 0.0616759
0.0330933 886.444 1.12605e-05 48 0.062492
0.0332387 1129.88 1.41654e-05 168 0.063319
0.0333846 0 0 0 0.0641568
0.0335312 650.217 7.94026e-06 48 0.0650058
0.0336785 814.183 9.81272e-06 192 0.065866
0.0338264 901.147 1.0719e-05 72 0.0667376
0.033975 767.748 9.01296e-06 48 0.0676208
0.0341242 941.043 1.09031e-05 96 0.0685156
0.034274 1491.83 1.70588e-05 48 0.0694222
0.0344245 1140.48 1.28709e-05 30 0.0703409
0.0345757 694.552 7.736e-06 96 0.0712717
0.0347276 952.884 1.04747e-05 192 0.0722148
0.0348801 987.565 1.07142e-05 80 0.0731704
0.0350333 1021.33 1.09358e-05 168 0.0741387
0.0351871 773.255 8.17141e-06 120 0.0751198
0.0353416 1137.39 1.18625e-05 72 0.0761138
0.0354969 1032.98 1.06328e-05 144 0.077121
0.0356527 1204.45 1.22359e-05 96 0.0781416
0.0358093 1029.08 1.03178e-05 96 0.0791756
0.0359666 909.705 9.00179e-06 72 0.0802233
0.0361245 1035.54 1.01131e-05 96 0.0812849
0.0362832 1134.94 1.09391e-05 24 0.0823605
0.0364425 1066.05 1.01409e-05 192 0.0834504
0.0366026 1150.86 1.08047e-05 132 0.0845547
0.0367633 1088.77 1.00883e-05 96 0.0856736
0.0369248 948.435 8.67322e-06 96 0.0868073
0.0370869 859.386 7.75625e-06 120 0.087956
0.0372498 965.424 8.59948e-06 48 0.0891199
0.0374134 1111.55 9.77177e-06 222 0.0902992
0.0375777 990.349 8.59258e-06 120 0.0914941
0.0377427 966.976 8.28022e-06 192 0.0927049
0.0379085 1061.29 8.96917e-06 144 0.0939316
0.0380749 1332.09 1.11107e-05 24 0.0951746
0.0382422 1329.74 1.09463e-05 144 0.096434
0.0384101 1359.42 1.10444e-05 120 0.0977101
0.0385788 1235.13 9.90362e-06 192 0.0990031
0.0387482 899.065 7.11478e-06 144 0.100313
0.0389184 833.451 6.50941e-06 48 0.101641
0.0390893 1145.41 8.82901e-06 336 0.102986
0.039261 858.436 6.53056e-06 48 0.104348
0.0394334 1097.8 8.24244e-06 192 0.105729
0.0396066 816.542 6.05066e-06 48 0.107128
0.0397805 1793.72 1.31181e-05 8 0.108546
0.0399552 1106.9 7.98943e-06 288 0.109982
0.0401307 1094.76 7.79855e-06 150 0.111438
0.0403069 1120.56 7.87812e-06 120 0.112912
0.0404839 900.626 6.24917e-06 120 0.114407
0.0406617 1099.71 7.53093e-06 228 0.11592
0.0408403 1275.59 8.62126e-06 168 0.117454
0.0410196 1176.92 7.85052e-06 48 0.119009
0.0411998 1009.67 6.64693e-06 336 0.120584
0.0413807 849.028 5.51637e-06 24 0.122179
0.0415624 1133.83 7.27062e-06 336 0.123796
0.041745 1073.47 6.79361e-06 144 0.125434
0.0419283 1062.53 6.63658e-06 168 0.127094
0.0421124 0 0 0 0.128776
0.0422974 1372.15 8.34809e-06 192 0.13048
0.0424831 1249.42 7.50213e-06 216 0.132207
0.0426697 1101.99 6.53045e-06 192 0.133956
0.0428571 1174.33 6.86829e-06 144 0.135729
0.0430453 1147.12 6.62152e-06 198 0.137525
0.0432344 1169.63 6.66325e-06 216 0.139345
0.0434242 1010.27 5.68023e-06 168 0.141188
0.0436149 1176.19 6.52674e-06 240 0.143057
0.0438065 1202.35 6.58477e-06 168 0.14495
0.0439988 1414.05 7.64302e-06 264 0.146868
0.0441921 1217.98 6.4973e-06 216 0.148811
0.0443862 1233.57 6.49451e-06 96 0.150781
0.0445811 1015.81 5.27818e-06 144 0.152776
0.0447769 1204.38 6.17632e-06 308 0.154798
0.0449735 1113.26 5.63447e-06 312 0.156846
0.045171 1338.6 6.68649e-06 96 0.158921
0.0453694 1115.47 5.49915e-06 288 0.161024
0.0455686 1196.71 5.82257e-06 168 0.163155
0.0457688 1192.98 5.72862e-06 240 0.165314
0.0459698 1058.86 5.01818e-06 198 0.167502
0.0461716 1186.5 5.54966e-06 192 0.169718
0.0463744 1290.37 5.9567e-06 312 0.171964
0.0465781 1145.95 5.22093e-06 168 0.17424
0.0467826 1347.44 6.05872e-06 336 0.176546
0.0469881 1205.42 5.34934e-06 72 0.178882
0.0471944 1397.59 6.12115e-06 456 0.181249
0.0474017 1500.73 6.48705e-06 144 0.183647
0.0476099 1377.83 5.87801e-06 264 0.186078
0.0478189 1300.37 5.47512e-06 336 0.18854
0.048029 1512.4 6.28467e-06 48 0.191035
0.0482399 1394.42 5.71873e-06 408 0.193563
0.0484517 1227.77 4.96951e-06 192 0.196124
0.0486645 1238.46 4.94731e-06 180 0.198719
0.0488782 1377.96 5.43268e-06 342 0.201349
0.0490929 1197.68 4.66026e-06 360 0.204013
0.0493085 1116.33 4.28701e-06 168 0.206713
0.049525 1349.11 5.11325e-06 384 0.209449
0.0497425 1364.89 5.1055e-06 344 0.21222
0.049961 1195.48 4.41343e-06 144 0.215028
0.0501804 1320.29 4.81052e-06 456 0.217874
0.0504008 1204.8 4.33242e-06 312 0.220757
0.0506221 1680.64 5.96459e-06 96 0.223678
0.0508444 1458.87 5.10989e-06 456 0.226638
0.0510677 1414.01 4.88809e-06 264 0.229637
0.051292 1577.9 5.38341e-06 168 0.232676
0.0515172 1406.38 4.73556e-06 432 0.235755
0.0517435 1328.95 4.41639e-06 270 0.238875
0.0519707 1475.22 4.83844e-06 312 0.242036
0.052199 1497.32 4.8468e-06 456 0.245238
0.0524282 1299.76 4.15234e-06 336 0.248484
0.0526584 1606.67 5.0658e-06 144 0.251772
0.0528897 1547.09 4.81424e-06 372 0.255103
0.053122 1452.94 4.46223e-06 552 0.258479
0.0533553 1382.82 4.1914e-06 336 0.2619
0.0535896 1603.76 4.7976e-06 288 0.265365
0.0538249 1499.36 4.42671e-06 264 0.268877
0.0540613 1598.34 4.65732e-06 480 0.272435
0.0542987 1419.71 4.08279e-06 312 0.27604
0.0545372 1467.5 4.16511e-06 462 0.279693
0.0547767 1282.17 3.59155e-06 392 0.283394
0.0550173 1278.33 3.53406e-06 144 0.287144
0.0552589 1405.48 3.83483e-06 624 0.290944
0.0555015 1415.61 3.81201e-06 504 0.294794
0.0557453 1504.69 3.99897e-06 480 0.298695
0.0559901 1478.63 3.87838e-06 312 0.302647
0.056236 1646.78 4.26302e-06 216 0.306652
0.056483 1706.09 4.35889e-06 408 0.31071
0.056731 1505.07 3.79509e-06 456 0.314822
0.0569802 1717.32 4.27372e-06 564 0.318988
0.0572304 1508.12 3.70408e-06 384 0.323209
0.0574817 1430.66 3.46794e-06 462 0.327486
0.0577342 1418.78 3.39423e-06 432 0.331819
0.0579877 1505.48 3.55461e-06 432 0.33621
0.0582424 1370.04 3.19257e-06 336 0.340659
0.0584982 1627.13 3.74216e-06 552 0.345167
0.0587551 1519.42 3.44879e-06 552 0.349735
0.0590131 1904.7 4.26685e-06 240 0.354363
0.0592723 1545.88 3.41779e-06 744 0.359052
0.0595326 1517.95 3.31222e-06 408 0.363803
0.059794 1728.08 3.7215e-06 560 0.368617
0.0600566 1400.65 2.97696e-06 408 0.373495
0.0603203 1682.39 3.52908e-06 510 0.378438
0.0605852 1691.03 3.50087e-06 600 0.383446
0.0608513 1512.46 3.09029e-06 492 0.38852
0.0611186 1702.66 3.43348e-06 552 0.393661
0.061387 1460.03 2.90575e-06 504 0.39887
0.0616566 1586.56 3.11634e-06 696 0.404148
0.0619273 1767.79 3.42696e-06 360 0.409496
0.0621993 1696.24 3.24532e-06 720 0.414915
0.0624724 1758.69 3.32085e-06 576 0.420406
0.0627468 1483.29 2.76424e-06 312 0.425969
0.0630224 1551.35 2.85333e-06 576 0.431606
0.0632991 1756.32 3.18813e-06 630 0.437317
0.0635771 1662.57 2.97853e-06 792 0.443104
0.0638563 1534.14 2.71255e-06 480 0.448968
0.0641368 1895.2 3.30719e-06 600 0.454909
0.0644184 1848.06 3.18281e-06 600 0.460928
0.0647013 1928.97 3.27877e-06 800 0.467028
0.0649855 1782.79 2.99073e-06 588 0.473208
0.0652709 1698.7 2.81244e-06 624 0.47947
0.0655575 1769.44 2.89131e-06 672 0.485815
0.0658454 1683.95 2.71568e-06 504 0.492243
0.0661346 1998.7 3.18117e-06 798 0.498757
0.066425 2008.88 3.15562e-06 696 0.505357
0.0667167 1831.59 2.83955e-06 456 0.512044
0.0670097 1778.41 2.7211e-06 1008 0.51882
0.067304 2048.71 3.09374e-06 696 0.525686
0.0675996 1912.55 2.85041e-06 624 0.532642
0.0678965 1751.38 2.57612e-06 744 0.53969
0.0681946 1967.28 2.85589e-06 912 0.546832
0.0684941 1917.31 2.74699e-06 744 0.554068
0.0687949 2070.78 2.92813e-06 414 0.5614
0.0690971 2118.76 2.95684e-06 924 0.568829
0.0694005 1984.61 2.73346e-06 888 0.576356
0.0697053 1876.8 2.55121e-06 656 0.583983
0.0700114 1960.87 2.63068e-06 960 0.591711
0.0703189 2229.79 2.95239e-06 600 0.599541
0.0706277 2216.26 2.89615e-06 864 0.607475
0.0709379 2432.91 3.13774e-06 792 0.615513
0.0712494 2303.72 2.93232e-06 912 0.623658
0.0715623 1986.81 2.49591e-06 744 0.631911
0.0718766 2100.75 2.60458e-06 723 0.640273
0.0721922 2268.52 2.77586e-06 1116 0.648746
0.0725093 2336.99 2.82229e-06 624 0.657331
0.0728277 2142.91 2.55411e-06 912 0.666029
0.0731475 2354.4 2.76954e-06 1032 0.674842
0.0734688 2520.64 2.92636e-06 828 0.683772
0.0737914 2308.13 2.64465e-06 876 0.692821
0.0741155 2535.34 2.86705e-06 816 0.701989
0.074441 2217.59 2.47497e-06 732 0.711278
0.0747679 2625.2 2.89163e-06 884 0.72069
0.0750963 2553.09 2.77548e-06 960 0.730227
0.0754261 2307.94 2.4762e-06 852 0.73989
0.0757573 2683.86 2.84192e-06 780 0.749681
0.07609 2428.83 2.53828e-06 720 0.759601
0.0764242 2329.01 2.40217e-06 1044 0.769653
0.0767598 2378.81 2.4215e-06 864 0.779838
0.0770969 2367.45 2.37846e-06 648 0.790157
0.0774355 2651.82 2.62936e-06 924 0.800613
0.0777755 2582.63 2.52731e-06 912 0.811208
0.0781171 2536.24 2.4495e-06 792 0.821942
0.0784602 2513.11 2.39547e-06 996 0.832819
0.0788047 2782.3 2.61742e-06 828 0.84384
0.0791508 2696.72 2.50378e-06 768 0.855006
0.0794984 2606.36 2.38827e-06 596 0.86632
0.0798475 2674.51 2.41872e-06 1128 0.877784
0.0801982 2600.44 2.32102e-06 840 0.8894
0.0805504 2854.47 2.51448e-06 732 0.901169
0.0809042 2937.83 2.55411e-06 564 0.913094
0.0812595 2817.33 2.41736e-06 924 0.925177
0.0816163 2767.72 2.34378e-06 1080 0.93742
0.0819747 2547.37 2.129e-06 648 0.949825
0.0823347 2814.44 2.3215e-06 936 0.962393
0.0826963 2579.3 2.09975e-06 480 0.975129
0.0830595 2819.26 2.26513e-06 768 0.988032
0.0834243 3027.95 2.40103e-06 984 1.00111
0.0837906 3026.22 2.36831e-06 972 1.01435
0.0841586 2742.36 2.11814e-06 552 1.02778
0.0845282 2788.27 2.12547e-06 908 1.04138
0.0848994 2713 2.04109e-06 576 1.05516
0.0852723 2952.64 2.19236e-06 888 1.06912
0.0856468 2971.71 2.1777e-06 768 1.08327
0.0860229 3151.03 2.27895e-06 624 1.0976
0.0864007 3056.74 2.18189e-06 744 1.11213
0.0867801 3086.04 2.17403e-06 720 1.12684
0.0871612 2987.52 2.07714e-06 672 1.14176
0.087544 3355.07 2.30223e-06 816 1.15686
0.0879285 3093.01 2.09468e-06 816 1.17217
0.0883146 2823.33 1.88708e-06 660 1.18768
0.0887025 3581.91 2.36284e-06 648 1.2034
0.089092 3499.61 2.27839e-06 684 1.21933
0.0894833 3381.26 2.17259e-06 668 1.23546
0.0898763 3536.16 2.24245e-06 624 1.25181
0.090271 3332.64 2.08578e-06 804 1.26837
0.0906674 3566.6 2.20306e-06 504 1.28516
0.0910656 4093.3 2.49538e-06 504 1.30216
0.0914655 3304.46 1.98817e-06 804 1.3194
0.0918672 3868.03 2.29686e-06 684 1.33686
0.0922706 3560.45 2.0866e-06 624 1.35455
0.0926759 3497.27 2.02281e-06 432 1.37247
0.0930829 3310.84 1.88997e-06 648 1.39063
0.0934916 3974.55 2.23921e-06 660 1.40903
0.0939022 4380.18 2.43551e-06 540 1.42768
0.0943146 4265.47 2.34075e-06 540 1.44657
0.0947288 3495.76 1.89331e-06 512 1.46571
0.0951448 3576.79 1.91189e-06 552 1.48511
0.0955627 4512.31 2.38046e-06 516 1.50476
0.0959823 4187.53 2.18026e-06 552 1.52467
0.0964039 4213.11 2.16494e-06 456 1.54485
0.0968272 4417.05 2.24009e-06 540 1.56529
0.0972525 3623.16 1.81348e-06 288 1.58601
0.0976796 5056.45 2.49782e-06 552 1.60699
0.0981085 4561.04 2.22366e-06 456 1.62826
0.0985394 4606.62 2.21655e-06 456 1.64981
0.0989721 4974.92 2.3625e-06 288 1.67164
0.0994068 4802.13 2.25067e-06 368 1.69376
0.0998433 5486.47 2.53782e-06 432 1.71617
0.100282 4619.44 2.10886e-06 288 1.73888
0.100722 5419.11 2.44162e-06 384 1.76189
0.101165 4521.64 2.01065e-06 264 1.78521
0.101609 5025.14 2.20536e-06 375 1.80883
0.102055 5699.2 2.46851e-06 228 1.83277
0.102503 5399.2 2.30803e-06 258 1.85702
0.102953 4713.48 1.98859e-06 270 1.88159
0.103406 6132.16 2.55333e-06 294 1.90649
0.10386 4504.75 1.85121e-06 144 1.93172
0.104316 6180.96 2.50687e-06 206 1.95728
0.104774 6000.38 2.40184e-06 222 1.98318
0.105234 5293.24 2.09112e-06 228 2.00942
0.105696 7088.46 2.76376e-06 126 2.03602
0.10616 5653.58 2.17551e-06 198 2.06296
0.106627 5615.77 2.13274e-06 240 2.09026
0.107095 6695.1 2.50944e-06 102 2.11792
0.107565 6657.79 2.46287e-06 72 2.14594
0.108038 5642.43 2.06e-06 198 2.17434
0.108512 6748.64 2.43169e-06 180 2.20311
0.108989 9787.78 3.4807e-06 54 2.23227
0.109467 7031.21 2.46776e-06 128 2.26181
0.109948 7327.7 2.53824e-06 144 2.29174
0.110431 6742.28 2.30495e-06 54 2.32206
0.110916 6355.19 2.14425e-06 48 2.35279
0.111403 7647.61 2.54661e-06 162 2.38392
0.111892 8494.89 2.7918e-06 48 2.41547
0.112384 10712.9 3.47477e-06 24 2.44743
0.112877 6673.96 2.13645e-06 126 2.47982
0.113373 10032.4 3.16961e-06 72 2.51263
0.113871 7530.01 2.34793e-06 6 2.54588
0.114371 7924.74 2.43874e-06 56 2.57957
0.114873 8332.63 2.53078e-06 84 2.61371
0.115377 6031.55 1.80797e-06 6 2.6483
0.115884 8278.94 2.44922e-06 24 2.68334
0.116393 8796.11 2.56823e-06 72 2.71885
0.116904 5019.08 1.4463e-06 6 2.75483
0.117418 0 0 0 2.79128
0.117933 12671.2 3.55658e-06 66 2.82822
0.118451 0 0 0 2.86564
0.118971 0 0 0 2.90356
0.119494 12213.4 3.29551e-06 38 2.94199
0.120019 0 0 0 2.98092
0.120546 0 0 0 3.02036
0.121075 11068.5 2.87111e-06 18 3.06033
0.121607 0 0 0 3.10083
0.122141 0 0 0 3.14186
0.122677 22809.4 5.68784e-06 6 3.18344
0.123216 0 0 0 3.22556
0.123757 0 0 0 3.26825
0.124301 37898.3 9.08499e-06 1 3.31149
0.124847 0 0 0 3.35531
0.125395 0 0 0 3.39972
0.125946 0 0 0 3.4447
0.126499 0 0 0 3.49029
0.127054 0 0 0 3.53647
0.127612 0 0 0 3.58327
0.128173 0 0 0 3.63069
0.128736 0 0 0 3.67873
0.129301 0 0 0 3.72741
0.129869 0 0 0 3.77674
0.130439 0 0 0 3.82671
0.131012 0 0 0 3.87735
0.131587 0 0 0 3.92866
0.132165 0 0 0 3.98065
0.132746 0 0 0 4.03332
0.133329 0 0 0 4.0867
0.133914 0 0 0 4.14077
0.134502 0 0 0 4.19557
0.135093 0 0 0 4.25109
0.135686 0 0 0 4.30734
0.136282 0 0 0 4.36434
0.136881 0 0 0 4.42209
0.137482 0 0 0 4.48061
0.138085 0 0 0 4.5399
0.138692 0 0 0 4.59998
0.139301 0 0 0 4.66085
0.139913 0 0 0 4.72253
0.140527 0 0 0 4.78502
0.141144 0 0 0 4.84834
0.141764 0 0 0 4.91249
0.142387 0 0 0 4.9775
0.143012 0 0 0 5.04337
0.14364 0 0 0 5.11011
0.144271 0 0 0 5.17773
0.144904 0 0 0 5.24624
0.145541 0 0 0 5.31567
0.14618 0 0 0 5.38601
0.146822 0 0 0 5.45728
0.147467 0 0 0 5.5295
0.148114 0 0 0 5.60267
0.148765 0 0 0 5.67681
0.149418 0 0 0 5.75193
0.150074 0 0 0 5.82804
0.150733 0 0 0 5.90516
0.151395 0 0 0 5.98331
0.15206 0 0 0 6.06248
0.152728 0 0 0 6.14271
0.153399 0 0 0 6.22399
0.154072 0 0 0 6.30635
0.154749 0 0 0 6.3898
0.155429 0 0 0 6.47436
0.156111 0 0 0 6.56003
0.156797 0 0 0 6.64684
0.157485 0 0 0 6.7348
0.158177 0 0 0 6.82392
0.158872 0 0 0 6.91422
0.159569 0 0 0 7.00571
0.16027 0 0 0 7.09842
0.160974 0 0 0 7.19235
0.161681 0 0 0 7.28753
0.162391 0 0 0 7.38396
0.163104 0 0 0 7.48167
0.163821 0 0 0 7.58068
0.16454 0 0 0 7.68099
0.165263 0 0 0 7.78263
0.165988 0 0 0 7.88562
0.166717 0 0 0 7.98997
0.167449 0 0 0 8.0957
0.168185 0 0 0 8.20283
0.168923 0 0 0 8.31138
0.169665 0 0 0 8.42136
0.17041 0 0 0 8.5328
0.171159 0 0 0 8.64571
0.17191 0 0 0 8.76012
0.172665 0 0 0 8.87604
0.173424 0 0 0 8.9935
0.174185 0 0 0 9.11251
0.17495 0 0 0 9.23309
0.175719 0 0 0 9.35527
0.17649 0 0 0 9.47907
0.177265 0 0 0 9.6045
0.178044 0 0 0 9.7316
0.178826 0 0 0 9.86037
0.179611 0 0 0 9.99086
0.1804 0 0 0 10.1231
0.181192 0 0 0 10.257
0.181988 0 0 0 10.3928
0.182787 0 0 0 10.5303
0.18359 0 0 0 10.6696
0.184396 0 0 0 10.8108
0.185206 0 0 0 10.9539
0.186019 0 0 0 11.0988
0.186836 0 0 0 11.2457
0.187657 0 0 0 11.3945
0.188481 0 0 0 11.5453
0.189309 0 0 0 11.6981
0.19014 0 0 0 11.8529
0.190975 0 0 0 12.0097
0.191814 0 0 0 12.1686
0.192656 0 0 0 12.3297
0.193502 0 0 0 12.4928
0.194352 0 0 0 12.6581
0.195205 0 0 0 12.8256
0.196063 0 0 0 12.9954
0.196924 0 0 0 13.1673
0.197789 0 0 0 13.3416
0.198657 0 0 0 13.5181
0.19953 0 0 0 13.697
0.200406 0 0 0 13.8782
0.201286 0 0 0 14.0619
0.20217 0 0 0 14.248
0.203058 0 0 0 14.4365
0.20395 0 0 0 14.6275
0.204845 0 0 0 14.8211
0.205745 0 0 0 15.0172
0.206648 0 0 0 15.216
0.207556 0 0 0 15.4173
0.208467 0 0 0 15.6213
0.209383 0 0 0 15.828
0.210302 0 0 0 16.0375
0.211226 0 0 0 16.2497
0.212154 0 0 0 16.4647
0.213085 0 0 0 16.6826
0.214021 0 0 0 16.9034
0.214961 0 0 0 17.1271
0.215905 0 0 0 17.3537
0.216853 0 0 0 17.5833
0.217806 0 0 0 17.816
0.218762 0 0 0 18.0518
0.219723 0 0 0 18.2906
0.220688 0 0 0 18.5327
0.221657 0 0 0 18.7779
0.22263 0 0 0 19.0264
0.223608 0 0 0 19.2782
0.22459 0 0 0 19.5333
0.225577 0 0 0 19.7918
0.226567 0 0 0 20.0537
0.227562 0 0 0 20.319
0.228562 0 0 0 20.5879
0.229565 0 0 0 20.8604
0.230573 0 0 0 21.1364
0.231586 0 0 0 21.4161
0.232603 0 0 0 21.6995
0.233625 0 0 0 21.9866
0.234651 0 0 0 22.2776
0.235681 0 0 0 22.5724
0.236716 0 0 0 22.8711
0.237756 0 0 0 23.1737
0.2388 0 0 0 23.4804
0.239849 0 0 0 23.7911
0.240902 0 0 0 24.1059
0.24196 0 0 0 24.4249
0.243022 0 0 0 24.7481
0.24409 0 0 0 25.0756
0.245162 0 0 0 25.4074
0.246238 0 0 0 25.7437
0.24732 0 0 0 26.0843
0.248406 0 0 0 26.4295
0.249497 0 0 0 26.7792
0.250592 0 0 0 27.1336
0.251693 0 0 0 27.4926
0.252798 0 0 0 27.8564
0.253909 0 0 0 28.2251
0.255024 0 0 0 28.5986
0.256144 0 0 0 28.977
0.257268 0 0 0 29.3605
0.258398 0 0 0 29.749
0.259533 0 0 0 30.1426
0.260673 0 0 0 30.5415
0.261818 0 0 0 30.9457
0.262967 0 0 0 31.3552
0.264122 0 0 0 31.7701
0.265282 0 0 0 32.1905
0.266447 0 0 0 32.6165
0.267617 0 0 0 33.0481
0.268793 0 0 0 33.4854
0.269973 0 0 0 33.9285
0.271159 0 0 0 34.3775
0.27235 0 0 0 34.8324
0.273546 0 0 0 35.2933
0.274747 0 0 0 35.7604
0.275954 0 0 0 36.2336
0.277165 0 0 0 36.713
0.278383 0 0 0 37.1989
0.279605 0 0 0 37.6911
0.280833 0 0 0 38.1899
0.282066 0 0 0 38.6952
0.283305 0 0 0 39.2073
0.284549 0 0 0 39.7261
0.285799 0 0 0 40.2518
0.287054 0 0 0 40.7844
0.288315 0 0 0 41.3241
0.289581 0 0 0 41.871
0.290853 0 0 0 42.4251
0.29213 0 0 0 42.9865
0.293413 0 0 0 43.5553
0.294702 0 0 0 44.1317
0.295996 0 0 0 44.7156
0.297296 0 0 0 45.3074
0.298601 0 0 0 45.9069
0.299913 0 0 0 46.5144
0.30123 0 0 0 47.1299
0.302553 0 0 0 47.7536
0.303881 0 0 0 48.3855
0.305216 0 0 0 49.0258
0.306556 0 0 0 49.6745
0.307903 0 0 0 50.3319
0.309255 0 0 0 50.9979
0.310613 0 0 0 51.6727
0.311977 0 0 0 52.3565
0.313347 0 0 0 53.0493
0.314723 0 0 0 53.7513
0.316105 0 0 0 54.4626
0.317494 0 0 0 55.1833
0.318888 0 0 0 55.9135
0.320288 0 0 0 56.6534
0.321695 0 0 0 57.4031
0.323108 0 0 0 58.1627
0.324527 0 0 0 58.9324
0.325952 0 0 0 59.7122
0.327383 0 0 0 60.5024
0.328821 0 0 0 61.303
0.330265 0 0 0 62.1142
0.331716 0 0 0 62.9362
0.333172 0 0 0 63.769
0.334635 0 0 0 64.6129
0.336105 0 0 0 65.4679
0.337581 0 0 0 66.3342
0.339064 0 0 0 67.212
0.340553 0 0 0 68.1014
0.342048 0 0 0 69.0026
0.34355 0 0 0 69.9157
0.345059 0 0 0 70.8409
0.346575 0 0 0 71.7783
0.348097 0 0 0 72.7281
0.349625 0 0 0 73.6905
0.351161 0 0 0 74.6657
0.352703 0 0 0 75.6537
0.354252 0 0 0 76.6548
0.355808 0 0 0 77.6692
0.35737 0 0 0 78.697
0.35894 0 0 0 79.7384
0.360516 0 0 0 80.7935
0.362099 0 0 0 81.8627
0.363689 0 0 0 82.9459
0.365287 0 0 0 84.0436
0.366891 0 0 0 85.1557
0.368502 0 0 0 86.2825
0.37012 0 0 0 87.4243
0.371746 0 0 0 88.5812
0.373378 0 0 0 89.7534
0.375018 0 0 0 90.9411
0.376665 0 0 0 92.1445
0.378319 0 0 0 93.3638
0.379981 0 0 0 94.5993
0.381649 0 0 0 95.8511
0.383326 0 0 0 97.1195
0.385009 0 0 0 98.4047
0.3867 0 0 0 99.7068
0.388398 0 0 0 101.026
0.390104 0 0 0 102.363
0.391817 0 0 0 103.718
0.393538 0 0 0 105.09
0.395266 0 0 0 106.481
0.397002 0 0 0 107.89
0.398745 0 0 0 109.318
0.400496 0 0 0 110.764
0.402255 0 0 0 112.23
0.404022 0 0 0 113.715
0.405796 0 0 0 115.22
0.407578 0 0 0 116.744
0.409368 0 0 0 118.289
0.411166 0 0 0 119.855
0.412972 0 0 0 121.441
0.414785 0 0 0 123.048
0.416607 0 0 0 124.676
0.418436 0 0 0 126.326
0.420274 0 0 0 127.997
0.42212 0 0 0 129.691
0.423974 0 0 0 131.407
0.425836 0 0 0 133.146
0.427706 0 0 0 134.908
0.429584 0 0 0 136.693
0.431471 0 0 0 138.502
0.433365 0 0 0 140.335
0.435269 0 0 0 142.192
0.43718 0 0 0 144.074
0.4391 0 0 0 145.98
0.441028 0 0 0 147.912
0.442965 0 0 0 149.869
0.444911 0 0 0 151.852
0.446865 0 0 0 153.862
0.448827 0 0 0 155.898
0.450798 0 0 0 157.961
0.452778 0 0 0 160.051
0.454766 0 0 0 162.169
0.456763 0 0 0 164.315
0.458769 0 0 0 166.489
0.460784 0 0 0 168.692
0.462808 0 0 0 170.925
0.46484 0 0 0 173.187
0.466882 0 0 0 175.478
0.468932 0 0 0 177.8
0.470991 0 0 0 180.153
0.47306 0 0 0 182.537
0.475137 0 0 0 184.953
0.477224 0 0 0 187.4
0.47932 0 0 0 189.88
0.481425 0 0 0 192.393
0.483539 0 0 0 194.939
0.485663 0 0 0 197.518
0.487795 0 0 0 200.132
0.489938 0 0 0 202.78
0.492089 0 0 0 205.464
0.49425 0 0 0 208.182
0.496421 0 0 0 210.937
0.498601 0 0 0 213.729
0.500791 0 0 0 216.557
0.50299 0 0 0 219.422
0.505199 0 0 0 222.326
0.507418 0 0 0 225.268
0.509646 0 0 0 228.249
0.511884 0 0 0 231.269
0.514132 0 0 0 234.33
0.51639 0 0 0 237.431
0.518658 0 0 0 240.573
0.520936 0 0 0 243.756
0.523223 0 0 0 246.982
0.525521 0 0 0 250.25
0.527829 0 0 0 253.561
0.530147 0 0 0 256.917
0.532475 0 0 0 260.316
0.534814 0 0 0 263.761
0.537162 0 0 0 267.252
0.539522 0 0 0 270.788
0.541891 0 0 0 274.371
0.544271 0 0 0 278.002
0.546661 0 0 0 281.681
0.549062 0 0 0 285.408
0.551473 0 0 0 289.185
0.553895 0 0 0 293.012
0.556327 0 0 0 296.889
0.558771 0 0 0 300.818
0.561224 0 0 0 304.799
0.563689 0 0 0 308.832
0.566165 0 0 0 312.919
0.568651 0 0 0 317.059
0.571148 0 0 0 321.255
0.573657 0 0 0 325.506
0.576176 0 0 0 329.814
0.578706 0 0 0 334.178
0.581248 0 0 0 338.6
0.5838 0 0 0 343.081
0.586364 0 0 0 347.621
0.588939 0 0 0 352.221
0.591526 0 0 0 356.882
0.594124 0 0 0 361.604
0.596733 0 0 0 366.389
0.599353 0 0 0 371.238
0.601985 0 0 0 376.15
0.604629 0 0 0 381.128
0.607285 0 0 0 386.171
0.609951 0 0 0 391.281
0.61263 0 0 0 396.459
0.615321 0 0 0 401.705
0.618023 0 0 0 407.021
0.620737 0 0 0 412.407
0.623463 0 0 0 417.864
0.626201 0 0 0 423.394
0.628951 0 0 0 428.997
0.631713 0 0 0 434.674
0.634488 0 0 0 440.425
0.637274 0 0 0 446.254
0.640073 0 0 0 452.159
0.642884 0 0 0 458.142
0.645707 0 0 0 464.205
0.648543 0 0 0 470.347
0.651391 0 0 0 476.571
0.654252 0 0 0 482.878
0.657125 0 0 0 489.268
0.660011 0 0 0 495.742
0.662909 0 0 0 502.302
0.66582 0 0 0 508.949
0.668744 0 0 0 515.684
0.671681 0 0 0 522.508
0.674631 0 0 0 529.422
0.677594 0 0 0 536.428
0.68057 0 0 0 543.527
0.683558 0 0 0 550.719
0.68656 0 0 0 558.007
0.689575 0 0 0 565.391
0.692604 0 0 0 572.872
0.695646 0 0 0 580.453
0.698701 0 0 0 588.134
0.701769 0 0 0 595.917
0.704851 0 0 0 603.803
0.707946 0 0 0 611.793
0.711055 0 0 0 619.888
0.714178 0 0 0 628.091
0.717315 0 0 0 636.403
0.720465 0 0 0 644.824
0.723629 0 0 0 653.357
0.726807 0 0 0 662.003
0.729999 0 0 0 670.763
0.733204 0 0 0 679.639
0.736424 0 0 0 688.633
0.739659 0 0 0 697.745
0.742907 0 0 0 706.978
0.746169 0 0 0 716.334
0.749446 0 0 0 725.813
0.752738 0 0 0 735.418
0.756043 0 0 0 745.149
0.759364 0 0 0 755.01
0.762698 0 0 0 765.001
0.766048 0 0 0 775.124
0.769412 0 0 0 785.381
0.772791 0 0 0 795.774
0.776185 0 0 0 806.304
0.779594 0 0 0 816.974
0.783017 0 0 0 827.785
0.786456 0 0 0 838.739
0.78991 0 0 0 849.838
0.793379 0 0 0 861.083
0.796863 0 0 0 872.478
0.800363 0 0 0 884.023
0.803878 0 0 0 895.722
0.807408 0 0 0 907.575
0.810954 0 0 0 919.584
0.814515 0 0 0 931.753
0.818092 0 0 0 944.083
0.821685 0 0 0 956.576
0.825294 0 0 0 969.234
0.828918 0 0 0 982.06
0.832558 0 0 0 995.055
0.836215 0 0 0 1008.22
0.839887 0 0 0 1021.56
0.843575 0 0 0 1035.08
0.84728 0 0 0 1048.78
0.851001 0 0 0 1062.66
0.854738 0 0 0 1076.72
0.858492 0 0 0 1090.97
0.862262 0 0 0 1105.4
0.866049 0 0 0 1120.03
0.869852 0 0 0 1134.85
0.873673 0 0 0 1149.87
0.877509 0 0 0 1165.09
0.881363 0 0 0 1180.5
0.885234 0 0 0 1196.13
0.889121 0 0 0 1211.95
0.893026 0 0 0 1227.99
0.896948 0 0 0 1244.24
0.900887 0 0 0 1260.71
0.904843 0 0 0 1277.39
0.908817 0 0 0 1294.29
0.912808 0 0 0 1311.42
0.916817 0 0 0 1328.77
0.920843 0 0 0 1346.36
0.924887 0 0 0 1364.17
0.928949 0 0 0 1382.23
0.933029 0 0 0 1400.52
0.937126 0 0 0 1419.05
0.941242 0 0 0 1437.83
0.945375 0 0 0 1456.85
0.949527 0 0 0 1476.13
0.953697 0 0 0 1495.67
0.957885 0 0 0 1515.46
0.962092 0 0 0 1535.51
0.966317 0 0 0 1555.83
0.970561 0 0 0 1576.42
0.974823 0 0 0 1597.28
0.979104 0 0 0 1618.42
0.983404 0 0 0 1639.83
0.987723 0 0 0 1661.53
0.992061 0 0 0 1683.52
0.996418 0 0 0 1705.8
1.00079 0 0 0 1728.37
1.00519 0 0 0 1751.24
1.0096 0 0 0 1774.41
1.01404 0 0 0 1797.9
1.01849 0 0 0 1821.69
1.02296 0 0 0 1845.79
1.02746 0 0 0 1870.22
1.03197 0 0 0 1894.97
1.0365 0 0 0 1920.04
1.04105 0 0 0 1945.45
1.04562 0 0 0 1971.19
1.05022 0 0 0 1997.28
1.05483 0 0 0 2023.71
1.05946 0 0 0 2050.49
1.06411 0 0 0 2077.62
1.06879 0 0 0 2105.11
1.07348 0 0 0 2132.97
1.07819 0 0 0 2161.2
1.08293 0 0 0 2189.79
1.08769 0 0 0 2218.77
1.09246 0 0 0 2248.13
1.09726 0 0 0 2277.88
1.10208 0 0 0 2308.02
1.10692 0 0 0 2338.57
1.11178 0 0 0 2369.51
1.11666 0 0 0 2400.87
1.12157 0 0 0 2432.64
1.12649 0 0 0 2464.83
1.13144 0 0 0 2497.45
1.13641 0 0 0 2530.49
1.1414 0 0 0 2563.98
1.14641 0 0 0 2597.91
0.833371
2000
309756
     1259712000
0.000179913 0 0 0 1.00414e-08
0.000180703 0 0 0 1.01743e-08
0.000181497 0 0 0 1.03089e-08
0.000182294 0 0 0 1.04453e-08
0.000183095 0 0 0 1.05835e-08
0.000183899 0 0 0 1.07236e-08
0.000184706 0 0 0 1.08655e-08
0.000185518 0 0 0 1.10093e-08
0.000186332 0 0 0 1.11549e-08
0.000187151 0 0 0 1.13026e-08
0.000187972 0 0 0 1.14521e-08
0.000188798 0 0 0 1.16037e-08
0.000189627 0 0 0 1.17572e-08
0.00019046 0 0 0 1.19128e-08
0.000191296 0 0 0 1.20704e-08
0.000192136 0 0 0 1.22302e-08
0.00019298 0 0 0 1.2392e-08
0.000193828 0 0 0 1.2556e-08
0.000194679 0 0 0 1.27221e-08
0.000195534 0 0 0 1.28905e-08
0.000196393 0 0 0 1.30611e-08
0.000197255 0 0 0 1.32339e-08
0.000198121 0 0 0 1.3409e-08
0.000198991 0 0 0 1.35865e-08
0.000199865 0 0 0 1.37663e-08
0.000200743 0 0 0 1.39484e-08
0.000201625 0 0 0 1.4133e-08
0.00020251 0 0 0 1.432e-08
0.0002034 0 0 0 1.45095e-08
0.000204293 0 0 0 1.47015e-08
0.00020519 0 0 0 1.48961e-08
0.000206091 0 0 0 1.50932e-08
0.000206996 0 0 0 1.52929e-08
0.000207905 0 0 0 1.54953e-08
0.000208818 0 0 0 1.57003e-08
0.000209735 0 0 0 1.59081e-08
0.000210656 0 0 0 1.61186e-08
0.000211582 0 0 0 1.63319e-08
0.000212511 0 0 0 1.6548e-08
0.000213444 0 0 0 1.6767e-08
0.000214381 0 0 0 1.69889e-08
0.000215323 0 0 0 1.72137e-08
0.000216268 0 0 0 1.74414e-08
0.000217218 0 0 0 1.76722e-08
0.000218172 0 0 0 1.79061e-08
0.00021913 0 0 0 1.81431e-08
0.000220093 0 0 0 1.83831e-08
0.000221059 0 0 0 1.86264e-08
0.00022203 0 0 0 1.88729e-08
0.000223005 0 0 0 1.91226e-08
0.000223984 0 0 0 1.93757e-08
0.000224968 0 0 0 1.96321e-08
0.000225956 0 0 0 1.98919e-08
0.000226948 0 0 0 2.01551e-08
0.000227945 0 0 0 2.04218e-08
0.000228946 0 0 0 2.0692e-08
0.000229952 0 0 0 2.09658e-08
0.000230961 0 0 0 2.12433e-08
0.000231976 0 0 0 2.15244e-08
0.000232995 0 0 0 2.18092e-08
0.000234018 0 0 0 2.20978e-08
0.000235045 0 0 0 2.23902e-08
0.000236078 0 0 0 2.26865e-08
0.000237114 0 0 0 2.29867e-08
0.000238156 0 0 0 2.32909e-08
0.000239202 0 0 0 2.35991e-08
0.000240252 0 0 0 2.39114e-08
0.000241307 0 0 0 2.42278e-08
0.000242367 0 0 0 2.45484e-08
0.000243431 0 0 0 2.48733e-08
0.0002445 0 0 0 2.52024e-08
0.000245574 0 0 0 2.55359e-08
0.000246653 0 0 0 2.58738e-08
0.000247736 0 0 0 2.62162e-08
0.000248824 0 0 0 2.65631e-08
0.000249917 0 0 0 2.69146e-08
0.000251014 0 0 0 2.72708e-08
0.000252117 0 0 0 2.76317e-08
0.000253224 0 0 0 2.79973e-08
0.000254336 0 0 0 2.83678e-08
0.000255453 0 0 0 2.87432e-08
0.000256575 0 0 0 2.91235e-08
0.000257701 0 0 0 2.95089e-08
0.000258833 0 0 0 2.98994e-08
0.00025997 0 0 0 3.02951e-08
0.000261112 0 0 0 3.0696e-08
0.000262258 0 0 0 3.11022e-08
0.00026341 0 0 0 3.15137e-08
0.000264567 0 0 0 3.19307e-08
0.000265729 0 0 0 3.23533e-08
0.000266896 0 0 0 3.27814e-08
0.000268068 0 0 0 3.32152e-08
0.000269245 0 0 0 3.36547e-08
0.000270427 0 0 0 3.41001e-08
0.000271615 0 0 0 3.45513e-08
0.000272808 0 0 0 3.50085e-08
0.000274006 0 0 0 3.54718e-08
0.000275209 0 0 0 3.59412e-08
0.000276418 0 0 0 3.64168e-08
0.000277632 0 0 0 3.68987e-08
0.000278851 0 0 0 3.7387e-08
0.000280076 0 0 0 3.78817e-08
0.000281306 0 0 0 3.8383e-08
0.000282541 0 0 0 3.88909e-08
0.000283782 0 0 0 3.94055e-08
0.000285028 0 0 0 3.9927e-08
0.00028628 0 0 0 4.04553e-08
0.000287537 0 0 0 4.09907e-08
0.0002888 0 0 0 4.15331e-08
0.000290068 0 0 0 4.20827e-08
0.000291342 0 0 0 4.26396e-08
0.000292622 0 0 0 4.32038e-08
0.000293907 0 0 0 4.37755e-08
0.000295197 0 0 0 4.43548e-08
0.000296494 0 0 0 4.49418e-08
0.000297796 0 0 0 4.55365e-08
0.000299104 0 0 0 4.6139e-08
0.000300417 0 0 0 4.67496e-08
0.000301737 0 0 0 4.73682e-08
0.000303062 0 0 0 4.7995e-08
0.000304393 0 0 0 4.86302e-08
0.000305729 0 0 0 4.92737e-08
0.000307072 0 0 0 4.99257e-08
0.000308421 0 0 0 5.05864e-08
0.000309775 0 0 0 5.12558e-08
0.000311136 0 0 0 5.1934e-08
0.000312502 0 0 0 5.26213e-08
0.000313874 0 0 0 5.33176e-08
0.000315253 0 0 0 5.40231e-08
0.000316637 0 0 0 5.4738e-08
0.000318028 0 0 0 5.54624e-08
0.000319424 0 0 0 5.61963e-08
0.000320827 0 0 0 5.69399e-08
0.000322236 0 0 0 5.76934e-08
0.000323651 0 0 0 5.84568e-08
0.000325073 0 0 0 5.92304e-08
0.0003265 0 0 0 6.00142e-08
0.000327934 0 0 0 6.08083e-08
0.000329374 0 0 0 6.1613e-08
0.000330821 0 0 0 6.24283e-08
0.000332274 0 0 0 6.32544e-08
0.000333733 0 0 0 6.40915e-08
0.000335199 0 0 0 6.49396e-08
0.000336671 0 0 0 6.57989e-08
0.000338149 0 0 0 6.66696e-08
0.000339634 0 0 0 6.75519e-08
0.000341126 0 0 0 6.84458e-08
0.000342624 0 0 0 6.93515e-08
0.000344129 0 0 0 7.02692e-08
0.00034564 0 0 0 7.11991e-08
0.000347158 0 0 0 7.21413e-08
0.000348682 0 0 0 7.30959e-08
0.000350214 0 0 0 7.40632e-08
0.000351752 0 0 0 7.50432e-08
0.000353296 0 0 0 7.60363e-08
0.000354848 0 0 0 7.70424e-08
0.000356406 0 0 0 7.80619e-08
0.000357972 0 0 0 7.90949e-08
0.000359544 0 0 0 8.01416e-08
0.000361123 0 0 0 8.12021e-08
0.000362709 0 0 0 8.22766e-08
0.000364301 0 0 0 8.33654e-08
0.000365901 0 0 0 8.44685e-08
0.000367508 0 0 0 8.55863e-08
0.000369122 0 0 0 8.67188e-08
0.000370743 0 0 0 8.78664e-08
0.000372371 0 0 0 8.90291e-08
0.000374007 0 0 0 9.02072e-08
0.000375649 0 0 0 9.14009e-08
0.000377299 0 0 0 9.26104e-08
0.000378956 0 0 0 9.38359e-08
0.00038062 0 0 0 9.50776e-08
0.000382292 0 0 0 9.63358e-08
0.000383971 0 0 0 9.76106e-08
0.000385657 0 0 0 9.89023e-08
0.00038735 0 0 0 1.00211e-07
0.000389052 0 0 0 1.01537e-07
0.00039076 0 0 0 1.02881e-07
0.000392476 0 0 0 1.04242e-07
0.0003942 0 0 0 1.05622e-07
0.000395931 0 0 0 1.07019e-07
0.00039767 0 0 0 1.08435e-07
0.000399416 0 0 0 1.0987e-07
0.00040117 0 0 0 1.11324e-07
0.000402932 0 0 0 1.12797e-07
0.000404702 0 0 0 1.1429e-07
0.000406479 0 0 0 1.15802e-07
0.000408264 0 0 0 1.17335e-07
0.000410057 0 0 0 1.18887e-07
0.000411858 0 0 0 1.20461e-07
0.000413667 0 0 0 1.22055e-07
0.000415483 0 0 0 1.2367e-07
0.000417308 0 0 0 1.25306e-07
0.000419141 0 0 0 1.26965e-07
0.000420981 0 0 0 1.28645e-07
0.00042283 0 0 0 1.30347e-07
0.000424687 0 0 0 1.32072e-07
0.000426552 0 0 0 1.3382e-07
0.000428425 0 0 0 1.3559e-07
0.000430307 0 0 0 1.37385e-07
0.000432197 0 0 0 1.39203e-07
0.000434095 0 0 0 1.41045e-07
0.000436001 0 0 0 1.42911e-07
0.000437916 0 0 0 1.44802e-07
0.000439839 0 0 0 1.46718e-07
0.000441771 0 0 0 1.4866e-07
0.000443711 0 0 0 1.50627e-07
0.000445659 0 0 0 1.5262e-07
0.000447616 0 0 0 1.5464e-07
0.000449582 0 0 0 1.56686e-07
0.000451557 0 0 0 1.5876e-07
0.00045354 0 0 0 1.6086e-07
0.000455532 0 0 0 1.62989e-07
0.000457532 0 0 0 1.65146e-07
0.000459541 0 0 0 1.67331e-07
0.00046156 0 0 0 1.69546e-07
0.000463587 0 0 0 1.71789e-07
0.000465622 0 0 0 1.74062e-07
0.000467667 0 0 0 1.76366e-07
0.000469721 0 0 0 1.787e-07
0.000471784 0 0 0 1.81064e-07
0.000473856 0 0 0 1.8346e-07
0.000475937 0 0 0 1.85888e-07
0.000478027 0 0 0 1.88348e-07
0.000480126 0 0 0 1.9084e-07
0.000482235 0 0 0 1.93365e-07
0.000484353 0 0 0 1.95924e-07
0.00048648 0 0 0 1.98517e-07
0.000488616 0 0 0 2.01144e-07
0.000490762 0 0 0 2.03806e-07
0.000492917 0 0 0 2.06503e-07
0.000495082 0 0 0 2.09235e-07
0.000497256 0 0 0 2.12004e-07
0.00049944 0 0 0 2.14809e-07
0.000501633 0 0 0 2.17652e-07
0.000503836 0 0 0 2.20532e-07
0.000506049 0 0 0 2.2345e-07
0.000508271 0 0 0 2.26407e-07
0.000510504 0 0 0 2.29403e-07
0.000512746 0 0 0 2.32439e-07
0.000514997 0 0 0 2.35515e-07
0.000517259 0 0 0 2.38631e-07
0.000519531 0 0 0 2.41789e-07
0.000521812 0 0 0 2.44989e-07
0.000524104 0 0 0 2.4823e-07
0.000526405 0 0 0 2.51515e-07
0.000528717 0 0 0 2.54844e-07
0.000531039 0 0 0 2.58216e-07
0.000533371 0 0 0 2.61633e-07
0.000535714 0 0 0 2.65095e-07
0.000538066 0 0 0 2.68603e-07
0.000540429 0 0 0 2.72157e-07
0.000542803 0 0 0 2.75759e-07
0.000545187 0 0 0 2.79408e-07
0.000547581 0 0 0 2.83105e-07
0.000549986 0 0 0 2.86851e-07
0.000552401 0 0 0 2.90647e-07
0.000554827 0 0 0 2.94493e-07
0.000557263 0 0 0 2.9839e-07
0.000559711 0 0 0 3.02339e-07
0.000562169 0 0 0 3.0634e-07
0.000564638 0 0 0 3.10394e-07
0.000567117 0 0 0 3.14501e-07
0.000569608 0 0 0 3.18663e-07
0.000572109 0 0 0 3.2288e-07
0.000574622 0 0 0 3.27152e-07
0.000577145 0 0 0 3.31481e-07
0.00057968 0 0 0 3.35868e-07
0.000582226 0 0 0 3.40312e-07
0.000584783 0 0 0 3.44816e-07
0.000587351 0 0 0 3.49378e-07
0.00058993 0 0 0 3.54002e-07
0.000592521 0 0 0 3.58686e-07
0.000595123 0 0 0 3.63433e-07
0.000597737 0 0 0 3.68242e-07
0.000600362 0 0 0 3.73115e-07
0.000602998 0 0 0 3.78052e-07
0.000605647 0 0 0 3.83055e-07
0.000608306 0 0 0 3.88124e-07
0.000610978 0 0 0 3.9326e-07
0.000613661 0 0 0 3.98464e-07
0.000616356 0 0 0 4.03737e-07
0.000619063 0 0 0 4.09079e-07
0.000621782 0 0 0 4.14492e-07
0.000624512 0 0 0 4.19977e-07
0.000627255 0 0 0 4.25535e-07
0.00063001 0 0 0 4.31166e-07
0.000632776 0 0 0 4.36871e-07
0.000635555 0 0 0 4.42653e-07
0.000638346 0 0 0 4.4851e-07
0.00064115 0 0 0 4.54445e-07
0.000643965 0 0 0 4.60459e-07
0.000646793 0 0 0 4.66552e-07
0.000649634 0 0 0 4.72726e-07
0.000652487 0 0 0 4.78981e-07
0.000655352 0 0 0 4.8532e-07
0.000658231 0 0 0 4.91742e-07
0.000661121 0 0 0 4.98249e-07
0.000664025 0 0 0 5.04842e-07
0.000666941 0 0 0 5.11523e-07
0.00066987 0 0 0 5.18292e-07
0.000672812 0 0 0 5.2515e-07
0.000675766 0 0 0 5.32099e-07
0.000678734 0 0 0 5.39141e-07
0.000681715 0 0 0 5.46275e-07
0.000684709 0 0 0 5.53504e-07
0.000687716 0 0 0 5.60828e-07
0.000690736 0 0 0 5.6825e-07
0.000693769 0 0 0 5.75769e-07
0.000696816 0 0 0 5.83388e-07
0.000699876 0 0 0 5.91108e-07
0.00070295 0 0 0 5.9893e-07
0.000706037 0 0 0 6.06856e-07
0.000709138 0 0 0 6.14886e-07
0.000712252 0 0 0 6.23023e-07
0.00071538 0 0 0 6.31267e-07
0.000718522 0 0 0 6.39621e-07
0.000721677 0 0 0 6.48085e-07
0.000724846 0 0 0 6.56661e-07
0.00072803 0 0 0 6.6535e-07
0.000731227 0 0 0 6.74155e-07
0.000734438 0 0 0 6.83076e-07
0.000737664 0 0 0 6.92115e-07
0.000740903 0 0 0 7.01274e-07
0.000744157 0 0 0 7.10553e-07
0.000747425 0 0 0 7.19956e-07
0.000750707 0 0 0 7.29483e-07
0.000754004 0 0 0 7.39136e-07
0.000757316 0 0 0 7.48917e-07
0.000760641 0 0 0 7.58827e-07
0.000763982 0 0 0 7.68869e-07
0.000767337 0 0 0 7.79043e-07
0.000770707 0 0 0 7.89352e-07
0.000774092 0 0 0 7.99798e-07
0.000777491 0 0 0 8.10381e-07
0.000780906 0 0 0 8.21105e-07
0.000784335 0 0 0 8.31971e-07
0.00078778 0 0 0 8.4298e-07
0.000791239 0 0 0 8.54135e-07
0.000794714 0 0 0 8.65438e-07
0.000798204 0 0 0 8.7689e-07
0.00080171 0 0 0 8.88494e-07
0.00080523 0 0 0 9.00251e-07
0.000808767 0 0 0 9.12164e-07
0.000812318 0 0 0 9.24234e-07
0.000815886 0 0 0 9.36465e-07
0.000819469 0 0 0 9.48857e-07
0.000823068 0 0 0 9.61413e-07
0.000826682 0 0 0 9.74135e-07
0.000830313 0 0 0 9.87026e-07
0.000833959 0 0 0 1.00009e-06
0.000837622 0 0 0 1.01332e-06
0.0008413 0 0 0 1.02673e-06
0.000844995 0 0 0 1.04032e-06
0.000848706 0 0 0 1.05408e-06
0.000852433 0 0 0 1.06803e-06
0.000856177 0 0 0 1.08216e-06
0.000859937 0 0 0 1.09648e-06
0.000863713 0 0 0 1.11099e-06
0.000867506 0 0 0 1.1257e-06
0.000871316 0 0 0 1.14059e-06
0.000875143 0 0 0 1.15569e-06
0.000878986 0 0 0 1.17098e-06
0.000882846 0 0 0 1.18647e-06
0.000886723 0 0 0 1.20217e-06
0.000890617 0 0 0 1.21808e-06
0.000894529 0 0 0 1.2342e-06
0.000898457 0 0 0 1.25053e-06
0.000902403 0 0 0 1.26708e-06
0.000906366 0 0 0 1.28385e-06
0.000910346 0 0 0 1.30084e-06
0.000914344 0 0 0 1.31805e-06
0.00091836 0 0 0 1.33549e-06
0.000922393 0 0 0 1.35317e-06
0.000926444 0 0 0 1.37107e-06
0.000930512 0 0 0 1.38922e-06
0.000934599 0 0 0 1.4076e-06
0.000938703 0 0 0 1.42622e-06
0.000942826 0 0 0 1.4451e-06
0.000946966 0 0 0 1.46422e-06
0.000951125 0 0 0 1.4836e-06
0.000955302 0 0 0 1.50323e-06
0.000959497 0 0 0 1.52312e-06
0.000963711 0 0 0 1.54328e-06
0.000967943 0 0 0 1.5637e-06
0.000972194 0 0 0 1.58439e-06
0.000976464 0 0 0 1.60536e-06
0.000980752 0 0 0 1.6266e-06
0.000985059 0 0 0 1.64812e-06
0.000989385 0 0 0 1.66993e-06
0.00099373 0 0 0 1.69203e-06
0.000998094 0 0 0 1.71442e-06
0.00100248 0 0 0 1.73711e-06
0.00100688 0 0 0 1.7601e-06
0.0010113 0 0 0 1.78339e-06
0.00101574 0 0 0 1.80699e-06
0.0010202 0 0 0 1.8309e-06
0.00102468 0 0 0 1.85513e-06
0.00102918 0 0 0 1.87967e-06
0.0010337 0 0 0 1.90455e-06
0.00103824 0 0 0 1.92975e-06
0.0010428 0 0 0 1.95529e-06
0.00104738 0 0 0 1.98116e-06
0.00105198 0 0 0 2.00738e-06
0.0010566 0 0 0 2.03394e-06
0.00106124 0 0 0 2.06086e-06
0.0010659 0 0 0 2.08813e-06
0.00107058 0 0 0 2.11576e-06
0.00107529 0 0 0 2.14376e-06
0.00108001 0 0 0 2.17212e-06
0.00108475 0 0 0 2.20087e-06
0.00108952 0 0 0 2.22999e-06
0.0010943 0 0 0 2.2595e-06
0.00109911 0 0 0 2.2894e-06
0.00110393 0 0 0 2.3197e-06
0.00110878 0 0 0 2.35039e-06
0.00111365 0 0 0 2.38149e-06
0.00111854 0 0 0 2.41301e-06
0.00112345 0 0 0 2.44494e-06
0.00112839 0 0 0 2.47729e-06
0.00113334 0 0 0 2.51007e-06
0.00113832 0 0 0 2.54329e-06
0.00114332 0 0 0 2.57695e-06
0.00114834 0 0 0 2.61105e-06
0.00115338 0 0 0 2.6456e-06
0.00115845 0 0 0 2.68061e-06
0.00116354 0 0 0 2.71608e-06
0.00116865 0 0 0 2.75202e-06
0.00117378 0 0 0 2.78844e-06
0.00117893 0 0 0 2.82534e-06
0.00118411 0 0 0 2.86272e-06
0.00118931 0 0 0 2.9006e-06
0.00119453 0 0 0 2.93899e-06
0.00119978 0 0 0 2.97788e-06
0.00120505 0 0 0 3.01729e-06
0.00121034 0 0 0 3.05721e-06
0.00121566 0 0 0 3.09767e-06
0.00122099 0 0 0 3.13866e-06
0.00122636 0 0 0 3.18019e-06
0.00123174 0 0 0 3.22228e-06
0.00123715 0 0 0 3.26492e-06
0.00124258 0 0 0 3.30812e-06
0.00124804 0 0 0 3.3519e-06
0.00125352 0 0 0 3.39625e-06
0.00125903 0 0 0 3.44119e-06
0.00126456 0 0 0 3.48673e-06
0.00127011 0 0 0 3.53287e-06
0.00127569 0 0 0 3.57962e-06
0.00128129 0 0 0 3.62699e-06
0.00128692 0 0 0 3.67498e-06
0.00129257 0 0 0 3.72361e-06
0.00129825 0 0 0 3.77289e-06
0.00130395 0 0 0 3.82281e-06
0.00130967 0 0 0 3.8734e-06
0.00131543 0 0 0 3.92466e-06
0.0013212 0 0 0 3.97659e-06
0.001327 0 0 0 4.02921e-06
0.00133283 0 0 0 4.08253e-06
0.00133869 0 0 0 4.13656e-06
0.00134456 0 0 0 4.19129e-06
0.00135047 0 0 0 4.24676e-06
0.0013564 0 0 0 4.30295e-06
0.00136236 0 0 0 4.35989e-06
0.00136834 0 0 0 4.41759e-06
0.00137435 0 0 0 4.47605e-06
0.00138038 0 0 0 4.53528e-06
0.00138645 0 0 0 4.59529e-06
0.00139254 0 0 0 4.6561e-06
0.00139865 0 0 0 4.71771e-06
0.00140479 0 0 0 4.78014e-06
0.00141096 0 0 0 4.8434e-06
0.00141716 0 0 0 4.90749e-06
0.00142338 0 0 0 4.97243e-06
0.00142963 0 0 0 5.03823e-06
0.00143591 0 0 0 5.1049e-06
0.00144222 0 0 0 5.17245e-06
0.00144855 0 0 0 5.2409e-06
0.00145491 0 0 0 5.31025e-06
0.0014613 0 0 0 5.38052e-06
0.00146772 0 0 0 5.45172e-06
0.00147417 0 0 0 5.52386e-06
0.00148064 0 0 0 5.59696e-06
0.00148714 0 0 0 5.67102e-06
0.00149367 0 0 0 5.74607e-06
0.00150023 0 0 0 5.8221e-06
0.00150682 0 0 0 5.89915e-06
0.00151344 0 0 0 5.97721e-06
0.00152009 0 0 0 6.0563e-06
0.00152676 0 0 0 6.13645e-06
0.00153347 0 0 0 6.21765e-06
0.0015402 0 0 0 6.29993e-06
0.00154697 0 0 0 6.38329e-06
0.00155376 0 0 0 6.46776e-06
0.00156058 0 0 0 6.55335e-06
0.00156744 0 0 0 6.64007e-06
0.00157432 0 0 0 6.72794e-06
0.00158123 0 0 0 6.81697e-06
0.00158818 0 0 0 6.90717e-06
0.00159515 0 0 0 6.99858e-06
0.00160216 0 0 0 7.09119e-06
0.00160919 0 0 0 7.18502e-06
0.00161626 0 0 0 7.2801e-06
0.00162336 0 0 0 7.37644e-06
0.00163049 0 0 0 7.47405e-06
0.00163765 0 0 0 7.57295e-06
0.00164484 0 0 0 7.67317e-06
0.00165206 0 0 0 7.7747e-06
0.00165932 0 0 0 7.87759e-06
0.00166661 0 0 0 7.98183e-06
0.00167393 0 0 0 8.08745e-06
0.00168128 0 0 0 8.19447e-06
0.00168866 0 0 0 8.30291e-06
0.00169608 0 0 0 8.41278e-06
0.00170353 0 0 0 8.5241e-06
0.00171101 0 0 0 8.6369e-06
0.00171852 0 0 0 8.75119e-06
0.00172607 0 0 0 8.867e-06
0.00173365 0 0 0 8.98433e-06
0.00174126 0 0 0 9.10322e-06
0.00174891 0 0 0 9.22368e-06
0.00175659 0 0 0 9.34574e-06
0.0017643 0 0 0 9.46941e-06
0.00177205 0 0 0 9.59472e-06
0.00177983 0 0 0 9.72168e-06
0.00178765 0 0 0 9.85033e-06
0.0017955 0 0 0 9.98068e-06
0.00180339 0 0 0 1.01127e-05
0.00181131 0 0 0 1.02466e-05
0.00181926 0 0 0 1.03822e-05
0.00182725 0 0 0 1.05195e-05
0.00183527 0 0 0 1.06588e-05
0.00184333 0 0 0 1.07998e-05
0.00185143 0 0 0 1.09427e-05
0.00185956 0 0 0 1.10875e-05
0.00186773 0 0 0 1.12342e-05
0.00187593 0 0 0 1.13829e-05
0.00188417 0 0 0 1.15335e-05
0.00189244 0 0 0 1.16861e-05
0.00190075 0 0 0 1.18408e-05
0.0019091 0 0 0 1.19975e-05
0.00191748 0 0 0 1.21562e-05
0.00192591 0 0 0 1.23171e-05
0.00193436 0 0 0 1.24801e-05
0.00194286 0 0 0 1.26452e-05
0.00195139 0 0 0 1.28126e-05
0.00195996 0 0 0 1.29821e-05
0.00196857 0 0 0 1.31539e-05
0.00197721 0 0 0 1.3328e-05
0.0019859 0 0 0 1.35043e-05
0.00199462 0 0 0 1.3683e-05
0.00200338 0 0 0 1.38641e-05
0.00201218 0 0 0 1.40476e-05
0.00202101 0 0 0 1.42335e-05
0.00202989 0 0 0 1.44218e-05
0.0020388 0 0 0 1.46126e-05
0.00204776 0 0 0 1.4806e-05
0.00205675 0 0 0 1.50019e-05
0.00206578 0 0 0 1.52005e-05
0.00207485 0 0 0 1.54016e-05
0.00208397 0 0 0 1.56054e-05
0.00209312 0 0 0 1.58119e-05
0.00210231 0 0 0 1.60211e-05
0.00211154 0 0 0 1.62332e-05
0.00212082 0 0 0 1.6448e-05
0.00213013 0 0 0 1.66656e-05
0.00213948 0 0 0 1.68862e-05
0.00214888 0 0 0 1.71096e-05
0.00215832 0 0 0 1.7336e-05
0.0021678 0 0 0 1.75654e-05
0.00217732 0 0 0 1.77979e-05
0.00218688 0 0 0 1.80334e-05
0.00219648 0 0 0 1.8272e-05
0.00220613 0 0 0 1.85138e-05
0.00221582 0 0 0 1.87588e-05
0.00222555 0 0 0 1.9007e-05
0.00223532 0 0 0 1.92585e-05
0.00224514 0 0 0 1.95134e-05
0.002255 0 0 0 1.97716e-05
0.0022649 0 0 0 2.00332e-05
0.00227485 0 0 0 2.02983e-05
0.00228484 0 0 0 2.05669e-05
0.00229487 0 0 0 2.08391e-05
0.00230495 0 0 0 2.11149e-05
0.00231507 0 0 0 2.13943e-05
0.00232524 0 0 0 2.16774e-05
0.00233545 0 0 0 2.19642e-05
0.00234571 0 0 0 2.22549e-05
0.00235601 0 0 0 2.25494e-05
0.00236636 0 0 0 2.28478e-05
0.00237675 0 0 0 2.31501e-05
0.00238719 0 0 0 2.34565e-05
0.00239767 0 0 0 2.37669e-05
0.0024082 0 0 0 2.40814e-05
0.00241878 0 0 0 2.44e-05
0.0024294 0 0 0 2.47229e-05
0.00244007 0 0 0 2.50501e-05
0.00245078 0 0 0 2.53815e-05
0.00246155 0 0 0 2.57174e-05
0.00247236 0 0 0 2.60577e-05
0.00248321 0 0 0 2.64026e-05
0.00249412 0 0 0 2.67519e-05
0.00250507 0 0 0 2.71059e-05
0.00251607 0 0 0 2.74646e-05
0.00252712 0 0 0 2.78281e-05
0.00253822 0 0 0 2.81963e-05
0.00254937 0 0 0 2.85694e-05
0.00256057 0 0 0 2.89475e-05
0.00257181 0 0 0 2.93305e-05
0.00258311 0 0 0 2.97187e-05
0.00259445 0 0 0 3.01119e-05
0.00260584 0 0 0 3.05104e-05
0.00261729 0 0 0 3.09141e-05
0.00262878 0 0 0 3.13232e-05
0.00264033 0 0 0 3.17377e-05
0.00265192 0 0 0 3.21577e-05
0.00266357 0 0 0 3.25832e-05
0.00267526 0 0 0 3.30144e-05
0.00268701 0 0 0 3.34513e-05
0.00269881 0 0 0 3.38939e-05
0.00271067 0 0 0 3.43425e-05
0.00272257 0 0 0 3.47969e-05
0.00273453 0 0 0 3.52574e-05
0.00274654 0 0 0 3.57239e-05
0.0027586 0 0 0 3.61967e-05
0.00277071 0 0 0 3.66756e-05
0.00278288 0 0 0 3.7161e-05
0.0027951 0 0 0 3.76527e-05
0.00280738 0 0 0 3.8151e-05
0.00281971 0 0 0 3.86558e-05
0.00283209 0 0 0 3.91673e-05
0.00284453 0 0 0 3.96856e-05
0.00285702 0 0 0 4.02108e-05
0.00286957 0 0 0 4.07429e-05
0.00288217 0 0 0 4.1282e-05
0.00289483 0 0 0 4.18283e-05
0.00290754 0 0 0 4.23818e-05
0.00292031 0 0 0 4.29427e-05
0.00293313 0 0 0 4.35109e-05
0.00294601 0 0 0 4.40867e-05
0.00295895 0 0 0 4.46701e-05
0.00297195 0 0 0 4.52612e-05
0.002985 0 0 0 4.58601e-05
0.00299811 0 0 0 4.6467e-05
0.00301127 0 0 0 4.70819e-05
0.0030245 0 0 0 4.77049e-05
0.00303778 0 0 0 4.83362e-05
0.00305112 0 0 0 4.89758e-05
0.00306452 0 0 0 4.96239e-05
0.00307798 0 0 0 5.02806e-05
0.0030915 0 0 0 5.09459e-05
0.00310507 0 0 0 5.16201e-05
0.00311871 0 0 0 5.23032e-05
0.00313241 0 0 0 5.29953e-05
0.00314616 0 0 0 5.36966e-05
0.00315998 0 0 0 5.44071e-05
0.00317386 0 0 0 5.51271e-05
0.0031878 0 0 0 5.58566e-05
0.00320179 0 0 0 5.65957e-05
0.00321586 0 0 0 5.73446e-05
0.00322998 0 0 0 5.81035e-05
0.00324416 0 0 0 5.88724e-05
0.00325841 0 0 0 5.96514e-05
0.00327272 0 0 0 6.04408e-05
0.00328709 0 0 0 6.12406e-05
0.00330153 0 0 0 6.2051e-05
0.00331603 0 0 0 6.28721e-05
0.00333059 0 0 0 6.3704e-05
0.00334522 0 0 0 6.4547e-05
0.00335991 0 0 0 6.54012e-05
0.00337466 0 0 0 6.62666e-05
0.00338948 0 0 0 6.71435e-05
0.00340437 0 0 0 6.8032e-05
0.00341932 0 0 0 6.89323e-05
0.00343434 0 0 0 6.98445e-05
0.00344942 0 0 0 7.07687e-05
0.00346457 0 0 0 7.17052e-05
0.00347978 0 0 0 7.2654e-05
0.00349507 0 0 0 7.36155e-05
0.00351041 0 0 0 7.45896e-05
0.00352583 0 0 0 7.55766e-05
0.00354132 0 0 0 7.65767e-05
0.00355687 0 0 0 7.75901e-05
0.00357249 0 0 0 7.86168e-05
0.00358818 0 0 0 7.96571e-05
0.00360393 0 0 0 8.07112e-05
0.00361976 0 0 0 8.17793e-05
0.00363566 0 0 0 8.28614e-05
0.00365163 0 0 0 8.39579e-05
0.00366766 0 0 0 8.50689e-05
0.00368377 0 0 0 8.61946e-05
0.00369995 0 0 0 8.73352e-05
0.0037162 0 0 0 8.84909e-05
0.00373252 0 0 0 8.96619e-05
0.00374891 0 0 0 9.08484e-05
0.00376537 0 0 0 9.20506e-05
0.00378191 0 0 0 9.32687e-05
0.00379852 0 0 0 9.45029e-05
0.0038152 0 0 0 9.57534e-05
0.00383195 0 0 0 9.70205e-05
0.00384878 0 0 0 9.83044e-05
0.00386568 0 0 0 9.96052e-05
0.00388266 0 0 0 0.000100923
0.00389971 0 0 0 0.000102259
0.00391684 0 0 0 0.000103612
0.00393404 0 0 0 0.000104983
0.00395132 0 0 0 0.000106372
0.00396867 0 0 0 0.00010778
0.0039861 0 0 0 0.000109206
0.0040036 0 0 0 0.000110651
0.00402119 0 0 0 0.000112115
0.00403885 0 0 0 0.000113599
0.00405658 0 0 0 0.000115102
0.0040744 0 0 0 0.000116625
0.00409229 0 0 0 0.000118169
0.00411026 0 0 0 0.000119732
0.00412831 0 0 0 0.000121317
0.00414644 0 0 0 0.000122922
0.00416465 0 0 0 0.000124549
0.00418294 0 0 0 0.000126197
0.00420131 0 0 0 0.000127867
0.00421976 0 0 0 0.000129559
0.0042383 0 0 0 0.000131273
0.00425691 0 0 0 0.000133011
0.0042756 0 0 0 0.000134771
0.00429438 0 0 0 0.000136554
0.00431324 0 0 0 0.000138361
0.00433218 0 0 0 0.000140192
0.00435121 0 0 0 0.000142047
0.00437032 0 0 0 0.000143927
0.00438951 0 0 0 0.000145831
0.00440879 0 0 0 0.000147761
0.00442815 0 0 0 0.000149716
0.0044476 0 0 0 0.000151698
0.00446713 0 0 0 0.000153705
0.00448675 0 0 0 0.000155739
0.00450645 0 0 0 0.0001578
0.00452624 0 0 0 0.000159888
0.00454612 0 0 0 0.000162004
0.00456608 0 0 0 0.000164148
0.00458614 0 0 0 0.00016632
0.00460628 0 0 0 0.000168521
0.00462651 0 0 0 0.000170751
0.00464682 0 0 0 0.00017301
0.00466723 0 0 0 0.0001753
0.00468773 0 0 0 0.000177619
0.00470831 0 0 0 0.00017997
0.00472899 0 0 0 0.000182351
0.00474976 0 0 0 0.000184764
0.00477062 0 0 0 0.000187209
0.00479157 0 0 0 0.000189687
0.00481261 0 0 0 0.000192197
0.00483375 0 0 0 0.00019474
0.00485498 0 0 0 0.000197317
0.0048763 0 0 0 0.000199928
0.00489771 0 0 0 0.000202574
0.00491922 0 0 0 0.000205254
0.00494082 0 0 0 0.00020797
0.00496252 0 0 0 0.000210722
0.00498432 0 0 0 0.000213511
0.00500621 0 0 0 0.000216336
0.00502819 0 0 0 0.000219199
0.00505027 0 0 0 0.0002221
0.00507245 0 0 0 0.000225039
0.00509473 0 0 0 0.000228016
0.0051171 0 0 0 0.000231034
0.00513958 0 0 0 0.000234091
0.00516215 0 0 0 0.000237189
0.00518482 0 0 0 0.000240327
0.00520759 0 0 0 0.000243508
0.00523046 0 0 0 0.00024673
0.00525343 0 0 0 0.000249995
0.0052765 0 0 0 0.000253303
0.00529967 0 0 0 0.000256655
0.00532294 0 0 0 0.000260051
0.00534632 0 0 0 0.000263492
0.0053698 0 0 0 0.000266979
0.00539338 0 0 0 0.000270512
0.00541707 0 0 0 0.000274092
0.00544086 0 0 0 0.000277719
0.00546475 0 0 0 0.000281394
0.00548875 0 0 0 0.000285117
0.00551286 0 0 0 0.00028889
0.00553707 0 0 0 0.000292713
0.00556138 0 0 0 0.000296587
0.00558581 0 0 0 0.000300511
0.00561034 0 0 0 0.000304488
0.00563498 0 0 0 0.000308517
0.00565972 0 0 0 0.0003126
0.00568458 0 0 0 0.000316736
0.00570954 0 0 0 0.000320928
0.00573462 0 0 0 0.000325175
0.0057598 0 0 0 0.000329478
0.0057851 0 0 0 0.000333837
0.0058105 0 0 0 0.000338255
0.00583602 0 0 0 0.000342731
0.00586165 0 0 0 0.000347266
0.00588739 0 0 0 0.000351862
0.00591325 0 0 0 0.000356518
0.00593922 0 0 0 0.000361236
0.0059653 0 0 0 0.000366016
0.0059915 0 0 0 0.000370859
0.00601781 0 0 0 0.000375767
0.00604424 0 0 0 0.000380739
0.00607078 0 0 0 0.000385778
0.00609744 0 0 0 0.000390883
0.00612422 0 0 0 0.000396055
0.00615112 0 0 0 0.000401296
0.00617813 0 0 0 0.000406606
0.00620526 0 0 0 0.000411987
0.00623251 0 0 0 0.000417439
0.00625988 0 0 0 0.000422963
0.00628737 0 0 0 0.00042856
0.00631499 0 0 0 0.000434231
0.00634272 0 0 0 0.000439977
0.00637057 0 0 0 0.000445799
0.00639855 0 0 0 0.000451698
0.00642665 0 0 0 0.000457675
0.00645488 0 0 0 0.000463732
0.00648322 0 0 0 0.000469868
0.0065117 0 0 0 0.000476086
0.00654029 0 0 0 0.000482386
0.00656901 0 0 0 0.000488769
0.00659786 0 0 0 0.000495237
0.00662684 0 0 0 0.00050179
0.00665594 0 0 0 0.000508431
0.00668517 0 0 0 0.000515159
0.00671453 0 0 0 0.000521976
0.00674402 0 0 0 0.000528883
0.00677364 0 0 0 0.000535881
0.00680338 0 0 0 0.000542973
0.00683326 0 0 0 0.000550158
0.00686327 0 0 0 0.000557438
0.00689341 0 0 0 0.000564815
0.00692369 0 0 0 0.000572289
0.00695409 0 0 0 0.000579862
0.00698463 0 0 0 0.000587535
0.00701531 0 0 0 0.00059531
0.00704611 0 0 0 0.000603187
0.00707706 0 0 0 0.000611169
0.00710814 0 0 0 0.000619257
0.00713935 0 0 0 0.000627451
0.00717071 0 0 0 0.000635754
0.0072022 0 0 0 0.000644167
0.00723383 0 0 0 0.000652691
0.0072656 0 0 0 0.000661328
0.00729751 0 0 0 0.00067008
0.00732955 0 0 0 0.000678947
0.00736174 0 0 0 0.000687931
0.00739407 0 0 0 0.000697034
0.00742654 0 0 0 0.000706258
0.00745916 0 0 0 0.000715604
0.00749192 0 0 0 0.000725073
0.00752482 0 0 0 0.000734668
0.00755786 0 0 0 0.00074439
0.00759106 0 0 0 0.00075424
0.00762439 0 0 0 0.000764221
0.00765788 0 0 0 0.000774334
0.00769151 0 0 0 0.000784581
0.00772529 0 0 0 0.000794963
0.00775921 0 0 0 0.000805483
0.00779329 0 0 0 0.000816141
0.00782751 0 0 0 0.000826941
0.00786189 0 0 0 0.000837884
0.00789642 0 0 0 0.000848972
0.00793109 0 0 0 0.000860206
0.00796592 0 0 0 0.000871589
0.00800091 0 0 0 0.000883123
0.00803605 0 0 0 0.000894809
0.00807134 0 0 0 0.00090665
0.00810678 0 0 0 0.000918647
0.00814239 0 0 0 0.000930804
0.00817814 0 0 0 0.000943121
0.00821406 0 0 0 0.000955601
0.00825013 0 0 0 0.000968246
0.00828636 0 0 0 0.000981059
0.00832275 0 0 0 0.000994041
0.00835931 0 0 0 0.0010072
0.00839602 0 0 0 0.00102052
0.00843289 0 0 0 0.00103403
0.00846992 0 0 0 0.00104771
0.00850712 0 0 0 0.00106158
0.00854448 0 0 0 0.00107562
0.008582 0 0 0 0.00108986
0.00861969 0 0 0 0.00110428
0.00865755 0 0 0 0.00111889
0.00869557 0 0 0 0.0011337
0.00873376 0 0 0 0.0011487
0.00877211 0 0 0 0.0011639
0.00881064 0 0 0 0.0011793
0.00884933 0 0 0 0.00119491
0.00888819 0 0 0 0.00121072
0.00892723 0 0 0 0.00122674
0.00896643 0 0 0 0.00124297
0.00900581 0 0 0 0.00125942
0.00904536 0 0 0 0.00127609
0.00908508 0 0 0 0.00129297
0.00912498 0 0 0 0.00131008
0.00916506 0 0 0 0.00132742
0.0092053 0 0 0 0.00134499
0.00924573 0 0 0 0.00136278
0.00928634 0 0 0 0.00138082
0.00932712 0 0 0 0.00139909
0.00936808 0 0 0 0.0014176
0.00940922 0 0 0 0.00143636
0.00945054 0 0 0 0.00145537
0.00949205 0 0 0 0.00147463
0.00953373 0 0 0 0.00149414
0.0095756 0 0 0 0.00151391
0.00961765 0 0 0 0.00153395
0.00965989 0 0 0 0.00155425
0.00970231 0 0 0 0.00157481
0.00974492 0 0 0 0.00159565
0.00978772 0 0 0 0.00161677
0.0098307 0 0 0 0.00163816
0.00987387 0 0 0 0.00165984
0.00991724 0 0 0 0.0016818
0.00996079 0 0 0 0.00170406
0.0100045 0 0 0 0.00172661
0.0100485 0 0 0 0.00174946
0.0100926 0 0 0 0.00177261
0.0101369 0 0 0 0.00179606
0.0101814 0 0 0 0.00181983
0.0102262 0 0 0 0.00184391
0.0102711 0 0 0 0.00186831
0.0103162 0 0 0 0.00189304
0.0103615 0 0 0 0.00191809
0.010407 0 0 0 0.00194347
0.0104527 0 0 0 0.00196918
0.0104986 0 0 0 0.00199524
0.0105447 0 0 0 0.00202165
0.010591 0 0 0 0.0020484
0.0106375 0 0 0 0.0020755
0.0106842 0 0 0 0.00210297
0.0107312 0 0 0 0.0021308
0.0107783 0 0 0 0.00215899
0.0108256 0 0 0 0.00218756
0.0108732 0 0 0 0.00221651
0.0109209 0 0 0 0.00224584
0.0109689 0 0 0 0.00227556
0.011017 0 0 0 0.00230567
0.0110654 0 0 0 0.00233618
0.011114 0 0 0 0.0023671
0.0111628 0 0 0 0.00239842
0.0112118 0 0 0 0.00243016
0.0112611 0 0 0 0.00246232
0.0113105 0 0 0 0.0024949
0.0113602 0 0 0 0.00252792
0.0114101 0 0 0 0.00256137
0.0114602 0 0 0 0.00259526
0.0115105 0 0 0 0.0026296
0.0115611 0 0 0 0.0026644
0.0116119 0 0 0 0.00269966
0.0116629 0 0 0 0.00273538
0.0117141 0 0 0 0.00277158
0.0117655 0 0 0 0.00280826
0.0118172 0 0 0 0.00284542
0.0118691 0 0 0 0.00288307
0.0119212 0 0 0 0.00292122
0.0119736 0 0 0 0.00295988
0.0120262 0 0 0 0.00299905
0.012079 0 0 0 0.00303873
0.012132 0 0 0 0.00307894
0.0121853 0 0 0 0.00311969
0.0122388 0 0 0 0.00316097
0.0122926 0 0 0 0.0032028
0.0123465 0 0 0 0.00324518
0.0124008 0 0 0 0.00328812
0.0124552 0 0 0 0.00333163
0.0125099 0 0 0 0.00337572
0.0125649 0 0 0 0.00342039
0.01262 0 0 0 0.00346565
0.0126755 0 0 0 0.00351151
0.0127311 0 0 0 0.00355798
0.012787 0 0 0 0.00360506
0.0128432 0 0 0 0.00365277
0.0128996 0 0 0 0.00370111
0.0129562 0 0 0 0.00375008
0.0130131 0 0 0 0.00379971
0.0130703 0 0 0 0.00384999
0.0131277 0 0 0 0.00390093
0.0131853 0 0 0 0.00395255
0.0132433 0 0 0 0.00400486
0.0133014 0 0 0 0.00405785
0.0133598 0 0 0 0.00411155
0.0134185 0 0 0 0.00416596
0.0134774 0 0 0 0.00422109
0.0135366 0 0 0 0.00427694
0.0135961 0 0 0 0.00433354
0.0136558 0 0 0 0.00439088
0.0137157 0 0 0 0.00444899
0.013776 0 0 0 0.00450786
0.0138365 0 0 0 0.00456751
0.0138972 0 0 0 0.00462795
0.0139583 0 0 0 0.0046892
0.0140196 0 0 0 0.00475125
0.0140811 0 0 0 0.00481412
0.014143 0 0 0 0.00487782
0.0142051 0 0 0 0.00494237
0.0142675 0 0 0 0.00500777
0.0143301 0 0 0 0.00507404
0.0143931 0 0 0 0.00514118
0.0144563 0 0 0 0.00520922
0.0145198 0 0 0 0.00527815
0.0145835 0 0 0 0.005348
0.0146476 0 0 0 0.00541876
0.0147119 0 0 0 0.00549047
0.0147765 0 0 0 0.00556312
0.0148414 0 0 0 0.00563674
0.0149066 0 0 0 0.00571133
0.014972 0 0 0 0.00578691
0.0150378 0 0 0 0.00586349
0.0151038 0 0 0 0.00594108
0.0151702 0 0 0 0.00601969
0.0152368 0 0 0 0.00609935
0.0153037 0 0 0 0.00618006
0.0153709 0 0 0 0.00626184
0.0154384 0 0 0 0.00634471
0.0155062 0 0 0 0.00642866
0.0155743 0 0 0 0.00651373
0.0156427 0 0 0 0.00659993
0.0157114 0 0 0 0.00668727
0.0157804 0 0 0 0.00677576
0.0158497 0 0 0 0.00686542
0.0159193 0 0 0 0.00695627
0.0159892 0 0 0 0.00704832
0.0160594 0 0 0 0.00714159
0.01613 0 0 0 0.00723609
0.0162008 0 0 0 0.00733185
0.016272 0 0 0 0.00742887
0.0163434 0 0 0 0.00752718
0.0164152 0 0 0 0.00762678
0.0164873 0 0 0 0.00772771
0.0165597 0 0 0 0.00782997
0.0166324 0 0 0 0.00793358
0.0167055 0 0 0 0.00803856
0.0167788 0 0 0 0.00814494
0.0168525 0 0 0 0.00825272
0.0169265 0 0 0 0.00836192
0.0170009 0 0 0 0.00847258
0.0170755 0 0 0 0.00858469
0.0171505 0 0 0 0.00869829
0.0172258 0 0 0 0.0088134
0.0173015 0 0 0 0.00893002
0.0173775 0 0 0 0.00904819
0.0174538 0 0 0 0.00916793
0.0175304 0 0 0 0.00928924
0.0176074 0 0 0 0.00941217
0.0176847 0 0 0 0.00953672
0.0177624 0 0 0 0.00966291
0.0178404 0 0 0 0.00979078
0.0179188 0 0 0 0.00992034
0.0179974 0 0 0 0.0100516
0.0180765 0 0 0 0.0101846
0.0181559 0 0 0 0.0103194
0.0182356 0 0 0 0.010456
0.0183157 0 0 0 0.0105943
0.0183961 0 0 0 0.0107345
0.0184769 0 0 0 0.0108766
0.0185581 0 0 0 0.0110205
0.0186396 0 0 0 0.0111663
0.0187214 0 0 0 0.0113141
0.0188036 0 0 0 0.0114638
0.0188862 0 0 0 0.0116155
0.0189692 0 0 0 0.0117692
0.0190525 0 0 0 0.0119249
0.0191361 0 0 0 0.0120827
0.0192202 0 0 0 0.0122426
0.0193046 0 0 0 0.0124046
0.0193894 0 0 0 0.0125688
0.0194745 0 0 0 0.0127351
0.01956 0 0 0 0.0129036
0.0196459 0 0 0 0.0130744
0.0197322 0 0 0 0.0132474
0.0198189 0 0 0 0.0134227
0.0199059 0 0 0 0.0136003
0.0199933 0 0 0 0.0137803
0.0200811 0 0 0 0.0139626
0.0201693 0 0 0 0.0141474
0.0202579 0 0 0 0.0143346
0.0203469 0 0 0 0.0145243
0.0204362 0 0 0 0.0147165
0.020526 0 0 0 0.0149113
0.0206161 0 0 0 0.0151086
0.0207066 0 0 0 0.0153085
0.0207976 0 0 0 0.0155111
0.0208889 0 0 0 0.0157163
0.0209807 0 0 0 0.0159243
0.0210728 0 0 0 0.016135
0.0211653 0 0 0 0.0163485
0.0212583 0 0 0 0.0165649
0.0213517 0 0 0 0.0167841
0.0214454 0 0 0 0.0170062
0.0215396 0 0 0 0.0172312
0.0216342 0 0 0 0.0174592
0.0217292 0 0 0 0.0176903
0.0218246 0 0 0 0.0179244
0.0219205 0 0 0 0.0181616
0.0220167 0 0 0 0.0184019
0.0221134 0 0 0 0.0186454
0.0222105 0 0 0 0.0188921
0.0223081 0 0 0 0.0191421
0.0224061 0 0 0 0.0193954
0.0225045 0 0 0 0.0196521
0.0226033 0 0 0 0.0199121
0.0227026 0 0 0 0.0201756
0.0228023 0 0 0 0.0204426
0.0229024 0 0 0 0.0207131
0.023003 0 0 0 0.0209872
0.023104 0 0 0 0.0212649
0.0232055 0 0 0 0.0215463
0.0233074 0 0 0 0.0218315
0.0234097 0 0 0 0.0221204
0.0235125 0 0 0 0.0224131
0.0236158 0 0 0 0.0227097
0.0237195 0 0 0 0.0230102
0.0238237 0 0 0 0.0233147
0.0239283 0 0 0 0.0236232
0.0240334 0 0 0 0.0239358
0.0241389 0 0 0 0.0242525
0.0242449 0 0 0 0.0245735
0.0243514 0 0 0 0.0248986
0.0244584 0 0 0 0.0252281
0.0245658 0 0 0 0.025562
0.0246737 0 0 0 0.0259002
0.024782 0 0 0 0.026243
0.0248908 0 0 0 0.0265902
0.0250002 0 0 0 0.0269421
0.0251099 0 0 0 0.0272986
0.0252202 0 0 0 0.0276598
0.025331 0 0 0 0.0280259
0.0254422 0 0 0 0.0283967
0.025554 0 0 0 0.0287725
0.0256662 0 0 0 0.0291532
0.0257789 0 0 0 0.029539
0.0258921 0 0 0 0.0299299
0.0260058 0 0 0 0.030326
0.02612 0 0 0 0.0307273
0.0262347 0 0 0 0.0311339
0.0263499 0 0 0 0.0315459
0.0264657 0 0 0 0.0319633
0.0265819 0 0 0 0.0323863
0.0266986 0 0 0 0.0328148
0.0268159 0 0 0 0.0332491
0.0269337 0 0 0 0.0336891
0.0270519 0 0 0 0.0341349
0.0271707 0 0 0 0.0345866
0.0272901 0 0 0 0.0350442
0.0274099 0 0 0 0.035508
0.0275303 0 0 0 0.0359778
0.0276512 0 0 0 0.0364539
0.0277726 0 0 0 0.0369363
0.0278946 0 0 0 0.0374251
0.0280171 0 0 0 0.0379203
0.0281401 0 0 0 0.0384221
0.0282637 0 0 0 0.0389306
0.0283878 0 0 0 0.0394457
0.0285125 0 0 0 0.0399677
0.0286377 0 0 0 0.0404966
0.0287635 0 0 0 0.0410325
0.0288898 0 0 0 0.0415755
0.0290167 0 0 0 0.0421256
0.0291441 0 0 0 0.0426831
0.0292721 0 0 0 0.0432479
0.0294007 0 0 0 0.0438202
0.0295298 0 0 0 0.0444001
0.0296595 0 0 0 0.0449876
0.0297897 0 0 0 0.0455829
0.0299205 0 0 0 0.0461861
0.0300519 0 0 0 0.0467973
0.0301839 0 0 0 0.0474165
0.0303165 0 0 0 0.048044
0.0304496 0 0 0 0.0486798
0.0305833 0 0 0 0.0493239
0.0307176 0 0 0 0.0499766
0.0308525 0 0 0 0.050638
0.030988 0 0 0 0.051308
0.0311241 0 0 0 0.051987
0.0312608 0 0 0 0.0526749
0.0313981 0 0 0 0.053372
0.031536 0 0 0 0.0540782
0.0316745 0 0 0 0.0547938
0.0318136 0 0 0 0.0555189
0.0319533 0 0 0 0.0562536
0.0320936 0 0 0 0.056998
0.0322346 0 0 0 0.0577522
0.0323761 0 0 0 0.0585165
0.0325183 0 0 0 0.0592908
0.0326611 0 0 0 0.0600754
0.0328046 0 0 0 0.0608704
0.0329486 0 0 0 0.0616759
0.0330933 0 0 0 0.062492
0.0332387 0 0 0 0.063319
0.0333846 0 0 0 0.0641568
0.0335312 0 0 0 0.0650058
0.0336785 0 0 0 0.065866
0.0338264 0 0 0 0.0667376
0.033975 0 0 0 0.0676208
0.0341242 0 0 0 0.0685156
0.034274 0 0 0 0.0694222
0.0344245 0 0 0 0.0703409
0.0345757 0 0 0 0.0712717
0.0347276 0 0 0 0.0722148
0.0348801 0 0 0 0.0731704
0.0350333 0 0 0 0.0741387
0.0351871 0 0 0 0.0751198
0.0353416 0 0 0 0.0761138
0.0354969 0 0 0 0.077121
0.0356527 0 0 0 0.0781416
0.0358093 0 0 0 0.0791756
0.0359666 0 0 0 0.0802233
0.0361245 0 0 0 0.0812849
0.0362832 0 0 0 0.0823605
0.0364425 0 0 0 0.0834504
0.0366026 0 0 0 0.0845547
0.0367633 0 0 0 0.0856736
0.0369248 0 0 0 0.0868073
0.0370869 0 0 0 0.087956
0.0372498 0 0 0 0.0891199
0.0374134 0 0 0 0.0902992
0.0375777 0 0 0 0.0914941
0.0377427 0 0 0 0.0927049
0.0379085 0 0 0 0.0939316
0.0380749 0 0 0 0.0951746
0.0382422 0 0 0 0.096434
0.0384101 0 0 0 0.0977101
0.0385788 0 0 0 0.0990031
0.0387482 0 0 0 0.100313
0.0389184 0 0 0 0.101641
0.0390893 0 0 0 0.102986
0.039261 0 0 0 0.104348
0.0394334 0 0 0 0.105729
0.0396066 0 0 0 0.107128
0.0397805 0 0 0 0.108546
0.0399552 0 0 0 0.109982
0.0401307 0 0 0 0.111438
0.0403069 0 0 0 0.112912
0.0404839 0 0 0 0.114407
0.0406617 0 0 0 0.11592
0.0408403 0 0 0 0.117454
0.0410196 0 0 0 0.119009
0.0411998 0 0 0 0.120584
0.0413807 0 0 0 0.122179
0.0415624 0 0 0 0.123796
0.041745 0 0 0 0.125434
0.0419283 0 0 0 0.127094
0.0421124 0 0 0 0.128776
0.0422974 0 0 0 0.13048
0.0424831 0 0 0 0.132207
0.0426697 0 0 0 0.133956
0.0428571 0 0 0 0.135729
0.0430453 0 0 0 0.137525
0.0432344 0 0 0 0.139345
0.0434242 0 0 0 0.141188
0.0436149 0 0 0 0.143057
0.0438065 0 0 0 0.14495
0.0439988 0 0 0 0.146868
0.0441921 0 0 0 0.148811
0.0443862 0 0 0 0.150781
0.0445811 0 0 0 0.152776
0.0447769 0 0 0 0.154798
0.0449735 0 0 0 0.156846
0.045171 0 0 0 0.158921
0.0453694 0 0 0 0.161024
0.0455686 0 0 0 0.163155
0.0457688 0 0 0 0.165314
0.0459698 536.302 2.54167e-06 6 0.167502
0.0461716 0 0 0 0.169718
0.0463744 0 0 0 0.171964
0.0465781 0 0 0 0.17424
0.0467826 0 0 0 0.176546
0.0469881 0 0 0 0.178882
0.0471944 0 0 0 0.181249
0.0474017 0 0 0 0.183647
0.0476099 0 0 0 0.186078
0.0478189 0 0 0 0.18854
0.048029 0 0 0 0.191035
0.0482399 0 0 0 0.193563
0.0484517 0 0 0 0.196124
0.0486645 0 0 0 0.198719
0.0488782 0 0 0 0.201349
0.0490929 0 0 0 0.204013
0.0493085 0 0 0 0.206713
0.049525 0 0 0 0.209449
0.0497425 0 0 0 0.21222
0.049961 0 0 0 0.215028
0.0501804 0 0 0 0.217874
0.0504008 0 0 0 0.220757
0.0506221 0 0 0 0.223678
0.0508444 0 0 0 0.226638
0.0510677 0 0 0 0.229637
0.051292 0 0 0 0.232676
0.0515172 0 0 0 0.235755
0.0517435 0 0 0 0.238875
0.0519707 0 0 0 0.242036
0.052199 0 0 0 0.245238
0.0524282 0 0 0 0.248484
0.0526584 0 0 0 0.251772
0.0528897 0 0 0 0.255103
0.053122 0 0 0 0.258479
0.0533553 0 0 0 0.2619
0.0535896 0 0 0 0.265365
0.0538249 0 0 0 0.268877
0.0540613 0 0 0 0.272435
0.0542987 0 0 0 0.27604
0.0545372 0 0 0 0.279693
0.0547767 0 0 0 0.283394
0.0550173 0 0 0 0.287144
0.0552589 0 0 0 0.290944
0.0555015 0 0 0 0.294794
0.0557453 0 0 0 0.298695
0.0559901 0 0 0 0.302647
0.056236 0 0 0 0.306652
0.056483 0 0 0 0.31071
0.056731 0 0 0 0.314822
0.0569802 0 0 0 0.318988
0.0572304 0 0 0 0.323209
0.0574817 0 0 0 0.327486
0.0577342 0 0 0 0.331819
0.0579877 0 0 0 0.33621
0.0582424 0 0 0 0.340659
0.0584982 0 0 0 0.345167
0.0587551 0 0 0 0.349735
0.0590131 0 0 0 0.354363
0.0592723 0 0 0 0.359052
0.0595326 0 0 0 0.363803
0.059794 0 0 0 0.368617
0.0600566 0 0 0 0.373495
0.0603203 0 0 0 0.378438
0.0605852 0 0 0 0.383446
0.0608513 0 0 0 0.38852
0.0611186 0 0 0 0.393661
0.061387 0 0 0 0.39887
0.0616566 0 0 0 0.404148
0.0619273 0 0 0 0.409496
0.0621993 0 0 0 0.414915
0.0624724 0 0 0 0.420406
0.0627468 0 0 0 0.425969
0.0630224 0 0 0 0.431606
0.0632991 0 0 0 0.437317
0.0635771 0 0 0 0.443104
0.0638563 0 0 0 0.448968
0.0641368 0 0 0 0.454909
0.0644184 0 0 0 0.460928
0.0647013 0 0 0 0.467028
0.0649855 2226.67 3.73537e-06 12 0.473208
0.0652709 0 0 0 0.47947
0.0655575 0 0 0 0.485815
0.0658454 0 0 0 0.492243
0.0661346 0 0 0 0.498757
0.066425 0 0 0 0.505357
0.0667167 0 0 0 0.512044
0.0670097 0 0 0 0.51882
0.067304 0 0 0 0.525686
0.0675996 0 0 0 0.532642
0.0678965 0 0 0 0.53969
0.0681946 0 0 0 0.546832
0.0684941 0 0 0 0.554068
0.0687949 0 0 0 0.5614
0.0690971 0 0 0 0.568829
0.0694005 0 0 0 0.576356
0.0697053 0 0 0 0.583983
0.0700114 0 0 0 0.591711
0.0703189 0 0 0 0.599541
0.0706277 0 0 0 0.607475
0.0709379 0 0 0 0.615513
0.0712494 0 0 0 0.623658
0.0715623 0 0 0 0.631911
0.0718766 0 0 0 0.640273
0.0721922 0 0 0 0.648746
0.0725093 0 0 0 0.657331
0.0728277 0 0 0 0.666029
0.0731475 0 0 0 0.674842
0.0734688 0 0 0 0.683772
0.0737914 0 0 0 0.692821
0.0741155 0 0 0 0.701989
0.074441 0 0 0 0.711278
0.0747679 0 0 0 0.72069
0.0750963 0 0 0 0.730227
0.0754261 0 0 0 0.73989
0.0757573 0 0 0 0.749681
0.07609 0 0 0 0.759601
0.0764242 0 0 0 0.769653
0.0767598 0 0 0 0.779838
0.0770969 0 0 0 0.790157
0.0774355 0 0 0 0.800613
0.0777755 0 0 0 0.811208
0.0781171 0 0 0 0.821942
0.0784602 0 0 0 0.832819
0.0788047 0 0 0 0.84384
0.0791508 0 0 0 0.855006
0.0794984 3696.58 3.38727e-06 8 0.86632
0.0798475 0 0 0 0.877784
0.0801982 0 0 0 0.8894
0.0805504 0 0 0 0.901169
0.0809042 0 0 0 0.913094
0.0812595 0 0 0 0.925177
0.0816163 0 0 0 0.93742
0.0819747 0 0 0 0.949825
0.0823347 0 0 0 0.962393
0.0826963 0 0 0 0.975129
0.0830595 0 0 0 0.988032
0.0834243 0 0 0 1.00111
0.0837906 0 0 0 1.01435
0.0841586 0 0 0 1.02778
0.0845282 0 0 0 1.04138
0.0848994 0 0 0 1.05516
0.0852723 0 0 0 1.06912
0.0856468 0 0 0 1.08327
0.0860229 0 0 0 1.0976
0.0864007 0 0 0 1.11213
0.0867801 0 0 0 1.12684
0.0871612 0 0 0 1.14176
0.087544 0 0 0 1.15686
0.0879285 0 0 0 1.17217
0.0883146 0 0 0 1.18768
0.0887025 0 0 0 1.2034
0.089092 0 0 0 1.21933
0.0894833 0 0 0 1.23546
0.0898763 0 0 0 1.25181
0.090271 0 0 0 1.26837
0.0906674 0 0 0 1.28516
0.0910656 0 0 0 1.30216
0.0914655 0 0 0 1.3194
0.0918672 1995.96 1.18521e-06 6 1.33686
0.0922706 0 0 0 1.35455
0.0926759 0 0 0 1.37247
0.0930829 0 0 0 1.39063
0.0934916 0 0 0 1.40903
0.0939022 0 0 0 1.42768
0.0943146 0 0 0 1.44657
0.0947288 0 0 0 1.46571
0.0951448 0 0 0 1.48511
0.0955627 0 0 0 1.50476
0.0959823 0 0 0 1.52467
0.0964039 0 0 0 1.54485
0.0968272 0 0 0 1.56529
0.0972525 0 0 0 1.58601
0.0976796 0 0 0 1.60699
0.0981085 0 0 0 1.62826
0.0985394 0 0 0 1.64981
0.0989721 0 0 0 1.67164
0.0994068 0 0 0 1.69376
0.0998433 0 0 0 1.71617
0.100282 0 0 0 1.73888
0.100722 0 0 0 1.76189
0.101165 0 0 0 1.78521
0.101609 0 0 0 1.80883
0.102055 0 0 0 1.83277
0.102503 0 0 0 1.85702
0.102953 1793.57 7.56695e-07 24 1.88159
0.103406 0 0 0 1.90649
0.10386 0 0 0 1.93172
0.104316 0 0 0 1.95728
0.104774 0 0 0 1.98318
0.105234 0 0 0 2.00942
0.105696 0 0 0 2.03602
0.10616 0 0 0 2.06296
0.106627 0 0 0 2.09026
0.107095 0 0 0 2.11792
0.107565 0 0 0 2.14594
0.108038 0 0 0 2.17434
0.108512 0 0 0 2.20311
0.108989 0 0 0 2.23227
0.109467 0 0 0 2.26181
0.109948 0 0 0 2.29174
0.110431 0 0 0 2.32206
0.110916 0 0 0 2.35279
0.111403 0 0 0 2.38392
0.111892 0 0 0 2.41547
0.112384 3459.87 1.12222e-06 24 2.44743
0.112877 0 0 0 2.47982
0.113373 0 0 0 2.51263
0.113871 0 0 0 2.54588
0.114371 0 0 0 2.57957
0.114873 0 0 0 2.61371
0.115377 0 0 0 2.6483
0.115884 0 0 0 2.68334
0.116393 0 0 0 2.71885
0.116904 0 0 0 2.75483
0.117418 0 0 0 2.79128
0.117933 0 0 0 2.82822
0.118451 0 0 0 2.86564
0.118971 0 0 0 2.90356
0.119494 0 0 0 2.94199
0.120019 0 0 0 2.98092
0.120546 0 0 0 3.02036
0.121075 0 0 0 3.06033
0.121607 0 0 0 3.10083
0.122141 0 0 0 3.14186
0.122677 0 0 0 3.18344
0.123216 0 0 0 3.22556
0.123757 0 0 0 3.26825
0.124301 0 0 0 3.31149
0.124847 0 0 0 3.35531
0.125395 0 0 0 3.39972
0.125946 0 0 0 3.4447
0.126499 0 0 0 3.49029
0.127054 0 0 0 3.53647
0.127612 0 0 0 3.58327
0.128173 0 0 0 3.63069
0.128736 0 0 0 3.67873
0.129301 0 0 0 3.72741
0.129869 3314.84 6.96746e-07 12 3.77674
0.130439 0 0 0 3.82671
0.131012 0 0 0 3.87735
0.131587 0 0 0 3.92866
0.132165 0 0 0 3.98065
0.132746 0 0 0 4.03332
0.133329 0 0 0 4.0867
0.133914 0 0 0 4.14077
0.134502 0 0 0 4.19557
0.135093 0 0 0 4.25109
0.135686 0 0 0 4.30734
0.136282 0 0 0 4.36434
0.136881 0 0 0 4.42209
0.137482 0 0 0 4.48061
0.138085 3659.31 6.39855e-07 30 4.5399
0.138692 0 0 0 4.59998
0.139301 0 0 0 4.66085
0.139913 0 0 0 4.72253
0.140527 0 0 0 4.78502
0.141144 0 0 0 4.84834
0.141764 0 0 0 4.91249
0.142387 0 0 0 4.9775
0.143012 0 0 0 5.04337
0.14364 0 0 0 5.11011
0.144271 0 0 0 5.17773
0.144904 0 0 0 5.24624
0.145541 2110.61 3.15195e-07 24 5.31567
0.14618 0 0 0 5.38601
0.146822 0 0 0 5.45728
0.147467 0 0 0 5.5295
0.148114 0 0 0 5.60267
0.148765 0 0 0 5.67681
0.149418 0 0 0 5.75193
0.150074 0 0 0 5.82804
0.150733 0 0 0 5.90516
0.151395 0 0 0 5.98331
0.15206 0 0 0 6.06248
0.152728 2632.24 3.40169e-07 24 6.14271
0.153399 0 0 0 6.22399
0.154072 0 0 0 6.30635
0.154749 0 0 0 6.3898
0.155429 0 0 0 6.47436
0.156111 0 0 0 6.56003
0.156797 0 0 0 6.64684
0.157485 0 0 0 6.7348
0.158177 0 0 0 6.82392
0.158872 2285.97 2.62455e-07 8 6.91422
0.159569 0 0 0 7.00571
0.16027 0 0 0 7.09842
0.160974 0 0 0 7.19235
0.161681 0 0 0 7.28753
0.162391 0 0 0 7.38396
0.163104 0 0 0 7.48167
0.163821 0 0 0 7.58068
0.16454 0 0 0 7.68099
0.165263 0 0 0 7.78263
0.165988 4806.01 4.83813e-07 24 7.88562
0.166717 0 0 0 7.98997
0.167449 0 0 0 8.0957
0.168185 0 0 0 8.20283
0.168923 0 0 0 8.31138
0.169665 0 0 0 8.42136
0.17041 0 0 0 8.5328
0.171159 0 0 0 8.64571
0.17191 3039.92 2.75474e-07 48 8.76012
0.172665 0 0 0 8.87604
0.173424 0 0 0 8.9935
0.174185 0 0 0 9.11251
0.17495 0 0 0 9.23309
0.175719 0 0 0 9.35527
0.17649 0 0 0 9.47907
0.177265 0 0 0 9.6045
0.178044 0 0 0 9.7316
0.178826 0 0 0 9.86037
0.179611 0 0 0 9.99086
0.1804 0 0 0 10.1231
0.181192 0 0 0 10.257
0.181988 0 0 0 10.3928
0.182787 0 0 0 10.5303
0.18359 2330.31 1.73378e-07 6 10.6696
0.184396 0 0 0 10.8108
0.185206 0 0 0 10.9539
0.186019 0 0 0 11.0988
0.186836 0 0 0 11.2457
0.187657 0 0 0 11.3945
0.188481 0 0 0 11.5453
0.189309 2086.61 1.41598e-07 48 11.6981
0.19014 0 0 0 11.8529
0.190975 0 0 0 12.0097
0.191814 0 0 0 12.1686
0.192656 0 0 0 12.3297
0.193502 0 0 0 12.4928
0.194352 0 0 0 12.6581
0.195205 3420.26 2.11694e-07 36 12.8256
0.196063 0 0 0 12.9954
0.196924 0 0 0 13.1673
0.197789 0 0 0 13.3416
0.198657 0 0 0 13.5181
0.19953 0 0 0 13.697
0.200406 3195.27 1.82769e-07 24 13.8782
0.201286 0 0 0 14.0619
0.20217 0 0 0 14.248
0.203058 0 0 0 14.4365
0.20395 0 0 0 14.6275
0.204845 0 0 0 14.8211
0.205745 3283.69 1.7358e-07 24 15.0172
0.206648 0 0 0 15.216
0.207556 0 0 0 15.4173
0.208467 0 0 0 15.6213
0.209383 0 0 0 15.828
0.210302 3094.69 1.53183e-07 48 16.0375
0.211226 0 0 0 16.2497
0.212154 0 0 0 16.4647
0.213085 0 0 0 16.6826
0.214021 0 0 0 16.9034
0.214961 0 0 0 17.1271
0.215905 3456.48 1.58114e-07 24 17.3537
0.216853 0 0 0 17.5833
0.217806 0 0 0 17.816
0.218762 0 0 0 18.0518
0.219723 0 0 0 18.2906
0.220688 0 0 0 18.5327
0.221657 0 0 0 18.7779
0.22263 0 0 0 19.0264
0.223608 0 0 0 19.2782
0.22459 0 0 0 19.5333
0.225577 2082.87 8.35422e-08 24 19.7918
0.226567 0 0 0 20.0537
0.227562 0 0 0 20.319
0.228562 0 0 0 20.5879
0.229565 3264.63 1.24234e-07 30 20.8604
0.230573 0 0 0 21.1364
0.231586 0 0 0 21.4161
0.232603 0 0 0 21.6995
0.233625 0 0 0 21.9866
0.234651 3879.83 1.38253e-07 72 22.2776
0.235681 0 0 0 22.5724
0.236716 0 0 0 22.8711
0.237756 0 0 0 23.1737
0.2388 2055.55 6.94948e-08 32 23.4804
0.239849 0 0 0 23.7911
0.240902 0 0 0 24.1059
0.24196 0 0 0 24.4249
0.243022 0 0 0 24.7481
0.24409 0 0 0 25.0756
0.245162 0 0 0 25.4074
0.246238 0 0 0 25.7437
0.24732 4303.13 1.30959e-07 72 26.0843
0.248406 0 0 0 26.4295
0.249497 0 0 0 26.7792
0.250592 0 0 0 27.1336
0.251693 2292.29 6.61884e-08 48 27.4926
0.252798 0 0 0 27.8564
0.253909 0 0 0 28.2251
0.255024 0 0 0 28.5986
0.256144 0 0 0 28.977
0.257268 0 0 0 29.3605
0.258398 0 0 0 29.749
0.259533 1993.4 5.24978e-08 12 30.1426
0.260673 0 0 0 30.5415
0.261818 0 0 0 30.9457
0.262967 0 0 0 31.3552
0.264122 4338.9 1.08415e-07 48 31.7701
0.265282 0 0 0 32.1905
0.266447 0 0 0 32.6165
0.267617 2596.68 6.23736e-08 48 33.0481
0.268793 0 0 0 33.4854
0.269973 0 0 0 33.9285
0.271159 0 0 0 34.3775
0.27235 3573.25 8.14346e-08 48 34.8324
0.273546 0 0 0 35.2933
0.274747 0 0 0 35.7604
0.275954 2839.37 6.22071e-08 30 36.2336
0.277165 0 0 0 36.713
0.278383 0 0 0 37.1989
0.279605 3142.45 6.61849e-08 24 37.6911
0.280833 0 0 0 38.1899
0.282066 0 0 0 38.6952
0.283305 5124.15 1.03749e-07 72 39.2073
0.284549 0 0 0 39.7261
0.285799 0 0 0 40.2518
0.287054 0 0 0 40.7844
0.288315 0 0 0 41.3241
0.289581 0 0 0 41.871
0.290853 3238.63 6.05994e-08 24 42.4251
0.29213 0 0 0 42.9865
0.293413 0 0 0 43.5553
0.294702 4372.62 7.86538e-08 96 44.1317
0.295996 0 0 0 44.7156
0.297296 2672.18 4.68195e-08 48 45.3074
0.298601 0 0 0 45.9069
0.299913 0 0 0 46.5144
0.30123 4504.39 7.58696e-08 24 47.1299
0.302553 0 0 0 47.7536
0.303881 0 0 0 48.3855
0.305216 4062.55 6.57815e-08 24 49.0258
0.306556 0 0 0 49.6745
0.307903 4389.37 6.92289e-08 72 50.3319
0.309255 0 0 0 50.9979
0.310613 0 0 0 51.6727
0.311977 4260.03 6.45908e-08 48 52.3565
0.313347 0 0 0 53.0493
0.314723 0 0 0 53.7513
0.316105 0 0 0 54.4626
0.317494 0 0 0 55.1833
0.318888 1679.72 2.38478e-08 8 55.9135
0.320288 0 0 0 56.6534
0.321695 3865.41 5.3455e-08 54 57.4031
0.323108 0 0 0 58.1627
0.324527 4784.78 6.44521e-08 84 58.9324
0.325952 0 0 0 59.7122
0.327383 0 0 0 60.5024
0.328821 4128.96 5.34672e-08 48 61.303
0.330265 0 0 0 62.1142
0.331716 7100.8 8.95645e-08 24 62.9362
0.333172 0 0 0 63.769
0.334635 4357 5.353e-08 72 64.6129
0.336105 0 0 0 65.4679
0.337581 3461.97 4.14299e-08 96 66.3342
0.339064 0 0 0 67.212
0.340553 0 0 0 68.1014
0.342048 0 0 0 69.0026
0.34355 5901.76 6.70094e-08 48 69.9157
0.345059 0 0 0 70.8409
0.346575 3517.18 3.88982e-08 48 71.7783
0.348097 0 0 0 72.7281
0.349625 4175.02 4.49754e-08 24 73.6905
0.351161 0 0 0 74.6657
0.352703 4779.88 5.01551e-08 72 75.6537
0.354252 0 0 0 76.6548
0.355808 0 0 0 77.6692
0.35737 0 0 0 78.697
0.35894 3980.89 3.96316e-08 72 79.7384
0.360516 0 0 0 80.7935
0.362099 3838.74 3.72248e-08 96 81.8627
0.363689 0 0 0 82.9459
0.365287 0 0 0 84.0436
0.366891 5565.64 5.18836e-08 6 85.1557
0.368502 0 0 0 86.2825
0.37012 4683.74 4.25294e-08 96 87.4243
0.371746 0 0 0 88.5812
0.373378 5178.91 4.58054e-08 96 89.7534
0.375018 0 0 0 90.9411
0.376665 6414.82 5.52642e-08 24 92.1445
0.378319 3143.51 2.67279e-08 48 93.3638
0.379981 0 0 0 94.5993
0.381649 3596.82 2.97887e-08 96 95.8511
0.383326 0 0 0 97.1195
0.385009 6248.45 5.04064e-08 48 98.4047
0.3867 0 0 0 99.7068
0.388398 0 0 0 101.026
0.390104 4217.17 3.27044e-08 36 102.363
0.391817 4553.91 3.48546e-08 48 103.718
0.393538 0 0 0 105.09
0.395266 3924.22 2.92557e-08 120 106.481
0.397002 0 0 0 107.89
0.398745 4460.82 3.23932e-08 56 109.318
0.400496 3567.54 2.55681e-08 24 110.764
0.402255 0 0 0 112.23
0.404022 5372.47 3.75046e-08 96 113.715
0.405796 4402.93 3.03349e-08 48 115.22
0.407578 0 0 0 116.744
0.409368 0 0 0 118.289
0.411166 6252.06 4.14092e-08 24 119.855
0.412972 3914.71 2.55897e-08 102 121.441
0.414785 0 0 0 123.048
0.416607 4896.72 3.11783e-08 48 124.676
0.418436 4441.47 2.79102e-08 72 126.326
0.420274 0 0 0 127.997
0.42212 3878.11 2.37377e-08 48 129.691
0.423974 3822.33 2.30907e-08 48 131.407
0.425836 5217.73 3.11086e-08 120 133.146
0.427706 0 0 0 134.908
0.429584 0 0 0 136.693
0.431471 4394.3 2.51861e-08 24 138.502
0.433365 4070.53 2.30257e-08 144 140.335
0.435269 4961 2.76964e-08 120 142.192
0.43718 0 0 0 144.074
0.4391 7284.11 3.96106e-08 48 145.98
0.441028 0 0 0 147.912
0.442965 3982.13 2.10927e-08 48 149.869
0.444911 4544.13 2.37551e-08 96 151.852
0.446865 0 0 0 153.862
0.448827 0 0 0 155.898
0.450798 5159.33 2.59282e-08 24 157.961
0.452778 5215.31 2.58672e-08 48 160.051
0.454766 5790.92 2.83471e-08 108 162.169
0.456763 4672.17 2.2572e-08 72 164.315
0.458769 3482.52 1.66049e-08 30 166.489
0.460784 0 0 0 168.692
0.462808 4770.36 2.21551e-08 168 170.925
0.46484 4719.88 2.16344e-08 48 173.187
0.466882 0 0 0 175.478
0.468932 4389.75 1.95991e-08 72 177.8
0.470991 4516.07 1.98998e-08 96 180.153
0.47306 4354.1 1.89354e-08 72 182.537
0.475137 5169.28 2.2187e-08 72 184.953
0.477224 3041.35 1.28832e-08 32 187.4
0.47932 6669.47 2.78831e-08 72 189.88
0.481425 5035.74 2.0778e-08 144 192.393
0.483539 0 0 0 194.939
0.485663 0 0 0 197.518
0.487795 4680.04 1.85636e-08 96 200.132
0.489938 4877.35 1.90936e-08 96 202.78
0.492089 6160.46 2.38017e-08 48 205.464
0.49425 4655.4 1.77518e-08 72 208.182
0.496421 4986.61 1.87664e-08 120 210.937
0.498601 5077.22 1.88578e-08 72 213.729
0.500791 0 0 0 216.557
0.50299 4657.1 1.68486e-08 48 219.422
0.505199 4482.01 1.60034e-08 78 222.326
0.507418 3662.25 1.29056e-08 120 225.268
0.509646 5049.63 1.75622e-08 48 228.249
0.511884 0 0 0 231.269
0.514132 4226.59 1.43183e-08 144 234.33
0.51639 4555.83 1.52321e-08 144 237.431
0.518658 0 0 0 240.573
0.520936 5416.15 1.76386e-08 156 243.756
0.523223 5710.18 1.83533e-08 48 246.982
0.525521 5566.11 1.76566e-08 120 250.25
0.527829 4104.92 1.28514e-08 48 253.561
0.530147 5117.83 1.58133e-08 48 256.917
0.532475 5206.36 1.58767e-08 168 260.316
0.534814 6846.42 2.06054e-08 48 263.761
0.537162 6167.16 1.83187e-08 96 267.252
0.539522 4906.85 1.43847e-08 96 270.788
0.541891 5486.99 1.58754e-08 72 274.371
0.544271 4476.98 1.2784e-08 48 278.002
0.546661 5946.98 1.67598e-08 144 281.681
0.549062 0 0 0 285.408
0.551473 4487.99 1.23198e-08 30 289.185
0.553895 6854.39 1.857e-08 96 293.012
0.556327 4604.94 1.23129e-08 248 296.889
0.558771 6001.72 1.5838e-08 24 300.818
0.561224 5918.88 1.54154e-08 168 304.799
0.563689 4188.09 1.07652e-08 120 308.832
0.566165 5804.84 1.47261e-08 72 312.919
0.568651 5631.58 1.41e-08 144 317.059
0.571148 5880.57 1.45311e-08 192 321.255
0.573657 0 0 0 325.506
0.576176 5657.23 1.36165e-08 72 329.814
0.578706 5512.65 1.30952e-08 96 334.178
0.581248 6621.41 1.55236e-08 24 338.6
0.5838 5551.31 1.28448e-08 300 343.081
0.586364 6693.99 1.52865e-08 24 347.621
0.588939 5652.42 1.27394e-08 96 352.221
0.591526 5398.71 1.20087e-08 216 356.882
0.594124 0 0 0 361.604
0.596733 6162.95 1.33529e-08 126 366.389
0.599353 4295.51 9.18526e-09 144 371.238
0.601985 6024.97 1.27152e-08 144 376.15
0.604629 5794.4 1.20689e-08 168 381.128
0.607285 6688.31 1.37488e-08 144 386.171
0.609951 5650.47 1.14637e-08 24 391.281
0.61263 6154.03 1.23223e-08 144 396.459
0.615321 4799.62 9.48479e-09 192 401.705
0.618023 6692.78 1.30532e-08 120 407.021
0.620737 6049.77 1.1645e-08 144 412.407
0.623463 7554.55 1.43516e-08 48 417.864
0.626201 5675.27 1.06407e-08 336 423.394
0.628951 5310.9 9.8275e-09 48 428.997
0.631713 5841.22 1.06677e-08 192 434.674
0.634488 6902.58 1.24414e-08 48 440.425
0.637274 5913.61 1.05196e-08 56 446.254
0.640073 4270.78 7.49799e-09 240 452.159
0.642884 6622.69 1.14753e-08 150 458.142
0.645707 5470.58 9.35518e-09 240 464.205
0.648543 4909.02 8.28524e-09 84 470.347
0.651391 5711.19 9.51321e-09 144 476.571
0.654252 4662.73 7.66534e-09 168 482.878
0.657125 5945.57 9.64663e-09 144 489.268
0.660011 5223.39 8.36421e-09 240 495.742
0.662909 4796.87 7.58092e-09 24 502.302
0.66582 5527.74 8.62188e-09 336 508.949
0.668744 5327.65 8.20127e-09 144 515.684
0.671681 4431.89 6.73325e-09 168 522.508
0.674631 4871.62 7.30466e-09 96 529.422
0.677594 6369.06 9.42524e-09 216 536.428
0.68057 4602.34 6.72182e-09 96 543.527
0.683558 5275.07 7.60373e-09 336 550.719
0.68656 7055.78 1.00377e-08 48 558.007
0.689575 5592.44 7.85202e-09 246 565.391
0.692604 5632.75 7.80533e-09 168 572.872
0.695646 6229.46 8.51946e-09 360 580.453
0.698701 3994.82 5.392e-09 24 588.134
0.701769 6021.9 8.02189e-09 360 595.917
0.704851 6369.76 8.37446e-09 120 603.803
0.707946 5905.13 7.66221e-09 240 611.793
0.711055 0 0 0 619.888
0.714178 5958.09 7.53032e-09 276 628.091
0.717315 5600.42 6.98582e-09 176 636.403
0.720465 5325.6 6.55626e-09 312 644.824
0.723629 5836.77 7.09171e-09 240 653.357
0.726807 6284.33 7.53577e-09 312 662.003
0.729999 2814.35 3.33072e-09 48 670.763
0.733204 7135.35 8.33423e-09 192 679.639
0.736424 5911.7 6.8148e-09 198 688.633
0.739659 5191.35 5.90625e-09 288 697.745
0.742907 6679.77 7.50039e-09 288 706.978
0.746169 5475.95 6.06838e-09 96 716.334
0.749446 5363.19 5.8658e-09 384 725.813
0.752738 5713.52 6.16735e-09 288 735.418
0.756043 5128.16 5.4632e-09 192 745.149
0.759364 5661.56 5.95267e-09 288 755.01
0.762698 6345.47 6.58462e-09 216 765.001
0.766048 6497.62 6.65445e-09 240 775.124
0.769412 6650.7 6.72226e-09 288 785.381
0.772791 7004.9 6.98781e-09 168 795.774
0.776185 6868.72 6.76247e-09 336 806.304
0.779594 6167.93 5.99321e-09 138 816.974
0.783017 5461.28 5.23728e-09 336 827.785
0.786456 6637.56 6.28218e-09 432 838.739
0.78991 7603.1 7.10204e-09 120 849.838
0.793379 6620.53 6.10346e-09 456 861.083
0.796863 5691.6 5.17855e-09 152 872.478
0.800363 5887.43 5.28677e-09 168 884.023
0.803878 5400.54 4.78623e-09 504 895.722
0.807408 7000.23 6.12292e-09 336 907.575
0.810954 6852.02 5.91501e-09 48 919.584
0.814515 7255.12 6.1812e-09 552 931.753
0.818092 5928.16 4.9847e-09 264 944.083
0.821685 6733.9 5.58825e-09 264 956.576
0.825294 7539.15 6.1748e-09 192 969.234
0.828918 6530.78 5.27905e-09 534 982.06
0.832558 7053.26 5.62693e-09 336 995.055
0.836215 5839.71 4.59794e-09 240 1008.22
0.839887 6236.02 4.84585e-09 264 1021.56
0.843575 6801.13 5.21596e-09 324 1035.08
0.84728 5769.39 4.36691e-09 528 1048.78
0.851001 5793.71 4.32805e-09 336 1062.66
0.854738 6876.67 5.06996e-09 336 1076.72
0.858492 6521.3 4.74516e-09 408 1090.97
0.862262 6992.34 5.02146e-09 216 1105.4
0.866049 6235.42 4.41941e-09 432 1120.03
0.869852 6356.49 4.44638e-09 168 1134.85
0.873673 6647.75 4.58938e-09 462 1149.87
0.877509 6927.1 4.71978e-09 536 1165.09
0.881363 7282.81 4.89734e-09 288 1180.5
0.885234 6849.67 4.54592e-09 384 1196.13
0.889121 6943.69 4.54813e-09 456 1211.95
0.893026 7007.49 4.52997e-09 552 1227.99
0.896948 6755.94 4.31032e-09 336 1244.24
0.900887 6660.53 4.19395e-09 120 1260.71
0.904843 7078.27 4.39878e-09 672 1277.39
0.908817 6300.23 3.86414e-09 300 1294.29
0.912808 6774.41 4.1007e-09 528 1311.42
0.916817 7558.08 4.51532e-09 312 1328.77
0.920843 7099.17 4.18578e-09 510 1346.36
0.924887 6958.92 4.0495e-09 576 1364.17
0.928949 7635.66 4.38527e-09 432 1382.23
0.933029 7387.43 4.1873e-09 384 1400.52
0.937126 7255.75 4.05895e-09 456 1419.05
0.941242 6979.26 3.85329e-09 528 1437.83
0.945375 6852.77 3.73404e-09 528 1456.85
0.949527 6839.77 3.67828e-09 408 1476.13
0.953697 6451.88 3.42437e-09 368 1495.67
0.957885 7287.98 3.81761e-09 600 1515.46
0.962092 7511.81 3.88347e-09 480 1535.51
0.966317 7770.29 3.96464e-09 486 1555.83
0.970561 7708.25 3.88162e-09 480 1576.42
0.974823 7214.9 3.58573e-09 636 1597.28
0.979104 8277.18 4.05995e-09 408 1618.42
0.983404 7679.04 3.71737e-09 696 1639.83
0.987723 8018.52 3.83102e-09 504 1661.53
0.992061 7560.53 3.56503e-09 648 1683.52
0.996418 7640.85 3.55585e-09 504 1705.8
1.00079 8012.83 3.68026e-09 504 1728.37
1.00519 7469.43 3.38587e-09 360 1751.24
1.0096 7771.76 3.47691e-09 606 1774.41
1.01404 8224.76 3.63152e-09 672 1797.9
1.01849 7650.12 3.33368e-09 816 1821.69
1.02296 7351.52 3.16172e-09 624 1845.79
1.02746 7789.28 3.30624e-09 672 1870.22
1.03197 8399.98 3.51889e-09 576 1894.97
1.0365 8621.75 3.56462e-09 656 1920.04
1.04105 7484.46 3.054e-09 540 1945.45
1.04562 7554.52 3.04233e-09 480 1971.19
1.05022 8673.47 3.44733e-09 792 1997.28
1.05483 7873.83 3.08864e-09 582 2023.71
1.05946 7749.3 3.00009e-09 744 2050.49
1.06411 9164.44 3.50161e-09 672 2077.62
1.06879 8794.44 3.31636e-09 624 2105.11
1.07348 8890.41 3.30876e-09 888 2132.97
1.07819 8159.52 2.99709e-09 624 2161.2
1.08293 8439.85 3.05957e-09 744 2189.79
1.08769 8439.31 3.01942e-09 624 2218.77
1.09246 8671.35 3.06192e-09 816 2248.13
1.09726 9092.96 3.16886e-09 744 2277.88
1.10208 9264.14 3.18635e-09 510 2308.02
1.10692 10262.1 3.48348e-09 1020 2338.57
1.11178 9386.74 3.14474e-09 864 2369.51
1.11666 9658.41 3.19349e-09 512 2400.87
1.12157 9824.74 3.20607e-09 1176 2432.64
1.12649 9402.2 3.02811e-09 768 2464.83
1.13144 9614.49 3.05604e-09 528 2497.45
1.13641 10055.5 3.15448e-09 1248 2530.49
1.1414 9552.39 2.95751e-09 504 2563.98
1.14641 8862.72 2.70815e-09 624 2597.91
