0.666696
2000
309756
     1259712000
0.000179913 0.014 0.00110678 6 1.00414e-08
0.000180703 0 0 0 1.01743e-08
0.000181497 0 0 0 1.03089e-08
0.000182294 0 0 0 1.04453e-08
0.000183095 0 0 0 1.05835e-08
0.000183899 0 0 0 1.07236e-08
0.000184706 0 0 0 1.08655e-08
0.000185518 0 0 0 1.10093e-08
0.000186332 0 0 0 1.11549e-08
0.000187151 0 0 0 1.13026e-08
0.000187972 0 0 0 1.14521e-08
0.000188798 0 0 0 1.16037e-08
0.000189627 0 0 0 1.17572e-08
0.00019046 0 0 0 1.19128e-08
0.000191296 0 0 0 1.20704e-08
0.000192136 0 0 0 1.22302e-08
0.00019298 0 0 0 1.2392e-08
0.000193828 0 0 0 1.2556e-08
0.000194679 0 0 0 1.27221e-08
0.000195534 0 0 0 1.28905e-08
0.000196393 0 0 0 1.30611e-08
0.000197255 0 0 0 1.32339e-08
0.000198121 0 0 0 1.3409e-08
0.000198991 0 0 0 1.35865e-08
0.000199865 0 0 0 1.37663e-08
0.000200743 0 0 0 1.39484e-08
0.000201625 0 0 0 1.4133e-08
0.00020251 0 0 0 1.432e-08
0.0002034 0 0 0 1.45095e-08
0.000204293 0 0 0 1.47015e-08
0.00020519 0 0 0 1.48961e-08
0.000206091 0 0 0 1.50932e-08
0.000206996 0 0 0 1.52929e-08
0.000207905 0 0 0 1.54953e-08
0.000208818 0 0 0 1.57003e-08
0.000209735 0 0 0 1.59081e-08
0.000210656 0 0 0 1.61186e-08
0.000211582 0 0 0 1.63319e-08
0.000212511 0 0 0 1.6548e-08
0.000213444 0 0 0 1.6767e-08
0.000214381 0 0 0 1.69889e-08
0.000215323 0 0 0 1.72137e-08
0.000216268 0 0 0 1.74414e-08
0.000217218 0 0 0 1.76722e-08
0.000218172 0 0 0 1.79061e-08
0.00021913 0 0 0 1.81431e-08
0.000220093 0 0 0 1.83831e-08
0.000221059 0 0 0 1.86264e-08
0.00022203 0 0 0 1.88729e-08
0.000223005 0 0 0 1.91226e-08
0.000223984 0 0 0 1.93757e-08
0.000224968 0 0 0 1.96321e-08
0.000225956 0 0 0 1.98919e-08
0.000226948 0 0 0 2.01551e-08
0.000227945 0 0 0 2.04218e-08
0.000228946 0 0 0 2.0692e-08
0.000229952 0 0 0 2.09658e-08
0.000230961 0 0 0 2.12433e-08
0.000231976 0 0 0 2.15244e-08
0.000232995 0 0 0 2.18092e-08
0.000234018 0 0 0 2.20978e-08
0.000235045 0 0 0 2.23902e-08
0.000236078 0 0 0 2.26865e-08
0.000237114 0 0 0 2.29867e-08
0.000238156 0 0 0 2.32909e-08
0.000239202 0 0 0 2.35991e-08
0.000240252 0 0 0 2.39114e-08
0.000241307 0 0 0 2.42278e-08
0.000242367 0 0 0 2.45484e-08
0.000243431 0 0 0 2.48733e-08
0.0002445 0 0 0 2.52024e-08
0.000245574 0 0 0 2.55359e-08
0.000246653 0 0 0 2.58738e-08
0.000247736 0 0 0 2.62162e-08
0.000248824 0 0 0 2.65631e-08
0.000249917 0 0 0 2.69146e-08
0.000251014 0 0 0 2.72708e-08
0.000252117 0 0 0 2.76317e-08
0.000253224 0 0 0 2.79973e-08
0.000254336 0.779538 0.0218142 12 2.83678e-08
0.000255453 0 0 0 2.87432e-08
0.000256575 0 0 0 2.91235e-08
0.000257701 0 0 0 2.95089e-08
0.000258833 0 0 0 2.98994e-08
0.00025997 0 0 0 3.02951e-08
0.000261112 0 0 0 3.0696e-08
0.000262258 0 0 0 3.11022e-08
0.00026341 0 0 0 3.15137e-08
0.000264567 0 0 0 3.19307e-08
0.000265729 0 0 0 3.23533e-08
0.000266896 0 0 0 3.27814e-08
0.000268068 0 0 0 3.32152e-08
0.000269245 0 0 0 3.36547e-08
0.000270427 0 0 0 3.41001e-08
0.000271615 0 0 0 3.45513e-08
0.000272808 0 0 0 3.50085e-08
0.000274006 0 0 0 3.54718e-08
0.000275209 0 0 0 3.59412e-08
0.000276418 0 0 0 3.64168e-08
0.000277632 0 0 0 3.68987e-08
0.000278851 0 0 0 3.7387e-08
0.000280076 0 0 0 3.78817e-08
0.000281306 0 0 0 3.8383e-08
0.000282541 0 0 0 3.88909e-08
0.000283782 0 0 0 3.94055e-08
0.000285028 0 0 0 3.9927e-08
0.00028628 0 0 0 4.04553e-08
0.000287537 0 0 0 4.09907e-08
0.0002888 0 0 0 4.15331e-08
0.000290068 0 0 0 4.20827e-08
0.000291342 0 0 0 4.26396e-08
0.000292622 0 0 0 4.32038e-08
0.000293907 0 0 0 4.37755e-08
0.000295197 0 0 0 4.43548e-08
0.000296494 0 0 0 4.49418e-08
0.000297796 0 0 0 4.55365e-08
0.000299104 0 0 0 4.6139e-08
0.000300417 0 0 0 4.67496e-08
0.000301737 0 0 0 4.73682e-08
0.000303062 0 0 0 4.7995e-08
0.000304393 0 0 0 4.86302e-08
0.000305729 0 0 0 4.92737e-08
0.000307072 0 0 0 4.99257e-08
0.000308421 0 0 0 5.05864e-08
0.000309775 0 0 0 5.12558e-08
0.000311136 0.323881 0.00495066 8 5.1934e-08
0.000312502 0 0 0 5.26213e-08
0.000313874 0 0 0 5.33176e-08
0.000315253 0 0 0 5.40231e-08
0.000316637 0 0 0 5.4738e-08
0.000318028 0 0 0 5.54624e-08
0.000319424 0 0 0 5.61963e-08
0.000320827 0 0 0 5.69399e-08
0.000322236 0 0 0 5.76934e-08
0.000323651 0 0 0 5.84568e-08
0.000325073 0 0 0 5.92304e-08
0.0003265 0 0 0 6.00142e-08
0.000327934 0 0 0 6.08083e-08
0.000329374 0 0 0 6.1613e-08
0.000330821 0 0 0 6.24283e-08
0.000332274 0 0 0 6.32544e-08
0.000333733 0 0 0 6.40915e-08
0.000335199 0 0 0 6.49396e-08
0.000336671 0 0 0 6.57989e-08
0.000338149 0 0 0 6.66696e-08
0.000339634 0 0 0 6.75519e-08
0.000341126 0 0 0 6.84458e-08
0.000342624 0 0 0 6.93515e-08
0.000344129 0 0 0 7.02692e-08
0.00034564 0 0 0 7.11991e-08
0.000347158 0 0 0 7.21413e-08
0.000348682 0 0 0 7.30959e-08
0.000350214 0 0 0 7.40632e-08
0.000351752 0 0 0 7.50432e-08
0.000353296 0 0 0 7.60363e-08
0.000354848 0 0 0 7.70424e-08
0.000356406 0 0 0 7.80619e-08
0.000357972 0 0 0 7.90949e-08
0.000359544 1.08069 0.0107046 6 8.01416e-08
0.000361123 0 0 0 8.12021e-08
0.000362709 0 0 0 8.22766e-08
0.000364301 0 0 0 8.33654e-08
0.000365901 0 0 0 8.44685e-08
0.000367508 0 0 0 8.55863e-08
0.000369122 0 0 0 8.67188e-08
0.000370743 0 0 0 8.78664e-08
0.000372371 0 0 0 8.90291e-08
0.000374007 0 0 0 9.02072e-08
0.000375649 0 0 0 9.14009e-08
0.000377299 0 0 0 9.26104e-08
0.000378956 0 0 0 9.38359e-08
0.00038062 0 0 0 9.50776e-08
0.000382292 0 0 0 9.63358e-08
0.000383971 0 0 0 9.76106e-08
0.000385657 0 0 0 9.89023e-08
0.00038735 0 0 0 1.00211e-07
0.000389052 0 0 0 1.01537e-07
0.00039076 0 0 0 1.02881e-07
0.000392476 0 0 0 1.04242e-07
0.0003942 0 0 0 1.05622e-07
0.000395931 0 0 0 1.07019e-07
0.00039767 0 0 0 1.08435e-07
0.000399416 0 0 0 1.0987e-07
0.00040117 0.74587 0.00531866 24 1.11324e-07
0.000402932 0 0 0 1.12797e-07
0.000404702 0 0 0 1.1429e-07
0.000406479 0 0 0 1.15802e-07
0.000408264 0 0 0 1.17335e-07
0.000410057 0 0 0 1.18887e-07
0.000411858 0 0 0 1.20461e-07
0.000413667 0 0 0 1.22055e-07
0.000415483 0 0 0 1.2367e-07
0.000417308 0 0 0 1.25306e-07
0.000419141 0 0 0 1.26965e-07
0.000420981 0 0 0 1.28645e-07
0.00042283 0 0 0 1.30347e-07
0.000424687 0 0 0 1.32072e-07
0.000426552 0 0 0 1.3382e-07
0.000428425 0 0 0 1.3559e-07
0.000430307 0 0 0 1.37385e-07
0.000432197 0 0 0 1.39203e-07
0.000434095 0 0 0 1.41045e-07
0.000436001 0 0 0 1.42911e-07
0.000437916 0 0 0 1.44802e-07
0.000439839 1.24216 0.00672084 24 1.46718e-07
0.000441771 0 0 0 1.4866e-07
0.000443711 0 0 0 1.50627e-07
0.000445659 0 0 0 1.5262e-07
0.000447616 0 0 0 1.5464e-07
0.000449582 0 0 0 1.56686e-07
0.000451557 0 0 0 1.5876e-07
0.00045354 0 0 0 1.6086e-07
0.000455532 0 0 0 1.62989e-07
0.000457532 0 0 0 1.65146e-07
0.000459541 0 0 0 1.67331e-07
0.00046156 0 0 0 1.69546e-07
0.000463587 0 0 0 1.71789e-07
0.000465622 0 0 0 1.74062e-07
0.000467667 0 0 0 1.76366e-07
0.000469721 0 0 0 1.787e-07
0.000471784 0 0 0 1.81064e-07
0.000473856 0 0 0 1.8346e-07
0.000475937 0 0 0 1.85888e-07
0.000478027 0 0 0 1.88348e-07
0.000480126 0 0 0 1.9084e-07
0.000482235 0 0 0 1.93365e-07
0.000484353 0 0 0 1.95924e-07
0.00048648 0 0 0 1.98517e-07
0.000488616 0 0 0 2.01144e-07
0.000490762 0 0 0 2.03806e-07
0.000492917 0 0 0 2.06503e-07
0.000495082 0 0 0 2.09235e-07
0.000497256 0 0 0 2.12004e-07
0.00049944 0 0 0 2.14809e-07
0.000501633 0 0 0 2.17652e-07
0.000503836 0 0 0 2.20532e-07
0.000506049 0 0 0 2.2345e-07
0.000508271 2.91692 0.0102274 12 2.26407e-07
0.000510504 0 0 0 2.29403e-07
0.000512746 0 0 0 2.32439e-07
0.000514997 0 0 0 2.35515e-07
0.000517259 0 0 0 2.38631e-07
0.000519531 0 0 0 2.41789e-07
0.000521812 0 0 0 2.44989e-07
0.000524104 0 0 0 2.4823e-07
0.000526405 0 0 0 2.51515e-07
0.000528717 0 0 0 2.54844e-07
0.000531039 0 0 0 2.58216e-07
0.000533371 0 0 0 2.61633e-07
0.000535714 0 0 0 2.65095e-07
0.000538066 0.930163 0.00274901 30 2.68603e-07
0.000540429 0 0 0 2.72157e-07
0.000542803 0 0 0 2.75759e-07
0.000545187 0 0 0 2.79408e-07
0.000547581 0 0 0 2.83105e-07
0.000549986 0 0 0 2.86851e-07
0.000552401 0 0 0 2.90647e-07
0.000554827 0 0 0 2.94493e-07
0.000557263 0 0 0 2.9839e-07
0.000559711 0 0 0 3.02339e-07
0.000562169 0 0 0 3.0634e-07
0.000564638 0 0 0 3.10394e-07
0.000567117 2.21348 0.00558704 24 3.14501e-07
0.000569608 0 0 0 3.18663e-07
0.000572109 0 0 0 3.2288e-07
0.000574622 0 0 0 3.27152e-07
0.000577145 0 0 0 3.31481e-07
0.00057968 0 0 0 3.35868e-07
0.000582226 0 0 0 3.40312e-07
0.000584783 0 0 0 3.44816e-07
0.000587351 0 0 0 3.49378e-07
0.00058993 0 0 0 3.54002e-07
0.000592521 0 0 0 3.58686e-07
0.000595123 2.0489 0.00447534 24 3.63433e-07
0.000597737 0 0 0 3.68242e-07
0.000600362 0 0 0 3.73115e-07
0.000602998 0 0 0 3.78052e-07
0.000605647 0 0 0 3.83055e-07
0.000608306 0 0 0 3.88124e-07
0.000610978 0 0 0 3.9326e-07
0.000613661 0 0 0 3.98464e-07
0.000616356 0 0 0 4.03737e-07
0.000619063 0 0 0 4.09079e-07
0.000621782 1.68193 0.00322121 8 4.14492e-07
0.000624512 0 0 0 4.19977e-07
0.000627255 0 0 0 4.25535e-07
0.00063001 0 0 0 4.31166e-07
0.000632776 0 0 0 4.36871e-07
0.000635555 0 0 0 4.42653e-07
0.000638346 0 0 0 4.4851e-07
0.00064115 0 0 0 4.54445e-07
0.000643965 0 0 0 4.60459e-07
0.000646793 1.9448 0.00330905 24 4.66552e-07
0.000649634 0 0 0 4.72726e-07
0.000652487 0 0 0 4.78981e-07
0.000655352 0 0 0 4.8532e-07
0.000658231 0 0 0 4.91742e-07
0.000661121 0 0 0 4.98249e-07
0.000664025 0 0 0 5.04842e-07
0.000666941 0 0 0 5.11523e-07
0.00066987 0 0 0 5.18292e-07
0.000672812 3.37412 0.00510041 48 5.2515e-07
0.000675766 0 0 0 5.32099e-07
0.000678734 0 0 0 5.39141e-07
0.000681715 0 0 0 5.46275e-07
0.000684709 0 0 0 5.53504e-07
0.000687716 0 0 0 5.60828e-07
0.000690736 0 0 0 5.6825e-07
0.000693769 0 0 0 5.75769e-07
0.000696816 0 0 0 5.83388e-07
0.000699876 0 0 0 5.91108e-07
0.00070295 0 0 0 5.9893e-07
0.000706037 0 0 0 6.06856e-07
0.000709138 0 0 0 6.14886e-07
0.000712252 0 0 0 6.23023e-07
0.00071538 0 0 0 6.31267e-07
0.000718522 4.70288 0.00583674 6 6.39621e-07
0.000721677 0 0 0 6.48085e-07
0.000724846 0 0 0 6.56661e-07
0.00072803 0 0 0 6.6535e-07
0.000731227 0 0 0 6.74155e-07
0.000734438 0 0 0 6.83076e-07
0.000737664 0 0 0 6.92115e-07
0.000740903 3.41704 0.00386804 48 7.01274e-07
0.000744157 0 0 0 7.10553e-07
0.000747425 0 0 0 7.19956e-07
0.000750707 0 0 0 7.29483e-07
0.000754004 0 0 0 7.39136e-07
0.000757316 0 0 0 7.48917e-07
0.000760641 4.69165 0.00490808 36 7.58827e-07
0.000763982 0 0 0 7.68869e-07
0.000767337 0 0 0 7.79043e-07
0.000770707 0 0 0 7.89352e-07
0.000774092 0 0 0 7.99798e-07
0.000777491 0 0 0 8.10381e-07
0.000780906 3.15799 0.0030531 24 8.21105e-07
0.000784335 0 0 0 8.31971e-07
0.00078778 0 0 0 8.4298e-07
0.000791239 0 0 0 8.54135e-07
0.000794714 0 0 0 8.65438e-07
0.000798204 0 0 0 8.7689e-07
0.00080171 6.02246 0.00538082 24 8.88494e-07
0.00080523 0 0 0 9.00251e-07
0.000808767 0 0 0 9.12164e-07
0.000812318 0 0 0 9.24234e-07
0.000815886 0 0 0 9.36465e-07
0.000819469 0 0 0 9.48857e-07
0.000823068 3.06634 0.00253185 48 9.61413e-07
0.000826682 0 0 0 9.74135e-07
0.000830313 0 0 0 9.87026e-07
0.000833959 0 0 0 1.00009e-06
0.000837622 0 0 0 1.01332e-06
0.0008413 2.85973 0.00221104 24 1.02673e-06
0.000844995 0 0 0 1.04032e-06
0.000848706 0 0 0 1.05408e-06
0.000852433 0 0 0 1.06803e-06
0.000856177 0 0 0 1.08216e-06
0.000859937 0 0 0 1.09648e-06
0.000863713 0 0 0 1.11099e-06
0.000867506 0 0 0 1.1257e-06
0.000871316 0 0 0 1.14059e-06
0.000875143 0 0 0 1.15569e-06
0.000878986 5.60391 0.00379901 24 1.17098e-06
0.000882846 0 0 0 1.18647e-06
0.000886723 0 0 0 1.20217e-06
0.000890617 0 0 0 1.21808e-06
0.000894529 0 0 0 1.2342e-06
0.000898457 3.70334 0.00235086 30 1.25053e-06
0.000902403 0 0 0 1.26708e-06
0.000906366 0 0 0 1.28385e-06
0.000910346 0 0 0 1.30084e-06
0.000914344 4.58439 0.00276107 72 1.31805e-06
0.00091836 0 0 0 1.33549e-06
0.000922393 0 0 0 1.35317e-06
0.000926444 0 0 0 1.37107e-06
0.000930512 0 0 0 1.38922e-06
0.000934599 5.5629 0.00313727 32 1.4076e-06
0.000938703 0 0 0 1.42622e-06
0.000942826 0 0 0 1.4451e-06
0.000946966 0 0 0 1.46422e-06
0.000951125 0 0 0 1.4836e-06
0.000955302 0 0 0 1.50323e-06
0.000959497 0 0 0 1.52312e-06
0.000963711 0 0 0 1.54328e-06
0.000967943 7.6919 0.00390489 72 1.5637e-06
0.000972194 0 0 0 1.58439e-06
0.000976464 0 0 0 1.60536e-06
0.000980752 0 0 0 1.6266e-06
0.000985059 6.84563 0.00329725 48 1.64812e-06
0.000989385 0 0 0 1.66993e-06
0.00099373 0 0 0 1.69203e-06
0.000998094 0 0 0 1.71442e-06
0.00100248 0 0 0 1.73711e-06
0.00100688 0 0 0 1.7601e-06
0.0010113 0 0 0 1.78339e-06
0.00101574 8.35944 0.00367241 12 1.80699e-06
0.0010202 0 0 0 1.8309e-06
0.00102468 0 0 0 1.85513e-06
0.00102918 5.76114 0.00243307 48 1.87967e-06
0.0010337 0 0 0 1.90455e-06
0.00103824 0 0 0 1.92975e-06
0.0010428 0 0 0 1.95529e-06
0.00104738 7.11881 0.00285244 48 1.98116e-06
0.00105198 0 0 0 2.00738e-06
0.0010566 0 0 0 2.03394e-06
0.00106124 6.19131 0.00238487 48 2.06086e-06
0.0010659 0 0 0 2.08813e-06
0.00107058 0 0 0 2.11576e-06
0.00107529 5.79606 0.00214628 30 2.14376e-06
0.00108001 0 0 0 2.17212e-06
0.00108475 0 0 0 2.20087e-06
0.00108952 0 0 0 2.22999e-06
0.0010943 9.20604 0.00323436 24 2.2595e-06
0.00109911 0 0 0 2.2894e-06
0.00110393 0 0 0 2.3197e-06
0.00110878 5.56382 0.00187915 72 2.35039e-06
0.00111365 0 0 0 2.38149e-06
0.00111854 0 0 0 2.41301e-06
0.00112345 0 0 0 2.44494e-06
0.00112839 0 0 0 2.47729e-06
0.00113334 8.06896 0.00255188 24 2.51007e-06
0.00113832 0 0 0 2.54329e-06
0.00114332 0 0 0 2.57695e-06
0.00114834 10.4619 0.00318073 96 2.61105e-06
0.00115338 0 0 0 2.6456e-06
0.00115845 0 0 0 2.68061e-06
0.00116354 7.2935 0.00213168 48 2.71608e-06
0.00116865 0 0 0 2.75202e-06
0.00117378 0 0 0 2.78844e-06
0.00117893 11.7467 0.00330046 24 2.82534e-06
0.00118411 0 0 0 2.86272e-06
0.00118931 5.72689 0.00156732 24 2.9006e-06
0.00119453 0 0 0 2.93899e-06
0.00119978 0 0 0 2.97788e-06
0.00120505 10.0779 0.00265146 72 3.01729e-06
0.00121034 0 0 0 3.05721e-06
0.00121566 8.30519 0.00212835 48 3.09767e-06
0.00122099 0 0 0 3.13866e-06
0.00122636 0 0 0 3.18019e-06
0.00123174 0 0 0 3.22228e-06
0.00123715 0 0 0 3.26492e-06
0.00124258 2.31337 0.000555128 8 3.30812e-06
0.00124804 0 0 0 3.3519e-06
0.00125352 0 0 0 3.39625e-06
0.00125903 12.3032 0.00283816 54 3.44119e-06
0.00126456 0 0 0 3.48673e-06
0.00127011 8.97338 0.00201631 84 3.53287e-06
0.00127569 0 0 0 3.57962e-06
0.00128129 12.2138 0.00267322 48 3.62699e-06
0.00128692 0 0 0 3.67498e-06
0.00129257 12.4411 0.0026523 24 3.72361e-06
0.00129825 0 0 0 3.77289e-06
0.00130395 0 0 0 3.82281e-06
0.00130967 13.3839 0.00274295 72 3.8734e-06
0.00131543 0 0 0 3.92466e-06
0.0013212 11.7521 0.00234603 96 3.97659e-06
0.001327 0 0 0 4.02921e-06
0.00133283 0 0 0 4.08253e-06
0.00133869 0 0 0 4.13656e-06
0.00134456 10.2653 0.00194426 48 4.19129e-06
0.00135047 0 0 0 4.24676e-06
0.0013564 17.8687 0.00329652 48 4.30295e-06
0.00136236 0 0 0 4.35989e-06
0.00136834 9.85114 0.00177023 24 4.41759e-06
0.00137435 0 0 0 4.47605e-06
0.00138038 15.6186 0.00273379 72 4.53528e-06
0.00138645 0 0 0 4.59529e-06
0.00139254 0 0 0 4.6561e-06
0.00139865 0 0 0 4.71771e-06
0.00140479 15.0114 0.00249293 72 4.78014e-06
0.00141096 11.6102 0.00190291 96 4.8434e-06
0.00141716 0 0 0 4.90749e-06
0.00142338 0 0 0 4.97243e-06
0.00142963 0 0 0 5.03823e-06
0.00143591 3.56857 0.000554927 6 5.1049e-06
0.00144222 0 0 0 5.17245e-06
0.00144855 19.4907 0.00295223 96 5.2409e-06
0.00145491 0 0 0 5.31025e-06
0.0014613 13.0315 0.00192265 96 5.38052e-06
0.00146772 11.6691 0.00169915 24 5.45172e-06
0.00147417 0 0 0 5.52386e-06
0.00148064 10.4712 0.00148516 48 5.59696e-06
0.00148714 0 0 0 5.67102e-06
0.00149367 15.1861 0.002098 96 5.74607e-06
0.00150023 8.20114 0.00111821 48 5.8221e-06
0.00150682 0 0 0 5.89915e-06
0.00151344 0 0 0 5.97721e-06
0.00152009 7.82667 0.00102588 36 6.0563e-06
0.00152676 0 0 0 6.13645e-06
0.00153347 13.7762 0.00175887 48 6.21765e-06
0.0015402 0 0 0 6.29993e-06
0.00154697 15.1015 0.00187804 120 6.38329e-06
0.00155376 20.6744 0.00253751 56 6.46776e-06
0.00156058 0 0 0 6.55335e-06
0.00156744 9.34304 0.00111698 24 6.64007e-06
0.00157432 18.4626 0.00217841 96 6.72794e-06
0.00158123 0 0 0 6.81697e-06
0.00158818 14.7924 0.00170007 48 6.90717e-06
0.00159515 0 0 0 6.99858e-06
0.00160216 0 0 0 7.09119e-06
0.00160919 6.80403 0.000751739 24 7.18502e-06
0.00161626 16.601 0.0018102 102 7.2801e-06
0.00162336 16.3179 0.00175609 48 7.37644e-06
0.00163049 0 0 0 7.47405e-06
0.00163765 20.4963 0.00214852 72 7.57295e-06
0.00164484 19.044 0.00197021 48 7.67317e-06
0.00165206 15.0651 0.00153821 48 7.7747e-06
0.00165932 0 0 0 7.87759e-06
0.00166661 14.4303 0.00143517 120 7.98183e-06
0.00167393 0 0 0 8.08745e-06
0.00168128 12.6015 0.00122076 24 8.19447e-06
0.00168866 0 0 0 8.30291e-06
0.00169608 13.9814 0.00131929 144 8.41278e-06
0.00170353 14.848 0.00138276 120 8.5241e-06
0.00171101 12.1805 0.00111953 48 8.6369e-06
0.00171852 0 0 0 8.75119e-06
0.00172607 0 0 0 8.867e-06
0.00173365 20.5451 0.00181531 48 8.98433e-06
0.00174126 15.7145 0.00137036 96 9.10322e-06
0.00174891 0 0 0 9.22368e-06
0.00175659 12.2551 0.00104096 24 9.34574e-06
0.0017643 21.2651 0.00178268 48 9.46941e-06
0.00177205 0 0 0 9.59472e-06
0.00177983 16.5048 0.00134771 108 9.72168e-06
0.00178765 18.8006 0.00151513 72 9.85033e-06
0.0017955 24.5716 0.00195435 30 9.98068e-06
0.00180339 20.2661 0.00159085 168 1.01127e-05
0.00181131 13.2819 0.00102898 48 1.02466e-05
0.00181926 0 0 0 1.03822e-05
0.00182725 19.001 0.00143386 72 1.05195e-05
0.00183527 0 0 0 1.06588e-05
0.00184333 19.806 0.00145583 96 1.07998e-05
0.00185143 22.7632 0.00165134 72 1.09427e-05
0.00185956 19.1805 0.00137326 72 1.10875e-05
0.00186773 19.1122 0.0013505 32 1.12342e-05
0.00187593 23.738 0.00165547 72 1.13829e-05
0.00188417 20.8403 0.0014344 144 1.15335e-05
0.00189244 0 0 0 1.16861e-05
0.00190075 0 0 0 1.18408e-05
0.0019091 20.0164 0.00132442 96 1.19975e-05
0.00191748 17.1227 0.00111815 96 1.21562e-05
0.00192591 17.3643 0.00111912 48 1.23171e-05
0.00193436 21.8832 0.00139195 72 1.24801e-05
0.00194286 19.65 0.00123357 120 1.26452e-05
0.00195139 21.5327 0.00133411 72 1.28126e-05
0.00195996 0 0 0 1.29821e-05
0.00196857 22.6372 0.00136615 48 1.31539e-05
0.00197721 23.0418 0.0013724 78 1.3328e-05
0.0019859 19.0939 0.00112241 120 1.35043e-05
0.00199462 26.4194 0.00153274 48 1.3683e-05
0.00200338 19.5964 0.00112205 144 1.38641e-05
0.00201218 23.084 0.00130448 144 1.40476e-05
0.00202101 0 0 0 1.42335e-05
0.00202989 25.0361 0.00137809 12 1.44218e-05
0.0020388 24.9955 0.00135788 144 1.46126e-05
0.00204776 25.0142 0.00134115 48 1.4806e-05
0.00205675 22.2283 0.00117622 120 1.50019e-05
0.00206578 21.8419 0.00114067 48 1.52005e-05
0.00207485 25.3002 0.00130403 216 1.54016e-05
0.00208397 0 0 0 1.56054e-05
0.00209312 23.475 0.00117855 48 1.58119e-05
0.00210231 18.6888 0.00092601 96 1.60211e-05
0.00211154 27.328 0.00133639 96 1.62332e-05
0.00212082 24.3249 0.001174 120 1.6448e-05
0.00213013 26.7416 0.00127378 96 1.66656e-05
0.00213948 20.386 0.000958364 48 1.68862e-05
0.00214888 0 0 0 1.71096e-05
0.00215832 27.6632 0.00126672 126 1.7336e-05
0.0021678 23.646 0.00106863 192 1.75654e-05
0.00217732 26.5362 0.00118359 56 1.77979e-05
0.00218688 25.6449 0.00112889 192 1.80334e-05
0.00219648 31.884 0.00138521 120 1.8272e-05
0.00220613 0 0 0 1.85138e-05
0.00221582 28.2203 0.00119422 216 1.87588e-05
0.00222555 27.7876 0.00116056 96 1.9007e-05
0.00223532 29.7313 0.00122552 96 1.92585e-05
0.00224514 15.5233 0.000631511 72 1.95134e-05
0.002255 35.4619 0.0014238 96 1.97716e-05
0.0022649 0 0 0 2.00332e-05
0.00227485 26.5914 0.00103994 216 2.02983e-05
0.00228484 37.3553 0.00144182 108 2.05669e-05
0.00229487 27.2612 0.00103847 120 2.08391e-05
0.00230495 21.806 0.000819816 96 2.11149e-05
0.00231507 28.0747 0.00104171 120 2.13943e-05
0.00232524 33.5682 0.00122928 48 2.16774e-05
0.00233545 29.2976 0.00105887 78 2.19642e-05
0.00234571 31.7193 0.00113143 264 2.22549e-05
0.00235601 24.5797 0.000865308 24 2.25494e-05
0.00236636 31.3724 0.00109001 312 2.28478e-05
0.00237675 34.0747 0.00116844 24 2.31501e-05
0.00238719 32.6102 0.00110362 48 2.34565e-05
0.00239767 30.5487 0.00102035 216 2.37669e-05
0.0024082 31.6776 0.00104424 72 2.40814e-05
0.00241878 28.8782 0.000939524 264 2.44e-05
0.0024294 0 0 0 2.47229e-05
0.00244007 32.6977 0.00103618 240 2.50501e-05
0.00245078 33.9451 0.00106167 192 2.53815e-05
0.00246155 0 0 0 2.57174e-05
0.00247236 33.4851 0.0010201 240 2.60577e-05
0.00248321 52.1493 0.00156795 8 2.64026e-05
0.00249412 32.1177 0.000953054 48 2.67519e-05
0.00250507 35.0561 0.00102666 336 2.71059e-05
0.00251607 31.2059 0.000901969 174 2.74646e-05
0.00252712 41.219 0.00117583 120 2.78281e-05
0.00253822 32.564 0.000916799 84 2.81963e-05
0.00254937 36.1648 0.00100488 216 2.85694e-05
0.00256057 31.8485 0.000873388 144 2.89475e-05
0.00257181 36.291 0.000982216 336 2.93305e-05
0.00258311 0 0 0 2.97187e-05
0.00259445 35.8047 0.000943908 264 3.01119e-05
0.00260584 44.0735 0.00114672 168 3.05104e-05
0.00261729 38.0652 0.00097746 168 3.09141e-05
0.00262878 37.7911 0.000957749 72 3.13232e-05
0.00264033 35.1149 0.000878304 192 3.17377e-05
0.00265192 37.355 0.000922132 216 3.21577e-05
0.00266357 34.7463 0.00084653 192 3.25832e-05
0.00267526 44.556 0.00107135 144 3.30144e-05
0.00268701 34.6635 0.000822598 198 3.34513e-05
0.00269881 39.6319 0.000928221 96 3.38939e-05
0.00271067 34.7816 0.000803982 168 3.43425e-05
0.00272257 38.401 0.000876054 360 3.47969e-05
0.00273453 36.1726 0.00081444 168 3.52574e-05
0.00274654 40.2057 0.000893424 264 3.57239e-05
0.0027586 39.7854 0.000872537 216 3.61967e-05
0.00277071 30.0859 0.0006512 96 3.66756e-05
0.00278288 38.0384 0.000812576 144 3.7161e-05
0.0027951 36.9945 0.000779954 236 3.76527e-05
0.00280738 42.5418 0.000885195 240 3.8151e-05
0.00281971 45.7078 0.000938651 144 3.86558e-05
0.00283209 43.6482 0.00088465 240 3.91673e-05
0.00284453 40.1571 0.000803262 312 3.96856e-05
0.00285702 42.2166 0.000833431 240 4.02108e-05
0.00286957 18.7503 0.00036533 6 4.07429e-05
0.00288217 40.3123 0.000775185 288 4.1282e-05
0.00289483 40.0686 0.000760435 408 4.18283e-05
0.00290754 42.067 0.000787935 72 4.23818e-05
0.00292031 43.8354 0.000810335 192 4.29427e-05
0.00293313 43.2909 0.000789818 312 4.35109e-05
0.00294601 44.8232 0.000807095 456 4.40867e-05
0.00295895 39.8589 0.000708332 48 4.46701e-05
0.00297195 45.9068 0.000805155 360 4.52612e-05
0.002985 39.0912 0.000676663 168 4.58601e-05
0.00299811 48.0242 0.000820435 216 4.6467e-05
0.00301127 46.4991 0.000784006 336 4.70819e-05
0.0030245 50.2036 0.000835411 264 4.77049e-05
0.00303778 55.0998 0.000904912 144 4.83362e-05
0.00305112 44.7177 0.000724813 378 4.89758e-05
0.00306452 43.8863 0.000702049 144 4.96239e-05
0.00307798 48.814 0.000770678 384 5.02806e-05
0.0030915 52.1976 0.000813336 312 5.09459e-05
0.00310507 46.9841 0.000722539 320 5.16201e-05
0.00311871 48.3404 0.000733688 240 5.23032e-05
0.00313241 59.3795 0.000889464 216 5.29953e-05
0.00314616 48.9665 0.000723904 408 5.36966e-05
0.00315998 55.1399 0.000804524 240 5.44071e-05
0.00317386 50.5932 0.000728545 144 5.51271e-05
0.0031878 52.2455 0.000742512 456 5.58566e-05
0.00320179 50.1907 0.000703992 264 5.65957e-05
0.00321586 49.3128 0.000682647 360 5.73446e-05
0.00322998 57.8952 0.000790986 366 5.81035e-05
0.00324416 56.7133 0.00076472 312 5.88724e-05
0.00325841 55.8702 0.000743513 384 5.96514e-05
0.00327272 60.0757 0.000789038 264 6.04408e-05
0.00328709 40.8908 0.000530048 192 6.12406e-05
0.00330153 51.7867 0.000662519 420 6.2051e-05
0.00331603 54.209 0.000684451 600 6.28721e-05
0.00333059 55.4146 0.000690535 216 6.3704e-05
0.00334522 60.5847 0.000745101 240 6.4547e-05
0.00335991 60.6279 0.000735895 408 6.54012e-05
0.00337466 58.8229 0.000704662 408 6.62666e-05
0.00338948 56.1855 0.000664277 408 6.71435e-05
0.00340437 63.1575 0.000736954 246 6.8032e-05
0.00341932 53.1929 0.000612576 368 6.89323e-05
0.00343434 66.232 0.000752774 384 6.98445e-05
0.00344942 62.9745 0.000706403 432 7.07687e-05
0.00346457 57.6209 0.000637908 696 7.17052e-05
0.00347978 61.1359 0.000667982 288 7.2654e-05
0.00349507 58.8278 0.000634369 264 7.36155e-05
0.00351041 57.6978 0.000614059 360 7.45896e-05
0.00352583 62.5758 0.000657276 456 7.55766e-05
0.00354132 61.5008 0.000637548 504 7.65767e-05
0.00355687 64.1055 0.00065587 372 7.75901e-05
0.00357249 61.616 0.000622166 336 7.86168e-05
0.00358818 59.9281 0.00059722 510 7.96571e-05
0.00360393 64.0571 0.000630032 408 8.07112e-05
0.00361976 67.1292 0.000651624 456 8.17793e-05
0.00363566 67.9447 0.000650926 528 8.28614e-05
0.00365163 61.0895 0.000577608 480 8.39579e-05
0.00366766 60.6471 0.000565937 528 8.50689e-05
0.00368377 66.0624 0.00060842 336 8.61946e-05
0.00369995 64.9647 0.000590496 696 8.73352e-05
0.0037162 72.1754 0.000647469 456 8.84909e-05
0.00373252 68.018 0.000602205 464 8.96619e-05
0.00374891 72.8197 0.000636298 504 9.08484e-05
0.00376537 67.203 0.00057955 414 9.20506e-05
0.00378191 62.7087 0.000533729 312 9.32687e-05
0.00379852 74.7507 0.000627912 624 9.45029e-05
0.0038152 75.5126 0.000626028 636 9.57534e-05
0.00383195 63.1178 0.000516437 360 9.70205e-05
0.00384878 68.9733 0.000556977 912 9.83044e-05
0.00386568 69.9167 0.000557221 360 9.96052e-05
0.00388266 77.0807 0.000606293 576 0.000100923
0.00389971 69.6652 0.000540809 456 0.000102259
0.00391684 68.0123 0.000521082 672 0.000103612
0.00393404 72.6418 0.000549283 480 0.000104983
0.00395132 71.2902 0.000532023 726 0.000106372
0.00396867 74.268 0.000547006 528 0.00010778
0.0039861 81.0323 0.000589033 744 0.000109206
0.0040036 74.2643 0.000532786 456 0.000110651
0.00402119 79.4052 0.000562228 504 0.000112115
0.00403885 81.3014 0.000568136 680 0.000113599
0.00405658 74.7765 0.000515715 564 0.000115102
0.0040744 81.6277 0.000555614 816 0.000116625
0.00409229 74.7167 0.000501931 624 0.000118169
0.00411026 84.9583 0.000563278 744 0.000119732
0.00412831 84.9687 0.000555989 750 0.000121317
0.00414644 88.3489 0.000570557 432 0.000122922
0.00416465 85.6453 0.000545874 648 0.000124549
0.00418294 87.5985 0.000551031 840 0.000126197
0.00420131 86.9178 0.000539609 984 0.000127867
0.00421976 87.2832 0.000534801 456 0.000129559
0.0042383 94.606 0.000572098 672 0.000131273
0.00425691 92.307 0.000550905 648 0.000133011
0.0042756 94.6546 0.000557539 936 0.000134771
0.00429438 92.2456 0.000536253 696 0.000136554
0.00431324 101.038 0.000579696 522 0.000138361
0.00433218 93.8578 0.000531467 816 0.000140192
0.00435121 101.946 0.000569727 1160 0.000142047
0.00437032 102.663 0.000566239 792 0.000143927
0.00438951 90.2484 0.000491267 528 0.000145831
0.00440879 104.435 0.000561066 960 0.000147761
0.00442815 105.773 0.000560835 792 0.000149716
0.0044476 106.649 0.000558094 768 0.000151698
0.00446713 105.8 0.000546418 888 0.000153705
0.00448675 110.017 0.000560778 795 0.000155739
0.00450645 110.164 0.000554191 804 0.0001578
0.00452624 99.713 0.000495068 984 0.000159888
0.00454612 106.777 0.000523217 768 0.000162004
0.00456608 104.3 0.000504402 708 0.000164148
0.00458614 116.787 0.000557415 996 0.00016632
0.00460628 111.606 0.000525733 960 0.000168521
0.00462651 113.211 0.000526324 1056 0.000170751
0.00464682 121.921 0.000559417 312 0.00017301
0.00466723 122.382 0.000554198 1184 0.0001753
0.00468773 111.92 0.000500201 648 0.000177619
0.00470831 116.013 0.000511725 1020 0.00017997
0.00472899 99.2888 0.000432235 672 0.000182351
0.00474976 117.83 0.000506251 1068 0.000184764
0.00477062 117.126 0.000496654 780 0.000187209
0.00479157 122.787 0.00051386 936 0.000189687
0.00481261 112.315 0.000463895 576 0.000192197
0.00483375 125.847 0.000512999 972 0.00019474
0.00485498 119.361 0.000480204 1104 0.000197317
0.0048763 118.599 0.000470907 816 0.000199928
0.00489771 126.589 0.000496067 708 0.000202574
0.00491922 121.408 0.000469553 804 0.000205254
0.00494082 135.842 0.000518515 648 0.00020797
0.00496252 128.565 0.00048433 864 0.000210722
0.00498432 138.231 0.000513942 1148 0.000213511
0.00500621 129.181 0.000474023 840 0.000216336
0.00502819 130.933 0.000474177 540 0.000219199
0.00505027 162.206 0.000579761 876 0.0002221
0.00507245 154.142 0.000543742 732 0.000225039
0.00509473 137.895 0.000480077 768 0.000228016
0.0051171 129.82 0.000446063 840 0.000231034
0.00513958 151.551 0.00051393 948 0.000234091
0.00516215 145.186 0.000485914 804 0.000237189
0.00518482 143.775 0.000474906 696 0.000240327
0.00520759 146.715 0.000478291 840 0.000243508
0.00523046 148.855 0.000478929 780 0.00024673
0.00525343 151.417 0.000480808 744 0.000249995
0.0052765 162.254 0.000508491 836 0.000253303
0.00529967 184.156 0.000569594 816 0.000256655
0.00532294 160.934 0.000491267 696 0.000260051
0.00534632 173.283 0.000522055 720 0.000263492
0.0053698 162.535 0.00048328 672 0.000266979
0.00539338 174.548 0.00051222 936 0.000270512
0.00541707 162.388 0.000470312 600 0.000274092
0.00544086 182.095 0.000520501 744 0.000277719
0.00546475 188.7 0.000532336 744 0.000281394
0.00548875 181.905 0.000506466 624 0.000285117
0.00551286 182.905 0.000502598 888 0.00028889
0.00553707 200.456 0.000543633 756 0.000292713
0.00556138 174.078 0.00046593 396 0.000296587
0.00558581 202.177 0.000534071 740 0.000300511
0.00561034 218.095 0.000568597 744 0.000304488
0.00563498 214.933 0.000553035 756 0.000308517
0.00565972 217.719 0.000552887 648 0.0003126
0.00568458 200.321 0.000502062 480 0.000316736
0.00570954 210.021 0.000519497 624 0.000320928
0.00573462 237.44 0.00057965 612 0.000325175
0.0057598 222.92 0.000537095 732 0.000329478
0.0057851 231.054 0.000549424 600 0.000333837
0.0058105 224.45 0.000526749 552 0.000338255
0.00583602 229.011 0.000530434 612 0.000342731
0.00586165 253.666 0.000579866 684 0.000347266
0.00588739 251.574 0.000567574 468 0.000351862
0.00591325 251.531 0.000560065 464 0.000356518
0.00593922 249.351 0.00054796 648 0.000361236
0.0059653 279.271 0.000605696 540 0.000366016
0.0059915 253.629 0.000542898 408 0.000370859
0.00601781 256.969 0.000542865 504 0.000375767
0.00604424 282.005 0.000587973 444 0.000380739
0.00607078 278.885 0.000573875 480 0.000385778
0.00609744 332.577 0.000675422 456 0.000390883
0.00612422 299.649 0.000600601 408 0.000396055
0.00615112 284.324 0.000562441 480 0.000401296
0.00617813 329.016 0.00064235 408 0.000406606
0.00620526 274.412 0.000528747 200 0.000411987
0.00623251 378.955 0.000720649 576 0.000417439
0.00625988 352.181 0.000660986 312 0.000422963
0.00628737 326.898 0.000605521 360 0.00042856
0.00631499 366.275 0.0006696 264 0.000434231
0.00634272 391.131 0.000705702 345 0.000439977
0.00637057 303.272 0.000540034 252 0.000445799
0.00639855 378.224 0.000664706 312 0.000451698
0.00642665 334.046 0.000579399 246 0.000457675
0.00645488 314.99 0.000539211 216 0.000463732
0.00648322 371.235 0.000627194 246 0.000469868
0.0065117 454.679 0.000758139 150 0.000476086
0.00654029 372.867 0.000613603 278 0.000482386
0.00656901 427.348 0.000694076 168 0.000488769
0.00659786 476.798 0.000764275 210 0.000495237
0.00662684 434.354 0.000687147 120 0.00050179
0.00665594 353.624 0.000552126 246 0.000508431
0.00668517 398.869 0.000614636 120 0.000515159
0.00671453 574.414 0.000873582 102 0.000521976
0.00674402 436.735 0.000655522 192 0.000528883
0.00677364 455.421 0.000674641 186 0.000535881
0.00680338 624.127 0.00091248 48 0.000542973
0.00683326 378.591 0.000546276 86 0.000550158
0.00686327 488.746 0.000696009 192 0.000557438
0.00689341 443.218 0.000622932 78 0.000564815
0.00692369 779.102 0.00108071 24 0.000572289
0.00695409 650.902 0.000891086 162 0.000579862
0.00698463 548.378 0.000740927 72 0.000587535
0.00701531 534.728 0.000713047 24 0.00059531
0.00704611 609.163 0.000801697 102 0.000603187
0.00707706 662.03 0.000859895 72 0.000611169
0.00710814 800.413 0.00102606 30 0.000619257
0.00713935 632.694 0.000800466 8 0.000627451
0.00717071 762.566 0.000952176 132 0.000635754
0.0072022 698.98 0.000861381 6 0.000644167
0.00723383 0 0 0 0.000652691
0.0072656 867.006 0.00104072 96 0.000661328
0.00729751 861.774 0.00102093 6 0.00067008
0.00732955 0 0 0 0.000678947
0.00736174 919.331 0.00106085 60 0.000687931
0.00739407 584.765 0.000665971 6 0.000697034
0.00742654 0 0 0 0.000706258
0.00745916 1120.7 0.00124321 38 0.000715604
0.00749192 0 0 0 0.000725073
0.00752482 0 0 0 0.000734668
0.00755786 1119.75 0.00119413 18 0.00074439
0.00759106 0 0 0 0.00075424
0.00762439 0 0 0 0.000764221
0.00765788 2227.31 0.0022834 6 0.000774334
0.00769151 0 0 0 0.000784581
0.00772529 0 0 0 0.000794963
0.00775921 7.59985 7.48993e-06 1 0.000805483
0.00779329 0 0 0 0.000816141
0.00782751 0 0 0 0.000826941
0.00786189 0 0 0 0.000837884
0.00789642 0 0 0 0.000848972
0.00793109 0 0 0 0.000860206
0.00796592 0 0 0 0.000871589
0.00800091 0 0 0 0.000883123
0.00803605 0 0 0 0.000894809
0.00807134 0 0 0 0.00090665
0.00810678 0 0 0 0.000918647
0.00814239 0 0 0 0.000930804
0.00817814 0 0 0 0.000943121
0.00821406 0 0 0 0.000955601
0.00825013 0 0 0 0.000968246
0.00828636 0 0 0 0.000981059
0.00832275 0 0 0 0.000994041
0.00835931 0 0 0 0.0010072
0.00839602 0 0 0 0.00102052
0.00843289 0 0 0 0.00103403
0.00846992 0 0 0 0.00104771
0.00850712 0 0 0 0.00106158
0.00854448 0 0 0 0.00107562
0.008582 0 0 0 0.00108986
0.00861969 0 0 0 0.00110428
0.00865755 0 0 0 0.00111889
0.00869557 0 0 0 0.0011337
0.00873376 0 0 0 0.0011487
0.00877211 0 0 0 0.0011639
0.00881064 0 0 0 0.0011793
0.00884933 0 0 0 0.00119491
0.00888819 0 0 0 0.00121072
0.00892723 0 0 0 0.00122674
0.00896643 0 0 0 0.00124297
0.00900581 0 0 0 0.00125942
0.00904536 0 0 0 0.00127609
0.00908508 0 0 0 0.00129297
0.00912498 0 0 0 0.00131008
0.00916506 0 0 0 0.00132742
0.0092053 0 0 0 0.00134499
0.00924573 0 0 0 0.00136278
0.00928634 0 0 0 0.00138082
0.00932712 0 0 0 0.00139909
0.00936808 0 0 0 0.0014176
0.00940922 0 0 0 0.00143636
0.00945054 0 0 0 0.00145537
0.00949205 0 0 0 0.00147463
0.00953373 0 0 0 0.00149414
0.0095756 0 0 0 0.00151391
0.00961765 0 0 0 0.00153395
0.00965989 0 0 0 0.00155425
0.00970231 0 0 0 0.00157481
0.00974492 0 0 0 0.00159565
0.00978772 0 0 0 0.00161677
0.0098307 0 0 0 0.00163816
0.00987387 0 0 0 0.00165984
0.00991724 0 0 0 0.0016818
0.00996079 0 0 0 0.00170406
0.0100045 0 0 0 0.00172661
0.0100485 0 0 0 0.00174946
0.0100926 0 0 0 0.00177261
0.0101369 0 0 0 0.00179606
0.0101814 0 0 0 0.00181983
0.0102262 0 0 0 0.00184391
0.0102711 0 0 0 0.00186831
0.0103162 0 0 0 0.00189304
0.0103615 0 0 0 0.00191809
0.010407 0 0 0 0.00194347
0.0104527 0 0 0 0.00196918
0.0104986 0 0 0 0.00199524
0.0105447 0 0 0 0.00202165
0.010591 0 0 0 0.0020484
0.0106375 0 0 0 0.0020755
0.0106842 0 0 0 0.00210297
0.0107312 0 0 0 0.0021308
0.0107783 0 0 0 0.00215899
0.0108256 0 0 0 0.00218756
0.0108732 0 0 0 0.00221651
0.0109209 0 0 0 0.00224584
0.0109689 0 0 0 0.00227556
0.011017 0 0 0 0.00230567
0.0110654 0 0 0 0.00233618
0.011114 0 0 0 0.0023671
0.0111628 0 0 0 0.00239842
0.0112118 0 0 0 0.00243016
0.0112611 0 0 0 0.00246232
0.0113105 0 0 0 0.0024949
0.0113602 0 0 0 0.00252792
0.0114101 0 0 0 0.00256137
0.0114602 0 0 0 0.00259526
0.0115105 0 0 0 0.0026296
0.0115611 0 0 0 0.0026644
0.0116119 0 0 0 0.00269966
0.0116629 0 0 0 0.00273538
0.0117141 0 0 0 0.00277158
0.0117655 0 0 0 0.00280826
0.0118172 0 0 0 0.00284542
0.0118691 0 0 0 0.00288307
0.0119212 0 0 0 0.00292122
0.0119736 0 0 0 0.00295988
0.0120262 0 0 0 0.00299905
0.012079 0 0 0 0.00303873
0.012132 0 0 0 0.00307894
0.0121853 0 0 0 0.00311969
0.0122388 0 0 0 0.00316097
0.0122926 0 0 0 0.0032028
0.0123465 0 0 0 0.00324518
0.0124008 0 0 0 0.00328812
0.0124552 0 0 0 0.00333163
0.0125099 0 0 0 0.00337572
0.0125649 0 0 0 0.00342039
0.01262 0 0 0 0.00346565
0.0126755 0 0 0 0.00351151
0.0127311 0 0 0 0.00355798
0.012787 0 0 0 0.00360506
0.0128432 0 0 0 0.00365277
0.0128996 0 0 0 0.00370111
0.0129562 0 0 0 0.00375008
0.0130131 0 0 0 0.00379971
0.0130703 0 0 0 0.00384999
0.0131277 0 0 0 0.00390093
0.0131853 0 0 0 0.00395255
0.0132433 0 0 0 0.00400486
0.0133014 0 0 0 0.00405785
0.0133598 0 0 0 0.00411155
0.0134185 0 0 0 0.00416596
0.0134774 0 0 0 0.00422109
0.0135366 0 0 0 0.00427694
0.0135961 0 0 0 0.00433354
0.0136558 0 0 0 0.00439088
0.0137157 0 0 0 0.00444899
0.013776 0 0 0 0.00450786
0.0138365 0 0 0 0.00456751
0.0138972 0 0 0 0.00462795
0.0139583 0 0 0 0.0046892
0.0140196 0 0 0 0.00475125
0.0140811 0 0 0 0.00481412
0.014143 0 0 0 0.00487782
0.0142051 0 0 0 0.00494237
0.0142675 0 0 0 0.00500777
0.0143301 0 0 0 0.00507404
0.0143931 0 0 0 0.00514118
0.0144563 0 0 0 0.00520922
0.0145198 0 0 0 0.00527815
0.0145835 0 0 0 0.005348
0.0146476 0 0 0 0.00541876
0.0147119 0 0 0 0.00549047
0.0147765 0 0 0 0.00556312
0.0148414 0 0 0 0.00563674
0.0149066 0 0 0 0.00571133
0.014972 0 0 0 0.00578691
0.0150378 0 0 0 0.00586349
0.0151038 0 0 0 0.00594108
0.0151702 0 0 0 0.00601969
0.0152368 0 0 0 0.00609935
0.0153037 0 0 0 0.00618006
0.0153709 0 0 0 0.00626184
0.0154384 0 0 0 0.00634471
0.0155062 0 0 0 0.00642866
0.0155743 0 0 0 0.00651373
0.0156427 0 0 0 0.00659993
0.0157114 0 0 0 0.00668727
0.0157804 0 0 0 0.00677576
0.0158497 0 0 0 0.00686542
0.0159193 0 0 0 0.00695627
0.0159892 0 0 0 0.00704832
0.0160594 0 0 0 0.00714159
0.01613 0 0 0 0.00723609
0.0162008 0 0 0 0.00733185
0.016272 0 0 0 0.00742887
0.0163434 0 0 0 0.00752718
0.0164152 0 0 0 0.00762678
0.0164873 0 0 0 0.00772771
0.0165597 0 0 0 0.00782997
0.0166324 0 0 0 0.00793358
0.0167055 0 0 0 0.00803856
0.0167788 0 0 0 0.00814494
0.0168525 0 0 0 0.00825272
0.0169265 0 0 0 0.00836192
0.0170009 0 0 0 0.00847258
0.0170755 0 0 0 0.00858469
0.0171505 0 0 0 0.00869829
0.0172258 0 0 0 0.0088134
0.0173015 0 0 0 0.00893002
0.0173775 0 0 0 0.00904819
0.0174538 0 0 0 0.00916793
0.0175304 0 0 0 0.00928924
0.0176074 0 0 0 0.00941217
0.0176847 0 0 0 0.00953672
0.0177624 0 0 0 0.00966291
0.0178404 0 0 0 0.00979078
0.0179188 0 0 0 0.00992034
0.0179974 0 0 0 0.0100516
0.0180765 0 0 0 0.0101846
0.0181559 0 0 0 0.0103194
0.0182356 0 0 0 0.010456
0.0183157 0 0 0 0.0105943
0.0183961 0 0 0 0.0107345
0.0184769 0 0 0 0.0108766
0.0185581 0 0 0 0.0110205
0.0186396 0 0 0 0.0111663
0.0187214 0 0 0 0.0113141
0.0188036 0 0 0 0.0114638
0.0188862 0 0 0 0.0116155
0.0189692 0 0 0 0.0117692
0.0190525 0 0 0 0.0119249
0.0191361 0 0 0 0.0120827
0.0192202 0 0 0 0.0122426
0.0193046 0 0 0 0.0124046
0.0193894 0 0 0 0.0125688
0.0194745 0 0 0 0.0127351
0.01956 0 0 0 0.0129036
0.0196459 0 0 0 0.0130744
0.0197322 0 0 0 0.0132474
0.0198189 0 0 0 0.0134227
0.0199059 0 0 0 0.0136003
0.0199933 0 0 0 0.0137803
0.0200811 0 0 0 0.0139626
0.0201693 0 0 0 0.0141474
0.0202579 0 0 0 0.0143346
0.0203469 0 0 0 0.0145243
0.0204362 0 0 0 0.0147165
0.020526 0 0 0 0.0149113
0.0206161 0 0 0 0.0151086
0.0207066 0 0 0 0.0153085
0.0207976 0 0 0 0.0155111
0.0208889 0 0 0 0.0157163
0.0209807 0 0 0 0.0159243
0.0210728 0 0 0 0.016135
0.0211653 0 0 0 0.0163485
0.0212583 0 0 0 0.0165649
0.0213517 0 0 0 0.0167841
0.0214454 0 0 0 0.0170062
0.0215396 0 0 0 0.0172312
0.0216342 0 0 0 0.0174592
0.0217292 0 0 0 0.0176903
0.0218246 0 0 0 0.0179244
0.0219205 0 0 0 0.0181616
0.0220167 0 0 0 0.0184019
0.0221134 0 0 0 0.0186454
0.0222105 0 0 0 0.0188921
0.0223081 0 0 0 0.0191421
0.0224061 0 0 0 0.0193954
0.0225045 0 0 0 0.0196521
0.0226033 0 0 0 0.0199121
0.0227026 0 0 0 0.0201756
0.0228023 0 0 0 0.0204426
0.0229024 0 0 0 0.0207131
0.023003 0 0 0 0.0209872
0.023104 0 0 0 0.0212649
0.0232055 0 0 0 0.0215463
0.0233074 0 0 0 0.0218315
0.0234097 0 0 0 0.0221204
0.0235125 0 0 0 0.0224131
0.0236158 0 0 0 0.0227097
0.0237195 0 0 0 0.0230102
0.0238237 0 0 0 0.0233147
0.0239283 0 0 0 0.0236232
0.0240334 0 0 0 0.0239358
0.0241389 0 0 0 0.0242525
0.0242449 0 0 0 0.0245735
0.0243514 0 0 0 0.0248986
0.0244584 0 0 0 0.0252281
0.0245658 0 0 0 0.025562
0.0246737 0 0 0 0.0259002
0.024782 0 0 0 0.026243
0.0248908 0 0 0 0.0265902
0.0250002 0 0 0 0.0269421
0.0251099 0 0 0 0.0272986
0.0252202 0 0 0 0.0276598
0.025331 0 0 0 0.0280259
0.0254422 0 0 0 0.0283967
0.025554 0 0 0 0.0287725
0.0256662 0 0 0 0.0291532
0.0257789 0 0 0 0.029539
0.0258921 0 0 0 0.0299299
0.0260058 0 0 0 0.030326
0.02612 0 0 0 0.0307273
0.0262347 0 0 0 0.0311339
0.0263499 0 0 0 0.0315459
0.0264657 0 0 0 0.0319633
0.0265819 0 0 0 0.0323863
0.0266986 0 0 0 0.0328148
0.0268159 0 0 0 0.0332491
0.0269337 0 0 0 0.0336891
0.0270519 0 0 0 0.0341349
0.0271707 0 0 0 0.0345866
0.0272901 0 0 0 0.0350442
0.0274099 0 0 0 0.035508
0.0275303 0 0 0 0.0359778
0.0276512 0 0 0 0.0364539
0.0277726 0 0 0 0.0369363
0.0278946 0 0 0 0.0374251
0.0280171 0 0 0 0.0379203
0.0281401 0 0 0 0.0384221
0.0282637 0 0 0 0.0389306
0.0283878 0 0 0 0.0394457
0.0285125 0 0 0 0.0399677
0.0286377 0 0 0 0.0404966
0.0287635 0 0 0 0.0410325
0.0288898 0 0 0 0.0415755
0.0290167 0 0 0 0.0421256
0.0291441 0 0 0 0.0426831
0.0292721 0 0 0 0.0432479
0.0294007 0 0 0 0.0438202
0.0295298 0 0 0 0.0444001
0.0296595 0 0 0 0.0449876
0.0297897 0 0 0 0.0455829
0.0299205 0 0 0 0.0461861
0.0300519 0 0 0 0.0467973
0.0301839 0 0 0 0.0474165
0.0303165 0 0 0 0.048044
0.0304496 0 0 0 0.0486798
0.0305833 0 0 0 0.0493239
0.0307176 0 0 0 0.0499766
0.0308525 0 0 0 0.050638
0.030988 0 0 0 0.051308
0.0311241 0 0 0 0.051987
0.0312608 0 0 0 0.0526749
0.0313981 0 0 0 0.053372
0.031536 0 0 0 0.0540782
0.0316745 0 0 0 0.0547938
0.0318136 0 0 0 0.0555189
0.0319533 0 0 0 0.0562536
0.0320936 0 0 0 0.056998
0.0322346 0 0 0 0.0577522
0.0323761 0 0 0 0.0585165
0.0325183 0 0 0 0.0592908
0.0326611 0 0 0 0.0600754
0.0328046 0 0 0 0.0608704
0.0329486 0 0 0 0.0616759
0.0330933 0 0 0 0.062492
0.0332387 0 0 0 0.063319
0.0333846 0 0 0 0.0641568
0.0335312 0 0 0 0.0650058
0.0336785 0 0 0 0.065866
0.0338264 0 0 0 0.0667376
0.033975 0 0 0 0.0676208
0.0341242 0 0 0 0.0685156
0.034274 0 0 0 0.0694222
0.0344245 0 0 0 0.0703409
0.0345757 0 0 0 0.0712717
0.0347276 0 0 0 0.0722148
0.0348801 0 0 0 0.0731704
0.0350333 0 0 0 0.0741387
0.0351871 0 0 0 0.0751198
0.0353416 0 0 0 0.0761138
0.0354969 0 0 0 0.077121
0.0356527 0 0 0 0.0781416
0.0358093 0 0 0 0.0791756
0.0359666 0 0 0 0.0802233
0.0361245 0 0 0 0.0812849
0.0362832 0 0 0 0.0823605
0.0364425 0 0 0 0.0834504
0.0366026 0 0 0 0.0845547
0.0367633 0 0 0 0.0856736
0.0369248 0 0 0 0.0868073
0.0370869 0 0 0 0.087956
0.0372498 0 0 0 0.0891199
0.0374134 0 0 0 0.0902992
0.0375777 0 0 0 0.0914941
0.0377427 0 0 0 0.0927049
0.0379085 0 0 0 0.0939316
0.0380749 0 0 0 0.0951746
0.0382422 0 0 0 0.096434
0.0384101 0 0 0 0.0977101
0.0385788 0 0 0 0.0990031
0.0387482 0 0 0 0.100313
0.0389184 0 0 0 0.101641
0.0390893 0 0 0 0.102986
0.039261 0 0 0 0.104348
0.0394334 0 0 0 0.105729
0.0396066 0 0 0 0.107128
0.0397805 0 0 0 0.108546
0.0399552 0 0 0 0.109982
0.0401307 0 0 0 0.111438
0.0403069 0 0 0 0.112912
0.0404839 0 0 0 0.114407
0.0406617 0 0 0 0.11592
0.0408403 0 0 0 0.117454
0.0410196 0 0 0 0.119009
0.0411998 0 0 0 0.120584
0.0413807 0 0 0 0.122179
0.0415624 0 0 0 0.123796
0.041745 0 0 0 0.125434
0.0419283 0 0 0 0.127094
0.0421124 0 0 0 0.128776
0.0422974 0 0 0 0.13048
0.0424831 0 0 0 0.132207
0.0426697 0 0 0 0.133956
0.0428571 0 0 0 0.135729
0.0430453 0 0 0 0.137525
0.0432344 0 0 0 0.139345
0.0434242 0 0 0 0.141188
0.0436149 0 0 0 0.143057
0.0438065 0 0 0 0.14495
0.0439988 0 0 0 0.146868
0.0441921 0 0 0 0.148811
0.0443862 0 0 0 0.150781
0.0445811 0 0 0 0.152776
0.0447769 0 0 0 0.154798
0.0449735 0 0 0 0.156846
0.045171 0 0 0 0.158921
0.0453694 0 0 0 0.161024
0.0455686 0 0 0 0.163155
0.0457688 0 0 0 0.165314
0.0459698 0 0 0 0.167502
0.0461716 0 0 0 0.169718
0.0463744 0 0 0 0.171964
0.0465781 0 0 0 0.17424
0.0467826 0 0 0 0.176546
0.0469881 0 0 0 0.178882
0.0471944 0 0 0 0.181249
0.0474017 0 0 0 0.183647
0.0476099 0 0 0 0.186078
0.0478189 0 0 0 0.18854
0.048029 0 0 0 0.191035
0.0482399 0 0 0 0.193563
0.0484517 0 0 0 0.196124
0.0486645 0 0 0 0.198719
0.0488782 0 0 0 0.201349
0.0490929 0 0 0 0.204013
0.0493085 0 0 0 0.206713
0.049525 0 0 0 0.209449
0.0497425 0 0 0 0.21222
0.049961 0 0 0 0.215028
0.0501804 0 0 0 0.217874
0.0504008 0 0 0 0.220757
0.0506221 0 0 0 0.223678
0.0508444 0 0 0 0.226638
0.0510677 0 0 0 0.229637
0.051292 0 0 0 0.232676
0.0515172 0 0 0 0.235755
0.0517435 0 0 0 0.238875
0.0519707 0 0 0 0.242036
0.052199 0 0 0 0.245238
0.0524282 0 0 0 0.248484
0.0526584 0 0 0 0.251772
0.0528897 0 0 0 0.255103
0.053122 0 0 0 0.258479
0.0533553 0 0 0 0.2619
0.0535896 0 0 0 0.265365
0.0538249 0 0 0 0.268877
0.0540613 0 0 0 0.272435
0.0542987 0 0 0 0.27604
0.0545372 0 0 0 0.279693
0.0547767 0 0 0 0.283394
0.0550173 0 0 0 0.287144
0.0552589 0 0 0 0.290944
0.0555015 0 0 0 0.294794
0.0557453 0 0 0 0.298695
0.0559901 0 0 0 0.302647
0.056236 0 0 0 0.306652
0.056483 0 0 0 0.31071
0.056731 0 0 0 0.314822
0.0569802 0 0 0 0.318988
0.0572304 0 0 0 0.323209
0.0574817 0 0 0 0.327486
0.0577342 0 0 0 0.331819
0.0579877 0 0 0 0.33621
0.0582424 0 0 0 0.340659
0.0584982 0 0 0 0.345167
0.0587551 0 0 0 0.349735
0.0590131 0 0 0 0.354363
0.0592723 0 0 0 0.359052
0.0595326 0 0 0 0.363803
0.059794 0 0 0 0.368617
0.0600566 0 0 0 0.373495
0.0603203 0 0 0 0.378438
0.0605852 0 0 0 0.383446
0.0608513 0 0 0 0.38852
0.0611186 0 0 0 0.393661
0.061387 0 0 0 0.39887
0.0616566 0 0 0 0.404148
0.0619273 0 0 0 0.409496
0.0621993 0 0 0 0.414915
0.0624724 0 0 0 0.420406
0.0627468 0 0 0 0.425969
0.0630224 0 0 0 0.431606
0.0632991 0 0 0 0.437317
0.0635771 0 0 0 0.443104
0.0638563 0 0 0 0.448968
0.0641368 0 0 0 0.454909
0.0644184 0 0 0 0.460928
0.0647013 0 0 0 0.467028
0.0649855 0 0 0 0.473208
0.0652709 0 0 0 0.47947
0.0655575 0 0 0 0.485815
0.0658454 0 0 0 0.492243
0.0661346 0 0 0 0.498757
0.066425 0 0 0 0.505357
0.0667167 0 0 0 0.512044
0.0670097 0 0 0 0.51882
0.067304 0 0 0 0.525686
0.0675996 0 0 0 0.532642
0.0678965 0 0 0 0.53969
0.0681946 0 0 0 0.546832
0.0684941 0 0 0 0.554068
0.0687949 0 0 0 0.5614
0.0690971 0 0 0 0.568829
0.0694005 0 0 0 0.576356
0.0697053 0 0 0 0.583983
0.0700114 0 0 0 0.591711
0.0703189 0 0 0 0.599541
0.0706277 0 0 0 0.607475
0.0709379 0 0 0 0.615513
0.0712494 0 0 0 0.623658
0.0715623 0 0 0 0.631911
0.0718766 0 0 0 0.640273
0.0721922 0 0 0 0.648746
0.0725093 0 0 0 0.657331
0.0728277 0 0 0 0.666029
0.0731475 0 0 0 0.674842
0.0734688 0 0 0 0.683772
0.0737914 0 0 0 0.692821
0.0741155 0 0 0 0.701989
0.074441 0 0 0 0.711278
0.0747679 0 0 0 0.72069
0.0750963 0 0 0 0.730227
0.0754261 0 0 0 0.73989
0.0757573 0 0 0 0.749681
0.07609 0 0 0 0.759601
0.0764242 0 0 0 0.769653
0.0767598 0 0 0 0.779838
0.0770969 0 0 0 0.790157
0.0774355 0 0 0 0.800613
0.0777755 0 0 0 0.811208
0.0781171 0 0 0 0.821942
0.0784602 0 0 0 0.832819
0.0788047 0 0 0 0.84384
0.0791508 0 0 0 0.855006
0.0794984 0 0 0 0.86632
0.0798475 0 0 0 0.877784
0.0801982 0 0 0 0.8894
0.0805504 0 0 0 0.901169
0.0809042 0 0 0 0.913094
0.0812595 0 0 0 0.925177
0.0816163 0 0 0 0.93742
0.0819747 0 0 0 0.949825
0.0823347 0 0 0 0.962393
0.0826963 0 0 0 0.975129
0.0830595 0 0 0 0.988032
0.0834243 0 0 0 1.00111
0.0837906 0 0 0 1.01435
0.0841586 0 0 0 1.02778
0.0845282 0 0 0 1.04138
0.0848994 0 0 0 1.05516
0.0852723 0 0 0 1.06912
0.0856468 0 0 0 1.08327
0.0860229 0 0 0 1.0976
0.0864007 0 0 0 1.11213
0.0867801 0 0 0 1.12684
0.0871612 0 0 0 1.14176
0.087544 0 0 0 1.15686
0.0879285 0 0 0 1.17217
0.0883146 0 0 0 1.18768
0.0887025 0 0 0 1.2034
0.089092 0 0 0 1.21933
0.0894833 0 0 0 1.23546
0.0898763 0 0 0 1.25181
0.090271 0 0 0 1.26837
0.0906674 0 0 0 1.28516
0.0910656 0 0 0 1.30216
0.0914655 0 0 0 1.3194
0.0918672 0 0 0 1.33686
0.0922706 0 0 0 1.35455
0.0926759 0 0 0 1.37247
0.0930829 0 0 0 1.39063
0.0934916 0 0 0 1.40903
0.0939022 0 0 0 1.42768
0.0943146 0 0 0 1.44657
0.0947288 0 0 0 1.46571
0.0951448 0 0 0 1.48511
0.0955627 0 0 0 1.50476
0.0959823 0 0 0 1.52467
0.0964039 0 0 0 1.54485
0.0968272 0 0 0 1.56529
0.0972525 0 0 0 1.58601
0.0976796 0 0 0 1.60699
0.0981085 0 0 0 1.62826
0.0985394 0 0 0 1.64981
0.0989721 0 0 0 1.67164
0.0994068 0 0 0 1.69376
0.0998433 0 0 0 1.71617
0.100282 0 0 0 1.73888
0.100722 0 0 0 1.76189
0.101165 0 0 0 1.78521
0.101609 0 0 0 1.80883
0.102055 0 0 0 1.83277
0.102503 0 0 0 1.85702
0.102953 0 0 0 1.88159
0.103406 0 0 0 1.90649
0.10386 0 0 0 1.93172
0.104316 0 0 0 1.95728
0.104774 0 0 0 1.98318
0.105234 0 0 0 2.00942
0.105696 0 0 0 2.03602
0.10616 0 0 0 2.06296
0.106627 0 0 0 2.09026
0.107095 0 0 0 2.11792
0.107565 0 0 0 2.14594
0.108038 0 0 0 2.17434
0.108512 0 0 0 2.20311
0.108989 0 0 0 2.23227
0.109467 0 0 0 2.26181
0.109948 0 0 0 2.29174
0.110431 0 0 0 2.32206
0.110916 0 0 0 2.35279
0.111403 0 0 0 2.38392
0.111892 0 0 0 2.41547
0.112384 0 0 0 2.44743
0.112877 0 0 0 2.47982
0.113373 0 0 0 2.51263
0.113871 0 0 0 2.54588
0.114371 0 0 0 2.57957
0.114873 0 0 0 2.61371
0.115377 0 0 0 2.6483
0.115884 0 0 0 2.68334
0.116393 0 0 0 2.71885
0.116904 0 0 0 2.75483
0.117418 0 0 0 2.79128
0.117933 0 0 0 2.82822
0.118451 0 0 0 2.86564
0.118971 0 0 0 2.90356
0.119494 0 0 0 2.94199
0.120019 0 0 0 2.98092
0.120546 0 0 0 3.02036
0.121075 0 0 0 3.06033
0.121607 0 0 0 3.10083
0.122141 0 0 0 3.14186
0.122677 0 0 0 3.18344
0.123216 0 0 0 3.22556
0.123757 0 0 0 3.26825
0.124301 0 0 0 3.31149
0.124847 0 0 0 3.35531
0.125395 0 0 0 3.39972
0.125946 0 0 0 3.4447
0.126499 0 0 0 3.49029
0.127054 0 0 0 3.53647
0.127612 0 0 0 3.58327
0.128173 0 0 0 3.63069
0.128736 0 0 0 3.67873
0.129301 0 0 0 3.72741
0.129869 0 0 0 3.77674
0.130439 0 0 0 3.82671
0.131012 0 0 0 3.87735
0.131587 0 0 0 3.92866
0.132165 0 0 0 3.98065
0.132746 0 0 0 4.03332
0.133329 0 0 0 4.0867
0.133914 0 0 0 4.14077
0.134502 0 0 0 4.19557
0.135093 0 0 0 4.25109
0.135686 0 0 0 4.30734
0.136282 0 0 0 4.36434
0.136881 0 0 0 4.42209
0.137482 0 0 0 4.48061
0.138085 0 0 0 4.5399
0.138692 0 0 0 4.59998
0.139301 0 0 0 4.66085
0.139913 0 0 0 4.72253
0.140527 0 0 0 4.78502
0.141144 0 0 0 4.84834
0.141764 0 0 0 4.91249
0.142387 0 0 0 4.9775
0.143012 0 0 0 5.04337
0.14364 0 0 0 5.11011
0.144271 0 0 0 5.17773
0.144904 0 0 0 5.24624
0.145541 0 0 0 5.31567
0.14618 0 0 0 5.38601
0.146822 0 0 0 5.45728
0.147467 0 0 0 5.5295
0.148114 0 0 0 5.60267
0.148765 0 0 0 5.67681
0.149418 0 0 0 5.75193
0.150074 0 0 0 5.82804
0.150733 0 0 0 5.90516
0.151395 0 0 0 5.98331
0.15206 0 0 0 6.06248
0.152728 0 0 0 6.14271
0.153399 0 0 0 6.22399
0.154072 0 0 0 6.30635
0.154749 0 0 0 6.3898
0.155429 0 0 0 6.47436
0.156111 0 0 0 6.56003
0.156797 0 0 0 6.64684
0.157485 0 0 0 6.7348
0.158177 0 0 0 6.82392
0.158872 0 0 0 6.91422
0.159569 0 0 0 7.00571
0.16027 0 0 0 7.09842
0.160974 0 0 0 7.19235
0.161681 0 0 0 7.28753
0.162391 0 0 0 7.38396
0.163104 0 0 0 7.48167
0.163821 0 0 0 7.58068
0.16454 0 0 0 7.68099
0.165263 0 0 0 7.78263
0.165988 0 0 0 7.88562
0.166717 0 0 0 7.98997
0.167449 0 0 0 8.0957
0.168185 0 0 0 8.20283
0.168923 0 0 0 8.31138
0.169665 0 0 0 8.42136
0.17041 0 0 0 8.5328
0.171159 0 0 0 8.64571
0.17191 0 0 0 8.76012
0.172665 0 0 0 8.87604
0.173424 0 0 0 8.9935
0.174185 0 0 0 9.11251
0.17495 0 0 0 9.23309
0.175719 0 0 0 9.35527
0.17649 0 0 0 9.47907
0.177265 0 0 0 9.6045
0.178044 0 0 0 9.7316
0.178826 0 0 0 9.86037
0.179611 0 0 0 9.99086
0.1804 0 0 0 10.1231
0.181192 0 0 0 10.257
0.181988 0 0 0 10.3928
0.182787 0 0 0 10.5303
0.18359 0 0 0 10.6696
0.184396 0 0 0 10.8108
0.185206 0 0 0 10.9539
0.186019 0 0 0 11.0988
0.186836 0 0 0 11.2457
0.187657 0 0 0 11.3945
0.188481 0 0 0 11.5453
0.189309 0 0 0 11.6981
0.19014 0 0 0 11.8529
0.190975 0 0 0 12.0097
0.191814 0 0 0 12.1686
0.192656 0 0 0 12.3297
0.193502 0 0 0 12.4928
0.194352 0 0 0 12.6581
0.195205 0 0 0 12.8256
0.196063 0 0 0 12.9954
0.196924 0 0 0 13.1673
0.197789 0 0 0 13.3416
0.198657 0 0 0 13.5181
0.19953 0 0 0 13.697
0.200406 0 0 0 13.8782
0.201286 0 0 0 14.0619
0.20217 0 0 0 14.248
0.203058 0 0 0 14.4365
0.20395 0 0 0 14.6275
0.204845 0 0 0 14.8211
0.205745 0 0 0 15.0172
0.206648 0 0 0 15.216
0.207556 0 0 0 15.4173
0.208467 0 0 0 15.6213
0.209383 0 0 0 15.828
0.210302 0 0 0 16.0375
0.211226 0 0 0 16.2497
0.212154 0 0 0 16.4647
0.213085 0 0 0 16.6826
0.214021 0 0 0 16.9034
0.214961 0 0 0 17.1271
0.215905 0 0 0 17.3537
0.216853 0 0 0 17.5833
0.217806 0 0 0 17.816
0.218762 0 0 0 18.0518
0.219723 0 0 0 18.2906
0.220688 0 0 0 18.5327
0.221657 0 0 0 18.7779
0.22263 0 0 0 19.0264
0.223608 0 0 0 19.2782
0.22459 0 0 0 19.5333
0.225577 0 0 0 19.7918
0.226567 0 0 0 20.0537
0.227562 0 0 0 20.319
0.228562 0 0 0 20.5879
0.229565 0 0 0 20.8604
0.230573 0 0 0 21.1364
0.231586 0 0 0 21.4161
0.232603 0 0 0 21.6995
0.233625 0 0 0 21.9866
0.234651 0 0 0 22.2776
0.235681 0 0 0 22.5724
0.236716 0 0 0 22.8711
0.237756 0 0 0 23.1737
0.2388 0 0 0 23.4804
0.239849 0 0 0 23.7911
0.240902 0 0 0 24.1059
0.24196 0 0 0 24.4249
0.243022 0 0 0 24.7481
0.24409 0 0 0 25.0756
0.245162 0 0 0 25.4074
0.246238 0 0 0 25.7437
0.24732 0 0 0 26.0843
0.248406 0 0 0 26.4295
0.249497 0 0 0 26.7792
0.250592 0 0 0 27.1336
0.251693 0 0 0 27.4926
0.252798 0 0 0 27.8564
0.253909 0 0 0 28.2251
0.255024 0 0 0 28.5986
0.256144 0 0 0 28.977
0.257268 0 0 0 29.3605
0.258398 0 0 0 29.749
0.259533 0 0 0 30.1426
0.260673 0 0 0 30.5415
0.261818 0 0 0 30.9457
0.262967 0 0 0 31.3552
0.264122 0 0 0 31.7701
0.265282 0 0 0 32.1905
0.266447 0 0 0 32.6165
0.267617 0 0 0 33.0481
0.268793 0 0 0 33.4854
0.269973 0 0 0 33.9285
0.271159 0 0 0 34.3775
0.27235 0 0 0 34.8324
0.273546 0 0 0 35.2933
0.274747 0 0 0 35.7604
0.275954 0 0 0 36.2336
0.277165 0 0 0 36.713
0.278383 0 0 0 37.1989
0.279605 0 0 0 37.6911
0.280833 0 0 0 38.1899
0.282066 0 0 0 38.6952
0.283305 0 0 0 39.2073
0.284549 0 0 0 39.7261
0.285799 0 0 0 40.2518
0.287054 0 0 0 40.7844
0.288315 0 0 0 41.3241
0.289581 0 0 0 41.871
0.290853 0 0 0 42.4251
0.29213 0 0 0 42.9865
0.293413 0 0 0 43.5553
0.294702 0 0 0 44.1317
0.295996 0 0 0 44.7156
0.297296 0 0 0 45.3074
0.298601 0 0 0 45.9069
0.299913 0 0 0 46.5144
0.30123 0 0 0 47.1299
0.302553 0 0 0 47.7536
0.303881 0 0 0 48.3855
0.305216 0 0 0 49.0258
0.306556 0 0 0 49.6745
0.307903 0 0 0 50.3319
0.309255 0 0 0 50.9979
0.310613 0 0 0 51.6727
0.311977 0 0 0 52.3565
0.313347 0 0 0 53.0493
0.314723 0 0 0 53.7513
0.316105 0 0 0 54.4626
0.317494 0 0 0 55.1833
0.318888 0 0 0 55.9135
0.320288 0 0 0 56.6534
0.321695 0 0 0 57.4031
0.323108 0 0 0 58.1627
0.324527 0 0 0 58.9324
0.325952 0 0 0 59.7122
0.327383 0 0 0 60.5024
0.328821 0 0 0 61.303
0.330265 0 0 0 62.1142
0.331716 0 0 0 62.9362
0.333172 0 0 0 63.769
0.334635 0 0 0 64.6129
0.336105 0 0 0 65.4679
0.337581 0 0 0 66.3342
0.339064 0 0 0 67.212
0.340553 0 0 0 68.1014
0.342048 0 0 0 69.0026
0.34355 0 0 0 69.9157
0.345059 0 0 0 70.8409
0.346575 0 0 0 71.7783
0.348097 0 0 0 72.7281
0.349625 0 0 0 73.6905
0.351161 0 0 0 74.6657
0.352703 0 0 0 75.6537
0.354252 0 0 0 76.6548
0.355808 0 0 0 77.6692
0.35737 0 0 0 78.697
0.35894 0 0 0 79.7384
0.360516 0 0 0 80.7935
0.362099 0 0 0 81.8627
0.363689 0 0 0 82.9459
0.365287 0 0 0 84.0436
0.366891 0 0 0 85.1557
0.368502 0 0 0 86.2825
0.37012 0 0 0 87.4243
0.371746 0 0 0 88.5812
0.373378 0 0 0 89.7534
0.375018 0 0 0 90.9411
0.376665 0 0 0 92.1445
0.378319 0 0 0 93.3638
0.379981 0 0 0 94.5993
0.381649 0 0 0 95.8511
0.383326 0 0 0 97.1195
0.385009 0 0 0 98.4047
0.3867 0 0 0 99.7068
0.388398 0 0 0 101.026
0.390104 0 0 0 102.363
0.391817 0 0 0 103.718
0.393538 0 0 0 105.09
0.395266 0 0 0 106.481
0.397002 0 0 0 107.89
0.398745 0 0 0 109.318
0.400496 0 0 0 110.764
0.402255 0 0 0 112.23
0.404022 0 0 0 113.715
0.405796 0 0 0 115.22
0.407578 0 0 0 116.744
0.409368 0 0 0 118.289
0.411166 0 0 0 119.855
0.412972 0 0 0 121.441
0.414785 0 0 0 123.048
0.416607 0 0 0 124.676
0.418436 0 0 0 126.326
0.420274 0 0 0 127.997
0.42212 0 0 0 129.691
0.423974 0 0 0 131.407
0.425836 0 0 0 133.146
0.427706 0 0 0 134.908
0.429584 0 0 0 136.693
0.431471 0 0 0 138.502
0.433365 0 0 0 140.335
0.435269 0 0 0 142.192
0.43718 0 0 0 144.074
0.4391 0 0 0 145.98
0.441028 0 0 0 147.912
0.442965 0 0 0 149.869
0.444911 0 0 0 151.852
0.446865 0 0 0 153.862
0.448827 0 0 0 155.898
0.450798 0 0 0 157.961
0.452778 0 0 0 160.051
0.454766 0 0 0 162.169
0.456763 0 0 0 164.315
0.458769 0 0 0 166.489
0.460784 0 0 0 168.692
0.462808 0 0 0 170.925
0.46484 0 0 0 173.187
0.466882 0 0 0 175.478
0.468932 0 0 0 177.8
0.470991 0 0 0 180.153
0.47306 0 0 0 182.537
0.475137 0 0 0 184.953
0.477224 0 0 0 187.4
0.47932 0 0 0 189.88
0.481425 0 0 0 192.393
0.483539 0 0 0 194.939
0.485663 0 0 0 197.518
0.487795 0 0 0 200.132
0.489938 0 0 0 202.78
0.492089 0 0 0 205.464
0.49425 0 0 0 208.182
0.496421 0 0 0 210.937
0.498601 0 0 0 213.729
0.500791 0 0 0 216.557
0.50299 0 0 0 219.422
0.505199 0 0 0 222.326
0.507418 0 0 0 225.268
0.509646 0 0 0 228.249
0.511884 0 0 0 231.269
0.514132 0 0 0 234.33
0.51639 0 0 0 237.431
0.518658 0 0 0 240.573
0.520936 0 0 0 243.756
0.523223 0 0 0 246.982
0.525521 0 0 0 250.25
0.527829 0 0 0 253.561
0.530147 0 0 0 256.917
0.532475 0 0 0 260.316
0.534814 0 0 0 263.761
0.537162 0 0 0 267.252
0.539522 0 0 0 270.788
0.541891 0 0 0 274.371
0.544271 0 0 0 278.002
0.546661 0 0 0 281.681
0.549062 0 0 0 285.408
0.551473 0 0 0 289.185
0.553895 0 0 0 293.012
0.556327 0 0 0 296.889
0.558771 0 0 0 300.818
0.561224 0 0 0 304.799
0.563689 0 0 0 308.832
0.566165 0 0 0 312.919
0.568651 0 0 0 317.059
0.571148 0 0 0 321.255
0.573657 0 0 0 325.506
0.576176 0 0 0 329.814
0.578706 0 0 0 334.178
0.581248 0 0 0 338.6
0.5838 0 0 0 343.081
0.586364 0 0 0 347.621
0.588939 0 0 0 352.221
0.591526 0 0 0 356.882
0.594124 0 0 0 361.604
0.596733 0 0 0 366.389
0.599353 0 0 0 371.238
0.601985 0 0 0 376.15
0.604629 0 0 0 381.128
0.607285 0 0 0 386.171
0.609951 0 0 0 391.281
0.61263 0 0 0 396.459
0.615321 0 0 0 401.705
0.618023 0 0 0 407.021
0.620737 0 0 0 412.407
0.623463 0 0 0 417.864
0.626201 0 0 0 423.394
0.628951 0 0 0 428.997
0.631713 0 0 0 434.674
0.634488 0 0 0 440.425
0.637274 0 0 0 446.254
0.640073 0 0 0 452.159
0.642884 0 0 0 458.142
0.645707 0 0 0 464.205
0.648543 0 0 0 470.347
0.651391 0 0 0 476.571
0.654252 0 0 0 482.878
0.657125 0 0 0 489.268
0.660011 0 0 0 495.742
0.662909 0 0 0 502.302
0.66582 0 0 0 508.949
0.668744 0 0 0 515.684
0.671681 0 0 0 522.508
0.674631 0 0 0 529.422
0.677594 0 0 0 536.428
0.68057 0 0 0 543.527
0.683558 0 0 0 550.719
0.68656 0 0 0 558.007
0.689575 0 0 0 565.391
0.692604 0 0 0 572.872
0.695646 0 0 0 580.453
0.698701 0 0 0 588.134
0.701769 0 0 0 595.917
0.704851 0 0 0 603.803
0.707946 0 0 0 611.793
0.711055 0 0 0 619.888
0.714178 0 0 0 628.091
0.717315 0 0 0 636.403
0.720465 0 0 0 644.824
0.723629 0 0 0 653.357
0.726807 0 0 0 662.003
0.729999 0 0 0 670.763
0.733204 0 0 0 679.639
0.736424 0 0 0 688.633
0.739659 0 0 0 697.745
0.742907 0 0 0 706.978
0.746169 0 0 0 716.334
0.749446 0 0 0 725.813
0.752738 0 0 0 735.418
0.756043 0 0 0 745.149
0.759364 0 0 0 755.01
0.762698 0 0 0 765.001
0.766048 0 0 0 775.124
0.769412 0 0 0 785.381
0.772791 0 0 0 795.774
0.776185 0 0 0 806.304
0.779594 0 0 0 816.974
0.783017 0 0 0 827.785
0.786456 0 0 0 838.739
0.78991 0 0 0 849.838
0.793379 0 0 0 861.083
0.796863 0 0 0 872.478
0.800363 0 0 0 884.023
0.803878 0 0 0 895.722
0.807408 0 0 0 907.575
0.810954 0 0 0 919.584
0.814515 0 0 0 931.753
0.818092 0 0 0 944.083
0.821685 0 0 0 956.576
0.825294 0 0 0 969.234
0.828918 0 0 0 982.06
0.832558 0 0 0 995.055
0.836215 0 0 0 1008.22
0.839887 0 0 0 1021.56
0.843575 0 0 0 1035.08
0.84728 0 0 0 1048.78
0.851001 0 0 0 1062.66
0.854738 0 0 0 1076.72
0.858492 0 0 0 1090.97
0.862262 0 0 0 1105.4
0.866049 0 0 0 1120.03
0.869852 0 0 0 1134.85
0.873673 0 0 0 1149.87
0.877509 0 0 0 1165.09
0.881363 0 0 0 1180.5
0.885234 0 0 0 1196.13
0.889121 0 0 0 1211.95
0.893026 0 0 0 1227.99
0.896948 0 0 0 1244.24
0.900887 0 0 0 1260.71
0.904843 0 0 0 1277.39
0.908817 0 0 0 1294.29
0.912808 0 0 0 1311.42
0.916817 0 0 0 1328.77
0.920843 0 0 0 1346.36
0.924887 0 0 0 1364.17
0.928949 0 0 0 1382.23
0.933029 0 0 0 1400.52
0.937126 0 0 0 1419.05
0.941242 0 0 0 1437.83
0.945375 0 0 0 1456.85
0.949527 0 0 0 1476.13
0.953697 0 0 0 1495.67
0.957885 0 0 0 1515.46
0.962092 0 0 0 1535.51
0.966317 0 0 0 1555.83
0.970561 0 0 0 1576.42
0.974823 0 0 0 1597.28
0.979104 0 0 0 1618.42
0.983404 0 0 0 1639.83
0.987723 0 0 0 1661.53
0.992061 0 0 0 1683.52
0.996418 0 0 0 1705.8
1.00079 0 0 0 1728.37
1.00519 0 0 0 1751.24
1.0096 0 0 0 1774.41
1.01404 0 0 0 1797.9
1.01849 0 0 0 1821.69
1.02296 0 0 0 1845.79
1.02746 0 0 0 1870.22
1.03197 0 0 0 1894.97
1.0365 0 0 0 1920.04
1.04105 0 0 0 1945.45
1.04562 0 0 0 1971.19
1.05022 0 0 0 1997.28
1.05483 0 0 0 2023.71
1.05946 0 0 0 2050.49
1.06411 0 0 0 2077.62
1.06879 0 0 0 2105.11
1.07348 0 0 0 2132.97
1.07819 0 0 0 2161.2
1.08293 0 0 0 2189.79
1.08769 0 0 0 2218.77
1.09246 0 0 0 2248.13
1.09726 0 0 0 2277.88
1.10208 0 0 0 2308.02
1.10692 0 0 0 2338.57
1.11178 0 0 0 2369.51
1.11666 0 0 0 2400.87
1.12157 0 0 0 2432.64
1.12649 0 0 0 2464.83
1.13144 0 0 0 2497.45
1.13641 0 0 0 2530.49
1.1414 0 0 0 2563.98
1.14641 0 0 0 2597.91
0.666696
2000
309756
     1259712000
0.000179913 0 0 0 1.00414e-08
0.000180703 0 0 0 1.01743e-08
0.000181497 0 0 0 1.03089e-08
0.000182294 0 0 0 1.04453e-08
0.000183095 0 0 0 1.05835e-08
0.000183899 0 0 0 1.07236e-08
0.000184706 0 0 0 1.08655e-08
0.000185518 0 0 0 1.10093e-08
0.000186332 0 0 0 1.11549e-08
0.000187151 0 0 0 1.13026e-08
0.000187972 0 0 0 1.14521e-08
0.000188798 0 0 0 1.16037e-08
0.000189627 0 0 0 1.17572e-08
0.00019046 0 0 0 1.19128e-08
0.000191296 0 0 0 1.20704e-08
0.000192136 0 0 0 1.22302e-08
0.00019298 0 0 0 1.2392e-08
0.000193828 0 0 0 1.2556e-08
0.000194679 0 0 0 1.27221e-08
0.000195534 0 0 0 1.28905e-08
0.000196393 0 0 0 1.30611e-08
0.000197255 0 0 0 1.32339e-08
0.000198121 0 0 0 1.3409e-08
0.000198991 0 0 0 1.35865e-08
0.000199865 0 0 0 1.37663e-08
0.000200743 0 0 0 1.39484e-08
0.000201625 0 0 0 1.4133e-08
0.00020251 0 0 0 1.432e-08
0.0002034 0 0 0 1.45095e-08
0.000204293 0 0 0 1.47015e-08
0.00020519 0 0 0 1.48961e-08
0.000206091 0 0 0 1.50932e-08
0.000206996 0 0 0 1.52929e-08
0.000207905 0 0 0 1.54953e-08
0.000208818 0 0 0 1.57003e-08
0.000209735 0 0 0 1.59081e-08
0.000210656 0 0 0 1.61186e-08
0.000211582 0 0 0 1.63319e-08
0.000212511 0 0 0 1.6548e-08
0.000213444 0 0 0 1.6767e-08
0.000214381 0 0 0 1.69889e-08
0.000215323 0 0 0 1.72137e-08
0.000216268 0 0 0 1.74414e-08
0.000217218 0 0 0 1.76722e-08
0.000218172 0 0 0 1.79061e-08
0.00021913 0 0 0 1.81431e-08
0.000220093 0 0 0 1.83831e-08
0.000221059 0 0 0 1.86264e-08
0.00022203 0 0 0 1.88729e-08
0.000223005 0 0 0 1.91226e-08
0.000223984 0 0 0 1.93757e-08
0.000224968 0 0 0 1.96321e-08
0.000225956 0 0 0 1.98919e-08
0.000226948 0 0 0 2.01551e-08
0.000227945 0 0 0 2.04218e-08
0.000228946 0 0 0 2.0692e-08
0.000229952 0 0 0 2.09658e-08
0.000230961 0 0 0 2.12433e-08
0.000231976 0 0 0 2.15244e-08
0.000232995 0 0 0 2.18092e-08
0.000234018 0 0 0 2.20978e-08
0.000235045 0 0 0 2.23902e-08
0.000236078 0 0 0 2.26865e-08
0.000237114 0 0 0 2.29867e-08
0.000238156 0 0 0 2.32909e-08
0.000239202 0 0 0 2.35991e-08
0.000240252 0 0 0 2.39114e-08
0.000241307 0 0 0 2.42278e-08
0.000242367 0 0 0 2.45484e-08
0.000243431 0 0 0 2.48733e-08
0.0002445 0 0 0 2.52024e-08
0.000245574 0 0 0 2.55359e-08
0.000246653 0 0 0 2.58738e-08
0.000247736 0 0 0 2.62162e-08
0.000248824 0 0 0 2.65631e-08
0.000249917 0 0 0 2.69146e-08
0.000251014 0 0 0 2.72708e-08
0.000252117 0 0 0 2.76317e-08
0.000253224 0 0 0 2.79973e-08
0.000254336 0 0 0 2.83678e-08
0.000255453 0 0 0 2.87432e-08
0.000256575 0 0 0 2.91235e-08
0.000257701 0 0 0 2.95089e-08
0.000258833 0 0 0 2.98994e-08
0.00025997 0 0 0 3.02951e-08
0.000261112 0 0 0 3.0696e-08
0.000262258 0 0 0 3.11022e-08
0.00026341 0 0 0 3.15137e-08
0.000264567 0 0 0 3.19307e-08
0.000265729 0 0 0 3.23533e-08
0.000266896 0 0 0 3.27814e-08
0.000268068 0 0 0 3.32152e-08
0.000269245 0 0 0 3.36547e-08
0.000270427 0 0 0 3.41001e-08
0.000271615 0 0 0 3.45513e-08
0.000272808 0 0 0 3.50085e-08
0.000274006 0 0 0 3.54718e-08
0.000275209 0 0 0 3.59412e-08
0.000276418 0 0 0 3.64168e-08
0.000277632 0 0 0 3.68987e-08
0.000278851 0 0 0 3.7387e-08
0.000280076 0 0 0 3.78817e-08
0.000281306 0 0 0 3.8383e-08
0.000282541 0 0 0 3.88909e-08
0.000283782 0 0 0 3.94055e-08
0.000285028 0 0 0 3.9927e-08
0.00028628 0 0 0 4.04553e-08
0.000287537 0 0 0 4.09907e-08
0.0002888 0 0 0 4.15331e-08
0.000290068 0 0 0 4.20827e-08
0.000291342 0 0 0 4.26396e-08
0.000292622 0 0 0 4.32038e-08
0.000293907 0 0 0 4.37755e-08
0.000295197 0 0 0 4.43548e-08
0.000296494 0 0 0 4.49418e-08
0.000297796 0 0 0 4.55365e-08
0.000299104 0 0 0 4.6139e-08
0.000300417 0 0 0 4.67496e-08
0.000301737 0 0 0 4.73682e-08
0.000303062 0 0 0 4.7995e-08
0.000304393 0 0 0 4.86302e-08
0.000305729 0 0 0 4.92737e-08
0.000307072 0 0 0 4.99257e-08
0.000308421 0 0 0 5.05864e-08
0.000309775 0 0 0 5.12558e-08
0.000311136 0 0 0 5.1934e-08
0.000312502 0 0 0 5.26213e-08
0.000313874 0 0 0 5.33176e-08
0.000315253 0 0 0 5.40231e-08
0.000316637 0 0 0 5.4738e-08
0.000318028 0 0 0 5.54624e-08
0.000319424 0 0 0 5.61963e-08
0.000320827 0 0 0 5.69399e-08
0.000322236 0 0 0 5.76934e-08
0.000323651 0 0 0 5.84568e-08
0.000325073 0 0 0 5.92304e-08
0.0003265 0 0 0 6.00142e-08
0.000327934 0 0 0 6.08083e-08
0.000329374 0 0 0 6.1613e-08
0.000330821 0 0 0 6.24283e-08
0.000332274 0 0 0 6.32544e-08
0.000333733 0 0 0 6.40915e-08
0.000335199 0 0 0 6.49396e-08
0.000336671 0 0 0 6.57989e-08
0.000338149 0 0 0 6.66696e-08
0.000339634 0 0 0 6.75519e-08
0.000341126 0 0 0 6.84458e-08
0.000342624 0 0 0 6.93515e-08
0.000344129 0 0 0 7.02692e-08
0.00034564 0 0 0 7.11991e-08
0.000347158 0 0 0 7.21413e-08
0.000348682 0 0 0 7.30959e-08
0.000350214 0 0 0 7.40632e-08
0.000351752 0 0 0 7.50432e-08
0.000353296 0 0 0 7.60363e-08
0.000354848 0 0 0 7.70424e-08
0.000356406 0 0 0 7.80619e-08
0.000357972 0 0 0 7.90949e-08
0.000359544 0 0 0 8.01416e-08
0.000361123 0 0 0 8.12021e-08
0.000362709 0 0 0 8.22766e-08
0.000364301 0 0 0 8.33654e-08
0.000365901 0 0 0 8.44685e-08
0.000367508 0 0 0 8.55863e-08
0.000369122 0 0 0 8.67188e-08
0.000370743 0 0 0 8.78664e-08
0.000372371 0 0 0 8.90291e-08
0.000374007 0 0 0 9.02072e-08
0.000375649 0 0 0 9.14009e-08
0.000377299 0 0 0 9.26104e-08
0.000378956 0 0 0 9.38359e-08
0.00038062 0 0 0 9.50776e-08
0.000382292 0 0 0 9.63358e-08
0.000383971 0 0 0 9.76106e-08
0.000385657 0 0 0 9.89023e-08
0.00038735 0 0 0 1.00211e-07
0.000389052 0 0 0 1.01537e-07
0.00039076 0 0 0 1.02881e-07
0.000392476 0 0 0 1.04242e-07
0.0003942 0 0 0 1.05622e-07
0.000395931 0 0 0 1.07019e-07
0.00039767 0 0 0 1.08435e-07
0.000399416 0 0 0 1.0987e-07
0.00040117 0 0 0 1.11324e-07
0.000402932 0 0 0 1.12797e-07
0.000404702 0 0 0 1.1429e-07
0.000406479 0 0 0 1.15802e-07
0.000408264 0 0 0 1.17335e-07
0.000410057 0 0 0 1.18887e-07
0.000411858 0 0 0 1.20461e-07
0.000413667 0 0 0 1.22055e-07
0.000415483 0 0 0 1.2367e-07
0.000417308 0 0 0 1.25306e-07
0.000419141 0 0 0 1.26965e-07
0.000420981 0 0 0 1.28645e-07
0.00042283 0 0 0 1.30347e-07
0.000424687 0 0 0 1.32072e-07
0.000426552 0 0 0 1.3382e-07
0.000428425 0 0 0 1.3559e-07
0.000430307 0 0 0 1.37385e-07
0.000432197 0 0 0 1.39203e-07
0.000434095 0 0 0 1.41045e-07
0.000436001 0 0 0 1.42911e-07
0.000437916 0 0 0 1.44802e-07
0.000439839 0 0 0 1.46718e-07
0.000441771 0 0 0 1.4866e-07
0.000443711 0 0 0 1.50627e-07
0.000445659 0 0 0 1.5262e-07
0.000447616 0 0 0 1.5464e-07
0.000449582 0 0 0 1.56686e-07
0.000451557 0 0 0 1.5876e-07
0.00045354 0 0 0 1.6086e-07
0.000455532 0 0 0 1.62989e-07
0.000457532 0 0 0 1.65146e-07
0.000459541 0 0 0 1.67331e-07
0.00046156 0 0 0 1.69546e-07
0.000463587 0 0 0 1.71789e-07
0.000465622 0 0 0 1.74062e-07
0.000467667 0 0 0 1.76366e-07
0.000469721 0 0 0 1.787e-07
0.000471784 0 0 0 1.81064e-07
0.000473856 0 0 0 1.8346e-07
0.000475937 0 0 0 1.85888e-07
0.000478027 0 0 0 1.88348e-07
0.000480126 0 0 0 1.9084e-07
0.000482235 0 0 0 1.93365e-07
0.000484353 0 0 0 1.95924e-07
0.00048648 0 0 0 1.98517e-07
0.000488616 0 0 0 2.01144e-07
0.000490762 0 0 0 2.03806e-07
0.000492917 0 0 0 2.06503e-07
0.000495082 0 0 0 2.09235e-07
0.000497256 0 0 0 2.12004e-07
0.00049944 0 0 0 2.14809e-07
0.000501633 0 0 0 2.17652e-07
0.000503836 0 0 0 2.20532e-07
0.000506049 0 0 0 2.2345e-07
0.000508271 0 0 0 2.26407e-07
0.000510504 0 0 0 2.29403e-07
0.000512746 0 0 0 2.32439e-07
0.000514997 0 0 0 2.35515e-07
0.000517259 0 0 0 2.38631e-07
0.000519531 0 0 0 2.41789e-07
0.000521812 0 0 0 2.44989e-07
0.000524104 0 0 0 2.4823e-07
0.000526405 0 0 0 2.51515e-07
0.000528717 0 0 0 2.54844e-07
0.000531039 0 0 0 2.58216e-07
0.000533371 0 0 0 2.61633e-07
0.000535714 0 0 0 2.65095e-07
0.000538066 0 0 0 2.68603e-07
0.000540429 0 0 0 2.72157e-07
0.000542803 0 0 0 2.75759e-07
0.000545187 0 0 0 2.79408e-07
0.000547581 0 0 0 2.83105e-07
0.000549986 0 0 0 2.86851e-07
0.000552401 0 0 0 2.90647e-07
0.000554827 0 0 0 2.94493e-07
0.000557263 0 0 0 2.9839e-07
0.000559711 0 0 0 3.02339e-07
0.000562169 0 0 0 3.0634e-07
0.000564638 0 0 0 3.10394e-07
0.000567117 0 0 0 3.14501e-07
0.000569608 0 0 0 3.18663e-07
0.000572109 0 0 0 3.2288e-07
0.000574622 0 0 0 3.27152e-07
0.000577145 0 0 0 3.31481e-07
0.00057968 0 0 0 3.35868e-07
0.000582226 0 0 0 3.40312e-07
0.000584783 0 0 0 3.44816e-07
0.000587351 0 0 0 3.49378e-07
0.00058993 0 0 0 3.54002e-07
0.000592521 0 0 0 3.58686e-07
0.000595123 0 0 0 3.63433e-07
0.000597737 0 0 0 3.68242e-07
0.000600362 0 0 0 3.73115e-07
0.000602998 0 0 0 3.78052e-07
0.000605647 0 0 0 3.83055e-07
0.000608306 0 0 0 3.88124e-07
0.000610978 0 0 0 3.9326e-07
0.000613661 0 0 0 3.98464e-07
0.000616356 0 0 0 4.03737e-07
0.000619063 0 0 0 4.09079e-07
0.000621782 0 0 0 4.14492e-07
0.000624512 0 0 0 4.19977e-07
0.000627255 0 0 0 4.25535e-07
0.00063001 0 0 0 4.31166e-07
0.000632776 0 0 0 4.36871e-07
0.000635555 0 0 0 4.42653e-07
0.000638346 0 0 0 4.4851e-07
0.00064115 0 0 0 4.54445e-07
0.000643965 0 0 0 4.60459e-07
0.000646793 0 0 0 4.66552e-07
0.000649634 0 0 0 4.72726e-07
0.000652487 0 0 0 4.78981e-07
0.000655352 0 0 0 4.8532e-07
0.000658231 0 0 0 4.91742e-07
0.000661121 0 0 0 4.98249e-07
0.000664025 0 0 0 5.04842e-07
0.000666941 0 0 0 5.11523e-07
0.00066987 0 0 0 5.18292e-07
0.000672812 0 0 0 5.2515e-07
0.000675766 0 0 0 5.32099e-07
0.000678734 0 0 0 5.39141e-07
0.000681715 0 0 0 5.46275e-07
0.000684709 0 0 0 5.53504e-07
0.000687716 0 0 0 5.60828e-07
0.000690736 0 0 0 5.6825e-07
0.000693769 0 0 0 5.75769e-07
0.000696816 0 0 0 5.83388e-07
0.000699876 0 0 0 5.91108e-07
0.00070295 0 0 0 5.9893e-07
0.000706037 0 0 0 6.06856e-07
0.000709138 0 0 0 6.14886e-07
0.000712252 0 0 0 6.23023e-07
0.00071538 0 0 0 6.31267e-07
0.000718522 0 0 0 6.39621e-07
0.000721677 0 0 0 6.48085e-07
0.000724846 0 0 0 6.56661e-07
0.00072803 0 0 0 6.6535e-07
0.000731227 0 0 0 6.74155e-07
0.000734438 0 0 0 6.83076e-07
0.000737664 0 0 0 6.92115e-07
0.000740903 0 0 0 7.01274e-07
0.000744157 0 0 0 7.10553e-07
0.000747425 0 0 0 7.19956e-07
0.000750707 0 0 0 7.29483e-07
0.000754004 0 0 0 7.39136e-07
0.000757316 0 0 0 7.48917e-07
0.000760641 0 0 0 7.58827e-07
0.000763982 0 0 0 7.68869e-07
0.000767337 0 0 0 7.79043e-07
0.000770707 0 0 0 7.89352e-07
0.000774092 0 0 0 7.99798e-07
0.000777491 0 0 0 8.10381e-07
0.000780906 0 0 0 8.21105e-07
0.000784335 0 0 0 8.31971e-07
0.00078778 0 0 0 8.4298e-07
0.000791239 0 0 0 8.54135e-07
0.000794714 0 0 0 8.65438e-07
0.000798204 0 0 0 8.7689e-07
0.00080171 0 0 0 8.88494e-07
0.00080523 0 0 0 9.00251e-07
0.000808767 0 0 0 9.12164e-07
0.000812318 0 0 0 9.24234e-07
0.000815886 0 0 0 9.36465e-07
0.000819469 0 0 0 9.48857e-07
0.000823068 0 0 0 9.61413e-07
0.000826682 0 0 0 9.74135e-07
0.000830313 0 0 0 9.87026e-07
0.000833959 0 0 0 1.00009e-06
0.000837622 0 0 0 1.01332e-06
0.0008413 0 0 0 1.02673e-06
0.000844995 0 0 0 1.04032e-06
0.000848706 0 0 0 1.05408e-06
0.000852433 0 0 0 1.06803e-06
0.000856177 0 0 0 1.08216e-06
0.000859937 0 0 0 1.09648e-06
0.000863713 0 0 0 1.11099e-06
0.000867506 0 0 0 1.1257e-06
0.000871316 0 0 0 1.14059e-06
0.000875143 0 0 0 1.15569e-06
0.000878986 0 0 0 1.17098e-06
0.000882846 0 0 0 1.18647e-06
0.000886723 0 0 0 1.20217e-06
0.000890617 0 0 0 1.21808e-06
0.000894529 0 0 0 1.2342e-06
0.000898457 0 0 0 1.25053e-06
0.000902403 0 0 0 1.26708e-06
0.000906366 0 0 0 1.28385e-06
0.000910346 0 0 0 1.30084e-06
0.000914344 0 0 0 1.31805e-06
0.00091836 0 0 0 1.33549e-06
0.000922393 0 0 0 1.35317e-06
0.000926444 0 0 0 1.37107e-06
0.000930512 0 0 0 1.38922e-06
0.000934599 0 0 0 1.4076e-06
0.000938703 0 0 0 1.42622e-06
0.000942826 0 0 0 1.4451e-06
0.000946966 0 0 0 1.46422e-06
0.000951125 0 0 0 1.4836e-06
0.000955302 0 0 0 1.50323e-06
0.000959497 0 0 0 1.52312e-06
0.000963711 0 0 0 1.54328e-06
0.000967943 0 0 0 1.5637e-06
0.000972194 0 0 0 1.58439e-06
0.000976464 0 0 0 1.60536e-06
0.000980752 0 0 0 1.6266e-06
0.000985059 0 0 0 1.64812e-06
0.000989385 0 0 0 1.66993e-06
0.00099373 0 0 0 1.69203e-06
0.000998094 0 0 0 1.71442e-06
0.00100248 0 0 0 1.73711e-06
0.00100688 0 0 0 1.7601e-06
0.0010113 0 0 0 1.78339e-06
0.00101574 0 0 0 1.80699e-06
0.0010202 0 0 0 1.8309e-06
0.00102468 0 0 0 1.85513e-06
0.00102918 0 0 0 1.87967e-06
0.0010337 0 0 0 1.90455e-06
0.00103824 0 0 0 1.92975e-06
0.0010428 0 0 0 1.95529e-06
0.00104738 0 0 0 1.98116e-06
0.00105198 0 0 0 2.00738e-06
0.0010566 0 0 0 2.03394e-06
0.00106124 0 0 0 2.06086e-06
0.0010659 0 0 0 2.08813e-06
0.00107058 0 0 0 2.11576e-06
0.00107529 0 0 0 2.14376e-06
0.00108001 0 0 0 2.17212e-06
0.00108475 0 0 0 2.20087e-06
0.00108952 0 0 0 2.22999e-06
0.0010943 0 0 0 2.2595e-06
0.00109911 0 0 0 2.2894e-06
0.00110393 0 0 0 2.3197e-06
0.00110878 0 0 0 2.35039e-06
0.00111365 0 0 0 2.38149e-06
0.00111854 0 0 0 2.41301e-06
0.00112345 0 0 0 2.44494e-06
0.00112839 0 0 0 2.47729e-06
0.00113334 0 0 0 2.51007e-06
0.00113832 0 0 0 2.54329e-06
0.00114332 0 0 0 2.57695e-06
0.00114834 0 0 0 2.61105e-06
0.00115338 0 0 0 2.6456e-06
0.00115845 0 0 0 2.68061e-06
0.00116354 0 0 0 2.71608e-06
0.00116865 0 0 0 2.75202e-06
0.00117378 0 0 0 2.78844e-06
0.00117893 0 0 0 2.82534e-06
0.00118411 0 0 0 2.86272e-06
0.00118931 0 0 0 2.9006e-06
0.00119453 0 0 0 2.93899e-06
0.00119978 0 0 0 2.97788e-06
0.00120505 0 0 0 3.01729e-06
0.00121034 0 0 0 3.05721e-06
0.00121566 0 0 0 3.09767e-06
0.00122099 0 0 0 3.13866e-06
0.00122636 0 0 0 3.18019e-06
0.00123174 0 0 0 3.22228e-06
0.00123715 0 0 0 3.26492e-06
0.00124258 0 0 0 3.30812e-06
0.00124804 0 0 0 3.3519e-06
0.00125352 0 0 0 3.39625e-06
0.00125903 0 0 0 3.44119e-06
0.00126456 0 0 0 3.48673e-06
0.00127011 0 0 0 3.53287e-06
0.00127569 0 0 0 3.57962e-06
0.00128129 0 0 0 3.62699e-06
0.00128692 0 0 0 3.67498e-06
0.00129257 0 0 0 3.72361e-06
0.00129825 0 0 0 3.77289e-06
0.00130395 0 0 0 3.82281e-06
0.00130967 0 0 0 3.8734e-06
0.00131543 0 0 0 3.92466e-06
0.0013212 0 0 0 3.97659e-06
0.001327 0 0 0 4.02921e-06
0.00133283 0 0 0 4.08253e-06
0.00133869 0 0 0 4.13656e-06
0.00134456 0 0 0 4.19129e-06
0.00135047 0 0 0 4.24676e-06
0.0013564 0 0 0 4.30295e-06
0.00136236 0 0 0 4.35989e-06
0.00136834 0 0 0 4.41759e-06
0.00137435 0 0 0 4.47605e-06
0.00138038 0 0 0 4.53528e-06
0.00138645 0 0 0 4.59529e-06
0.00139254 0 0 0 4.6561e-06
0.00139865 0 0 0 4.71771e-06
0.00140479 0 0 0 4.78014e-06
0.00141096 0 0 0 4.8434e-06
0.00141716 0 0 0 4.90749e-06
0.00142338 0 0 0 4.97243e-06
0.00142963 0 0 0 5.03823e-06
0.00143591 0 0 0 5.1049e-06
0.00144222 0 0 0 5.17245e-06
0.00144855 0 0 0 5.2409e-06
0.00145491 0 0 0 5.31025e-06
0.0014613 0 0 0 5.38052e-06
0.00146772 0 0 0 5.45172e-06
0.00147417 0 0 0 5.52386e-06
0.00148064 0 0 0 5.59696e-06
0.00148714 0 0 0 5.67102e-06
0.00149367 0 0 0 5.74607e-06
0.00150023 0 0 0 5.8221e-06
0.00150682 0 0 0 5.89915e-06
0.00151344 0 0 0 5.97721e-06
0.00152009 0 0 0 6.0563e-06
0.00152676 0 0 0 6.13645e-06
0.00153347 0 0 0 6.21765e-06
0.0015402 0 0 0 6.29993e-06
0.00154697 0 0 0 6.38329e-06
0.00155376 0 0 0 6.46776e-06
0.00156058 0 0 0 6.55335e-06
0.00156744 0 0 0 6.64007e-06
0.00157432 0 0 0 6.72794e-06
0.00158123 0 0 0 6.81697e-06
0.00158818 0 0 0 6.90717e-06
0.00159515 0 0 0 6.99858e-06
0.00160216 0 0 0 7.09119e-06
0.00160919 0 0 0 7.18502e-06
0.00161626 0 0 0 7.2801e-06
0.00162336 0 0 0 7.37644e-06
0.00163049 0 0 0 7.47405e-06
0.00163765 0 0 0 7.57295e-06
0.00164484 0 0 0 7.67317e-06
0.00165206 0 0 0 7.7747e-06
0.00165932 0 0 0 7.87759e-06
0.00166661 0 0 0 7.98183e-06
0.00167393 0 0 0 8.08745e-06
0.00168128 0 0 0 8.19447e-06
0.00168866 0 0 0 8.30291e-06
0.00169608 0 0 0 8.41278e-06
0.00170353 0 0 0 8.5241e-06
0.00171101 0 0 0 8.6369e-06
0.00171852 0 0 0 8.75119e-06
0.00172607 0 0 0 8.867e-06
0.00173365 0 0 0 8.98433e-06
0.00174126 0 0 0 9.10322e-06
0.00174891 0 0 0 9.22368e-06
0.00175659 0 0 0 9.34574e-06
0.0017643 0 0 0 9.46941e-06
0.00177205 0 0 0 9.59472e-06
0.00177983 0 0 0 9.72168e-06
0.00178765 0 0 0 9.85033e-06
0.0017955 0 0 0 9.98068e-06
0.00180339 0 0 0 1.01127e-05
0.00181131 0 0 0 1.02466e-05
0.00181926 0 0 0 1.03822e-05
0.00182725 0 0 0 1.05195e-05
0.00183527 0 0 0 1.06588e-05
0.00184333 0 0 0 1.07998e-05
0.00185143 0 0 0 1.09427e-05
0.00185956 0 0 0 1.10875e-05
0.00186773 0 0 0 1.12342e-05
0.00187593 0 0 0 1.13829e-05
0.00188417 0 0 0 1.15335e-05
0.00189244 0 0 0 1.16861e-05
0.00190075 0 0 0 1.18408e-05
0.0019091 0 0 0 1.19975e-05
0.00191748 0 0 0 1.21562e-05
0.00192591 0 0 0 1.23171e-05
0.00193436 0 0 0 1.24801e-05
0.00194286 0 0 0 1.26452e-05
0.00195139 0 0 0 1.28126e-05
0.00195996 0 0 0 1.29821e-05
0.00196857 0 0 0 1.31539e-05
0.00197721 0 0 0 1.3328e-05
0.0019859 0 0 0 1.35043e-05
0.00199462 0 0 0 1.3683e-05
0.00200338 0 0 0 1.38641e-05
0.00201218 0 0 0 1.40476e-05
0.00202101 0 0 0 1.42335e-05
0.00202989 0 0 0 1.44218e-05
0.0020388 0 0 0 1.46126e-05
0.00204776 0 0 0 1.4806e-05
0.00205675 0 0 0 1.50019e-05
0.00206578 0 0 0 1.52005e-05
0.00207485 0 0 0 1.54016e-05
0.00208397 0 0 0 1.56054e-05
0.00209312 0 0 0 1.58119e-05
0.00210231 0 0 0 1.60211e-05
0.00211154 0 0 0 1.62332e-05
0.00212082 0 0 0 1.6448e-05
0.00213013 0 0 0 1.66656e-05
0.00213948 0 0 0 1.68862e-05
0.00214888 0 0 0 1.71096e-05
0.00215832 0 0 0 1.7336e-05
0.0021678 0 0 0 1.75654e-05
0.00217732 0 0 0 1.77979e-05
0.00218688 0 0 0 1.80334e-05
0.00219648 0 0 0 1.8272e-05
0.00220613 0 0 0 1.85138e-05
0.00221582 0 0 0 1.87588e-05
0.00222555 0 0 0 1.9007e-05
0.00223532 0 0 0 1.92585e-05
0.00224514 0 0 0 1.95134e-05
0.002255 0 0 0 1.97716e-05
0.0022649 0 0 0 2.00332e-05
0.00227485 0 0 0 2.02983e-05
0.00228484 0 0 0 2.05669e-05
0.00229487 0 0 0 2.08391e-05
0.00230495 0 0 0 2.11149e-05
0.00231507 0 0 0 2.13943e-05
0.00232524 0 0 0 2.16774e-05
0.00233545 0 0 0 2.19642e-05
0.00234571 0 0 0 2.22549e-05
0.00235601 0 0 0 2.25494e-05
0.00236636 0 0 0 2.28478e-05
0.00237675 0 0 0 2.31501e-05
0.00238719 0 0 0 2.34565e-05
0.00239767 0 0 0 2.37669e-05
0.0024082 0 0 0 2.40814e-05
0.00241878 0 0 0 2.44e-05
0.0024294 0 0 0 2.47229e-05
0.00244007 0 0 0 2.50501e-05
0.00245078 0 0 0 2.53815e-05
0.00246155 0 0 0 2.57174e-05
0.00247236 0 0 0 2.60577e-05
0.00248321 0 0 0 2.64026e-05
0.00249412 0 0 0 2.67519e-05
0.00250507 0 0 0 2.71059e-05
0.00251607 0 0 0 2.74646e-05
0.00252712 0 0 0 2.78281e-05
0.00253822 0 0 0 2.81963e-05
0.00254937 0 0 0 2.85694e-05
0.00256057 0 0 0 2.89475e-05
0.00257181 0 0 0 2.93305e-05
0.00258311 0 0 0 2.97187e-05
0.00259445 0 0 0 3.01119e-05
0.00260584 0 0 0 3.05104e-05
0.00261729 0 0 0 3.09141e-05
0.00262878 0 0 0 3.13232e-05
0.00264033 0 0 0 3.17377e-05
0.00265192 0 0 0 3.21577e-05
0.00266357 0 0 0 3.25832e-05
0.00267526 0 0 0 3.30144e-05
0.00268701 0 0 0 3.34513e-05
0.00269881 0 0 0 3.38939e-05
0.00271067 0 0 0 3.43425e-05
0.00272257 0 0 0 3.47969e-05
0.00273453 0 0 0 3.52574e-05
0.00274654 0 0 0 3.57239e-05
0.0027586 0 0 0 3.61967e-05
0.00277071 0 0 0 3.66756e-05
0.00278288 0 0 0 3.7161e-05
0.0027951 0 0 0 3.76527e-05
0.00280738 0 0 0 3.8151e-05
0.00281971 0 0 0 3.86558e-05
0.00283209 0 0 0 3.91673e-05
0.00284453 0 0 0 3.96856e-05
0.00285702 0 0 0 4.02108e-05
0.00286957 24.7237 0.000481716 6 4.07429e-05
0.00288217 0 0 0 4.1282e-05
0.00289483 0 0 0 4.18283e-05
0.00290754 0 0 0 4.23818e-05
0.00292031 0 0 0 4.29427e-05
0.00293313 0 0 0 4.35109e-05
0.00294601 0 0 0 4.40867e-05
0.00295895 0 0 0 4.46701e-05
0.00297195 0 0 0 4.52612e-05
0.002985 0 0 0 4.58601e-05
0.00299811 0 0 0 4.6467e-05
0.00301127 0 0 0 4.70819e-05
0.0030245 0 0 0 4.77049e-05
0.00303778 0 0 0 4.83362e-05
0.00305112 0 0 0 4.89758e-05
0.00306452 0 0 0 4.96239e-05
0.00307798 0 0 0 5.02806e-05
0.0030915 0 0 0 5.09459e-05
0.00310507 0 0 0 5.16201e-05
0.00311871 0 0 0 5.23032e-05
0.00313241 0 0 0 5.29953e-05
0.00314616 0 0 0 5.36966e-05
0.00315998 0 0 0 5.44071e-05
0.00317386 0 0 0 5.51271e-05
0.0031878 0 0 0 5.58566e-05
0.00320179 0 0 0 5.65957e-05
0.00321586 0 0 0 5.73446e-05
0.00322998 0 0 0 5.81035e-05
0.00324416 0 0 0 5.88724e-05
0.00325841 0 0 0 5.96514e-05
0.00327272 0 0 0 6.04408e-05
0.00328709 0 0 0 6.12406e-05
0.00330153 0 0 0 6.2051e-05
0.00331603 0 0 0 6.28721e-05
0.00333059 0 0 0 6.3704e-05
0.00334522 0 0 0 6.4547e-05
0.00335991 0 0 0 6.54012e-05
0.00337466 0 0 0 6.62666e-05
0.00338948 0 0 0 6.71435e-05
0.00340437 0 0 0 6.8032e-05
0.00341932 0 0 0 6.89323e-05
0.00343434 0 0 0 6.98445e-05
0.00344942 0 0 0 7.07687e-05
0.00346457 0 0 0 7.17052e-05
0.00347978 0 0 0 7.2654e-05
0.00349507 0 0 0 7.36155e-05
0.00351041 0 0 0 7.45896e-05
0.00352583 0 0 0 7.55766e-05
0.00354132 0 0 0 7.65767e-05
0.00355687 0 0 0 7.75901e-05
0.00357249 0 0 0 7.86168e-05
0.00358818 0 0 0 7.96571e-05
0.00360393 0 0 0 8.07112e-05
0.00361976 0 0 0 8.17793e-05
0.00363566 0 0 0 8.28614e-05
0.00365163 0 0 0 8.39579e-05
0.00366766 0 0 0 8.50689e-05
0.00368377 0 0 0 8.61946e-05
0.00369995 0 0 0 8.73352e-05
0.0037162 0 0 0 8.84909e-05
0.00373252 0 0 0 8.96619e-05
0.00374891 0 0 0 9.08484e-05
0.00376537 0 0 0 9.20506e-05
0.00378191 0 0 0 9.32687e-05
0.00379852 0 0 0 9.45029e-05
0.0038152 0 0 0 9.57534e-05
0.00383195 0 0 0 9.70205e-05
0.00384878 0 0 0 9.83044e-05
0.00386568 0 0 0 9.96052e-05
0.00388266 0 0 0 0.000100923
0.00389971 0 0 0 0.000102259
0.00391684 0 0 0 0.000103612
0.00393404 0 0 0 0.000104983
0.00395132 0 0 0 0.000106372
0.00396867 0 0 0 0.00010778
0.0039861 0 0 0 0.000109206
0.0040036 0 0 0 0.000110651
0.00402119 0 0 0 0.000112115
0.00403885 0 0 0 0.000113599
0.00405658 103.021 0.000710513 12 0.000115102
0.0040744 0 0 0 0.000116625
0.00409229 0 0 0 0.000118169
0.00411026 0 0 0 0.000119732
0.00412831 0 0 0 0.000121317
0.00414644 0 0 0 0.000122922
0.00416465 0 0 0 0.000124549
0.00418294 0 0 0 0.000126197
0.00420131 0 0 0 0.000127867
0.00421976 0 0 0 0.000129559
0.0042383 0 0 0 0.000131273
0.00425691 0 0 0 0.000133011
0.0042756 0 0 0 0.000134771
0.00429438 0 0 0 0.000136554
0.00431324 0 0 0 0.000138361
0.00433218 0 0 0 0.000140192
0.00435121 0 0 0 0.000142047
0.00437032 0 0 0 0.000143927
0.00438951 0 0 0 0.000145831
0.00440879 0 0 0 0.000147761
0.00442815 0 0 0 0.000149716
0.0044476 0 0 0 0.000151698
0.00446713 0 0 0 0.000153705
0.00448675 0 0 0 0.000155739
0.00450645 0 0 0 0.0001578
0.00452624 0 0 0 0.000159888
0.00454612 0 0 0 0.000162004
0.00456608 0 0 0 0.000164148
0.00458614 0 0 0 0.00016632
0.00460628 0 0 0 0.000168521
0.00462651 0 0 0 0.000170751
0.00464682 0 0 0 0.00017301
0.00466723 0 0 0 0.0001753
0.00468773 0 0 0 0.000177619
0.00470831 0 0 0 0.00017997
0.00472899 0 0 0 0.000182351
0.00474976 0 0 0 0.000184764
0.00477062 0 0 0 0.000187209
0.00479157 0 0 0 0.000189687
0.00481261 0 0 0 0.000192197
0.00483375 0 0 0 0.00019474
0.00485498 0 0 0 0.000197317
0.0048763 0 0 0 0.000199928
0.00489771 0 0 0 0.000202574
0.00491922 0 0 0 0.000205254
0.00494082 0 0 0 0.00020797
0.00496252 0 0 0 0.000210722
0.00498432 102.363 0.000380584 8 0.000213511
0.00500621 0 0 0 0.000216336
0.00502819 0 0 0 0.000219199
0.00505027 0 0 0 0.0002221
0.00507245 0 0 0 0.000225039
0.00509473 0 0 0 0.000228016
0.0051171 0 0 0 0.000231034
0.00513958 0 0 0 0.000234091
0.00516215 0 0 0 0.000237189
0.00518482 0 0 0 0.000240327
0.00520759 0 0 0 0.000243508
0.00523046 0 0 0 0.00024673
0.00525343 0 0 0 0.000249995
0.0052765 0 0 0 0.000253303
0.00529967 0 0 0 0.000256655
0.00532294 0 0 0 0.000260051
0.00534632 0 0 0 0.000263492
0.0053698 0 0 0 0.000266979
0.00539338 0 0 0 0.000270512
0.00541707 0 0 0 0.000274092
0.00544086 0 0 0 0.000277719
0.00546475 0 0 0 0.000281394
0.00548875 0 0 0 0.000285117
0.00551286 0 0 0 0.00028889
0.00553707 0 0 0 0.000292713
0.00556138 0 0 0 0.000296587
0.00558581 0 0 0 0.000300511
0.00561034 0 0 0 0.000304488
0.00563498 0 0 0 0.000308517
0.00565972 0 0 0 0.0003126
0.00568458 0 0 0 0.000316736
0.00570954 0 0 0 0.000320928
0.00573462 97.6505 0.000238389 6 0.000325175
0.0057598 0 0 0 0.000329478
0.0057851 0 0 0 0.000333837
0.0058105 0 0 0 0.000338255
0.00583602 0 0 0 0.000342731
0.00586165 0 0 0 0.000347266
0.00588739 0 0 0 0.000351862
0.00591325 0 0 0 0.000356518
0.00593922 0 0 0 0.000361236
0.0059653 0 0 0 0.000366016
0.0059915 0 0 0 0.000370859
0.00601781 0 0 0 0.000375767
0.00604424 0 0 0 0.000380739
0.00607078 0 0 0 0.000385778
0.00609744 0 0 0 0.000390883
0.00612422 0 0 0 0.000396055
0.00615112 0 0 0 0.000401296
0.00617813 0 0 0 0.000406606
0.00620526 0 0 0 0.000411987
0.00623251 0 0 0 0.000417439
0.00625988 0 0 0 0.000422963
0.00628737 0 0 0 0.00042856
0.00631499 0 0 0 0.000434231
0.00634272 0 0 0 0.000439977
0.00637057 0 0 0 0.000445799
0.00639855 0 0 0 0.000451698
0.00642665 118.973 0.000206357 24 0.000457675
0.00645488 0 0 0 0.000463732
0.00648322 0 0 0 0.000469868
0.0065117 0 0 0 0.000476086
0.00654029 0 0 0 0.000482386
0.00656901 0 0 0 0.000488769
0.00659786 0 0 0 0.000495237
0.00662684 0 0 0 0.00050179
0.00665594 0 0 0 0.000508431
0.00668517 0 0 0 0.000515159
0.00671453 0 0 0 0.000521976
0.00674402 0 0 0 0.000528883
0.00677364 0 0 0 0.000535881
0.00680338 0 0 0 0.000542973
0.00683326 0 0 0 0.000550158
0.00686327 0 0 0 0.000557438
0.00689341 0 0 0 0.000564815
0.00692369 0 0 0 0.000572289
0.00695409 0 0 0 0.000579862
0.00698463 0 0 0 0.000587535
0.00701531 0 0 0 0.00059531
0.00704611 169.206 0.000222685 24 0.000603187
0.00707706 0 0 0 0.000611169
0.00710814 0 0 0 0.000619257
0.00713935 0 0 0 0.000627451
0.00717071 0 0 0 0.000635754
0.0072022 0 0 0 0.000644167
0.00723383 0 0 0 0.000652691
0.0072656 0 0 0 0.000661328
0.00729751 0 0 0 0.00067008
0.00732955 0 0 0 0.000678947
0.00736174 0 0 0 0.000687931
0.00739407 0 0 0 0.000697034
0.00742654 0 0 0 0.000706258
0.00745916 0 0 0 0.000715604
0.00749192 0 0 0 0.000725073
0.00752482 0 0 0 0.000734668
0.00755786 0 0 0 0.00074439
0.00759106 0 0 0 0.00075424
0.00762439 0 0 0 0.000764221
0.00765788 0 0 0 0.000774334
0.00769151 0 0 0 0.000784581
0.00772529 0 0 0 0.000794963
0.00775921 0 0 0 0.000805483
0.00779329 0 0 0 0.000816141
0.00782751 0 0 0 0.000826941
0.00786189 0 0 0 0.000837884
0.00789642 0 0 0 0.000848972
0.00793109 0 0 0 0.000860206
0.00796592 0 0 0 0.000871589
0.00800091 0 0 0 0.000883123
0.00803605 0 0 0 0.000894809
0.00807134 0 0 0 0.00090665
0.00810678 304.285 0.000262942 12 0.000918647
0.00814239 0 0 0 0.000930804
0.00817814 0 0 0 0.000943121
0.00821406 0 0 0 0.000955601
0.00825013 0 0 0 0.000968246
0.00828636 0 0 0 0.000981059
0.00832275 0 0 0 0.000994041
0.00835931 0 0 0 0.0010072
0.00839602 0 0 0 0.00102052
0.00843289 0 0 0 0.00103403
0.00846992 0 0 0 0.00104771
0.00850712 0 0 0 0.00106158
0.00854448 0 0 0 0.00107562
0.008582 0 0 0 0.00108986
0.00861969 188.092 0.000135214 30 0.00110428
0.00865755 0 0 0 0.00111889
0.00869557 0 0 0 0.0011337
0.00873376 0 0 0 0.0011487
0.00877211 0 0 0 0.0011639
0.00881064 0 0 0 0.0011793
0.00884933 0 0 0 0.00119491
0.00888819 0 0 0 0.00121072
0.00892723 0 0 0 0.00122674
0.00896643 0 0 0 0.00124297
0.00900581 0 0 0 0.00125942
0.00904536 0 0 0 0.00127609
0.00908508 234.033 0.000143686 24 0.00129297
0.00912498 0 0 0 0.00131008
0.00916506 0 0 0 0.00132742
0.0092053 0 0 0 0.00134499
0.00924573 0 0 0 0.00136278
0.00928634 0 0 0 0.00138082
0.00932712 0 0 0 0.00139909
0.00936808 0 0 0 0.0014176
0.00940922 0 0 0 0.00143636
0.00945054 0 0 0 0.00145537
0.00949205 0 0 0 0.00147463
0.00953373 234.945 0.000124826 24 0.00149414
0.0095756 0 0 0 0.00151391
0.00961765 0 0 0 0.00153395
0.00965989 0 0 0 0.00155425
0.00970231 0 0 0 0.00157481
0.00974492 0 0 0 0.00159565
0.00978772 0 0 0 0.00161677
0.0098307 0 0 0 0.00163816
0.00987387 0 0 0 0.00165984
0.00991724 0 0 0 0.0016818
0.00996079 234.853 0.000109406 8 0.00170406
0.0100045 0 0 0 0.00172661
0.0100485 0 0 0 0.00174946
0.0100926 0 0 0 0.00177261
0.0101369 0 0 0 0.00179606
0.0101814 0 0 0 0.00181983
0.0102262 0 0 0 0.00184391
0.0102711 0 0 0 0.00186831
0.0103162 0 0 0 0.00189304
0.0103615 227.288 9.40671e-05 24 0.00191809
0.010407 0 0 0 0.00194347
0.0104527 0 0 0 0.00196918
0.0104986 0 0 0 0.00199524
0.0105447 0 0 0 0.00202165
0.010591 0 0 0 0.0020484
0.0106375 0 0 0 0.0020755
0.0106842 0 0 0 0.00210297
0.0107312 255.967 9.53609e-05 48 0.0021308
0.0107783 0 0 0 0.00215899
0.0108256 0 0 0 0.00218756
0.0108732 0 0 0 0.00221651
0.0109209 0 0 0 0.00224584
0.0109689 0 0 0 0.00227556
0.011017 0 0 0 0.00230567
0.0110654 0 0 0 0.00233618
0.011114 0 0 0 0.0023671
0.0111628 0 0 0 0.00239842
0.0112118 0 0 0 0.00243016
0.0112611 0 0 0 0.00246232
0.0113105 0 0 0 0.0024949
0.0113602 0 0 0 0.00252792
0.0114101 0 0 0 0.00256137
0.0114602 0 0 0 0.00259526
0.0115105 447.701 0.000135153 6 0.0026296
0.0115611 0 0 0 0.0026644
0.0116119 0 0 0 0.00269966
0.0116629 0 0 0 0.00273538
0.0117141 0 0 0 0.00277158
0.0117655 0 0 0 0.00280826
0.0118172 306.86 8.56097e-05 48 0.00284542
0.0118691 0 0 0 0.00288307
0.0119212 0 0 0 0.00292122
0.0119736 0 0 0 0.00295988
0.0120262 0 0 0 0.00299905
0.012079 0 0 0 0.00303873
0.012132 0 0 0 0.00307894
0.0121853 374.995 9.5421e-05 36 0.00311969
0.0122388 0 0 0 0.00316097
0.0122926 0 0 0 0.0032028
0.0123465 0 0 0 0.00324518
0.0124008 0 0 0 0.00328812
0.0124552 0 0 0 0.00333163
0.0125099 397.729 9.35296e-05 24 0.00337572
0.0125649 0 0 0 0.00342039
0.01262 0 0 0 0.00346565
0.0126755 0 0 0 0.00351151
0.0127311 0 0 0 0.00355798
0.012787 0 0 0 0.00360506
0.0128432 395.465 8.59437e-05 24 0.00365277
0.0128996 0 0 0 0.00370111
0.0129562 0 0 0 0.00375008
0.0130131 0 0 0 0.00379971
0.0130703 0 0 0 0.00384999
0.0131277 0 0 0 0.00390093
0.0131853 276.356 5.55035e-05 48 0.00395255
0.0132433 0 0 0 0.00400486
0.0133014 0 0 0 0.00405785
0.0133598 0 0 0 0.00411155
0.0134185 0 0 0 0.00416596
0.0134774 506.325 9.52213e-05 24 0.00422109
0.0135366 0 0 0 0.00427694
0.0135961 0 0 0 0.00433354
0.0136558 0 0 0 0.00439088
0.0137157 0 0 0 0.00444899
0.013776 0 0 0 0.00450786
0.0138365 0 0 0 0.00456751
0.0138972 0 0 0 0.00462795
0.0139583 0 0 0 0.0046892
0.0140196 0 0 0 0.00475125
0.0140811 234.634 3.86904e-05 24 0.00481412
0.014143 0 0 0 0.00487782
0.0142051 0 0 0 0.00494237
0.0142675 0 0 0 0.00500777
0.0143301 0 0 0 0.00507404
0.0143931 347.728 5.36915e-05 30 0.00514118
0.0144563 0 0 0 0.00520922
0.0145198 0 0 0 0.00527815
0.0145835 0 0 0 0.005348
0.0146476 301.212 4.41266e-05 72 0.00541876
0.0147119 0 0 0 0.00549047
0.0147765 0 0 0 0.00556312
0.0148414 0 0 0 0.00563674
0.0149066 287.452 3.99537e-05 32 0.00571133
0.014972 0 0 0 0.00578691
0.0150378 0 0 0 0.00586349
0.0151038 0 0 0 0.00594108
0.0151702 0 0 0 0.00601969
0.0152368 0 0 0 0.00609935
0.0153037 0 0 0 0.00618006
0.0153709 0 0 0 0.00626184
0.0154384 305.121 3.8176e-05 72 0.00634471
0.0155062 0 0 0 0.00642866
0.0155743 0 0 0 0.00651373
0.0156427 0 0 0 0.00659993
0.0157114 189.38 2.24809e-05 48 0.00668727
0.0157804 0 0 0 0.00677576
0.0158497 0 0 0 0.00686542
0.0159193 0 0 0 0.00695627
0.0159892 0 0 0 0.00704832
0.0160594 0 0 0 0.00714159
0.01613 0 0 0 0.00723609
0.0162008 0 0 0 0.00733185
0.016272 247.213 2.64167e-05 12 0.00742887
0.0163434 0 0 0 0.00752718
0.0164152 0 0 0 0.00762678
0.0164873 382.385 3.92807e-05 48 0.00772771
0.0165597 0 0 0 0.00782997
0.0166324 0 0 0 0.00793358
0.0167055 0 0 0 0.00803856
0.0167788 521.064 5.07846e-05 48 0.00814494
0.0168525 0 0 0 0.00825272
0.0169265 0 0 0 0.00836192
0.0170009 312.839 2.93112e-05 48 0.00847258
0.0170755 0 0 0 0.00858469
0.0171505 0 0 0 0.00869829
0.0172258 304.056 2.73866e-05 30 0.0088134
0.0173015 0 0 0 0.00893002
0.0173775 0 0 0 0.00904819
0.0174538 263.641 2.28281e-05 24 0.00916793
0.0175304 0 0 0 0.00928924
0.0176074 0 0 0 0.00941217
0.0176847 297.595 2.47717e-05 72 0.00953672
0.0177624 0 0 0 0.00966291
0.0178404 0 0 0 0.00979078
0.0179188 0 0 0 0.00992034
0.0179974 0 0 0 0.0100516
0.0180765 0 0 0 0.0101846
0.0181559 378.067 2.90832e-05 24 0.0103194
0.0182356 0 0 0 0.010456
0.0183157 0 0 0 0.0105943
0.0183961 403.059 2.98068e-05 96 0.0107345
0.0184769 0 0 0 0.0108766
0.0185581 0 0 0 0.0110205
0.0186396 386.962 2.75098e-05 48 0.0111663
0.0187214 0 0 0 0.0113141
0.0188036 536.004 3.71166e-05 24 0.0114638
0.0188862 0 0 0 0.0116155
0.0189692 0 0 0 0.0117692
0.0190525 351.744 2.34153e-05 24 0.0119249
0.0191361 0 0 0 0.0120827
0.0192202 0 0 0 0.0122426
0.0193046 361.944 2.31625e-05 72 0.0124046
0.0193894 0 0 0 0.0125688
0.0194745 330.021 2.05716e-05 48 0.0127351
0.01956 0 0 0 0.0129036
0.0196459 0 0 0 0.0130744
0.0197322 0 0 0 0.0132474
0.0198189 0 0 0 0.0134227
0.0199059 358.702 2.0937e-05 8 0.0136003
0.0199933 0 0 0 0.0137803
0.0200811 426.612 2.42546e-05 54 0.0139626
0.0201693 0 0 0 0.0141474
0.0202579 0 0 0 0.0143346
0.0203469 389.958 2.13133e-05 84 0.0145243
0.0204362 0 0 0 0.0147165
0.020526 299.707 1.59556e-05 48 0.0149113
0.0206161 0 0 0 0.0151086
0.0207066 270.493 1.40266e-05 24 0.0153085
0.0207976 0 0 0 0.0155111
0.0208889 464.849 2.34796e-05 72 0.0157163
0.0209807 0 0 0 0.0159243
0.0210728 433.431 2.13245e-05 96 0.016135
0.0211653 0 0 0 0.0163485
0.0212583 0 0 0 0.0165649
0.0213517 0 0 0 0.0167841
0.0214454 0 0 0 0.0170062
0.0215396 568.891 2.62085e-05 48 0.0172312
0.0216342 0 0 0 0.0174592
0.0217292 449.285 2.01612e-05 48 0.0176903
0.0218246 0 0 0 0.0179244
0.0219205 590.883 2.58272e-05 24 0.0181616
0.0220167 351.803 1.51763e-05 72 0.0184019
0.0221134 0 0 0 0.0186454
0.0222105 0 0 0 0.0188921
0.0223081 0 0 0 0.0191421
0.0224061 369.31 1.51154e-05 72 0.0193954
0.0225045 0 0 0 0.0196521
0.0226033 475.867 1.89713e-05 96 0.0199121
0.0227026 0 0 0 0.0201756
0.0228023 0 0 0 0.0204426
0.0229024 0 0 0 0.0207131
0.023003 513.515 1.94235e-05 6 0.0209872
0.023104 0 0 0 0.0212649
0.0232055 637.869 2.3501e-05 96 0.0215463
0.0233074 394.697 1.43519e-05 96 0.0218315
0.0234097 0 0 0 0.0221204
0.0235125 643.114 2.2778e-05 24 0.0224131
0.0236158 0 0 0 0.0227097
0.0237195 480.627 1.65812e-05 48 0.0230102
0.0238237 397.873 1.3547e-05 96 0.0233147
0.0239283 0 0 0 0.0236232
0.0240334 343.729 1.13998e-05 48 0.0239358
0.0241389 0 0 0 0.0242525
0.0242449 0 0 0 0.0245735
0.0243514 736.901 2.34943e-05 36 0.0248986
0.0244584 0 0 0 0.0252281
0.0245658 674.128 2.09352e-05 48 0.025562
0.0246737 535.986 1.64278e-05 120 0.0259002
0.024782 0 0 0 0.026243
0.0248908 552.262 1.64874e-05 56 0.0265902
0.0250002 560.501 1.65148e-05 24 0.0269421
0.0251099 0 0 0 0.0272986
0.0252202 539.342 1.5479e-05 96 0.0276598
0.025331 858.852 2.4327e-05 48 0.0280259
0.0254422 0 0 0 0.0283967
0.025554 0 0 0 0.0287725
0.0256662 546.868 1.4891e-05 24 0.0291532
0.0257789 0 0 0 0.029539
0.0258921 562.382 1.49161e-05 102 0.0299299
0.0260058 409.412 1.0717e-05 48 0.030326
0.02612 831.795 2.14892e-05 72 0.0307273
0.0262347 0 0 0 0.0311339
0.0263499 609.734 1.53436e-05 48 0.0315459
0.0264657 639.25 1.58763e-05 48 0.0319633
0.0265819 521.307 1.2778e-05 120 0.0323863
0.0266986 0 0 0 0.0328148
0.0268159 0 0 0 0.0332491
0.0269337 547.465 1.29002e-05 24 0.0336891
0.0270519 503.952 1.17198e-05 144 0.0341349
0.0271707 0 0 0 0.0345866
0.0272901 472.561 1.07046e-05 120 0.0350442
0.0274099 795.985 1.77954e-05 48 0.035508
0.0275303 0 0 0 0.0359778
0.0276512 750.778 1.63492e-05 48 0.0364539
0.0277726 0 0 0 0.0369363
0.0278946 521.957 1.10713e-05 96 0.0374251
0.0280171 0 0 0 0.0379203
0.0281401 353.467 7.30292e-06 24 0.0384221
0.0282637 673.699 1.37374e-05 48 0.0389306
0.0283878 599.98 1.20744e-05 108 0.0394457
0.0285125 0 0 0 0.0399677
0.0286377 658.462 1.29075e-05 72 0.0404966
0.0287635 430.288 8.32453e-06 30 0.0410325
0.0288898 602.64 1.15067e-05 168 0.0415755
0.0290167 527.617 9.94262e-06 48 0.0421256
0.0291441 0 0 0 0.0426831
0.0292721 1091.05 2.00267e-05 72 0.0432479
0.0294007 646.47 1.17112e-05 96 0.0438202
0.0295298 601.146 1.07479e-05 72 0.0444001
0.0296595 657.135 1.15955e-05 72 0.0449876
0.0297897 454.167 7.90938e-06 32 0.0455829
0.0299205 0 0 0 0.0461861
0.0300519 844.642 1.43278e-05 72 0.0467973
0.0301839 490.012 8.20362e-06 144 0.0474165
0.0303165 0 0 0 0.048044
0.0304496 0 0 0 0.0486798
0.0305833 563.558 9.07005e-06 96 0.0493239
0.0307176 442.626 7.0307e-06 96 0.0499766
0.0308525 700.753 1.09854e-05 48 0.050638
0.030988 595.964 9.2207e-06 72 0.051308
0.0311241 507.473 7.74903e-06 120 0.051987
0.0312608 762.843 1.14964e-05 72 0.0526749
0.0313981 592.759 8.81645e-06 48 0.053372
0.031536 772.212 1.13356e-05 78 0.0540782
0.0316745 743.944 1.0778e-05 120 0.0547938
0.0318136 633.686 9.0607e-06 48 0.0555189
0.0319533 0 0 0 0.0562536
0.0320936 641.978 8.94106e-06 144 0.056998
0.0322346 555.548 7.63628e-06 144 0.0577522
0.0323761 0 0 0 0.0585165
0.0325183 164.56 2.20326e-06 12 0.0592908
0.0326611 582.229 7.69354e-06 144 0.0600754
0.0328046 661.456 8.62629e-06 168 0.0608704
0.0329486 382.93 4.9287e-06 48 0.0616759
0.0330933 551.658 7.00768e-06 48 0.062492
0.0332387 690.238 8.65354e-06 168 0.063319
0.0333846 0 0 0 0.0641568
0.0335312 657.084 8.02412e-06 48 0.0650058
0.0336785 635.694 7.66152e-06 192 0.065866
0.0338264 544.202 6.47318e-06 72 0.0667376
0.033975 659.627 7.74367e-06 48 0.0676208
0.0341242 615.7 7.1336e-06 96 0.0685156
0.034274 761.871 8.71187e-06 48 0.0694222
0.0344245 683.539 7.71408e-06 30 0.0703409
0.0345757 931.167 1.03714e-05 96 0.0712717
0.0347276 682.051 7.49754e-06 192 0.0722148
0.0348801 591.42 6.41636e-06 80 0.0731704
0.0350333 724.765 7.76035e-06 168 0.0741387
0.0351871 651.166 6.88123e-06 120 0.0751198
0.0353416 566.443 5.90774e-06 72 0.0761138
0.0354969 782.723 8.05682e-06 144 0.077121
0.0356527 642.205 6.5241e-06 96 0.0781416
0.0358093 846.029 8.48247e-06 96 0.0791756
0.0359666 713.093 7.05626e-06 72 0.0802233
0.0361245 697.531 6.81212e-06 96 0.0812849
0.0362832 1069.44 1.03078e-05 24 0.0823605
0.0364425 644.543 6.1313e-06 192 0.0834504
0.0366026 789.745 7.41444e-06 132 0.0845547
0.0367633 782.224 7.24791e-06 96 0.0856736
0.0369248 603.68 5.52051e-06 96 0.0868073
0.0370869 680.571 6.14238e-06 120 0.087956
0.0372498 664.825 5.9219e-06 48 0.0891199
0.0374134 675.45 5.93797e-06 222 0.0902992
0.0375777 730.905 6.34157e-06 120 0.0914941
0.0377427 683.85 5.85581e-06 192 0.0927049
0.0379085 796.332 6.72994e-06 144 0.0939316
0.0380749 393.548 3.28251e-06 24 0.0951746
0.0382422 800.599 6.59042e-06 144 0.096434
0.0384101 638.373 5.18637e-06 120 0.0977101
0.0385788 598.023 4.7951e-06 192 0.0990031
0.0387482 626.356 4.95669e-06 144 0.100313
0.0389184 853.168 6.6634e-06 48 0.101641
0.0390893 682.676 5.2622e-06 336 0.102986
0.039261 619.955 4.71631e-06 48 0.104348
0.0394334 748.168 5.61737e-06 192 0.105729
0.0396066 781.159 5.78847e-06 48 0.107128
0.0397805 1060.54 7.75607e-06 8 0.108546
0.0399552 835.251 6.02868e-06 288 0.109982
0.0401307 707.278 5.03833e-06 150 0.111438
0.0403069 708.245 4.97932e-06 120 0.112912
0.0404839 811.528 5.63095e-06 120 0.114407
0.0406617 839.618 5.74976e-06 228 0.11592
0.0408403 717.808 4.8514e-06 168 0.117454
0.0410196 686.453 4.5789e-06 48 0.119009
0.0411998 801.315 5.27526e-06 336 0.120584
0.0413807 906.752 5.89142e-06 24 0.122179
0.0415624 790.591 5.0696e-06 336 0.123796
0.041745 868.798 5.49834e-06 144 0.125434
0.0419283 989.586 6.18098e-06 168 0.127094
0.0421124 0 0 0 0.128776
0.0422974 705.316 4.29111e-06 192 0.13048
0.0424831 911.884 5.4754e-06 216 0.132207
0.0426697 764.208 4.52875e-06 192 0.133956
0.0428571 691.945 4.04696e-06 144 0.135729
0.0430453 784.528 4.52852e-06 198 0.137525
0.0432344 704.409 4.01295e-06 216 0.139345
0.0434242 878.658 4.94025e-06 168 0.141188
0.0436149 848.226 4.70687e-06 240 0.143057
0.0438065 710.771 3.89261e-06 168 0.14495
0.0439988 688.862 3.72335e-06 264 0.146868
0.0441921 758.015 4.04362e-06 216 0.148811
0.0443862 887.982 4.67506e-06 96 0.150781
0.0445811 544.542 2.82947e-06 144 0.152776
0.0447769 691.669 3.54701e-06 308 0.154798
0.0449735 812.824 4.11388e-06 312 0.156846
0.045171 849.379 4.24275e-06 96 0.158921
0.0453694 814.805 4.0169e-06 288 0.161024
0.0455686 722.949 3.51751e-06 168 0.163155
0.0457688 746.137 3.58292e-06 240 0.165314
0.0459698 752.006 3.56394e-06 198 0.167502
0.0461716 805.034 3.76542e-06 192 0.169718
0.0463744 812.121 3.74896e-06 312 0.171964
0.0465781 778.035 3.54471e-06 168 0.17424
0.0467826 888.404 3.99468e-06 336 0.176546
0.0469881 1179.69 5.23519e-06 72 0.178882
0.0471944 852.65 3.73443e-06 456 0.181249
0.0474017 675.957 2.92189e-06 144 0.183647
0.0476099 926.671 3.95331e-06 264 0.186078
0.0478189 865.404 3.64371e-06 336 0.18854
0.048029 683.773 2.84137e-06 48 0.191035
0.0482399 771.149 3.16261e-06 408 0.193563
0.0484517 703.348 2.84687e-06 192 0.196124
0.0486645 836.424 3.3413e-06 180 0.198719
0.0488782 890.339 3.51022e-06 342 0.201349
0.0490929 893.886 3.47818e-06 360 0.204013
0.0493085 922.765 3.54366e-06 168 0.206713
0.049525 1019.23 3.863e-06 384 0.209449
0.0497425 847.66 3.17076e-06 344 0.21222
0.049961 954.292 3.52301e-06 144 0.215028
0.0501804 826.066 3.00981e-06 456 0.217874
0.0504008 893.036 3.21132e-06 312 0.220757
0.0506221 794.685 2.82033e-06 96 0.223678
0.0508444 881.934 3.0891e-06 456 0.226638
0.0510677 903.651 3.12383e-06 264 0.229637
0.051292 726.604 2.47899e-06 168 0.232676
0.0515172 997.14 3.35756e-06 432 0.235755
0.0517435 995.519 3.30833e-06 270 0.238875
0.0519707 900.891 2.95476e-06 312 0.242036
0.052199 1093.88 3.54087e-06 456 0.245238
0.0524282 1027.68 3.28313e-06 336 0.248484
0.0526584 987.286 3.1129e-06 144 0.251772
0.0528897 1012.61 3.15104e-06 372 0.255103
0.053122 974.726 2.99354e-06 552 0.258479
0.0533553 842.24 2.55287e-06 336 0.2619
0.0535896 915.521 2.73875e-06 288 0.265365
0.0538249 1086.11 3.20662e-06 264 0.268877
0.0540613 932.47 2.71707e-06 480 0.272435
0.0542987 879.521 2.52931e-06 312 0.27604
0.0545372 948.097 2.69092e-06 462 0.279693
0.0547767 897.365 2.51367e-06 392 0.283394
0.0550173 806.495 2.22962e-06 144 0.287144
0.0552589 962.316 2.62565e-06 624 0.290944
0.0555015 908.909 2.44755e-06 504 0.294794
0.0557453 968.034 2.57271e-06 480 0.298695
0.0559901 890.854 2.33667e-06 312 0.302647
0.056236 1014.81 2.62705e-06 216 0.306652
0.056483 990.616 2.53092e-06 408 0.31071
0.056731 913.001 2.30216e-06 456 0.314822
0.0569802 1096.03 2.72759e-06 564 0.318988
0.0572304 1074.66 2.63947e-06 384 0.323209
0.0574817 940.207 2.27908e-06 462 0.327486
0.0577342 1041.79 2.49233e-06 432 0.331819
0.0579877 1088.99 2.57124e-06 432 0.33621
0.0582424 1006.71 2.34592e-06 336 0.340659
0.0584982 1063.87 2.44674e-06 552 0.345167
0.0587551 868.558 1.97146e-06 552 0.349735
0.0590131 799.108 1.79014e-06 240 0.354363
0.0592723 1004.13 2.22004e-06 744 0.359052
0.0595326 1074.13 2.34379e-06 408 0.363803
0.059794 947.175 2.03978e-06 560 0.368617
0.0600566 927.073 1.97041e-06 408 0.373495
0.0603203 1066.07 2.23624e-06 510 0.378438
0.0605852 1058.25 2.19084e-06 600 0.383446
0.0608513 1091.83 2.23085e-06 492 0.38852
0.0611186 979.62 1.97544e-06 552 0.393661
0.061387 1151.22 2.29117e-06 504 0.39887
0.0616566 896.866 1.76163e-06 696 0.404148
0.0619273 1279.34 2.48006e-06 360 0.409496
0.0621993 1125.97 2.15426e-06 720 0.414915
0.0624724 929.413 1.75497e-06 576 0.420406
0.0627468 1140.49 2.12542e-06 312 0.425969
0.0630224 1113.18 2.04742e-06 576 0.431606
0.0632991 967.181 1.75566e-06 630 0.437317
0.0635771 1092.04 1.95642e-06 792 0.443104
0.0638563 1178.88 2.08441e-06 480 0.448968
0.0641368 1124.41 1.96213e-06 600 0.454909
0.0644184 1181.69 2.03515e-06 600 0.460928
0.0647013 981.763 1.66876e-06 800 0.467028
0.0649855 1208.83 2.02788e-06 588 0.473208
0.0652709 1171.14 1.939e-06 624 0.47947
0.0655575 1128.88 1.84461e-06 672 0.485815
0.0658454 1126.01 1.8159e-06 504 0.492243
0.0661346 1285.22 2.04559e-06 798 0.498757
0.066425 1280.78 2.0119e-06 696 0.505357
0.0667167 1216.22 1.88553e-06 456 0.512044
0.0670097 1206.96 1.84673e-06 1008 0.51882
0.067304 1217.59 1.83867e-06 696 0.525686
0.0675996 1173.32 1.74867e-06 624 0.532642
0.0678965 1283.71 1.88821e-06 744 0.53969
0.0681946 1213.5 1.76163e-06 912 0.546832
0.0684941 1224.11 1.75382e-06 744 0.554068
0.0687949 1205.47 1.70456e-06 414 0.5614
0.0690971 1229.1 1.71527e-06 924 0.568829
0.0694005 1328.44 1.8297e-06 888 0.576356
0.0697053 1350.19 1.83537e-06 656 0.583983
0.0700114 1344.02 1.80312e-06 960 0.591711
0.0703189 1305.02 1.72794e-06 600 0.599541
0.0706277 1365.05 1.78381e-06 864 0.607475
0.0709379 1410.61 1.81927e-06 792 0.615513
0.0712494 1377.03 1.75277e-06 912 0.623658
0.0715623 1377.17 1.73005e-06 744 0.631911
0.0718766 1531.7 1.89906e-06 723 0.640273
0.0721922 1513.31 1.85175e-06 1116 0.648746
0.0725093 1336.34 1.61384e-06 624 0.657331
0.0728277 1382.51 1.6478e-06 912 0.666029
0.0731475 1373.11 1.61523e-06 1032 0.674842
0.0734688 1472.51 1.70953e-06 828 0.683772
0.0737914 1449 1.66026e-06 876 0.692821
0.0741155 1517.42 1.71595e-06 816 0.701989
0.074441 1480.82 1.65269e-06 732 0.711278
0.0747679 1563.22 1.72187e-06 884 0.72069
0.0750963 1458.43 1.58546e-06 960 0.730227
0.0754261 1438.91 1.54382e-06 852 0.73989
0.0757573 1496.47 1.58461e-06 780 0.749681
0.07609 1562.22 1.63262e-06 720 0.759601
0.0764242 1489.61 1.53641e-06 1044 0.769653
0.0767598 1588.86 1.61738e-06 864 0.779838
0.0770969 1506.55 1.51356e-06 648 0.790157
0.0774355 1494.37 1.48171e-06 924 0.800613
0.0777755 1467.24 1.43581e-06 912 0.811208
0.0781171 1511.47 1.45977e-06 792 0.821942
0.0784602 1572.92 1.49929e-06 996 0.832819
0.0788047 1555.74 1.46354e-06 828 0.84384
0.0791508 1689.76 1.56886e-06 768 0.855006
0.0794984 1395.7 1.27891e-06 596 0.86632
0.0798475 1662.73 1.50371e-06 1128 0.877784
0.0801982 1579.09 1.40942e-06 840 0.8894
0.0805504 1665.25 1.46691e-06 732 0.901169
0.0809042 1889.1 1.64236e-06 564 0.913094
0.0812595 1685.65 1.44635e-06 924 0.925177
0.0816163 1764.04 1.49384e-06 1080 0.93742
0.0819747 1533.21 1.28141e-06 648 0.949825
0.0823347 1914.95 1.57955e-06 936 0.962393
0.0826963 1964.63 1.59936e-06 480 0.975129
0.0830595 1796.95 1.44375e-06 768 0.988032
0.0834243 1630.51 1.29292e-06 984 1.00111
0.0837906 1823.94 1.42741e-06 972 1.01435
0.0841586 1781.45 1.37596e-06 552 1.02778
0.0845282 1773.62 1.35202e-06 908 1.04138
0.0848994 1785.62 1.34339e-06 576 1.05516
0.0852723 1926.82 1.43068e-06 888 1.06912
0.0856468 1691.51 1.23956e-06 768 1.08327
0.0860229 1784.04 1.29029e-06 624 1.0976
0.0864007 1900.89 1.35685e-06 744 1.11213
0.0867801 1753.56 1.23534e-06 720 1.12684
0.0871612 1833.12 1.27452e-06 672 1.14176
0.087544 1914.58 1.31377e-06 816 1.15686
0.0879285 1928.26 1.30588e-06 816 1.17217
0.0883146 1902.93 1.27189e-06 660 1.18768
0.0887025 1974.81 1.3027e-06 648 1.2034
0.089092 2188.95 1.4251e-06 684 1.21933
0.0894833 1885.46 1.21148e-06 668 1.23546
0.0898763 2265.12 1.43642e-06 624 1.25181
0.090271 2157.74 1.35046e-06 804 1.26837
0.0906674 2104.29 1.2998e-06 504 1.28516
0.0910656 2228.44 1.35852e-06 504 1.30216
0.0914655 2214 1.33208e-06 804 1.3194
0.0918672 2065.41 1.22645e-06 684 1.33686
0.0922706 2251.69 1.3196e-06 624 1.35455
0.0926759 2039.22 1.17948e-06 432 1.37247
0.0930829 2193.65 1.25223e-06 648 1.39063
0.0934916 2303.76 1.29791e-06 660 1.40903
0.0939022 2356.76 1.31043e-06 540 1.42768
0.0943146 2623.32 1.4396e-06 540 1.44657
0.0947288 2619.51 1.41873e-06 512 1.46571
0.0951448 2359.39 1.26116e-06 552 1.48511
0.0955627 2667.96 1.40747e-06 516 1.50476
0.0959823 2383.43 1.24095e-06 552 1.52467
0.0964039 2515.57 1.29264e-06 456 1.54485
0.0968272 2412.82 1.22365e-06 540 1.56529
0.0972525 2871.46 1.43723e-06 288 1.58601
0.0976796 2842.42 1.40412e-06 552 1.60699
0.0981085 2693.22 1.31304e-06 456 1.62826
0.0985394 2838.13 1.36561e-06 456 1.64981
0.0989721 2915.86 1.38469e-06 288 1.67164
0.0994068 2637.01 1.23592e-06 368 1.69376
0.0998433 3032.13 1.40254e-06 432 1.71617
0.100282 2647.45 1.20861e-06 288 1.73888
0.100722 3437.51 1.54879e-06 384 1.76189
0.101165 2813.06 1.25089e-06 264 1.78521
0.101609 3419.58 1.50074e-06 375 1.80883
0.102055 2978.56 1.29011e-06 228 1.83277
0.102503 3558.46 1.52116e-06 258 1.85702
0.102953 2959.4 1.24855e-06 270 1.88159
0.103406 3376 1.40571e-06 294 1.90649
0.10386 3046.67 1.25202e-06 144 1.93172
0.104316 3918.13 1.58911e-06 206 1.95728
0.104774 3106.47 1.24346e-06 222 1.98318
0.105234 3643.92 1.43955e-06 228 2.00942
0.105696 3569.03 1.39155e-06 126 2.03602
0.10616 3073.36 1.18264e-06 198 2.06296
0.106627 3041.95 1.15527e-06 240 2.09026
0.107095 3971.5 1.48859e-06 102 2.11792
0.107565 3444.21 1.27409e-06 72 2.14594
0.108038 2855.6 1.04255e-06 198 2.17434
0.108512 3466.17 1.24894e-06 180 2.20311
0.108989 4176.46 1.48522e-06 54 2.23227
0.109467 4132.48 1.45039e-06 128 2.26181
0.109948 3360.4 1.16401e-06 144 2.29174
0.110431 5572.19 1.90494e-06 54 2.32206
0.110916 3390.71 1.14403e-06 48 2.35279
0.111403 3743.59 1.24659e-06 162 2.38392
0.111892 3630.84 1.19326e-06 48 2.41547
0.112384 3646.31 1.18269e-06 24 2.44743
0.112877 3305.01 1.05799e-06 126 2.47982
0.113373 4247.72 1.34201e-06 72 2.51263
0.113871 9919.8 3.09309e-06 6 2.54588
0.114371 3455.53 1.0634e-06 56 2.57957
0.114873 6089.17 1.8494e-06 84 2.61371
0.115377 10905.5 3.26895e-06 6 2.6483
0.115884 3590.97 1.06234e-06 24 2.68334
0.116393 4853.91 1.41721e-06 72 2.71885
0.116904 6820.58 1.96542e-06 6 2.75483
0.117418 0 0 0 2.79128
0.117933 7566.21 2.1237e-06 66 2.82822
0.118451 0 0 0 2.86564
0.118971 0 0 0 2.90356
0.119494 8544.94 2.30567e-06 38 2.94199
0.120019 0 0 0 2.98092
0.120546 0 0 0 3.02036
0.121075 12730.6 3.30224e-06 18 3.06033
0.121607 0 0 0 3.10083
0.122141 0 0 0 3.14186
0.122677 6860.06 1.71065e-06 6 3.18344
0.123216 0 0 0 3.22556
0.123757 0 0 0 3.26825
0.124301 642.063 1.53916e-07 1 3.31149
0.124847 0 0 0 3.35531
0.125395 0 0 0 3.39972
0.125946 0 0 0 3.4447
0.126499 0 0 0 3.49029
0.127054 0 0 0 3.53647
0.127612 0 0 0 3.58327
0.128173 0 0 0 3.63069
0.128736 0 0 0 3.67873
0.129301 0 0 0 3.72741
0.129869 0 0 0 3.77674
0.130439 0 0 0 3.82671
0.131012 0 0 0 3.87735
0.131587 0 0 0 3.92866
0.132165 0 0 0 3.98065
0.132746 0 0 0 4.03332
0.133329 0 0 0 4.0867
0.133914 0 0 0 4.14077
0.134502 0 0 0 4.19557
0.135093 0 0 0 4.25109
0.135686 0 0 0 4.30734
0.136282 0 0 0 4.36434
0.136881 0 0 0 4.42209
0.137482 0 0 0 4.48061
0.138085 0 0 0 4.5399
0.138692 0 0 0 4.59998
0.139301 0 0 0 4.66085
0.139913 0 0 0 4.72253
0.140527 0 0 0 4.78502
0.141144 0 0 0 4.84834
0.141764 0 0 0 4.91249
0.142387 0 0 0 4.9775
0.143012 0 0 0 5.04337
0.14364 0 0 0 5.11011
0.144271 0 0 0 5.17773
0.144904 0 0 0 5.24624
0.145541 0 0 0 5.31567
0.14618 0 0 0 5.38601
0.146822 0 0 0 5.45728
0.147467 0 0 0 5.5295
0.148114 0 0 0 5.60267
0.148765 0 0 0 5.67681
0.149418 0 0 0 5.75193
0.150074 0 0 0 5.82804
0.150733 0 0 0 5.90516
0.151395 0 0 0 5.98331
0.15206 0 0 0 6.06248
0.152728 0 0 0 6.14271
0.153399 0 0 0 6.22399
0.154072 0 0 0 6.30635
0.154749 0 0 0 6.3898
0.155429 0 0 0 6.47436
0.156111 0 0 0 6.56003
0.156797 0 0 0 6.64684
0.157485 0 0 0 6.7348
0.158177 0 0 0 6.82392
0.158872 0 0 0 6.91422
0.159569 0 0 0 7.00571
0.16027 0 0 0 7.09842
0.160974 0 0 0 7.19235
0.161681 0 0 0 7.28753
0.162391 0 0 0 7.38396
0.163104 0 0 0 7.48167
0.163821 0 0 0 7.58068
0.16454 0 0 0 7.68099
0.165263 0 0 0 7.78263
0.165988 0 0 0 7.88562
0.166717 0 0 0 7.98997
0.167449 0 0 0 8.0957
0.168185 0 0 0 8.20283
0.168923 0 0 0 8.31138
0.169665 0 0 0 8.42136
0.17041 0 0 0 8.5328
0.171159 0 0 0 8.64571
0.17191 0 0 0 8.76012
0.172665 0 0 0 8.87604
0.173424 0 0 0 8.9935
0.174185 0 0 0 9.11251
0.17495 0 0 0 9.23309
0.175719 0 0 0 9.35527
0.17649 0 0 0 9.47907
0.177265 0 0 0 9.6045
0.178044 0 0 0 9.7316
0.178826 0 0 0 9.86037
0.179611 0 0 0 9.99086
0.1804 0 0 0 10.1231
0.181192 0 0 0 10.257
0.181988 0 0 0 10.3928
0.182787 0 0 0 10.5303
0.18359 0 0 0 10.6696
0.184396 0 0 0 10.8108
0.185206 0 0 0 10.9539
0.186019 0 0 0 11.0988
0.186836 0 0 0 11.2457
0.187657 0 0 0 11.3945
0.188481 0 0 0 11.5453
0.189309 0 0 0 11.6981
0.19014 0 0 0 11.8529
0.190975 0 0 0 12.0097
0.191814 0 0 0 12.1686
0.192656 0 0 0 12.3297
0.193502 0 0 0 12.4928
0.194352 0 0 0 12.6581
0.195205 0 0 0 12.8256
0.196063 0 0 0 12.9954
0.196924 0 0 0 13.1673
0.197789 0 0 0 13.3416
0.198657 0 0 0 13.5181
0.19953 0 0 0 13.697
0.200406 0 0 0 13.8782
0.201286 0 0 0 14.0619
0.20217 0 0 0 14.248
0.203058 0 0 0 14.4365
0.20395 0 0 0 14.6275
0.204845 0 0 0 14.8211
0.205745 0 0 0 15.0172
0.206648 0 0 0 15.216
0.207556 0 0 0 15.4173
0.208467 0 0 0 15.6213
0.209383 0 0 0 15.828
0.210302 0 0 0 16.0375
0.211226 0 0 0 16.2497
0.212154 0 0 0 16.4647
0.213085 0 0 0 16.6826
0.214021 0 0 0 16.9034
0.214961 0 0 0 17.1271
0.215905 0 0 0 17.3537
0.216853 0 0 0 17.5833
0.217806 0 0 0 17.816
0.218762 0 0 0 18.0518
0.219723 0 0 0 18.2906
0.220688 0 0 0 18.5327
0.221657 0 0 0 18.7779
0.22263 0 0 0 19.0264
0.223608 0 0 0 19.2782
0.22459 0 0 0 19.5333
0.225577 0 0 0 19.7918
0.226567 0 0 0 20.0537
0.227562 0 0 0 20.319
0.228562 0 0 0 20.5879
0.229565 0 0 0 20.8604
0.230573 0 0 0 21.1364
0.231586 0 0 0 21.4161
0.232603 0 0 0 21.6995
0.233625 0 0 0 21.9866
0.234651 0 0 0 22.2776
0.235681 0 0 0 22.5724
0.236716 0 0 0 22.8711
0.237756 0 0 0 23.1737
0.2388 0 0 0 23.4804
0.239849 0 0 0 23.7911
0.240902 0 0 0 24.1059
0.24196 0 0 0 24.4249
0.243022 0 0 0 24.7481
0.24409 0 0 0 25.0756
0.245162 0 0 0 25.4074
0.246238 0 0 0 25.7437
0.24732 0 0 0 26.0843
0.248406 0 0 0 26.4295
0.249497 0 0 0 26.7792
0.250592 0 0 0 27.1336
0.251693 0 0 0 27.4926
0.252798 0 0 0 27.8564
0.253909 0 0 0 28.2251
0.255024 0 0 0 28.5986
0.256144 0 0 0 28.977
0.257268 0 0 0 29.3605
0.258398 0 0 0 29.749
0.259533 0 0 0 30.1426
0.260673 0 0 0 30.5415
0.261818 0 0 0 30.9457
0.262967 0 0 0 31.3552
0.264122 0 0 0 31.7701
0.265282 0 0 0 32.1905
0.266447 0 0 0 32.6165
0.267617 0 0 0 33.0481
0.268793 0 0 0 33.4854
0.269973 0 0 0 33.9285
0.271159 0 0 0 34.3775
0.27235 0 0 0 34.8324
0.273546 0 0 0 35.2933
0.274747 0 0 0 35.7604
0.275954 0 0 0 36.2336
0.277165 0 0 0 36.713
0.278383 0 0 0 37.1989
0.279605 0 0 0 37.6911
0.280833 0 0 0 38.1899
0.282066 0 0 0 38.6952
0.283305 0 0 0 39.2073
0.284549 0 0 0 39.7261
0.285799 0 0 0 40.2518
0.287054 0 0 0 40.7844
0.288315 0 0 0 41.3241
0.289581 0 0 0 41.871
0.290853 0 0 0 42.4251
0.29213 0 0 0 42.9865
0.293413 0 0 0 43.5553
0.294702 0 0 0 44.1317
0.295996 0 0 0 44.7156
0.297296 0 0 0 45.3074
0.298601 0 0 0 45.9069
0.299913 0 0 0 46.5144
0.30123 0 0 0 47.1299
0.302553 0 0 0 47.7536
0.303881 0 0 0 48.3855
0.305216 0 0 0 49.0258
0.306556 0 0 0 49.6745
0.307903 0 0 0 50.3319
0.309255 0 0 0 50.9979
0.310613 0 0 0 51.6727
0.311977 0 0 0 52.3565
0.313347 0 0 0 53.0493
0.314723 0 0 0 53.7513
0.316105 0 0 0 54.4626
0.317494 0 0 0 55.1833
0.318888 0 0 0 55.9135
0.320288 0 0 0 56.6534
0.321695 0 0 0 57.4031
0.323108 0 0 0 58.1627
0.324527 0 0 0 58.9324
0.325952 0 0 0 59.7122
0.327383 0 0 0 60.5024
0.328821 0 0 0 61.303
0.330265 0 0 0 62.1142
0.331716 0 0 0 62.9362
0.333172 0 0 0 63.769
0.334635 0 0 0 64.6129
0.336105 0 0 0 65.4679
0.337581 0 0 0 66.3342
0.339064 0 0 0 67.212
0.340553 0 0 0 68.1014
0.342048 0 0 0 69.0026
0.34355 0 0 0 69.9157
0.345059 0 0 0 70.8409
0.346575 0 0 0 71.7783
0.348097 0 0 0 72.7281
0.349625 0 0 0 73.6905
0.351161 0 0 0 74.6657
0.352703 0 0 0 75.6537
0.354252 0 0 0 76.6548
0.355808 0 0 0 77.6692
0.35737 0 0 0 78.697
0.35894 0 0 0 79.7384
0.360516 0 0 0 80.7935
0.362099 0 0 0 81.8627
0.363689 0 0 0 82.9459
0.365287 0 0 0 84.0436
0.366891 0 0 0 85.1557
0.368502 0 0 0 86.2825
0.37012 0 0 0 87.4243
0.371746 0 0 0 88.5812
0.373378 0 0 0 89.7534
0.375018 0 0 0 90.9411
0.376665 0 0 0 92.1445
0.378319 0 0 0 93.3638
0.379981 0 0 0 94.5993
0.381649 0 0 0 95.8511
0.383326 0 0 0 97.1195
0.385009 0 0 0 98.4047
0.3867 0 0 0 99.7068
0.388398 0 0 0 101.026
0.390104 0 0 0 102.363
0.391817 0 0 0 103.718
0.393538 0 0 0 105.09
0.395266 0 0 0 106.481
0.397002 0 0 0 107.89
0.398745 0 0 0 109.318
0.400496 0 0 0 110.764
0.402255 0 0 0 112.23
0.404022 0 0 0 113.715
0.405796 0 0 0 115.22
0.407578 0 0 0 116.744
0.409368 0 0 0 118.289
0.411166 0 0 0 119.855
0.412972 0 0 0 121.441
0.414785 0 0 0 123.048
0.416607 0 0 0 124.676
0.418436 0 0 0 126.326
0.420274 0 0 0 127.997
0.42212 0 0 0 129.691
0.423974 0 0 0 131.407
0.425836 0 0 0 133.146
0.427706 0 0 0 134.908
0.429584 0 0 0 136.693
0.431471 0 0 0 138.502
0.433365 0 0 0 140.335
0.435269 0 0 0 142.192
0.43718 0 0 0 144.074
0.4391 0 0 0 145.98
0.441028 0 0 0 147.912
0.442965 0 0 0 149.869
0.444911 0 0 0 151.852
0.446865 0 0 0 153.862
0.448827 0 0 0 155.898
0.450798 0 0 0 157.961
0.452778 0 0 0 160.051
0.454766 0 0 0 162.169
0.456763 0 0 0 164.315
0.458769 0 0 0 166.489
0.460784 0 0 0 168.692
0.462808 0 0 0 170.925
0.46484 0 0 0 173.187
0.466882 0 0 0 175.478
0.468932 0 0 0 177.8
0.470991 0 0 0 180.153
0.47306 0 0 0 182.537
0.475137 0 0 0 184.953
0.477224 0 0 0 187.4
0.47932 0 0 0 189.88
0.481425 0 0 0 192.393
0.483539 0 0 0 194.939
0.485663 0 0 0 197.518
0.487795 0 0 0 200.132
0.489938 0 0 0 202.78
0.492089 0 0 0 205.464
0.49425 0 0 0 208.182
0.496421 0 0 0 210.937
0.498601 0 0 0 213.729
0.500791 0 0 0 216.557
0.50299 0 0 0 219.422
0.505199 0 0 0 222.326
0.507418 0 0 0 225.268
0.509646 0 0 0 228.249
0.511884 0 0 0 231.269
0.514132 0 0 0 234.33
0.51639 0 0 0 237.431
0.518658 0 0 0 240.573
0.520936 0 0 0 243.756
0.523223 0 0 0 246.982
0.525521 0 0 0 250.25
0.527829 0 0 0 253.561
0.530147 0 0 0 256.917
0.532475 0 0 0 260.316
0.534814 0 0 0 263.761
0.537162 0 0 0 267.252
0.539522 0 0 0 270.788
0.541891 0 0 0 274.371
0.544271 0 0 0 278.002
0.546661 0 0 0 281.681
0.549062 0 0 0 285.408
0.551473 0 0 0 289.185
0.553895 0 0 0 293.012
0.556327 0 0 0 296.889
0.558771 0 0 0 300.818
0.561224 0 0 0 304.799
0.563689 0 0 0 308.832
0.566165 0 0 0 312.919
0.568651 0 0 0 317.059
0.571148 0 0 0 321.255
0.573657 0 0 0 325.506
0.576176 0 0 0 329.814
0.578706 0 0 0 334.178
0.581248 0 0 0 338.6
0.5838 0 0 0 343.081
0.586364 0 0 0 347.621
0.588939 0 0 0 352.221
0.591526 0 0 0 356.882
0.594124 0 0 0 361.604
0.596733 0 0 0 366.389
0.599353 0 0 0 371.238
0.601985 0 0 0 376.15
0.604629 0 0 0 381.128
0.607285 0 0 0 386.171
0.609951 0 0 0 391.281
0.61263 0 0 0 396.459
0.615321 0 0 0 401.705
0.618023 0 0 0 407.021
0.620737 0 0 0 412.407
0.623463 0 0 0 417.864
0.626201 0 0 0 423.394
0.628951 0 0 0 428.997
0.631713 0 0 0 434.674
0.634488 0 0 0 440.425
0.637274 0 0 0 446.254
0.640073 0 0 0 452.159
0.642884 0 0 0 458.142
0.645707 0 0 0 464.205
0.648543 0 0 0 470.347
0.651391 0 0 0 476.571
0.654252 0 0 0 482.878
0.657125 0 0 0 489.268
0.660011 0 0 0 495.742
0.662909 0 0 0 502.302
0.66582 0 0 0 508.949
0.668744 0 0 0 515.684
0.671681 0 0 0 522.508
0.674631 0 0 0 529.422
0.677594 0 0 0 536.428
0.68057 0 0 0 543.527
0.683558 0 0 0 550.719
0.68656 0 0 0 558.007
0.689575 0 0 0 565.391
0.692604 0 0 0 572.872
0.695646 0 0 0 580.453
0.698701 0 0 0 588.134
0.701769 0 0 0 595.917
0.704851 0 0 0 603.803
0.707946 0 0 0 611.793
0.711055 0 0 0 619.888
0.714178 0 0 0 628.091
0.717315 0 0 0 636.403
0.720465 0 0 0 644.824
0.723629 0 0 0 653.357
0.726807 0 0 0 662.003
0.729999 0 0 0 670.763
0.733204 0 0 0 679.639
0.736424 0 0 0 688.633
0.739659 0 0 0 697.745
0.742907 0 0 0 706.978
0.746169 0 0 0 716.334
0.749446 0 0 0 725.813
0.752738 0 0 0 735.418
0.756043 0 0 0 745.149
0.759364 0 0 0 755.01
0.762698 0 0 0 765.001
0.766048 0 0 0 775.124
0.769412 0 0 0 785.381
0.772791 0 0 0 795.774
0.776185 0 0 0 806.304
0.779594 0 0 0 816.974
0.783017 0 0 0 827.785
0.786456 0 0 0 838.739
0.78991 0 0 0 849.838
0.793379 0 0 0 861.083
0.796863 0 0 0 872.478
0.800363 0 0 0 884.023
0.803878 0 0 0 895.722
0.807408 0 0 0 907.575
0.810954 0 0 0 919.584
0.814515 0 0 0 931.753
0.818092 0 0 0 944.083
0.821685 0 0 0 956.576
0.825294 0 0 0 969.234
0.828918 0 0 0 982.06
0.832558 0 0 0 995.055
0.836215 0 0 0 1008.22
0.839887 0 0 0 1021.56
0.843575 0 0 0 1035.08
0.84728 0 0 0 1048.78
0.851001 0 0 0 1062.66
0.854738 0 0 0 1076.72
0.858492 0 0 0 1090.97
0.862262 0 0 0 1105.4
0.866049 0 0 0 1120.03
0.869852 0 0 0 1134.85
0.873673 0 0 0 1149.87
0.877509 0 0 0 1165.09
0.881363 0 0 0 1180.5
0.885234 0 0 0 1196.13
0.889121 0 0 0 1211.95
0.893026 0 0 0 1227.99
0.896948 0 0 0 1244.24
0.900887 0 0 0 1260.71
0.904843 0 0 0 1277.39
0.908817 0 0 0 1294.29
0.912808 0 0 0 1311.42
0.916817 0 0 0 1328.77
0.920843 0 0 0 1346.36
0.924887 0 0 0 1364.17
0.928949 0 0 0 1382.23
0.933029 0 0 0 1400.52
0.937126 0 0 0 1419.05
0.941242 0 0 0 1437.83
0.945375 0 0 0 1456.85
0.949527 0 0 0 1476.13
0.953697 0 0 0 1495.67
0.957885 0 0 0 1515.46
0.962092 0 0 0 1535.51
0.966317 0 0 0 1555.83
0.970561 0 0 0 1576.42
0.974823 0 0 0 1597.28
0.979104 0 0 0 1618.42
0.983404 0 0 0 1639.83
0.987723 0 0 0 1661.53
0.992061 0 0 0 1683.52
0.996418 0 0 0 1705.8
1.00079 0 0 0 1728.37
1.00519 0 0 0 1751.24
1.0096 0 0 0 1774.41
1.01404 0 0 0 1797.9
1.01849 0 0 0 1821.69
1.02296 0 0 0 1845.79
1.02746 0 0 0 1870.22
1.03197 0 0 0 1894.97
1.0365 0 0 0 1920.04
1.04105 0 0 0 1945.45
1.04562 0 0 0 1971.19
1.05022 0 0 0 1997.28
1.05483 0 0 0 2023.71
1.05946 0 0 0 2050.49
1.06411 0 0 0 2077.62
1.06879 0 0 0 2105.11
1.07348 0 0 0 2132.97
1.07819 0 0 0 2161.2
1.08293 0 0 0 2189.79
1.08769 0 0 0 2218.77
1.09246 0 0 0 2248.13
1.09726 0 0 0 2277.88
1.10208 0 0 0 2308.02
1.10692 0 0 0 2338.57
1.11178 0 0 0 2369.51
1.11666 0 0 0 2400.87
1.12157 0 0 0 2432.64
1.12649 0 0 0 2464.83
1.13144 0 0 0 2497.45
1.13641 0 0 0 2530.49
1.1414 0 0 0 2563.98
1.14641 0 0 0 2597.91
0.666696
2000
309756
     1259712000
0.000179913 0 0 0 1.00414e-08
0.000180703 0 0 0 1.01743e-08
0.000181497 0 0 0 1.03089e-08
0.000182294 0 0 0 1.04453e-08
0.000183095 0 0 0 1.05835e-08
0.000183899 0 0 0 1.07236e-08
0.000184706 0 0 0 1.08655e-08
0.000185518 0 0 0 1.10093e-08
0.000186332 0 0 0 1.11549e-08
0.000187151 0 0 0 1.13026e-08
0.000187972 0 0 0 1.14521e-08
0.000188798 0 0 0 1.16037e-08
0.000189627 0 0 0 1.17572e-08
0.00019046 0 0 0 1.19128e-08
0.000191296 0 0 0 1.20704e-08
0.000192136 0 0 0 1.22302e-08
0.00019298 0 0 0 1.2392e-08
0.000193828 0 0 0 1.2556e-08
0.000194679 0 0 0 1.27221e-08
0.000195534 0 0 0 1.28905e-08
0.000196393 0 0 0 1.30611e-08
0.000197255 0 0 0 1.32339e-08
0.000198121 0 0 0 1.3409e-08
0.000198991 0 0 0 1.35865e-08
0.000199865 0 0 0 1.37663e-08
0.000200743 0 0 0 1.39484e-08
0.000201625 0 0 0 1.4133e-08
0.00020251 0 0 0 1.432e-08
0.0002034 0 0 0 1.45095e-08
0.000204293 0 0 0 1.47015e-08
0.00020519 0 0 0 1.48961e-08
0.000206091 0 0 0 1.50932e-08
0.000206996 0 0 0 1.52929e-08
0.000207905 0 0 0 1.54953e-08
0.000208818 0 0 0 1.57003e-08
0.000209735 0 0 0 1.59081e-08
0.000210656 0 0 0 1.61186e-08
0.000211582 0 0 0 1.63319e-08
0.000212511 0 0 0 1.6548e-08
0.000213444 0 0 0 1.6767e-08
0.000214381 0 0 0 1.69889e-08
0.000215323 0 0 0 1.72137e-08
0.000216268 0 0 0 1.74414e-08
0.000217218 0 0 0 1.76722e-08
0.000218172 0 0 0 1.79061e-08
0.00021913 0 0 0 1.81431e-08
0.000220093 0 0 0 1.83831e-08
0.000221059 0 0 0 1.86264e-08
0.00022203 0 0 0 1.88729e-08
0.000223005 0 0 0 1.91226e-08
0.000223984 0 0 0 1.93757e-08
0.000224968 0 0 0 1.96321e-08
0.000225956 0 0 0 1.98919e-08
0.000226948 0 0 0 2.01551e-08
0.000227945 0 0 0 2.04218e-08
0.000228946 0 0 0 2.0692e-08
0.000229952 0 0 0 2.09658e-08
0.000230961 0 0 0 2.12433e-08
0.000231976 0 0 0 2.15244e-08
0.000232995 0 0 0 2.18092e-08
0.000234018 0 0 0 2.20978e-08
0.000235045 0 0 0 2.23902e-08
0.000236078 0 0 0 2.26865e-08
0.000237114 0 0 0 2.29867e-08
0.000238156 0 0 0 2.32909e-08
0.000239202 0 0 0 2.35991e-08
0.000240252 0 0 0 2.39114e-08
0.000241307 0 0 0 2.42278e-08
0.000242367 0 0 0 2.45484e-08
0.000243431 0 0 0 2.48733e-08
0.0002445 0 0 0 2.52024e-08
0.000245574 0 0 0 2.55359e-08
0.000246653 0 0 0 2.58738e-08
0.000247736 0 0 0 2.62162e-08
0.000248824 0 0 0 2.65631e-08
0.000249917 0 0 0 2.69146e-08
0.000251014 0 0 0 2.72708e-08
0.000252117 0 0 0 2.76317e-08
0.000253224 0 0 0 2.79973e-08
0.000254336 0 0 0 2.83678e-08
0.000255453 0 0 0 2.87432e-08
0.000256575 0 0 0 2.91235e-08
0.000257701 0 0 0 2.95089e-08
0.000258833 0 0 0 2.98994e-08
0.00025997 0 0 0 3.02951e-08
0.000261112 0 0 0 3.0696e-08
0.000262258 0 0 0 3.11022e-08
0.00026341 0 0 0 3.15137e-08
0.000264567 0 0 0 3.19307e-08
0.000265729 0 0 0 3.23533e-08
0.000266896 0 0 0 3.27814e-08
0.000268068 0 0 0 3.32152e-08
0.000269245 0 0 0 3.36547e-08
0.000270427 0 0 0 3.41001e-08
0.000271615 0 0 0 3.45513e-08
0.000272808 0 0 0 3.50085e-08
0.000274006 0 0 0 3.54718e-08
0.000275209 0 0 0 3.59412e-08
0.000276418 0 0 0 3.64168e-08
0.000277632 0 0 0 3.68987e-08
0.000278851 0 0 0 3.7387e-08
0.000280076 0 0 0 3.78817e-08
0.000281306 0 0 0 3.8383e-08
0.000282541 0 0 0 3.88909e-08
0.000283782 0 0 0 3.94055e-08
0.000285028 0 0 0 3.9927e-08
0.00028628 0 0 0 4.04553e-08
0.000287537 0 0 0 4.09907e-08
0.0002888 0 0 0 4.15331e-08
0.000290068 0 0 0 4.20827e-08
0.000291342 0 0 0 4.26396e-08
0.000292622 0 0 0 4.32038e-08
0.000293907 0 0 0 4.37755e-08
0.000295197 0 0 0 4.43548e-08
0.000296494 0 0 0 4.49418e-08
0.000297796 0 0 0 4.55365e-08
0.000299104 0 0 0 4.6139e-08
0.000300417 0 0 0 4.67496e-08
0.000301737 0 0 0 4.73682e-08
0.000303062 0 0 0 4.7995e-08
0.000304393 0 0 0 4.86302e-08
0.000305729 0 0 0 4.92737e-08
0.000307072 0 0 0 4.99257e-08
0.000308421 0 0 0 5.05864e-08
0.000309775 0 0 0 5.12558e-08
0.000311136 0 0 0 5.1934e-08
0.000312502 0 0 0 5.26213e-08
0.000313874 0 0 0 5.33176e-08
0.000315253 0 0 0 5.40231e-08
0.000316637 0 0 0 5.4738e-08
0.000318028 0 0 0 5.54624e-08
0.000319424 0 0 0 5.61963e-08
0.000320827 0 0 0 5.69399e-08
0.000322236 0 0 0 5.76934e-08
0.000323651 0 0 0 5.84568e-08
0.000325073 0 0 0 5.92304e-08
0.0003265 0 0 0 6.00142e-08
0.000327934 0 0 0 6.08083e-08
0.000329374 0 0 0 6.1613e-08
0.000330821 0 0 0 6.24283e-08
0.000332274 0 0 0 6.32544e-08
0.000333733 0 0 0 6.40915e-08
0.000335199 0 0 0 6.49396e-08
0.000336671 0 0 0 6.57989e-08
0.000338149 0 0 0 6.66696e-08
0.000339634 0 0 0 6.75519e-08
0.000341126 0 0 0 6.84458e-08
0.000342624 0 0 0 6.93515e-08
0.000344129 0 0 0 7.02692e-08
0.00034564 0 0 0 7.11991e-08
0.000347158 0 0 0 7.21413e-08
0.000348682 0 0 0 7.30959e-08
0.000350214 0 0 0 7.40632e-08
0.000351752 0 0 0 7.50432e-08
0.000353296 0 0 0 7.60363e-08
0.000354848 0 0 0 7.70424e-08
0.000356406 0 0 0 7.80619e-08
0.000357972 0 0 0 7.90949e-08
0.000359544 0 0 0 8.01416e-08
0.000361123 0 0 0 8.12021e-08
0.000362709 0 0 0 8.22766e-08
0.000364301 0 0 0 8.33654e-08
0.000365901 0 0 0 8.44685e-08
0.000367508 0 0 0 8.55863e-08
0.000369122 0 0 0 8.67188e-08
0.000370743 0 0 0 8.78664e-08
0.000372371 0 0 0 8.90291e-08
0.000374007 0 0 0 9.02072e-08
0.000375649 0 0 0 9.14009e-08
0.000377299 0 0 0 9.26104e-08
0.000378956 0 0 0 9.38359e-08
0.00038062 0 0 0 9.50776e-08
0.000382292 0 0 0 9.63358e-08
0.000383971 0 0 0 9.76106e-08
0.000385657 0 0 0 9.89023e-08
0.00038735 0 0 0 1.00211e-07
0.000389052 0 0 0 1.01537e-07
0.00039076 0 0 0 1.02881e-07
0.000392476 0 0 0 1.04242e-07
0.0003942 0 0 0 1.05622e-07
0.000395931 0 0 0 1.07019e-07
0.00039767 0 0 0 1.08435e-07
0.000399416 0 0 0 1.0987e-07
0.00040117 0 0 0 1.11324e-07
0.000402932 0 0 0 1.12797e-07
0.000404702 0 0 0 1.1429e-07
0.000406479 0 0 0 1.15802e-07
0.000408264 0 0 0 1.17335e-07
0.000410057 0 0 0 1.18887e-07
0.000411858 0 0 0 1.20461e-07
0.000413667 0 0 0 1.22055e-07
0.000415483 0 0 0 1.2367e-07
0.000417308 0 0 0 1.25306e-07
0.000419141 0 0 0 1.26965e-07
0.000420981 0 0 0 1.28645e-07
0.00042283 0 0 0 1.30347e-07
0.000424687 0 0 0 1.32072e-07
0.000426552 0 0 0 1.3382e-07
0.000428425 0 0 0 1.3559e-07
0.000430307 0 0 0 1.37385e-07
0.000432197 0 0 0 1.39203e-07
0.000434095 0 0 0 1.41045e-07
0.000436001 0 0 0 1.42911e-07
0.000437916 0 0 0 1.44802e-07
0.000439839 0 0 0 1.46718e-07
0.000441771 0 0 0 1.4866e-07
0.000443711 0 0 0 1.50627e-07
0.000445659 0 0 0 1.5262e-07
0.000447616 0 0 0 1.5464e-07
0.000449582 0 0 0 1.56686e-07
0.000451557 0 0 0 1.5876e-07
0.00045354 0 0 0 1.6086e-07
0.000455532 0 0 0 1.62989e-07
0.000457532 0 0 0 1.65146e-07
0.000459541 0 0 0 1.67331e-07
0.00046156 0 0 0 1.69546e-07
0.000463587 0 0 0 1.71789e-07
0.000465622 0 0 0 1.74062e-07
0.000467667 0 0 0 1.76366e-07
0.000469721 0 0 0 1.787e-07
0.000471784 0 0 0 1.81064e-07
0.000473856 0 0 0 1.8346e-07
0.000475937 0 0 0 1.85888e-07
0.000478027 0 0 0 1.88348e-07
0.000480126 0 0 0 1.9084e-07
0.000482235 0 0 0 1.93365e-07
0.000484353 0 0 0 1.95924e-07
0.00048648 0 0 0 1.98517e-07
0.000488616 0 0 0 2.01144e-07
0.000490762 0 0 0 2.03806e-07
0.000492917 0 0 0 2.06503e-07
0.000495082 0 0 0 2.09235e-07
0.000497256 0 0 0 2.12004e-07
0.00049944 0 0 0 2.14809e-07
0.000501633 0 0 0 2.17652e-07
0.000503836 0 0 0 2.20532e-07
0.000506049 0 0 0 2.2345e-07
0.000508271 0 0 0 2.26407e-07
0.000510504 0 0 0 2.29403e-07
0.000512746 0 0 0 2.32439e-07
0.000514997 0 0 0 2.35515e-07
0.000517259 0 0 0 2.38631e-07
0.000519531 0 0 0 2.41789e-07
0.000521812 0 0 0 2.44989e-07
0.000524104 0 0 0 2.4823e-07
0.000526405 0 0 0 2.51515e-07
0.000528717 0 0 0 2.54844e-07
0.000531039 0 0 0 2.58216e-07
0.000533371 0 0 0 2.61633e-07
0.000535714 0 0 0 2.65095e-07
0.000538066 0 0 0 2.68603e-07
0.000540429 0 0 0 2.72157e-07
0.000542803 0 0 0 2.75759e-07
0.000545187 0 0 0 2.79408e-07
0.000547581 0 0 0 2.83105e-07
0.000549986 0 0 0 2.86851e-07
0.000552401 0 0 0 2.90647e-07
0.000554827 0 0 0 2.94493e-07
0.000557263 0 0 0 2.9839e-07
0.000559711 0 0 0 3.02339e-07
0.000562169 0 0 0 3.0634e-07
0.000564638 0 0 0 3.10394e-07
0.000567117 0 0 0 3.14501e-07
0.000569608 0 0 0 3.18663e-07
0.000572109 0 0 0 3.2288e-07
0.000574622 0 0 0 3.27152e-07
0.000577145 0 0 0 3.31481e-07
0.00057968 0 0 0 3.35868e-07
0.000582226 0 0 0 3.40312e-07
0.000584783 0 0 0 3.44816e-07
0.000587351 0 0 0 3.49378e-07
0.00058993 0 0 0 3.54002e-07
0.000592521 0 0 0 3.58686e-07
0.000595123 0 0 0 3.63433e-07
0.000597737 0 0 0 3.68242e-07
0.000600362 0 0 0 3.73115e-07
0.000602998 0 0 0 3.78052e-07
0.000605647 0 0 0 3.83055e-07
0.000608306 0 0 0 3.88124e-07
0.000610978 0 0 0 3.9326e-07
0.000613661 0 0 0 3.98464e-07
0.000616356 0 0 0 4.03737e-07
0.000619063 0 0 0 4.09079e-07
0.000621782 0 0 0 4.14492e-07
0.000624512 0 0 0 4.19977e-07
0.000627255 0 0 0 4.25535e-07
0.00063001 0 0 0 4.31166e-07
0.000632776 0 0 0 4.36871e-07
0.000635555 0 0 0 4.42653e-07
0.000638346 0 0 0 4.4851e-07
0.00064115 0 0 0 4.54445e-07
0.000643965 0 0 0 4.60459e-07
0.000646793 0 0 0 4.66552e-07
0.000649634 0 0 0 4.72726e-07
0.000652487 0 0 0 4.78981e-07
0.000655352 0 0 0 4.8532e-07
0.000658231 0 0 0 4.91742e-07
0.000661121 0 0 0 4.98249e-07
0.000664025 0 0 0 5.04842e-07
0.000666941 0 0 0 5.11523e-07
0.00066987 0 0 0 5.18292e-07
0.000672812 0 0 0 5.2515e-07
0.000675766 0 0 0 5.32099e-07
0.000678734 0 0 0 5.39141e-07
0.000681715 0 0 0 5.46275e-07
0.000684709 0 0 0 5.53504e-07
0.000687716 0 0 0 5.60828e-07
0.000690736 0 0 0 5.6825e-07
0.000693769 0 0 0 5.75769e-07
0.000696816 0 0 0 5.83388e-07
0.000699876 0 0 0 5.91108e-07
0.00070295 0 0 0 5.9893e-07
0.000706037 0 0 0 6.06856e-07
0.000709138 0 0 0 6.14886e-07
0.000712252 0 0 0 6.23023e-07
0.00071538 0 0 0 6.31267e-07
0.000718522 0 0 0 6.39621e-07
0.000721677 0 0 0 6.48085e-07
0.000724846 0 0 0 6.56661e-07
0.00072803 0 0 0 6.6535e-07
0.000731227 0 0 0 6.74155e-07
0.000734438 0 0 0 6.83076e-07
0.000737664 0 0 0 6.92115e-07
0.000740903 0 0 0 7.01274e-07
0.000744157 0 0 0 7.10553e-07
0.000747425 0 0 0 7.19956e-07
0.000750707 0 0 0 7.29483e-07
0.000754004 0 0 0 7.39136e-07
0.000757316 0 0 0 7.48917e-07
0.000760641 0 0 0 7.58827e-07
0.000763982 0 0 0 7.68869e-07
0.000767337 0 0 0 7.79043e-07
0.000770707 0 0 0 7.89352e-07
0.000774092 0 0 0 7.99798e-07
0.000777491 0 0 0 8.10381e-07
0.000780906 0 0 0 8.21105e-07
0.000784335 0 0 0 8.31971e-07
0.00078778 0 0 0 8.4298e-07
0.000791239 0 0 0 8.54135e-07
0.000794714 0 0 0 8.65438e-07
0.000798204 0 0 0 8.7689e-07
0.00080171 0 0 0 8.88494e-07
0.00080523 0 0 0 9.00251e-07
0.000808767 0 0 0 9.12164e-07
0.000812318 0 0 0 9.24234e-07
0.000815886 0 0 0 9.36465e-07
0.000819469 0 0 0 9.48857e-07
0.000823068 0 0 0 9.61413e-07
0.000826682 0 0 0 9.74135e-07
0.000830313 0 0 0 9.87026e-07
0.000833959 0 0 0 1.00009e-06
0.000837622 0 0 0 1.01332e-06
0.0008413 0 0 0 1.02673e-06
0.000844995 0 0 0 1.04032e-06
0.000848706 0 0 0 1.05408e-06
0.000852433 0 0 0 1.06803e-06
0.000856177 0 0 0 1.08216e-06
0.000859937 0 0 0 1.09648e-06
0.000863713 0 0 0 1.11099e-06
0.000867506 0 0 0 1.1257e-06
0.000871316 0 0 0 1.14059e-06
0.000875143 0 0 0 1.15569e-06
0.000878986 0 0 0 1.17098e-06
0.000882846 0 0 0 1.18647e-06
0.000886723 0 0 0 1.20217e-06
0.000890617 0 0 0 1.21808e-06
0.000894529 0 0 0 1.2342e-06
0.000898457 0 0 0 1.25053e-06
0.000902403 0 0 0 1.26708e-06
0.000906366 0 0 0 1.28385e-06
0.000910346 0 0 0 1.30084e-06
0.000914344 0 0 0 1.31805e-06
0.00091836 0 0 0 1.33549e-06
0.000922393 0 0 0 1.35317e-06
0.000926444 0 0 0 1.37107e-06
0.000930512 0 0 0 1.38922e-06
0.000934599 0 0 0 1.4076e-06
0.000938703 0 0 0 1.42622e-06
0.000942826 0 0 0 1.4451e-06
0.000946966 0 0 0 1.46422e-06
0.000951125 0 0 0 1.4836e-06
0.000955302 0 0 0 1.50323e-06
0.000959497 0 0 0 1.52312e-06
0.000963711 0 0 0 1.54328e-06
0.000967943 0 0 0 1.5637e-06
0.000972194 0 0 0 1.58439e-06
0.000976464 0 0 0 1.60536e-06
0.000980752 0 0 0 1.6266e-06
0.000985059 0 0 0 1.64812e-06
0.000989385 0 0 0 1.66993e-06
0.00099373 0 0 0 1.69203e-06
0.000998094 0 0 0 1.71442e-06
0.00100248 0 0 0 1.73711e-06
0.00100688 0 0 0 1.7601e-06
0.0010113 0 0 0 1.78339e-06
0.00101574 0 0 0 1.80699e-06
0.0010202 0 0 0 1.8309e-06
0.00102468 0 0 0 1.85513e-06
0.00102918 0 0 0 1.87967e-06
0.0010337 0 0 0 1.90455e-06
0.00103824 0 0 0 1.92975e-06
0.0010428 0 0 0 1.95529e-06
0.00104738 0 0 0 1.98116e-06
0.00105198 0 0 0 2.00738e-06
0.0010566 0 0 0 2.03394e-06
0.00106124 0 0 0 2.06086e-06
0.0010659 0 0 0 2.08813e-06
0.00107058 0 0 0 2.11576e-06
0.00107529 0 0 0 2.14376e-06
0.00108001 0 0 0 2.17212e-06
0.00108475 0 0 0 2.20087e-06
0.00108952 0 0 0 2.22999e-06
0.0010943 0 0 0 2.2595e-06
0.00109911 0 0 0 2.2894e-06
0.00110393 0 0 0 2.3197e-06
0.00110878 0 0 0 2.35039e-06
0.00111365 0 0 0 2.38149e-06
0.00111854 0 0 0 2.41301e-06
0.00112345 0 0 0 2.44494e-06
0.00112839 0 0 0 2.47729e-06
0.00113334 0 0 0 2.51007e-06
0.00113832 0 0 0 2.54329e-06
0.00114332 0 0 0 2.57695e-06
0.00114834 0 0 0 2.61105e-06
0.00115338 0 0 0 2.6456e-06
0.00115845 0 0 0 2.68061e-06
0.00116354 0 0 0 2.71608e-06
0.00116865 0 0 0 2.75202e-06
0.00117378 0 0 0 2.78844e-06
0.00117893 0 0 0 2.82534e-06
0.00118411 0 0 0 2.86272e-06
0.00118931 0 0 0 2.9006e-06
0.00119453 0 0 0 2.93899e-06
0.00119978 0 0 0 2.97788e-06
0.00120505 0 0 0 3.01729e-06
0.00121034 0 0 0 3.05721e-06
0.00121566 0 0 0 3.09767e-06
0.00122099 0 0 0 3.13866e-06
0.00122636 0 0 0 3.18019e-06
0.00123174 0 0 0 3.22228e-06
0.00123715 0 0 0 3.26492e-06
0.00124258 0 0 0 3.30812e-06
0.00124804 0 0 0 3.3519e-06
0.00125352 0 0 0 3.39625e-06
0.00125903 0 0 0 3.44119e-06
0.00126456 0 0 0 3.48673e-06
0.00127011 0 0 0 3.53287e-06
0.00127569 0 0 0 3.57962e-06
0.00128129 0 0 0 3.62699e-06
0.00128692 0 0 0 3.67498e-06
0.00129257 0 0 0 3.72361e-06
0.00129825 0 0 0 3.77289e-06
0.00130395 0 0 0 3.82281e-06
0.00130967 0 0 0 3.8734e-06
0.00131543 0 0 0 3.92466e-06
0.0013212 0 0 0 3.97659e-06
0.001327 0 0 0 4.02921e-06
0.00133283 0 0 0 4.08253e-06
0.00133869 0 0 0 4.13656e-06
0.00134456 0 0 0 4.19129e-06
0.00135047 0 0 0 4.24676e-06
0.0013564 0 0 0 4.30295e-06
0.00136236 0 0 0 4.35989e-06
0.00136834 0 0 0 4.41759e-06
0.00137435 0 0 0 4.47605e-06
0.00138038 0 0 0 4.53528e-06
0.00138645 0 0 0 4.59529e-06
0.00139254 0 0 0 4.6561e-06
0.00139865 0 0 0 4.71771e-06
0.00140479 0 0 0 4.78014e-06
0.00141096 0 0 0 4.8434e-06
0.00141716 0 0 0 4.90749e-06
0.00142338 0 0 0 4.97243e-06
0.00142963 0 0 0 5.03823e-06
0.00143591 0 0 0 5.1049e-06
0.00144222 0 0 0 5.17245e-06
0.00144855 0 0 0 5.2409e-06
0.00145491 0 0 0 5.31025e-06
0.0014613 0 0 0 5.38052e-06
0.00146772 0 0 0 5.45172e-06
0.00147417 0 0 0 5.52386e-06
0.00148064 0 0 0 5.59696e-06
0.00148714 0 0 0 5.67102e-06
0.00149367 0 0 0 5.74607e-06
0.00150023 0 0 0 5.8221e-06
0.00150682 0 0 0 5.89915e-06
0.00151344 0 0 0 5.97721e-06
0.00152009 0 0 0 6.0563e-06
0.00152676 0 0 0 6.13645e-06
0.00153347 0 0 0 6.21765e-06
0.0015402 0 0 0 6.29993e-06
0.00154697 0 0 0 6.38329e-06
0.00155376 0 0 0 6.46776e-06
0.00156058 0 0 0 6.55335e-06
0.00156744 0 0 0 6.64007e-06
0.00157432 0 0 0 6.72794e-06
0.00158123 0 0 0 6.81697e-06
0.00158818 0 0 0 6.90717e-06
0.00159515 0 0 0 6.99858e-06
0.00160216 0 0 0 7.09119e-06
0.00160919 0 0 0 7.18502e-06
0.00161626 0 0 0 7.2801e-06
0.00162336 0 0 0 7.37644e-06
0.00163049 0 0 0 7.47405e-06
0.00163765 0 0 0 7.57295e-06
0.00164484 0 0 0 7.67317e-06
0.00165206 0 0 0 7.7747e-06
0.00165932 0 0 0 7.87759e-06
0.00166661 0 0 0 7.98183e-06
0.00167393 0 0 0 8.08745e-06
0.00168128 0 0 0 8.19447e-06
0.00168866 0 0 0 8.30291e-06
0.00169608 0 0 0 8.41278e-06
0.00170353 0 0 0 8.5241e-06
0.00171101 0 0 0 8.6369e-06
0.00171852 0 0 0 8.75119e-06
0.00172607 0 0 0 8.867e-06
0.00173365 0 0 0 8.98433e-06
0.00174126 0 0 0 9.10322e-06
0.00174891 0 0 0 9.22368e-06
0.00175659 0 0 0 9.34574e-06
0.0017643 0 0 0 9.46941e-06
0.00177205 0 0 0 9.59472e-06
0.00177983 0 0 0 9.72168e-06
0.00178765 0 0 0 9.85033e-06
0.0017955 0 0 0 9.98068e-06
0.00180339 0 0 0 1.01127e-05
0.00181131 0 0 0 1.02466e-05
0.00181926 0 0 0 1.03822e-05
0.00182725 0 0 0 1.05195e-05
0.00183527 0 0 0 1.06588e-05
0.00184333 0 0 0 1.07998e-05
0.00185143 0 0 0 1.09427e-05
0.00185956 0 0 0 1.10875e-05
0.00186773 0 0 0 1.12342e-05
0.00187593 0 0 0 1.13829e-05
0.00188417 0 0 0 1.15335e-05
0.00189244 0 0 0 1.16861e-05
0.00190075 0 0 0 1.18408e-05
0.0019091 0 0 0 1.19975e-05
0.00191748 0 0 0 1.21562e-05
0.00192591 0 0 0 1.23171e-05
0.00193436 0 0 0 1.24801e-05
0.00194286 0 0 0 1.26452e-05
0.00195139 0 0 0 1.28126e-05
0.00195996 0 0 0 1.29821e-05
0.00196857 0 0 0 1.31539e-05
0.00197721 0 0 0 1.3328e-05
0.0019859 0 0 0 1.35043e-05
0.00199462 0 0 0 1.3683e-05
0.00200338 0 0 0 1.38641e-05
0.00201218 0 0 0 1.40476e-05
0.00202101 0 0 0 1.42335e-05
0.00202989 0 0 0 1.44218e-05
0.0020388 0 0 0 1.46126e-05
0.00204776 0 0 0 1.4806e-05
0.00205675 0 0 0 1.50019e-05
0.00206578 0 0 0 1.52005e-05
0.00207485 0 0 0 1.54016e-05
0.00208397 0 0 0 1.56054e-05
0.00209312 0 0 0 1.58119e-05
0.00210231 0 0 0 1.60211e-05
0.00211154 0 0 0 1.62332e-05
0.00212082 0 0 0 1.6448e-05
0.00213013 0 0 0 1.66656e-05
0.00213948 0 0 0 1.68862e-05
0.00214888 0 0 0 1.71096e-05
0.00215832 0 0 0 1.7336e-05
0.0021678 0 0 0 1.75654e-05
0.00217732 0 0 0 1.77979e-05
0.00218688 0 0 0 1.80334e-05
0.00219648 0 0 0 1.8272e-05
0.00220613 0 0 0 1.85138e-05
0.00221582 0 0 0 1.87588e-05
0.00222555 0 0 0 1.9007e-05
0.00223532 0 0 0 1.92585e-05
0.00224514 0 0 0 1.95134e-05
0.002255 0 0 0 1.97716e-05
0.0022649 0 0 0 2.00332e-05
0.00227485 0 0 0 2.02983e-05
0.00228484 0 0 0 2.05669e-05
0.00229487 0 0 0 2.08391e-05
0.00230495 0 0 0 2.11149e-05
0.00231507 0 0 0 2.13943e-05
0.00232524 0 0 0 2.16774e-05
0.00233545 0 0 0 2.19642e-05
0.00234571 0 0 0 2.22549e-05
0.00235601 0 0 0 2.25494e-05
0.00236636 0 0 0 2.28478e-05
0.00237675 0 0 0 2.31501e-05
0.00238719 0 0 0 2.34565e-05
0.00239767 0 0 0 2.37669e-05
0.0024082 0 0 0 2.40814e-05
0.00241878 0 0 0 2.44e-05
0.0024294 0 0 0 2.47229e-05
0.00244007 0 0 0 2.50501e-05
0.00245078 0 0 0 2.53815e-05
0.00246155 0 0 0 2.57174e-05
0.00247236 0 0 0 2.60577e-05
0.00248321 0 0 0 2.64026e-05
0.00249412 0 0 0 2.67519e-05
0.00250507 0 0 0 2.71059e-05
0.00251607 0 0 0 2.74646e-05
0.00252712 0 0 0 2.78281e-05
0.00253822 0 0 0 2.81963e-05
0.00254937 0 0 0 2.85694e-05
0.00256057 0 0 0 2.89475e-05
0.00257181 0 0 0 2.93305e-05
0.00258311 0 0 0 2.97187e-05
0.00259445 0 0 0 3.01119e-05
0.00260584 0 0 0 3.05104e-05
0.00261729 0 0 0 3.09141e-05
0.00262878 0 0 0 3.13232e-05
0.00264033 0 0 0 3.17377e-05
0.00265192 0 0 0 3.21577e-05
0.00266357 0 0 0 3.25832e-05
0.00267526 0 0 0 3.30144e-05
0.00268701 0 0 0 3.34513e-05
0.00269881 0 0 0 3.38939e-05
0.00271067 0 0 0 3.43425e-05
0.00272257 0 0 0 3.47969e-05
0.00273453 0 0 0 3.52574e-05
0.00274654 0 0 0 3.57239e-05
0.0027586 0 0 0 3.61967e-05
0.00277071 0 0 0 3.66756e-05
0.00278288 0 0 0 3.7161e-05
0.0027951 0 0 0 3.76527e-05
0.00280738 0 0 0 3.8151e-05
0.00281971 0 0 0 3.86558e-05
0.00283209 0 0 0 3.91673e-05
0.00284453 0 0 0 3.96856e-05
0.00285702 0 0 0 4.02108e-05
0.00286957 0 0 0 4.07429e-05
0.00288217 0 0 0 4.1282e-05
0.00289483 0 0 0 4.18283e-05
0.00290754 0 0 0 4.23818e-05
0.00292031 0 0 0 4.29427e-05
0.00293313 0 0 0 4.35109e-05
0.00294601 0 0 0 4.40867e-05
0.00295895 0 0 0 4.46701e-05
0.00297195 0 0 0 4.52612e-05
0.002985 0 0 0 4.58601e-05
0.00299811 0 0 0 4.6467e-05
0.00301127 0 0 0 4.70819e-05
0.0030245 0 0 0 4.77049e-05
0.00303778 0 0 0 4.83362e-05
0.00305112 0 0 0 4.89758e-05
0.00306452 0 0 0 4.96239e-05
0.00307798 0 0 0 5.02806e-05
0.0030915 0 0 0 5.09459e-05
0.00310507 0 0 0 5.16201e-05
0.00311871 0 0 0 5.23032e-05
0.00313241 0 0 0 5.29953e-05
0.00314616 0 0 0 5.36966e-05
0.00315998 0 0 0 5.44071e-05
0.00317386 0 0 0 5.51271e-05
0.0031878 0 0 0 5.58566e-05
0.00320179 0 0 0 5.65957e-05
0.00321586 0 0 0 5.73446e-05
0.00322998 0 0 0 5.81035e-05
0.00324416 0 0 0 5.88724e-05
0.00325841 0 0 0 5.96514e-05
0.00327272 0 0 0 6.04408e-05
0.00328709 0 0 0 6.12406e-05
0.00330153 0 0 0 6.2051e-05
0.00331603 0 0 0 6.28721e-05
0.00333059 0 0 0 6.3704e-05
0.00334522 0 0 0 6.4547e-05
0.00335991 0 0 0 6.54012e-05
0.00337466 0 0 0 6.62666e-05
0.00338948 0 0 0 6.71435e-05
0.00340437 0 0 0 6.8032e-05
0.00341932 0 0 0 6.89323e-05
0.00343434 0 0 0 6.98445e-05
0.00344942 0 0 0 7.07687e-05
0.00346457 0 0 0 7.17052e-05
0.00347978 0 0 0 7.2654e-05
0.00349507 0 0 0 7.36155e-05
0.00351041 0 0 0 7.45896e-05
0.00352583 0 0 0 7.55766e-05
0.00354132 0 0 0 7.65767e-05
0.00355687 0 0 0 7.75901e-05
0.00357249 0 0 0 7.86168e-05
0.00358818 0 0 0 7.96571e-05
0.00360393 0 0 0 8.07112e-05
0.00361976 0 0 0 8.17793e-05
0.00363566 0 0 0 8.28614e-05
0.00365163 0 0 0 8.39579e-05
0.00366766 0 0 0 8.50689e-05
0.00368377 0 0 0 8.61946e-05
0.00369995 0 0 0 8.73352e-05
0.0037162 0 0 0 8.84909e-05
0.00373252 0 0 0 8.96619e-05
0.00374891 0 0 0 9.08484e-05
0.00376537 0 0 0 9.20506e-05
0.00378191 0 0 0 9.32687e-05
0.00379852 0 0 0 9.45029e-05
0.0038152 0 0 0 9.57534e-05
0.00383195 0 0 0 9.70205e-05
0.00384878 0 0 0 9.83044e-05
0.00386568 0 0 0 9.96052e-05
0.00388266 0 0 0 0.000100923
0.00389971 0 0 0 0.000102259
0.00391684 0 0 0 0.000103612
0.00393404 0 0 0 0.000104983
0.00395132 0 0 0 0.000106372
0.00396867 0 0 0 0.00010778
0.0039861 0 0 0 0.000109206
0.0040036 0 0 0 0.000110651
0.00402119 0 0 0 0.000112115
0.00403885 0 0 0 0.000113599
0.00405658 0 0 0 0.000115102
0.0040744 0 0 0 0.000116625
0.00409229 0 0 0 0.000118169
0.00411026 0 0 0 0.000119732
0.00412831 0 0 0 0.000121317
0.00414644 0 0 0 0.000122922
0.00416465 0 0 0 0.000124549
0.00418294 0 0 0 0.000126197
0.00420131 0 0 0 0.000127867
0.00421976 0 0 0 0.000129559
0.0042383 0 0 0 0.000131273
0.00425691 0 0 0 0.000133011
0.0042756 0 0 0 0.000134771
0.00429438 0 0 0 0.000136554
0.00431324 0 0 0 0.000138361
0.00433218 0 0 0 0.000140192
0.00435121 0 0 0 0.000142047
0.00437032 0 0 0 0.000143927
0.00438951 0 0 0 0.000145831
0.00440879 0 0 0 0.000147761
0.00442815 0 0 0 0.000149716
0.0044476 0 0 0 0.000151698
0.00446713 0 0 0 0.000153705
0.00448675 0 0 0 0.000155739
0.00450645 0 0 0 0.0001578
0.00452624 0 0 0 0.000159888
0.00454612 0 0 0 0.000162004
0.00456608 0 0 0 0.000164148
0.00458614 0 0 0 0.00016632
0.00460628 0 0 0 0.000168521
0.00462651 0 0 0 0.000170751
0.00464682 0 0 0 0.00017301
0.00466723 0 0 0 0.0001753
0.00468773 0 0 0 0.000177619
0.00470831 0 0 0 0.00017997
0.00472899 0 0 0 0.000182351
0.00474976 0 0 0 0.000184764
0.00477062 0 0 0 0.000187209
0.00479157 0 0 0 0.000189687
0.00481261 0 0 0 0.000192197
0.00483375 0 0 0 0.00019474
0.00485498 0 0 0 0.000197317
0.0048763 0 0 0 0.000199928
0.00489771 0 0 0 0.000202574
0.00491922 0 0 0 0.000205254
0.00494082 0 0 0 0.00020797
0.00496252 0 0 0 0.000210722
0.00498432 0 0 0 0.000213511
0.00500621 0 0 0 0.000216336
0.00502819 0 0 0 0.000219199
0.00505027 0 0 0 0.0002221
0.00507245 0 0 0 0.000225039
0.00509473 0 0 0 0.000228016
0.0051171 0 0 0 0.000231034
0.00513958 0 0 0 0.000234091
0.00516215 0 0 0 0.000237189
0.00518482 0 0 0 0.000240327
0.00520759 0 0 0 0.000243508
0.00523046 0 0 0 0.00024673
0.00525343 0 0 0 0.000249995
0.0052765 0 0 0 0.000253303
0.00529967 0 0 0 0.000256655
0.00532294 0 0 0 0.000260051
0.00534632 0 0 0 0.000263492
0.0053698 0 0 0 0.000266979
0.00539338 0 0 0 0.000270512
0.00541707 0 0 0 0.000274092
0.00544086 0 0 0 0.000277719
0.00546475 0 0 0 0.000281394
0.00548875 0 0 0 0.000285117
0.00551286 0 0 0 0.00028889
0.00553707 0 0 0 0.000292713
0.00556138 0 0 0 0.000296587
0.00558581 0 0 0 0.000300511
0.00561034 0 0 0 0.000304488
0.00563498 0 0 0 0.000308517
0.00565972 0 0 0 0.0003126
0.00568458 0 0 0 0.000316736
0.00570954 0 0 0 0.000320928
0.00573462 0 0 0 0.000325175
0.0057598 0 0 0 0.000329478
0.0057851 0 0 0 0.000333837
0.0058105 0 0 0 0.000338255
0.00583602 0 0 0 0.000342731
0.00586165 0 0 0 0.000347266
0.00588739 0 0 0 0.000351862
0.00591325 0 0 0 0.000356518
0.00593922 0 0 0 0.000361236
0.0059653 0 0 0 0.000366016
0.0059915 0 0 0 0.000370859
0.00601781 0 0 0 0.000375767
0.00604424 0 0 0 0.000380739
0.00607078 0 0 0 0.000385778
0.00609744 0 0 0 0.000390883
0.00612422 0 0 0 0.000396055
0.00615112 0 0 0 0.000401296
0.00617813 0 0 0 0.000406606
0.00620526 0 0 0 0.000411987
0.00623251 0 0 0 0.000417439
0.00625988 0 0 0 0.000422963
0.00628737 0 0 0 0.00042856
0.00631499 0 0 0 0.000434231
0.00634272 0 0 0 0.000439977
0.00637057 0 0 0 0.000445799
0.00639855 0 0 0 0.000451698
0.00642665 0 0 0 0.000457675
0.00645488 0 0 0 0.000463732
0.00648322 0 0 0 0.000469868
0.0065117 0 0 0 0.000476086
0.00654029 0 0 0 0.000482386
0.00656901 0 0 0 0.000488769
0.00659786 0 0 0 0.000495237
0.00662684 0 0 0 0.00050179
0.00665594 0 0 0 0.000508431
0.00668517 0 0 0 0.000515159
0.00671453 0 0 0 0.000521976
0.00674402 0 0 0 0.000528883
0.00677364 0 0 0 0.000535881
0.00680338 0 0 0 0.000542973
0.00683326 0 0 0 0.000550158
0.00686327 0 0 0 0.000557438
0.00689341 0 0 0 0.000564815
0.00692369 0 0 0 0.000572289
0.00695409 0 0 0 0.000579862
0.00698463 0 0 0 0.000587535
0.00701531 0 0 0 0.00059531
0.00704611 0 0 0 0.000603187
0.00707706 0 0 0 0.000611169
0.00710814 0 0 0 0.000619257
0.00713935 0 0 0 0.000627451
0.00717071 0 0 0 0.000635754
0.0072022 0 0 0 0.000644167
0.00723383 0 0 0 0.000652691
0.0072656 0 0 0 0.000661328
0.00729751 0 0 0 0.00067008
0.00732955 0 0 0 0.000678947
0.00736174 0 0 0 0.000687931
0.00739407 0 0 0 0.000697034
0.00742654 0 0 0 0.000706258
0.00745916 0 0 0 0.000715604
0.00749192 0 0 0 0.000725073
0.00752482 0 0 0 0.000734668
0.00755786 0 0 0 0.00074439
0.00759106 0 0 0 0.00075424
0.00762439 0 0 0 0.000764221
0.00765788 0 0 0 0.000774334
0.00769151 0 0 0 0.000784581
0.00772529 0 0 0 0.000794963
0.00775921 0 0 0 0.000805483
0.00779329 0 0 0 0.000816141
0.00782751 0 0 0 0.000826941
0.00786189 0 0 0 0.000837884
0.00789642 0 0 0 0.000848972
0.00793109 0 0 0 0.000860206
0.00796592 0 0 0 0.000871589
0.00800091 0 0 0 0.000883123
0.00803605 0 0 0 0.000894809
0.00807134 0 0 0 0.00090665
0.00810678 0 0 0 0.000918647
0.00814239 0 0 0 0.000930804
0.00817814 0 0 0 0.000943121
0.00821406 0 0 0 0.000955601
0.00825013 0 0 0 0.000968246
0.00828636 0 0 0 0.000981059
0.00832275 0 0 0 0.000994041
0.00835931 0 0 0 0.0010072
0.00839602 0 0 0 0.00102052
0.00843289 0 0 0 0.00103403
0.00846992 0 0 0 0.00104771
0.00850712 0 0 0 0.00106158
0.00854448 0 0 0 0.00107562
0.008582 0 0 0 0.00108986
0.00861969 0 0 0 0.00110428
0.00865755 0 0 0 0.00111889
0.00869557 0 0 0 0.0011337
0.00873376 0 0 0 0.0011487
0.00877211 0 0 0 0.0011639
0.00881064 0 0 0 0.0011793
0.00884933 0 0 0 0.00119491
0.00888819 0 0 0 0.00121072
0.00892723 0 0 0 0.00122674
0.00896643 0 0 0 0.00124297
0.00900581 0 0 0 0.00125942
0.00904536 0 0 0 0.00127609
0.00908508 0 0 0 0.00129297
0.00912498 0 0 0 0.00131008
0.00916506 0 0 0 0.00132742
0.0092053 0 0 0 0.00134499
0.00924573 0 0 0 0.00136278
0.00928634 0 0 0 0.00138082
0.00932712 0 0 0 0.00139909
0.00936808 0 0 0 0.0014176
0.00940922 0 0 0 0.00143636
0.00945054 0 0 0 0.00145537
0.00949205 0 0 0 0.00147463
0.00953373 0 0 0 0.00149414
0.0095756 0 0 0 0.00151391
0.00961765 0 0 0 0.00153395
0.00965989 0 0 0 0.00155425
0.00970231 0 0 0 0.00157481
0.00974492 0 0 0 0.00159565
0.00978772 0 0 0 0.00161677
0.0098307 0 0 0 0.00163816
0.00987387 0 0 0 0.00165984
0.00991724 0 0 0 0.0016818
0.00996079 0 0 0 0.00170406
0.0100045 0 0 0 0.00172661
0.0100485 0 0 0 0.00174946
0.0100926 0 0 0 0.00177261
0.0101369 0 0 0 0.00179606
0.0101814 0 0 0 0.00181983
0.0102262 0 0 0 0.00184391
0.0102711 0 0 0 0.00186831
0.0103162 0 0 0 0.00189304
0.0103615 0 0 0 0.00191809
0.010407 0 0 0 0.00194347
0.0104527 0 0 0 0.00196918
0.0104986 0 0 0 0.00199524
0.0105447 0 0 0 0.00202165
0.010591 0 0 0 0.0020484
0.0106375 0 0 0 0.0020755
0.0106842 0 0 0 0.00210297
0.0107312 0 0 0 0.0021308
0.0107783 0 0 0 0.00215899
0.0108256 0 0 0 0.00218756
0.0108732 0 0 0 0.00221651
0.0109209 0 0 0 0.00224584
0.0109689 0 0 0 0.00227556
0.011017 0 0 0 0.00230567
0.0110654 0 0 0 0.00233618
0.011114 0 0 0 0.0023671
0.0111628 0 0 0 0.00239842
0.0112118 0 0 0 0.00243016
0.0112611 0 0 0 0.00246232
0.0113105 0 0 0 0.0024949
0.0113602 0 0 0 0.00252792
0.0114101 0 0 0 0.00256137
0.0114602 0 0 0 0.00259526
0.0115105 0 0 0 0.0026296
0.0115611 0 0 0 0.0026644
0.0116119 0 0 0 0.00269966
0.0116629 0 0 0 0.00273538
0.0117141 0 0 0 0.00277158
0.0117655 0 0 0 0.00280826
0.0118172 0 0 0 0.00284542
0.0118691 0 0 0 0.00288307
0.0119212 0 0 0 0.00292122
0.0119736 0 0 0 0.00295988
0.0120262 0 0 0 0.00299905
0.012079 0 0 0 0.00303873
0.012132 0 0 0 0.00307894
0.0121853 0 0 0 0.00311969
0.0122388 0 0 0 0.00316097
0.0122926 0 0 0 0.0032028
0.0123465 0 0 0 0.00324518
0.0124008 0 0 0 0.00328812
0.0124552 0 0 0 0.00333163
0.0125099 0 0 0 0.00337572
0.0125649 0 0 0 0.00342039
0.01262 0 0 0 0.00346565
0.0126755 0 0 0 0.00351151
0.0127311 0 0 0 0.00355798
0.012787 0 0 0 0.00360506
0.0128432 0 0 0 0.00365277
0.0128996 0 0 0 0.00370111
0.0129562 0 0 0 0.00375008
0.0130131 0 0 0 0.00379971
0.0130703 0 0 0 0.00384999
0.0131277 0 0 0 0.00390093
0.0131853 0 0 0 0.00395255
0.0132433 0 0 0 0.00400486
0.0133014 0 0 0 0.00405785
0.0133598 0 0 0 0.00411155
0.0134185 0 0 0 0.00416596
0.0134774 0 0 0 0.00422109
0.0135366 0 0 0 0.00427694
0.0135961 0 0 0 0.00433354
0.0136558 0 0 0 0.00439088
0.0137157 0 0 0 0.00444899
0.013776 0 0 0 0.00450786
0.0138365 0 0 0 0.00456751
0.0138972 0 0 0 0.00462795
0.0139583 0 0 0 0.0046892
0.0140196 0 0 0 0.00475125
0.0140811 0 0 0 0.00481412
0.014143 0 0 0 0.00487782
0.0142051 0 0 0 0.00494237
0.0142675 0 0 0 0.00500777
0.0143301 0 0 0 0.00507404
0.0143931 0 0 0 0.00514118
0.0144563 0 0 0 0.00520922
0.0145198 0 0 0 0.00527815
0.0145835 0 0 0 0.005348
0.0146476 0 0 0 0.00541876
0.0147119 0 0 0 0.00549047
0.0147765 0 0 0 0.00556312
0.0148414 0 0 0 0.00563674
0.0149066 0 0 0 0.00571133
0.014972 0 0 0 0.00578691
0.0150378 0 0 0 0.00586349
0.0151038 0 0 0 0.00594108
0.0151702 0 0 0 0.00601969
0.0152368 0 0 0 0.00609935
0.0153037 0 0 0 0.00618006
0.0153709 0 0 0 0.00626184
0.0154384 0 0 0 0.00634471
0.0155062 0 0 0 0.00642866
0.0155743 0 0 0 0.00651373
0.0156427 0 0 0 0.00659993
0.0157114 0 0 0 0.00668727
0.0157804 0 0 0 0.00677576
0.0158497 0 0 0 0.00686542
0.0159193 0 0 0 0.00695627
0.0159892 0 0 0 0.00704832
0.0160594 0 0 0 0.00714159
0.01613 0 0 0 0.00723609
0.0162008 0 0 0 0.00733185
0.016272 0 0 0 0.00742887
0.0163434 0 0 0 0.00752718
0.0164152 0 0 0 0.00762678
0.0164873 0 0 0 0.00772771
0.0165597 0 0 0 0.00782997
0.0166324 0 0 0 0.00793358
0.0167055 0 0 0 0.00803856
0.0167788 0 0 0 0.00814494
0.0168525 0 0 0 0.00825272
0.0169265 0 0 0 0.00836192
0.0170009 0 0 0 0.00847258
0.0170755 0 0 0 0.00858469
0.0171505 0 0 0 0.00869829
0.0172258 0 0 0 0.0088134
0.0173015 0 0 0 0.00893002
0.0173775 0 0 0 0.00904819
0.0174538 0 0 0 0.00916793
0.0175304 0 0 0 0.00928924
0.0176074 0 0 0 0.00941217
0.0176847 0 0 0 0.00953672
0.0177624 0 0 0 0.00966291
0.0178404 0 0 0 0.00979078
0.0179188 0 0 0 0.00992034
0.0179974 0 0 0 0.0100516
0.0180765 0 0 0 0.0101846
0.0181559 0 0 0 0.0103194
0.0182356 0 0 0 0.010456
0.0183157 0 0 0 0.0105943
0.0183961 0 0 0 0.0107345
0.0184769 0 0 0 0.0108766
0.0185581 0 0 0 0.0110205
0.0186396 0 0 0 0.0111663
0.0187214 0 0 0 0.0113141
0.0188036 0 0 0 0.0114638
0.0188862 0 0 0 0.0116155
0.0189692 0 0 0 0.0117692
0.0190525 0 0 0 0.0119249
0.0191361 0 0 0 0.0120827
0.0192202 0 0 0 0.0122426
0.0193046 0 0 0 0.0124046
0.0193894 0 0 0 0.0125688
0.0194745 0 0 0 0.0127351
0.01956 0 0 0 0.0129036
0.0196459 0 0 0 0.0130744
0.0197322 0 0 0 0.0132474
0.0198189 0 0 0 0.0134227
0.0199059 0 0 0 0.0136003
0.0199933 0 0 0 0.0137803
0.0200811 0 0 0 0.0139626
0.0201693 0 0 0 0.0141474
0.0202579 0 0 0 0.0143346
0.0203469 0 0 0 0.0145243
0.0204362 0 0 0 0.0147165
0.020526 0 0 0 0.0149113
0.0206161 0 0 0 0.0151086
0.0207066 0 0 0 0.0153085
0.0207976 0 0 0 0.0155111
0.0208889 0 0 0 0.0157163
0.0209807 0 0 0 0.0159243
0.0210728 0 0 0 0.016135
0.0211653 0 0 0 0.0163485
0.0212583 0 0 0 0.0165649
0.0213517 0 0 0 0.0167841
0.0214454 0 0 0 0.0170062
0.0215396 0 0 0 0.0172312
0.0216342 0 0 0 0.0174592
0.0217292 0 0 0 0.0176903
0.0218246 0 0 0 0.0179244
0.0219205 0 0 0 0.0181616
0.0220167 0 0 0 0.0184019
0.0221134 0 0 0 0.0186454
0.0222105 0 0 0 0.0188921
0.0223081 0 0 0 0.0191421
0.0224061 0 0 0 0.0193954
0.0225045 0 0 0 0.0196521
0.0226033 0 0 0 0.0199121
0.0227026 0 0 0 0.0201756
0.0228023 0 0 0 0.0204426
0.0229024 0 0 0 0.0207131
0.023003 0 0 0 0.0209872
0.023104 0 0 0 0.0212649
0.0232055 0 0 0 0.0215463
0.0233074 0 0 0 0.0218315
0.0234097 0 0 0 0.0221204
0.0235125 0 0 0 0.0224131
0.0236158 0 0 0 0.0227097
0.0237195 0 0 0 0.0230102
0.0238237 0 0 0 0.0233147
0.0239283 0 0 0 0.0236232
0.0240334 0 0 0 0.0239358
0.0241389 0 0 0 0.0242525
0.0242449 0 0 0 0.0245735
0.0243514 0 0 0 0.0248986
0.0244584 0 0 0 0.0252281
0.0245658 0 0 0 0.025562
0.0246737 0 0 0 0.0259002
0.024782 0 0 0 0.026243
0.0248908 0 0 0 0.0265902
0.0250002 0 0 0 0.0269421
0.0251099 0 0 0 0.0272986
0.0252202 0 0 0 0.0276598
0.025331 0 0 0 0.0280259
0.0254422 0 0 0 0.0283967
0.025554 0 0 0 0.0287725
0.0256662 0 0 0 0.0291532
0.0257789 0 0 0 0.029539
0.0258921 0 0 0 0.0299299
0.0260058 0 0 0 0.030326
0.02612 0 0 0 0.0307273
0.0262347 0 0 0 0.0311339
0.0263499 0 0 0 0.0315459
0.0264657 0 0 0 0.0319633
0.0265819 0 0 0 0.0323863
0.0266986 0 0 0 0.0328148
0.0268159 0 0 0 0.0332491
0.0269337 0 0 0 0.0336891
0.0270519 0 0 0 0.0341349
0.0271707 0 0 0 0.0345866
0.0272901 0 0 0 0.0350442
0.0274099 0 0 0 0.035508
0.0275303 0 0 0 0.0359778
0.0276512 0 0 0 0.0364539
0.0277726 0 0 0 0.0369363
0.0278946 0 0 0 0.0374251
0.0280171 0 0 0 0.0379203
0.0281401 0 0 0 0.0384221
0.0282637 0 0 0 0.0389306
0.0283878 0 0 0 0.0394457
0.0285125 0 0 0 0.0399677
0.0286377 0 0 0 0.0404966
0.0287635 0 0 0 0.0410325
0.0288898 0 0 0 0.0415755
0.0290167 0 0 0 0.0421256
0.0291441 0 0 0 0.0426831
0.0292721 0 0 0 0.0432479
0.0294007 0 0 0 0.0438202
0.0295298 0 0 0 0.0444001
0.0296595 0 0 0 0.0449876
0.0297897 0 0 0 0.0455829
0.0299205 0 0 0 0.0461861
0.0300519 0 0 0 0.0467973
0.0301839 0 0 0 0.0474165
0.0303165 0 0 0 0.048044
0.0304496 0 0 0 0.0486798
0.0305833 0 0 0 0.0493239
0.0307176 0 0 0 0.0499766
0.0308525 0 0 0 0.050638
0.030988 0 0 0 0.051308
0.0311241 0 0 0 0.051987
0.0312608 0 0 0 0.0526749
0.0313981 0 0 0 0.053372
0.031536 0 0 0 0.0540782
0.0316745 0 0 0 0.0547938
0.0318136 0 0 0 0.0555189
0.0319533 0 0 0 0.0562536
0.0320936 0 0 0 0.056998
0.0322346 0 0 0 0.0577522
0.0323761 0 0 0 0.0585165
0.0325183 0 0 0 0.0592908
0.0326611 0 0 0 0.0600754
0.0328046 0 0 0 0.0608704
0.0329486 0 0 0 0.0616759
0.0330933 0 0 0 0.062492
0.0332387 0 0 0 0.063319
0.0333846 0 0 0 0.0641568
0.0335312 0 0 0 0.0650058
0.0336785 0 0 0 0.065866
0.0338264 0 0 0 0.0667376
0.033975 0 0 0 0.0676208
0.0341242 0 0 0 0.0685156
0.034274 0 0 0 0.0694222
0.0344245 0 0 0 0.0703409
0.0345757 0 0 0 0.0712717
0.0347276 0 0 0 0.0722148
0.0348801 0 0 0 0.0731704
0.0350333 0 0 0 0.0741387
0.0351871 0 0 0 0.0751198
0.0353416 0 0 0 0.0761138
0.0354969 0 0 0 0.077121
0.0356527 0 0 0 0.0781416
0.0358093 0 0 0 0.0791756
0.0359666 0 0 0 0.0802233
0.0361245 0 0 0 0.0812849
0.0362832 0 0 0 0.0823605
0.0364425 0 0 0 0.0834504
0.0366026 0 0 0 0.0845547
0.0367633 0 0 0 0.0856736
0.0369248 0 0 0 0.0868073
0.0370869 0 0 0 0.087956
0.0372498 0 0 0 0.0891199
0.0374134 0 0 0 0.0902992
0.0375777 0 0 0 0.0914941
0.0377427 0 0 0 0.0927049
0.0379085 0 0 0 0.0939316
0.0380749 0 0 0 0.0951746
0.0382422 0 0 0 0.096434
0.0384101 0 0 0 0.0977101
0.0385788 0 0 0 0.0990031
0.0387482 0 0 0 0.100313
0.0389184 0 0 0 0.101641
0.0390893 0 0 0 0.102986
0.039261 0 0 0 0.104348
0.0394334 0 0 0 0.105729
0.0396066 0 0 0 0.107128
0.0397805 0 0 0 0.108546
0.0399552 0 0 0 0.109982
0.0401307 0 0 0 0.111438
0.0403069 0 0 0 0.112912
0.0404839 0 0 0 0.114407
0.0406617 0 0 0 0.11592
0.0408403 0 0 0 0.117454
0.0410196 0 0 0 0.119009
0.0411998 0 0 0 0.120584
0.0413807 0 0 0 0.122179
0.0415624 0 0 0 0.123796
0.041745 0 0 0 0.125434
0.0419283 0 0 0 0.127094
0.0421124 0 0 0 0.128776
0.0422974 0 0 0 0.13048
0.0424831 0 0 0 0.132207
0.0426697 0 0 0 0.133956
0.0428571 0 0 0 0.135729
0.0430453 0 0 0 0.137525
0.0432344 0 0 0 0.139345
0.0434242 0 0 0 0.141188
0.0436149 0 0 0 0.143057
0.0438065 0 0 0 0.14495
0.0439988 0 0 0 0.146868
0.0441921 0 0 0 0.148811
0.0443862 0 0 0 0.150781
0.0445811 0 0 0 0.152776
0.0447769 0 0 0 0.154798
0.0449735 0 0 0 0.156846
0.045171 0 0 0 0.158921
0.0453694 0 0 0 0.161024
0.0455686 0 0 0 0.163155
0.0457688 0 0 0 0.165314
0.0459698 235.393 1.11558e-06 6 0.167502
0.0461716 0 0 0 0.169718
0.0463744 0 0 0 0.171964
0.0465781 0 0 0 0.17424
0.0467826 0 0 0 0.176546
0.0469881 0 0 0 0.178882
0.0471944 0 0 0 0.181249
0.0474017 0 0 0 0.183647
0.0476099 0 0 0 0.186078
0.0478189 0 0 0 0.18854
0.048029 0 0 0 0.191035
0.0482399 0 0 0 0.193563
0.0484517 0 0 0 0.196124
0.0486645 0 0 0 0.198719
0.0488782 0 0 0 0.201349
0.0490929 0 0 0 0.204013
0.0493085 0 0 0 0.206713
0.049525 0 0 0 0.209449
0.0497425 0 0 0 0.21222
0.049961 0 0 0 0.215028
0.0501804 0 0 0 0.217874
0.0504008 0 0 0 0.220757
0.0506221 0 0 0 0.223678
0.0508444 0 0 0 0.226638
0.0510677 0 0 0 0.229637
0.051292 0 0 0 0.232676
0.0515172 0 0 0 0.235755
0.0517435 0 0 0 0.238875
0.0519707 0 0 0 0.242036
0.052199 0 0 0 0.245238
0.0524282 0 0 0 0.248484
0.0526584 0 0 0 0.251772
0.0528897 0 0 0 0.255103
0.053122 0 0 0 0.258479
0.0533553 0 0 0 0.2619
0.0535896 0 0 0 0.265365
0.0538249 0 0 0 0.268877
0.0540613 0 0 0 0.272435
0.0542987 0 0 0 0.27604
0.0545372 0 0 0 0.279693
0.0547767 0 0 0 0.283394
0.0550173 0 0 0 0.287144
0.0552589 0 0 0 0.290944
0.0555015 0 0 0 0.294794
0.0557453 0 0 0 0.298695
0.0559901 0 0 0 0.302647
0.056236 0 0 0 0.306652
0.056483 0 0 0 0.31071
0.056731 0 0 0 0.314822
0.0569802 0 0 0 0.318988
0.0572304 0 0 0 0.323209
0.0574817 0 0 0 0.327486
0.0577342 0 0 0 0.331819
0.0579877 0 0 0 0.33621
0.0582424 0 0 0 0.340659
0.0584982 0 0 0 0.345167
0.0587551 0 0 0 0.349735
0.0590131 0 0 0 0.354363
0.0592723 0 0 0 0.359052
0.0595326 0 0 0 0.363803
0.059794 0 0 0 0.368617
0.0600566 0 0 0 0.373495
0.0603203 0 0 0 0.378438
0.0605852 0 0 0 0.383446
0.0608513 0 0 0 0.38852
0.0611186 0 0 0 0.393661
0.061387 0 0 0 0.39887
0.0616566 0 0 0 0.404148
0.0619273 0 0 0 0.409496
0.0621993 0 0 0 0.414915
0.0624724 0 0 0 0.420406
0.0627468 0 0 0 0.425969
0.0630224 0 0 0 0.431606
0.0632991 0 0 0 0.437317
0.0635771 0 0 0 0.443104
0.0638563 0 0 0 0.448968
0.0641368 0 0 0 0.454909
0.0644184 0 0 0 0.460928
0.0647013 0 0 0 0.467028
0.0649855 1023.82 1.71752e-06 12 0.473208
0.0652709 0 0 0 0.47947
0.0655575 0 0 0 0.485815
0.0658454 0 0 0 0.492243
0.0661346 0 0 0 0.498757
0.066425 0 0 0 0.505357
0.0667167 0 0 0 0.512044
0.0670097 0 0 0 0.51882
0.067304 0 0 0 0.525686
0.0675996 0 0 0 0.532642
0.0678965 0 0 0 0.53969
0.0681946 0 0 0 0.546832
0.0684941 0 0 0 0.554068
0.0687949 0 0 0 0.5614
0.0690971 0 0 0 0.568829
0.0694005 0 0 0 0.576356
0.0697053 0 0 0 0.583983
0.0700114 0 0 0 0.591711
0.0703189 0 0 0 0.599541
0.0706277 0 0 0 0.607475
0.0709379 0 0 0 0.615513
0.0712494 0 0 0 0.623658
0.0715623 0 0 0 0.631911
0.0718766 0 0 0 0.640273
0.0721922 0 0 0 0.648746
0.0725093 0 0 0 0.657331
0.0728277 0 0 0 0.666029
0.0731475 0 0 0 0.674842
0.0734688 0 0 0 0.683772
0.0737914 0 0 0 0.692821
0.0741155 0 0 0 0.701989
0.074441 0 0 0 0.711278
0.0747679 0 0 0 0.72069
0.0750963 0 0 0 0.730227
0.0754261 0 0 0 0.73989
0.0757573 0 0 0 0.749681
0.07609 0 0 0 0.759601
0.0764242 0 0 0 0.769653
0.0767598 0 0 0 0.779838
0.0770969 0 0 0 0.790157
0.0774355 0 0 0 0.800613
0.0777755 0 0 0 0.811208
0.0781171 0 0 0 0.821942
0.0784602 0 0 0 0.832819
0.0788047 0 0 0 0.84384
0.0791508 0 0 0 0.855006
0.0794984 1981.55 1.81575e-06 8 0.86632
0.0798475 0 0 0 0.877784
0.0801982 0 0 0 0.8894
0.0805504 0 0 0 0.901169
0.0809042 0 0 0 0.913094
0.0812595 0 0 0 0.925177
0.0816163 0 0 0 0.93742
0.0819747 0 0 0 0.949825
0.0823347 0 0 0 0.962393
0.0826963 0 0 0 0.975129
0.0830595 0 0 0 0.988032
0.0834243 0 0 0 1.00111
0.0837906 0 0 0 1.01435
0.0841586 0 0 0 1.02778
0.0845282 0 0 0 1.04138
0.0848994 0 0 0 1.05516
0.0852723 0 0 0 1.06912
0.0856468 0 0 0 1.08327
0.0860229 0 0 0 1.0976
0.0864007 0 0 0 1.11213
0.0867801 0 0 0 1.12684
0.0871612 0 0 0 1.14176
0.087544 0 0 0 1.15686
0.0879285 0 0 0 1.17217
0.0883146 0 0 0 1.18768
0.0887025 0 0 0 1.2034
0.089092 0 0 0 1.21933
0.0894833 0 0 0 1.23546
0.0898763 0 0 0 1.25181
0.090271 0 0 0 1.26837
0.0906674 0 0 0 1.28516
0.0910656 0 0 0 1.30216
0.0914655 0 0 0 1.3194
0.0918672 1485.31 8.81983e-07 6 1.33686
0.0922706 0 0 0 1.35455
0.0926759 0 0 0 1.37247
0.0930829 0 0 0 1.39063
0.0934916 0 0 0 1.40903
0.0939022 0 0 0 1.42768
0.0943146 0 0 0 1.44657
0.0947288 0 0 0 1.46571
0.0951448 0 0 0 1.48511
0.0955627 0 0 0 1.50476
0.0959823 0 0 0 1.52467
0.0964039 0 0 0 1.54485
0.0968272 0 0 0 1.56529
0.0972525 0 0 0 1.58601
0.0976796 0 0 0 1.60699
0.0981085 0 0 0 1.62826
0.0985394 0 0 0 1.64981
0.0989721 0 0 0 1.67164
0.0994068 0 0 0 1.69376
0.0998433 0 0 0 1.71617
0.100282 0 0 0 1.73888
0.100722 0 0 0 1.76189
0.101165 0 0 0 1.78521
0.101609 0 0 0 1.80883
0.102055 0 0 0 1.83277
0.102503 0 0 0 1.85702
0.102953 1029.72 4.34434e-07 24 1.88159
0.103406 0 0 0 1.90649
0.10386 0 0 0 1.93172
0.104316 0 0 0 1.95728
0.104774 0 0 0 1.98318
0.105234 0 0 0 2.00942
0.105696 0 0 0 2.03602
0.10616 0 0 0 2.06296
0.106627 0 0 0 2.09026
0.107095 0 0 0 2.11792
0.107565 0 0 0 2.14594
0.108038 0 0 0 2.17434
0.108512 0 0 0 2.20311
0.108989 0 0 0 2.23227
0.109467 0 0 0 2.26181
0.109948 0 0 0 2.29174
0.110431 0 0 0 2.32206
0.110916 0 0 0 2.35279
0.111403 0 0 0 2.38392
0.111892 0 0 0 2.41547
0.112384 1678.41 5.44397e-07 24 2.44743
0.112877 0 0 0 2.47982
0.113373 0 0 0 2.51263
0.113871 0 0 0 2.54588
0.114371 0 0 0 2.57957
0.114873 0 0 0 2.61371
0.115377 0 0 0 2.6483
0.115884 0 0 0 2.68334
0.116393 0 0 0 2.71885
0.116904 0 0 0 2.75483
0.117418 0 0 0 2.79128
0.117933 0 0 0 2.82822
0.118451 0 0 0 2.86564
0.118971 0 0 0 2.90356
0.119494 0 0 0 2.94199
0.120019 0 0 0 2.98092
0.120546 0 0 0 3.02036
0.121075 0 0 0 3.06033
0.121607 0 0 0 3.10083
0.122141 0 0 0 3.14186
0.122677 0 0 0 3.18344
0.123216 0 0 0 3.22556
0.123757 0 0 0 3.26825
0.124301 0 0 0 3.31149
0.124847 0 0 0 3.35531
0.125395 0 0 0 3.39972
0.125946 0 0 0 3.4447
0.126499 0 0 0 3.49029
0.127054 0 0 0 3.53647
0.127612 0 0 0 3.58327
0.128173 0 0 0 3.63069
0.128736 0 0 0 3.67873
0.129301 0 0 0 3.72741
0.129869 1012.56 2.1283e-07 12 3.77674
0.130439 0 0 0 3.82671
0.131012 0 0 0 3.87735
0.131587 0 0 0 3.92866
0.132165 0 0 0 3.98065
0.132746 0 0 0 4.03332
0.133329 0 0 0 4.0867
0.133914 0 0 0 4.14077
0.134502 0 0 0 4.19557
0.135093 0 0 0 4.25109
0.135686 0 0 0 4.30734
0.136282 0 0 0 4.36434
0.136881 0 0 0 4.42209
0.137482 0 0 0 4.48061
0.138085 1835.08 3.20876e-07 30 4.5399
0.138692 0 0 0 4.59998
0.139301 0 0 0 4.66085
0.139913 0 0 0 4.72253
0.140527 0 0 0 4.78502
0.141144 0 0 0 4.84834
0.141764 0 0 0 4.91249
0.142387 0 0 0 4.9775
0.143012 0 0 0 5.04337
0.14364 0 0 0 5.11011
0.144271 0 0 0 5.17773
0.144904 0 0 0 5.24624
0.145541 1975.2 2.94972e-07 24 5.31567
0.14618 0 0 0 5.38601
0.146822 0 0 0 5.45728
0.147467 0 0 0 5.5295
0.148114 0 0 0 5.60267
0.148765 0 0 0 5.67681
0.149418 0 0 0 5.75193
0.150074 0 0 0 5.82804
0.150733 0 0 0 5.90516
0.151395 0 0 0 5.98331
0.15206 0 0 0 6.06248
0.152728 1730.58 2.23646e-07 24 6.14271
0.153399 0 0 0 6.22399
0.154072 0 0 0 6.30635
0.154749 0 0 0 6.3898
0.155429 0 0 0 6.47436
0.156111 0 0 0 6.56003
0.156797 0 0 0 6.64684
0.157485 0 0 0 6.7348
0.158177 0 0 0 6.82392
0.158872 2518.24 2.89123e-07 8 6.91422
0.159569 0 0 0 7.00571
0.16027 0 0 0 7.09842
0.160974 0 0 0 7.19235
0.161681 0 0 0 7.28753
0.162391 0 0 0 7.38396
0.163104 0 0 0 7.48167
0.163821 0 0 0 7.58068
0.16454 0 0 0 7.68099
0.165263 0 0 0 7.78263
0.165988 1922.44 1.93529e-07 24 7.88562
0.166717 0 0 0 7.98997
0.167449 0 0 0 8.0957
0.168185 0 0 0 8.20283
0.168923 0 0 0 8.31138
0.169665 0 0 0 8.42136
0.17041 0 0 0 8.5328
0.171159 0 0 0 8.64571
0.17191 1546.33 1.40127e-07 48 8.76012
0.172665 0 0 0 8.87604
0.173424 0 0 0 8.9935
0.174185 0 0 0 9.11251
0.17495 0 0 0 9.23309
0.175719 0 0 0 9.35527
0.17649 0 0 0 9.47907
0.177265 0 0 0 9.6045
0.178044 0 0 0 9.7316
0.178826 0 0 0 9.86037
0.179611 0 0 0 9.99086
0.1804 0 0 0 10.1231
0.181192 0 0 0 10.257
0.181988 0 0 0 10.3928
0.182787 0 0 0 10.5303
0.18359 504.498 3.75352e-08 6 10.6696
0.184396 0 0 0 10.8108
0.185206 0 0 0 10.9539
0.186019 0 0 0 11.0988
0.186836 0 0 0 11.2457
0.187657 0 0 0 11.3945
0.188481 0 0 0 11.5453
0.189309 2531.76 1.71806e-07 48 11.6981
0.19014 0 0 0 11.8529
0.190975 0 0 0 12.0097
0.191814 0 0 0 12.1686
0.192656 0 0 0 12.3297
0.193502 0 0 0 12.4928
0.194352 0 0 0 12.6581
0.195205 2166 1.34063e-07 36 12.8256
0.196063 0 0 0 12.9954
0.196924 0 0 0 13.1673
0.197789 0 0 0 13.3416
0.198657 0 0 0 13.5181
0.19953 0 0 0 13.697
0.200406 2394.94 1.3699e-07 24 13.8782
0.201286 0 0 0 14.0619
0.20217 0 0 0 14.248
0.203058 0 0 0 14.4365
0.20395 0 0 0 14.6275
0.204845 0 0 0 14.8211
0.205745 2172.22 1.14827e-07 24 15.0172
0.206648 0 0 0 15.216
0.207556 0 0 0 15.4173
0.208467 0 0 0 15.6213
0.209383 0 0 0 15.828
0.210302 1865.88 9.23584e-08 48 16.0375
0.211226 0 0 0 16.2497
0.212154 0 0 0 16.4647
0.213085 0 0 0 16.6826
0.214021 0 0 0 16.9034
0.214961 0 0 0 17.1271
0.215905 3248.64 1.48607e-07 24 17.3537
0.216853 0 0 0 17.5833
0.217806 0 0 0 17.816
0.218762 0 0 0 18.0518
0.219723 0 0 0 18.2906
0.220688 0 0 0 18.5327
0.221657 0 0 0 18.7779
0.22263 0 0 0 19.0264
0.223608 0 0 0 19.2782
0.22459 0 0 0 19.5333
0.225577 2859.67 1.14699e-07 24 19.7918
0.226567 0 0 0 20.0537
0.227562 0 0 0 20.319
0.228562 0 0 0 20.5879
0.229565 2072.76 7.8878e-08 30 20.8604
0.230573 0 0 0 21.1364
0.231586 0 0 0 21.4161
0.232603 0 0 0 21.6995
0.233625 0 0 0 21.9866
0.234651 2490.68 8.87522e-08 72 22.2776
0.235681 0 0 0 22.5724
0.236716 0 0 0 22.8711
0.237756 0 0 0 23.1737
0.2388 2699.59 9.12686e-08 32 23.4804
0.239849 0 0 0 23.7911
0.240902 0 0 0 24.1059
0.24196 0 0 0 24.4249
0.243022 0 0 0 24.7481
0.24409 0 0 0 25.0756
0.245162 0 0 0 25.4074
0.246238 0 0 0 25.7437
0.24732 2371.9 7.21849e-08 72 26.0843
0.248406 0 0 0 26.4295
0.249497 0 0 0 26.7792
0.250592 0 0 0 27.1336
0.251693 1426.51 4.11896e-08 48 27.4926
0.252798 0 0 0 27.8564
0.253909 0 0 0 28.2251
0.255024 0 0 0 28.5986
0.256144 0 0 0 28.977
0.257268 0 0 0 29.3605
0.258398 0 0 0 29.749
0.259533 2148.06 5.65709e-08 12 30.1426
0.260673 0 0 0 30.5415
0.261818 0 0 0 30.9457
0.262967 0 0 0 31.3552
0.264122 2532.1 6.32691e-08 48 31.7701
0.265282 0 0 0 32.1905
0.266447 0 0 0 32.6165
0.267617 2467.81 5.92781e-08 48 33.0481
0.268793 0 0 0 33.4854
0.269973 0 0 0 33.9285
0.271159 0 0 0 34.3775
0.27235 1942.54 4.42706e-08 48 34.8324
0.273546 0 0 0 35.2933
0.274747 0 0 0 35.7604
0.275954 1120.74 2.4554e-08 30 36.2336
0.277165 0 0 0 36.713
0.278383 0 0 0 37.1989
0.279605 1916.68 4.03682e-08 24 37.6911
0.280833 0 0 0 38.1899
0.282066 0 0 0 38.6952
0.283305 2595.17 5.25446e-08 72 39.2073
0.284549 0 0 0 39.7261
0.285799 0 0 0 40.2518
0.287054 0 0 0 40.7844
0.288315 0 0 0 41.3241
0.289581 0 0 0 41.871
0.290853 2604.23 4.87287e-08 24 42.4251
0.29213 0 0 0 42.9865
0.293413 0 0 0 43.5553
0.294702 2776.1 4.9936e-08 96 44.1317
0.295996 0 0 0 44.7156
0.297296 2262.25 3.9637e-08 48 45.3074
0.298601 0 0 0 45.9069
0.299913 0 0 0 46.5144
0.30123 1716.54 2.89125e-08 24 47.1299
0.302553 0 0 0 47.7536
0.303881 0 0 0 48.3855
0.305216 1912.14 3.09617e-08 24 49.0258
0.306556 0 0 0 49.6745
0.307903 2053.04 3.23805e-08 72 50.3319
0.309255 0 0 0 50.9979
0.310613 0 0 0 51.6727
0.311977 2622.63 3.97644e-08 48 52.3565
0.313347 0 0 0 53.0493
0.314723 0 0 0 53.7513
0.316105 0 0 0 54.4626
0.317494 0 0 0 55.1833
0.318888 1865.26 2.6482e-08 8 55.9135
0.320288 0 0 0 56.6534
0.321695 3184.2 4.40346e-08 54 57.4031
0.323108 0 0 0 58.1627
0.324527 3505.97 4.72262e-08 84 58.9324
0.325952 0 0 0 59.7122
0.327383 0 0 0 60.5024
0.328821 2376.61 3.07755e-08 48 61.303
0.330265 0 0 0 62.1142
0.331716 3595.14 4.53465e-08 24 62.9362
0.333172 0 0 0 63.769
0.334635 2928.95 3.5985e-08 72 64.6129
0.336105 0 0 0 65.4679
0.337581 2040.21 2.44155e-08 96 66.3342
0.339064 0 0 0 67.212
0.340553 0 0 0 68.1014
0.342048 0 0 0 69.0026
0.34355 2330.99 2.64663e-08 48 69.9157
0.345059 0 0 0 70.8409
0.346575 2403.65 2.65832e-08 48 71.7783
0.348097 0 0 0 72.7281
0.349625 2837.48 3.05668e-08 24 73.6905
0.351161 0 0 0 74.6657
0.352703 2409.6 2.52839e-08 72 75.6537
0.354252 0 0 0 76.6548
0.355808 0 0 0 77.6692
0.35737 0 0 0 78.697
0.35894 3177.71 3.16356e-08 72 79.7384
0.360516 0 0 0 80.7935
0.362099 3114.53 3.0202e-08 96 81.8627
0.363689 0 0 0 82.9459
0.365287 0 0 0 84.0436
0.366891 5721.92 5.33405e-08 6 85.1557
0.368502 0 0 0 86.2825
0.37012 2506.65 2.2761e-08 96 87.4243
0.371746 0 0 0 88.5812
0.373378 3029.86 2.67979e-08 96 89.7534
0.375018 0 0 0 90.9411
0.376665 2544.88 2.19244e-08 24 92.1445
0.378319 2287.01 1.94455e-08 48 93.3638
0.379981 0 0 0 94.5993
0.381649 2812.08 2.32894e-08 96 95.8511
0.383326 0 0 0 97.1195
0.385009 2715.14 2.19031e-08 48 98.4047
0.3867 0 0 0 99.7068
0.388398 0 0 0 101.026
0.390104 3057.8 2.37134e-08 36 102.363
0.391817 2925.46 2.23909e-08 48 103.718
0.393538 0 0 0 105.09
0.395266 3170.35 2.36355e-08 120 106.481
0.397002 0 0 0 107.89
0.398745 1908.59 1.38596e-08 56 109.318
0.400496 4377.05 3.13697e-08 24 110.764
0.402255 0 0 0 112.23
0.404022 2751.91 1.92108e-08 96 113.715
0.405796 3277.67 2.25823e-08 48 115.22
0.407578 0 0 0 116.744
0.409368 0 0 0 118.289
0.411166 3190.22 2.11298e-08 24 119.855
0.412972 3522.39 2.30252e-08 102 121.441
0.414785 0 0 0 123.048
0.416607 3907.23 2.4878e-08 48 124.676
0.418436 2861.44 1.79813e-08 72 126.326
0.420274 0 0 0 127.997
0.42212 4033.93 2.46915e-08 48 129.691
0.423974 3723.32 2.24926e-08 48 131.407
0.425836 2642.13 1.57527e-08 120 133.146
0.427706 0 0 0 134.908
0.429584 0 0 0 136.693
0.431471 3250.68 1.86314e-08 24 138.502
0.433365 3209.13 1.81531e-08 144 140.335
0.435269 3010.45 1.68068e-08 120 142.192
0.43718 0 0 0 144.074
0.4391 4787.61 2.60348e-08 48 145.98
0.441028 0 0 0 147.912
0.442965 4434.46 2.34886e-08 48 149.869
0.444911 3466.62 1.81223e-08 96 151.852
0.446865 0 0 0 153.862
0.448827 0 0 0 155.898
0.450798 3364 1.69058e-08 24 157.961
0.452778 4128.62 2.04774e-08 48 160.051
0.454766 3150.19 1.54205e-08 108 162.169
0.456763 3357.52 1.62207e-08 72 164.315
0.458769 3569.02 1.70173e-08 30 166.489
0.460784 0 0 0 168.692
0.462808 3621.44 1.68192e-08 168 170.925
0.46484 2569 1.17755e-08 48 173.187
0.466882 0 0 0 175.478
0.468932 3960.22 1.76813e-08 72 177.8
0.470991 3321.98 1.4638e-08 96 180.153
0.47306 2796.94 1.21635e-08 72 182.537
0.475137 4272.41 1.83375e-08 72 184.953
0.477224 2776.26 1.17603e-08 32 187.4
0.47932 3652.48 1.52699e-08 72 189.88
0.481425 3329.74 1.37388e-08 144 192.393
0.483539 0 0 0 194.939
0.485663 0 0 0 197.518
0.487795 3752.76 1.48855e-08 96 200.132
0.489938 2845.25 1.11384e-08 96 202.78
0.492089 2160.54 8.3475e-09 48 205.464
0.49425 2877.63 1.09729e-08 72 208.182
0.496421 2681.29 1.00907e-08 120 210.937
0.498601 2822.57 1.04836e-08 72 213.729
0.500791 0 0 0 216.557
0.50299 3325.8 1.20322e-08 48 219.422
0.505199 3681.45 1.31449e-08 78 222.326
0.507418 3623.35 1.27685e-08 120 225.268
0.509646 1639.5 5.70207e-09 48 228.249
0.511884 0 0 0 231.269
0.514132 2542.49 8.6131e-09 144 234.33
0.51639 3169.8 1.0598e-08 144 237.431
0.518658 0 0 0 240.573
0.520936 3586.22 1.16791e-08 156 243.756
0.523223 3063.85 9.84763e-09 48 246.982
0.525521 2747.13 8.71433e-09 120 250.25
0.527829 2771.82 8.67782e-09 48 253.561
0.530147 3036.05 9.38091e-09 48 256.917
0.532475 3177.64 9.69019e-09 168 260.316
0.534814 2584.08 7.7772e-09 48 263.761
0.537162 2962.99 8.80114e-09 96 267.252
0.539522 2583.69 7.57425e-09 96 270.788
0.541891 3129.91 9.05569e-09 72 274.371
0.544271 2350.62 6.71218e-09 48 278.002
0.546661 3101.2 8.7398e-09 144 281.681
0.549062 0 0 0 285.408
0.551473 4497.36 1.23455e-08 30 289.185
0.553895 2802.99 7.59392e-09 96 293.012
0.556327 3197.95 8.5508e-09 248 296.889
0.558771 3907.71 1.03121e-08 24 300.818
0.561224 2786.76 7.25799e-09 168 304.799
0.563689 2809.95 7.22279e-09 120 308.832
0.566165 3036.47 7.70311e-09 72 312.919
0.568651 4447.74 1.11359e-08 144 317.059
0.571148 3112.58 7.6913e-09 192 321.255
0.573657 0 0 0 325.506
0.576176 3634.66 8.74832e-09 72 329.814
0.578706 3553.68 8.44169e-09 96 334.178
0.581248 3017.24 7.07379e-09 24 338.6
0.5838 3342.41 7.73379e-09 300 343.081
0.586364 5002.17 1.1423e-08 24 347.621
0.588939 3361.91 7.57705e-09 96 352.221
0.591526 4083.25 9.08261e-09 216 356.882
0.594124 0 0 0 361.604
0.596733 3200.06 6.93337e-09 126 366.389
0.599353 3748.07 8.01465e-09 144 371.238
0.601985 3917.63 8.26781e-09 144 376.15
0.604629 3462.77 7.21244e-09 168 381.128
0.607285 3879.52 7.97493e-09 144 386.171
0.609951 2083.96 4.22795e-09 24 391.281
0.61263 3158.21 6.32371e-09 144 396.459
0.615321 3367.27 6.65426e-09 192 401.705
0.618023 2716.17 5.29747e-09 120 407.021
0.620737 3331.98 6.41364e-09 144 412.407
0.623463 2643.69 5.02232e-09 48 417.864
0.626201 3412.84 6.39882e-09 336 423.394
0.628951 3024.42 5.59651e-09 48 428.997
0.631713 3650.89 6.66752e-09 192 434.674
0.634488 3055.21 5.50678e-09 48 440.425
0.637274 3525.09 6.27071e-09 56 446.254
0.640073 3288.95 5.77424e-09 240 452.159
0.642884 3123.24 5.4117e-09 150 458.142
0.645707 3404.79 5.82251e-09 240 464.205
0.648543 3259.35 5.50098e-09 84 470.347
0.651391 3612.17 6.01684e-09 144 476.571
0.654252 3611.37 5.93696e-09 168 482.878
0.657125 4036.74 6.54957e-09 144 489.268
0.660011 3734.3 5.97973e-09 240 495.742
0.662909 2161.81 3.41649e-09 24 502.302
0.66582 4115.33 6.41888e-09 336 508.949
0.668744 3729.62 5.7413e-09 144 515.684
0.671681 3456.23 5.25096e-09 168 522.508
0.674631 3365.66 5.04658e-09 96 529.422
0.677594 3542.38 5.24219e-09 216 536.428
0.68057 3759.18 5.49036e-09 96 543.527
0.683558 3740.16 5.39124e-09 336 550.719
0.68656 2984.25 4.24545e-09 48 558.007
0.689575 3300.98 4.63472e-09 246 565.391
0.692604 3758.68 5.20842e-09 168 572.872
0.695646 3892.21 5.32302e-09 360 580.453
0.698701 4902.91 6.61768e-09 24 588.134
0.701769 4089.95 5.4483e-09 360 595.917
0.704851 4276.04 5.6218e-09 120 603.803
0.707946 3744.61 4.85883e-09 240 611.793
0.711055 0 0 0 619.888
0.714178 3855.37 4.87273e-09 276 628.091
0.717315 3809.14 4.75143e-09 176 636.403
0.720465 3265.08 4.01958e-09 312 644.824
0.723629 4095.35 4.97588e-09 240 653.357
0.726807 4117.43 4.93736e-09 312 662.003
0.729999 3881.6 4.59378e-09 48 670.763
0.733204 3851.9 4.49909e-09 192 679.639
0.736424 3505.29 4.04078e-09 198 688.633
0.739659 3076.71 3.50041e-09 288 697.745
0.742907 3656.62 4.10584e-09 288 706.978
0.746169 4195.14 4.649e-09 96 716.334
0.749446 4435.44 4.8511e-09 384 725.813
0.752738 4174.18 4.50574e-09 288 735.418
0.756043 3877.24 4.13055e-09 192 745.149
0.759364 3536.11 3.71794e-09 288 755.01
0.762698 3774.04 3.91628e-09 216 765.001
0.766048 4079.84 4.17831e-09 240 775.124
0.769412 4038.07 4.08152e-09 288 785.381
0.772791 3592.38 3.58361e-09 168 795.774
0.776185 3830.64 3.77139e-09 336 806.304
0.779594 3547.09 3.44661e-09 138 816.974
0.783017 4371.29 4.19199e-09 336 827.785
0.786456 3661.89 3.46583e-09 432 838.739
0.78991 4010.34 3.74606e-09 120 849.838
0.793379 4237.48 3.90653e-09 456 861.083
0.796863 4222.82 3.84217e-09 152 872.478
0.800363 3966.52 3.56184e-09 168 884.023
0.803878 4076.15 3.61249e-09 504 895.722
0.807408 3913.78 3.42329e-09 336 907.575
0.810954 3145.44 2.71531e-09 48 919.584
0.814515 3607.1 3.07316e-09 552 931.753
0.818092 4378.32 3.68151e-09 264 944.083
0.821685 3299.54 2.73818e-09 264 956.576
0.825294 4607.32 3.77353e-09 192 969.234
0.828918 4091.5 3.3073e-09 534 982.06
0.832558 4192.43 3.34462e-09 336 995.055
0.836215 3988.9 3.1407e-09 240 1008.22
0.839887 4105.47 3.19026e-09 264 1021.56
0.843575 4288.39 3.28888e-09 324 1035.08
0.84728 4492.81 3.40065e-09 528 1048.78
0.851001 4126.05 3.08226e-09 336 1062.66
0.854738 4771.85 3.51814e-09 336 1076.72
0.858492 4481.03 3.26058e-09 408 1090.97
0.862262 4117.59 2.957e-09 216 1105.4
0.866049 4847.76 3.43589e-09 432 1120.03
0.869852 4590.36 3.21097e-09 168 1134.85
0.873673 4334.24 2.99221e-09 462 1149.87
0.877509 4418.36 3.01045e-09 536 1165.09
0.881363 4547.61 3.05805e-09 288 1180.5
0.885234 4492.3 2.9814e-09 384 1196.13
0.889121 4097.71 2.68401e-09 456 1211.95
0.893026 4177.35 2.70044e-09 552 1227.99
0.896948 4603.87 2.93729e-09 336 1244.24
0.900887 4967.44 3.12786e-09 120 1260.71
0.904843 4461.16 2.77238e-09 672 1277.39
0.908817 4446.92 2.72744e-09 300 1294.29
0.912808 4511.13 2.73069e-09 528 1311.42
0.916817 3926.21 2.34558e-09 312 1328.77
0.920843 4210.14 2.48236e-09 510 1346.36
0.924887 4172.16 2.42784e-09 576 1364.17
0.928949 4492.98 2.58039e-09 432 1382.23
0.933029 4648.85 2.63503e-09 384 1400.52
0.937126 4964.6 2.77726e-09 456 1419.05
0.941242 4202.17 2.32004e-09 528 1437.83
0.945375 5274.81 2.87422e-09 528 1456.85
0.949527 4442.77 2.38923e-09 408 1476.13
0.953697 4321.51 2.29367e-09 368 1495.67
0.957885 4589.61 2.40415e-09 600 1515.46
0.962092 4816.49 2.49004e-09 480 1535.51
0.966317 4367.19 2.22827e-09 486 1555.83
0.970561 4899.42 2.46718e-09 480 1576.42
0.974823 5445.51 2.70636e-09 636 1597.28
0.979104 4978.59 2.442e-09 408 1618.42
0.983404 4640.27 2.24633e-09 696 1639.83
0.987723 4641.92 2.21778e-09 504 1661.53
0.992061 5084.79 2.39764e-09 648 1683.52
0.996418 5545.36 2.58066e-09 504 1705.8
1.00079 5804.47 2.66596e-09 504 1728.37
1.00519 4921.85 2.23106e-09 360 1751.24
1.0096 5862.4 2.6227e-09 606 1774.41
1.01404 4936.95 2.17983e-09 672 1797.9
1.01849 5416.68 2.36042e-09 816 1821.69
1.02296 4914.87 2.11377e-09 624 1845.79
1.02746 5546.74 2.35437e-09 672 1870.22
1.03197 5117.05 2.14362e-09 576 1894.97
1.0365 5794.79 2.39583e-09 656 1920.04
1.04105 5835.51 2.38116e-09 540 1945.45
1.04562 5447.89 2.19395e-09 480 1971.19
1.05022 5862.62 2.33014e-09 792 1997.28
1.05483 5652.43 2.21726e-09 582 2023.71
1.05946 5456.97 2.11263e-09 744 2050.49
1.06411 5876.9 2.24549e-09 672 2077.62
1.06879 5655.84 2.1328e-09 624 2105.11
1.07348 6046.47 2.25033e-09 888 2132.97
1.07819 6147.7 2.25812e-09 624 2161.2
1.08293 5875.74 2.13004e-09 744 2189.79
1.08769 5738.85 2.05325e-09 624 2218.77
1.09246 6246.67 2.20575e-09 816 2248.13
1.09726 6514.16 2.27016e-09 744 2277.88
1.10208 5953.63 2.04772e-09 510 2308.02
1.10692 6457.11 2.19188e-09 1020 2338.57
1.11178 6368.5 2.13357e-09 864 2369.51
1.11666 6350.81 2.09986e-09 512 2400.87
1.12157 5925.14 1.93352e-09 1176 2432.64
1.12649 6923.94 2.22995e-09 768 2464.83
1.13144 5980.11 1.90082e-09 528 2497.45
1.13641 6862.61 2.15284e-09 1248 2530.49
1.1414 7196.66 2.22815e-09 504 2563.98
1.14641 6630.13 2.02594e-09 624 2597.91
