0.835224
2000
3.04789e+06
      753571000
8.39596e-05 0.0710215 0.00561468 6 1.67857e-08
8.43283e-05 0 0 0 1.70079e-08
8.46986e-05 0 0 0 1.72329e-08
8.50706e-05 0 0 0 1.7461e-08
8.54442e-05 0 0 0 1.7692e-08
8.58194e-05 0 0 0 1.79261e-08
8.61963e-05 0 0 0 1.81633e-08
8.65749e-05 0 0 0 1.84037e-08
8.69551e-05 0 0 0 1.86472e-08
8.73369e-05 0 0 0 1.8894e-08
8.77205e-05 0 0 0 1.9144e-08
8.81057e-05 0 0 0 1.93973e-08
8.84927e-05 0 0 0 1.9654e-08
8.88813e-05 0 0 0 1.99141e-08
8.92716e-05 0 0 0 2.01776e-08
8.96637e-05 0 0 0 2.04446e-08
9.00574e-05 0 0 0 2.07152e-08
9.04529e-05 0 0 0 2.09893e-08
9.08502e-05 0 0 0 2.1267e-08
9.12492e-05 0 0 0 2.15485e-08
9.16499e-05 0 0 0 2.18336e-08
9.20524e-05 0 0 0 2.21225e-08
9.24566e-05 0 0 0 2.24153e-08
9.28627e-05 0 0 0 2.27119e-08
9.32705e-05 0 0 0 2.30124e-08
9.36801e-05 0 0 0 2.3317e-08
9.40915e-05 0 0 0 2.36255e-08
9.45047e-05 0 0 0 2.39382e-08
9.49198e-05 0 0 0 2.42549e-08
9.53366e-05 0 0 0 2.45759e-08
9.57553e-05 0 0 0 2.49011e-08
9.61758e-05 0 0 0 2.52306e-08
9.65982e-05 0 0 0 2.55645e-08
9.70224e-05 0 0 0 2.59028e-08
9.74485e-05 0 0 0 2.62455e-08
9.78765e-05 0 0 0 2.65928e-08
9.83063e-05 0 0 0 2.69447e-08
9.8738e-05 0 0 0 2.73013e-08
9.91717e-05 0 0 0 2.76626e-08
9.96072e-05 0 0 0 2.80286e-08
0.000100045 0 0 0 2.83995e-08
0.000100484 0 0 0 2.87753e-08
0.000100925 0 0 0 2.91561e-08
0.000101368 0 0 0 2.95419e-08
0.000101814 0 0 0 2.99329e-08
0.000102261 0 0 0 3.0329e-08
0.00010271 0 0 0 3.07303e-08
0.000103161 0 0 0 3.11369e-08
0.000103614 0 0 0 3.1549e-08
0.000104069 0 0 0 3.19665e-08
0.000104526 0 0 0 3.23895e-08
0.000104985 0 0 0 3.28181e-08
0.000105446 0 0 0 3.32524e-08
0.000105909 0 0 0 3.36924e-08
0.000106374 0 0 0 3.41382e-08
0.000106842 0 0 0 3.459e-08
0.000107311 0 0 0 3.50477e-08
0.000107782 0 0 0 3.55115e-08
0.000108255 0 0 0 3.59814e-08
0.000108731 0 0 0 3.64575e-08
0.000109208 0 0 0 3.694e-08
0.000109688 0 0 0 3.74288e-08
0.00011017 0 0 0 3.79241e-08
0.000110653 0 0 0 3.84259e-08
0.000111139 0 0 0 3.89344e-08
0.000111627 0 0 0 3.94496e-08
0.000112118 0 0 0 3.99717e-08
0.00011261 0 0 0 4.05006e-08
0.000113105 0 0 0 4.10365e-08
0.000113601 0 0 0 4.15796e-08
0.0001141 0 0 0 4.21298e-08
0.000114601 0 0 0 4.26873e-08
0.000115105 0 0 0 4.32522e-08
0.00011561 0 0 0 4.38245e-08
0.000116118 0 0 0 4.44044e-08
0.000116628 0 0 0 4.4992e-08
0.00011714 0 0 0 4.55874e-08
0.000117654 0 0 0 4.61907e-08
0.000118171 0 0 0 4.68019e-08
0.00011869 0.248236 0.00694654 12 4.74212e-08
0.000119211 0 0 0 4.80487e-08
0.000119735 0 0 0 4.86846e-08
0.000120261 0 0 0 4.93288e-08
0.000120789 0 0 0 4.99816e-08
0.000121319 0 0 0 5.0643e-08
0.000121852 0 0 0 5.13131e-08
0.000122387 0 0 0 5.19921e-08
0.000122925 0 0 0 5.26801e-08
0.000123464 0 0 0 5.33772e-08
0.000124007 0 0 0 5.40836e-08
0.000124551 0 0 0 5.47993e-08
0.000125098 0 0 0 5.55244e-08
0.000125648 0 0 0 5.62591e-08
0.000126199 0 0 0 5.70036e-08
0.000126754 0 0 0 5.77579e-08
0.00012731 0 0 0 5.85222e-08
0.000127869 0 0 0 5.92967e-08
0.000128431 0 0 0 6.00813e-08
0.000128995 0 0 0 6.08764e-08
0.000129562 0 0 0 6.16819e-08
0.000130131 0 0 0 6.24982e-08
0.000130702 0 0 0 6.33252e-08
0.000131276 0 0 0 6.41632e-08
0.000131853 0 0 0 6.50122e-08
0.000132432 0 0 0 6.58725e-08
0.000133013 0 0 0 6.67442e-08
0.000133597 0 0 0 6.76274e-08
0.000134184 0 0 0 6.85223e-08
0.000134773 0 0 0 6.94291e-08
0.000135365 0 0 0 7.03478e-08
0.00013596 0 0 0 7.12787e-08
0.000136557 0 0 0 7.2222e-08
0.000137156 0 0 0 7.31777e-08
0.000137759 0 0 0 7.4146e-08
0.000138364 0 0 0 7.51272e-08
0.000138971 0 0 0 7.61213e-08
0.000139582 0 0 0 7.71286e-08
0.000140195 0 0 0 7.81493e-08
0.00014081 0 0 0 7.91834e-08
0.000141429 0 0 0 8.02312e-08
0.00014205 0 0 0 8.12929e-08
0.000142674 0 0 0 8.23687e-08
0.0001433 0 0 0 8.34586e-08
0.00014393 0 0 0 8.4563e-08
0.000144562 0 0 0 8.5682e-08
0.000145197 0.973863 0.0148859 8 8.68159e-08
0.000145834 0 0 0 8.79647e-08
0.000146475 0 0 0 8.91287e-08
0.000147118 0 0 0 9.03081e-08
0.000147764 0 0 0 9.15032e-08
0.000148413 0 0 0 9.2714e-08
0.000149065 0 0 0 9.39409e-08
0.000149719 0 0 0 9.5184e-08
0.000150377 0 0 0 9.64436e-08
0.000151037 0 0 0 9.77198e-08
0.000151701 0 0 0 9.90129e-08
0.000152367 0 0 0 1.00323e-07
0.000153036 0 0 0 1.01651e-07
0.000153708 0 0 0 1.02996e-07
0.000154383 0 0 0 1.04359e-07
0.000155061 0 0 0 1.0574e-07
0.000155742 0 0 0 1.07139e-07
0.000156426 0 0 0 1.08557e-07
0.000157113 0 0 0 1.09993e-07
0.000157803 0 0 0 1.11449e-07
0.000158496 0 0 0 1.12924e-07
0.000159192 0 0 0 1.14418e-07
0.000159891 0 0 0 1.15932e-07
0.000160593 0 0 0 1.17466e-07
0.000161299 0 0 0 1.1902e-07
0.000162007 0 0 0 1.20595e-07
0.000162718 0 0 0 1.22191e-07
0.000163433 0 0 0 1.23808e-07
0.000164151 0 0 0 1.25447e-07
0.000164872 0 0 0 1.27107e-07
0.000165596 0 0 0 1.28789e-07
0.000166323 0 0 0 1.30493e-07
0.000167053 0 0 0 1.3222e-07
0.000167787 0.0432369 0.000428277 6 1.33969e-07
0.000168524 0 0 0 1.35742e-07
0.000169264 0 0 0 1.37538e-07
0.000170007 0 0 0 1.39358e-07
0.000170754 0 0 0 1.41202e-07
0.000171504 0 0 0 1.43071e-07
0.000172257 0 0 0 1.44964e-07
0.000173014 0 0 0 1.46882e-07
0.000173773 0 0 0 1.48826e-07
0.000174536 0 0 0 1.50796e-07
0.000175303 0 0 0 1.52791e-07
0.000176073 0 0 0 1.54813e-07
0.000176846 0 0 0 1.56861e-07
0.000177623 0 0 0 1.58937e-07
0.000178403 0 0 0 1.6104e-07
0.000179186 0 0 0 1.63171e-07
0.000179973 0 0 0 1.65331e-07
0.000180764 0 0 0 1.67518e-07
0.000181557 0 0 0 1.69735e-07
0.000182355 0 0 0 1.71981e-07
0.000183156 0 0 0 1.74257e-07
0.00018396 0 0 0 1.76563e-07
0.000184768 0 0 0 1.78899e-07
0.000185579 0 0 0 1.81267e-07
0.000186394 0 0 0 1.83665e-07
0.000187213 0.595708 0.00424788 24 1.86096e-07
0.000188035 0 0 0 1.88558e-07
0.000188861 0 0 0 1.91054e-07
0.00018969 0 0 0 1.93582e-07
0.000190523 0 0 0 1.96143e-07
0.00019136 0 0 0 1.98739e-07
0.0001922 0 0 0 2.01369e-07
0.000193044 0 0 0 2.04034e-07
0.000193892 0 0 0 2.06734e-07
0.000194744 0 0 0 2.09469e-07
0.000195599 0 0 0 2.12241e-07
0.000196458 0 0 0 2.1505e-07
0.000197321 0 0 0 2.17895e-07
0.000198187 0 0 0 2.20779e-07
0.000199058 0 0 0 2.237e-07
0.000199932 0 0 0 2.2666e-07
0.00020081 0 0 0 2.2966e-07
0.000201692 0 0 0 2.32699e-07
0.000202578 0 0 0 2.35778e-07
0.000203467 0 0 0 2.38898e-07
0.000204361 0 0 0 2.42059e-07
0.000205258 0.783794 0.00424078 24 2.45263e-07
0.00020616 0 0 0 2.48508e-07
0.000207065 0 0 0 2.51797e-07
0.000207974 0 0 0 2.55129e-07
0.000208888 0 0 0 2.58505e-07
0.000209805 0 0 0 2.61925e-07
0.000210726 0 0 0 2.65392e-07
0.000211652 0 0 0 2.68903e-07
0.000212581 0 0 0 2.72462e-07
0.000213515 0 0 0 2.76067e-07
0.000214453 0 0 0 2.7972e-07
0.000215394 0 0 0 2.83422e-07
0.00021634 0 0 0 2.87172e-07
0.00021729 0 0 0 2.90972e-07
0.000218245 0 0 0 2.94823e-07
0.000219203 0 0 0 2.98724e-07
0.000220166 0 0 0 3.02677e-07
0.000221133 0 0 0 3.06682e-07
0.000222104 0 0 0 3.10741e-07
0.000223079 0 0 0 3.14853e-07
0.000224059 0 0 0 3.19019e-07
0.000225043 0 0 0 3.23241e-07
0.000226031 0 0 0 3.27518e-07
0.000227024 0 0 0 3.31852e-07
0.000228021 0 0 0 3.36243e-07
0.000229022 0 0 0 3.40693e-07
0.000230028 0 0 0 3.45201e-07
0.000231038 0 0 0 3.49769e-07
0.000232053 0 0 0 3.54398e-07
0.000233072 0 0 0 3.59087e-07
0.000234096 0 0 0 3.63839e-07
0.000235124 0 0 0 3.68654e-07
0.000236156 0 0 0 3.73532e-07
0.000237193 1.15054 0.00403403 12 3.78475e-07
0.000238235 0 0 0 3.83483e-07
0.000239281 0 0 0 3.88558e-07
0.000240332 0 0 0 3.937e-07
0.000241388 0 0 0 3.9891e-07
0.000242448 0 0 0 4.04188e-07
0.000243512 0 0 0 4.09537e-07
0.000244582 0 0 0 4.14956e-07
0.000245656 0 0 0 4.20447e-07
0.000246735 0 0 0 4.26011e-07
0.000247818 0 0 0 4.31648e-07
0.000248907 0 0 0 4.3736e-07
0.00025 0 0 0 4.43148e-07
0.000251098 1.01443 0.00299805 30 4.49012e-07
0.0002522 0 0 0 4.54954e-07
0.000253308 0 0 0 4.60974e-07
0.00025442 0 0 0 4.67074e-07
0.000255538 0 0 0 4.73255e-07
0.00025666 0 0 0 4.79517e-07
0.000257787 0 0 0 4.85863e-07
0.000258919 0 0 0 4.92292e-07
0.000260056 0 0 0 4.98806e-07
0.000261198 0 0 0 5.05407e-07
0.000262345 0 0 0 5.12095e-07
0.000263498 0 0 0 5.18871e-07
0.000264655 0.690386 0.0017426 24 5.25738e-07
0.000265817 0 0 0 5.32695e-07
0.000266984 0 0 0 5.39744e-07
0.000268157 0 0 0 5.46886e-07
0.000269335 0 0 0 5.54123e-07
0.000270517 0 0 0 5.61456e-07
0.000271705 0 0 0 5.68885e-07
0.000272899 0 0 0 5.76413e-07
0.000274097 0 0 0 5.84041e-07
0.000275301 0 0 0 5.91769e-07
0.00027651 0 0 0 5.996e-07
0.000277724 0.906952 0.00198102 24 6.07535e-07
0.000278944 0 0 0 6.15574e-07
0.000280169 0 0 0 6.2372e-07
0.000281399 0 0 0 6.31973e-07
0.000282635 0 0 0 6.40336e-07
0.000283876 0 0 0 6.4881e-07
0.000285123 0 0 0 6.57395e-07
0.000286375 0 0 0 6.66095e-07
0.000287633 0 0 0 6.74909e-07
0.000288896 0 0 0 6.8384e-07
0.000290165 1.3702 0.00262419 8 6.92889e-07
0.000291439 0 0 0 7.02058e-07
0.000292719 0 0 0 7.11348e-07
0.000294004 0 0 0 7.20761e-07
0.000295296 0 0 0 7.30299e-07
0.000296592 0 0 0 7.39963e-07
0.000297895 0 0 0 7.49755e-07
0.000299203 0 0 0 7.59676e-07
0.000300517 0 0 0 7.69729e-07
0.000301837 1.21705 0.0020708 24 7.79915e-07
0.000303163 0 0 0 7.90235e-07
0.000304494 0 0 0 8.00692e-07
0.000305831 0 0 0 8.11288e-07
0.000307174 0 0 0 8.22023e-07
0.000308523 0 0 0 8.32901e-07
0.000309878 0 0 0 8.43923e-07
0.000311239 0 0 0 8.5509e-07
0.000312606 0 0 0 8.66406e-07
0.000313979 1.75501 0.00265292 48 8.77871e-07
0.000315358 0 0 0 8.89488e-07
0.000316743 0 0 0 9.01258e-07
0.000318134 0 0 0 9.13184e-07
0.000319531 0 0 0 9.25268e-07
0.000320934 0 0 0 9.37512e-07
0.000322343 0 0 0 9.49918e-07
0.000323759 0 0 0 9.62488e-07
0.000325181 0 0 0 9.75225e-07
0.000326609 0 0 0 9.8813e-07
0.000328043 0 0 0 1.00121e-06
0.000329484 0 0 0 1.01445e-06
0.000330931 0 0 0 1.02788e-06
0.000332384 0 0 0 1.04148e-06
0.000333844 0 0 0 1.05526e-06
0.00033531 0.736844 0.000914496 6 1.06923e-06
0.000336783 0 0 0 1.08338e-06
0.000338262 0 0 0 1.09771e-06
0.000339747 0 0 0 1.11224e-06
0.000341239 0 0 0 1.12696e-06
0.000342738 0 0 0 1.14187e-06
0.000344243 0 0 0 1.15698e-06
0.000345755 1.31777 0.0014917 48 1.17229e-06
0.000347273 0 0 0 1.1878e-06
0.000348798 0 0 0 1.20352e-06
0.00035033 0 0 0 1.21945e-06
0.000351869 0 0 0 1.23558e-06
0.000353414 0 0 0 1.25193e-06
0.000354966 1.81895 0.00190286 36 1.2685e-06
0.000356525 0 0 0 1.28528e-06
0.000358091 0 0 0 1.30229e-06
0.000359663 0 0 0 1.31953e-06
0.000361243 0 0 0 1.33699e-06
0.000362829 0 0 0 1.35468e-06
0.000364423 1.90552 0.00184223 24 1.37261e-06
0.000366023 0 0 0 1.39077e-06
0.00036763 0 0 0 1.40917e-06
0.000369245 0 0 0 1.42782e-06
0.000370867 0 0 0 1.44671e-06
0.000372495 0 0 0 1.46586e-06
0.000374131 2.61564 0.00233697 24 1.48526e-06
0.000375774 0 0 0 1.50491e-06
0.000377424 0 0 0 1.52482e-06
0.000379082 0 0 0 1.545e-06
0.000380747 0 0 0 1.56545e-06
0.000382419 0 0 0 1.58616e-06
0.000384098 2.90549 0.00239904 48 1.60715e-06
0.000385785 0 0 0 1.62842e-06
0.000387479 0 0 0 1.64997e-06
0.000389181 0 0 0 1.6718e-06
0.00039089 0 0 0 1.69392e-06
0.000392607 2.54164 0.00196511 24 1.71634e-06
0.000394331 0 0 0 1.73905e-06
0.000396063 0 0 0 1.76206e-06
0.000397802 0 0 0 1.78538e-06
0.000399549 0 0 0 1.80901e-06
0.000401304 0 0 0 1.83295e-06
0.000403066 0 0 0 1.8572e-06
0.000404836 0 0 0 1.88178e-06
0.000406614 0 0 0 1.90668e-06
0.0004084 0 0 0 1.93191e-06
0.000410193 2.24276 0.00152041 24 1.95747e-06
0.000411995 0 0 0 1.98338e-06
0.000413804 0 0 0 2.00962e-06
0.000415621 0 0 0 2.03622e-06
0.000417447 0 0 0 2.06316e-06
0.00041928 2.27488 0.00144408 30 2.09046e-06
0.000421121 0 0 0 2.11813e-06
0.000422971 0 0 0 2.14615e-06
0.000424828 0 0 0 2.17455e-06
0.000426694 2.68867 0.00161932 72 2.20333e-06
0.000428568 0 0 0 2.23249e-06
0.00043045 0 0 0 2.26203e-06
0.00043234 0 0 0 2.29196e-06
0.000434239 0 0 0 2.32229e-06
0.000436146 2.78648 0.00157147 32 2.35302e-06
0.000438061 0 0 0 2.38416e-06
0.000439985 0 0 0 2.41571e-06
0.000441918 0 0 0 2.44767e-06
0.000443858 0 0 0 2.48006e-06
0.000445808 0 0 0 2.51288e-06
0.000447765 0 0 0 2.54614e-06
0.000449732 0 0 0 2.57983e-06
0.000451707 2.7574 0.00139983 72 2.61397e-06
0.000453691 0 0 0 2.64856e-06
0.000455683 0 0 0 2.6836e-06
0.000457684 0 0 0 2.71912e-06
0.000459694 3.18252 0.00153289 48 2.7551e-06
0.000461713 0 0 0 2.79156e-06
0.000463741 0 0 0 2.8285e-06
0.000465777 0 0 0 2.86593e-06
0.000467823 0 0 0 2.90385e-06
0.000469877 0 0 0 2.94228e-06
0.000471941 0 0 0 2.98121e-06
0.000474013 3.02518 0.001329 12 3.02066e-06
0.000476095 0 0 0 3.06063e-06
0.000478186 0 0 0 3.10113e-06
0.000480286 3.32103 0.00140255 48 3.14217e-06
0.000482395 0 0 0 3.18375e-06
0.000484514 0 0 0 3.22588e-06
0.000486642 0 0 0 3.26857e-06
0.000488779 2.83595 0.00113634 48 3.31182e-06
0.000490925 0 0 0 3.35565e-06
0.000493081 0 0 0 3.40005e-06
0.000495247 2.44256 0.000940862 48 3.44504e-06
0.000497422 0 0 0 3.49063e-06
0.000499606 0 0 0 3.53682e-06
0.0005018 1.71489 0.000635022 30 3.58362e-06
0.000504004 0 0 0 3.63105e-06
0.000506217 0 0 0 3.6791e-06
0.00050844 0 0 0 3.72778e-06
0.000510673 1.44073 0.000506172 24 3.77711e-06
0.000512916 0 0 0 3.82709e-06
0.000515169 0 0 0 3.87773e-06
0.000517431 3.57192 0.0012064 72 3.92905e-06
0.000519703 0 0 0 3.98104e-06
0.000521986 0 0 0 4.03372e-06
0.000524278 0 0 0 4.0871e-06
0.000526581 0 0 0 4.14118e-06
0.000528893 3.98328 0.00125975 24 4.19598e-06
0.000531216 0 0 0 4.25151e-06
0.000533549 0 0 0 4.30777e-06
0.000535892 4.43179 0.00134739 96 4.36477e-06
0.000538245 0 0 0 4.42253e-06
0.000540609 0 0 0 4.48105e-06
0.000542983 3.23225 0.000944696 48 4.54035e-06
0.000545368 0 0 0 4.60043e-06
0.000547763 0 0 0 4.66131e-06
0.000550169 4.16877 0.0011713 24 4.72299e-06
0.000552585 0 0 0 4.78549e-06
0.000555011 3.61951 0.00099058 24 4.84882e-06
0.000557449 0 0 0 4.91298e-06
0.000559897 0 0 0 4.97799e-06
0.000562356 3.98085 0.00104734 72 5.04387e-06
0.000564825 0 0 0 5.11061e-06
0.000567306 3.51886 0.00090177 48 5.17824e-06
0.000569797 0 0 0 5.24676e-06
0.0005723 0 0 0 5.31619e-06
0.000574813 0 0 0 5.38654e-06
0.000577337 0 0 0 5.45782e-06
0.000579873 2.78183 0.000667541 8 5.53004e-06
0.00058242 0 0 0 5.60322e-06
0.000584977 0 0 0 5.67737e-06
0.000587546 4.69808 0.00108378 54 5.75249e-06
0.000590127 0 0 0 5.82862e-06
0.000592718 4.97584 0.00111807 84 5.90575e-06
0.000595321 0 0 0 5.9839e-06
0.000597936 3.62769 0.000793986 48 6.06308e-06
0.000600562 0 0 0 6.14331e-06
0.000603199 3.96395 0.00084507 24 6.22461e-06
0.000605848 0 0 0 6.30697e-06
0.000608509 0 0 0 6.39043e-06
0.000611181 4.69111 0.000961417 72 6.475e-06
0.000613865 0 0 0 6.56068e-06
0.000616561 4.97179 0.000992499 96 6.6475e-06
0.000619269 0 0 0 6.73546e-06
0.000621988 0 0 0 6.82459e-06
0.00062472 0 0 0 6.9149e-06
0.000627463 4.01276 0.000760017 48 7.0064e-06
0.000630219 0 0 0 7.09912e-06
0.000632987 6.00576 0.00110797 48 7.19306e-06
0.000635767 0 0 0 7.28825e-06
0.000638559 8.20478 0.00147438 24 7.38469e-06
0.000641363 0 0 0 7.48241e-06
0.00064418 4.31579 0.000755414 72 7.58143e-06
0.000647009 0 0 0 7.68175e-06
0.00064985 0 0 0 7.7834e-06
0.000652704 0 0 0 7.8864e-06
0.00065557 4.86254 0.000807516 72 7.99076e-06
0.000658449 5.79208 0.000949322 96 8.0965e-06
0.000661341 0 0 0 8.20364e-06
0.000664246 0 0 0 8.3122e-06
0.000667163 0 0 0 8.42219e-06
0.000670093 8.60539 0.00133817 6 8.53364e-06
0.000673035 0 0 0 8.64656e-06
0.000675991 4.65126 0.00070452 96 8.76098e-06
0.00067896 0 0 0 8.87692e-06
0.000681942 8.68642 0.00128158 96 8.99438e-06
0.000684936 7.12071 0.00103686 24 9.1134e-06
0.000687944 0 0 0 9.234e-06
0.000690966 6.18393 0.000877084 48 9.35619e-06
0.000694 0 0 0 9.48e-06
0.000697048 6.28736 0.000868613 96 9.60545e-06
0.000700109 5.71093 0.000778674 48 9.73256e-06
0.000703184 0 0 0 9.86135e-06
0.000706272 0 0 0 9.99184e-06
0.000709374 5.91945 0.000775893 36 1.01241e-05
0.000712489 0 0 0 1.0258e-05
0.000715618 8.09432 0.00103343 48 1.03938e-05
0.000718761 0 0 0 1.05313e-05
0.000721917 5.22408 0.000649671 120 1.06707e-05
0.000725088 5.41116 0.000664148 56 1.08119e-05
0.000728272 0 0 0 1.0955e-05
0.00073147 8.06301 0.000963948 24 1.10999e-05
0.000734682 8.55626 0.00100956 96 1.12468e-05
0.000737909 0 0 0 1.13956e-05
0.00074115 6.22233 0.000715125 48 1.15464e-05
0.000744404 0 0 0 1.16992e-05
0.000747674 0 0 0 1.1854e-05
0.000750957 5.70461 0.00063027 24 1.20109e-05
0.000754255 7.38371 0.00080513 102 1.21698e-05
0.000757567 8.2881 0.000891943 48 1.23309e-05
0.000760894 0 0 0 1.2494e-05
0.000764236 7.44534 0.000780455 72 1.26594e-05
0.000767592 5.23742 0.000541841 48 1.28269e-05
0.000770963 5.8986 0.000602273 48 1.29966e-05
0.000774349 0 0 0 1.31686e-05
0.00077775 7.89378 0.000785076 120 1.33429e-05
0.000781165 0 0 0 1.35194e-05
0.000784596 5.09819 0.000493883 24 1.36983e-05
0.000788042 0 0 0 1.38796e-05
0.000791502 7.63762 0.000720688 144 1.40633e-05
0.000794978 7.50343 0.000698779 120 1.42494e-05
0.00079847 6.00813 0.000552217 48 1.44379e-05
0.000801976 0 0 0 1.4629e-05
0.000805498 0 0 0 1.48226e-05
0.000809036 5.71637 0.000505084 48 1.50187e-05
0.000812589 6.93063 0.000604375 96 1.52175e-05
0.000816157 0 0 0 1.54188e-05
0.000819742 6.54357 0.000555815 24 1.56229e-05
0.000823342 5.98107 0.0005014 48 1.58296e-05
0.000826957 0 0 0 1.60391e-05
0.000830589 9.81125 0.000801146 108 1.62513e-05
0.000834237 9.02544 0.000727355 72 1.64664e-05
0.0008379 9.97114 0.000793074 30 1.66843e-05
0.00084158 9.32839 0.000732261 168 1.6905e-05
0.000845276 9.90676 0.000767506 48 1.71287e-05
0.000848988 0 0 0 1.73554e-05
0.000852717 7.32072 0.000552441 72 1.75851e-05
0.000856461 0 0 0 1.78178e-05
0.000860223 8.66351 0.000636806 96 1.80536e-05
0.000864001 8.57774 0.000622267 72 1.82925e-05
0.000867795 10.6629 0.000763433 72 1.85345e-05
0.000871606 6.78518 0.000479454 32 1.87798e-05
0.000875434 8.96744 0.000625381 72 1.90283e-05
0.000879278 12.6483 0.000870559 144 1.92801e-05
0.00088314 0 0 0 1.95352e-05
0.000887018 0 0 0 1.97937e-05
0.000890914 8.76062 0.000579661 96 2.00557e-05
0.000894826 7.95095 0.000519217 96 2.0321e-05
0.000898756 8.57158 0.000552435 48 2.059e-05
0.000902703 10.0525 0.000639416 72 2.08624e-05
0.000906667 10.2468 0.000643266 120 2.11385e-05
0.000910649 8.70823 0.000539538 72 2.14182e-05
0.000914648 0 0 0 2.17016e-05
0.000918665 12.2177 0.000737332 48 2.19888e-05
0.0009227 8.95306 0.000533256 78 2.22798e-05
0.000926752 10.2736 0.000603917 120 2.25746e-05
0.000930822 10.0587 0.000583562 48 2.28733e-05
0.00093491 12.6822 0.000726159 144 2.3176e-05
0.000939015 9.69405 0.000547814 144 2.34827e-05
0.000943139 0 0 0 2.37934e-05
0.000947281 5.65565 0.000311309 12 2.41083e-05
0.000951441 11.4904 0.000624214 144 2.44273e-05
0.00095562 12.4576 0.000667921 48 2.47506e-05
0.000959816 11.1571 0.000590384 120 2.50781e-05
0.000964032 15.8255 0.000826477 48 2.54099e-05
0.000968265 10.7109 0.000552063 216 2.57462e-05
0.000972518 0 0 0 2.60869e-05
0.000976789 8.32119 0.000417763 48 2.64321e-05
0.000981078 11.7344 0.000581427 96 2.67819e-05
0.000985387 10.9745 0.000536673 96 2.71363e-05
0.000989714 14.0819 0.000679636 120 2.74954e-05
0.000994061 9.51675 0.00045331 96 2.78592e-05
0.000998426 9.58692 0.000450689 48 2.82279e-05
0.00100281 0 0 0 2.86014e-05
0.00100721 11.7933 0.000540026 126 2.89799e-05
0.00101164 12.471 0.000563599 192 2.93634e-05
0.00101608 13.4872 0.000601563 56 2.97519e-05
0.00102054 13.1768 0.000580044 192 3.01456e-05
0.00102503 11.5374 0.000501246 120 3.05445e-05
0.00102953 0 0 0 3.09487e-05
0.00103405 11.6989 0.000495071 216 3.13583e-05
0.00103859 10.4433 0.000436166 96 3.17732e-05
0.00104315 16.8251 0.000693527 96 3.21937e-05
0.00104773 13.7864 0.00056085 72 3.26197e-05
0.00105233 12.4243 0.000498837 96 3.30513e-05
0.00105695 0 0 0 3.34887e-05
0.0010616 11.676 0.000456628 216 3.39319e-05
0.00106626 11.9365 0.000460718 108 3.43809e-05
0.00107094 12.4827 0.000475507 120 3.48358e-05
0.00107564 12.6093 0.000474058 96 3.52968e-05
0.00108037 15.5429 0.000576716 120 3.57639e-05
0.00108511 16.1794 0.000592494 48 3.62371e-05
0.00108988 13.9072 0.000502633 78 3.67167e-05
0.00109466 13.6767 0.000487849 264 3.72025e-05
0.00109947 13.5509 0.000477047 24 3.76948e-05
0.0011043 13.8613 0.000481601 312 3.81936e-05
0.00110915 15.1989 0.000521179 24 3.86991e-05
0.00111402 16.7691 0.000567515 48 3.92112e-05
0.00111891 13.819 0.000461564 216 3.973e-05
0.00112383 11.5211 0.000379789 72 4.02558e-05
0.00112876 17.1422 0.000557706 264 4.07885e-05
0.00113372 0 0 0 4.13282e-05
0.0011387 16.8115 0.000532753 240 4.18751e-05
0.0011437 18.2007 0.000569245 192 4.24292e-05
0.00114872 0 0 0 4.29907e-05
0.00115377 14.4845 0.000441262 240 4.35596e-05
0.00115883 9.11727 0.000274124 8 4.4136e-05
0.00116392 18.9115 0.000561178 48 4.47201e-05
0.00116903 15.4044 0.000451137 336 4.53118e-05
0.00117417 14.3638 0.000415168 174 4.59114e-05
0.00117932 16.0146 0.000456838 120 4.6519e-05
0.0011845 15.6079 0.000439421 84 4.71346e-05
0.00118971 17.6994 0.000491798 216 4.77583e-05
0.00119493 18.3218 0.000502442 144 4.83903e-05
0.00120018 17.6195 0.000476873 336 4.90306e-05
0.00120545 0 0 0 4.96794e-05
0.00121074 18.0142 0.000474904 264 5.03368e-05
0.00121606 20.7024 0.000538644 168 5.10029e-05
0.0012214 15.6133 0.000400929 168 5.16778e-05
0.00122676 15.5623 0.0003944 72 5.23617e-05
0.00123215 18.4853 0.000462359 192 5.30546e-05
0.00123756 21.1691 0.000522573 216 5.37566e-05
0.001243 20.0746 0.000489082 192 5.4468e-05
0.00124846 17.3359 0.000416841 144 5.51888e-05
0.00125394 16.5883 0.000393658 198 5.59191e-05
0.00125945 16.2202 0.000379893 96 5.6659e-05
0.00126498 18.7376 0.000433123 168 5.74088e-05
0.00127053 19.1263 0.000436334 360 5.81685e-05
0.00127611 24.3158 0.00054748 168 5.89382e-05
0.00128172 16.5182 0.000367057 264 5.97181e-05
0.00128735 20.4141 0.000447703 216 6.05084e-05
0.001293 20.3313 0.000440063 96 6.13091e-05
0.00129868 21.5084 0.000459462 144 6.21204e-05
0.00130438 21.7511 0.000458579 236 6.29424e-05
0.00131011 22.9821 0.000478204 240 6.37753e-05
0.00131586 24.916 0.000511673 144 6.46192e-05
0.00132164 18.3161 0.000371226 240 6.54743e-05
0.00132745 24.0273 0.000480618 312 6.63408e-05
0.00133328 21.2295 0.000419108 240 6.72186e-05
0.00133913 46.0595 0.000897421 6 6.81081e-05
0.00134501 21.9123 0.000421362 288 6.90094e-05
0.00135092 24.3204 0.000461561 408 6.99226e-05
0.00135685 21.0323 0.000393946 72 7.08479e-05
0.00136281 23.0589 0.000426264 192 7.17854e-05
0.0013688 23.1788 0.000422884 312 7.27353e-05
0.00137481 21.717 0.000391041 456 7.36978e-05
0.00138084 23.8613 0.000424039 48 7.4673e-05
0.00138691 21.5773 0.000378443 360 7.56612e-05
0.001393 25.2864 0.000437704 168 7.66624e-05
0.00139912 25.0203 0.000427441 216 7.76769e-05
0.00140526 22.0626 0.000371991 336 7.87047e-05
0.00141143 24.8132 0.000412903 264 7.97462e-05
0.00141763 29.2626 0.000480584 144 8.08015e-05
0.00142386 26.0821 0.000422755 378 8.18707e-05
0.00143011 25.3315 0.000405228 144 8.29541e-05
0.00143639 26.8596 0.00042406 384 8.40518e-05
0.0014427 23.3477 0.000363801 312 8.51641e-05
0.00144903 23.6702 0.000364009 320 8.62911e-05
0.0014554 26.5793 0.000403407 240 8.74329e-05
0.00146179 26.5376 0.000397514 216 8.85899e-05
0.00146821 27.4424 0.000405699 408 8.97622e-05
0.00147466 29.6241 0.000432233 240 9.095e-05
0.00148113 27.0883 0.000390073 144 9.21536e-05
0.00148764 27.8046 0.000395158 456 9.3373e-05
0.00149417 28.1817 0.000395287 264 9.46086e-05
0.00150073 23.9429 0.000331446 360 9.58606e-05
0.00150732 32.1623 0.000439414 366 9.71291e-05
0.00151394 28.3892 0.000382798 312 9.84144e-05
0.00152059 26.7574 0.000356084 384 9.97167e-05
0.00152727 31.7927 0.000417566 264 0.000101036
0.00153398 32.8876 0.000426306 192 0.000102373
0.00154071 29.3141 0.000375022 420 0.000103728
0.00154748 29.2745 0.000369625 600 0.000105101
0.00155428 30.1021 0.00037511 216 0.000106491
0.0015611 29.9834 0.000368751 240 0.0001079
0.00156796 31.0779 0.000377221 408 0.000109328
0.00157484 31.9015 0.00038216 408 0.000110775
0.00158176 27.8332 0.00032907 408 0.000112241
0.00158871 27.4739 0.000320579 246 0.000113726
0.00159568 35.351 0.000407107 368 0.000115231
0.00160269 29.0985 0.000330725 384 0.000116756
0.00160973 32.2691 0.000361972 432 0.000118301
0.0016168 33.1148 0.000366606 696 0.000119866
0.0016239 30.1923 0.000329887 288 0.000121453
0.00163103 33.7513 0.000363957 264 0.00012306
0.00163819 32.2058 0.000342755 360 0.000124688
0.00164539 34.746 0.00036496 456 0.000126338
0.00165261 31.9335 0.000331038 504 0.00012801
0.00165987 34.1977 0.000349881 372 0.000129704
0.00166716 32.8143 0.000331342 336 0.00013142
0.00167448 35.2668 0.000351456 510 0.000133159
0.00168184 34.0439 0.000334837 408 0.000134921
0.00168922 35.081 0.000340531 456 0.000136707
0.00169664 35.1253 0.000336509 528 0.000138516
0.00170409 34.898 0.000329965 480 0.000140349
0.00171158 33.4079 0.000311751 528 0.000142206
0.00171909 31.5881 0.000290919 336 0.000144088
0.00172664 37.1883 0.000338023 696 0.000145995
0.00173422 38.9796 0.000349677 456 0.000147926
0.00174184 37.6343 0.0003332 464 0.000149884
0.00174949 39.9726 0.00034928 504 0.000151867
0.00175717 36.2385 0.000312516 414 0.000153877
0.00176489 39.6941 0.000337846 312 0.000155913
0.00177264 38.2386 0.000321207 624 0.000157976
0.00178043 37.9631 0.000314729 636 0.000160067
0.00178824 38.1462 0.000312116 360 0.000162185
0.0017961 39.048 0.000315322 912 0.000164331
0.00180399 35.7235 0.000284709 360 0.000166506
0.00181191 42.0807 0.000330994 576 0.000168709
0.00181987 40.7357 0.00031623 456 0.000170942
0.00182786 42.9528 0.000329087 672 0.000173204
0.00183589 44.3499 0.000335353 480 0.000175496
0.00184395 45.4476 0.000339165 726 0.000177818
0.00185205 45.5464 0.000335464 528 0.000180171
0.00186018 43.0753 0.000313119 744 0.000182555
0.00186835 53.2919 0.000382326 456 0.000184971
0.00187655 50.3836 0.000356741 504 0.000187419
0.00188479 43.6735 0.000305191 680 0.000189899
0.00189307 48.256 0.00033281 564 0.000192412
0.00190139 42.1243 0.000286727 816 0.000194958
0.00190974 48.7301 0.000327358 624 0.000197538
0.00191812 44.8485 0.000297348 744 0.000200152
0.00192655 52.5644 0.000343953 750 0.0002028
0.00193501 53.3136 0.000344299 432 0.000205484
0.00194351 48.66 0.000310143 648 0.000208203
0.00195204 53.9228 0.000339197 840 0.000210958
0.00196061 50.7833 0.000315276 984 0.00021375
0.00196922 49.5193 0.000303414 456 0.000216578
0.00197787 54.7634 0.000331163 672 0.000219444
0.00198656 44.9468 0.000268251 648 0.000222348
0.00199528 49.2823 0.000290285 936 0.00022529
0.00200404 50.2196 0.000291942 696 0.000228272
0.00201285 59.1751 0.000339511 522 0.000231292
0.00202168 54.0933 0.000306302 816 0.000234353
0.00203056 53.605 0.000299572 1160 0.000237454
0.00203948 52.5255 0.000289706 792 0.000240596
0.00204844 56.6586 0.000308421 528 0.00024378
0.00205743 56.6978 0.000304603 960 0.000247006
0.00206647 55.4507 0.000294013 792 0.000250275
0.00207554 56.9754 0.000298152 768 0.000253586
0.00208466 60.8095 0.00031406 888 0.000256942
0.00209381 60.7506 0.000309658 795 0.000260342
0.00210301 60.2083 0.000302885 804 0.000263787
0.00211225 61.8929 0.000307294 984 0.000267278
0.00212152 65.2583 0.000319771 768 0.000270815
0.00213084 59.6684 0.000288562 708 0.000274398
0.0021402 58.963 0.000281426 996 0.000278029
0.0021496 68.7178 0.000323702 960 0.000281709
0.00215904 59.3221 0.000275793 1056 0.000285436
0.00216852 58.74 0.00026952 312 0.000289214
0.00217804 64.2879 0.000291124 1184 0.000293041
0.00218761 70.1771 0.000313642 648 0.000296918
0.00219721 61.9918 0.000273441 1020 0.000300848
0.00220686 68.189 0.000296848 672 0.000304829
0.00221655 65.081 0.000279618 1068 0.000308862
0.00222629 69.9063 0.000296427 780 0.000312949
0.00223607 65.1403 0.00027261 936 0.000317091
0.00224589 66.0881 0.000272964 576 0.000321287
0.00225575 68.0918 0.000277568 972 0.000325538
0.00226566 68.8664 0.000277059 1104 0.000329846
0.00227561 71.4263 0.000283605 816 0.000334211
0.0022856 70.2415 0.000275258 708 0.000338633
0.00229564 75.0627 0.000290309 804 0.000343115
0.00230572 69.0892 0.000263717 648 0.000347655
0.00231584 72.9594 0.000274852 864 0.000352255
0.00232601 71.8517 0.000267144 1148 0.000356917
0.00233623 70.8995 0.000260161 840 0.00036164
0.00234649 71.5007 0.000258941 540 0.000366425
0.00235679 77.3765 0.000276561 876 0.000371274
0.00236714 69.6216 0.000245593 732 0.000376187
0.00237754 76.4409 0.000266127 768 0.000381165
0.00238798 76.2147 0.000261874 840 0.000386209
0.00239847 80.4157 0.0002727 948 0.00039132
0.002409 78.5502 0.000262895 804 0.000396498
0.00241958 80.7156 0.000266614 696 0.000401745
0.00243021 79.1417 0.000258001 840 0.000407061
0.00244088 88.5187 0.000284801 780 0.000412448
0.0024516 84.9354 0.000269703 744 0.000417906
0.00246237 82.4903 0.000258518 836 0.000423436
0.00247318 86.4982 0.000267538 816 0.000429039
0.00248404 85.3228 0.000260456 696 0.000434716
0.00249495 88.4205 0.000266387 720 0.000440469
0.00250591 86.2417 0.00025643 672 0.000446298
0.00251691 91.4857 0.00026847 936 0.000452203
0.00252797 79.9967 0.000231689 600 0.000458187
0.00253907 99.6281 0.000284777 744 0.00046425
0.00255022 91.4914 0.000258104 744 0.000470394
0.00256142 94.4037 0.000262842 624 0.000476618
0.00257267 86.8703 0.000238708 888 0.000482926
0.00258396 86.6824 0.000235081 756 0.000489316
0.00259531 106.992 0.000286371 396 0.000495791
0.00260671 91.3054 0.000241193 740 0.000502352
0.00261816 88.7595 0.000231405 744 0.000508999
0.00262966 92.5505 0.000238138 756 0.000515735
0.0026412 93.384 0.000237144 648 0.00052256
0.0026528 98.6248 0.000247182 480 0.000529475
0.00266445 96.7662 0.000239357 624 0.000536481
0.00267615 111.408 0.000271974 612 0.00054358
0.00268791 119.826 0.000288704 732 0.000550773
0.00269971 115.591 0.000274864 600 0.000558062
0.00271157 119.161 0.000279653 552 0.000565446
0.00272348 104.054 0.000241009 612 0.000572929
0.00273544 116.727 0.000266831 684 0.00058051
0.00274745 115.669 0.000260961 468 0.000588192
0.00275952 116.284 0.000258922 464 0.000595976
0.00277163 111.059 0.000244057 648 0.000603862
0.00278381 110.19 0.000238986 540 0.000611853
0.00279603 141.016 0.000301848 408 0.000619949
0.00280831 111.331 0.000235194 504 0.000628153
0.00282064 118.281 0.000246614 444 0.000636465
0.00283303 133.894 0.00027552 480 0.000644888
0.00284547 139.309 0.000282919 456 0.000653421
0.00285797 121.82 0.00024417 408 0.000662068
0.00287052 165.729 0.00032784 480 0.000670829
0.00288313 139.907 0.000273146 408 0.000679706
0.00289579 145.381 0.000280125 200 0.000688701
0.00290851 161.053 0.00030627 576 0.000697814
0.00292128 129.025 0.000242159 312 0.000707048
0.00293411 143.582 0.00026596 360 0.000716404
0.00294699 132.202 0.000241683 264 0.000725885
0.00295994 149.501 0.000269738 345 0.00073549
0.00297293 164.309 0.000292585 252 0.000745223
0.00298599 161.103 0.000283129 312 0.000755084
0.0029991 140.702 0.000244045 246 0.000765076
0.00301228 128.078 0.000219249 216 0.0007752
0.0030255 141.793 0.000239556 246 0.000785458
0.00303879 186.893 0.000311628 150 0.000795852
0.00305214 139.401 0.000229403 278 0.000806384
0.00306554 164.905 0.00026783 168 0.000817054
0.003079 183.78 0.000294588 210 0.000827866
0.00309252 143.022 0.000226261 120 0.000838821
0.00310611 163.711 0.000255609 246 0.000849921
0.00311975 172.155 0.000265282 120 0.000861168
0.00313345 203.91 0.000310111 102 0.000872564
0.00314721 152.676 0.000229161 192 0.000884111
0.00316103 216.661 0.000320952 186 0.00089581
0.00317491 171.707 0.000251038 48 0.000907664
0.00318886 177.893 0.000256685 86 0.000919675
0.00320286 189.468 0.000269816 192 0.000931845
0.00321693 240.913 0.000338598 78 0.000944176
0.00323105 122.254 0.000169581 24 0.00095667
0.00324524 229.445 0.000314111 162 0.00096933
0.00325949 237.241 0.000320543 72 0.000982157
0.00327381 212.945 0.000283958 24 0.000995153
0.00328819 213.037 0.00028037 102 0.00100832
0.00330263 238.972 0.000310395 72 0.00102167
0.00331713 258.461 0.000331325 30 0.00103518
0.0033317 279.431 0.000353527 8 0.00104888
0.00334633 243.481 0.000304022 132 0.00106276
0.00336103 448.403 0.000552585 6 0.00107683
0.00337579 0 0 0 0.00109108
0.00339061 250.643 0.000300862 96 0.00110551
0.0034055 623.49 0.000738638 6 0.00112014
0.00342046 0 0 0 0.00113497
0.00343548 195.736 0.000225868 60 0.00114998
0.00345057 261.794 0.00029815 6 0.0011652
0.00346572 0 0 0 0.00118062
0.00348094 266.918 0.000296097 38 0.00119624
0.00349623 0 0 0 0.00121207
0.00351158 0 0 0 0.00122811
0.003527 387.338 0.000413065 18 0.00124436
0.00354249 0 0 0 0.00126083
0.00355805 0 0 0 0.00127752
0.00357368 319.244 0.000327282 6 0.00129442
0.00358937 0 0 0 0.00131155
0.00360513 0 0 0 0.00132891
0.00362097 454.772 0.000448195 1 0.00134649
0.00363687 0 0 0 0.00136431
0.00365284 0 0 0 0.00138236
0.00366888 0 0 0 0.00140065
0.00368499 0 0 0 0.00141919
0.00370118 0 0 0 0.00143797
0.00371743 0 0 0 0.001457
0.00373376 0 0 0 0.00147628
0.00375015 0 0 0 0.00149581
0.00376662 0 0 0 0.00151561
0.00378317 0 0 0 0.00153566
0.00379978 0 0 0 0.00155598
0.00381647 0 0 0 0.00157657
0.00383323 0 0 0 0.00159744
0.00385006 0 0 0 0.00161858
0.00386697 0 0 0 0.00163999
0.00388395 0 0 0 0.0016617
0.00390101 0 0 0 0.00168368
0.00391814 0 0 0 0.00170596
0.00393535 0 0 0 0.00172854
0.00395263 0 0 0 0.00175141
0.00396999 0 0 0 0.00177459
0.00398742 0 0 0 0.00179807
0.00400494 0 0 0 0.00182187
0.00402252 0 0 0 0.00184597
0.00404019 0 0 0 0.0018704
0.00405793 0 0 0 0.00189515
0.00407575 0 0 0 0.00192023
0.00409365 0 0 0 0.00194564
0.00411163 0 0 0 0.00197139
0.00412969 0 0 0 0.00199747
0.00414782 0 0 0 0.00202391
0.00416604 0 0 0 0.00205069
0.00418433 0 0 0 0.00207783
0.00420271 0 0 0 0.00210532
0.00422117 0 0 0 0.00213318
0.00423971 0 0 0 0.00216141
0.00425832 0 0 0 0.00219001
0.00427703 0 0 0 0.00221899
0.00429581 0 0 0 0.00224835
0.00431467 0 0 0 0.00227811
0.00433362 0 0 0 0.00230825
0.00435265 0 0 0 0.0023388
0.00437177 0 0 0 0.00236975
0.00439097 0 0 0 0.0024011
0.00441025 0 0 0 0.00243288
0.00442962 0 0 0 0.00246507
0.00444907 0 0 0 0.00249769
0.00446861 0 0 0 0.00253074
0.00448824 0 0 0 0.00256423
0.00450795 0 0 0 0.00259816
0.00452775 0 0 0 0.00263255
0.00454763 0 0 0 0.00266738
0.0045676 0 0 0 0.00270268
0.00458766 0 0 0 0.00273844
0.00460781 0 0 0 0.00277468
0.00462804 0 0 0 0.0028114
0.00464837 0 0 0 0.0028486
0.00466878 0 0 0 0.0028863
0.00468929 0 0 0 0.00292449
0.00470988 0 0 0 0.00296319
0.00473056 0 0 0 0.0030024
0.00475134 0 0 0 0.00304213
0.00477221 0 0 0 0.00308239
0.00479316 0 0 0 0.00312318
0.00481421 0 0 0 0.0031645
0.00483536 0 0 0 0.00320638
0.00485659 0 0 0 0.00324881
0.00487792 0 0 0 0.0032918
0.00489934 0 0 0 0.00333536
0.00492086 0 0 0 0.0033795
0.00494247 0 0 0 0.00342422
0.00496417 0 0 0 0.00346953
0.00498597 0 0 0 0.00351544
0.00500787 0 0 0 0.00356196
0.00502986 0 0 0 0.0036091
0.00505195 0 0 0 0.00365685
0.00507414 0 0 0 0.00370525
0.00509642 0 0 0 0.00375428
0.0051188 0 0 0 0.00380396
0.00514128 0 0 0 0.00385429
0.00516386 0 0 0 0.0039053
0.00518654 0 0 0 0.00395698
0.00520932 0 0 0 0.00400934
0.0052322 0 0 0 0.00406239
0.00525517 0 0 0 0.00411615
0.00527825 0 0 0 0.00417062
0.00530143 0 0 0 0.00422581
0.00532472 0 0 0 0.00428173
0.0053481 0 0 0 0.00433839
0.00537159 0 0 0 0.0043958
0.00539518 0 0 0 0.00445396
0.00541887 0 0 0 0.0045129
0.00544267 0 0 0 0.00457262
0.00546657 0 0 0 0.00463313
0.00549058 0 0 0 0.00469444
0.00551469 0 0 0 0.00475656
0.00553891 0 0 0 0.0048195
0.00556323 0 0 0 0.00488328
0.00558766 0 0 0 0.0049479
0.0056122 0 0 0 0.00501338
0.00563685 0 0 0 0.00507972
0.00566161 0 0 0 0.00514694
0.00568647 0 0 0 0.00521504
0.00571144 0 0 0 0.00528405
0.00573653 0 0 0 0.00535398
0.00576172 0 0 0 0.00542483
0.00578702 0 0 0 0.00549661
0.00581244 0 0 0 0.00556935
0.00583796 0 0 0 0.00564305
0.0058636 0 0 0 0.00571772
0.00588935 0 0 0 0.00579338
0.00591521 0 0 0 0.00587005
0.00594119 0 0 0 0.00594772
0.00596728 0 0 0 0.00602643
0.00599349 0 0 0 0.00610618
0.00601981 0 0 0 0.00618698
0.00604625 0 0 0 0.00626885
0.0060728 0 0 0 0.0063518
0.00609947 0 0 0 0.00643586
0.00612626 0 0 0 0.00652102
0.00615316 0 0 0 0.00660731
0.00618018 0 0 0 0.00669475
0.00620733 0 0 0 0.00678334
0.00623459 0 0 0 0.0068731
0.00626197 0 0 0 0.00696405
0.00628947 0 0 0 0.00705621
0.00631709 0 0 0 0.00714958
0.00634483 0 0 0 0.00724419
0.00637269 0 0 0 0.00734005
0.00640068 0 0 0 0.00743718
0.00642879 0 0 0 0.0075356
0.00645702 0 0 0 0.00763531
0.00648538 0 0 0 0.00773635
0.00651386 0 0 0 0.00783872
0.00654247 0 0 0 0.00794245
0.0065712 0 0 0 0.00804755
0.00660006 0 0 0 0.00815405
0.00662904 0 0 0 0.00826195
0.00665816 0 0 0 0.00837128
0.0066874 0 0 0 0.00848205
0.00671676 0 0 0 0.0085943
0.00674626 0 0 0 0.00870802
0.00677589 0 0 0 0.00882325
0.00680565 0 0 0 0.00894001
0.00683553 0 0 0 0.00905831
0.00686555 0 0 0 0.00917818
0.00689571 0 0 0 0.00929964
0.00692599 0 0 0 0.0094227
0.0069564 0 0 0 0.00954739
0.00698696 0 0 0 0.00967372
0.00701764 0 0 0 0.00980174
0.00704846 0 0 0 0.00993144
0.00707941 0 0 0 0.0100629
0.0071105 0 0 0 0.010196
0.00714173 0 0 0 0.0103309
0.00717309 0 0 0 0.0104677
0.0072046 0 0 0 0.0106062
0.00723624 0 0 0 0.0107465
0.00726801 0 0 0 0.0108887
0.00729993 0 0 0 0.0110328
0.00733199 0 0 0 0.0111788
0.00736419 0 0 0 0.0113267
0.00739653 0 0 0 0.0114766
0.00742901 0 0 0 0.0116285
0.00746164 0 0 0 0.0117824
0.00749441 0 0 0 0.0119383
0.00752732 0 0 0 0.0120963
0.00756038 0 0 0 0.0122563
0.00759358 0 0 0 0.0124185
0.00762693 0 0 0 0.0125829
0.00766042 0 0 0 0.0127494
0.00769407 0 0 0 0.0129181
0.00772786 0 0 0 0.013089
0.00776179 0 0 0 0.0132622
0.00779588 0 0 0 0.0134377
0.00783012 0 0 0 0.0136155
0.0078645 0 0 0 0.0137957
0.00789904 0 0 0 0.0139783
0.00793373 0 0 0 0.0141632
0.00796857 0 0 0 0.0143507
0.00800357 0 0 0 0.0145406
0.00803872 0 0 0 0.014733
0.00807402 0 0 0 0.0149279
0.00810948 0 0 0 0.0151255
0.00814509 0 0 0 0.0153256
0.00818086 0 0 0 0.0155284
0.00821679 0 0 0 0.0157339
0.00825288 0 0 0 0.0159421
0.00828912 0 0 0 0.0161531
0.00832552 0 0 0 0.0163668
0.00836209 0 0 0 0.0165834
0.00839881 0 0 0 0.0168029
0.00843569 0 0 0 0.0170252
0.00847274 0 0 0 0.0172505
0.00850995 0 0 0 0.0174788
0.00854732 0 0 0 0.0177101
0.00858486 0 0 0 0.0179444
0.00862256 0 0 0 0.0181819
0.00866043 0 0 0 0.0184225
0.00869846 0 0 0 0.0186663
0.00873666 0 0 0 0.0189133
0.00877503 0 0 0 0.0191635
0.00881357 0 0 0 0.0194171
0.00885227 0 0 0 0.0196741
0.00889115 0 0 0 0.0199344
0.0089302 0 0 0 0.0201982
0.00896941 0 0 0 0.0204655
0.0090088 0 0 0 0.0207363
0.00904837 0 0 0 0.0210107
0.00908811 0 0 0 0.0212887
0.00912802 0 0 0 0.0215704
0.0091681 0 0 0 0.0218559
0.00920837 0 0 0 0.0221451
0.00924881 0 0 0 0.0224381
0.00928942 0 0 0 0.0227351
0.00933022 0 0 0 0.0230359
0.0093712 0 0 0 0.0233407
0.00941235 0 0 0 0.0236496
0.00945369 0 0 0 0.0239626
0.0094952 0 0 0 0.0242797
0.0095369 0 0 0 0.024601
0.00957879 0 0 0 0.0249265
0.00962085 0 0 0 0.0252563
0.0096631 0 0 0 0.0255906
0.00970554 0 0 0 0.0259292
0.00974816 0 0 0 0.0262723
0.00979097 0 0 0 0.02662
0.00983397 0 0 0 0.0269722
0.00987716 0 0 0 0.0273291
0.00992054 0 0 0 0.0276908
0.0099641 0 0 0 0.0280572
0.0100079 0 0 0 0.0284285
0.0100518 0 0 0 0.0288047
0.010096 0 0 0 0.0291859
0.0101403 0 0 0 0.0295721
0.0101848 0 0 0 0.0299634
0.0102296 0 0 0 0.0303599
0.0102745 0 0 0 0.0307616
0.0103196 0 0 0 0.0311687
0.0103649 0 0 0 0.0315812
0.0104104 0 0 0 0.0319991
0.0104562 0 0 0 0.0324225
0.0105021 0 0 0 0.0328515
0.0105482 0 0 0 0.0332863
0.0105945 0 0 0 0.0337267
0.0106411 0 0 0 0.034173
0.0106878 0 0 0 0.0346252
0.0107347 0 0 0 0.0350834
0.0107819 0 0 0 0.0355477
0.0108292 0 0 0 0.0360181
0.0108768 0 0 0 0.0364947
0.0109245 0 0 0 0.0369776
0.0109725 0 0 0 0.037467
0.0110207 0 0 0 0.0379628
0.0110691 0 0 0 0.0384651
0.0111177 0 0 0 0.0389741
0.0111665 0 0 0 0.0394899
0.0112156 0 0 0 0.0400124
0.0112648 0 0 0 0.0405419
0.0113143 0 0 0 0.0410784
0.011364 0 0 0 0.041622
0.0114139 0 0 0 0.0421728
0.011464 0 0 0 0.0427308
0.0115144 0 0 0 0.0432963
0.0115649 0 0 0 0.0438692
0.0116157 0 0 0 0.0444497
0.0116667 0 0 0 0.0450379
0.011718 0 0 0 0.0456339
0.0117694 0 0 0 0.0462378
0.0118211 0 0 0 0.0468496
0.011873 0 0 0 0.0474696
0.0119252 0 0 0 0.0480977
0.0119776 0 0 0 0.0487342
0.0120302 0 0 0 0.0493791
0.012083 0 0 0 0.0500325
0.012136 0 0 0 0.0506946
0.0121893 0 0 0 0.0513654
0.0122429 0 0 0 0.0520452
0.0122966 0 0 0 0.0527339
0.0123506 0 0 0 0.0534317
0.0124049 0 0 0 0.0541387
0.0124594 0 0 0 0.0548551
0.0125141 0 0 0 0.055581
0.012569 0 0 0 0.0563165
0.0126242 0 0 0 0.0570618
0.0126797 0 0 0 0.0578169
0.0127354 0 0 0 0.0585819
0.0127913 0 0 0 0.0593571
0.0128475 0 0 0 0.0601426
0.0129039 0 0 0 0.0609385
0.0129606 0 0 0 0.0617449
0.0130175 0 0 0 0.0625619
0.0130746 0 0 0 0.0633898
0.0131321 0 0 0 0.0642286
0.0131897 0 0 0 0.0650785
0.0132477 0 0 0 0.0659397
0.0133058 0 0 0 0.0668123
0.0133643 0 0 0 0.0676964
0.013423 0 0 0 0.0685922
0.0134819 0 0 0 0.0694999
0.0135411 0 0 0 0.0704196
0.0136006 0 0 0 0.0713514
0.0136603 0 0 0 0.0722956
0.0137203 0 0 0 0.0732523
0.0137806 0 0 0 0.0742216
0.0138411 0 0 0 0.0752038
0.0139019 0 0 0 0.076199
0.0139629 0 0 0 0.0772073
0.0140242 0 0 0 0.078229
0.0140858 0 0 0 0.0792642
0.0141477 0 0 0 0.0803131
0.0142098 0 0 0 0.0813758
0.0142722 0 0 0 0.0824527
0.0143349 0 0 0 0.0835438
0.0143979 0 0 0 0.0846493
0.0144611 0 0 0 0.0857694
0.0145246 0 0 0 0.0869044
0.0145884 0 0 0 0.0880544
0.0146524 0 0 0 0.0892196
0.0147168 0 0 0 0.0904002
0.0147814 0 0 0 0.0915965
0.0148463 0 0 0 0.0928086
0.0149115 0 0 0 0.0940367
0.014977 0 0 0 0.0952811
0.0150428 0 0 0 0.0965419
0.0151089 0 0 0 0.0978195
0.0151752 0 0 0 0.0991139
0.0152419 0 0 0 0.100425
0.0153088 0 0 0 0.101754
0.015376 0 0 0 0.103101
0.0154436 0 0 0 0.104465
0.0155114 0 0 0 0.105848
0.0155795 0 0 0 0.107248
0.0156479 0 0 0 0.108667
0.0157166 0 0 0 0.110105
0.0157857 0 0 0 0.111562
0.015855 0 0 0 0.113039
0.0159246 0 0 0 0.114535
0.0159945 0 0 0 0.11605
0.0160648 0 0 0 0.117586
0.0161353 0 0 0 0.119142
0.0162062 0 0 0 0.120718
0.0162774 0 0 0 0.122316
0.0163489 0 0 0 0.123934
0.0164207 0 0 0 0.125574
0.0164928 0 0 0 0.127236
0.0165652 0 0 0 0.12892
0.0166379 0 0 0 0.130626
0.016711 0 0 0 0.132354
0.0167844 0 0 0 0.134106
0.0168581 0 0 0 0.13588
0.0169322 0 0 0 0.137679
0.0170065 0 0 0 0.1395
0.0170812 0 0 0 0.141346
0.0171562 0 0 0 0.143217
0.0172316 0 0 0 0.145112
0.0173072 0 0 0 0.147032
0.0173832 0 0 0 0.148978
0.0174596 0 0 0 0.150949
0.0175363 0 0 0 0.152947
0.0176133 0 0 0 0.154971
0.0176906 0 0 0 0.157021
0.0177683 0 0 0 0.159099
0.0178463 0 0 0 0.161205
0.0179247 0 0 0 0.163338
0.0180034 0 0 0 0.165499
0.0180825 0 0 0 0.167689
0.0181619 0 0 0 0.169908
0.0182417 0 0 0 0.172157
0.0183218 0 0 0 0.174435
0.0184022 0 0 0 0.176743
0.0184831 0 0 0 0.179082
0.0185642 0 0 0 0.181452
0.0186458 0 0 0 0.183853
0.0187276 0 0 0 0.186286
0.0188099 0 0 0 0.188751
0.0188925 0 0 0 0.191248
0.0189755 0 0 0 0.193779
0.0190588 0 0 0 0.196344
0.0191425 0 0 0 0.198942
0.0192266 0 0 0 0.201574
0.019311 0 0 0 0.204242
0.0193958 0 0 0 0.206944
0.019481 0 0 0 0.209683
0.0195665 0 0 0 0.212458
0.0196525 0 0 0 0.215269
0.0197388 0 0 0 0.218118
0.0198255 0 0 0 0.221004
0.0199125 0 0 0 0.223928
0.02 0 0 0 0.226892
0.0200878 0 0 0 0.229894
0.020176 0 0 0 0.232936
0.0202646 0 0 0 0.236019
0.0203536 0 0 0 0.239142
0.020443 0 0 0 0.242306
0.0205328 0 0 0 0.245513
0.020623 0 0 0 0.248762
0.0207135 0 0 0 0.252053
0.0208045 0 0 0 0.255389
0.0208959 0 0 0 0.258768
0.0209876 0 0 0 0.262193
0.0210798 0 0 0 0.265662
0.0211724 0 0 0 0.269178
0.0212654 0 0 0 0.27274
0.0213588 0 0 0 0.276349
0.0214526 0 0 0 0.280006
0.0215468 0 0 0 0.283711
0.0216414 0 0 0 0.287465
0.0217364 0 0 0 0.291269
0.0218319 0 0 0 0.295124
0.0219278 0 0 0 0.299029
0.0220241 0 0 0 0.302986
0.0221208 0 0 0 0.306995
0.0222179 0 0 0 0.311058
0.0223155 0 0 0 0.315174
0.0224135 0 0 0 0.319345
0.0225119 0 0 0 0.32357
0.0226108 0 0 0 0.327852
0.0227101 0 0 0 0.332191
0.0228098 0 0 0 0.336586
0.02291 0 0 0 0.34104
0.0230106 0 0 0 0.345553
0.0231117 0 0 0 0.350126
0.0232132 0 0 0 0.354759
0.0233151 0 0 0 0.359454
0.0234175 0 0 0 0.36421
0.0235204 0 0 0 0.36903
0.0236236 0 0 0 0.373913
0.0237274 0 0 0 0.378861
0.0238316 0 0 0 0.383875
0.0239363 0 0 0 0.388954
0.0240414 0 0 0 0.394101
0.024147 0 0 0 0.399316
0.024253 0 0 0 0.4046
0.0243595 0 0 0 0.409954
0.0244665 0 0 0 0.415379
0.0245739 0 0 0 0.420876
0.0246819 0 0 0 0.426445
0.0247903 0 0 0 0.432089
0.0248991 0 0 0 0.437806
0.0250085 0 0 0 0.4436
0.0251183 0 0 0 0.44947
0.0252286 0 0 0 0.455418
0.0253394 0 0 0 0.461444
0.0254507 0 0 0 0.46755
0.0255625 0 0 0 0.473737
0.0256747 0 0 0 0.480006
0.0257875 0 0 0 0.486358
0.0259007 0 0 0 0.492794
0.0260145 0 0 0 0.499315
0.0261287 0 0 0 0.505922
0.0262435 0 0 0 0.512617
0.0263587 0 0 0 0.519401
0.0264745 0 0 0 0.526274
0.0265907 0 0 0 0.533238
0.0267075 0 0 0 0.540294
0.0268248 0 0 0 0.547444
0.0269426 0 0 0 0.554688
0.0270609 0 0 0 0.562028
0.0271798 0 0 0 0.569465
0.0272991 0 0 0 0.577001
0.027419 0 0 0 0.584637
0.0275394 0 0 0 0.592373
0.0276604 0 0 0 0.600212
0.0277819 0 0 0 0.608154
0.0279039 0 0 0 0.616202
0.0280264 0 0 0 0.624356
0.0281495 0 0 0 0.632618
0.0282731 0 0 0 0.640989
0.0283973 0 0 0 0.649472
0.028522 0 0 0 0.658066
0.0286472 0 0 0 0.666774
0.0287731 0 0 0 0.675597
0.0288994 0 0 0 0.684537
0.0290263 0 0 0 0.693596
0.0291538 0 0 0 0.702774
0.0292818 0 0 0 0.712074
0.0294104 0 0 0 0.721497
0.0295396 0 0 0 0.731044
0.0296693 0 0 0 0.740718
0.0297996 0 0 0 0.75052
0.0299305 0 0 0 0.760451
0.0300619 0 0 0 0.770514
0.030194 0 0 0 0.78071
0.0303266 0 0 0 0.791041
0.0304597 0 0 0 0.801509
0.0305935 0 0 0 0.812115
0.0307279 0 0 0 0.822862
0.0308628 0 0 0 0.833751
0.0309983 0 0 0 0.844784
0.0311345 0 0 0 0.855963
0.0312712 0 0 0 0.867289
0.0314085 0 0 0 0.878766
0.0315465 0 0 0 0.890395
0.031685 0 0 0 0.902177
0.0318242 0 0 0 0.914116
0.0319639 0 0 0 0.926212
0.0321043 0 0 0 0.938468
0.0322453 0 0 0 0.950887
0.0323869 0 0 0 0.96347
0.0325291 0 0 0 0.976219
0.032672 0 0 0 0.989138
0.0328155 0 0 0 1.00223
0.0329596 0 0 0 1.01549
0.0331043 0 0 0 1.02893
0.0332497 0 0 0 1.04254
0.0333957 0 0 0 1.05634
0.0335424 0 0 0 1.07032
0.0336897 0 0 0 1.08448
0.0338377 0 0 0 1.09883
0.0339863 0 0 0 1.11337
0.0341355 0 0 0 1.1281
0.0342854 0 0 0 1.14303
0.034436 0 0 0 1.15816
0.0345872 0 0 0 1.17348
0.0347391 0 0 0 1.18901
0.0348917 0 0 0 1.20475
0.0350449 0 0 0 1.22069
0.0351988 0 0 0 1.23684
0.0353534 0 0 0 1.25321
0.0355087 0 0 0 1.26979
0.0356646 0 0 0 1.2866
0.0358212 0 0 0 1.30362
0.0359785 0 0 0 1.32087
0.0361366 0 0 0 1.33835
0.0362952 0 0 0 1.35606
0.0364546 0 0 0 1.37401
0.0366147 0 0 0 1.39219
0.0367755 0 0 0 1.41061
0.036937 0 0 0 1.42928
0.0370993 0 0 0 1.44819
0.0372622 0 0 0 1.46735
0.0374258 0 0 0 1.48677
0.0375902 0 0 0 1.50645
0.0377553 0 0 0 1.52638
0.0379211 0 0 0 1.54658
0.0380876 0 0 0 1.56704
0.0382549 0 0 0 1.58778
0.0384229 0 0 0 1.60879
0.0385916 0 0 0 1.63008
0.0387611 0 0 0 1.65165
0.0389313 0 0 0 1.67351
0.0391023 0 0 0 1.69565
0.039274 0 0 0 1.71809
0.0394465 0 0 0 1.74083
0.0396197 0 0 0 1.76386
0.0397937 0 0 0 1.7872
0.0399685 0 0 0 1.81085
0.040144 0 0 0 1.83482
0.0403203 0 0 0 1.8591
0.0404974 0 0 0 1.8837
0.0406752 0 0 0 1.90862
0.0408539 0 0 0 1.93388
0.0410333 0 0 0 1.95947
0.0412135 0 0 0 1.9854
0.0413945 0 0 0 2.01167
0.0415763 0 0 0 2.03829
0.0417589 0 0 0 2.06527
0.0419423 0 0 0 2.09259
0.0421264 0 0 0 2.12029
0.0423115 0 0 0 2.14834
0.0424973 0 0 0 2.17677
0.0426839 0 0 0 2.20558
0.0428714 0 0 0 2.23476
0.0430596 0 0 0 2.26434
0.0432487 0 0 0 2.2943
0.0434387 0 0 0 2.32466
0.0436294 0 0 0 2.35542
0.043821 0 0 0 2.38659
0.0440135 0 0 0 2.41817
0.0442068 0 0 0 2.45017
0.0444009 0 0 0 2.48259
0.0445959 0 0 0 2.51545
0.0447918 0 0 0 2.54873
0.0449885 0 0 0 2.58246
0.045186 0 0 0 2.61663
0.0453845 0 0 0 2.65126
0.0455838 0 0 0 2.68634
0.045784 0 0 0 2.72189
0.045985 0 0 0 2.75791
0.046187 0 0 0 2.7944
0.0463898 0 0 0 2.83138
0.0465936 0 0 0 2.86885
0.0467982 0 0 0 2.90681
0.0470037 0 0 0 2.94528
0.0472101 0 0 0 2.98425
0.0474175 0 0 0 3.02374
0.0476257 0 0 0 3.06375
0.0478349 0 0 0 3.1043
0.0480449 0 0 0 3.14538
0.0482559 0 0 0 3.187
0.0484678 0 0 0 3.22917
0.0486807 0 0 0 3.2719
0.0488945 0 0 0 3.3152
0.0491092 0 0 0 3.35907
0.0493249 0 0 0 3.40352
0.0495415 0 0 0 3.44856
0.0497591 0 0 0 3.49419
0.0499776 0 0 0 3.54043
0.0501971 0 0 0 3.58728
0.0504175 0 0 0 3.63475
0.0506389 0 0 0 3.68285
0.0508613 0 0 0 3.73158
0.0510847 0 0 0 3.78096
0.051309 0 0 0 3.83099
0.0515344 0 0 0 3.88169
0.0517607 0 0 0 3.93306
0.051988 0 0 0 3.9851
0.0522163 0 0 0 4.03784
0.0524456 0 0 0 4.09127
0.052676 0 0 0 4.14541
0.0529073 0 0 0 4.20026
0.0531396 0 0 0 4.25584
0.053373 0 0 0 4.31216
0.0536074 0 0 0 4.36922
0.0538428 0 0 0 4.42704
0.0540793 0 0 0 4.48562
0.0543168 0 0 0 4.54498
0.0545553 0 0 0 4.60512
0.0547949 0 0 0 4.66606
0.0550356 0 0 0 4.72781
0.0552772 0 0 0 4.79037
0.05552 0 0 0 4.85376
0.0557638 0 0 0 4.91799
0.0560087 0 0 0 4.98307
0.0562547 0 0 0 5.04901
0.0565017 0 0 0 5.11582
0.0567499 0 0 0 5.18352
0.0569991 0 0 0 5.25211
0.0572494 0 0 0 5.32161
0.0575008 0 0 0 5.39203
0.0577534 0 0 0 5.46339
0.058007 0 0 0 5.53568
0.0582617 0 0 0 5.60893
0.0585176 0 0 0 5.68316
0.0587746 0 0 0 5.75836
0.0590327 0 0 0 5.83456
0.059292 0 0 0 5.91177
0.0595524 0 0 0 5.99
0.0598139 0 0 0 6.06926
0.0600766 0 0 0 6.14958
0.0603404 0 0 0 6.23095
0.0606054 0 0 0 6.31341
0.0608716 0 0 0 6.39695
0.0611389 0 0 0 6.4816
0.0614074 0 0 0 6.56737
0.0616771 0 0 0 6.65428
0.0619479 0 0 0 6.74233
0.06222 0 0 0 6.83155
0.0624932 0 0 0 6.92195
0.0627677 0 0 0 7.01355
0.0630433 0 0 0 7.10636
0.0633202 0 0 0 7.2004
0.0635983 0 0 0 7.29568
0.0638776 0 0 0 7.39222
0.0641581 0 0 0 7.49004
0.0644399 0 0 0 7.58916
0.0647229 0 0 0 7.68958
0.0650071 0 0 0 7.79134
0.0652926 0 0 0 7.89444
0.0655793 0 0 0 7.99891
0.0658673 0 0 0 8.10476
0.0661566 0 0 0 8.212
0.0664471 0 0 0 8.32067
0.0667389 0 0 0 8.43078
0.067032 0 0 0 8.54234
0.0673264 0 0 0 8.65538
0.0676221 0 0 0 8.76992
0.0679191 0 0 0 8.88597
0.0682173 0 0 0 9.00356
0.0685169 0 0 0 9.1227
0.0688178 0 0 0 9.24342
0.06912 0 0 0 9.36574
0.0694236 0 0 0 9.48967
0.0697285 0 0 0 9.61525
0.0700347 0 0 0 9.74248
0.0703423 0 0 0 9.87141
0.0706512 0 0 0 10.002
0.0709615 0 0 0 10.1344
0.0712731 0 0 0 10.2685
0.0715861 0 0 0 10.4044
0.0719005 0 0 0 10.5421
0.0722162 0 0 0 10.6816
0.0725334 0 0 0 10.8229
0.0728519 0 0 0 10.9661
0.0731719 0 0 0 11.1112
0.0734932 0 0 0 11.2583
0.073816 0 0 0 11.4072
0.0741401 0 0 0 11.5582
0.0744657 0 0 0 11.7111
0.0747928 0 0 0 11.8661
0.0751212 0 0 0 12.0231
0.0754511 0 0 0 12.1822
0.0757825 0 0 0 12.3435
0.0761153 0 0 0 12.5068
0.0764496 0 0 0 12.6723
0.0767853 0 0 0 12.84
0.0771225 0 0 0 13.0099
0.0774612 0 0 0 13.182
0.0778014 0 0 0 13.3565
0.0781431 0 0 0 13.5332
0.0784863 0 0 0 13.7123
0.0788309 0 0 0 13.8938
0.0791771 0 0 0 14.0776
0.0795249 0 0 0 14.2639
0.0798741 0 0 0 14.4527
0.0802249 0 0 0 14.6439
0.0805772 0 0 0 14.8377
0.0809311 0 0 0 15.034
0.0812865 0 0 0 15.233
0.0816435 0 0 0 15.4346
0.082002 0 0 0 15.6388
0.0823621 0 0 0 15.8457
0.0827238 0 0 0 16.0554
0.0830871 0 0 0 16.2679
0.083452 0 0 0 16.4832
0.0838185 0 0 0 16.7013
0.0841866 0 0 0 16.9223
0.0845563 0 0 0 17.1462
0.0849277 0 0 0 17.3731
0.0853006 0 0 0 17.603
0.0856753 0 0 0 17.8359
0.0860515 0 0 0 18.072
0.0864294 0 0 0 18.3111
0.086809 0 0 0 18.5534
0.0871902 0 0 0 18.7989
0.0875731 0 0 0 19.0477
0.0879577 0 0 0 19.2998
0.088344 0 0 0 19.5551
0.088732 0 0 0 19.8139
0.0891217 0 0 0 20.0761
0.089513 0 0 0 20.3418
0.0899062 0 0 0 20.611
0.090301 0 0 0 20.8837
0.0906976 0 0 0 21.16
0.0910959 0 0 0 21.4401
0.0914959 0 0 0 21.7238
0.0918977 0 0 0 22.0112
0.0923013 0 0 0 22.3025
0.0927067 0 0 0 22.5976
0.0931138 0 0 0 22.8967
0.0935227 0 0 0 23.1997
0.0939335 0 0 0 23.5067
0.094346 0 0 0 23.8177
0.0947603 0 0 0 24.1329
0.0951765 0 0 0 24.4522
0.0955944 0 0 0 24.7758
0.0960143 0 0 0 25.1037
0.0964359 0 0 0 25.4359
0.0968594 0 0 0 25.7724
0.0972848 0 0 0 26.1135
0.097712 0 0 0 26.459
0.0981412 0 0 0 26.8092
0.0985722 0 0 0 27.1639
0.0990051 0 0 0 27.5234
0.0994399 0 0 0 27.8876
0.0998766 0 0 0 28.2566
0.100315 0 0 0 28.6306
0.100756 0 0 0 29.0094
0.101198 0 0 0 29.3933
0.101643 0 0 0 29.7823
0.102089 0 0 0 30.1764
0.102537 0 0 0 30.5757
0.102988 0 0 0 30.9803
0.10344 0 0 0 31.3902
0.103894 0 0 0 31.8056
0.10435 0 0 0 32.2265
0.104809 0 0 0 32.653
0.105269 0 0 0 33.0851
0.105731 0 0 0 33.5229
0.106196 0 0 0 33.9665
0.106662 0 0 0 34.4159
0.10713 0 0 0 34.8714
0.107601 0 0 0 35.3328
0.108073 0 0 0 35.8004
0.108548 0 0 0 36.2741
0.109025 0 0 0 36.7541
0.109504 0 0 0 37.2405
0.109985 0 0 0 37.7333
0.110468 0 0 0 38.2326
0.110953 0 0 0 38.7385
0.11144 0 0 0 39.2511
0.111929 0 0 0 39.7706
0.112421 0 0 0 40.2968
0.112915 0 0 0 40.8301
0.11341 0 0 0 41.3704
0.113909 0 0 0 41.9178
0.114409 0 0 0 42.4725
0.114911 0 0 0 43.0345
0.115416 0 0 0 43.604
0.115923 0 0 0 44.181
0.116432 0 0 0 44.7657
0.116943 0 0 0 45.358
0.117457 0 0 0 45.9583
0.117973 0 0 0 46.5664
0.118491 0 0 0 47.1826
0.119011 0 0 0 47.807
0.119534 0 0 0 48.4396
0.120059 0 0 0 49.0806
0.120586 0 0 0 49.7301
0.121115 0 0 0 50.3882
0.121647 0 0 0 51.0549
0.122182 0 0 0 51.7305
0.122718 0 0 0 52.4151
0.123257 0 0 0 53.1087
0.123798 0 0 0 53.8115
0.124342 0 0 0 54.5235
0.124888 0 0 0 55.245
0.125437 0 0 0 55.9761
0.125987 0 0 0 56.7168
0.126541 0 0 0 57.4673
0.127096 0 0 0 58.2278
0.127655 0 0 0 58.9983
0.128215 0 0 0 59.779
0.128778 0 0 0 60.5701
0.129344 0 0 0 61.3716
0.129912 0 0 0 62.1837
0.130482 0 0 0 63.0066
0.131055 0 0 0 63.8404
0.131631 0 0 0 64.6851
0.132209 0 0 0 65.5411
0.13279 0 0 0 66.4084
0.133373 0 0 0 67.2872
0.133959 0 0 0 68.1776
0.134547 0 0 0 69.0798
0.135138 0 0 0 69.9939
0.135731 0 0 0 70.9201
0.136327 0 0 0 71.8586
0.136926 0 0 0 72.8095
0.137527 0 0 0 73.773
0.138131 0 0 0 74.7492
0.138738 0 0 0 75.7383
0.139347 0 0 0 76.7406
0.139959 0 0 0 77.7561
0.140574 0 0 0 78.785
0.141191 0 0 0 79.8276
0.141811 0 0 0 80.8839
0.142434 0 0 0 81.9542
0.14306 0 0 0 83.0387
0.143688 0 0 0 84.1376
0.144319 0 0 0 85.251
0.144953 0 0 0 86.3791
0.145589 0 0 0 87.5221
0.146229 0 0 0 88.6803
0.146871 0 0 0 89.8538
0.147516 0 0 0 91.0428
0.148164 0 0 0 92.2476
0.148814 0 0 0 93.4683
0.149468 0 0 0 94.7051
0.150124 0 0 0 95.9583
0.150784 0 0 0 97.2281
0.151446 0 0 0 98.5147
0.152111 0 0 0 99.8184
0.152779 0 0 0 101.139
0.15345 0 0 0 102.478
0.154124 0 0 0 103.834
0.154801 0 0 0 105.208
0.15548 0 0 0 106.6
0.156163 0 0 0 108.011
0.156849 0 0 0 109.44
0.157538 0 0 0 110.888
0.15823 0 0 0 112.355
0.158925 0 0 0 113.842
0.159623 0 0 0 115.349
0.160324 0 0 0 116.875
0.161028 0 0 0 118.422
0.161735 0 0 0 119.989
0.162445 0 0 0 121.576
0.163158 0 0 0 123.185
0.163875 0 0 0 124.815
0.164595 0 0 0 126.467
0.165318 0 0 0 128.141
0.166044 0 0 0 129.836
0.166773 0 0 0 131.554
0.167505 0 0 0 133.295
0.168241 0 0 0 135.059
0.16898 0 0 0 136.846
0.169722 0 0 0 138.657
0.170467 0 0 0 140.492
0.171216 0 0 0 142.351
0.171968 0 0 0 144.235
0.172723 0 0 0 146.143
0.173481 0 0 0 148.077
0.174243 0 0 0 150.037
0.175008 0 0 0 152.022
0.175777 0 0 0 154.034
0.176549 0 0 0 156.072
0.177324 0 0 0 158.138
0.178103 0 0 0 160.23
0.178885 0 0 0 162.35
0.179671 0 0 0 164.499
0.18046 0 0 0 166.676
0.181252 0 0 0 168.881
0.182048 0 0 0 171.116
0.182848 0 0 0 173.38
0.183651 0 0 0 175.675
0.184457 0 0 0 177.999
0.185268 0 0 0 180.355
0.186081 0 0 0 182.741
0.186898 0 0 0 185.16
0.187719 0 0 0 187.61
0.188544 0 0 0 190.092
0.189372 0 0 0 192.608
0.190203 0 0 0 195.157
0.191038 0 0 0 197.739
0.191877 0 0 0 200.356
0.19272 0 0 0 203.007
0.193566 0 0 0 205.693
0.194417 0 0 0 208.415
0.19527 0 0 0 211.173
0.196128 0 0 0 213.968
0.196989 0 0 0 216.799
0.197854 0 0 0 219.668
0.198723 0 0 0 222.575
0.199596 0 0 0 225.52
0.200473 0 0 0 228.504
0.201353 0 0 0 231.528
0.202237 0 0 0 234.592
0.203125 0 0 0 237.696
0.204017 0 0 0 240.842
0.204913 0 0 0 244.029
0.205813 0 0 0 247.258
0.206717 0 0 0 250.53
0.207625 0 0 0 253.845
0.208537 0 0 0 257.204
0.209453 0 0 0 260.608
0.210372 0 0 0 264.056
0.211296 0 0 0 267.55
0.212224 0 0 0 271.091
0.213156 0 0 0 274.678
0.214092 0 0 0 278.313
0.215033 0 0 0 281.996
0.215977 0 0 0 285.728
0.216925 0 0 0 289.509
0.217878 0 0 0 293.34
0.218835 0 0 0 297.221
0.219796 0 0 0 301.154
0.220761 0 0 0 305.14
0.221731 0 0 0 309.177
0.222705 0 0 0 313.269
0.223683 0 0 0 317.414
0.224665 0 0 0 321.614
0.225652 0 0 0 325.87
0.226643 0 0 0 330.183
0.227638 0 0 0 334.552
0.228638 0 0 0 338.979
0.229642 0 0 0 343.465
0.23065 0 0 0 348.01
0.231663 0 0 0 352.615
0.23268 0 0 0 357.281
0.233702 0 0 0 362.009
0.234729 0 0 0 366.799
0.23576 0 0 0 371.653
0.236795 0 0 0 376.571
0.237835 0 0 0 381.554
0.238879 0 0 0 386.603
0.239928 0 0 0 391.719
0.240982 0 0 0 396.903
0.24204 0 0 0 402.155
0.243103 0 0 0 407.476
0.244171 0 0 0 412.868
0.245243 0 0 0 418.332
0.24632 0 0 0 423.868
0.247402 0 0 0 429.477
0.248488 0 0 0 435.16
0.24958 0 0 0 440.918
0.250676 0 0 0 446.753
0.251777 0 0 0 452.665
0.252882 0 0 0 458.655
0.253993 0 0 0 464.724
0.255108 0 0 0 470.874
0.256229 0 0 0 477.105
0.257354 0 0 0 483.418
0.258484 0 0 0 489.815
0.259619 0 0 0 496.297
0.26076 0 0 0 502.864
0.261905 0 0 0 509.519
0.263055 0 0 0 516.261
0.26421 0 0 0 523.093
0.26537 0 0 0 530.015
0.266536 0 0 0 537.028
0.267706 0 0 0 544.135
0.268882 0 0 0 551.335
0.270063 0 0 0 558.631
0.271249 0 0 0 566.023
0.27244 0 0 0 573.513
0.273637 0 0 0 581.102
0.274838 0 0 0 588.792
0.276045 0 0 0 596.583
0.277258 0 0 0 604.478
0.278475 0 0 0 612.477
0.279698 0 0 0 620.582
0.280927 0 0 0 628.794
0.28216 0 0 0 637.115
0.283399 0 0 0 645.545
0.284644 0 0 0 654.088
0.285894 0 0 0 662.743
0.28715 0 0 0 671.513
0.288411 0 0 0 680.399
0.289677 0 0 0 689.403
0.290949 0 0 0 698.526
0.292227 0 0 0 707.769
0.293511 0 0 0 717.135
0.2948 0 0 0 726.625
0.296094 0 0 0 736.24
0.297395 0 0 0 745.983
0.298701 0 0 0 755.854
0.300012 0 0 0 765.856
0.30133 0 0 0 775.991
0.302653 0 0 0 786.259
0.303982 0 0 0 796.664
0.305317 0 0 0 807.206
0.306658 0 0 0 817.888
0.308005 0 0 0 828.711
0.309358 0 0 0 839.677
0.310716 0 0 0 850.788
0.312081 0 0 0 862.047
0.313451 0 0 0 873.454
0.314828 0 0 0 885.012
0.31621 0 0 0 896.724
0.317599 0 0 0 908.59
0.318994 0 0 0 920.613
0.320395 0 0 0 932.795
0.321802 0 0 0 945.139
0.323215 0 0 0 957.646
0.324635 0 0 0 970.318
0.32606 0 0 0 983.158
0.327492 0 0 0 996.168
0.32893 0 0 0 1009.35
0.330375 0 0 0 1022.71
0.331826 0 0 0 1036.24
0.333283 0 0 0 1049.95
0.334747 0 0 0 1063.85
0.336217 0 0 0 1077.92
0.337693 0 0 0 1092.19
0.339176 0 0 0 1106.64
0.340666 0 0 0 1121.29
0.342162 0 0 0 1136.12
0.343665 0 0 0 1151.16
0.345174 0 0 0 1166.39
0.34669 0 0 0 1181.83
0.348212 0 0 0 1197.46
0.349742 0 0 0 1213.31
0.351278 0 0 0 1229.37
0.35282 0 0 0 1245.63
0.35437 0 0 0 1262.12
0.355926 0 0 0 1278.82
0.357489 0 0 0 1295.74
0.359059 0 0 0 1312.89
0.360636 0 0 0 1330.26
0.36222 0 0 0 1347.86
0.36381 0 0 0 1365.7
0.365408 0 0 0 1383.77
0.367013 0 0 0 1402.08
0.368625 0 0 0 1420.64
0.370244 0 0 0 1439.44
0.37187 0 0 0 1458.48
0.373503 0 0 0 1477.78
0.375143 0 0 0 1497.34
0.37679 0 0 0 1517.15
0.378445 0 0 0 1537.23
0.380107 0 0 0 1557.57
0.381776 0 0 0 1578.18
0.383453 0 0 0 1599.07
0.385137 0 0 0 1620.23
0.386828 0 0 0 1641.67
0.388527 0 0 0 1663.39
0.390234 0 0 0 1685.4
0.391947 0 0 0 1707.7
0.393669 0 0 0 1730.3
0.395397 0 0 0 1753.2
0.397134 0 0 0 1776.4
0.398878 0 0 0 1799.91
0.40063 0 0 0 1823.72
0.402389 0 0 0 1847.86
0.404156 0 0 0 1872.31
0.405931 0 0 0 1897.09
0.407714 0 0 0 1922.19
0.409504 0 0 0 1947.63
0.411303 0 0 0 1973.4
0.413109 0 0 0 1999.51
0.414923 0 0 0 2025.97
0.416745 0 0 0 2052.78
0.418576 0 0 0 2079.95
0.420414 0 0 0 2107.47
0.42226 0 0 0 2135.36
0.424115 0 0 0 2163.61
0.425977 0 0 0 2192.24
0.427848 0 0 0 2221.25
0.429727 0 0 0 2250.65
0.431614 0 0 0 2280.43
0.43351 0 0 0 2310.61
0.435413 0 0 0 2341.18
0.437326 0 0 0 2372.16
0.439246 0 0 0 2403.55
0.441175 0 0 0 2435.36
0.443113 0 0 0 2467.59
0.445059 0 0 0 2500.24
0.447013 0 0 0 2533.32
0.448976 0 0 0 2566.85
0.450948 0 0 0 2600.81
0.452928 0 0 0 2635.23
0.454918 0 0 0 2670.1
0.456915 0 0 0 2705.44
0.458922 0 0 0 2741.24
0.460937 0 0 0 2777.51
0.462962 0 0 0 2814.27
0.464995 0 0 0 2851.51
0.467037 0 0 0 2889.24
0.469088 0 0 0 2927.47
0.471148 0 0 0 2966.21
0.473217 0 0 0 3005.46
0.475295 0 0 0 3045.23
0.477383 0 0 0 3085.53
0.479479 0 0 0 3126.36
0.481585 0 0 0 3167.73
0.4837 0 0 0 3209.65
0.485824 0 0 0 3252.12
0.487958 0 0 0 3295.16
0.490101 0 0 0 3338.76
0.492253 0 0 0 3382.94
0.494415 0 0 0 3427.71
0.496586 0 0 0 3473.07
0.498767 0 0 0 3519.03
0.500957 0 0 0 3565.59
0.503157 0 0 0 3612.78
0.505367 0 0 0 3660.58
0.507586 0 0 0 3709.02
0.509816 0 0 0 3758.11
0.512054 0 0 0 3807.84
0.514303 0 0 0 3858.22
0.516562 0 0 0 3909.28
0.51883 0 0 0 3961.01
0.521109 0 0 0 4013.43
0.523397 0 0 0 4066.54
0.525696 0 0 0 4120.35
0.528005 0 0 0 4174.87
0.530323 0 0 0 4230.12
0.532652 0 0 0 4286.09
0.534992 0 0 0 4342.81
0.835224
2000
3.04789e+06
      753571000
8.39596e-05 0 0 0 1.67857e-08
8.43283e-05 0 0 0 1.70079e-08
8.46986e-05 0 0 0 1.72329e-08
8.50706e-05 0 0 0 1.7461e-08
8.54442e-05 0 0 0 1.7692e-08
8.58194e-05 0 0 0 1.79261e-08
8.61963e-05 0 0 0 1.81633e-08
8.65749e-05 0 0 0 1.84037e-08
8.69551e-05 0 0 0 1.86472e-08
8.73369e-05 0 0 0 1.8894e-08
8.77205e-05 0 0 0 1.9144e-08
8.81057e-05 0 0 0 1.93973e-08
8.84927e-05 0 0 0 1.9654e-08
8.88813e-05 0 0 0 1.99141e-08
8.92716e-05 0 0 0 2.01776e-08
8.96637e-05 0 0 0 2.04446e-08
9.00574e-05 0 0 0 2.07152e-08
9.04529e-05 0 0 0 2.09893e-08
9.08502e-05 0 0 0 2.1267e-08
9.12492e-05 0 0 0 2.15485e-08
9.16499e-05 0 0 0 2.18336e-08
9.20524e-05 0 0 0 2.21225e-08
9.24566e-05 0 0 0 2.24153e-08
9.28627e-05 0 0 0 2.27119e-08
9.32705e-05 0 0 0 2.30124e-08
9.36801e-05 0 0 0 2.3317e-08
9.40915e-05 0 0 0 2.36255e-08
9.45047e-05 0 0 0 2.39382e-08
9.49198e-05 0 0 0 2.42549e-08
9.53366e-05 0 0 0 2.45759e-08
9.57553e-05 0 0 0 2.49011e-08
9.61758e-05 0 0 0 2.52306e-08
9.65982e-05 0 0 0 2.55645e-08
9.70224e-05 0 0 0 2.59028e-08
9.74485e-05 0 0 0 2.62455e-08
9.78765e-05 0 0 0 2.65928e-08
9.83063e-05 0 0 0 2.69447e-08
9.8738e-05 0 0 0 2.73013e-08
9.91717e-05 0 0 0 2.76626e-08
9.96072e-05 0 0 0 2.80286e-08
0.000100045 0 0 0 2.83995e-08
0.000100484 0 0 0 2.87753e-08
0.000100925 0 0 0 2.91561e-08
0.000101368 0 0 0 2.95419e-08
0.000101814 0 0 0 2.99329e-08
0.000102261 0 0 0 3.0329e-08
0.00010271 0 0 0 3.07303e-08
0.000103161 0 0 0 3.11369e-08
0.000103614 0 0 0 3.1549e-08
0.000104069 0 0 0 3.19665e-08
0.000104526 0 0 0 3.23895e-08
0.000104985 0 0 0 3.28181e-08
0.000105446 0 0 0 3.32524e-08
0.000105909 0 0 0 3.36924e-08
0.000106374 0 0 0 3.41382e-08
0.000106842 0 0 0 3.459e-08
0.000107311 0 0 0 3.50477e-08
0.000107782 0 0 0 3.55115e-08
0.000108255 0 0 0 3.59814e-08
0.000108731 0 0 0 3.64575e-08
0.000109208 0 0 0 3.694e-08
0.000109688 0 0 0 3.74288e-08
0.00011017 0 0 0 3.79241e-08
0.000110653 0 0 0 3.84259e-08
0.000111139 0 0 0 3.89344e-08
0.000111627 0 0 0 3.94496e-08
0.000112118 0 0 0 3.99717e-08
0.00011261 0 0 0 4.05006e-08
0.000113105 0 0 0 4.10365e-08
0.000113601 0 0 0 4.15796e-08
0.0001141 0 0 0 4.21298e-08
0.000114601 0 0 0 4.26873e-08
0.000115105 0 0 0 4.32522e-08
0.00011561 0 0 0 4.38245e-08
0.000116118 0 0 0 4.44044e-08
0.000116628 0 0 0 4.4992e-08
0.00011714 0 0 0 4.55874e-08
0.000117654 0 0 0 4.61907e-08
0.000118171 0 0 0 4.68019e-08
0.00011869 0 0 0 4.74212e-08
0.000119211 0 0 0 4.80487e-08
0.000119735 0 0 0 4.86846e-08
0.000120261 0 0 0 4.93288e-08
0.000120789 0 0 0 4.99816e-08
0.000121319 0 0 0 5.0643e-08
0.000121852 0 0 0 5.13131e-08
0.000122387 0 0 0 5.19921e-08
0.000122925 0 0 0 5.26801e-08
0.000123464 0 0 0 5.33772e-08
0.000124007 0 0 0 5.40836e-08
0.000124551 0 0 0 5.47993e-08
0.000125098 0 0 0 5.55244e-08
0.000125648 0 0 0 5.62591e-08
0.000126199 0 0 0 5.70036e-08
0.000126754 0 0 0 5.77579e-08
0.00012731 0 0 0 5.85222e-08
0.000127869 0 0 0 5.92967e-08
0.000128431 0 0 0 6.00813e-08
0.000128995 0 0 0 6.08764e-08
0.000129562 0 0 0 6.16819e-08
0.000130131 0 0 0 6.24982e-08
0.000130702 0 0 0 6.33252e-08
0.000131276 0 0 0 6.41632e-08
0.000131853 0 0 0 6.50122e-08
0.000132432 0 0 0 6.58725e-08
0.000133013 0 0 0 6.67442e-08
0.000133597 0 0 0 6.76274e-08
0.000134184 0 0 0 6.85223e-08
0.000134773 0 0 0 6.94291e-08
0.000135365 0 0 0 7.03478e-08
0.00013596 0 0 0 7.12787e-08
0.000136557 0 0 0 7.2222e-08
0.000137156 0 0 0 7.31777e-08
0.000137759 0 0 0 7.4146e-08
0.000138364 0 0 0 7.51272e-08
0.000138971 0 0 0 7.61213e-08
0.000139582 0 0 0 7.71286e-08
0.000140195 0 0 0 7.81493e-08
0.00014081 0 0 0 7.91834e-08
0.000141429 0 0 0 8.02312e-08
0.00014205 0 0 0 8.12929e-08
0.000142674 0 0 0 8.23687e-08
0.0001433 0 0 0 8.34586e-08
0.00014393 0 0 0 8.4563e-08
0.000144562 0 0 0 8.5682e-08
0.000145197 0 0 0 8.68159e-08
0.000145834 0 0 0 8.79647e-08
0.000146475 0 0 0 8.91287e-08
0.000147118 0 0 0 9.03081e-08
0.000147764 0 0 0 9.15032e-08
0.000148413 0 0 0 9.2714e-08
0.000149065 0 0 0 9.39409e-08
0.000149719 0 0 0 9.5184e-08
0.000150377 0 0 0 9.64436e-08
0.000151037 0 0 0 9.77198e-08
0.000151701 0 0 0 9.90129e-08
0.000152367 0 0 0 1.00323e-07
0.000153036 0 0 0 1.01651e-07
0.000153708 0 0 0 1.02996e-07
0.000154383 0 0 0 1.04359e-07
0.000155061 0 0 0 1.0574e-07
0.000155742 0 0 0 1.07139e-07
0.000156426 0 0 0 1.08557e-07
0.000157113 0 0 0 1.09993e-07
0.000157803 0 0 0 1.11449e-07
0.000158496 0 0 0 1.12924e-07
0.000159192 0 0 0 1.14418e-07
0.000159891 0 0 0 1.15932e-07
0.000160593 0 0 0 1.17466e-07
0.000161299 0 0 0 1.1902e-07
0.000162007 0 0 0 1.20595e-07
0.000162718 0 0 0 1.22191e-07
0.000163433 0 0 0 1.23808e-07
0.000164151 0 0 0 1.25447e-07
0.000164872 0 0 0 1.27107e-07
0.000165596 0 0 0 1.28789e-07
0.000166323 0 0 0 1.30493e-07
0.000167053 0 0 0 1.3222e-07
0.000167787 0 0 0 1.33969e-07
0.000168524 0 0 0 1.35742e-07
0.000169264 0 0 0 1.37538e-07
0.000170007 0 0 0 1.39358e-07
0.000170754 0 0 0 1.41202e-07
0.000171504 0 0 0 1.43071e-07
0.000172257 0 0 0 1.44964e-07
0.000173014 0 0 0 1.46882e-07
0.000173773 0 0 0 1.48826e-07
0.000174536 0 0 0 1.50796e-07
0.000175303 0 0 0 1.52791e-07
0.000176073 0 0 0 1.54813e-07
0.000176846 0 0 0 1.56861e-07
0.000177623 0 0 0 1.58937e-07
0.000178403 0 0 0 1.6104e-07
0.000179186 0 0 0 1.63171e-07
0.000179973 0 0 0 1.65331e-07
0.000180764 0 0 0 1.67518e-07
0.000181557 0 0 0 1.69735e-07
0.000182355 0 0 0 1.71981e-07
0.000183156 0 0 0 1.74257e-07
0.00018396 0 0 0 1.76563e-07
0.000184768 0 0 0 1.78899e-07
0.000185579 0 0 0 1.81267e-07
0.000186394 0 0 0 1.83665e-07
0.000187213 0 0 0 1.86096e-07
0.000188035 0 0 0 1.88558e-07
0.000188861 0 0 0 1.91054e-07
0.00018969 0 0 0 1.93582e-07
0.000190523 0 0 0 1.96143e-07
0.00019136 0 0 0 1.98739e-07
0.0001922 0 0 0 2.01369e-07
0.000193044 0 0 0 2.04034e-07
0.000193892 0 0 0 2.06734e-07
0.000194744 0 0 0 2.09469e-07
0.000195599 0 0 0 2.12241e-07
0.000196458 0 0 0 2.1505e-07
0.000197321 0 0 0 2.17895e-07
0.000198187 0 0 0 2.20779e-07
0.000199058 0 0 0 2.237e-07
0.000199932 0 0 0 2.2666e-07
0.00020081 0 0 0 2.2966e-07
0.000201692 0 0 0 2.32699e-07
0.000202578 0 0 0 2.35778e-07
0.000203467 0 0 0 2.38898e-07
0.000204361 0 0 0 2.42059e-07
0.000205258 0 0 0 2.45263e-07
0.00020616 0 0 0 2.48508e-07
0.000207065 0 0 0 2.51797e-07
0.000207974 0 0 0 2.55129e-07
0.000208888 0 0 0 2.58505e-07
0.000209805 0 0 0 2.61925e-07
0.000210726 0 0 0 2.65392e-07
0.000211652 0 0 0 2.68903e-07
0.000212581 0 0 0 2.72462e-07
0.000213515 0 0 0 2.76067e-07
0.000214453 0 0 0 2.7972e-07
0.000215394 0 0 0 2.83422e-07
0.00021634 0 0 0 2.87172e-07
0.00021729 0 0 0 2.90972e-07
0.000218245 0 0 0 2.94823e-07
0.000219203 0 0 0 2.98724e-07
0.000220166 0 0 0 3.02677e-07
0.000221133 0 0 0 3.06682e-07
0.000222104 0 0 0 3.10741e-07
0.000223079 0 0 0 3.14853e-07
0.000224059 0 0 0 3.19019e-07
0.000225043 0 0 0 3.23241e-07
0.000226031 0 0 0 3.27518e-07
0.000227024 0 0 0 3.31852e-07
0.000228021 0 0 0 3.36243e-07
0.000229022 0 0 0 3.40693e-07
0.000230028 0 0 0 3.45201e-07
0.000231038 0 0 0 3.49769e-07
0.000232053 0 0 0 3.54398e-07
0.000233072 0 0 0 3.59087e-07
0.000234096 0 0 0 3.63839e-07
0.000235124 0 0 0 3.68654e-07
0.000236156 0 0 0 3.73532e-07
0.000237193 0 0 0 3.78475e-07
0.000238235 0 0 0 3.83483e-07
0.000239281 0 0 0 3.88558e-07
0.000240332 0 0 0 3.937e-07
0.000241388 0 0 0 3.9891e-07
0.000242448 0 0 0 4.04188e-07
0.000243512 0 0 0 4.09537e-07
0.000244582 0 0 0 4.14956e-07
0.000245656 0 0 0 4.20447e-07
0.000246735 0 0 0 4.26011e-07
0.000247818 0 0 0 4.31648e-07
0.000248907 0 0 0 4.3736e-07
0.00025 0 0 0 4.43148e-07
0.000251098 0 0 0 4.49012e-07
0.0002522 0 0 0 4.54954e-07
0.000253308 0 0 0 4.60974e-07
0.00025442 0 0 0 4.67074e-07
0.000255538 0 0 0 4.73255e-07
0.00025666 0 0 0 4.79517e-07
0.000257787 0 0 0 4.85863e-07
0.000258919 0 0 0 4.92292e-07
0.000260056 0 0 0 4.98806e-07
0.000261198 0 0 0 5.05407e-07
0.000262345 0 0 0 5.12095e-07
0.000263498 0 0 0 5.18871e-07
0.000264655 0 0 0 5.25738e-07
0.000265817 0 0 0 5.32695e-07
0.000266984 0 0 0 5.39744e-07
0.000268157 0 0 0 5.46886e-07
0.000269335 0 0 0 5.54123e-07
0.000270517 0 0 0 5.61456e-07
0.000271705 0 0 0 5.68885e-07
0.000272899 0 0 0 5.76413e-07
0.000274097 0 0 0 5.84041e-07
0.000275301 0 0 0 5.91769e-07
0.00027651 0 0 0 5.996e-07
0.000277724 0 0 0 6.07535e-07
0.000278944 0 0 0 6.15574e-07
0.000280169 0 0 0 6.2372e-07
0.000281399 0 0 0 6.31973e-07
0.000282635 0 0 0 6.40336e-07
0.000283876 0 0 0 6.4881e-07
0.000285123 0 0 0 6.57395e-07
0.000286375 0 0 0 6.66095e-07
0.000287633 0 0 0 6.74909e-07
0.000288896 0 0 0 6.8384e-07
0.000290165 0 0 0 6.92889e-07
0.000291439 0 0 0 7.02058e-07
0.000292719 0 0 0 7.11348e-07
0.000294004 0 0 0 7.20761e-07
0.000295296 0 0 0 7.30299e-07
0.000296592 0 0 0 7.39963e-07
0.000297895 0 0 0 7.49755e-07
0.000299203 0 0 0 7.59676e-07
0.000300517 0 0 0 7.69729e-07
0.000301837 0 0 0 7.79915e-07
0.000303163 0 0 0 7.90235e-07
0.000304494 0 0 0 8.00692e-07
0.000305831 0 0 0 8.11288e-07
0.000307174 0 0 0 8.22023e-07
0.000308523 0 0 0 8.32901e-07
0.000309878 0 0 0 8.43923e-07
0.000311239 0 0 0 8.5509e-07
0.000312606 0 0 0 8.66406e-07
0.000313979 0 0 0 8.77871e-07
0.000315358 0 0 0 8.89488e-07
0.000316743 0 0 0 9.01258e-07
0.000318134 0 0 0 9.13184e-07
0.000319531 0 0 0 9.25268e-07
0.000320934 0 0 0 9.37512e-07
0.000322343 0 0 0 9.49918e-07
0.000323759 0 0 0 9.62488e-07
0.000325181 0 0 0 9.75225e-07
0.000326609 0 0 0 9.8813e-07
0.000328043 0 0 0 1.00121e-06
0.000329484 0 0 0 1.01445e-06
0.000330931 0 0 0 1.02788e-06
0.000332384 0 0 0 1.04148e-06
0.000333844 0 0 0 1.05526e-06
0.00033531 0 0 0 1.06923e-06
0.000336783 0 0 0 1.08338e-06
0.000338262 0 0 0 1.09771e-06
0.000339747 0 0 0 1.11224e-06
0.000341239 0 0 0 1.12696e-06
0.000342738 0 0 0 1.14187e-06
0.000344243 0 0 0 1.15698e-06
0.000345755 0 0 0 1.17229e-06
0.000347273 0 0 0 1.1878e-06
0.000348798 0 0 0 1.20352e-06
0.00035033 0 0 0 1.21945e-06
0.000351869 0 0 0 1.23558e-06
0.000353414 0 0 0 1.25193e-06
0.000354966 0 0 0 1.2685e-06
0.000356525 0 0 0 1.28528e-06
0.000358091 0 0 0 1.30229e-06
0.000359663 0 0 0 1.31953e-06
0.000361243 0 0 0 1.33699e-06
0.000362829 0 0 0 1.35468e-06
0.000364423 0 0 0 1.37261e-06
0.000366023 0 0 0 1.39077e-06
0.00036763 0 0 0 1.40917e-06
0.000369245 0 0 0 1.42782e-06
0.000370867 0 0 0 1.44671e-06
0.000372495 0 0 0 1.46586e-06
0.000374131 0 0 0 1.48526e-06
0.000375774 0 0 0 1.50491e-06
0.000377424 0 0 0 1.52482e-06
0.000379082 0 0 0 1.545e-06
0.000380747 0 0 0 1.56545e-06
0.000382419 0 0 0 1.58616e-06
0.000384098 0 0 0 1.60715e-06
0.000385785 0 0 0 1.62842e-06
0.000387479 0 0 0 1.64997e-06
0.000389181 0 0 0 1.6718e-06
0.00039089 0 0 0 1.69392e-06
0.000392607 0 0 0 1.71634e-06
0.000394331 0 0 0 1.73905e-06
0.000396063 0 0 0 1.76206e-06
0.000397802 0 0 0 1.78538e-06
0.000399549 0 0 0 1.80901e-06
0.000401304 0 0 0 1.83295e-06
0.000403066 0 0 0 1.8572e-06
0.000404836 0 0 0 1.88178e-06
0.000406614 0 0 0 1.90668e-06
0.0004084 0 0 0 1.93191e-06
0.000410193 0 0 0 1.95747e-06
0.000411995 0 0 0 1.98338e-06
0.000413804 0 0 0 2.00962e-06
0.000415621 0 0 0 2.03622e-06
0.000417447 0 0 0 2.06316e-06
0.00041928 0 0 0 2.09046e-06
0.000421121 0 0 0 2.11813e-06
0.000422971 0 0 0 2.14615e-06
0.000424828 0 0 0 2.17455e-06
0.000426694 0 0 0 2.20333e-06
0.000428568 0 0 0 2.23249e-06
0.00043045 0 0 0 2.26203e-06
0.00043234 0 0 0 2.29196e-06
0.000434239 0 0 0 2.32229e-06
0.000436146 0 0 0 2.35302e-06
0.000438061 0 0 0 2.38416e-06
0.000439985 0 0 0 2.41571e-06
0.000441918 0 0 0 2.44767e-06
0.000443858 0 0 0 2.48006e-06
0.000445808 0 0 0 2.51288e-06
0.000447765 0 0 0 2.54614e-06
0.000449732 0 0 0 2.57983e-06
0.000451707 0 0 0 2.61397e-06
0.000453691 0 0 0 2.64856e-06
0.000455683 0 0 0 2.6836e-06
0.000457684 0 0 0 2.71912e-06
0.000459694 0 0 0 2.7551e-06
0.000461713 0 0 0 2.79156e-06
0.000463741 0 0 0 2.8285e-06
0.000465777 0 0 0 2.86593e-06
0.000467823 0 0 0 2.90385e-06
0.000469877 0 0 0 2.94228e-06
0.000471941 0 0 0 2.98121e-06
0.000474013 0 0 0 3.02066e-06
0.000476095 0 0 0 3.06063e-06
0.000478186 0 0 0 3.10113e-06
0.000480286 0 0 0 3.14217e-06
0.000482395 0 0 0 3.18375e-06
0.000484514 0 0 0 3.22588e-06
0.000486642 0 0 0 3.26857e-06
0.000488779 0 0 0 3.31182e-06
0.000490925 0 0 0 3.35565e-06
0.000493081 0 0 0 3.40005e-06
0.000495247 0 0 0 3.44504e-06
0.000497422 0 0 0 3.49063e-06
0.000499606 0 0 0 3.53682e-06
0.0005018 0 0 0 3.58362e-06
0.000504004 0 0 0 3.63105e-06
0.000506217 0 0 0 3.6791e-06
0.00050844 0 0 0 3.72778e-06
0.000510673 0 0 0 3.77711e-06
0.000512916 0 0 0 3.82709e-06
0.000515169 0 0 0 3.87773e-06
0.000517431 0 0 0 3.92905e-06
0.000519703 0 0 0 3.98104e-06
0.000521986 0 0 0 4.03372e-06
0.000524278 0 0 0 4.0871e-06
0.000526581 0 0 0 4.14118e-06
0.000528893 0 0 0 4.19598e-06
0.000531216 0 0 0 4.25151e-06
0.000533549 0 0 0 4.30777e-06
0.000535892 0 0 0 4.36477e-06
0.000538245 0 0 0 4.42253e-06
0.000540609 0 0 0 4.48105e-06
0.000542983 0 0 0 4.54035e-06
0.000545368 0 0 0 4.60043e-06
0.000547763 0 0 0 4.66131e-06
0.000550169 0 0 0 4.72299e-06
0.000552585 0 0 0 4.78549e-06
0.000555011 0 0 0 4.84882e-06
0.000557449 0 0 0 4.91298e-06
0.000559897 0 0 0 4.97799e-06
0.000562356 0 0 0 5.04387e-06
0.000564825 0 0 0 5.11061e-06
0.000567306 0 0 0 5.17824e-06
0.000569797 0 0 0 5.24676e-06
0.0005723 0 0 0 5.31619e-06
0.000574813 0 0 0 5.38654e-06
0.000577337 0 0 0 5.45782e-06
0.000579873 0 0 0 5.53004e-06
0.00058242 0 0 0 5.60322e-06
0.000584977 0 0 0 5.67737e-06
0.000587546 0 0 0 5.75249e-06
0.000590127 0 0 0 5.82862e-06
0.000592718 0 0 0 5.90575e-06
0.000595321 0 0 0 5.9839e-06
0.000597936 0 0 0 6.06308e-06
0.000600562 0 0 0 6.14331e-06
0.000603199 0 0 0 6.22461e-06
0.000605848 0 0 0 6.30697e-06
0.000608509 0 0 0 6.39043e-06
0.000611181 0 0 0 6.475e-06
0.000613865 0 0 0 6.56068e-06
0.000616561 0 0 0 6.6475e-06
0.000619269 0 0 0 6.73546e-06
0.000621988 0 0 0 6.82459e-06
0.00062472 0 0 0 6.9149e-06
0.000627463 0 0 0 7.0064e-06
0.000630219 0 0 0 7.09912e-06
0.000632987 0 0 0 7.19306e-06
0.000635767 0 0 0 7.28825e-06
0.000638559 0 0 0 7.38469e-06
0.000641363 0 0 0 7.48241e-06
0.00064418 0 0 0 7.58143e-06
0.000647009 0 0 0 7.68175e-06
0.00064985 0 0 0 7.7834e-06
0.000652704 0 0 0 7.8864e-06
0.00065557 0 0 0 7.99076e-06
0.000658449 0 0 0 8.0965e-06
0.000661341 0 0 0 8.20364e-06
0.000664246 0 0 0 8.3122e-06
0.000667163 0 0 0 8.42219e-06
0.000670093 0 0 0 8.53364e-06
0.000673035 0 0 0 8.64656e-06
0.000675991 0 0 0 8.76098e-06
0.00067896 0 0 0 8.87692e-06
0.000681942 0 0 0 8.99438e-06
0.000684936 0 0 0 9.1134e-06
0.000687944 0 0 0 9.234e-06
0.000690966 0 0 0 9.35619e-06
0.000694 0 0 0 9.48e-06
0.000697048 0 0 0 9.60545e-06
0.000700109 0 0 0 9.73256e-06
0.000703184 0 0 0 9.86135e-06
0.000706272 0 0 0 9.99184e-06
0.000709374 0 0 0 1.01241e-05
0.000712489 0 0 0 1.0258e-05
0.000715618 0 0 0 1.03938e-05
0.000718761 0 0 0 1.05313e-05
0.000721917 0 0 0 1.06707e-05
0.000725088 0 0 0 1.08119e-05
0.000728272 0 0 0 1.0955e-05
0.00073147 0 0 0 1.10999e-05
0.000734682 0 0 0 1.12468e-05
0.000737909 0 0 0 1.13956e-05
0.00074115 0 0 0 1.15464e-05
0.000744404 0 0 0 1.16992e-05
0.000747674 0 0 0 1.1854e-05
0.000750957 0 0 0 1.20109e-05
0.000754255 0 0 0 1.21698e-05
0.000757567 0 0 0 1.23309e-05
0.000760894 0 0 0 1.2494e-05
0.000764236 0 0 0 1.26594e-05
0.000767592 0 0 0 1.28269e-05
0.000770963 0 0 0 1.29966e-05
0.000774349 0 0 0 1.31686e-05
0.00077775 0 0 0 1.33429e-05
0.000781165 0 0 0 1.35194e-05
0.000784596 0 0 0 1.36983e-05
0.000788042 0 0 0 1.38796e-05
0.000791502 0 0 0 1.40633e-05
0.000794978 0 0 0 1.42494e-05
0.00079847 0 0 0 1.44379e-05
0.000801976 0 0 0 1.4629e-05
0.000805498 0 0 0 1.48226e-05
0.000809036 0 0 0 1.50187e-05
0.000812589 0 0 0 1.52175e-05
0.000816157 0 0 0 1.54188e-05
0.000819742 0 0 0 1.56229e-05
0.000823342 0 0 0 1.58296e-05
0.000826957 0 0 0 1.60391e-05
0.000830589 0 0 0 1.62513e-05
0.000834237 0 0 0 1.64664e-05
0.0008379 0 0 0 1.66843e-05
0.00084158 0 0 0 1.6905e-05
0.000845276 0 0 0 1.71287e-05
0.000848988 0 0 0 1.73554e-05
0.000852717 0 0 0 1.75851e-05
0.000856461 0 0 0 1.78178e-05
0.000860223 0 0 0 1.80536e-05
0.000864001 0 0 0 1.82925e-05
0.000867795 0 0 0 1.85345e-05
0.000871606 0 0 0 1.87798e-05
0.000875434 0 0 0 1.90283e-05
0.000879278 0 0 0 1.92801e-05
0.00088314 0 0 0 1.95352e-05
0.000887018 0 0 0 1.97937e-05
0.000890914 0 0 0 2.00557e-05
0.000894826 0 0 0 2.0321e-05
0.000898756 0 0 0 2.059e-05
0.000902703 0 0 0 2.08624e-05
0.000906667 0 0 0 2.11385e-05
0.000910649 0 0 0 2.14182e-05
0.000914648 0 0 0 2.17016e-05
0.000918665 0 0 0 2.19888e-05
0.0009227 0 0 0 2.22798e-05
0.000926752 0 0 0 2.25746e-05
0.000930822 0 0 0 2.28733e-05
0.00093491 0 0 0 2.3176e-05
0.000939015 0 0 0 2.34827e-05
0.000943139 0 0 0 2.37934e-05
0.000947281 0 0 0 2.41083e-05
0.000951441 0 0 0 2.44273e-05
0.00095562 0 0 0 2.47506e-05
0.000959816 0 0 0 2.50781e-05
0.000964032 0 0 0 2.54099e-05
0.000968265 0 0 0 2.57462e-05
0.000972518 0 0 0 2.60869e-05
0.000976789 0 0 0 2.64321e-05
0.000981078 0 0 0 2.67819e-05
0.000985387 0 0 0 2.71363e-05
0.000989714 0 0 0 2.74954e-05
0.000994061 0 0 0 2.78592e-05
0.000998426 0 0 0 2.82279e-05
0.00100281 0 0 0 2.86014e-05
0.00100721 0 0 0 2.89799e-05
0.00101164 0 0 0 2.93634e-05
0.00101608 0 0 0 2.97519e-05
0.00102054 0 0 0 3.01456e-05
0.00102503 0 0 0 3.05445e-05
0.00102953 0 0 0 3.09487e-05
0.00103405 0 0 0 3.13583e-05
0.00103859 0 0 0 3.17732e-05
0.00104315 0 0 0 3.21937e-05
0.00104773 0 0 0 3.26197e-05
0.00105233 0 0 0 3.30513e-05
0.00105695 0 0 0 3.34887e-05
0.0010616 0 0 0 3.39319e-05
0.00106626 0 0 0 3.43809e-05
0.00107094 0 0 0 3.48358e-05
0.00107564 0 0 0 3.52968e-05
0.00108037 0 0 0 3.57639e-05
0.00108511 0 0 0 3.62371e-05
0.00108988 0 0 0 3.67167e-05
0.00109466 0 0 0 3.72025e-05
0.00109947 0 0 0 3.76948e-05
0.0011043 0 0 0 3.81936e-05
0.00110915 0 0 0 3.86991e-05
0.00111402 0 0 0 3.92112e-05
0.00111891 0 0 0 3.973e-05
0.00112383 0 0 0 4.02558e-05
0.00112876 0 0 0 4.07885e-05
0.00113372 0 0 0 4.13282e-05
0.0011387 0 0 0 4.18751e-05
0.0011437 0 0 0 4.24292e-05
0.00114872 0 0 0 4.29907e-05
0.00115377 0 0 0 4.35596e-05
0.00115883 0 0 0 4.4136e-05
0.00116392 0 0 0 4.47201e-05
0.00116903 0 0 0 4.53118e-05
0.00117417 0 0 0 4.59114e-05
0.00117932 0 0 0 4.6519e-05
0.0011845 0 0 0 4.71346e-05
0.00118971 0 0 0 4.77583e-05
0.00119493 0 0 0 4.83903e-05
0.00120018 0 0 0 4.90306e-05
0.00120545 0 0 0 4.96794e-05
0.00121074 0 0 0 5.03368e-05
0.00121606 0 0 0 5.10029e-05
0.0012214 0 0 0 5.16778e-05
0.00122676 0 0 0 5.23617e-05
0.00123215 0 0 0 5.30546e-05
0.00123756 0 0 0 5.37566e-05
0.001243 0 0 0 5.4468e-05
0.00124846 0 0 0 5.51888e-05
0.00125394 0 0 0 5.59191e-05
0.00125945 0 0 0 5.6659e-05
0.00126498 0 0 0 5.74088e-05
0.00127053 0 0 0 5.81685e-05
0.00127611 0 0 0 5.89382e-05
0.00128172 0 0 0 5.97181e-05
0.00128735 0 0 0 6.05084e-05
0.001293 0 0 0 6.13091e-05
0.00129868 0 0 0 6.21204e-05
0.00130438 0 0 0 6.29424e-05
0.00131011 0 0 0 6.37753e-05
0.00131586 0 0 0 6.46192e-05
0.00132164 0 0 0 6.54743e-05
0.00132745 0 0 0 6.63408e-05
0.00133328 0 0 0 6.72186e-05
0.00133913 43.7736 0.000852881 6 6.81081e-05
0.00134501 0 0 0 6.90094e-05
0.00135092 0 0 0 6.99226e-05
0.00135685 0 0 0 7.08479e-05
0.00136281 0 0 0 7.17854e-05
0.0013688 0 0 0 7.27353e-05
0.00137481 0 0 0 7.36978e-05
0.00138084 0 0 0 7.4673e-05
0.00138691 0 0 0 7.56612e-05
0.001393 0 0 0 7.66624e-05
0.00139912 0 0 0 7.76769e-05
0.00140526 0 0 0 7.87047e-05
0.00141143 0 0 0 7.97462e-05
0.00141763 0 0 0 8.08015e-05
0.00142386 0 0 0 8.18707e-05
0.00143011 0 0 0 8.29541e-05
0.00143639 0 0 0 8.40518e-05
0.0014427 0 0 0 8.51641e-05
0.00144903 0 0 0 8.62911e-05
0.0014554 0 0 0 8.74329e-05
0.00146179 0 0 0 8.85899e-05
0.00146821 0 0 0 8.97622e-05
0.00147466 0 0 0 9.095e-05
0.00148113 0 0 0 9.21536e-05
0.00148764 0 0 0 9.3373e-05
0.00149417 0 0 0 9.46086e-05
0.00150073 0 0 0 9.58606e-05
0.00150732 0 0 0 9.71291e-05
0.00151394 0 0 0 9.84144e-05
0.00152059 0 0 0 9.97167e-05
0.00152727 0 0 0 0.000101036
0.00153398 0 0 0 0.000102373
0.00154071 0 0 0 0.000103728
0.00154748 0 0 0 0.000105101
0.00155428 0 0 0 0.000106491
0.0015611 0 0 0 0.0001079
0.00156796 0 0 0 0.000109328
0.00157484 0 0 0 0.000110775
0.00158176 0 0 0 0.000112241
0.00158871 0 0 0 0.000113726
0.00159568 0 0 0 0.000115231
0.00160269 0 0 0 0.000116756
0.00160973 0 0 0 0.000118301
0.0016168 0 0 0 0.000119866
0.0016239 0 0 0 0.000121453
0.00163103 0 0 0 0.00012306
0.00163819 0 0 0 0.000124688
0.00164539 0 0 0 0.000126338
0.00165261 0 0 0 0.00012801
0.00165987 0 0 0 0.000129704
0.00166716 0 0 0 0.00013142
0.00167448 0 0 0 0.000133159
0.00168184 0 0 0 0.000134921
0.00168922 0 0 0 0.000136707
0.00169664 0 0 0 0.000138516
0.00170409 0 0 0 0.000140349
0.00171158 0 0 0 0.000142206
0.00171909 0 0 0 0.000144088
0.00172664 0 0 0 0.000145995
0.00173422 0 0 0 0.000147926
0.00174184 0 0 0 0.000149884
0.00174949 0 0 0 0.000151867
0.00175717 0 0 0 0.000153877
0.00176489 0 0 0 0.000155913
0.00177264 0 0 0 0.000157976
0.00178043 0 0 0 0.000160067
0.00178824 0 0 0 0.000162185
0.0017961 0 0 0 0.000164331
0.00180399 0 0 0 0.000166506
0.00181191 0 0 0 0.000168709
0.00181987 0 0 0 0.000170942
0.00182786 0 0 0 0.000173204
0.00183589 0 0 0 0.000175496
0.00184395 0 0 0 0.000177818
0.00185205 0 0 0 0.000180171
0.00186018 0 0 0 0.000182555
0.00186835 0 0 0 0.000184971
0.00187655 0 0 0 0.000187419
0.00188479 0 0 0 0.000189899
0.00189307 36.8185 0.000253928 12 0.000192412
0.00190139 0 0 0 0.000194958
0.00190974 0 0 0 0.000197538
0.00191812 0 0 0 0.000200152
0.00192655 0 0 0 0.0002028
0.00193501 0 0 0 0.000205484
0.00194351 0 0 0 0.000208203
0.00195204 0 0 0 0.000210958
0.00196061 0 0 0 0.00021375
0.00196922 0 0 0 0.000216578
0.00197787 0 0 0 0.000219444
0.00198656 0 0 0 0.000222348
0.00199528 0 0 0 0.00022529
0.00200404 0 0 0 0.000228272
0.00201285 0 0 0 0.000231292
0.00202168 0 0 0 0.000234353
0.00203056 0 0 0 0.000237454
0.00203948 0 0 0 0.000240596
0.00204844 0 0 0 0.00024378
0.00205743 0 0 0 0.000247006
0.00206647 0 0 0 0.000250275
0.00207554 0 0 0 0.000253586
0.00208466 0 0 0 0.000256942
0.00209381 0 0 0 0.000260342
0.00210301 0 0 0 0.000263787
0.00211225 0 0 0 0.000267278
0.00212152 0 0 0 0.000270815
0.00213084 0 0 0 0.000274398
0.0021402 0 0 0 0.000278029
0.0021496 0 0 0 0.000281709
0.00215904 0 0 0 0.000285436
0.00216852 0 0 0 0.000289214
0.00217804 0 0 0 0.000293041
0.00218761 0 0 0 0.000296918
0.00219721 0 0 0 0.000300848
0.00220686 0 0 0 0.000304829
0.00221655 0 0 0 0.000308862
0.00222629 0 0 0 0.000312949
0.00223607 0 0 0 0.000317091
0.00224589 0 0 0 0.000321287
0.00225575 0 0 0 0.000325538
0.00226566 0 0 0 0.000329846
0.00227561 0 0 0 0.000334211
0.0022856 0 0 0 0.000338633
0.00229564 0 0 0 0.000343115
0.00230572 0 0 0 0.000347655
0.00231584 0 0 0 0.000352255
0.00232601 40.4339 0.000150333 8 0.000356917
0.00233623 0 0 0 0.00036164
0.00234649 0 0 0 0.000366425
0.00235679 0 0 0 0.000371274
0.00236714 0 0 0 0.000376187
0.00237754 0 0 0 0.000381165
0.00238798 0 0 0 0.000386209
0.00239847 0 0 0 0.00039132
0.002409 0 0 0 0.000396498
0.00241958 0 0 0 0.000401745
0.00243021 0 0 0 0.000407061
0.00244088 0 0 0 0.000412448
0.0024516 0 0 0 0.000417906
0.00246237 0 0 0 0.000423436
0.00247318 0 0 0 0.000429039
0.00248404 0 0 0 0.000434716
0.00249495 0 0 0 0.000440469
0.00250591 0 0 0 0.000446298
0.00251691 0 0 0 0.000452203
0.00252797 0 0 0 0.000458187
0.00253907 0 0 0 0.00046425
0.00255022 0 0 0 0.000470394
0.00256142 0 0 0 0.000476618
0.00257267 0 0 0 0.000482926
0.00258396 0 0 0 0.000489316
0.00259531 0 0 0 0.000495791
0.00260671 0 0 0 0.000502352
0.00261816 0 0 0 0.000508999
0.00262966 0 0 0 0.000515735
0.0026412 0 0 0 0.00052256
0.0026528 0 0 0 0.000529475
0.00266445 0 0 0 0.000536481
0.00267615 99.4666 0.000242823 6 0.00054358
0.00268791 0 0 0 0.000550773
0.00269971 0 0 0 0.000558062
0.00271157 0 0 0 0.000565446
0.00272348 0 0 0 0.000572929
0.00273544 0 0 0 0.00058051
0.00274745 0 0 0 0.000588192
0.00275952 0 0 0 0.000595976
0.00277163 0 0 0 0.000603862
0.00278381 0 0 0 0.000611853
0.00279603 0 0 0 0.000619949
0.00280831 0 0 0 0.000628153
0.00282064 0 0 0 0.000636465
0.00283303 0 0 0 0.000644888
0.00284547 0 0 0 0.000653421
0.00285797 0 0 0 0.000662068
0.00287052 0 0 0 0.000670829
0.00288313 0 0 0 0.000679706
0.00289579 0 0 0 0.000688701
0.00290851 0 0 0 0.000697814
0.00292128 0 0 0 0.000707048
0.00293411 0 0 0 0.000716404
0.00294699 0 0 0 0.000725885
0.00295994 0 0 0 0.00073549
0.00297293 0 0 0 0.000745223
0.00298599 0 0 0 0.000755084
0.0029991 64.8389 0.000112462 24 0.000765076
0.00301228 0 0 0 0.0007752
0.0030255 0 0 0 0.000785458
0.00303879 0 0 0 0.000795852
0.00305214 0 0 0 0.000806384
0.00306554 0 0 0 0.000817054
0.003079 0 0 0 0.000827866
0.00309252 0 0 0 0.000838821
0.00310611 0 0 0 0.000849921
0.00311975 0 0 0 0.000861168
0.00313345 0 0 0 0.000872564
0.00314721 0 0 0 0.000884111
0.00316103 0 0 0 0.00089581
0.00317491 0 0 0 0.000907664
0.00318886 0 0 0 0.000919675
0.00320286 0 0 0 0.000931845
0.00321693 0 0 0 0.000944176
0.00323105 0 0 0 0.00095667
0.00324524 0 0 0 0.00096933
0.00325949 0 0 0 0.000982157
0.00327381 0 0 0 0.000995153
0.00328819 77.37 0.000101824 24 0.00100832
0.00330263 0 0 0 0.00102167
0.00331713 0 0 0 0.00103518
0.0033317 0 0 0 0.00104888
0.00334633 0 0 0 0.00106276
0.00336103 0 0 0 0.00107683
0.00337579 0 0 0 0.00109108
0.00339061 0 0 0 0.00110551
0.0034055 0 0 0 0.00112014
0.00342046 0 0 0 0.00113497
0.00343548 0 0 0 0.00114998
0.00345057 0 0 0 0.0011652
0.00346572 0 0 0 0.00118062
0.00348094 0 0 0 0.00119624
0.00349623 0 0 0 0.00121207
0.00351158 0 0 0 0.00122811
0.003527 0 0 0 0.00124436
0.00354249 0 0 0 0.00126083
0.00355805 0 0 0 0.00127752
0.00357368 0 0 0 0.00129442
0.00358937 0 0 0 0.00131155
0.00360513 0 0 0 0.00132891
0.00362097 0 0 0 0.00134649
0.00363687 0 0 0 0.00136431
0.00365284 0 0 0 0.00138236
0.00366888 0 0 0 0.00140065
0.00368499 0 0 0 0.00141919
0.00370118 0 0 0 0.00143797
0.00371743 0 0 0 0.001457
0.00373376 0 0 0 0.00147628
0.00375015 0 0 0 0.00149581
0.00376662 0 0 0 0.00151561
0.00378317 141.605 0.000122366 12 0.00153566
0.00379978 0 0 0 0.00155598
0.00381647 0 0 0 0.00157657
0.00383323 0 0 0 0.00159744
0.00385006 0 0 0 0.00161858
0.00386697 0 0 0 0.00163999
0.00388395 0 0 0 0.0016617
0.00390101 0 0 0 0.00168368
0.00391814 0 0 0 0.00170596
0.00393535 0 0 0 0.00172854
0.00395263 0 0 0 0.00175141
0.00396999 0 0 0 0.00177459
0.00398742 0 0 0 0.00179807
0.00400494 0 0 0 0.00182187
0.00402252 108.35 7.78894e-05 30 0.00184597
0.00404019 0 0 0 0.0018704
0.00405793 0 0 0 0.00189515
0.00407575 0 0 0 0.00192023
0.00409365 0 0 0 0.00194564
0.00411163 0 0 0 0.00197139
0.00412969 0 0 0 0.00199747
0.00414782 0 0 0 0.00202391
0.00416604 0 0 0 0.00205069
0.00418433 0 0 0 0.00207783
0.00420271 0 0 0 0.00210532
0.00422117 0 0 0 0.00213318
0.00423971 58.3902 3.58491e-05 24 0.00216141
0.00425832 0 0 0 0.00219001
0.00427703 0 0 0 0.00221899
0.00429581 0 0 0 0.00224835
0.00431467 0 0 0 0.00227811
0.00433362 0 0 0 0.00230825
0.00435265 0 0 0 0.0023388
0.00437177 0 0 0 0.00236975
0.00439097 0 0 0 0.0024011
0.00441025 0 0 0 0.00243288
0.00442962 0 0 0 0.00246507
0.00444907 83.0435 4.41207e-05 24 0.00249769
0.00446861 0 0 0 0.00253074
0.00448824 0 0 0 0.00256423
0.00450795 0 0 0 0.00259816
0.00452775 0 0 0 0.00263255
0.00454763 0 0 0 0.00266738
0.0045676 0 0 0 0.00270268
0.00458766 0 0 0 0.00273844
0.00460781 0 0 0 0.00277468
0.00462804 0 0 0 0.0028114
0.00464837 246.117 0.000114653 8 0.0028486
0.00466878 0 0 0 0.0028863
0.00468929 0 0 0 0.00292449
0.00470988 0 0 0 0.00296319
0.00473056 0 0 0 0.0030024
0.00475134 0 0 0 0.00304213
0.00477221 0 0 0 0.00308239
0.00479316 0 0 0 0.00312318
0.00481421 0 0 0 0.0031645
0.00483536 175.461 7.26176e-05 24 0.00320638
0.00485659 0 0 0 0.00324881
0.00487792 0 0 0 0.0032918
0.00489934 0 0 0 0.00333536
0.00492086 0 0 0 0.0033795
0.00494247 0 0 0 0.00342422
0.00496417 0 0 0 0.00346953
0.00498597 0 0 0 0.00351544
0.00500787 166.153 6.19007e-05 48 0.00356196
0.00502986 0 0 0 0.0036091
0.00505195 0 0 0 0.00365685
0.00507414 0 0 0 0.00370525
0.00509642 0 0 0 0.00375428
0.0051188 0 0 0 0.00380396
0.00514128 0 0 0 0.00385429
0.00516386 0 0 0 0.0039053
0.00518654 0 0 0 0.00395698
0.00520932 0 0 0 0.00400934
0.0052322 0 0 0 0.00406239
0.00525517 0 0 0 0.00411615
0.00527825 0 0 0 0.00417062
0.00530143 0 0 0 0.00422581
0.00532472 0 0 0 0.00428173
0.0053481 0 0 0 0.00433839
0.00537159 76.7991 2.31843e-05 6 0.0043958
0.00539518 0 0 0 0.00445396
0.00541887 0 0 0 0.0045129
0.00544267 0 0 0 0.00457262
0.00546657 0 0 0 0.00463313
0.00549058 0 0 0 0.00469444
0.00551469 191.494 5.34242e-05 48 0.00475656
0.00553891 0 0 0 0.0048195
0.00556323 0 0 0 0.00488328
0.00558766 0 0 0 0.0049479
0.0056122 0 0 0 0.00501338
0.00563685 0 0 0 0.00507972
0.00566161 0 0 0 0.00514694
0.00568647 178.562 4.54367e-05 36 0.00521504
0.00571144 0 0 0 0.00528405
0.00573653 0 0 0 0.00535398
0.00576172 0 0 0 0.00542483
0.00578702 0 0 0 0.00549661
0.00581244 0 0 0 0.00556935
0.00583796 312.022 7.33748e-05 24 0.00564305
0.0058636 0 0 0 0.00571772
0.00588935 0 0 0 0.00579338
0.00591521 0 0 0 0.00587005
0.00594119 0 0 0 0.00594772
0.00596728 0 0 0 0.00602643
0.00599349 182.306 3.96194e-05 24 0.00610618
0.00601981 0 0 0 0.00618698
0.00604625 0 0 0 0.00626885
0.0060728 0 0 0 0.0063518
0.00609947 0 0 0 0.00643586
0.00612626 0 0 0 0.00652102
0.00615316 218.042 4.37916e-05 48 0.00660731
0.00618018 0 0 0 0.00669475
0.00620733 0 0 0 0.00678334
0.00623459 0 0 0 0.0068731
0.00626197 0 0 0 0.00696405
0.00628947 293.502 5.51971e-05 24 0.00705621
0.00631709 0 0 0 0.00714958
0.00634483 0 0 0 0.00724419
0.00637269 0 0 0 0.00734005
0.00640068 0 0 0 0.00743718
0.00642879 0 0 0 0.0075356
0.00645702 0 0 0 0.00763531
0.00648538 0 0 0 0.00773635
0.00651386 0 0 0 0.00783872
0.00654247 0 0 0 0.00794245
0.0065712 270.634 4.46266e-05 24 0.00804755
0.00660006 0 0 0 0.00815405
0.00662904 0 0 0 0.00826195
0.00665816 0 0 0 0.00837128
0.0066874 207.344 3.24389e-05 30 0.00848205
0.00671676 0 0 0 0.0085943
0.00674626 0 0 0 0.00870802
0.00677589 0 0 0 0.00882325
0.00680565 0 0 0 0.00894001
0.00683553 216.579 3.17281e-05 72 0.00905831
0.00686555 0 0 0 0.00917818
0.00689571 0 0 0 0.00929964
0.00692599 0 0 0 0.0094227
0.0069564 185.108 2.57286e-05 32 0.00954739
0.00698696 0 0 0 0.00967372
0.00701764 0 0 0 0.00980174
0.00704846 0 0 0 0.00993144
0.00707941 0 0 0 0.0100629
0.0071105 0 0 0 0.010196
0.00714173 0 0 0 0.0103309
0.00717309 0 0 0 0.0104677
0.0072046 223.136 2.79182e-05 72 0.0106062
0.00723624 0 0 0 0.0107465
0.00726801 0 0 0 0.0108887
0.00729993 0 0 0 0.0110328
0.00733199 278.967 3.31157e-05 48 0.0111788
0.00736419 0 0 0 0.0113267
0.00739653 0 0 0 0.0114766
0.00742901 0 0 0 0.0116285
0.00746164 0 0 0 0.0117824
0.00749441 0 0 0 0.0119383
0.00752732 0 0 0 0.0120963
0.00756038 0 0 0 0.0122563
0.00759358 117.585 1.25649e-05 12 0.0124185
0.00762693 0 0 0 0.0125829
0.00766042 0 0 0 0.0127494
0.00769407 300.617 3.0881e-05 48 0.0129181
0.00772786 0 0 0 0.013089
0.00776179 0 0 0 0.0132622
0.00779588 0 0 0 0.0134377
0.00783012 215.439 2.09974e-05 48 0.0136155
0.0078645 0 0 0 0.0137957
0.00789904 0 0 0 0.0139783
0.00793373 265.571 2.48825e-05 48 0.0141632
0.00796857 0 0 0 0.0143507
0.00800357 0 0 0 0.0145406
0.00803872 444.544 4.00406e-05 30 0.014733
0.00807402 0 0 0 0.0149279
0.00810948 0 0 0 0.0151255
0.00814509 253.299 2.19327e-05 24 0.0153256
0.00818086 0 0 0 0.0155284
0.00821679 0 0 0 0.0157339
0.00825288 257.406 2.14263e-05 72 0.0159421
0.00828912 0 0 0 0.0161531
0.00832552 0 0 0 0.0163668
0.00836209 0 0 0 0.0165834
0.00839881 0 0 0 0.0168029
0.00843569 0 0 0 0.0170252
0.00847274 199.948 1.53813e-05 24 0.0172505
0.00850995 0 0 0 0.0174788
0.00854732 0 0 0 0.0177101
0.00858486 302.813 2.23934e-05 96 0.0179444
0.00862256 0 0 0 0.0181819
0.00866043 0 0 0 0.0184225
0.00869846 341.981 2.4312e-05 48 0.0186663
0.00873666 0 0 0 0.0189133
0.00877503 186.217 1.28949e-05 24 0.0191635
0.00881357 0 0 0 0.0194171
0.00885227 0 0 0 0.0196741
0.00889115 293.608 1.95452e-05 24 0.0199344
0.0089302 0 0 0 0.0201982
0.00896941 0 0 0 0.0204655
0.0090088 211.868 1.35584e-05 72 0.0207363
0.00904837 0 0 0 0.0210107
0.00908811 316.321 1.97176e-05 48 0.0212887
0.00912802 0 0 0 0.0215704
0.0091681 0 0 0 0.0218559
0.00920837 0 0 0 0.0221451
0.00924881 0 0 0 0.0224381
0.00928942 324.191 1.89226e-05 8 0.0227351
0.00933022 0 0 0 0.0230359
0.0093712 394.417 2.24242e-05 54 0.0233407
0.00941235 0 0 0 0.0236496
0.00945369 0 0 0 0.0239626
0.0094952 277.791 1.51828e-05 84 0.0242797
0.0095369 0 0 0 0.024601
0.00957879 284.675 1.51553e-05 48 0.0249265
0.00962085 0 0 0 0.0252563
0.0096631 342.154 1.77426e-05 24 0.0255906
0.00970554 0 0 0 0.0259292
0.00974816 300.514 1.5179e-05 72 0.0262723
0.00979097 0 0 0 0.02662
0.00983397 256.184 1.26041e-05 96 0.0269722
0.00987716 0 0 0 0.0273291
0.00992054 0 0 0 0.0276908
0.0099641 0 0 0 0.0280572
0.0100079 0 0 0 0.0284285
0.0100518 283.336 1.30531e-05 48 0.0288047
0.010096 0 0 0 0.0291859
0.0101403 315.979 1.41792e-05 48 0.0295721
0.0101848 0 0 0 0.0299634
0.0102296 625.124 2.73238e-05 24 0.0303599
0.0102745 322.378 1.39069e-05 72 0.0307616
0.0103196 0 0 0 0.0311687
0.0103649 0 0 0 0.0315812
0.0104104 0 0 0 0.0319991
0.0104562 331.022 1.35483e-05 72 0.0324225
0.0105021 0 0 0 0.0328515
0.0105482 267.074 1.06474e-05 96 0.0332863
0.0105945 0 0 0 0.0337267
0.0106411 0 0 0 0.034173
0.0106878 0 0 0 0.0346252
0.0107347 472.729 1.78808e-05 6 0.0350834
0.0107819 0 0 0 0.0355477
0.0108292 469.139 1.72845e-05 96 0.0360181
0.0108768 381.889 1.38862e-05 96 0.0364947
0.0109245 0 0 0 0.0369776
0.0109725 592.1 2.09711e-05 24 0.037467
0.0110207 0 0 0 0.0379628
0.0110691 292.531 1.00921e-05 48 0.0384651
0.0111177 299.173 1.01864e-05 96 0.0389741
0.0111665 0 0 0 0.0394899
0.0112156 261.93 8.68693e-06 48 0.0400124
0.0112648 0 0 0 0.0405419
0.0113143 0 0 0 0.0410784
0.011364 365.644 1.16577e-05 36 0.041622
0.0114139 0 0 0 0.0421728
0.011464 441.593 1.37138e-05 48 0.0427308
0.0115144 304.659 9.33769e-06 120 0.0432963
0.0115649 0 0 0 0.0438692
0.0116157 338.26 1.00985e-05 56 0.0444497
0.0116667 340.4 1.00297e-05 24 0.0450379
0.011718 0 0 0 0.0456339
0.0117694 356.931 1.02438e-05 96 0.0462378
0.0118211 370.17 1.04851e-05 48 0.0468496
0.011873 0 0 0 0.0474696
0.0119252 0 0 0 0.0480977
0.0119776 532.584 1.45021e-05 24 0.0487342
0.0120302 0 0 0 0.0493791
0.012083 356.182 9.44704e-06 102 0.0500325
0.012136 433.144 1.13383e-05 48 0.0506946
0.0121893 485.365 1.25393e-05 72 0.0513654
0.0122429 0 0 0 0.0520452
0.0122966 564.114 1.41956e-05 48 0.0527339
0.0123506 208.927 5.18885e-06 48 0.0534317
0.0124049 450.882 1.10517e-05 120 0.0541387
0.0124594 0 0 0 0.0548551
0.0125141 0 0 0 0.055581
0.012569 532.434 1.2546e-05 24 0.0563165
0.0126242 480.103 1.11652e-05 144 0.0570618
0.0126797 0 0 0 0.0578169
0.0127354 433.023 9.80896e-06 120 0.0585819
0.0127913 334.18 7.47107e-06 48 0.0593571
0.0128475 0 0 0 0.0601426
0.0129039 334.386 7.2817e-06 48 0.0609385
0.0129606 0 0 0 0.0617449
0.0130175 455.139 9.65406e-06 96 0.0625619
0.0130746 0 0 0 0.0633898
0.0131321 283.553 5.85843e-06 24 0.0642286
0.0131897 227.607 4.64112e-06 48 0.0650785
0.0132477 479.259 9.64493e-06 108 0.0659397
0.0133058 0 0 0 0.0668123
0.0133643 512.043 1.00373e-05 72 0.0676964
0.013423 390.691 7.55849e-06 30 0.0685922
0.0134819 511.455 9.76561e-06 168 0.0694999
0.0135411 528.577 9.96073e-06 48 0.0704196
0.0136006 0 0 0 0.0713514
0.0136603 408.43 7.4969e-06 72 0.0722956
0.0137203 501.618 9.08714e-06 96 0.0732523
0.0137806 587.416 1.05025e-05 72 0.0742216
0.0138411 335.933 5.92774e-06 72 0.0752038
0.0139019 366.121 6.37605e-06 32 0.076199
0.0139629 0 0 0 0.0772073
0.0140242 371.744 6.30597e-06 72 0.078229
0.0140858 468.408 7.84194e-06 144 0.0792642
0.0141477 0 0 0 0.0803131
0.0142098 0 0 0 0.0813758
0.0142722 488.006 7.85409e-06 96 0.0824527
0.0143349 548.603 8.71405e-06 96 0.0835438
0.0143979 399.021 6.25531e-06 48 0.0846493
0.0144611 384.812 5.95377e-06 72 0.0857694
0.0145246 468.609 7.15558e-06 120 0.0869044
0.0145884 465.674 7.0179e-06 72 0.0880544
0.0146524 530.617 7.89218e-06 48 0.0892196
0.0147168 347.492 5.10095e-06 78 0.0904002
0.0147814 513.047 7.43283e-06 120 0.0915965
0.0148463 729.653 1.04329e-05 48 0.0928086
0.0149115 0 0 0 0.0940367
0.014977 462.991 6.44824e-06 144 0.0952811
0.0150428 471.341 6.4788e-06 144 0.0965419
0.0151089 0 0 0 0.0978195
0.0151752 727.948 9.74635e-06 12 0.0991139
0.0152419 569.509 7.52545e-06 144 0.100425
0.0153088 502.559 6.55406e-06 168 0.101754
0.015376 554.762 7.14036e-06 48 0.103101
0.0154436 668.74 8.49496e-06 48 0.104465
0.0155114 559.751 7.01762e-06 168 0.105848
0.0155795 0 0 0 0.107248
0.0156479 512.577 6.25944e-06 48 0.108667
0.0157166 473.516 5.70692e-06 192 0.110105
0.0157857 468.562 5.57347e-06 72 0.111562
0.015855 358.098 4.20388e-06 48 0.113039
0.0159246 566.926 6.5685e-06 96 0.114535
0.0159945 642.334 7.34499e-06 48 0.11605
0.0160648 545.517 6.15644e-06 30 0.117586
0.0161353 508.771 5.66675e-06 96 0.119142
0.0162062 473.252 5.20229e-06 192 0.120718
0.0162774 541.972 5.87989e-06 80 0.122316
0.0163489 469.27 5.02466e-06 168 0.123934
0.0164207 583.58 6.16701e-06 120 0.125574
0.0164928 587.971 6.13227e-06 72 0.127236
0.0165652 491.645 5.06067e-06 144 0.12892
0.0166379 538.549 5.47107e-06 96 0.130626
0.016711 550.091 5.51533e-06 96 0.132354
0.0167844 500.795 4.9555e-06 72 0.134106
0.0168581 468.181 4.57227e-06 96 0.13588
0.0169322 609.733 5.87692e-06 24 0.137679
0.0170065 499.907 4.75543e-06 192 0.1395
0.0170812 582.709 5.4707e-06 132 0.141346
0.0171562 581.945 5.39217e-06 96 0.143217
0.0172316 708.771 6.48154e-06 96 0.145112
0.0173072 599.896 5.41426e-06 120 0.147032
0.0173832 334.095 2.97594e-06 48 0.148978
0.0174596 606.174 5.32896e-06 222 0.150949
0.0175363 655.765 5.68963e-06 120 0.152947
0.0176133 598.403 5.12413e-06 192 0.154971
0.0176906 599.668 5.0679e-06 144 0.157021
0.0177683 397.538 3.31578e-06 24 0.159099
0.0178463 441.348 3.63312e-06 144 0.161205
0.0179247 601.535 4.88709e-06 120 0.163338
0.0180034 625.721 5.01719e-06 192 0.165499
0.0180825 671.214 5.31167e-06 144 0.167689
0.0181619 529.727 4.13727e-06 48 0.169908
0.0182417 588.669 4.53756e-06 336 0.172157
0.0183218 695.98 5.29468e-06 48 0.174435
0.0184022 583.851 4.38365e-06 192 0.176743
0.0184831 902.661 6.68881e-06 48 0.179082
0.0185642 773.687 5.65822e-06 8 0.181452
0.0186458 619.36 4.47043e-06 288 0.183853
0.0187276 494.477 3.52243e-06 150 0.186286
0.0188099 724.889 5.09634e-06 120 0.188751
0.0188925 719.206 4.99035e-06 120 0.191248
0.0189755 604.488 4.13958e-06 228 0.193779
0.0190588 587.037 3.96757e-06 168 0.196344
0.0191425 590.752 3.94054e-06 48 0.198942
0.0192266 563.463 3.70942e-06 336 0.201574
0.019311 658.728 4.27994e-06 24 0.204242
0.0193958 598.348 3.83686e-06 336 0.206944
0.019481 567.887 3.59397e-06 144 0.209683
0.0195665 525.122 3.27992e-06 168 0.212458
0.0196525 0 0 0 0.215269
0.0197388 558.311 3.39673e-06 192 0.218118
0.0198255 632.243 3.79629e-06 216 0.221004
0.0199125 596.136 3.53274e-06 192 0.223928
0.02 535.735 3.13334e-06 144 0.226892
0.0200878 558.134 3.22171e-06 198 0.229894
0.020176 637.186 3.62999e-06 216 0.232936
0.0202646 895.866 5.03701e-06 168 0.236019
0.0203536 651.765 3.61669e-06 240 0.239142
0.020443 613.787 3.36146e-06 168 0.242306
0.0205328 643.577 3.47858e-06 264 0.245513
0.020623 665.658 3.55094e-06 216 0.248762
0.0207135 652.714 3.43642e-06 96 0.252053
0.0208045 572.631 2.97542e-06 144 0.255389
0.0208959 518.946 2.66126e-06 308 0.258768
0.0209876 664.849 3.36495e-06 312 0.262193
0.0210798 843.091 4.21134e-06 96 0.265662
0.0211724 625.82 3.08522e-06 288 0.269178
0.0212654 643.102 3.12901e-06 168 0.27274
0.0213588 592.736 2.84629e-06 240 0.276349
0.0214526 689.478 3.26761e-06 198 0.280006
0.0215468 765.757 3.58171e-06 192 0.283711
0.0216414 768.061 3.54557e-06 312 0.287465
0.0217364 640.812 2.91952e-06 168 0.291269
0.0218319 634.141 2.8514e-06 336 0.295124
0.0219278 612.285 2.71717e-06 72 0.299029
0.0220241 663.24 2.90485e-06 456 0.302986
0.0221208 583.69 2.52305e-06 144 0.306995
0.0222179 687.89 2.93463e-06 264 0.311058
0.0223155 662.579 2.78974e-06 336 0.315174
0.0224135 616.89 2.56344e-06 48 0.319345
0.0225119 607.428 2.49116e-06 408 0.32357
0.0226108 636.921 2.578e-06 192 0.327852
0.0227101 644.228 2.57352e-06 180 0.332191
0.0228098 741.291 2.92259e-06 342 0.336586
0.02291 713.981 2.77816e-06 360 0.34104
0.0230106 866.493 3.32756e-06 168 0.345553
0.0231117 695.03 2.63424e-06 384 0.350126
0.0232132 689.729 2.58e-06 344 0.354759
0.0233151 833.884 3.07849e-06 144 0.359454
0.0234175 671.793 2.44771e-06 456 0.36421
0.0235204 740.334 2.66221e-06 312 0.36903
0.0236236 762.512 2.70615e-06 96 0.373913
0.0237274 831.33 2.91185e-06 456 0.378861
0.0238316 702.671 2.42906e-06 264 0.383875
0.0239363 693.024 2.36443e-06 168 0.388954
0.0240414 838.777 2.82432e-06 432 0.394101
0.024147 843.394 2.80278e-06 270 0.399316
0.024253 799.179 2.62116e-06 312 0.4046
0.0243595 731.812 2.36886e-06 456 0.409954
0.0244665 642.105 2.05134e-06 336 0.415379
0.0245739 832.109 2.62362e-06 144 0.420876
0.0246819 723.203 2.25047e-06 372 0.426445
0.0247903 786.96 2.41688e-06 552 0.432089
0.0248991 844.035 2.55832e-06 336 0.437806
0.0250085 644.862 1.92908e-06 288 0.4436
0.0251183 685.58 2.02411e-06 264 0.44947
0.0252286 779.557 2.27151e-06 480 0.455418
0.0253394 668.495 1.92245e-06 312 0.461444
0.0254507 856.209 2.43012e-06 462 0.46755
0.0255625 722.31 2.02331e-06 392 0.473737
0.0256747 674.308 1.86418e-06 144 0.480006
0.0257875 791.271 2.15896e-06 624 0.486358
0.0259007 745.405 2.00725e-06 504 0.492794
0.0260145 847.479 2.25232e-06 480 0.499315
0.0261287 736.222 1.93108e-06 312 0.505922
0.0262435 763.758 1.97714e-06 216 0.512617
0.0263587 909.719 2.32424e-06 408 0.519401
0.0264745 844.815 2.13023e-06 456 0.526274
0.0265907 788.922 1.96331e-06 564 0.533238
0.0267075 773.05 1.89868e-06 384 0.540294
0.0268248 858.893 2.08197e-06 462 0.547444
0.0269426 727.252 1.73985e-06 432 0.554688
0.0270609 814.632 1.92344e-06 432 0.562028
0.0271798 875.593 2.04038e-06 336 0.569465
0.0272991 814.529 1.87329e-06 552 0.577001
0.027419 844.765 1.91746e-06 552 0.584637
0.0275394 927.17 2.07702e-06 240 0.592373
0.0276604 860.638 1.90279e-06 744 0.600212
0.0277819 825 1.80018e-06 408 0.608154
0.0279039 813.17 1.75119e-06 560 0.616202
0.0280264 928.717 1.97391e-06 408 0.624356
0.0281495 869.742 1.82442e-06 510 0.632618
0.0282731 958.753 1.98487e-06 600 0.640989
0.0283973 830.671 1.69725e-06 492 0.649472
0.028522 930.461 1.87631e-06 552 0.658066
0.0286472 900.494 1.79217e-06 504 0.666774
0.0287731 871.824 1.71245e-06 696 0.675597
0.0288994 899.494 1.74372e-06 360 0.684537
0.0290263 850.196 1.62663e-06 720 0.693596
0.0291538 932.991 1.76172e-06 576 0.702774
0.0292818 859.513 1.60178e-06 312 0.712074
0.0294104 913.778 1.68067e-06 576 0.721497
0.0295396 839.623 1.52411e-06 630 0.731044
0.0296693 964.831 1.72852e-06 792 0.740718
0.0297996 936.137 1.65521e-06 480 0.75052
0.0299305 868.876 1.51622e-06 600 0.760451
0.0300619 944.02 1.62583e-06 600 0.770514
0.030194 920.961 1.56541e-06 800 0.78071
0.0303266 1023.21 1.71649e-06 588 0.791041
0.0304597 958.994 1.58775e-06 624 0.801509
0.0305935 906.912 1.48192e-06 672 0.812115
0.0307279 927.94 1.49647e-06 504 0.822862
0.0308628 885.316 1.40909e-06 798 0.833751
0.0309983 1003.62 1.57652e-06 696 0.844784
0.0311345 1044.43 1.6192e-06 456 0.855963
0.0312712 1034.53 1.5829e-06 1008 0.867289
0.0314085 986.349 1.48948e-06 696 0.878766
0.0315465 972.379 1.4492e-06 624 0.890395
0.031685 902.642 1.3277e-06 744 0.902177
0.0318242 1041.65 1.51216e-06 912 0.914116
0.0319639 1054.48 1.51079e-06 744 0.926212
0.0321043 1029.84 1.45622e-06 414 0.938468
0.0322453 1041.04 1.45283e-06 924 0.950887
0.0323869 1102.11 1.51797e-06 888 0.96347
0.0325291 1058.88 1.43937e-06 656 0.976219
0.032672 1085.11 1.45578e-06 960 0.989138
0.0328155 1117.98 1.48028e-06 600 1.00223
0.0329596 1082.2 1.4142e-06 864 1.01549
0.0331043 1109.12 1.43044e-06 792 1.02893
0.0332497 1067.94 1.35934e-06 912 1.04254
0.0333957 1097.48 1.3787e-06 744 1.05634
0.0335424 1166.93 1.4468e-06 723 1.07032
0.0336897 1161.59 1.42137e-06 1116 1.08448
0.0338377 1224.18 1.4784e-06 624 1.09883
0.0339863 1250.18 1.49007e-06 912 1.11337
0.0341355 1181.73 1.39009e-06 1032 1.1281
0.0342854 1256.35 1.45857e-06 828 1.14303
0.034436 1228.73 1.40788e-06 876 1.15816
0.0345872 1258.47 1.42312e-06 816 1.17348
0.0347391 1244.92 1.38941e-06 732 1.18901
0.0348917 1378.65 1.51857e-06 884 1.20475
0.0350449 1236.94 1.34468e-06 960 1.22069
0.0351988 1186.32 1.27281e-06 852 1.23684
0.0353534 1102.45 1.16738e-06 780 1.25321
0.0355087 1285.38 1.3433e-06 720 1.26979
0.0356646 1314.66 1.35597e-06 1044 1.2866
0.0358212 1208.64 1.23033e-06 864 1.30362
0.0359785 1285 1.29098e-06 648 1.32087
0.0361366 1413.17 1.4012e-06 924 1.33835
0.0362952 1335.12 1.30653e-06 912 1.35606
0.0364546 1284 1.24008e-06 792 1.37401
0.0366147 1272.46 1.21289e-06 996 1.39219
0.0367755 1338.29 1.25898e-06 828 1.41061
0.036937 1388.25 1.28892e-06 768 1.42928
0.0370993 1280.61 1.17345e-06 596 1.44819
0.0372622 1363.65 1.23323e-06 1128 1.46735
0.0374258 1451.91 1.2959e-06 840 1.48677
0.0375902 1342.69 1.18276e-06 732 1.50645
0.0377553 1554.7 1.35164e-06 564 1.52638
0.0379211 1440.38 1.2359e-06 924 1.54658
0.0380876 1410.23 1.19422e-06 1080 1.56704
0.0382549 1396.27 1.16696e-06 648 1.58778
0.0384229 1543.81 1.27341e-06 936 1.60879
0.0385916 1627.83 1.32518e-06 480 1.63008
0.0387611 1456.45 1.17019e-06 768 1.65165
0.0389313 1413.77 1.12105e-06 984 1.67351
0.0391023 1665.9 1.30373e-06 972 1.69565
0.039274 1490.44 1.15118e-06 552 1.71809
0.0394465 1741.3 1.32738e-06 908 1.74083
0.0396197 1540.17 1.15872e-06 576 1.76386
0.0397937 1539.68 1.14322e-06 888 1.7872
0.0399685 1549.68 1.13563e-06 768 1.81085
0.040144 1715.02 1.24037e-06 624 1.83482
0.0403203 1541.54 1.10034e-06 744 1.8591
0.0404974 1560.33 1.09921e-06 720 1.8837
0.0406752 1585.13 1.1021e-06 672 1.90862
0.0408539 1583.39 1.08651e-06 816 1.93388
0.0410333 1705.05 1.15472e-06 816 1.95947
0.0412135 1668.25 1.11503e-06 660 1.9854
0.0413945 1743.85 1.15034e-06 648 2.01167
0.0415763 1638.67 1.06685e-06 684 2.03829
0.0417589 1710.03 1.09876e-06 668 2.06527
0.0419423 1634.99 1.03683e-06 624 2.09259
0.0421264 1995.17 1.24871e-06 804 2.12029
0.0423115 1838.87 1.13586e-06 504 2.14834
0.0424973 1579.29 9.62778e-07 504 2.17677
0.0426839 1644.51 9.89444e-07 804 2.20558
0.0428714 1837.86 1.09133e-06 684 2.23476
0.0430596 1745.27 1.02282e-06 624 2.26434
0.0432487 2188.68 1.26593e-06 432 2.2943
0.0434387 1874.34 1.06995e-06 648 2.32466
0.0436294 1983.32 1.11738e-06 660 2.35542
0.043821 2252.49 1.25245e-06 540 2.38659
0.0440135 2257.59 1.23889e-06 540 2.41817
0.0442068 2079.84 1.12644e-06 512 2.45017
0.0444009 2049.23 1.09537e-06 552 2.48259
0.0445959 2522.69 1.33084e-06 516 2.51545
0.0447918 2205.07 1.14809e-06 552 2.54873
0.0449885 2344.83 1.20491e-06 456 2.58246
0.045186 2124.19 1.07727e-06 540 2.61663
0.0453845 2109.37 1.05579e-06 288 2.65126
0.0455838 2467.86 1.21909e-06 552 2.68634
0.045784 2543.55 1.24007e-06 456 2.72189
0.045985 2288.72 1.10126e-06 456 2.75791
0.046187 1996.38 9.48047e-07 288 2.7944
0.0463898 2620.29 1.22808e-06 368 2.83138
0.0465936 2475.21 1.14494e-06 432 2.86885
0.0467982 2205.72 1.00695e-06 288 2.90681
0.0470037 3038.69 1.3691e-06 384 2.94528
0.0472101 2263.11 1.00634e-06 264 2.98425
0.0474175 3190.11 1.40003e-06 375 3.02374
0.0476257 2375.78 1.02903e-06 228 3.06375
0.0478349 2482.9 1.06138e-06 258 3.1043
0.0480449 2383.55 1.0056e-06 270 3.14538
0.0482559 2707.24 1.12725e-06 294 3.187
0.0484678 2597.7 1.06752e-06 144 3.22917
0.0486807 3384.26 1.37258e-06 206 3.2719
0.0488945 2179.2 8.72295e-07 222 3.3152
0.0491092 3036.63 1.19963e-06 228 3.35907
0.0493249 2840.05 1.10732e-06 126 3.40352
0.0495415 2735.07 1.05246e-06 198 3.44856
0.0497591 2773.06 1.05315e-06 240 3.49419
0.0499776 2475.39 9.27819e-07 102 3.54043
0.0501971 3138.14 1.16087e-06 72 3.58728
0.0504175 3131.85 1.14341e-06 198 3.63475
0.0506389 4020.76 1.44877e-06 180 3.68285
0.0508613 5075.32 1.80487e-06 54 3.73158
0.0510847 3153.34 1.10674e-06 128 3.78096
0.051309 3790.33 1.31293e-06 144 3.83099
0.0515344 3131.35 1.0705e-06 54 3.88169
0.0517607 2998.37 1.01165e-06 48 3.93306
0.051988 3050.29 1.01573e-06 162 3.9851
0.0522163 5547.59 1.82319e-06 48 4.03784
0.0524456 4084.05 1.32468e-06 24 4.09127
0.052676 3949.43 1.26428e-06 126 4.14541
0.0529073 6061.35 1.915e-06 72 4.20026
0.0531396 9141.3 2.85035e-06 6 4.25584
0.053373 3056.05 9.40462e-07 56 4.31216
0.0536074 4450.33 1.35165e-06 84 4.36922
0.0538428 5874.31 1.76084e-06 6 4.42704
0.0540793 4135.98 1.22358e-06 24 4.48562
0.0543168 5319.93 1.55328e-06 72 4.54498
0.0545553 4686.04 1.35033e-06 6 4.60512
0.0547949 0 0 0 4.66606
0.0550356 5581.88 1.56674e-06 66 4.72781
0.0552772 0 0 0 4.79037
0.05552 0 0 0 4.85376
0.0557638 6176.52 1.6666e-06 38 4.91799
0.0560087 0 0 0 4.98307
0.0562547 0 0 0 5.04901
0.0565017 13312.4 3.45316e-06 18 5.11582
0.0567499 0 0 0 5.18352
0.0569991 0 0 0 5.25211
0.0572494 7296.19 1.8194e-06 6 5.32161
0.0575008 0 0 0 5.39203
0.0577534 0 0 0 5.46339
0.058007 2143.03 5.13727e-07 1 5.53568
0.0582617 0 0 0 5.60893
0.0585176 0 0 0 5.68316
0.0587746 0 0 0 5.75836
0.0590327 0 0 0 5.83456
0.059292 0 0 0 5.91177
0.0595524 0 0 0 5.99
0.0598139 0 0 0 6.06926
0.0600766 0 0 0 6.14958
0.0603404 0 0 0 6.23095
0.0606054 0 0 0 6.31341
0.0608716 0 0 0 6.39695
0.0611389 0 0 0 6.4816
0.0614074 0 0 0 6.56737
0.0616771 0 0 0 6.65428
0.0619479 0 0 0 6.74233
0.06222 0 0 0 6.83155
0.0624932 0 0 0 6.92195
0.0627677 0 0 0 7.01355
0.0630433 0 0 0 7.10636
0.0633202 0 0 0 7.2004
0.0635983 0 0 0 7.29568
0.0638776 0 0 0 7.39222
0.0641581 0 0 0 7.49004
0.0644399 0 0 0 7.58916
0.0647229 0 0 0 7.68958
0.0650071 0 0 0 7.79134
0.0652926 0 0 0 7.89444
0.0655793 0 0 0 7.99891
0.0658673 0 0 0 8.10476
0.0661566 0 0 0 8.212
0.0664471 0 0 0 8.32067
0.0667389 0 0 0 8.43078
0.067032 0 0 0 8.54234
0.0673264 0 0 0 8.65538
0.0676221 0 0 0 8.76992
0.0679191 0 0 0 8.88597
0.0682173 0 0 0 9.00356
0.0685169 0 0 0 9.1227
0.0688178 0 0 0 9.24342
0.06912 0 0 0 9.36574
0.0694236 0 0 0 9.48967
0.0697285 0 0 0 9.61525
0.0700347 0 0 0 9.74248
0.0703423 0 0 0 9.87141
0.0706512 0 0 0 10.002
0.0709615 0 0 0 10.1344
0.0712731 0 0 0 10.2685
0.0715861 0 0 0 10.4044
0.0719005 0 0 0 10.5421
0.0722162 0 0 0 10.6816
0.0725334 0 0 0 10.8229
0.0728519 0 0 0 10.9661
0.0731719 0 0 0 11.1112
0.0734932 0 0 0 11.2583
0.073816 0 0 0 11.4072
0.0741401 0 0 0 11.5582
0.0744657 0 0 0 11.7111
0.0747928 0 0 0 11.8661
0.0751212 0 0 0 12.0231
0.0754511 0 0 0 12.1822
0.0757825 0 0 0 12.3435
0.0761153 0 0 0 12.5068
0.0764496 0 0 0 12.6723
0.0767853 0 0 0 12.84
0.0771225 0 0 0 13.0099
0.0774612 0 0 0 13.182
0.0778014 0 0 0 13.3565
0.0781431 0 0 0 13.5332
0.0784863 0 0 0 13.7123
0.0788309 0 0 0 13.8938
0.0791771 0 0 0 14.0776
0.0795249 0 0 0 14.2639
0.0798741 0 0 0 14.4527
0.0802249 0 0 0 14.6439
0.0805772 0 0 0 14.8377
0.0809311 0 0 0 15.034
0.0812865 0 0 0 15.233
0.0816435 0 0 0 15.4346
0.082002 0 0 0 15.6388
0.0823621 0 0 0 15.8457
0.0827238 0 0 0 16.0554
0.0830871 0 0 0 16.2679
0.083452 0 0 0 16.4832
0.0838185 0 0 0 16.7013
0.0841866 0 0 0 16.9223
0.0845563 0 0 0 17.1462
0.0849277 0 0 0 17.3731
0.0853006 0 0 0 17.603
0.0856753 0 0 0 17.8359
0.0860515 0 0 0 18.072
0.0864294 0 0 0 18.3111
0.086809 0 0 0 18.5534
0.0871902 0 0 0 18.7989
0.0875731 0 0 0 19.0477
0.0879577 0 0 0 19.2998
0.088344 0 0 0 19.5551
0.088732 0 0 0 19.8139
0.0891217 0 0 0 20.0761
0.089513 0 0 0 20.3418
0.0899062 0 0 0 20.611
0.090301 0 0 0 20.8837
0.0906976 0 0 0 21.16
0.0910959 0 0 0 21.4401
0.0914959 0 0 0 21.7238
0.0918977 0 0 0 22.0112
0.0923013 0 0 0 22.3025
0.0927067 0 0 0 22.5976
0.0931138 0 0 0 22.8967
0.0935227 0 0 0 23.1997
0.0939335 0 0 0 23.5067
0.094346 0 0 0 23.8177
0.0947603 0 0 0 24.1329
0.0951765 0 0 0 24.4522
0.0955944 0 0 0 24.7758
0.0960143 0 0 0 25.1037
0.0964359 0 0 0 25.4359
0.0968594 0 0 0 25.7724
0.0972848 0 0 0 26.1135
0.097712 0 0 0 26.459
0.0981412 0 0 0 26.8092
0.0985722 0 0 0 27.1639
0.0990051 0 0 0 27.5234
0.0994399 0 0 0 27.8876
0.0998766 0 0 0 28.2566
0.100315 0 0 0 28.6306
0.100756 0 0 0 29.0094
0.101198 0 0 0 29.3933
0.101643 0 0 0 29.7823
0.102089 0 0 0 30.1764
0.102537 0 0 0 30.5757
0.102988 0 0 0 30.9803
0.10344 0 0 0 31.3902
0.103894 0 0 0 31.8056
0.10435 0 0 0 32.2265
0.104809 0 0 0 32.653
0.105269 0 0 0 33.0851
0.105731 0 0 0 33.5229
0.106196 0 0 0 33.9665
0.106662 0 0 0 34.4159
0.10713 0 0 0 34.8714
0.107601 0 0 0 35.3328
0.108073 0 0 0 35.8004
0.108548 0 0 0 36.2741
0.109025 0 0 0 36.7541
0.109504 0 0 0 37.2405
0.109985 0 0 0 37.7333
0.110468 0 0 0 38.2326
0.110953 0 0 0 38.7385
0.11144 0 0 0 39.2511
0.111929 0 0 0 39.7706
0.112421 0 0 0 40.2968
0.112915 0 0 0 40.8301
0.11341 0 0 0 41.3704
0.113909 0 0 0 41.9178
0.114409 0 0 0 42.4725
0.114911 0 0 0 43.0345
0.115416 0 0 0 43.604
0.115923 0 0 0 44.181
0.116432 0 0 0 44.7657
0.116943 0 0 0 45.358
0.117457 0 0 0 45.9583
0.117973 0 0 0 46.5664
0.118491 0 0 0 47.1826
0.119011 0 0 0 47.807
0.119534 0 0 0 48.4396
0.120059 0 0 0 49.0806
0.120586 0 0 0 49.7301
0.121115 0 0 0 50.3882
0.121647 0 0 0 51.0549
0.122182 0 0 0 51.7305
0.122718 0 0 0 52.4151
0.123257 0 0 0 53.1087
0.123798 0 0 0 53.8115
0.124342 0 0 0 54.5235
0.124888 0 0 0 55.245
0.125437 0 0 0 55.9761
0.125987 0 0 0 56.7168
0.126541 0 0 0 57.4673
0.127096 0 0 0 58.2278
0.127655 0 0 0 58.9983
0.128215 0 0 0 59.779
0.128778 0 0 0 60.5701
0.129344 0 0 0 61.3716
0.129912 0 0 0 62.1837
0.130482 0 0 0 63.0066
0.131055 0 0 0 63.8404
0.131631 0 0 0 64.6851
0.132209 0 0 0 65.5411
0.13279 0 0 0 66.4084
0.133373 0 0 0 67.2872
0.133959 0 0 0 68.1776
0.134547 0 0 0 69.0798
0.135138 0 0 0 69.9939
0.135731 0 0 0 70.9201
0.136327 0 0 0 71.8586
0.136926 0 0 0 72.8095
0.137527 0 0 0 73.773
0.138131 0 0 0 74.7492
0.138738 0 0 0 75.7383
0.139347 0 0 0 76.7406
0.139959 0 0 0 77.7561
0.140574 0 0 0 78.785
0.141191 0 0 0 79.8276
0.141811 0 0 0 80.8839
0.142434 0 0 0 81.9542
0.14306 0 0 0 83.0387
0.143688 0 0 0 84.1376
0.144319 0 0 0 85.251
0.144953 0 0 0 86.3791
0.145589 0 0 0 87.5221
0.146229 0 0 0 88.6803
0.146871 0 0 0 89.8538
0.147516 0 0 0 91.0428
0.148164 0 0 0 92.2476
0.148814 0 0 0 93.4683
0.149468 0 0 0 94.7051
0.150124 0 0 0 95.9583
0.150784 0 0 0 97.2281
0.151446 0 0 0 98.5147
0.152111 0 0 0 99.8184
0.152779 0 0 0 101.139
0.15345 0 0 0 102.478
0.154124 0 0 0 103.834
0.154801 0 0 0 105.208
0.15548 0 0 0 106.6
0.156163 0 0 0 108.011
0.156849 0 0 0 109.44
0.157538 0 0 0 110.888
0.15823 0 0 0 112.355
0.158925 0 0 0 113.842
0.159623 0 0 0 115.349
0.160324 0 0 0 116.875
0.161028 0 0 0 118.422
0.161735 0 0 0 119.989
0.162445 0 0 0 121.576
0.163158 0 0 0 123.185
0.163875 0 0 0 124.815
0.164595 0 0 0 126.467
0.165318 0 0 0 128.141
0.166044 0 0 0 129.836
0.166773 0 0 0 131.554
0.167505 0 0 0 133.295
0.168241 0 0 0 135.059
0.16898 0 0 0 136.846
0.169722 0 0 0 138.657
0.170467 0 0 0 140.492
0.171216 0 0 0 142.351
0.171968 0 0 0 144.235
0.172723 0 0 0 146.143
0.173481 0 0 0 148.077
0.174243 0 0 0 150.037
0.175008 0 0 0 152.022
0.175777 0 0 0 154.034
0.176549 0 0 0 156.072
0.177324 0 0 0 158.138
0.178103 0 0 0 160.23
0.178885 0 0 0 162.35
0.179671 0 0 0 164.499
0.18046 0 0 0 166.676
0.181252 0 0 0 168.881
0.182048 0 0 0 171.116
0.182848 0 0 0 173.38
0.183651 0 0 0 175.675
0.184457 0 0 0 177.999
0.185268 0 0 0 180.355
0.186081 0 0 0 182.741
0.186898 0 0 0 185.16
0.187719 0 0 0 187.61
0.188544 0 0 0 190.092
0.189372 0 0 0 192.608
0.190203 0 0 0 195.157
0.191038 0 0 0 197.739
0.191877 0 0 0 200.356
0.19272 0 0 0 203.007
0.193566 0 0 0 205.693
0.194417 0 0 0 208.415
0.19527 0 0 0 211.173
0.196128 0 0 0 213.968
0.196989 0 0 0 216.799
0.197854 0 0 0 219.668
0.198723 0 0 0 222.575
0.199596 0 0 0 225.52
0.200473 0 0 0 228.504
0.201353 0 0 0 231.528
0.202237 0 0 0 234.592
0.203125 0 0 0 237.696
0.204017 0 0 0 240.842
0.204913 0 0 0 244.029
0.205813 0 0 0 247.258
0.206717 0 0 0 250.53
0.207625 0 0 0 253.845
0.208537 0 0 0 257.204
0.209453 0 0 0 260.608
0.210372 0 0 0 264.056
0.211296 0 0 0 267.55
0.212224 0 0 0 271.091
0.213156 0 0 0 274.678
0.214092 0 0 0 278.313
0.215033 0 0 0 281.996
0.215977 0 0 0 285.728
0.216925 0 0 0 289.509
0.217878 0 0 0 293.34
0.218835 0 0 0 297.221
0.219796 0 0 0 301.154
0.220761 0 0 0 305.14
0.221731 0 0 0 309.177
0.222705 0 0 0 313.269
0.223683 0 0 0 317.414
0.224665 0 0 0 321.614
0.225652 0 0 0 325.87
0.226643 0 0 0 330.183
0.227638 0 0 0 334.552
0.228638 0 0 0 338.979
0.229642 0 0 0 343.465
0.23065 0 0 0 348.01
0.231663 0 0 0 352.615
0.23268 0 0 0 357.281
0.233702 0 0 0 362.009
0.234729 0 0 0 366.799
0.23576 0 0 0 371.653
0.236795 0 0 0 376.571
0.237835 0 0 0 381.554
0.238879 0 0 0 386.603
0.239928 0 0 0 391.719
0.240982 0 0 0 396.903
0.24204 0 0 0 402.155
0.243103 0 0 0 407.476
0.244171 0 0 0 412.868
0.245243 0 0 0 418.332
0.24632 0 0 0 423.868
0.247402 0 0 0 429.477
0.248488 0 0 0 435.16
0.24958 0 0 0 440.918
0.250676 0 0 0 446.753
0.251777 0 0 0 452.665
0.252882 0 0 0 458.655
0.253993 0 0 0 464.724
0.255108 0 0 0 470.874
0.256229 0 0 0 477.105
0.257354 0 0 0 483.418
0.258484 0 0 0 489.815
0.259619 0 0 0 496.297
0.26076 0 0 0 502.864
0.261905 0 0 0 509.519
0.263055 0 0 0 516.261
0.26421 0 0 0 523.093
0.26537 0 0 0 530.015
0.266536 0 0 0 537.028
0.267706 0 0 0 544.135
0.268882 0 0 0 551.335
0.270063 0 0 0 558.631
0.271249 0 0 0 566.023
0.27244 0 0 0 573.513
0.273637 0 0 0 581.102
0.274838 0 0 0 588.792
0.276045 0 0 0 596.583
0.277258 0 0 0 604.478
0.278475 0 0 0 612.477
0.279698 0 0 0 620.582
0.280927 0 0 0 628.794
0.28216 0 0 0 637.115
0.283399 0 0 0 645.545
0.284644 0 0 0 654.088
0.285894 0 0 0 662.743
0.28715 0 0 0 671.513
0.288411 0 0 0 680.399
0.289677 0 0 0 689.403
0.290949 0 0 0 698.526
0.292227 0 0 0 707.769
0.293511 0 0 0 717.135
0.2948 0 0 0 726.625
0.296094 0 0 0 736.24
0.297395 0 0 0 745.983
0.298701 0 0 0 755.854
0.300012 0 0 0 765.856
0.30133 0 0 0 775.991
0.302653 0 0 0 786.259
0.303982 0 0 0 796.664
0.305317 0 0 0 807.206
0.306658 0 0 0 817.888
0.308005 0 0 0 828.711
0.309358 0 0 0 839.677
0.310716 0 0 0 850.788
0.312081 0 0 0 862.047
0.313451 0 0 0 873.454
0.314828 0 0 0 885.012
0.31621 0 0 0 896.724
0.317599 0 0 0 908.59
0.318994 0 0 0 920.613
0.320395 0 0 0 932.795
0.321802 0 0 0 945.139
0.323215 0 0 0 957.646
0.324635 0 0 0 970.318
0.32606 0 0 0 983.158
0.327492 0 0 0 996.168
0.32893 0 0 0 1009.35
0.330375 0 0 0 1022.71
0.331826 0 0 0 1036.24
0.333283 0 0 0 1049.95
0.334747 0 0 0 1063.85
0.336217 0 0 0 1077.92
0.337693 0 0 0 1092.19
0.339176 0 0 0 1106.64
0.340666 0 0 0 1121.29
0.342162 0 0 0 1136.12
0.343665 0 0 0 1151.16
0.345174 0 0 0 1166.39
0.34669 0 0 0 1181.83
0.348212 0 0 0 1197.46
0.349742 0 0 0 1213.31
0.351278 0 0 0 1229.37
0.35282 0 0 0 1245.63
0.35437 0 0 0 1262.12
0.355926 0 0 0 1278.82
0.357489 0 0 0 1295.74
0.359059 0 0 0 1312.89
0.360636 0 0 0 1330.26
0.36222 0 0 0 1347.86
0.36381 0 0 0 1365.7
0.365408 0 0 0 1383.77
0.367013 0 0 0 1402.08
0.368625 0 0 0 1420.64
0.370244 0 0 0 1439.44
0.37187 0 0 0 1458.48
0.373503 0 0 0 1477.78
0.375143 0 0 0 1497.34
0.37679 0 0 0 1517.15
0.378445 0 0 0 1537.23
0.380107 0 0 0 1557.57
0.381776 0 0 0 1578.18
0.383453 0 0 0 1599.07
0.385137 0 0 0 1620.23
0.386828 0 0 0 1641.67
0.388527 0 0 0 1663.39
0.390234 0 0 0 1685.4
0.391947 0 0 0 1707.7
0.393669 0 0 0 1730.3
0.395397 0 0 0 1753.2
0.397134 0 0 0 1776.4
0.398878 0 0 0 1799.91
0.40063 0 0 0 1823.72
0.402389 0 0 0 1847.86
0.404156 0 0 0 1872.31
0.405931 0 0 0 1897.09
0.407714 0 0 0 1922.19
0.409504 0 0 0 1947.63
0.411303 0 0 0 1973.4
0.413109 0 0 0 1999.51
0.414923 0 0 0 2025.97
0.416745 0 0 0 2052.78
0.418576 0 0 0 2079.95
0.420414 0 0 0 2107.47
0.42226 0 0 0 2135.36
0.424115 0 0 0 2163.61
0.425977 0 0 0 2192.24
0.427848 0 0 0 2221.25
0.429727 0 0 0 2250.65
0.431614 0 0 0 2280.43
0.43351 0 0 0 2310.61
0.435413 0 0 0 2341.18
0.437326 0 0 0 2372.16
0.439246 0 0 0 2403.55
0.441175 0 0 0 2435.36
0.443113 0 0 0 2467.59
0.445059 0 0 0 2500.24
0.447013 0 0 0 2533.32
0.448976 0 0 0 2566.85
0.450948 0 0 0 2600.81
0.452928 0 0 0 2635.23
0.454918 0 0 0 2670.1
0.456915 0 0 0 2705.44
0.458922 0 0 0 2741.24
0.460937 0 0 0 2777.51
0.462962 0 0 0 2814.27
0.464995 0 0 0 2851.51
0.467037 0 0 0 2889.24
0.469088 0 0 0 2927.47
0.471148 0 0 0 2966.21
0.473217 0 0 0 3005.46
0.475295 0 0 0 3045.23
0.477383 0 0 0 3085.53
0.479479 0 0 0 3126.36
0.481585 0 0 0 3167.73
0.4837 0 0 0 3209.65
0.485824 0 0 0 3252.12
0.487958 0 0 0 3295.16
0.490101 0 0 0 3338.76
0.492253 0 0 0 3382.94
0.494415 0 0 0 3427.71
0.496586 0 0 0 3473.07
0.498767 0 0 0 3519.03
0.500957 0 0 0 3565.59
0.503157 0 0 0 3612.78
0.505367 0 0 0 3660.58
0.507586 0 0 0 3709.02
0.509816 0 0 0 3758.11
0.512054 0 0 0 3807.84
0.514303 0 0 0 3858.22
0.516562 0 0 0 3909.28
0.51883 0 0 0 3961.01
0.521109 0 0 0 4013.43
0.523397 0 0 0 4066.54
0.525696 0 0 0 4120.35
0.528005 0 0 0 4174.87
0.530323 0 0 0 4230.12
0.532652 0 0 0 4286.09
0.534992 0 0 0 4342.81
0.835224
2000
3.04789e+06
      753571000
8.39596e-05 0 0 0 1.67857e-08
8.43283e-05 0 0 0 1.70079e-08
8.46986e-05 0 0 0 1.72329e-08
8.50706e-05 0 0 0 1.7461e-08
8.54442e-05 0 0 0 1.7692e-08
8.58194e-05 0 0 0 1.79261e-08
8.61963e-05 0 0 0 1.81633e-08
8.65749e-05 0 0 0 1.84037e-08
8.69551e-05 0 0 0 1.86472e-08
8.73369e-05 0 0 0 1.8894e-08
8.77205e-05 0 0 0 1.9144e-08
8.81057e-05 0 0 0 1.93973e-08
8.84927e-05 0 0 0 1.9654e-08
8.88813e-05 0 0 0 1.99141e-08
8.92716e-05 0 0 0 2.01776e-08
8.96637e-05 0 0 0 2.04446e-08
9.00574e-05 0 0 0 2.07152e-08
9.04529e-05 0 0 0 2.09893e-08
9.08502e-05 0 0 0 2.1267e-08
9.12492e-05 0 0 0 2.15485e-08
9.16499e-05 0 0 0 2.18336e-08
9.20524e-05 0 0 0 2.21225e-08
9.24566e-05 0 0 0 2.24153e-08
9.28627e-05 0 0 0 2.27119e-08
9.32705e-05 0 0 0 2.30124e-08
9.36801e-05 0 0 0 2.3317e-08
9.40915e-05 0 0 0 2.36255e-08
9.45047e-05 0 0 0 2.39382e-08
9.49198e-05 0 0 0 2.42549e-08
9.53366e-05 0 0 0 2.45759e-08
9.57553e-05 0 0 0 2.49011e-08
9.61758e-05 0 0 0 2.52306e-08
9.65982e-05 0 0 0 2.55645e-08
9.70224e-05 0 0 0 2.59028e-08
9.74485e-05 0 0 0 2.62455e-08
9.78765e-05 0 0 0 2.65928e-08
9.83063e-05 0 0 0 2.69447e-08
9.8738e-05 0 0 0 2.73013e-08
9.91717e-05 0 0 0 2.76626e-08
9.96072e-05 0 0 0 2.80286e-08
0.000100045 0 0 0 2.83995e-08
0.000100484 0 0 0 2.87753e-08
0.000100925 0 0 0 2.91561e-08
0.000101368 0 0 0 2.95419e-08
0.000101814 0 0 0 2.99329e-08
0.000102261 0 0 0 3.0329e-08
0.00010271 0 0 0 3.07303e-08
0.000103161 0 0 0 3.11369e-08
0.000103614 0 0 0 3.1549e-08
0.000104069 0 0 0 3.19665e-08
0.000104526 0 0 0 3.23895e-08
0.000104985 0 0 0 3.28181e-08
0.000105446 0 0 0 3.32524e-08
0.000105909 0 0 0 3.36924e-08
0.000106374 0 0 0 3.41382e-08
0.000106842 0 0 0 3.459e-08
0.000107311 0 0 0 3.50477e-08
0.000107782 0 0 0 3.55115e-08
0.000108255 0 0 0 3.59814e-08
0.000108731 0 0 0 3.64575e-08
0.000109208 0 0 0 3.694e-08
0.000109688 0 0 0 3.74288e-08
0.00011017 0 0 0 3.79241e-08
0.000110653 0 0 0 3.84259e-08
0.000111139 0 0 0 3.89344e-08
0.000111627 0 0 0 3.94496e-08
0.000112118 0 0 0 3.99717e-08
0.00011261 0 0 0 4.05006e-08
0.000113105 0 0 0 4.10365e-08
0.000113601 0 0 0 4.15796e-08
0.0001141 0 0 0 4.21298e-08
0.000114601 0 0 0 4.26873e-08
0.000115105 0 0 0 4.32522e-08
0.00011561 0 0 0 4.38245e-08
0.000116118 0 0 0 4.44044e-08
0.000116628 0 0 0 4.4992e-08
0.00011714 0 0 0 4.55874e-08
0.000117654 0 0 0 4.61907e-08
0.000118171 0 0 0 4.68019e-08
0.00011869 0 0 0 4.74212e-08
0.000119211 0 0 0 4.80487e-08
0.000119735 0 0 0 4.86846e-08
0.000120261 0 0 0 4.93288e-08
0.000120789 0 0 0 4.99816e-08
0.000121319 0 0 0 5.0643e-08
0.000121852 0 0 0 5.13131e-08
0.000122387 0 0 0 5.19921e-08
0.000122925 0 0 0 5.26801e-08
0.000123464 0 0 0 5.33772e-08
0.000124007 0 0 0 5.40836e-08
0.000124551 0 0 0 5.47993e-08
0.000125098 0 0 0 5.55244e-08
0.000125648 0 0 0 5.62591e-08
0.000126199 0 0 0 5.70036e-08
0.000126754 0 0 0 5.77579e-08
0.00012731 0 0 0 5.85222e-08
0.000127869 0 0 0 5.92967e-08
0.000128431 0 0 0 6.00813e-08
0.000128995 0 0 0 6.08764e-08
0.000129562 0 0 0 6.16819e-08
0.000130131 0 0 0 6.24982e-08
0.000130702 0 0 0 6.33252e-08
0.000131276 0 0 0 6.41632e-08
0.000131853 0 0 0 6.50122e-08
0.000132432 0 0 0 6.58725e-08
0.000133013 0 0 0 6.67442e-08
0.000133597 0 0 0 6.76274e-08
0.000134184 0 0 0 6.85223e-08
0.000134773 0 0 0 6.94291e-08
0.000135365 0 0 0 7.03478e-08
0.00013596 0 0 0 7.12787e-08
0.000136557 0 0 0 7.2222e-08
0.000137156 0 0 0 7.31777e-08
0.000137759 0 0 0 7.4146e-08
0.000138364 0 0 0 7.51272e-08
0.000138971 0 0 0 7.61213e-08
0.000139582 0 0 0 7.71286e-08
0.000140195 0 0 0 7.81493e-08
0.00014081 0 0 0 7.91834e-08
0.000141429 0 0 0 8.02312e-08
0.00014205 0 0 0 8.12929e-08
0.000142674 0 0 0 8.23687e-08
0.0001433 0 0 0 8.34586e-08
0.00014393 0 0 0 8.4563e-08
0.000144562 0 0 0 8.5682e-08
0.000145197 0 0 0 8.68159e-08
0.000145834 0 0 0 8.79647e-08
0.000146475 0 0 0 8.91287e-08
0.000147118 0 0 0 9.03081e-08
0.000147764 0 0 0 9.15032e-08
0.000148413 0 0 0 9.2714e-08
0.000149065 0 0 0 9.39409e-08
0.000149719 0 0 0 9.5184e-08
0.000150377 0 0 0 9.64436e-08
0.000151037 0 0 0 9.77198e-08
0.000151701 0 0 0 9.90129e-08
0.000152367 0 0 0 1.00323e-07
0.000153036 0 0 0 1.01651e-07
0.000153708 0 0 0 1.02996e-07
0.000154383 0 0 0 1.04359e-07
0.000155061 0 0 0 1.0574e-07
0.000155742 0 0 0 1.07139e-07
0.000156426 0 0 0 1.08557e-07
0.000157113 0 0 0 1.09993e-07
0.000157803 0 0 0 1.11449e-07
0.000158496 0 0 0 1.12924e-07
0.000159192 0 0 0 1.14418e-07
0.000159891 0 0 0 1.15932e-07
0.000160593 0 0 0 1.17466e-07
0.000161299 0 0 0 1.1902e-07
0.000162007 0 0 0 1.20595e-07
0.000162718 0 0 0 1.22191e-07
0.000163433 0 0 0 1.23808e-07
0.000164151 0 0 0 1.25447e-07
0.000164872 0 0 0 1.27107e-07
0.000165596 0 0 0 1.28789e-07
0.000166323 0 0 0 1.30493e-07
0.000167053 0 0 0 1.3222e-07
0.000167787 0 0 0 1.33969e-07
0.000168524 0 0 0 1.35742e-07
0.000169264 0 0 0 1.37538e-07
0.000170007 0 0 0 1.39358e-07
0.000170754 0 0 0 1.41202e-07
0.000171504 0 0 0 1.43071e-07
0.000172257 0 0 0 1.44964e-07
0.000173014 0 0 0 1.46882e-07
0.000173773 0 0 0 1.48826e-07
0.000174536 0 0 0 1.50796e-07
0.000175303 0 0 0 1.52791e-07
0.000176073 0 0 0 1.54813e-07
0.000176846 0 0 0 1.56861e-07
0.000177623 0 0 0 1.58937e-07
0.000178403 0 0 0 1.6104e-07
0.000179186 0 0 0 1.63171e-07
0.000179973 0 0 0 1.65331e-07
0.000180764 0 0 0 1.67518e-07
0.000181557 0 0 0 1.69735e-07
0.000182355 0 0 0 1.71981e-07
0.000183156 0 0 0 1.74257e-07
0.00018396 0 0 0 1.76563e-07
0.000184768 0 0 0 1.78899e-07
0.000185579 0 0 0 1.81267e-07
0.000186394 0 0 0 1.83665e-07
0.000187213 0 0 0 1.86096e-07
0.000188035 0 0 0 1.88558e-07
0.000188861 0 0 0 1.91054e-07
0.00018969 0 0 0 1.93582e-07
0.000190523 0 0 0 1.96143e-07
0.00019136 0 0 0 1.98739e-07
0.0001922 0 0 0 2.01369e-07
0.000193044 0 0 0 2.04034e-07
0.000193892 0 0 0 2.06734e-07
0.000194744 0 0 0 2.09469e-07
0.000195599 0 0 0 2.12241e-07
0.000196458 0 0 0 2.1505e-07
0.000197321 0 0 0 2.17895e-07
0.000198187 0 0 0 2.20779e-07
0.000199058 0 0 0 2.237e-07
0.000199932 0 0 0 2.2666e-07
0.00020081 0 0 0 2.2966e-07
0.000201692 0 0 0 2.32699e-07
0.000202578 0 0 0 2.35778e-07
0.000203467 0 0 0 2.38898e-07
0.000204361 0 0 0 2.42059e-07
0.000205258 0 0 0 2.45263e-07
0.00020616 0 0 0 2.48508e-07
0.000207065 0 0 0 2.51797e-07
0.000207974 0 0 0 2.55129e-07
0.000208888 0 0 0 2.58505e-07
0.000209805 0 0 0 2.61925e-07
0.000210726 0 0 0 2.65392e-07
0.000211652 0 0 0 2.68903e-07
0.000212581 0 0 0 2.72462e-07
0.000213515 0 0 0 2.76067e-07
0.000214453 0 0 0 2.7972e-07
0.000215394 0 0 0 2.83422e-07
0.00021634 0 0 0 2.87172e-07
0.00021729 0 0 0 2.90972e-07
0.000218245 0 0 0 2.94823e-07
0.000219203 0 0 0 2.98724e-07
0.000220166 0 0 0 3.02677e-07
0.000221133 0 0 0 3.06682e-07
0.000222104 0 0 0 3.10741e-07
0.000223079 0 0 0 3.14853e-07
0.000224059 0 0 0 3.19019e-07
0.000225043 0 0 0 3.23241e-07
0.000226031 0 0 0 3.27518e-07
0.000227024 0 0 0 3.31852e-07
0.000228021 0 0 0 3.36243e-07
0.000229022 0 0 0 3.40693e-07
0.000230028 0 0 0 3.45201e-07
0.000231038 0 0 0 3.49769e-07
0.000232053 0 0 0 3.54398e-07
0.000233072 0 0 0 3.59087e-07
0.000234096 0 0 0 3.63839e-07
0.000235124 0 0 0 3.68654e-07
0.000236156 0 0 0 3.73532e-07
0.000237193 0 0 0 3.78475e-07
0.000238235 0 0 0 3.83483e-07
0.000239281 0 0 0 3.88558e-07
0.000240332 0 0 0 3.937e-07
0.000241388 0 0 0 3.9891e-07
0.000242448 0 0 0 4.04188e-07
0.000243512 0 0 0 4.09537e-07
0.000244582 0 0 0 4.14956e-07
0.000245656 0 0 0 4.20447e-07
0.000246735 0 0 0 4.26011e-07
0.000247818 0 0 0 4.31648e-07
0.000248907 0 0 0 4.3736e-07
0.00025 0 0 0 4.43148e-07
0.000251098 0 0 0 4.49012e-07
0.0002522 0 0 0 4.54954e-07
0.000253308 0 0 0 4.60974e-07
0.00025442 0 0 0 4.67074e-07
0.000255538 0 0 0 4.73255e-07
0.00025666 0 0 0 4.79517e-07
0.000257787 0 0 0 4.85863e-07
0.000258919 0 0 0 4.92292e-07
0.000260056 0 0 0 4.98806e-07
0.000261198 0 0 0 5.05407e-07
0.000262345 0 0 0 5.12095e-07
0.000263498 0 0 0 5.18871e-07
0.000264655 0 0 0 5.25738e-07
0.000265817 0 0 0 5.32695e-07
0.000266984 0 0 0 5.39744e-07
0.000268157 0 0 0 5.46886e-07
0.000269335 0 0 0 5.54123e-07
0.000270517 0 0 0 5.61456e-07
0.000271705 0 0 0 5.68885e-07
0.000272899 0 0 0 5.76413e-07
0.000274097 0 0 0 5.84041e-07
0.000275301 0 0 0 5.91769e-07
0.00027651 0 0 0 5.996e-07
0.000277724 0 0 0 6.07535e-07
0.000278944 0 0 0 6.15574e-07
0.000280169 0 0 0 6.2372e-07
0.000281399 0 0 0 6.31973e-07
0.000282635 0 0 0 6.40336e-07
0.000283876 0 0 0 6.4881e-07
0.000285123 0 0 0 6.57395e-07
0.000286375 0 0 0 6.66095e-07
0.000287633 0 0 0 6.74909e-07
0.000288896 0 0 0 6.8384e-07
0.000290165 0 0 0 6.92889e-07
0.000291439 0 0 0 7.02058e-07
0.000292719 0 0 0 7.11348e-07
0.000294004 0 0 0 7.20761e-07
0.000295296 0 0 0 7.30299e-07
0.000296592 0 0 0 7.39963e-07
0.000297895 0 0 0 7.49755e-07
0.000299203 0 0 0 7.59676e-07
0.000300517 0 0 0 7.69729e-07
0.000301837 0 0 0 7.79915e-07
0.000303163 0 0 0 7.90235e-07
0.000304494 0 0 0 8.00692e-07
0.000305831 0 0 0 8.11288e-07
0.000307174 0 0 0 8.22023e-07
0.000308523 0 0 0 8.32901e-07
0.000309878 0 0 0 8.43923e-07
0.000311239 0 0 0 8.5509e-07
0.000312606 0 0 0 8.66406e-07
0.000313979 0 0 0 8.77871e-07
0.000315358 0 0 0 8.89488e-07
0.000316743 0 0 0 9.01258e-07
0.000318134 0 0 0 9.13184e-07
0.000319531 0 0 0 9.25268e-07
0.000320934 0 0 0 9.37512e-07
0.000322343 0 0 0 9.49918e-07
0.000323759 0 0 0 9.62488e-07
0.000325181 0 0 0 9.75225e-07
0.000326609 0 0 0 9.8813e-07
0.000328043 0 0 0 1.00121e-06
0.000329484 0 0 0 1.01445e-06
0.000330931 0 0 0 1.02788e-06
0.000332384 0 0 0 1.04148e-06
0.000333844 0 0 0 1.05526e-06
0.00033531 0 0 0 1.06923e-06
0.000336783 0 0 0 1.08338e-06
0.000338262 0 0 0 1.09771e-06
0.000339747 0 0 0 1.11224e-06
0.000341239 0 0 0 1.12696e-06
0.000342738 0 0 0 1.14187e-06
0.000344243 0 0 0 1.15698e-06
0.000345755 0 0 0 1.17229e-06
0.000347273 0 0 0 1.1878e-06
0.000348798 0 0 0 1.20352e-06
0.00035033 0 0 0 1.21945e-06
0.000351869 0 0 0 1.23558e-06
0.000353414 0 0 0 1.25193e-06
0.000354966 0 0 0 1.2685e-06
0.000356525 0 0 0 1.28528e-06
0.000358091 0 0 0 1.30229e-06
0.000359663 0 0 0 1.31953e-06
0.000361243 0 0 0 1.33699e-06
0.000362829 0 0 0 1.35468e-06
0.000364423 0 0 0 1.37261e-06
0.000366023 0 0 0 1.39077e-06
0.00036763 0 0 0 1.40917e-06
0.000369245 0 0 0 1.42782e-06
0.000370867 0 0 0 1.44671e-06
0.000372495 0 0 0 1.46586e-06
0.000374131 0 0 0 1.48526e-06
0.000375774 0 0 0 1.50491e-06
0.000377424 0 0 0 1.52482e-06
0.000379082 0 0 0 1.545e-06
0.000380747 0 0 0 1.56545e-06
0.000382419 0 0 0 1.58616e-06
0.000384098 0 0 0 1.60715e-06
0.000385785 0 0 0 1.62842e-06
0.000387479 0 0 0 1.64997e-06
0.000389181 0 0 0 1.6718e-06
0.00039089 0 0 0 1.69392e-06
0.000392607 0 0 0 1.71634e-06
0.000394331 0 0 0 1.73905e-06
0.000396063 0 0 0 1.76206e-06
0.000397802 0 0 0 1.78538e-06
0.000399549 0 0 0 1.80901e-06
0.000401304 0 0 0 1.83295e-06
0.000403066 0 0 0 1.8572e-06
0.000404836 0 0 0 1.88178e-06
0.000406614 0 0 0 1.90668e-06
0.0004084 0 0 0 1.93191e-06
0.000410193 0 0 0 1.95747e-06
0.000411995 0 0 0 1.98338e-06
0.000413804 0 0 0 2.00962e-06
0.000415621 0 0 0 2.03622e-06
0.000417447 0 0 0 2.06316e-06
0.00041928 0 0 0 2.09046e-06
0.000421121 0 0 0 2.11813e-06
0.000422971 0 0 0 2.14615e-06
0.000424828 0 0 0 2.17455e-06
0.000426694 0 0 0 2.20333e-06
0.000428568 0 0 0 2.23249e-06
0.00043045 0 0 0 2.26203e-06
0.00043234 0 0 0 2.29196e-06
0.000434239 0 0 0 2.32229e-06
0.000436146 0 0 0 2.35302e-06
0.000438061 0 0 0 2.38416e-06
0.000439985 0 0 0 2.41571e-06
0.000441918 0 0 0 2.44767e-06
0.000443858 0 0 0 2.48006e-06
0.000445808 0 0 0 2.51288e-06
0.000447765 0 0 0 2.54614e-06
0.000449732 0 0 0 2.57983e-06
0.000451707 0 0 0 2.61397e-06
0.000453691 0 0 0 2.64856e-06
0.000455683 0 0 0 2.6836e-06
0.000457684 0 0 0 2.71912e-06
0.000459694 0 0 0 2.7551e-06
0.000461713 0 0 0 2.79156e-06
0.000463741 0 0 0 2.8285e-06
0.000465777 0 0 0 2.86593e-06
0.000467823 0 0 0 2.90385e-06
0.000469877 0 0 0 2.94228e-06
0.000471941 0 0 0 2.98121e-06
0.000474013 0 0 0 3.02066e-06
0.000476095 0 0 0 3.06063e-06
0.000478186 0 0 0 3.10113e-06
0.000480286 0 0 0 3.14217e-06
0.000482395 0 0 0 3.18375e-06
0.000484514 0 0 0 3.22588e-06
0.000486642 0 0 0 3.26857e-06
0.000488779 0 0 0 3.31182e-06
0.000490925 0 0 0 3.35565e-06
0.000493081 0 0 0 3.40005e-06
0.000495247 0 0 0 3.44504e-06
0.000497422 0 0 0 3.49063e-06
0.000499606 0 0 0 3.53682e-06
0.0005018 0 0 0 3.58362e-06
0.000504004 0 0 0 3.63105e-06
0.000506217 0 0 0 3.6791e-06
0.00050844 0 0 0 3.72778e-06
0.000510673 0 0 0 3.77711e-06
0.000512916 0 0 0 3.82709e-06
0.000515169 0 0 0 3.87773e-06
0.000517431 0 0 0 3.92905e-06
0.000519703 0 0 0 3.98104e-06
0.000521986 0 0 0 4.03372e-06
0.000524278 0 0 0 4.0871e-06
0.000526581 0 0 0 4.14118e-06
0.000528893 0 0 0 4.19598e-06
0.000531216 0 0 0 4.25151e-06
0.000533549 0 0 0 4.30777e-06
0.000535892 0 0 0 4.36477e-06
0.000538245 0 0 0 4.42253e-06
0.000540609 0 0 0 4.48105e-06
0.000542983 0 0 0 4.54035e-06
0.000545368 0 0 0 4.60043e-06
0.000547763 0 0 0 4.66131e-06
0.000550169 0 0 0 4.72299e-06
0.000552585 0 0 0 4.78549e-06
0.000555011 0 0 0 4.84882e-06
0.000557449 0 0 0 4.91298e-06
0.000559897 0 0 0 4.97799e-06
0.000562356 0 0 0 5.04387e-06
0.000564825 0 0 0 5.11061e-06
0.000567306 0 0 0 5.17824e-06
0.000569797 0 0 0 5.24676e-06
0.0005723 0 0 0 5.31619e-06
0.000574813 0 0 0 5.38654e-06
0.000577337 0 0 0 5.45782e-06
0.000579873 0 0 0 5.53004e-06
0.00058242 0 0 0 5.60322e-06
0.000584977 0 0 0 5.67737e-06
0.000587546 0 0 0 5.75249e-06
0.000590127 0 0 0 5.82862e-06
0.000592718 0 0 0 5.90575e-06
0.000595321 0 0 0 5.9839e-06
0.000597936 0 0 0 6.06308e-06
0.000600562 0 0 0 6.14331e-06
0.000603199 0 0 0 6.22461e-06
0.000605848 0 0 0 6.30697e-06
0.000608509 0 0 0 6.39043e-06
0.000611181 0 0 0 6.475e-06
0.000613865 0 0 0 6.56068e-06
0.000616561 0 0 0 6.6475e-06
0.000619269 0 0 0 6.73546e-06
0.000621988 0 0 0 6.82459e-06
0.00062472 0 0 0 6.9149e-06
0.000627463 0 0 0 7.0064e-06
0.000630219 0 0 0 7.09912e-06
0.000632987 0 0 0 7.19306e-06
0.000635767 0 0 0 7.28825e-06
0.000638559 0 0 0 7.38469e-06
0.000641363 0 0 0 7.48241e-06
0.00064418 0 0 0 7.58143e-06
0.000647009 0 0 0 7.68175e-06
0.00064985 0 0 0 7.7834e-06
0.000652704 0 0 0 7.8864e-06
0.00065557 0 0 0 7.99076e-06
0.000658449 0 0 0 8.0965e-06
0.000661341 0 0 0 8.20364e-06
0.000664246 0 0 0 8.3122e-06
0.000667163 0 0 0 8.42219e-06
0.000670093 0 0 0 8.53364e-06
0.000673035 0 0 0 8.64656e-06
0.000675991 0 0 0 8.76098e-06
0.00067896 0 0 0 8.87692e-06
0.000681942 0 0 0 8.99438e-06
0.000684936 0 0 0 9.1134e-06
0.000687944 0 0 0 9.234e-06
0.000690966 0 0 0 9.35619e-06
0.000694 0 0 0 9.48e-06
0.000697048 0 0 0 9.60545e-06
0.000700109 0 0 0 9.73256e-06
0.000703184 0 0 0 9.86135e-06
0.000706272 0 0 0 9.99184e-06
0.000709374 0 0 0 1.01241e-05
0.000712489 0 0 0 1.0258e-05
0.000715618 0 0 0 1.03938e-05
0.000718761 0 0 0 1.05313e-05
0.000721917 0 0 0 1.06707e-05
0.000725088 0 0 0 1.08119e-05
0.000728272 0 0 0 1.0955e-05
0.00073147 0 0 0 1.10999e-05
0.000734682 0 0 0 1.12468e-05
0.000737909 0 0 0 1.13956e-05
0.00074115 0 0 0 1.15464e-05
0.000744404 0 0 0 1.16992e-05
0.000747674 0 0 0 1.1854e-05
0.000750957 0 0 0 1.20109e-05
0.000754255 0 0 0 1.21698e-05
0.000757567 0 0 0 1.23309e-05
0.000760894 0 0 0 1.2494e-05
0.000764236 0 0 0 1.26594e-05
0.000767592 0 0 0 1.28269e-05
0.000770963 0 0 0 1.29966e-05
0.000774349 0 0 0 1.31686e-05
0.00077775 0 0 0 1.33429e-05
0.000781165 0 0 0 1.35194e-05
0.000784596 0 0 0 1.36983e-05
0.000788042 0 0 0 1.38796e-05
0.000791502 0 0 0 1.40633e-05
0.000794978 0 0 0 1.42494e-05
0.00079847 0 0 0 1.44379e-05
0.000801976 0 0 0 1.4629e-05
0.000805498 0 0 0 1.48226e-05
0.000809036 0 0 0 1.50187e-05
0.000812589 0 0 0 1.52175e-05
0.000816157 0 0 0 1.54188e-05
0.000819742 0 0 0 1.56229e-05
0.000823342 0 0 0 1.58296e-05
0.000826957 0 0 0 1.60391e-05
0.000830589 0 0 0 1.62513e-05
0.000834237 0 0 0 1.64664e-05
0.0008379 0 0 0 1.66843e-05
0.00084158 0 0 0 1.6905e-05
0.000845276 0 0 0 1.71287e-05
0.000848988 0 0 0 1.73554e-05
0.000852717 0 0 0 1.75851e-05
0.000856461 0 0 0 1.78178e-05
0.000860223 0 0 0 1.80536e-05
0.000864001 0 0 0 1.82925e-05
0.000867795 0 0 0 1.85345e-05
0.000871606 0 0 0 1.87798e-05
0.000875434 0 0 0 1.90283e-05
0.000879278 0 0 0 1.92801e-05
0.00088314 0 0 0 1.95352e-05
0.000887018 0 0 0 1.97937e-05
0.000890914 0 0 0 2.00557e-05
0.000894826 0 0 0 2.0321e-05
0.000898756 0 0 0 2.059e-05
0.000902703 0 0 0 2.08624e-05
0.000906667 0 0 0 2.11385e-05
0.000910649 0 0 0 2.14182e-05
0.000914648 0 0 0 2.17016e-05
0.000918665 0 0 0 2.19888e-05
0.0009227 0 0 0 2.22798e-05
0.000926752 0 0 0 2.25746e-05
0.000930822 0 0 0 2.28733e-05
0.00093491 0 0 0 2.3176e-05
0.000939015 0 0 0 2.34827e-05
0.000943139 0 0 0 2.37934e-05
0.000947281 0 0 0 2.41083e-05
0.000951441 0 0 0 2.44273e-05
0.00095562 0 0 0 2.47506e-05
0.000959816 0 0 0 2.50781e-05
0.000964032 0 0 0 2.54099e-05
0.000968265 0 0 0 2.57462e-05
0.000972518 0 0 0 2.60869e-05
0.000976789 0 0 0 2.64321e-05
0.000981078 0 0 0 2.67819e-05
0.000985387 0 0 0 2.71363e-05
0.000989714 0 0 0 2.74954e-05
0.000994061 0 0 0 2.78592e-05
0.000998426 0 0 0 2.82279e-05
0.00100281 0 0 0 2.86014e-05
0.00100721 0 0 0 2.89799e-05
0.00101164 0 0 0 2.93634e-05
0.00101608 0 0 0 2.97519e-05
0.00102054 0 0 0 3.01456e-05
0.00102503 0 0 0 3.05445e-05
0.00102953 0 0 0 3.09487e-05
0.00103405 0 0 0 3.13583e-05
0.00103859 0 0 0 3.17732e-05
0.00104315 0 0 0 3.21937e-05
0.00104773 0 0 0 3.26197e-05
0.00105233 0 0 0 3.30513e-05
0.00105695 0 0 0 3.34887e-05
0.0010616 0 0 0 3.39319e-05
0.00106626 0 0 0 3.43809e-05
0.00107094 0 0 0 3.48358e-05
0.00107564 0 0 0 3.52968e-05
0.00108037 0 0 0 3.57639e-05
0.00108511 0 0 0 3.62371e-05
0.00108988 0 0 0 3.67167e-05
0.00109466 0 0 0 3.72025e-05
0.00109947 0 0 0 3.76948e-05
0.0011043 0 0 0 3.81936e-05
0.00110915 0 0 0 3.86991e-05
0.00111402 0 0 0 3.92112e-05
0.00111891 0 0 0 3.973e-05
0.00112383 0 0 0 4.02558e-05
0.00112876 0 0 0 4.07885e-05
0.00113372 0 0 0 4.13282e-05
0.0011387 0 0 0 4.18751e-05
0.0011437 0 0 0 4.24292e-05
0.00114872 0 0 0 4.29907e-05
0.00115377 0 0 0 4.35596e-05
0.00115883 0 0 0 4.4136e-05
0.00116392 0 0 0 4.47201e-05
0.00116903 0 0 0 4.53118e-05
0.00117417 0 0 0 4.59114e-05
0.00117932 0 0 0 4.6519e-05
0.0011845 0 0 0 4.71346e-05
0.00118971 0 0 0 4.77583e-05
0.00119493 0 0 0 4.83903e-05
0.00120018 0 0 0 4.90306e-05
0.00120545 0 0 0 4.96794e-05
0.00121074 0 0 0 5.03368e-05
0.00121606 0 0 0 5.10029e-05
0.0012214 0 0 0 5.16778e-05
0.00122676 0 0 0 5.23617e-05
0.00123215 0 0 0 5.30546e-05
0.00123756 0 0 0 5.37566e-05
0.001243 0 0 0 5.4468e-05
0.00124846 0 0 0 5.51888e-05
0.00125394 0 0 0 5.59191e-05
0.00125945 0 0 0 5.6659e-05
0.00126498 0 0 0 5.74088e-05
0.00127053 0 0 0 5.81685e-05
0.00127611 0 0 0 5.89382e-05
0.00128172 0 0 0 5.97181e-05
0.00128735 0 0 0 6.05084e-05
0.001293 0 0 0 6.13091e-05
0.00129868 0 0 0 6.21204e-05
0.00130438 0 0 0 6.29424e-05
0.00131011 0 0 0 6.37753e-05
0.00131586 0 0 0 6.46192e-05
0.00132164 0 0 0 6.54743e-05
0.00132745 0 0 0 6.63408e-05
0.00133328 0 0 0 6.72186e-05
0.00133913 0 0 0 6.81081e-05
0.00134501 0 0 0 6.90094e-05
0.00135092 0 0 0 6.99226e-05
0.00135685 0 0 0 7.08479e-05
0.00136281 0 0 0 7.17854e-05
0.0013688 0 0 0 7.27353e-05
0.00137481 0 0 0 7.36978e-05
0.00138084 0 0 0 7.4673e-05
0.00138691 0 0 0 7.56612e-05
0.001393 0 0 0 7.66624e-05
0.00139912 0 0 0 7.76769e-05
0.00140526 0 0 0 7.87047e-05
0.00141143 0 0 0 7.97462e-05
0.00141763 0 0 0 8.08015e-05
0.00142386 0 0 0 8.18707e-05
0.00143011 0 0 0 8.29541e-05
0.00143639 0 0 0 8.40518e-05
0.0014427 0 0 0 8.51641e-05
0.00144903 0 0 0 8.62911e-05
0.0014554 0 0 0 8.74329e-05
0.00146179 0 0 0 8.85899e-05
0.00146821 0 0 0 8.97622e-05
0.00147466 0 0 0 9.095e-05
0.00148113 0 0 0 9.21536e-05
0.00148764 0 0 0 9.3373e-05
0.00149417 0 0 0 9.46086e-05
0.00150073 0 0 0 9.58606e-05
0.00150732 0 0 0 9.71291e-05
0.00151394 0 0 0 9.84144e-05
0.00152059 0 0 0 9.97167e-05
0.00152727 0 0 0 0.000101036
0.00153398 0 0 0 0.000102373
0.00154071 0 0 0 0.000103728
0.00154748 0 0 0 0.000105101
0.00155428 0 0 0 0.000106491
0.0015611 0 0 0 0.0001079
0.00156796 0 0 0 0.000109328
0.00157484 0 0 0 0.000110775
0.00158176 0 0 0 0.000112241
0.00158871 0 0 0 0.000113726
0.00159568 0 0 0 0.000115231
0.00160269 0 0 0 0.000116756
0.00160973 0 0 0 0.000118301
0.0016168 0 0 0 0.000119866
0.0016239 0 0 0 0.000121453
0.00163103 0 0 0 0.00012306
0.00163819 0 0 0 0.000124688
0.00164539 0 0 0 0.000126338
0.00165261 0 0 0 0.00012801
0.00165987 0 0 0 0.000129704
0.00166716 0 0 0 0.00013142
0.00167448 0 0 0 0.000133159
0.00168184 0 0 0 0.000134921
0.00168922 0 0 0 0.000136707
0.00169664 0 0 0 0.000138516
0.00170409 0 0 0 0.000140349
0.00171158 0 0 0 0.000142206
0.00171909 0 0 0 0.000144088
0.00172664 0 0 0 0.000145995
0.00173422 0 0 0 0.000147926
0.00174184 0 0 0 0.000149884
0.00174949 0 0 0 0.000151867
0.00175717 0 0 0 0.000153877
0.00176489 0 0 0 0.000155913
0.00177264 0 0 0 0.000157976
0.00178043 0 0 0 0.000160067
0.00178824 0 0 0 0.000162185
0.0017961 0 0 0 0.000164331
0.00180399 0 0 0 0.000166506
0.00181191 0 0 0 0.000168709
0.00181987 0 0 0 0.000170942
0.00182786 0 0 0 0.000173204
0.00183589 0 0 0 0.000175496
0.00184395 0 0 0 0.000177818
0.00185205 0 0 0 0.000180171
0.00186018 0 0 0 0.000182555
0.00186835 0 0 0 0.000184971
0.00187655 0 0 0 0.000187419
0.00188479 0 0 0 0.000189899
0.00189307 0 0 0 0.000192412
0.00190139 0 0 0 0.000194958
0.00190974 0 0 0 0.000197538
0.00191812 0 0 0 0.000200152
0.00192655 0 0 0 0.0002028
0.00193501 0 0 0 0.000205484
0.00194351 0 0 0 0.000208203
0.00195204 0 0 0 0.000210958
0.00196061 0 0 0 0.00021375
0.00196922 0 0 0 0.000216578
0.00197787 0 0 0 0.000219444
0.00198656 0 0 0 0.000222348
0.00199528 0 0 0 0.00022529
0.00200404 0 0 0 0.000228272
0.00201285 0 0 0 0.000231292
0.00202168 0 0 0 0.000234353
0.00203056 0 0 0 0.000237454
0.00203948 0 0 0 0.000240596
0.00204844 0 0 0 0.00024378
0.00205743 0 0 0 0.000247006
0.00206647 0 0 0 0.000250275
0.00207554 0 0 0 0.000253586
0.00208466 0 0 0 0.000256942
0.00209381 0 0 0 0.000260342
0.00210301 0 0 0 0.000263787
0.00211225 0 0 0 0.000267278
0.00212152 0 0 0 0.000270815
0.00213084 0 0 0 0.000274398
0.0021402 0 0 0 0.000278029
0.0021496 0 0 0 0.000281709
0.00215904 0 0 0 0.000285436
0.00216852 0 0 0 0.000289214
0.00217804 0 0 0 0.000293041
0.00218761 0 0 0 0.000296918
0.00219721 0 0 0 0.000300848
0.00220686 0 0 0 0.000304829
0.00221655 0 0 0 0.000308862
0.00222629 0 0 0 0.000312949
0.00223607 0 0 0 0.000317091
0.00224589 0 0 0 0.000321287
0.00225575 0 0 0 0.000325538
0.00226566 0 0 0 0.000329846
0.00227561 0 0 0 0.000334211
0.0022856 0 0 0 0.000338633
0.00229564 0 0 0 0.000343115
0.00230572 0 0 0 0.000347655
0.00231584 0 0 0 0.000352255
0.00232601 0 0 0 0.000356917
0.00233623 0 0 0 0.00036164
0.00234649 0 0 0 0.000366425
0.00235679 0 0 0 0.000371274
0.00236714 0 0 0 0.000376187
0.00237754 0 0 0 0.000381165
0.00238798 0 0 0 0.000386209
0.00239847 0 0 0 0.00039132
0.002409 0 0 0 0.000396498
0.00241958 0 0 0 0.000401745
0.00243021 0 0 0 0.000407061
0.00244088 0 0 0 0.000412448
0.0024516 0 0 0 0.000417906
0.00246237 0 0 0 0.000423436
0.00247318 0 0 0 0.000429039
0.00248404 0 0 0 0.000434716
0.00249495 0 0 0 0.000440469
0.00250591 0 0 0 0.000446298
0.00251691 0 0 0 0.000452203
0.00252797 0 0 0 0.000458187
0.00253907 0 0 0 0.00046425
0.00255022 0 0 0 0.000470394
0.00256142 0 0 0 0.000476618
0.00257267 0 0 0 0.000482926
0.00258396 0 0 0 0.000489316
0.00259531 0 0 0 0.000495791
0.00260671 0 0 0 0.000502352
0.00261816 0 0 0 0.000508999
0.00262966 0 0 0 0.000515735
0.0026412 0 0 0 0.00052256
0.0026528 0 0 0 0.000529475
0.00266445 0 0 0 0.000536481
0.00267615 0 0 0 0.00054358
0.00268791 0 0 0 0.000550773
0.00269971 0 0 0 0.000558062
0.00271157 0 0 0 0.000565446
0.00272348 0 0 0 0.000572929
0.00273544 0 0 0 0.00058051
0.00274745 0 0 0 0.000588192
0.00275952 0 0 0 0.000595976
0.00277163 0 0 0 0.000603862
0.00278381 0 0 0 0.000611853
0.00279603 0 0 0 0.000619949
0.00280831 0 0 0 0.000628153
0.00282064 0 0 0 0.000636465
0.00283303 0 0 0 0.000644888
0.00284547 0 0 0 0.000653421
0.00285797 0 0 0 0.000662068
0.00287052 0 0 0 0.000670829
0.00288313 0 0 0 0.000679706
0.00289579 0 0 0 0.000688701
0.00290851 0 0 0 0.000697814
0.00292128 0 0 0 0.000707048
0.00293411 0 0 0 0.000716404
0.00294699 0 0 0 0.000725885
0.00295994 0 0 0 0.00073549
0.00297293 0 0 0 0.000745223
0.00298599 0 0 0 0.000755084
0.0029991 0 0 0 0.000765076
0.00301228 0 0 0 0.0007752
0.0030255 0 0 0 0.000785458
0.00303879 0 0 0 0.000795852
0.00305214 0 0 0 0.000806384
0.00306554 0 0 0 0.000817054
0.003079 0 0 0 0.000827866
0.00309252 0 0 0 0.000838821
0.00310611 0 0 0 0.000849921
0.00311975 0 0 0 0.000861168
0.00313345 0 0 0 0.000872564
0.00314721 0 0 0 0.000884111
0.00316103 0 0 0 0.00089581
0.00317491 0 0 0 0.000907664
0.00318886 0 0 0 0.000919675
0.00320286 0 0 0 0.000931845
0.00321693 0 0 0 0.000944176
0.00323105 0 0 0 0.00095667
0.00324524 0 0 0 0.00096933
0.00325949 0 0 0 0.000982157
0.00327381 0 0 0 0.000995153
0.00328819 0 0 0 0.00100832
0.00330263 0 0 0 0.00102167
0.00331713 0 0 0 0.00103518
0.0033317 0 0 0 0.00104888
0.00334633 0 0 0 0.00106276
0.00336103 0 0 0 0.00107683
0.00337579 0 0 0 0.00109108
0.00339061 0 0 0 0.00110551
0.0034055 0 0 0 0.00112014
0.00342046 0 0 0 0.00113497
0.00343548 0 0 0 0.00114998
0.00345057 0 0 0 0.0011652
0.00346572 0 0 0 0.00118062
0.00348094 0 0 0 0.00119624
0.00349623 0 0 0 0.00121207
0.00351158 0 0 0 0.00122811
0.003527 0 0 0 0.00124436
0.00354249 0 0 0 0.00126083
0.00355805 0 0 0 0.00127752
0.00357368 0 0 0 0.00129442
0.00358937 0 0 0 0.00131155
0.00360513 0 0 0 0.00132891
0.00362097 0 0 0 0.00134649
0.00363687 0 0 0 0.00136431
0.00365284 0 0 0 0.00138236
0.00366888 0 0 0 0.00140065
0.00368499 0 0 0 0.00141919
0.00370118 0 0 0 0.00143797
0.00371743 0 0 0 0.001457
0.00373376 0 0 0 0.00147628
0.00375015 0 0 0 0.00149581
0.00376662 0 0 0 0.00151561
0.00378317 0 0 0 0.00153566
0.00379978 0 0 0 0.00155598
0.00381647 0 0 0 0.00157657
0.00383323 0 0 0 0.00159744
0.00385006 0 0 0 0.00161858
0.00386697 0 0 0 0.00163999
0.00388395 0 0 0 0.0016617
0.00390101 0 0 0 0.00168368
0.00391814 0 0 0 0.00170596
0.00393535 0 0 0 0.00172854
0.00395263 0 0 0 0.00175141
0.00396999 0 0 0 0.00177459
0.00398742 0 0 0 0.00179807
0.00400494 0 0 0 0.00182187
0.00402252 0 0 0 0.00184597
0.00404019 0 0 0 0.0018704
0.00405793 0 0 0 0.00189515
0.00407575 0 0 0 0.00192023
0.00409365 0 0 0 0.00194564
0.00411163 0 0 0 0.00197139
0.00412969 0 0 0 0.00199747
0.00414782 0 0 0 0.00202391
0.00416604 0 0 0 0.00205069
0.00418433 0 0 0 0.00207783
0.00420271 0 0 0 0.00210532
0.00422117 0 0 0 0.00213318
0.00423971 0 0 0 0.00216141
0.00425832 0 0 0 0.00219001
0.00427703 0 0 0 0.00221899
0.00429581 0 0 0 0.00224835
0.00431467 0 0 0 0.00227811
0.00433362 0 0 0 0.00230825
0.00435265 0 0 0 0.0023388
0.00437177 0 0 0 0.00236975
0.00439097 0 0 0 0.0024011
0.00441025 0 0 0 0.00243288
0.00442962 0 0 0 0.00246507
0.00444907 0 0 0 0.00249769
0.00446861 0 0 0 0.00253074
0.00448824 0 0 0 0.00256423
0.00450795 0 0 0 0.00259816
0.00452775 0 0 0 0.00263255
0.00454763 0 0 0 0.00266738
0.0045676 0 0 0 0.00270268
0.00458766 0 0 0 0.00273844
0.00460781 0 0 0 0.00277468
0.00462804 0 0 0 0.0028114
0.00464837 0 0 0 0.0028486
0.00466878 0 0 0 0.0028863
0.00468929 0 0 0 0.00292449
0.00470988 0 0 0 0.00296319
0.00473056 0 0 0 0.0030024
0.00475134 0 0 0 0.00304213
0.00477221 0 0 0 0.00308239
0.00479316 0 0 0 0.00312318
0.00481421 0 0 0 0.0031645
0.00483536 0 0 0 0.00320638
0.00485659 0 0 0 0.00324881
0.00487792 0 0 0 0.0032918
0.00489934 0 0 0 0.00333536
0.00492086 0 0 0 0.0033795
0.00494247 0 0 0 0.00342422
0.00496417 0 0 0 0.00346953
0.00498597 0 0 0 0.00351544
0.00500787 0 0 0 0.00356196
0.00502986 0 0 0 0.0036091
0.00505195 0 0 0 0.00365685
0.00507414 0 0 0 0.00370525
0.00509642 0 0 0 0.00375428
0.0051188 0 0 0 0.00380396
0.00514128 0 0 0 0.00385429
0.00516386 0 0 0 0.0039053
0.00518654 0 0 0 0.00395698
0.00520932 0 0 0 0.00400934
0.0052322 0 0 0 0.00406239
0.00525517 0 0 0 0.00411615
0.00527825 0 0 0 0.00417062
0.00530143 0 0 0 0.00422581
0.00532472 0 0 0 0.00428173
0.0053481 0 0 0 0.00433839
0.00537159 0 0 0 0.0043958
0.00539518 0 0 0 0.00445396
0.00541887 0 0 0 0.0045129
0.00544267 0 0 0 0.00457262
0.00546657 0 0 0 0.00463313
0.00549058 0 0 0 0.00469444
0.00551469 0 0 0 0.00475656
0.00553891 0 0 0 0.0048195
0.00556323 0 0 0 0.00488328
0.00558766 0 0 0 0.0049479
0.0056122 0 0 0 0.00501338
0.00563685 0 0 0 0.00507972
0.00566161 0 0 0 0.00514694
0.00568647 0 0 0 0.00521504
0.00571144 0 0 0 0.00528405
0.00573653 0 0 0 0.00535398
0.00576172 0 0 0 0.00542483
0.00578702 0 0 0 0.00549661
0.00581244 0 0 0 0.00556935
0.00583796 0 0 0 0.00564305
0.0058636 0 0 0 0.00571772
0.00588935 0 0 0 0.00579338
0.00591521 0 0 0 0.00587005
0.00594119 0 0 0 0.00594772
0.00596728 0 0 0 0.00602643
0.00599349 0 0 0 0.00610618
0.00601981 0 0 0 0.00618698
0.00604625 0 0 0 0.00626885
0.0060728 0 0 0 0.0063518
0.00609947 0 0 0 0.00643586
0.00612626 0 0 0 0.00652102
0.00615316 0 0 0 0.00660731
0.00618018 0 0 0 0.00669475
0.00620733 0 0 0 0.00678334
0.00623459 0 0 0 0.0068731
0.00626197 0 0 0 0.00696405
0.00628947 0 0 0 0.00705621
0.00631709 0 0 0 0.00714958
0.00634483 0 0 0 0.00724419
0.00637269 0 0 0 0.00734005
0.00640068 0 0 0 0.00743718
0.00642879 0 0 0 0.0075356
0.00645702 0 0 0 0.00763531
0.00648538 0 0 0 0.00773635
0.00651386 0 0 0 0.00783872
0.00654247 0 0 0 0.00794245
0.0065712 0 0 0 0.00804755
0.00660006 0 0 0 0.00815405
0.00662904 0 0 0 0.00826195
0.00665816 0 0 0 0.00837128
0.0066874 0 0 0 0.00848205
0.00671676 0 0 0 0.0085943
0.00674626 0 0 0 0.00870802
0.00677589 0 0 0 0.00882325
0.00680565 0 0 0 0.00894001
0.00683553 0 0 0 0.00905831
0.00686555 0 0 0 0.00917818
0.00689571 0 0 0 0.00929964
0.00692599 0 0 0 0.0094227
0.0069564 0 0 0 0.00954739
0.00698696 0 0 0 0.00967372
0.00701764 0 0 0 0.00980174
0.00704846 0 0 0 0.00993144
0.00707941 0 0 0 0.0100629
0.0071105 0 0 0 0.010196
0.00714173 0 0 0 0.0103309
0.00717309 0 0 0 0.0104677
0.0072046 0 0 0 0.0106062
0.00723624 0 0 0 0.0107465
0.00726801 0 0 0 0.0108887
0.00729993 0 0 0 0.0110328
0.00733199 0 0 0 0.0111788
0.00736419 0 0 0 0.0113267
0.00739653 0 0 0 0.0114766
0.00742901 0 0 0 0.0116285
0.00746164 0 0 0 0.0117824
0.00749441 0 0 0 0.0119383
0.00752732 0 0 0 0.0120963
0.00756038 0 0 0 0.0122563
0.00759358 0 0 0 0.0124185
0.00762693 0 0 0 0.0125829
0.00766042 0 0 0 0.0127494
0.00769407 0 0 0 0.0129181
0.00772786 0 0 0 0.013089
0.00776179 0 0 0 0.0132622
0.00779588 0 0 0 0.0134377
0.00783012 0 0 0 0.0136155
0.0078645 0 0 0 0.0137957
0.00789904 0 0 0 0.0139783
0.00793373 0 0 0 0.0141632
0.00796857 0 0 0 0.0143507
0.00800357 0 0 0 0.0145406
0.00803872 0 0 0 0.014733
0.00807402 0 0 0 0.0149279
0.00810948 0 0 0 0.0151255
0.00814509 0 0 0 0.0153256
0.00818086 0 0 0 0.0155284
0.00821679 0 0 0 0.0157339
0.00825288 0 0 0 0.0159421
0.00828912 0 0 0 0.0161531
0.00832552 0 0 0 0.0163668
0.00836209 0 0 0 0.0165834
0.00839881 0 0 0 0.0168029
0.00843569 0 0 0 0.0170252
0.00847274 0 0 0 0.0172505
0.00850995 0 0 0 0.0174788
0.00854732 0 0 0 0.0177101
0.00858486 0 0 0 0.0179444
0.00862256 0 0 0 0.0181819
0.00866043 0 0 0 0.0184225
0.00869846 0 0 0 0.0186663
0.00873666 0 0 0 0.0189133
0.00877503 0 0 0 0.0191635
0.00881357 0 0 0 0.0194171
0.00885227 0 0 0 0.0196741
0.00889115 0 0 0 0.0199344
0.0089302 0 0 0 0.0201982
0.00896941 0 0 0 0.0204655
0.0090088 0 0 0 0.0207363
0.00904837 0 0 0 0.0210107
0.00908811 0 0 0 0.0212887
0.00912802 0 0 0 0.0215704
0.0091681 0 0 0 0.0218559
0.00920837 0 0 0 0.0221451
0.00924881 0 0 0 0.0224381
0.00928942 0 0 0 0.0227351
0.00933022 0 0 0 0.0230359
0.0093712 0 0 0 0.0233407
0.00941235 0 0 0 0.0236496
0.00945369 0 0 0 0.0239626
0.0094952 0 0 0 0.0242797
0.0095369 0 0 0 0.024601
0.00957879 0 0 0 0.0249265
0.00962085 0 0 0 0.0252563
0.0096631 0 0 0 0.0255906
0.00970554 0 0 0 0.0259292
0.00974816 0 0 0 0.0262723
0.00979097 0 0 0 0.02662
0.00983397 0 0 0 0.0269722
0.00987716 0 0 0 0.0273291
0.00992054 0 0 0 0.0276908
0.0099641 0 0 0 0.0280572
0.0100079 0 0 0 0.0284285
0.0100518 0 0 0 0.0288047
0.010096 0 0 0 0.0291859
0.0101403 0 0 0 0.0295721
0.0101848 0 0 0 0.0299634
0.0102296 0 0 0 0.0303599
0.0102745 0 0 0 0.0307616
0.0103196 0 0 0 0.0311687
0.0103649 0 0 0 0.0315812
0.0104104 0 0 0 0.0319991
0.0104562 0 0 0 0.0324225
0.0105021 0 0 0 0.0328515
0.0105482 0 0 0 0.0332863
0.0105945 0 0 0 0.0337267
0.0106411 0 0 0 0.034173
0.0106878 0 0 0 0.0346252
0.0107347 0 0 0 0.0350834
0.0107819 0 0 0 0.0355477
0.0108292 0 0 0 0.0360181
0.0108768 0 0 0 0.0364947
0.0109245 0 0 0 0.0369776
0.0109725 0 0 0 0.037467
0.0110207 0 0 0 0.0379628
0.0110691 0 0 0 0.0384651
0.0111177 0 0 0 0.0389741
0.0111665 0 0 0 0.0394899
0.0112156 0 0 0 0.0400124
0.0112648 0 0 0 0.0405419
0.0113143 0 0 0 0.0410784
0.011364 0 0 0 0.041622
0.0114139 0 0 0 0.0421728
0.011464 0 0 0 0.0427308
0.0115144 0 0 0 0.0432963
0.0115649 0 0 0 0.0438692
0.0116157 0 0 0 0.0444497
0.0116667 0 0 0 0.0450379
0.011718 0 0 0 0.0456339
0.0117694 0 0 0 0.0462378
0.0118211 0 0 0 0.0468496
0.011873 0 0 0 0.0474696
0.0119252 0 0 0 0.0480977
0.0119776 0 0 0 0.0487342
0.0120302 0 0 0 0.0493791
0.012083 0 0 0 0.0500325
0.012136 0 0 0 0.0506946
0.0121893 0 0 0 0.0513654
0.0122429 0 0 0 0.0520452
0.0122966 0 0 0 0.0527339
0.0123506 0 0 0 0.0534317
0.0124049 0 0 0 0.0541387
0.0124594 0 0 0 0.0548551
0.0125141 0 0 0 0.055581
0.012569 0 0 0 0.0563165
0.0126242 0 0 0 0.0570618
0.0126797 0 0 0 0.0578169
0.0127354 0 0 0 0.0585819
0.0127913 0 0 0 0.0593571
0.0128475 0 0 0 0.0601426
0.0129039 0 0 0 0.0609385
0.0129606 0 0 0 0.0617449
0.0130175 0 0 0 0.0625619
0.0130746 0 0 0 0.0633898
0.0131321 0 0 0 0.0642286
0.0131897 0 0 0 0.0650785
0.0132477 0 0 0 0.0659397
0.0133058 0 0 0 0.0668123
0.0133643 0 0 0 0.0676964
0.013423 0 0 0 0.0685922
0.0134819 0 0 0 0.0694999
0.0135411 0 0 0 0.0704196
0.0136006 0 0 0 0.0713514
0.0136603 0 0 0 0.0722956
0.0137203 0 0 0 0.0732523
0.0137806 0 0 0 0.0742216
0.0138411 0 0 0 0.0752038
0.0139019 0 0 0 0.076199
0.0139629 0 0 0 0.0772073
0.0140242 0 0 0 0.078229
0.0140858 0 0 0 0.0792642
0.0141477 0 0 0 0.0803131
0.0142098 0 0 0 0.0813758
0.0142722 0 0 0 0.0824527
0.0143349 0 0 0 0.0835438
0.0143979 0 0 0 0.0846493
0.0144611 0 0 0 0.0857694
0.0145246 0 0 0 0.0869044
0.0145884 0 0 0 0.0880544
0.0146524 0 0 0 0.0892196
0.0147168 0 0 0 0.0904002
0.0147814 0 0 0 0.0915965
0.0148463 0 0 0 0.0928086
0.0149115 0 0 0 0.0940367
0.014977 0 0 0 0.0952811
0.0150428 0 0 0 0.0965419
0.0151089 0 0 0 0.0978195
0.0151752 0 0 0 0.0991139
0.0152419 0 0 0 0.100425
0.0153088 0 0 0 0.101754
0.015376 0 0 0 0.103101
0.0154436 0 0 0 0.104465
0.0155114 0 0 0 0.105848
0.0155795 0 0 0 0.107248
0.0156479 0 0 0 0.108667
0.0157166 0 0 0 0.110105
0.0157857 0 0 0 0.111562
0.015855 0 0 0 0.113039
0.0159246 0 0 0 0.114535
0.0159945 0 0 0 0.11605
0.0160648 0 0 0 0.117586
0.0161353 0 0 0 0.119142
0.0162062 0 0 0 0.120718
0.0162774 0 0 0 0.122316
0.0163489 0 0 0 0.123934
0.0164207 0 0 0 0.125574
0.0164928 0 0 0 0.127236
0.0165652 0 0 0 0.12892
0.0166379 0 0 0 0.130626
0.016711 0 0 0 0.132354
0.0167844 0 0 0 0.134106
0.0168581 0 0 0 0.13588
0.0169322 0 0 0 0.137679
0.0170065 0 0 0 0.1395
0.0170812 0 0 0 0.141346
0.0171562 0 0 0 0.143217
0.0172316 0 0 0 0.145112
0.0173072 0 0 0 0.147032
0.0173832 0 0 0 0.148978
0.0174596 0 0 0 0.150949
0.0175363 0 0 0 0.152947
0.0176133 0 0 0 0.154971
0.0176906 0 0 0 0.157021
0.0177683 0 0 0 0.159099
0.0178463 0 0 0 0.161205
0.0179247 0 0 0 0.163338
0.0180034 0 0 0 0.165499
0.0180825 0 0 0 0.167689
0.0181619 0 0 0 0.169908
0.0182417 0 0 0 0.172157
0.0183218 0 0 0 0.174435
0.0184022 0 0 0 0.176743
0.0184831 0 0 0 0.179082
0.0185642 0 0 0 0.181452
0.0186458 0 0 0 0.183853
0.0187276 0 0 0 0.186286
0.0188099 0 0 0 0.188751
0.0188925 0 0 0 0.191248
0.0189755 0 0 0 0.193779
0.0190588 0 0 0 0.196344
0.0191425 0 0 0 0.198942
0.0192266 0 0 0 0.201574
0.019311 0 0 0 0.204242
0.0193958 0 0 0 0.206944
0.019481 0 0 0 0.209683
0.0195665 0 0 0 0.212458
0.0196525 0 0 0 0.215269
0.0197388 0 0 0 0.218118
0.0198255 0 0 0 0.221004
0.0199125 0 0 0 0.223928
0.02 0 0 0 0.226892
0.0200878 0 0 0 0.229894
0.020176 0 0 0 0.232936
0.0202646 0 0 0 0.236019
0.0203536 0 0 0 0.239142
0.020443 0 0 0 0.242306
0.0205328 0 0 0 0.245513
0.020623 0 0 0 0.248762
0.0207135 0 0 0 0.252053
0.0208045 0 0 0 0.255389
0.0208959 0 0 0 0.258768
0.0209876 0 0 0 0.262193
0.0210798 0 0 0 0.265662
0.0211724 0 0 0 0.269178
0.0212654 0 0 0 0.27274
0.0213588 0 0 0 0.276349
0.0214526 702.16 3.32771e-06 6 0.280006
0.0215468 0 0 0 0.283711
0.0216414 0 0 0 0.287465
0.0217364 0 0 0 0.291269
0.0218319 0 0 0 0.295124
0.0219278 0 0 0 0.299029
0.0220241 0 0 0 0.302986
0.0221208 0 0 0 0.306995
0.0222179 0 0 0 0.311058
0.0223155 0 0 0 0.315174
0.0224135 0 0 0 0.319345
0.0225119 0 0 0 0.32357
0.0226108 0 0 0 0.327852
0.0227101 0 0 0 0.332191
0.0228098 0 0 0 0.336586
0.02291 0 0 0 0.34104
0.0230106 0 0 0 0.345553
0.0231117 0 0 0 0.350126
0.0232132 0 0 0 0.354759
0.0233151 0 0 0 0.359454
0.0234175 0 0 0 0.36421
0.0235204 0 0 0 0.36903
0.0236236 0 0 0 0.373913
0.0237274 0 0 0 0.378861
0.0238316 0 0 0 0.383875
0.0239363 0 0 0 0.388954
0.0240414 0 0 0 0.394101
0.024147 0 0 0 0.399316
0.024253 0 0 0 0.4046
0.0243595 0 0 0 0.409954
0.0244665 0 0 0 0.415379
0.0245739 0 0 0 0.420876
0.0246819 0 0 0 0.426445
0.0247903 0 0 0 0.432089
0.0248991 0 0 0 0.437806
0.0250085 0 0 0 0.4436
0.0251183 0 0 0 0.44947
0.0252286 0 0 0 0.455418
0.0253394 0 0 0 0.461444
0.0254507 0 0 0 0.46755
0.0255625 0 0 0 0.473737
0.0256747 0 0 0 0.480006
0.0257875 0 0 0 0.486358
0.0259007 0 0 0 0.492794
0.0260145 0 0 0 0.499315
0.0261287 0 0 0 0.505922
0.0262435 0 0 0 0.512617
0.0263587 0 0 0 0.519401
0.0264745 0 0 0 0.526274
0.0265907 0 0 0 0.533238
0.0267075 0 0 0 0.540294
0.0268248 0 0 0 0.547444
0.0269426 0 0 0 0.554688
0.0270609 0 0 0 0.562028
0.0271798 0 0 0 0.569465
0.0272991 0 0 0 0.577001
0.027419 0 0 0 0.584637
0.0275394 0 0 0 0.592373
0.0276604 0 0 0 0.600212
0.0277819 0 0 0 0.608154
0.0279039 0 0 0 0.616202
0.0280264 0 0 0 0.624356
0.0281495 0 0 0 0.632618
0.0282731 0 0 0 0.640989
0.0283973 0 0 0 0.649472
0.028522 0 0 0 0.658066
0.0286472 0 0 0 0.666774
0.0287731 0 0 0 0.675597
0.0288994 0 0 0 0.684537
0.0290263 0 0 0 0.693596
0.0291538 0 0 0 0.702774
0.0292818 0 0 0 0.712074
0.0294104 0 0 0 0.721497
0.0295396 0 0 0 0.731044
0.0296693 0 0 0 0.740718
0.0297996 0 0 0 0.75052
0.0299305 0 0 0 0.760451
0.0300619 0 0 0 0.770514
0.030194 0 0 0 0.78071
0.0303266 507.372 8.51144e-07 12 0.791041
0.0304597 0 0 0 0.801509
0.0305935 0 0 0 0.812115
0.0307279 0 0 0 0.822862
0.0308628 0 0 0 0.833751
0.0309983 0 0 0 0.844784
0.0311345 0 0 0 0.855963
0.0312712 0 0 0 0.867289
0.0314085 0 0 0 0.878766
0.0315465 0 0 0 0.890395
0.031685 0 0 0 0.902177
0.0318242 0 0 0 0.914116
0.0319639 0 0 0 0.926212
0.0321043 0 0 0 0.938468
0.0322453 0 0 0 0.950887
0.0323869 0 0 0 0.96347
0.0325291 0 0 0 0.976219
0.032672 0 0 0 0.989138
0.0328155 0 0 0 1.00223
0.0329596 0 0 0 1.01549
0.0331043 0 0 0 1.02893
0.0332497 0 0 0 1.04254
0.0333957 0 0 0 1.05634
0.0335424 0 0 0 1.07032
0.0336897 0 0 0 1.08448
0.0338377 0 0 0 1.09883
0.0339863 0 0 0 1.11337
0.0341355 0 0 0 1.1281
0.0342854 0 0 0 1.14303
0.034436 0 0 0 1.15816
0.0345872 0 0 0 1.17348
0.0347391 0 0 0 1.18901
0.0348917 0 0 0 1.20475
0.0350449 0 0 0 1.22069
0.0351988 0 0 0 1.23684
0.0353534 0 0 0 1.25321
0.0355087 0 0 0 1.26979
0.0356646 0 0 0 1.2866
0.0358212 0 0 0 1.30362
0.0359785 0 0 0 1.32087
0.0361366 0 0 0 1.33835
0.0362952 0 0 0 1.35606
0.0364546 0 0 0 1.37401
0.0366147 0 0 0 1.39219
0.0367755 0 0 0 1.41061
0.036937 0 0 0 1.42928
0.0370993 705.684 6.46637e-07 8 1.44819
0.0372622 0 0 0 1.46735
0.0374258 0 0 0 1.48677
0.0375902 0 0 0 1.50645
0.0377553 0 0 0 1.52638
0.0379211 0 0 0 1.54658
0.0380876 0 0 0 1.56704
0.0382549 0 0 0 1.58778
0.0384229 0 0 0 1.60879
0.0385916 0 0 0 1.63008
0.0387611 0 0 0 1.65165
0.0389313 0 0 0 1.67351
0.0391023 0 0 0 1.69565
0.039274 0 0 0 1.71809
0.0394465 0 0 0 1.74083
0.0396197 0 0 0 1.76386
0.0397937 0 0 0 1.7872
0.0399685 0 0 0 1.81085
0.040144 0 0 0 1.83482
0.0403203 0 0 0 1.8591
0.0404974 0 0 0 1.8837
0.0406752 0 0 0 1.90862
0.0408539 0 0 0 1.93388
0.0410333 0 0 0 1.95947
0.0412135 0 0 0 1.9854
0.0413945 0 0 0 2.01167
0.0415763 0 0 0 2.03829
0.0417589 0 0 0 2.06527
0.0419423 0 0 0 2.09259
0.0421264 0 0 0 2.12029
0.0423115 0 0 0 2.14834
0.0424973 0 0 0 2.17677
0.0426839 0 0 0 2.20558
0.0428714 1185.75 7.04105e-07 6 2.23476
0.0430596 0 0 0 2.26434
0.0432487 0 0 0 2.2943
0.0434387 0 0 0 2.32466
0.0436294 0 0 0 2.35542
0.043821 0 0 0 2.38659
0.0440135 0 0 0 2.41817
0.0442068 0 0 0 2.45017
0.0444009 0 0 0 2.48259
0.0445959 0 0 0 2.51545
0.0447918 0 0 0 2.54873
0.0449885 0 0 0 2.58246
0.045186 0 0 0 2.61663
0.0453845 0 0 0 2.65126
0.0455838 0 0 0 2.68634
0.045784 0 0 0 2.72189
0.045985 0 0 0 2.75791
0.046187 0 0 0 2.7944
0.0463898 0 0 0 2.83138
0.0465936 0 0 0 2.86885
0.0467982 0 0 0 2.90681
0.0470037 0 0 0 2.94528
0.0472101 0 0 0 2.98425
0.0474175 0 0 0 3.02374
0.0476257 0 0 0 3.06375
0.0478349 0 0 0 3.1043
0.0480449 1510.05 6.37079e-07 24 3.14538
0.0482559 0 0 0 3.187
0.0484678 0 0 0 3.22917
0.0486807 0 0 0 3.2719
0.0488945 0 0 0 3.3152
0.0491092 0 0 0 3.35907
0.0493249 0 0 0 3.40352
0.0495415 0 0 0 3.44856
0.0497591 0 0 0 3.49419
0.0499776 0 0 0 3.54043
0.0501971 0 0 0 3.58728
0.0504175 0 0 0 3.63475
0.0506389 0 0 0 3.68285
0.0508613 0 0 0 3.73158
0.0510847 0 0 0 3.78096
0.051309 0 0 0 3.83099
0.0515344 0 0 0 3.88169
0.0517607 0 0 0 3.93306
0.051988 0 0 0 3.9851
0.0522163 0 0 0 4.03784
0.0524456 1483.88 4.81302e-07 24 4.09127
0.052676 0 0 0 4.14541
0.0529073 0 0 0 4.20026
0.0531396 0 0 0 4.25584
0.053373 0 0 0 4.31216
0.0536074 0 0 0 4.36922
0.0538428 0 0 0 4.42704
0.0540793 0 0 0 4.48562
0.0543168 0 0 0 4.54498
0.0545553 0 0 0 4.60512
0.0547949 0 0 0 4.66606
0.0550356 0 0 0 4.72781
0.0552772 0 0 0 4.79037
0.05552 0 0 0 4.85376
0.0557638 0 0 0 4.91799
0.0560087 0 0 0 4.98307
0.0562547 0 0 0 5.04901
0.0565017 0 0 0 5.11582
0.0567499 0 0 0 5.18352
0.0569991 0 0 0 5.25211
0.0572494 0 0 0 5.32161
0.0575008 0 0 0 5.39203
0.0577534 0 0 0 5.46339
0.058007 0 0 0 5.53568
0.0582617 0 0 0 5.60893
0.0585176 0 0 0 5.68316
0.0587746 0 0 0 5.75836
0.0590327 0 0 0 5.83456
0.059292 0 0 0 5.91177
0.0595524 0 0 0 5.99
0.0598139 0 0 0 6.06926
0.0600766 0 0 0 6.14958
0.0603404 0 0 0 6.23095
0.0606054 2669.55 5.61114e-07 12 6.31341
0.0608716 0 0 0 6.39695
0.0611389 0 0 0 6.4816
0.0614074 0 0 0 6.56737
0.0616771 0 0 0 6.65428
0.0619479 0 0 0 6.74233
0.06222 0 0 0 6.83155
0.0624932 0 0 0 6.92195
0.0627677 0 0 0 7.01355
0.0630433 0 0 0 7.10636
0.0633202 0 0 0 7.2004
0.0635983 0 0 0 7.29568
0.0638776 0 0 0 7.39222
0.0641581 0 0 0 7.49004
0.0644399 1517.22 2.65297e-07 30 7.58916
0.0647229 0 0 0 7.68958
0.0650071 0 0 0 7.79134
0.0652926 0 0 0 7.89444
0.0655793 0 0 0 7.99891
0.0658673 0 0 0 8.10476
0.0661566 0 0 0 8.212
0.0664471 0 0 0 8.32067
0.0667389 0 0 0 8.43078
0.067032 0 0 0 8.54234
0.0673264 0 0 0 8.65538
0.0676221 0 0 0 8.76992
0.0679191 2066.19 3.08562e-07 24 8.88597
0.0682173 0 0 0 9.00356
0.0685169 0 0 0 9.1227
0.0688178 0 0 0 9.24342
0.06912 0 0 0 9.36574
0.0694236 0 0 0 9.48967
0.0697285 0 0 0 9.61525
0.0700347 0 0 0 9.74248
0.0703423 0 0 0 9.87141
0.0706512 0 0 0 10.002
0.0709615 0 0 0 10.1344
0.0712731 1812.45 2.34227e-07 24 10.2685
0.0715861 0 0 0 10.4044
0.0719005 0 0 0 10.5421
0.0722162 0 0 0 10.6816
0.0725334 0 0 0 10.8229
0.0728519 0 0 0 10.9661
0.0731719 0 0 0 11.1112
0.0734932 0 0 0 11.2583
0.073816 0 0 0 11.4072
0.0741401 2044.27 2.34706e-07 8 11.5582
0.0744657 0 0 0 11.7111
0.0747928 0 0 0 11.8661
0.0751212 0 0 0 12.0231
0.0754511 0 0 0 12.1822
0.0757825 0 0 0 12.3435
0.0761153 0 0 0 12.5068
0.0764496 0 0 0 12.6723
0.0767853 0 0 0 12.84
0.0771225 0 0 0 13.0099
0.0774612 1383.27 1.39252e-07 24 13.182
0.0778014 0 0 0 13.3565
0.0781431 0 0 0 13.5332
0.0784863 0 0 0 13.7123
0.0788309 0 0 0 13.8938
0.0791771 0 0 0 14.0776
0.0795249 0 0 0 14.2639
0.0798741 0 0 0 14.4527
0.0802249 2641.1 2.39333e-07 48 14.6439
0.0805772 0 0 0 14.8377
0.0809311 0 0 0 15.034
0.0812865 0 0 0 15.233
0.0816435 0 0 0 15.4346
0.082002 0 0 0 15.6388
0.0823621 0 0 0 15.8457
0.0827238 0 0 0 16.0554
0.0830871 0 0 0 16.2679
0.083452 0 0 0 16.4832
0.0838185 0 0 0 16.7013
0.0841866 0 0 0 16.9223
0.0845563 0 0 0 17.1462
0.0849277 0 0 0 17.3731
0.0853006 0 0 0 17.603
0.0856753 1647.89 1.22605e-07 6 17.8359
0.0860515 0 0 0 18.072
0.0864294 0 0 0 18.3111
0.086809 0 0 0 18.5534
0.0871902 0 0 0 18.7989
0.0875731 0 0 0 19.0477
0.0879577 0 0 0 19.2998
0.088344 2086.3 1.41577e-07 48 19.5551
0.088732 0 0 0 19.8139
0.0891217 0 0 0 20.0761
0.089513 0 0 0 20.3418
0.0899062 0 0 0 20.611
0.090301 0 0 0 20.8837
0.0906976 0 0 0 21.16
0.0910959 2207.14 1.36609e-07 36 21.4401
0.0914959 0 0 0 21.7238
0.0918977 0 0 0 22.0112
0.0923013 0 0 0 22.3025
0.0927067 0 0 0 22.5976
0.0931138 0 0 0 22.8967
0.0935227 3136.55 1.7941e-07 24 23.1997
0.0939335 0 0 0 23.5067
0.094346 0 0 0 23.8177
0.0947603 0 0 0 24.1329
0.0951765 0 0 0 24.4522
0.0955944 0 0 0 24.7758
0.0960143 1714.1 9.06099e-08 24 25.1037
0.0964359 0 0 0 25.4359
0.0968594 0 0 0 25.7724
0.0972848 0 0 0 26.1135
0.097712 0 0 0 26.459
0.0981412 1845.05 9.13271e-08 48 26.8092
0.0985722 0 0 0 27.1639
0.0990051 0 0 0 27.5234
0.0994399 0 0 0 27.8876
0.0998766 0 0 0 28.2566
0.100315 0 0 0 28.6306
0.100756 1840.13 8.41755e-08 24 29.0094
0.101198 0 0 0 29.3933
0.101643 0 0 0 29.7823
0.102089 0 0 0 30.1764
0.102537 0 0 0 30.5757
0.102988 0 0 0 30.9803
0.10344 0 0 0 31.3902
0.103894 0 0 0 31.8056
0.10435 0 0 0 32.2265
0.104809 0 0 0 32.653
0.105269 1176.59 4.7192e-08 24 33.0851
0.105731 0 0 0 33.5229
0.106196 0 0 0 33.9665
0.106662 0 0 0 34.4159
0.10713 1564.88 5.9551e-08 30 34.8714
0.107601 0 0 0 35.3328
0.108073 0 0 0 35.8004
0.108548 0 0 0 36.2741
0.109025 0 0 0 36.7541
0.109504 2225.73 7.93109e-08 72 37.2405
0.109985 0 0 0 37.7333
0.110468 0 0 0 38.2326
0.110953 0 0 0 38.7385
0.11144 1841.08 6.22437e-08 32 39.2511
0.111929 0 0 0 39.7706
0.112421 0 0 0 40.2968
0.112915 0 0 0 40.8301
0.11341 0 0 0 41.3704
0.113909 0 0 0 41.9178
0.114409 0 0 0 42.4725
0.114911 0 0 0 43.0345
0.115416 2388.34 7.2685e-08 72 43.604
0.115923 0 0 0 44.181
0.116432 0 0 0 44.7657
0.116943 0 0 0 45.358
0.117457 1846.39 5.33134e-08 48 45.9583
0.117973 0 0 0 46.5664
0.118491 0 0 0 47.1826
0.119011 0 0 0 47.807
0.119534 0 0 0 48.4396
0.120059 0 0 0 49.0806
0.120586 0 0 0 49.7301
0.121115 2630.37 6.9273e-08 12 50.3882
0.121647 0 0 0 51.0549
0.122182 0 0 0 51.7305
0.122718 0 0 0 52.4151
0.123257 1932.45 4.82858e-08 48 53.1087
0.123798 0 0 0 53.8115
0.124342 0 0 0 54.5235
0.124888 2615.43 6.28239e-08 48 55.245
0.125437 0 0 0 55.9761
0.125987 0 0 0 56.7168
0.126541 0 0 0 57.4673
0.127096 3085.18 7.03115e-08 48 58.2278
0.127655 0 0 0 58.9983
0.128215 0 0 0 59.779
0.128778 2217.96 4.85928e-08 30 60.5701
0.129344 0 0 0 61.3716
0.129912 0 0 0 62.1837
0.130482 3889.63 8.19216e-08 24 63.0066
0.131055 0 0 0 63.8404
0.131631 0 0 0 64.6851
0.132209 3023.22 6.12113e-08 72 65.5411
0.13279 0 0 0 66.4084
0.133373 0 0 0 67.2872
0.133959 0 0 0 68.1776
0.134547 0 0 0 69.0798
0.135138 0 0 0 69.9939
0.135731 2526.22 4.72691e-08 24 70.9201
0.136327 0 0 0 71.8586
0.136926 0 0 0 72.8095
0.137527 2264.15 4.07271e-08 96 73.773
0.138131 0 0 0 74.7492
0.138738 2517.32 4.41061e-08 48 75.7383
0.139347 0 0 0 76.7406
0.139959 0 0 0 77.7561
0.140574 2354.23 3.96534e-08 24 78.785
0.141191 0 0 0 79.8276
0.141811 0 0 0 80.8839
0.142434 2712.11 4.39148e-08 24 81.9542
0.14306 0 0 0 83.0387
0.143688 3470.62 5.47385e-08 72 84.1376
0.144319 0 0 0 85.251
0.144953 0 0 0 86.3791
0.145589 2274.88 3.44919e-08 48 87.5221
0.146229 0 0 0 88.6803
0.146871 0 0 0 89.8538
0.147516 0 0 0 91.0428
0.148164 0 0 0 92.2476
0.148814 4867.86 6.91114e-08 8 93.4683
0.149468 0 0 0 94.7051
0.150124 3478.72 4.81075e-08 54 95.9583
0.150784 0 0 0 97.2281
0.151446 2420.22 3.26009e-08 84 98.5147
0.152111 0 0 0 99.8184
0.152779 0 0 0 101.139
0.15345 2302.49 2.98157e-08 48 102.478
0.154124 0 0 0 103.834
0.154801 1882.45 2.37438e-08 24 105.208
0.15548 0 0 0 106.6
0.156163 2980.35 3.66166e-08 72 108.011
0.156849 0 0 0 109.44
0.157538 3386.26 4.0524e-08 96 110.888
0.15823 0 0 0 112.355
0.158925 0 0 0 113.842
0.159623 0 0 0 115.349
0.160324 3651.67 4.14615e-08 48 116.875
0.161028 0 0 0 118.422
0.161735 2141.73 2.36864e-08 48 119.989
0.162445 0 0 0 121.576
0.163158 3001.82 3.23372e-08 24 123.185
0.163875 0 0 0 124.815
0.164595 3799.55 3.98685e-08 72 126.467
0.165318 0 0 0 128.141
0.166044 0 0 0 129.836
0.166773 0 0 0 131.554
0.167505 2756.8 2.74452e-08 72 133.295
0.168241 0 0 0 135.059
0.16898 2297.68 2.22808e-08 96 136.846
0.169722 0 0 0 138.657
0.170467 0 0 0 140.492
0.171216 6393.46 5.96006e-08 6 142.351
0.171968 0 0 0 144.235
0.172723 3124.62 2.83723e-08 96 146.143
0.173481 0 0 0 148.077
0.174243 3418.3 3.02335e-08 96 150.037
0.175008 0 0 0 152.022
0.175777 2653.27 2.28581e-08 24 154.034
0.176549 3147.1 2.67584e-08 48 156.072
0.177324 0 0 0 158.138
0.178103 3310.52 2.74175e-08 96 160.23
0.178885 0 0 0 162.35
0.179671 4018.29 3.24156e-08 48 164.499
0.18046 0 0 0 166.676
0.181252 0 0 0 168.881
0.182048 3377.02 2.6189e-08 36 171.116
0.182848 3938.14 3.01417e-08 48 173.38
0.183651 0 0 0 175.675
0.184457 3055.42 2.27787e-08 120 177.999
0.185268 0 0 0 180.355
0.186081 2887.97 2.09716e-08 56 182.741
0.186898 3323.48 2.38189e-08 24 185.16
0.187719 0 0 0 187.61
0.188544 2731.03 1.9065e-08 96 190.092
0.189372 3187.7 2.19623e-08 48 192.608
0.190203 0 0 0 195.157
0.191038 0 0 0 197.739
0.191877 2760.23 1.82818e-08 24 200.356
0.19272 3359.41 2.19598e-08 102 203.007
0.193566 0 0 0 205.693
0.194417 3208.61 2.04298e-08 48 208.415
0.19527 2867.77 1.80211e-08 72 211.173
0.196128 0 0 0 213.968
0.196989 2424.2 1.48384e-08 48 216.799
0.197854 3019.34 1.82398e-08 48 219.668
0.198723 2966.41 1.7686e-08 120 222.575
0.199596 0 0 0 225.52
0.200473 0 0 0 228.504
0.201353 4332.85 2.48339e-08 24 231.528
0.202237 3003.5 1.69899e-08 144 234.592
0.203125 2735.64 1.52726e-08 120 237.696
0.204017 0 0 0 240.842
0.204913 3931.16 2.13774e-08 48 244.029
0.205813 0 0 0 247.258
0.206717 3466.84 1.83633e-08 48 250.53
0.207625 3683.46 1.92558e-08 96 253.845
0.208537 0 0 0 257.204
0.209453 0 0 0 260.608
0.210372 2911.44 1.46314e-08 24 264.056
0.211296 3554.47 1.76297e-08 48 267.55
0.212224 3447.9 1.68778e-08 108 271.091
0.213156 4790.59 2.31441e-08 72 274.678
0.214092 3221.58 1.53607e-08 30 278.313
0.215033 0 0 0 281.996
0.215977 3328.17 1.54572e-08 168 285.728
0.216925 3451.56 1.58209e-08 48 289.509
0.217878 0 0 0 293.34
0.218835 4110.23 1.83511e-08 72 297.221
0.219796 2701.99 1.19061e-08 96 301.154
0.220761 2593.62 1.12793e-08 72 305.14
0.221731 3596.21 1.54353e-08 72 309.177
0.222705 2177.74 9.22495e-09 32 313.269
0.223683 2895.47 1.21051e-08 72 317.414
0.224665 3299.28 1.36132e-08 144 321.614
0.225652 0 0 0 325.87
0.226643 0 0 0 330.183
0.227638 3716.53 1.47418e-08 96 334.552
0.228638 4931.11 1.9304e-08 96 338.979
0.229642 3770.59 1.45681e-08 48 343.465
0.23065 2988.36 1.13951e-08 72 348.01
0.231663 3930.24 1.47909e-08 120 352.615
0.23268 4036.03 1.49907e-08 72 357.281
0.233702 0 0 0 362.009
0.234729 3591.78 1.29944e-08 48 366.799
0.23576 3141.75 1.12179e-08 78 371.653
0.236795 4068.48 1.43371e-08 120 376.571
0.237835 3200.99 1.11328e-08 48 381.554
0.238879 0 0 0 386.603
0.239928 3538.61 1.19876e-08 144 391.719
0.240982 3682.27 1.23114e-08 144 396.903
0.24204 0 0 0 402.155
0.243103 3907.13 1.27242e-08 156 407.476
0.244171 3862.11 1.24133e-08 48 412.868
0.245243 4002.39 1.26962e-08 120 418.332
0.24632 6019.42 1.88452e-08 48 423.868
0.247402 4285.22 1.32407e-08 48 429.477
0.248488 4145.42 1.26414e-08 168 435.16
0.24958 3191.65 9.6058e-09 48 440.918
0.250676 3253.35 9.66359e-09 96 446.753
0.251777 3139.53 9.20374e-09 96 452.665
0.252882 2714.68 7.85432e-09 72 458.655
0.253993 3340.27 9.5381e-09 48 464.724
0.255108 3659.79 1.0314e-08 144 470.874
0.256229 0 0 0 477.105
0.257354 3937.14 1.08077e-08 30 483.418
0.258484 4598.5 1.24583e-08 96 489.815
0.259619 4157.56 1.11166e-08 248 496.297
0.26076 3721.82 9.82155e-09 24 502.864
0.261905 4015.73 1.04588e-08 168 509.519
0.263055 3815.09 9.80645e-09 120 516.261
0.26421 4080 1.03504e-08 72 523.093
0.26537 4470.89 1.11939e-08 144 530.015
0.266536 3192.11 7.88782e-09 192 537.028
0.267706 0 0 0 544.135
0.268882 4350.78 1.0472e-08 72 551.335
0.270063 3917.51 9.30595e-09 96 558.631
0.271249 4432.32 1.03914e-08 24 566.023
0.27244 3817.33 8.83268e-09 300 573.513
0.273637 5075.87 1.15913e-08 24 581.102
0.274838 3532.22 7.96089e-09 96 588.792
0.276045 4182.99 9.30447e-09 216 596.583
0.277258 0 0 0 604.478
0.278475 4405.22 9.54452e-09 126 612.477
0.279698 3913.66 8.36874e-09 144 620.582
0.280927 4722.31 9.96602e-09 144 628.794
0.28216 4189.32 8.72572e-09 168 637.115
0.283399 4246.54 8.72939e-09 144 645.545
0.284644 3290.21 6.67519e-09 24 654.088
0.285894 4663.81 9.33837e-09 144 662.743
0.28715 4384.15 8.66377e-09 192 671.513
0.288411 3517.05 6.85946e-09 120 680.399
0.289677 4384.01 8.43868e-09 144 689.403
0.290949 5049.08 9.59192e-09 48 698.526
0.292227 4533.09 8.4992e-09 336 707.769
0.293511 5044.18 9.33395e-09 48 717.135
0.2948 4252.66 7.76652e-09 192 726.625
0.296094 3440.91 6.20197e-09 48 736.24
0.297395 5760.3 1.02469e-08 56 745.983
0.298701 4088.92 7.17871e-09 240 755.854
0.300012 4507.09 7.80954e-09 150 765.856
0.30133 4366.2 7.4666e-09 240 775.991
0.302653 4355.6 7.3512e-09 84 786.259
0.303982 3962.82 6.60092e-09 144 796.664
0.305317 5324.11 8.75262e-09 168 807.206
0.306658 3123.87 5.06845e-09 144 817.888
0.308005 4388.75 7.02772e-09 240 828.711
0.309358 5487.37 8.67218e-09 24 839.677
0.310716 4465.49 6.96504e-09 336 850.788
0.312081 4081.51 6.28299e-09 144 862.047
0.313451 4504.16 6.84305e-09 168 873.454
0.314828 4415.67 6.621e-09 96 885.012
0.31621 4374.54 6.47366e-09 216 896.724
0.317599 4042.19 5.90371e-09 96 908.59
0.318994 5269.38 7.59553e-09 336 920.613
0.320395 4878.26 6.93992e-09 48 932.795
0.321802 4425.15 6.21309e-09 246 945.139
0.323215 4485.97 6.21623e-09 168 957.646
0.324635 4716.92 6.4509e-09 360 970.318
0.32606 7009.18 9.46062e-09 24 983.158
0.327492 5293.32 7.05133e-09 360 996.168
0.32893 4574.08 6.01364e-09 120 1009.35
0.330375 3579.7 4.64485e-09 240 1022.71
0.331826 0 0 0 1036.24
0.333283 5082.25 6.42336e-09 276 1049.95
0.334747 4182.02 5.21654e-09 176 1063.85
0.336217 5351.43 6.58806e-09 312 1077.92
0.337693 4832.31 5.87129e-09 240 1092.19
0.339176 5244.64 6.28904e-09 312 1106.64
0.340666 3818.78 4.51944e-09 48 1121.29
0.342162 4425.61 5.1692e-09 192 1136.12
0.343665 5229.33 6.0282e-09 198 1151.16
0.345174 4785.21 5.44419e-09 288 1166.39
0.34669 4530.89 5.08752e-09 288 1181.83
0.348212 4803.03 5.32266e-09 96 1197.46
0.349742 4815.56 5.26685e-09 384 1213.31
0.351278 5329.99 5.75335e-09 288 1229.37
0.35282 4086.98 4.35399e-09 192 1245.63
0.35437 4736.25 4.97979e-09 288 1262.12
0.355926 5403.85 5.60751e-09 216 1278.82
0.357489 4173.31 4.27404e-09 240 1295.74
0.359059 4595.78 4.64523e-09 288 1312.89
0.360636 4743.32 4.73174e-09 168 1330.26
0.36222 3873.35 3.81344e-09 336 1347.86
0.36381 4883.02 4.7447e-09 138 1365.7
0.365408 4649.17 4.45848e-09 336 1383.77
0.367013 4986.8 4.7198e-09 432 1402.08
0.368625 4523.17 4.22509e-09 120 1420.64
0.370244 4466.31 4.11748e-09 456 1439.44
0.37187 5186.07 4.7186e-09 152 1458.48
0.373503 5976.36 5.36663e-09 168 1477.78
0.375143 4922.86 4.36288e-09 504 1497.34
0.37679 5588.98 4.88854e-09 336 1517.15
0.378445 5723.37 4.94071e-09 48 1537.23
0.380107 5154.89 4.39184e-09 552 1557.57
0.381776 5067.45 4.26097e-09 264 1578.18
0.383453 4893.65 4.06109e-09 264 1599.07
0.385137 5929.81 4.8567e-09 192 1620.23
0.386828 4965.17 4.01351e-09 534 1641.67
0.388527 4992.33 3.98277e-09 336 1663.39
0.390234 6027.63 4.74591e-09 240 1685.4
0.391947 5000.5 3.88576e-09 264 1707.7
0.393669 4560.73 3.49775e-09 324 1730.3
0.395397 4704.59 3.56095e-09 528 1753.2
0.397134 5708.97 4.26475e-09 336 1776.4
0.398878 5153.48 3.7995e-09 336 1799.91
0.40063 5391.06 3.92275e-09 408 1823.72
0.402389 6378.83 4.58088e-09 216 1847.86
0.404156 5091.79 3.60885e-09 432 1872.31
0.405931 5441.83 3.80657e-09 168 1897.09
0.407714 5032.01 3.47393e-09 462 1922.19
0.409504 5827.82 3.97079e-09 536 1947.63
0.411303 5639.37 3.7922e-09 288 1973.4
0.413109 5638.21 3.74191e-09 384 1999.51
0.414923 5323.65 3.487e-09 456 2025.97
0.416745 5312.98 3.43456e-09 552 2052.78
0.418576 5536.12 3.53207e-09 336 2079.95
0.420414 4088.76 2.57458e-09 120 2107.47
0.42226 5519.46 3.43006e-09 672 2135.36
0.424115 6434.25 3.94634e-09 300 2163.61
0.425977 5903.6 3.57358e-09 528 2192.24
0.427848 6358.4 3.79862e-09 312 2221.25
0.429727 5542.04 3.26767e-09 510 2250.65
0.431614 5834.74 3.39532e-09 576 2280.43
0.43351 6718.5 3.85853e-09 432 2310.61
0.435413 6390.46 3.6222e-09 384 2341.18
0.437326 5781.58 3.23428e-09 456 2372.16
0.439246 6647.46 3.6701e-09 528 2403.55
0.441175 6492.83 3.53791e-09 528 2435.36
0.443113 6311.3 3.39408e-09 408 2467.59
0.445059 6061.59 3.21722e-09 368 2500.24
0.447013 6162.9 3.22827e-09 600 2533.32
0.448976 6109.59 3.15855e-09 480 2566.85
0.450948 5743.93 2.93073e-09 486 2600.81
0.452928 6108.17 3.07587e-09 480 2635.23
0.454918 6710.11 3.33486e-09 636 2670.1
0.456915 6481.78 3.17931e-09 408 2705.44
0.458922 6903.87 3.34212e-09 696 2741.24
0.460937 6925.45 3.30878e-09 504 2777.51
0.462962 6194.91 2.9211e-09 648 2814.27
0.464995 6235.2 2.9017e-09 504 2851.51
0.467037 6285.6 2.88695e-09 504 2889.24
0.469088 7092 3.21478e-09 360 2927.47
0.471148 6823.8 3.05281e-09 606 2966.21
0.473217 6962.25 3.07407e-09 672 3005.46
0.475295 7055.27 3.07446e-09 816 3045.23
0.477383 7400.74 3.18289e-09 624 3085.53
0.479479 7163.11 3.04045e-09 672 3126.36
0.481585 7281.79 3.05046e-09 576 3167.73
0.4837 6571.14 2.71681e-09 656 3209.65
0.485824 6769.43 2.76224e-09 540 3252.12
0.487958 8488.18 3.41833e-09 480 3295.16
0.490101 7388.9 2.93677e-09 792 3338.76
0.492253 8318.5 3.26307e-09 582 3382.94
0.494415 7748.9 2.99993e-09 744 3427.71
0.496586 8097.45 3.09393e-09 672 3473.07
0.498767 7736.02 2.91723e-09 624 3519.03
0.500957 7672.8 2.8556e-09 888 3565.59
0.503157 7412.89 2.72284e-09 624 3612.78
0.505367 7429.7 2.69337e-09 744 3660.58
0.507586 8143.68 2.91364e-09 624 3709.02
0.509816 8204.32 2.89701e-09 816 3758.11
0.512054 8173.8 2.84854e-09 744 3807.84
0.514303 7312.8 2.5152e-09 510 3858.22
0.516562 8449.21 2.86811e-09 1020 3909.28
0.51883 8259.04 2.76694e-09 864 3961.01
0.521109 9129.45 3.0186e-09 512 4013.43
0.523397 8397.76 2.74041e-09 1176 4066.54
0.525696 9422.07 3.03451e-09 768 4120.35
0.528005 9127.4 2.90121e-09 528 4174.87
0.530323 9370.12 2.93947e-09 1248 4230.12
0.532652 8882 2.74995e-09 504 4286.09
0.534992 8784.88 2.68436e-09 624 4342.81
